index,sid,text,normalized_text,polarity,file
11380,-,) جاي قرار گرفتن فلاشه که اولين عکسي که ميخواي بگيري فلاش باز ميشه و مياد بالا که بايد حواست باشه به انگشت اشاره دست چپت برخورد نکنه.,) جای قرار گرفتن فلاشه که اولین عکسی که میخوای بگیری فلاش باز میشه و میاد بالا که باید حواست باشه به انگشت اشاره دست چپت برخورد نکنه.,-1,data/extra/Sony Cyber-Shot DSC-HX10V.xml
4,gr-1-5,) جاي قرار گرفتن فلاشه که اولين عکسي که ميخواي بگيري فلاش باز ميشه و مياد بالا که بايد حواست باشه به انگشت اشاره دست چپت برخورد نکنه.,) جای قرار گرفتن فلاشه که اولین عکسی که میخوای بگیری فلاش باز میشه و میاد بالا که باید حواست باشه به انگشت اشاره دست چپت برخورد نکنه.,0,data/main/Sony Cyber-Shot DSC-HX10V.xml
11548,-,N43SM در کانفیگ‌هایی با ظرفیت‌ها‌ی هارد دیسک مختلف نیز ساخته شده است و از حافظه‌ها‌ی SSD نیز پشتیبانی می‌کند.,N43SM در کانفیگ هایی با ظرفیت ها ی هارد دیسک مختلف نیز ساخته شده است و از حافظه ها ی SSD نیز پشتیبانی می کند.,0,data/extra/Asus N43SM-C_Hosseini.xml
21,rev-22,N43SM در کانفیگ‌هایی با ظرفیت‌ها‌ی هارد دیسک مختلف نیز ساخته شده است و از حافظه‌ها‌ی SSD نیز پشتیبانی می‌کند.,N43SM در کانفیگ هایی با ظرفیت ها ی هارد دیسک مختلف نیز ساخته شده است و از حافظه ها ی SSD نیز پشتیبانی می کند.,1,data/main/Asus N43SM-C.xml
1,gr-1-2,"one x plus تنها گوشي بود که منو مجذوب خودش کرد:و اما دليلش:
1.",one x plus تنها گوشی بود که منو مجذوب خودش کرد:و اما دلیلش: 1.,1,data/main/HTC One X Plus - 64GB.xml
3677,-,one x plus تنها گوشي بود که منو مجذوب خودش کرد:و اما دليلش: 1.,one x plus تنها گوشی بود که منو مجذوب خودش کرد:و اما دلیلش: 1.,2,data/extra/HTC One X Plus - 64GB.xml
11319,-,آهنگ و از همه مهم تر استفاده از فلش کار رو خيلي راحت و دستگاه رو خيلي ساده کرده به همه دوستان توصيه مي کنم,آهنگ و از همه مهم تر استفاده از فلش کار رو خیلی راحت و دستگاه رو خیلی ساده کرده به همه دوستان توصیه می کنم,1,data/extra/Samsung Galaxy Tab 2 10.1 P5100 - 16GB.xml
5,gr-9-6,"آهنگ و از همه مهم تر استفاده از فلش کار رو خيلي راحت و دستگاه رو خيلي ساده کرده
به همه دوستان توصيه مي کنم 
",آهنگ و از همه مهم تر استفاده از فلش کار رو خیلی راحت و دستگاه رو خیلی ساده کرده به همه دوستان توصیه می کنم,2,data/main/Samsung Galaxy Tab 2 10.1 P5100 - 16GB.xml
1264,-,آیفون 5 در رده دوم ایستاد و آیفون 4S نیز سوم شد،  هر سه از اپل !,آیفون 5 در رده دوم ایستاد و آیفون 4S نیز سوم شد، هر سه از اپل !,0,data/extra/Apple iPhone 5 - 16GB_Hosseini.xml
66,rev-67,آیفون 5 در رده دوم ایستاد و آیفون 4S نیز سوم شد،  هر سه از اپل !,آیفون 5 در رده دوم ایستاد و آیفون 4S نیز سوم شد، هر سه از اپل !,0,data/main/Apple iPhone 5 - 16GB.xml
6791,-,آیفون 5 در رده دوم ایستاد و آیفون 4S نیز سوم شد، هر سه از اپل !,آیفون 5 در رده دوم ایستاد و آیفون 4S نیز سوم شد، هر سه از اپل !,1,data/extra/Apple iPhone 5 - 64GB.xml
0,gr-5-1,آينده از آن سامسونگه!,آینده از آن سامسونگه!,0,data/main/Samsung LED 55ES8880.xml
8968,-,آينده از آن سامسونگه!,آینده از آن سامسونگه!,2,data/extra/Samsung LED 55ES8880.xml
0,gr-21-1,احتمالا سامسونگ علاقه زيادي داره که زير مجموعه اپل بشه اين از پشت و بقل دقيقا ميشه همون آي پد واقعا بايد به طراح اين دستگاه جايزه نوبل داد!,احتمالا سامسونگ علاقه زیادی داره که زیر مجموعه اپل بشه این از پشت و بقل دقیقا میشه همون آی پد واقعا باید به طراح این دستگاه جایزه نوبل داد!,0,data/main/Samsung Galaxy Tab 2 10.1 P5100 - 16GB.xml
11335,-,احتمالا سامسونگ علاقه زيادي داره که زير مجموعه اپل بشه اين از پشت و بقل دقيقا ميشه همون آي پد واقعا بايد به طراح اين دستگاه جايزه نوبل داد!,احتمالا سامسونگ علاقه زیادی داره که زیر مجموعه اپل بشه این از پشت و بقل دقیقا میشه همون آی پد واقعا باید به طراح این دستگاه جایزه نوبل داد!,1,data/extra/Samsung Galaxy Tab 2 10.1 P5100 - 16GB.xml
4,gr-11-5,احتمالا من اولين مشتريش باشم،  چون خريد از بازار علاوه بر وجود قيمت هاي غير واقعي احتمال دستکاري تو جعبه رو داره.,احتمالا من اولین مشتریش باشم، چون خرید از بازار علاوه بر وجود قیمت های غیر واقعی احتمال دستکاری تو جعبه رو داره.,-1,data/main/HTC One X Plus - 64GB.xml
3711,-,احتمالا من اولين مشتريش باشم،  چون خريد از بازار علاوه بر وجود قيمت هاي غير واقعي احتمال دستکاري تو جعبه رو داره.,احتمالا من اولین مشتریش باشم، چون خرید از بازار علاوه بر وجود قیمت های غیر واقعی احتمال دستکاری تو جعبه رو داره.,1,data/extra/HTC One X Plus - 64GB.xml
25,rev-26,از نظر پورت‌ها و اتصالات،  N43SM در سطحی متوسط است و تنها پورت خیلی عالی و غیر منتظره‌ای که بر روی آن می‌بینیم پورت USB 3.0 است.,از نظر پورت ها و اتصالات، N43SM در سطحی متوسط است و تنها پورت خیلی عالی و غیر منتظره ای که بر روی آن می بینیم پورت USB 3.0 است.,1,data/main/Asus N43SM-C.xml
11552,-,از نظر پورت‌ها و اتصالات،  N43SM در سطحی متوسط است و تنها پورت خیلی عالی و غیر منتظره‌ای که بر روی آن می‌بینیم پورت USB 3.0 است.,از نظر پورت ها و اتصالات، N43SM در سطحی متوسط است و تنها پورت خیلی عالی و غیر منتظره ای که بر روی آن می بینیم پورت USB 3.0 است.,2,data/extra/Asus N43SM-C_Hosseini.xml
7541,-,از نظر کیفیت عکس‌های گرفته شده،  دوربین این گوشی یکی از بهترین دوربین‌هایی است که بر روی گوشی‌های تلفن همراه مشاهده کرده‌ایم.,از نظر کیفیت عکس های گرفته شده، دوربین این گوشی یکی از بهترین دوربین هایی است که بر روی گوشی های تلفن همراه مشاهده کرده ایم.,1,data/extra/Samsung Galaxy S II Plus I9105 - 8GB_Hosseini.xml
53,rev-54,از نظر کیفیت عکس‌های گرفته شده،  دوربین این گوشی یکی از بهترین دوربین‌هایی است که بر روی گوشی‌های تلفن همراه مشاهده کرده‌ایم.,از نظر کیفیت عکس های گرفته شده، دوربین این گوشی یکی از بهترین دوربین هایی است که بر روی گوشی های تلفن همراه مشاهده کرده ایم.,1,data/main/Samsung Galaxy S II Plus I9105 - 8GB.xml
8137,-,از نظر کیفیت عکس های گرفته شده، دوربین این گوشی یکی از بهترین دوربین‌هایی است که بر روی گوشی های تلفن همراه مشاهده کرده ایم.,از نظر کیفیت عکس های گرفته شده، دوربین این گوشی یکی از بهترین دوربین هایی است که بر روی گوشی های تلفن همراه مشاهده کرده ایم.,2,data/extra/Samsung Galaxy S II I9100 - 16GB_Hosseini.xml
70,rev-71,از نظر کیفیت عکس های گرفته شده، دوربین این گوشی یکی از بهترین دوربین‌هایی است که بر روی گوشی های تلفن همراه مشاهده کرده ایم.,از نظر کیفیت عکس های گرفته شده، دوربین این گوشی یکی از بهترین دوربین هایی است که بر روی گوشی های تلفن همراه مشاهده کرده ایم.,2,data/main/Samsung Galaxy S II I9100 - 16GB.xml
3709,-,اصلا از سامسونگ خوشم نمياد.,اصلا از سامسونگ خوشم نمیاد.,-2,data/extra/HTC One X Plus - 64GB.xml
2,gr-11-3,اصلا از سامسونگ خوشم نمياد.,اصلا از سامسونگ خوشم نمیاد.,-1,data/main/HTC One X Plus - 64GB.xml
1,gr-6-2,البته Sony Cyber-Shot DSC-HX10V موقعيت ياب و GPS هم داره که زياد کاربردي نيست .,البته Sony Cyber-Shot DSC-HX10V موقعیت یاب و GPS هم داره که زیاد کاربردی نیست .,-1,data/main/Sony Cyber-Shot DSC-HX10V.xml
11396,-,البته Sony Cyber-Shot DSC-HX10V موقعيت ياب و GPS هم داره که زياد کاربردي نيست .,البته Sony Cyber-Shot DSC-HX10V موقعیت یاب و GPS هم داره که زیاد کاربردی نیست .,1,data/extra/Sony Cyber-Shot DSC-HX10V.xml
1325,-,البته منصفانه باید بگوییم برای کسانی که قبلا از iPhone 4S استفاده می‌کردند خرید iPhone 5 چندان هوشمندانه نیست،  چرا که تغییر و تحول زیادی نداشته است،  اما برای بقیه افراد می‌تواند یک تنوع بسیار جذاب محسوب گردد.,البته منصفانه باید بگوییم برای کسانی که قبلا از iPhone 4S استفاده می کردند خرید iPhone 5 چندان هوشمندانه نیست، چرا که تغییر و تحول زیادی نداشته است، اما برای بقیه افراد می تواند یک تنوع بسیار جذاب محسوب گردد.,0,data/extra/Apple iPhone 5 - 16GB_Hosseini.xml
127,rev-128,البته منصفانه باید بگوییم برای کسانی که قبلا از iPhone 4S استفاده می‌کردند خرید iPhone 5 چندان هوشمندانه نیست،  چرا که تغییر و تحول زیادی نداشته است،  اما برای بقیه افراد می‌تواند یک تنوع بسیار جذاب محسوب گردد.,البته منصفانه باید بگوییم برای کسانی که قبلا از iPhone 4S استفاده می کردند خرید iPhone 5 چندان هوشمندانه نیست، چرا که تغییر و تحول زیادی نداشته است، اما برای بقیه افراد می تواند یک تنوع بسیار جذاب محسوب گردد.,0,data/main/Apple iPhone 5 - 16GB.xml
6852,-,البته منصفانه باید بگوییم برای کسانی که قبلا از iPhone 4S استفاده می‌کردند خرید iPhone 5 چندان هوشمندانه نیست، چرا که تغییر و تحول زیادی نداشته است، اما برای بقیه افراد می‌تواند یک تنوع بسیار جذاب محسوب گردد.,البته منصفانه باید بگوییم برای کسانی که قبلا از iPhone 4S استفاده می کردند خرید iPhone 5 چندان هوشمندانه نیست، چرا که تغییر و تحول زیادی نداشته است، اما برای بقیه افراد می تواند یک تنوع بسیار جذاب محسوب گردد.,1,data/extra/Apple iPhone 5 - 64GB.xml
85,rev-86,اما با اینکه شکل کلی iOS تغییری نداشته است،  ولی به گفته کمپانی اپل،  هیچ برنامه ای نیست که در نسخه جدید iOS بهتر نشده باشد.,اما با اینکه شکل کلی iOS تغییری نداشته است، ولی به گفته کمپانی اپل، هیچ برنامه ای نیست که در نسخه جدید iOS بهتر نشده باشد.,0,data/main/Apple iPhone 5 - 16GB.xml
3117,-,اما با اینکه شکل کلی iOS تغییری نداشته است، ولی به گفته کمپانی اپل، هیچ برنامه ای نیست که در نسخه جدید iOS بهتر نشده باشد.,اما با اینکه شکل کلی iOS تغییری نداشته است، ولی به گفته کمپانی اپل، هیچ برنامه ای نیست که در نسخه جدید iOS بهتر نشده باشد.,1,data/extra/Apple iPad mini WiFi-16GB.xml
1237,-,اما جالب است که با اینکه این صفحه نمایش نسبت به مدل قبلی بزرگ‌تر شده،  تراکم پیکسلی آن کاهش نیافته و کماکان 326ppi می‌باشد تا دقت آن کماکان رتینا باقی بماند.,اما جالب است که با اینکه این صفحه نمایش نسبت به مدل قبلی بزرگ تر شده، تراکم پیکسلی آن کاهش نیافته و کماکان 326ppi می باشد تا دقت آن کماکان رتینا باقی بماند.,0,data/extra/Apple iPhone 5 - 16GB_Hosseini.xml
39,rev-40,اما جالب است که با اینکه این صفحه نمایش نسبت به مدل قبلی بزرگ‌تر شده،  تراکم پیکسلی آن کاهش نیافته و کماکان 326ppi می‌باشد تا دقت آن کماکان رتینا باقی بماند.,اما جالب است که با اینکه این صفحه نمایش نسبت به مدل قبلی بزرگ تر شده، تراکم پیکسلی آن کاهش نیافته و کماکان 326ppi می باشد تا دقت آن کماکان رتینا باقی بماند.,0,data/main/Apple iPhone 5 - 16GB.xml
6764,-,اما جالب است که با اینکه این صفحه نمایش نسبت به مدل قبلی بزرگ‌تر شده، تراکم پیکسلی آن کاهش نیافته و کماکان 326ppi می‌باشد تا دقت آن کماکان رتینا باقی بماند.,اما جالب است که با اینکه این صفحه نمایش نسبت به مدل قبلی بزرگ تر شده، تراکم پیکسلی آن کاهش نیافته و کماکان 326ppi می باشد تا دقت آن کماکان رتینا باقی بماند.,1,data/extra/Apple iPhone 5 - 64GB.xml
7034,-,اما در مورد دوربین اصلی دستگاه باید بگوییم که کیفیت عکس‌های قابل قبولی را ارائه می‌دهد و حتی در مقایسه با دیگر دوربین‌های 5 مگاپیکسلی به کار رفته در گوشی‌های هوشمند و تبلت ها نیز عملکرد مناسب‌تری را از آن شاهد بودیم که می‌توان آن‌را در بین برترین دوربین‌های قرار گرفته بر روی تبلت ها دانست.,اما در مورد دوربین اصلی دستگاه باید بگوییم که کیفیت عکس های قابل قبولی را ارائه می دهد و حتی در مقایسه با دیگر دوربین های 5 مگاپیکسلی به کار رفته در گوشی های هوشمند و تبلت ها نیز عملکرد مناسب تری را از آن شاهد بودیم که می توان آن را در بین برترین دوربین های قرار گرفته بر روی تبلت ها دانست.,1,data/extra/Samsung Galaxy Note N5100 - 16GB_Hosseini.xml
77,rev-78,اما در مورد دوربین اصلی دستگاه باید بگوییم که کیفیت عکس‌های قابل قبولی را ارائه می‌دهد و حتی در مقایسه با دیگر دوربین‌های 5 مگاپیکسلی به کار رفته در گوشی‌های هوشمند و تبلت ها نیز عملکرد مناسب‌تری را از آن شاهد بودیم که می‌توان آن‌را در بین برترین دوربین‌های قرار گرفته بر روی تبلت ها دانست.,اما در مورد دوربین اصلی دستگاه باید بگوییم که کیفیت عکس های قابل قبولی را ارائه می دهد و حتی در مقایسه با دیگر دوربین های 5 مگاپیکسلی به کار رفته در گوشی های هوشمند و تبلت ها نیز عملکرد مناسب تری را از آن شاهد بودیم که می توان آن را در بین برترین دوربین های قرار گرفته بر روی تبلت ها دانست.,1,data/main/Samsung Galaxy Note N5100 - 16GB.xml
9499,-,اما در مورد دوربین اصلی دستگاه باید بگوییم که کیفیت عکس‌های قابل قبولی را ارائه می‌دهد و حتی در مقایسه با دیگر دوربین‌های 5 مگاپیکسلی به کار رفته در گوشی‌های هوشمند و تبلت ها نیز عملکرد مناسب‌تری را از آن شاهد بودیم که می‌توان آن را در بین برترین دوربین‌های قرار گرفته بر روی تبلت ها دانست.,اما در مورد دوربین اصلی دستگاه باید بگوییم که کیفیت عکس های قابل قبولی را ارائه می دهد و حتی در مقایسه با دیگر دوربین های 5 مگاپیکسلی به کار رفته در گوشی های هوشمند و تبلت ها نیز عملکرد مناسب تری را از آن شاهد بودیم که می توان آن را در بین برترین دوربین های قرار گرفته بر روی تبلت ها دانست.,2,data/extra/Samsung Galaxy Note 10.1 N8000 - 16GB.xml
6995,-,اما شگفتی‌های این قلم به همین‌جا خلاصه نمی‌شود.,اما شگفتی های این قلم به همین جا خلاصه نمی شود.,0,data/extra/Samsung Galaxy Note N5100 - 16GB_Hosseini.xml
38,rev-39,اما شگفتی‌های این قلم به همین‌جا خلاصه نمی‌شود.,اما شگفتی های این قلم به همین جا خلاصه نمی شود.,0,data/main/Samsung Galaxy Note N5100 - 16GB.xml
9465,-,اما شگفتی‌های این قلم به همین جا خلاصه نمی‌شود.,اما شگفتی های این قلم به همین جا خلاصه نمی شود.,1,data/extra/Samsung Galaxy Note 10.1 N8000 - 16GB.xml
3131,-,اما لازم به ذکر است که مشکلات برنامه، مربوط به تمامی شهرها نمی‌شود و بیشتر در شهر های کوچک وجود دارد.,اما لازم به ذکر است که مشکلات برنامه، مربوط به تمامی شهرها نمی شود و بیشتر در شهر های کوچک وجود دارد.,-1,data/extra/Apple iPad mini WiFi-16GB.xml
99,rev-100,اما لازم به ذکر است که مشکلات برنامه،  مربوط به تمامی شهرها نمی‌شود و بیشتر در شهر های کوچک وجود دارد.,اما لازم به ذکر است که مشکلات برنامه، مربوط به تمامی شهرها نمی شود و بیشتر در شهر های کوچک وجود دارد.,0,data/main/Apple iPhone 5 - 16GB.xml
6789,-,اما مهم‌تر از تست‌های جاوا، تست‌های گرافیکی هستند که نتایج جالبی را به ما ارائه نمودند.,اما مهم تر از تست های جاوا، تست های گرافیکی هستند که نتایج جالبی را به ما ارائه نمودند.,0,data/extra/Apple iPhone 5 - 64GB.xml
1262,-,اما مهم‌تر از تست‌های جاوا،  تست‌های گرافیکی هستند که نتایج جالبی را به ما ارائه نمودند.,اما مهم تر از تست های جاوا، تست های گرافیکی هستند که نتایج جالبی را به ما ارائه نمودند.,1,data/extra/Apple iPhone 5 - 16GB_Hosseini.xml
64,rev-65,اما مهم‌تر از تست‌های جاوا،  تست‌های گرافیکی هستند که نتایج جالبی را به ما ارائه نمودند.,اما مهم تر از تست های جاوا، تست های گرافیکی هستند که نتایج جالبی را به ما ارائه نمودند.,1,data/main/Apple iPhone 5 - 16GB.xml
3,gr-11-4,اميدوارم ديجي کالا به زودي اين گوشي رو بياره.,امیدوارم دیجی کالا به زودی این گوشی رو بیاره.,0,data/main/HTC One X Plus - 64GB.xml
3710,-,اميدوارم ديجي کالا به زودي اين گوشي رو بياره.,امیدوارم دیجی کالا به زودی این گوشی رو بیاره.,1,data/extra/HTC One X Plus - 64GB.xml
3,gr-7-4,"انصافا گوشي غوليههههههه
",انصافا گوشی غولیههههههه,1,data/main/HTC One X Plus - 64GB.xml
3697,-,انصافا گوشي غوليههههههه,انصافا گوشی غولیههههههه,2,data/extra/HTC One X Plus - 64GB.xml
1,gr-19-2,انگار همون مدلاي قبله يه ذره خوشگلش کردن و بهش رسيدن .,انگار همون مدلای قبله یه ذره خوشگلش کردن و بهش رسیدن .,0,data/main/Nokia 500.xml
8645,-,انگار همون مدلاي قبله يه ذره خوشگلش کردن و بهش رسيدن .,انگار همون مدلای قبله یه ذره خوشگلش کردن و بهش رسیدن .,1,data/extra/Nokia 500.xml
2,gr-10-3,اونم با اين همه طرفدار و مشتاق,اونم با این همه طرفدار و مشتاق,0,data/main/HTC One X Plus - 64GB.xml
3706,-,اونم با اين همه طرفدار و مشتاق,اونم با این همه طرفدار و مشتاق,1,data/extra/HTC One X Plus - 64GB.xml
5,gr-1-6,اونم بعد از چند روز بهش عادت ميکني.,اونم بعد از چند روز بهش عادت میکنی.,0,data/main/Sony Cyber-Shot DSC-HX10V.xml
11381,-,اونم بعد از چند روز بهش عادت ميکني.,اونم بعد از چند روز بهش عادت میکنی.,1,data/extra/Sony Cyber-Shot DSC-HX10V.xml
9073,-,اپل در نسل جدید iPod Touch نیز،  همانند گوشی iPhone 5،  به جای استفاده از درگاه 30 پینی قدیمی، از درگاه 8 پینی Lightning یا آذرخش استفاده کرده که باعث شده تا ضخامت iPod Touch نیز همانند iPhone 5 بسیار باریک گردد.,اپل در نسل جدید iPod Touch نیز، همانند گوشی iPhone 5، به جای استفاده از درگاه 30 پینی قدیمی، از درگاه 8 پینی Lightning یا آذرخش استفاده کرده که باعث شده تا ضخامت iPod Touch نیز همانند iPhone 5 بسیار باریک گردد.,0,data/extra/Apple Ipod Touch 5th Generation - 64GB.xml
2002,-,اپل در نسل جدید iPod Touch نیز،  همانند گوشی iPhone 5،  به جای استفاده از درگاه 30 پینی قدیمی،  از درگاه 8 پینی Lightning یا آذرخش استفاده کرده که باعث شده تا ضخامت iPod Touch نیز همانند iPhone 5 بسیار باریک گردد.,اپل در نسل جدید iPod Touch نیز، همانند گوشی iPhone 5، به جای استفاده از درگاه 30 پینی قدیمی، از درگاه 8 پینی Lightning یا آذرخش استفاده کرده که باعث شده تا ضخامت iPod Touch نیز همانند iPhone 5 بسیار باریک گردد.,1,data/extra/Apple Ipod Touch 5th Generation - 64GB_Hosseini.xml
9,rev-10,اپل در نسل جدید iPod Touch نیز،  همانند گوشی iPhone 5،  به جای استفاده از درگاه 30 پینی قدیمی،  از درگاه 8 پینی Lightning یا آذرخش استفاده کرده که باعث شده تا ضخامت iPod Touch نیز همانند iPhone 5 بسیار باریک گردد.,اپل در نسل جدید iPod Touch نیز، همانند گوشی iPhone 5، به جای استفاده از درگاه 30 پینی قدیمی، از درگاه 8 پینی Lightning یا آذرخش استفاده کرده که باعث شده تا ضخامت iPod Touch نیز همانند iPhone 5 بسیار باریک گردد.,1,data/main/Apple Ipod Touch 5th Generation - 64GB.xml
0,gr-2-1,اپل هميشه عالي بوده،  ولي نسبت به قيمتش نمي ارزه,اپل همیشه عالی بوده، ولی نسبت به قیمتش نمی ارزه,-1,data/main/Apple MacBook Pro With Retina Display-B.xml
2905,-,اپل هميشه عالي بوده،  ولي نسبت به قيمتش نمي ارزه,اپل همیشه عالی بوده، ولی نسبت به قیمتش نمی ارزه,0,data/extra/Apple MacBook Pro With Retina Display-B.xml
6146,-,اگر چه که سايت ديجي کالا اين نقاط ضعف رو ذکر کرده اما با يک نگاه هم متوجه ضعيف بودن کيفيت نمايش اون خواهيد شد .,اگر چه که سایت دیجی کالا این نقاط ضعف رو ذکر کرده اما با یک نگاه هم متوجه ضعیف بودن کیفیت نمایش اون خواهید شد .,-2,data/extra/Fujitsu Stylistic M532.xml
4,gr-11-5,اگر چه که سايت ديجي کالا اين نقاط ضعف رو ذکر کرده اما با يک نگاه هم متوجه ضعيف بودن کيفيت نمايش اون خواهيد شد .,اگر چه که سایت دیجی کالا این نقاط ضعف رو ذکر کرده اما با یک نگاه هم متوجه ضعیف بودن کیفیت نمایش اون خواهید شد .,-1,data/main/Fujitsu Stylistic M532.xml
3689,-,اگه از اين 2 مورد چشم پوشي کنيم بايد گفت گوشي فوق العاده عالي هست!,اگه از این 2 مورد چشم پوشی کنیم باید گفت گوشی فوق العاده عالی هست!,1,data/extra/HTC One X Plus - 64GB.xml
1,gr-3-2,اگه از اين 2 مورد چشم پوشي کنيم بايد گفت گوشي فوق العاده عالي هست!,اگه از این 2 مورد چشم پوشی کنیم باید گفت گوشی فوق العاده عالی هست!,2,data/main/HTC One X Plus - 64GB.xml
3713,-,اگه باطريش خيلي خوب کار کنه  حرف نداره,اگه باطریش خیلی خوب کار کنه حرف نداره,0,data/extra/HTC One X Plus - 64GB.xml
0,gr-13-1,اگه باطريش خيلي خوب کار کنه  حرف نداره,اگه باطریش خیلی خوب کار کنه حرف نداره,1,data/main/HTC One X Plus - 64GB.xml
0,gr-3-1,اگه تراکم صفحه تبلتش هم بالا بود تو خريدش شک نميکردم ولي حالا اگه گوشيش به صورت جدا فروخته بشه ميخرم، واقعا سخت افزارش غوله !,اگه تراکم صفحه تبلتش هم بالا بود تو خریدش شک نمیکردم ولی حالا اگه گوشیش به صورت جدا فروخته بشه میخرم، واقعا سخت افزارش غوله !,0,data/main/Asus PadFone 2 - 16GB.xml
4359,-,اگه تراکم صفحه تبلتش هم بالا بود تو خريدش شک نميکردم ولي حالا اگه گوشيش به صورت جدا فروخته بشه ميخرم، واقعا سخت افزارش غوله !,اگه تراکم صفحه تبلتش هم بالا بود تو خریدش شک نمیکردم ولی حالا اگه گوشیش به صورت جدا فروخته بشه میخرم، واقعا سخت افزارش غوله !,2,data/extra/Asus PadFone 2 - 16GB.xml
2156,-,اگه پول دستم بياد حتما ميخرمش .,اگه پول دستم بیاد حتما میخرمش .,0,data/extra/Nokia Lumia 620.xml
0,gr-2-1,اگه پول دستم بياد حتما ميخرمش .,اگه پول دستم بیاد حتما میخرمش .,1,data/main/Nokia Lumia 620.xml
6099,-,این بسیار عالیست و باعث می شود که همانند دیگر مدل های اخیر G پاناسونیک، این دوربین هم جزو بهترین گزینه ها برای فیلم برداری قرار گیرد.,این بسیار عالیست و باعث می شود که همانند دیگر مدل های اخیر G پاناسونیک، این دوربین هم جزو بهترین گزینه ها برای فیلم برداری قرار گیرد.,1,data/extra/Panasonic Lumix DMC-G6_Hosseini.xml
26,rev-27,این بسیار عالیست و باعث می شود که همانند دیگر مدل های اخیر G پاناسونیک، این دوربین هم جزو بهترین گزینه ها برای فیلم برداری قرار گیرد.,این بسیار عالیست و باعث می شود که همانند دیگر مدل های اخیر G پاناسونیک، این دوربین هم جزو بهترین گزینه ها برای فیلم برداری قرار گیرد.,2,data/main/Panasonic Lumix DMC-G6.xml
10007,-,این حالت زمانی به کار می‌آید که بخواهید از جسمی که به سرعت در حال حرکت است، عکس بگیرید.,این حالت زمانی به کار می آید که بخواهید از جسمی که به سرعت در حال حرکت است، عکس بگیرید.,0,data/extra/Samsung Galaxy S III I9305 - 16GB_Hosseini.xml
44,rev-45,این حالت زمانی به کار می‌آید که بخواهید از جسمی که به سرعت در حال حرکت است، عکس بگیرید.,این حالت زمانی به کار می آید که بخواهید از جسمی که به سرعت در حال حرکت است، عکس بگیرید.,0,data/main/Samsung Galaxy S III I9305 - 16GB.xml
8290,-,این حالت زمانی به کار می‌آید که بخواهید از جسمی که به سرعت در حال حرکت است،  عکس بگیرید.,این حالت زمانی به کار می آید که بخواهید از جسمی که به سرعت در حال حرکت است، عکس بگیرید.,1,data/extra/Samsung Galaxy S III I9305 - 16GB.xml
6093,-,این دوربین از همان سنسور تصویر 16 مگاپیکسلی بهره می برد که پیش تر بر روی GH2 نیز استفاده شده بود.,این دوربین از همان سنسور تصویر 16 مگاپیکسلی بهره می برد که پیش تر بر روی GH2 نیز استفاده شده بود.,0,data/extra/Panasonic Lumix DMC-G6_Hosseini.xml
20,rev-21,این دوربین از همان سنسور تصویر 16 مگاپیکسلی بهره می برد که پیش تر بر روی GH2 نیز استفاده شده بود.,این دوربین از همان سنسور تصویر 16 مگاپیکسلی بهره می برد که پیش تر بر روی GH2 نیز استفاده شده بود.,1,data/main/Panasonic Lumix DMC-G6.xml
11412,-,اين دوربين رو من از هين سايت خريدم و ميخوام بگم فوق العاده است تنها فرق اين گوشي با مدل hx20v زومشون هست و همينطور hx30v نسبت به 2 مدل قبلي خودش فقط امکان wifi بهش اضافه شده وگرنه اين 3 مدل هيچ فرقي با هم ندارن و فقط بحث سر زومشون هست.,این دوربین رو من از هین سایت خریدم و میخوام بگم فوق العاده است تنها فرق این گوشی با مدل hx20v زومشون هست و همینطور hx30v نسبت به 2 مدل قبلی خودش فقط امکان wifi بهش اضافه شده وگرنه این 3 مدل هیچ فرقی با هم ندارن و فقط بحث سر زومشون هست.,1,data/extra/Sony Cyber-Shot DSC-HX10V.xml
0,gr-14-1,"اين دوربين رو من از هين سايت خريدم و ميخوام بگم فوق العاده است
تنها فرق اين گوشي با مدل hx20v زومشون هست و همينطور hx30v نسبت به 2 مدل قبلي خودش فقط امکان wifi بهش اضافه شده وگرنه اين 3 مدل هيچ فرقي با هم ندارن و فقط بحث سر زومشون هست.",این دوربین رو من از هین سایت خریدم و میخوام بگم فوق العاده است تنها فرق این گوشی با مدل hx20v زومشون هست و همینطور hx30v نسبت به 2 مدل قبلی خودش فقط امکان wifi بهش اضافه شده وگرنه این 3 مدل هیچ فرقی با هم ندارن و فقط بحث سر زومشون هست.,2,data/main/Sony Cyber-Shot DSC-HX10V.xml
2,gr-7-3,اين دوربين نسبت به HX-100 هيچ چي کم نداره که از اون خيلي هم جمع و جورتره.,این دوربین نسبت به HX-100 هیچ چی کم نداره که از اون خیلی هم جمع و جورتره.,1,data/main/Sony Cyber-Shot DSC-HX10V.xml
11399,-,اين دوربين نسبت به HX-100 هيچ چي کم نداره که از اون خيلي هم جمع و جورتره.,این دوربین نسبت به HX-100 هیچ چی کم نداره که از اون خیلی هم جمع و جورتره.,2,data/extra/Sony Cyber-Shot DSC-HX10V.xml
0,gr-2-1,اين دوربين واقعا عکس هاي با کيفيتي ميگيره.,این دوربین واقعا عکس های با کیفیتی میگیره.,1,data/main/Sony Cyber-Shot DSC-HX10V.xml
11385,-,اين دوربين واقعا عکس هاي با کيفيتي ميگيره.,این دوربین واقعا عکس های با کیفیتی میگیره.,2,data/extra/Sony Cyber-Shot DSC-HX10V.xml
1,gr-18-2,اين ديگه بهترين تبلته .,این دیگه بهترین تبلته .,1,data/main/Asus Google Nexus 7 3G - 32GB.xml
10397,-,اين ديگه بهترين تبلته .,این دیگه بهترین تبلته .,2,data/extra/Asus Google Nexus 7 3G - 32GB.xml
11547,-,این فن‌آوری باعث می‌شود که در هنگام نیاز،  گرافیک لپ‌تاپ به صورت خودکار بین کارت گرافیکی مستقل و نوع On Board سویچ شود تا در مصرف انرژی باتری نیز صرفه‌ جویی شود.,این فن آوری باعث می شود که در هنگام نیاز، گرافیک لپ تاپ به صورت خودکار بین کارت گرافیکی مستقل و نوع On Board سویچ شود تا در مصرف انرژی باتری نیز صرفه جویی شود.,0,data/extra/Asus N43SM-C_Hosseini.xml
20,rev-21,این فن‌آوری باعث می‌شود که در هنگام نیاز،  گرافیک لپ‌تاپ به صورت خودکار بین کارت گرافیکی مستقل و نوع On Board سویچ شود تا در مصرف انرژی باتری نیز صرفه‌ جویی شود.,این فن آوری باعث می شود که در هنگام نیاز، گرافیک لپ تاپ به صورت خودکار بین کارت گرافیکی مستقل و نوع On Board سویچ شود تا در مصرف انرژی باتری نیز صرفه جویی شود.,1,data/main/Asus N43SM-C.xml
8268,-,این قابلیت که Direct Call نام دارد،  به شما این امکان را می‌دهد که هنگام SMS زدن،  با نزدیک کردن گوشی به سمت گوش خود،  با شخص مخاطب تماس بگیرید که قابلیت بسیار کاربردی است.,این قابلیت که Direct Call نام دارد، به شما این امکان را می دهد که هنگام SMS زدن، با نزدیک کردن گوشی به سمت گوش خود، با شخص مخاطب تماس بگیرید که قابلیت بسیار کاربردی است.,1,data/extra/Samsung Galaxy S III I9305 - 16GB.xml
9985,-,این قابلیت که Direct Call نام دارد، به شما این امکان را می‌دهد که هنگام SMS زدن، با نزدیک کردن گوشی به سمت گوش خود،  با شخص مخاطب تماس بگیرید که قابلیت بسیار کاربردی است.,این قابلیت که Direct Call نام دارد، به شما این امکان را می دهد که هنگام SMS زدن، با نزدیک کردن گوشی به سمت گوش خود، با شخص مخاطب تماس بگیرید که قابلیت بسیار کاربردی است.,2,data/extra/Samsung Galaxy S III I9305 - 16GB_Hosseini.xml
22,rev-23,این قابلیت که Direct Call نام دارد، به شما این امکان را می‌دهد که هنگام SMS زدن، با نزدیک کردن گوشی به سمت گوش خود،  با شخص مخاطب تماس بگیرید که قابلیت بسیار کاربردی است.,این قابلیت که Direct Call نام دارد، به شما این امکان را می دهد که هنگام SMS زدن، با نزدیک کردن گوشی به سمت گوش خود، با شخص مخاطب تماس بگیرید که قابلیت بسیار کاربردی است.,2,data/main/Samsung Galaxy S III I9305 - 16GB.xml
8225,-,اين گوشي عاليه فقط منتظريم بياد,این گوشی عالیه فقط منتظریم بیاد,1,data/extra/Samsung Galaxy S III I9305 - 16GB.xml
0,gr-8-1,"اين گوشي عاليه فقط منتظريم بياد
",این گوشی عالیه فقط منتظریم بیاد,2,data/main/Samsung Galaxy S III I9305 - 16GB.xml
3690,-,اين گوشي نسبت به قيمتش عاليه,این گوشی نسبت به قیمتش عالیه,1,data/extra/HTC One X Plus - 64GB.xml
0,gr-4-1,اين گوشي نسبت به قيمتش عاليه ,این گوشی نسبت به قیمتش عالیه,2,data/main/HTC One X Plus - 64GB.xml
0,gr-2-1,اين گوشي واقعا به يکي از بهترين گوشي هايي که تا به اين تاريخ ساخته شده است  تبديل شده!,این گوشی واقعا به یکی از بهترین گوشی هایی که تا به این تاریخ ساخته شده است تبدیل شده!,0,data/main/Asus PadFone 2 - 16GB.xml
4357,-,اين گوشي واقعا به يکي از بهترين گوشي هايي که تا به اين تاريخ ساخته شده است  تبديل شده!,این گوشی واقعا به یکی از بهترین گوشی هایی که تا به این تاریخ ساخته شده است تبدیل شده!,1,data/extra/Asus PadFone 2 - 16GB.xml
0,gr-8-1,"اين گوشيو دارم

معايب :
خيلي داغ ميکنه ( 50 درجه سانتي گراد )
زود شارژ خالي ميکنه

به غير از اين دو مورد ،  امکاناتش عاليه",این گوشیو دارم معایب : خیلی داغ میکنه ( 50 درجه سانتی گراد ) زود شارژ خالی میکنه به غیر از این دو مورد ، امکاناتش عالیه,0,data/main/HTC One X Plus - 64GB.xml
3698,-,اين گوشيو دارم  معايب : خيلي داغ ميکنه ( 50 درجه سانتي گراد ) زود شارژ خالي ميکنه  به غير از اين دو مورد ،  امکاناتش عاليه,این گوشیو دارم معایب : خیلی داغ میکنه ( 50 درجه سانتی گراد ) زود شارژ خالی میکنه به غیر از این دو مورد ، امکاناتش عالیه,1,data/extra/HTC One X Plus - 64GB.xml
8376,-,با الگوریتم پیچیده و برتر تنظیم دقیق نور که کنتراست،  رنگ و وضوح را بهبود می‌بخشد، کیفیت تصاویر پیش چشم خود را باور نخواهید کرد.,با الگوریتم پیچیده و برتر تنظیم دقیق نور که کنتراست، رنگ و وضوح را بهبود می بخشد، کیفیت تصاویر پیش چشم خود را باور نخواهید کرد.,1,data/extra/Samsung LED 55ES8880_Hosseini.xml
33,rev-34,با الگوریتم پیچیده و برتر تنظیم دقیق نور که کنتراست،  رنگ و وضوح را بهبود می‌بخشد، کیفیت تصاویر پیش چشم خود را باور نخواهید کرد.,با الگوریتم پیچیده و برتر تنظیم دقیق نور که کنتراست، رنگ و وضوح را بهبود می بخشد، کیفیت تصاویر پیش چشم خود را باور نخواهید کرد.,1,data/main/Samsung LED 55ES8880.xml
9010,-,با الگوریتم پیچیده و برتر تنظیم دقیق نور که کنتراست،  رنگ و وضوح را بهبود می‌بخشد،  کیفیت تصاویر پیش چشم خود را باور نخواهید کرد.,با الگوریتم پیچیده و برتر تنظیم دقیق نور که کنتراست، رنگ و وضوح را بهبود می بخشد، کیفیت تصاویر پیش چشم خود را باور نخواهید کرد.,2,data/extra/Samsung LED 55ES8880.xml
24,rev-25,با این حال اگر از باتری 8 سلولی بر روی آن استفاده شده بود،  باز هم شارژدهی بیشتری را از آن شاهد بودیم.,با این حال اگر از باتری 8 سلولی بر روی آن استفاده شده بود، باز هم شارژدهی بیشتری را از آن شاهد بودیم.,0,data/main/Asus N43SM-C.xml
11551,-,با این حال اگر از باتری 8 سلولی بر روی آن استفاده شده بود،  باز هم شارژدهی بیشتری را از آن شاهد بودیم.,با این حال اگر از باتری 8 سلولی بر روی آن استفاده شده بود، باز هم شارژدهی بیشتری را از آن شاهد بودیم.,1,data/extra/Asus N43SM-C_Hosseini.xml
9,rev-10,با این حال ما هنوز طراحی صفحه کلید به صورت Chiclet را بیشتر دوست داریم.,با این حال ما هنوز طراحی صفحه کلید به صورت Chiclet را بیشتر دوست داریم.,-1,data/main/Asus N43SM-C.xml
11536,-,با این حال ما هنوز طراحی صفحه کلید به صورت Chiclet را بیشتر دوست داریم.,با این حال ما هنوز طراحی صفحه کلید به صورت Chiclet را بیشتر دوست داریم.,1,data/extra/Asus N43SM-C_Hosseini.xml
11389,-,با تشکر از خدمات بي نظير دي جي کالا,با تشکر از خدمات بی نظیر دی جی کالا,0,data/extra/Sony Cyber-Shot DSC-HX10V.xml
4,gr-2-5,با تشکر از خدمات بي نظير دي جي کالا,با تشکر از خدمات بی نظیر دی جی کالا,1,data/main/Sony Cyber-Shot DSC-HX10V.xml
11310,-,با سلام با اين قيمت مناسب که اخيراً پايينتر هم اومده واقعاً بي نظيره سرعت سخت افزارش به نسبت مدلش و دوهسته اي بودنش حرف نداره من خودم اين تبلت ندارم ولي دوستم داره و وقتي اولين بار ازش استفاده کردم سرعتش شگفت زدم کرد و دوستم ميگفت که خيلي ازش راضيه.,با سلام با این قیمت مناسب که اخیراً پایینتر هم اومده واقعاً بی نظیره سرعت سخت افزارش به نسبت مدلش و دوهسته ای بودنش حرف نداره من خودم این تبلت ندارم ولی دوستم داره و وقتی اولین بار ازش استفاده کردم سرعتش شگفت زدم کرد و دوستم میگفت که خیلی ازش راضیه.,1,data/extra/Samsung Galaxy Tab 2 10.1 P5100 - 16GB.xml
0,gr-6-1,با سلام با اين قيمت مناسب که اخيراً پايينتر هم اومده واقعاً بي نظيره سرعت سخت افزارش به نسبت مدلش و دوهسته اي بودنش حرف نداره من خودم اين تبلت ندارم ولي دوستم داره و وقتي اولين بار ازش استفاده کردم سرعتش شگفت زدم کرد و دوستم ميگفت که خيلي ازش راضيه.,با سلام با این قیمت مناسب که اخیراً پایینتر هم اومده واقعاً بی نظیره سرعت سخت افزارش به نسبت مدلش و دوهسته ای بودنش حرف نداره من خودم این تبلت ندارم ولی دوستم داره و وقتی اولین بار ازش استفاده کردم سرعتش شگفت زدم کرد و دوستم میگفت که خیلی ازش راضیه.,2,data/main/Samsung Galaxy Tab 2 10.1 P5100 - 16GB.xml
11847,-,باور کنيد دوستان با اين قيمت و اين امکانات فوق العادست,باور کنید دوستان با این قیمت و این امکانات فوق العادست,1,data/extra/Huawei MediaPad 10 FHD - 16GB.xml
0,gr-15-1,باور کنيد دوستان با اين قيمت و اين امکانات فوق العادست,باور کنید دوستان با این قیمت و این امکانات فوق العادست,2,data/main/Huawei MediaPad 10 FHD - 16GB.xml
11532,-,بدنه به طرز عجیبی اثر انگشت را به خود جذب نمی‌کند و این مسئله بسیار خوب است چرا که کمتر احتیاج به تمیز کردن بدنه‌ی نوت‌بوک پیدا می‌کنید.,بدنه به طرز عجیبی اثر انگشت را به خود جذب نمی کند و این مسئله بسیار خوب است چرا که کمتر احتیاج به تمیز کردن بدنه ی نوت بوک پیدا می کنید.,1,data/extra/Asus N43SM-C_Hosseini.xml
5,rev-6,بدنه به طرز عجیبی اثر انگشت را به خود جذب نمی‌کند و این مسئله بسیار خوب است چرا که کمتر احتیاج به تمیز کردن بدنه‌ی نوت‌بوک پیدا می‌کنید.,بدنه به طرز عجیبی اثر انگشت را به خود جذب نمی کند و این مسئله بسیار خوب است چرا که کمتر احتیاج به تمیز کردن بدنه ی نوت بوک پیدا می کنید.,2,data/main/Asus N43SM-C.xml
8961,-,بدين معني که حداقل براي ما سه بعدي اين دستگاه غير قابل استفاده است.,بدین معنی که حداقل برای ما سه بعدی این دستگاه غیر قابل استفاده است.,-2,data/extra/Samsung LED 55ES8880.xml
1,gr-1-2,بدين معني که حداقل براي ما سه بعدي اين دستگاه غير قابل استفاده است.,بدین معنی که حداقل برای ما سه بعدی این دستگاه غیر قابل استفاده است.,-1,data/main/Samsung LED 55ES8880.xml
11330,-,بر خلاف نوشته ها ضعفي تو دوربينش نديدم تازه باطريش هم فوق العاده هست..,بر خلاف نوشته ها ضعفی تو دوربینش ندیدم تازه باطریش هم فوق العاده هست..,1,data/extra/Samsung Galaxy Tab 2 10.1 P5100 - 16GB.xml
1,gr-16-2,بر خلاف نوشته ها ضعفي تو دوربينش نديدم تازه باطريش هم فوق العاده هست..,بر خلاف نوشته ها ضعفی تو دوربینش ندیدم تازه باطریش هم فوق العاده هست..,2,data/main/Samsung Galaxy Tab 2 10.1 P5100 - 16GB.xml
1256,-,بر طبق اعلام این سایت،  فرکانس پردازنده آیفون 5 حداکثر 1.2GHz می‌باشد که به همراه 1 گیگابایت حافظه رم و یک پردازشگر گرافیکی بسیار قدرتمند از نوع PowerVR SGX 543MP و سه هسته ای تولید گشته است.,بر طبق اعلام این سایت، فرکانس پردازنده آیفون 5 حداکثر 1.2GHz می باشد که به همراه 1 گیگابایت حافظه رم و یک پردازشگر گرافیکی بسیار قدرتمند از نوع PowerVR SGX 543MP و سه هسته ای تولید گشته است.,1,data/extra/Apple iPhone 5 - 16GB_Hosseini.xml
58,rev-59,بر طبق اعلام این سایت،  فرکانس پردازنده آیفون 5 حداکثر 1.2GHz می‌باشد که به همراه 1 گیگابایت حافظه رم و یک پردازشگر گرافیکی بسیار قدرتمند از نوع PowerVR SGX 543MP و سه هسته ای تولید گشته است.,بر طبق اعلام این سایت، فرکانس پردازنده آیفون 5 حداکثر 1.2GHz می باشد که به همراه 1 گیگابایت حافظه رم و یک پردازشگر گرافیکی بسیار قدرتمند از نوع PowerVR SGX 543MP و سه هسته ای تولید گشته است.,1,data/main/Apple iPhone 5 - 16GB.xml
6783,-,بر طبق اعلام این سایت، فرکانس پردازنده آیفون 5 حداکثر 1.2GHz می‌باشد که به همراه 1 گیگابایت حافظه رم و یک پردازشگر گرافیکی بسیار قدرتمند از نوع PowerVR SGX 543MP و سه هسته ای تولید گشته است.,بر طبق اعلام این سایت، فرکانس پردازنده آیفون 5 حداکثر 1.2GHz می باشد که به همراه 1 گیگابایت حافظه رم و یک پردازشگر گرافیکی بسیار قدرتمند از نوع PowerVR SGX 543MP و سه هسته ای تولید گشته است.,2,data/extra/Apple iPhone 5 - 64GB.xml
10369,-,بزرگترين اشتباه من خريد نسخه 3G بود،  چون با نسخه WIFI هيچ فرقي نداره!,بزرگترین اشتباه من خرید نسخه 3G بود، چون با نسخه WIFI هیچ فرقی نداره!,-2,data/extra/Asus Google Nexus 7 3G - 32GB.xml
0,gr-1-1,بزرگترين اشتباه من خريد نسخه 3G بود،  چون با نسخه WIFI هيچ فرقي نداره!,بزرگترین اشتباه من خرید نسخه 3G بود، چون با نسخه WIFI هیچ فرقی نداره!,-1,data/main/Asus Google Nexus 7 3G - 32GB.xml
2168,-,بزودي بازار برميگرده به سمت نوکيا  اين گوشي هم از هر نظر عاليه  هم سخت افزار  نرم افزار  زيبايي  منتظرشم بياد، خيلي دوست دارم بخرمش,بزودی بازار برمیگرده به سمت نوکیا این گوشی هم از هر نظر عالیه هم سخت افزار نرم افزار زیبایی منتظرشم بیاد، خیلی دوست دارم بخرمش,1,data/extra/Nokia Lumia 620.xml
1,gr-9-2,"بزودي بازار برميگرده به سمت نوکيا 
اين گوشي هم از هر نظر عاليه 
هم سخت افزار 
نرم افزار 
زيبايي 
منتظرشم بياد، خيلي دوست دارم بخرمش",بزودی بازار برمیگرده به سمت نوکیا این گوشی هم از هر نظر عالیه هم سخت افزار نرم افزار زیبایی منتظرشم بیاد، خیلی دوست دارم بخرمش,2,data/main/Nokia Lumia 620.xml
11731,-,بسته‌بندي خيلي عالي از ديجي کالا شده بود.,بسته بندی خیلی عالی از دیجی کالا شده بود.,1,data/extra/Western Digital Portable My Passport - 1TB.xml
792,-,بسته بندي خيلي عالي از ديجي کالا شده بود.,بسته بندی خیلی عالی از دیجی کالا شده بود.,2,data/extra/Western Digital Portable My Passport - 1TB_Hosseini.xml
1,gr-15-2,بسته بندي خيلي عالي از ديجي کالا شده بود.,بسته بندی خیلی عالی از دیجی کالا شده بود.,2,data/main/Western Digital Portable My Passport - 1TB.xml
6147,-,بنده يه دو روزي با اين تبلت کار کردم اما با اين که تبلت خوش دستي هست اما مشکل اساسيش در عدم کار کردن wifi  سيم کارت با هم هست يعني اگر سيم کارت روي تبلت باشه و حتي اگه به حالت نمايه پرواز ببرين باز wifi شناسايي نميشه و تا زماني که سيم رو از روي تبلت در نيارين شبکه هاي wifi  مورد استفاده قرار نمي گيرن.,بنده یه دو روزی با این تبلت کار کردم اما با این که تبلت خوش دستی هست اما مشکل اساسیش در عدم کار کردن wifi سیم کارت با هم هست یعنی اگر سیم کارت روی تبلت باشه و حتی اگه به حالت نمایه پرواز ببرین باز wifi شناسایی نمیشه و تا زمانی که سیم رو از روی تبلت در نیارین شبکه های wifi مورد استفاده قرار نمی گیرن.,-2,data/extra/Fujitsu Stylistic M532.xml
0,gr-12-1,بنده يه دو روزي با اين تبلت کار کردم اما با اين که تبلت خوش دستي هست اما مشکل اساسيش در عدم کار کردن wifi  سيم کارت با هم هست يعني اگر سيم کارت روي تبلت باشه و حتي اگه به حالت نمايه پرواز ببرين باز wifi شناسايي نميشه و تا زماني که سيم رو از روي تبلت در نيارين شبکه هاي wifi  مورد استفاده قرار نمي گيرن.,بنده یه دو روزی با این تبلت کار کردم اما با این که تبلت خوش دستی هست اما مشکل اساسیش در عدم کار کردن wifi سیم کارت با هم هست یعنی اگر سیم کارت روی تبلت باشه و حتی اگه به حالت نمایه پرواز ببرین باز wifi شناسایی نمیشه و تا زمانی که سیم رو از روی تبلت در نیارین شبکه های wifi مورد استفاده قرار نمی گیرن.,-1,data/main/Fujitsu Stylistic M532.xml
1,gr-6-2,به جرات ميگم با سوني قابل مقايسه نيست!,به جرات میگم با سونی قابل مقایسه نیست!,0,data/main/Fujifilm FinePix F660EXR.xml
1594,-,به جرات ميگم با سوني قابل مقايسه نيست!,به جرات میگم با سونی قابل مقایسه نیست!,2,data/extra/Fujifilm FinePix F660EXR.xml
11719,-,به‌صرفه نيست و تنوع رنگ هم نداره.,به صرفه نیست و تنوع رنگ هم نداره.,-2,data/extra/Western Digital Portable My Passport - 1TB.xml
780,-,به صرفه نيست و تنوع رنگ هم نداره.,به صرفه نیست و تنوع رنگ هم نداره.,-1,data/extra/Western Digital Portable My Passport - 1TB_Hosseini.xml
0,gr-8-1,به صرفه نيست و تنوع رنگ هم نداره.,به صرفه نیست و تنوع رنگ هم نداره.,-1,data/main/Western Digital Portable My Passport - 1TB.xml
80,rev-81,به طور منصفانه نباید از پیشرفت شگفت انگیز اندروید بگذریم،  اما به نظر می‌رسد اندروید هنوز نتوانسته به قدرت iOS دست پیدا کند.,به طور منصفانه نباید از پیشرفت شگفت انگیز اندروید بگذریم، اما به نظر می رسد اندروید هنوز نتوانسته به قدرت iOS دست پیدا کند.,0,data/main/Apple iPhone 5 - 16GB.xml
3112,-,به طور منصفانه نباید از پیشرفت شگفت انگیز اندروید بگذریم، اما به نظر می‌رسد اندروید هنوز نتوانسته به قدرت iOS دست پیدا کند.,به طور منصفانه نباید از پیشرفت شگفت انگیز اندروید بگذریم، اما به نظر می رسد اندروید هنوز نتوانسته به قدرت iOS دست پیدا کند.,1,data/extra/Apple iPad mini WiFi-16GB.xml
8266,-,به لطف صفحه نمایش بزرگ 4.8 اینچی این گوشی،  تایپ کردن با کیبورد آن به خصوص در حالت افقی،  بسیار راحت است.,به لطف صفحه نمایش بزرگ 4.8 اینچی این گوشی، تایپ کردن با کیبورد آن به خصوص در حالت افقی، بسیار راحت است.,1,data/extra/Samsung Galaxy S III I9305 - 16GB.xml
9983,-,به لطف صفحه نمایش بزرگ 4.8 اینچی این گوشی،  تایپ کردن با کیبورد آن به خصوص در حالت افقی، بسیار راحت است.,به لطف صفحه نمایش بزرگ 4.8 اینچی این گوشی، تایپ کردن با کیبورد آن به خصوص در حالت افقی، بسیار راحت است.,2,data/extra/Samsung Galaxy S III I9305 - 16GB_Hosseini.xml
20,rev-21,به لطف صفحه نمایش بزرگ 4.8 اینچی این گوشی،  تایپ کردن با کیبورد آن به خصوص در حالت افقی، بسیار راحت است.,به لطف صفحه نمایش بزرگ 4.8 اینچی این گوشی، تایپ کردن با کیبورد آن به خصوص در حالت افقی، بسیار راحت است.,2,data/main/Samsung Galaxy S III I9305 - 16GB.xml
0,gr-9-1,به نظر من باز هم اپل گل کاشت.,به نظر من باز هم اپل گل کاشت.,1,data/main/Apple Ipod Touch 5th Generation - 64GB.xml
9057,-,به نظر من باز هم اپل گل کاشت.,به نظر من باز هم اپل گل کاشت.,2,data/extra/Apple Ipod Touch 5th Generation - 64GB.xml
0,gr-18-1,"به نظر من تبلت خوبيه ولي زماني که من اينو داشتم :کيف و کاوري براش نبود 
",به نظر من تبلت خوبیه ولی زمانی که من اینو داشتم :کیف و کاوری براش نبود,-1,data/main/Samsung Galaxy Tab 2 10.1 P5100 - 16GB.xml
11332,-,به نظر من تبلت خوبيه ولي زماني که من اينو داشتم :کيف و کاوري براش نبود,به نظر من تبلت خوبیه ولی زمانی که من اینو داشتم :کیف و کاوری براش نبود,0,data/extra/Samsung Galaxy Tab 2 10.1 P5100 - 16GB.xml
0,gr-6-1,به نظر من تنها نقطه ي قوت Sony Cyber-Shot DSC-HX10V نسبت به Sony Cyber-Shot DSC-WX150 زوم اپتيکال 16ست .,به نظر من تنها نقطه ی قوت Sony Cyber-Shot DSC-HX10V نسبت به Sony Cyber-Shot DSC-WX150 زوم اپتیکال 16ست .,0,data/main/Sony Cyber-Shot DSC-HX10V.xml
11395,-,به نظر من تنها نقطه ي قوت Sony Cyber-Shot DSC-HX10V نسبت به Sony Cyber-Shot DSC-WX150 زوم اپتيکال 16ست .,به نظر من تنها نقطه ی قوت Sony Cyber-Shot DSC-HX10V نسبت به Sony Cyber-Shot DSC-WX150 زوم اپتیکال 16ست .,1,data/extra/Sony Cyber-Shot DSC-HX10V.xml
8226,-,به نظر من خريدن HTC ONE X PLUS  ارزشش بيشتره چون سخت افزاره قوي تري داره,به نظر من خریدن HTC ONE X PLUS ارزشش بیشتره چون سخت افزاره قوی تری داره,0,data/extra/Samsung Galaxy S III I9305 - 16GB.xml
0,gr-9-1,"به نظر من خريدن HTC ONE X PLUS  ارزشش بيشتره چون سخت افزاره قوي‌تري داره
",به نظر من خریدن HTC ONE X PLUS ارزشش بیشتره چون سخت افزاره قوی تری داره,1,data/main/Samsung Galaxy S III I9305 - 16GB.xml
8238,-,به نظر من سامسونگ اگه کپي برداري هم مي کنه خيلي بهتر از اپله.,به نظر من سامسونگ اگه کپی برداری هم می کنه خیلی بهتر از اپله.,1,data/extra/Samsung Galaxy S III I9305 - 16GB.xml
0,gr-17-1,به نظر من سامسونگ اگه کپي برداري هم مي کنه خيلي بهتر از اپله.,به نظر من سامسونگ اگه کپی برداری هم می کنه خیلی بهتر از اپله.,2,data/main/Samsung Galaxy S III I9305 - 16GB.xml
6138,-,به نظر من که با توجه امکاناتش قيمتش خيلي مناسبه.,به نظر من که با توجه امکاناتش قیمتش خیلی مناسبه.,1,data/extra/Fujitsu Stylistic M532.xml
0,gr-9-1,به نظر من که با توجه امکاناتش قيمتش خيلي مناسبه.,به نظر من که با توجه امکاناتش قیمتش خیلی مناسبه.,2,data/main/Fujitsu Stylistic M532.xml
0,gr-3-1,به نظر من که معرکه هستش هيچ جاي حرفي باقي نذاشته,به نظر من که معرکه هستش هیچ جای حرفی باقی نذاشته,1,data/main/Huawei MediaPad 10 FHD - 16GB.xml
11821,-,به نظر من که معرکه هستش هيچ جاي حرفي باقي نذاشته,به نظر من که معرکه هستش هیچ جای حرفی باقی نذاشته,2,data/extra/Huawei MediaPad 10 FHD - 16GB.xml
6749,-,به نظر می‌رسد محل قرار گیری هدفون در بالای گوشی کاربردی‌تر بود، مخصوصا وقتی که می‌خواهید با آن موزیک گوش دهید و گوشی را داخل جیبتان بگذارید.,به نظر می رسد محل قرار گیری هدفون در بالای گوشی کاربردی تر بود، مخصوصا وقتی که می خواهید با آن موزیک گوش دهید و گوشی را داخل جیبتان بگذارید.,-1,data/extra/Apple iPhone 5 - 64GB.xml
1222,-,به نظر می‌رسد محل قرار گیری هدفون در بالای گوشی کاربردی‌تر بود،  مخصوصا وقتی که می‌خواهید با آن موزیک گوش دهید و گوشی را داخل جیبتان بگذارید.,به نظر می رسد محل قرار گیری هدفون در بالای گوشی کاربردی تر بود، مخصوصا وقتی که می خواهید با آن موزیک گوش دهید و گوشی را داخل جیبتان بگذارید.,0,data/extra/Apple iPhone 5 - 16GB_Hosseini.xml
24,rev-25,به نظر می‌رسد محل قرار گیری هدفون در بالای گوشی کاربردی‌تر بود،  مخصوصا وقتی که می‌خواهید با آن موزیک گوش دهید و گوشی را داخل جیبتان بگذارید.,به نظر می رسد محل قرار گیری هدفون در بالای گوشی کاربردی تر بود، مخصوصا وقتی که می خواهید با آن موزیک گوش دهید و گوشی را داخل جیبتان بگذارید.,0,data/main/Apple iPhone 5 - 16GB.xml
0,gr-5-1,به نظر مياد کيفيت صفحه نمايشش بقيه مزاياي اين تبلت تحت الشعاع قرار ميده به نظر من کيفيت صفحه نمايش خيلي مهمه اين عرض از من که تجربه کار با تبلت هاي گوناگون دارم بپذيريد کيفيت پايين صفحه نمايش در تبلتها غير قابل اغماض است.,به نظر میاد کیفیت صفحه نمایشش بقیه مزایای این تبلت تحت الشعاع قرار میده به نظر من کیفیت صفحه نمایش خیلی مهمه این عرض از من که تجربه کار با تبلت های گوناگون دارم بپذیرید کیفیت پایین صفحه نمایش در تبلتها غیر قابل اغماض است.,-1,data/main/Fujitsu Stylistic M532.xml
6130,-,به نظر مياد کيفيت صفحه نمايشش بقيه مزاياي اين تبلت تحت الشعاع قرار ميده به نظر من کيفيت صفحه نمايش خيلي مهمه اين عرض از من که تجربه کار با تبلت هاي گوناگون دارم بپذيريد کيفيت پايين صفحه نمايش در تبلتها غير قابل اغماض است.,به نظر میاد کیفیت صفحه نمایشش بقیه مزایای این تبلت تحت الشعاع قرار میده به نظر من کیفیت صفحه نمایش خیلی مهمه این عرض از من که تجربه کار با تبلت های گوناگون دارم بپذیرید کیفیت پایین صفحه نمایش در تبلتها غیر قابل اغماض است.,0,data/extra/Fujitsu Stylistic M532.xml
6095,-,به همین دلیل هم هست که ایزو تا 25600 افزایش یافته است.,به همین دلیل هم هست که ایزو تا 25600 افزایش یافته است.,0,data/extra/Panasonic Lumix DMC-G6_Hosseini.xml
22,rev-23,به همین دلیل هم هست که ایزو تا 25600 افزایش یافته است.,به همین دلیل هم هست که ایزو تا 25600 افزایش یافته است.,1,data/main/Panasonic Lumix DMC-G6.xml
0,gr-16-1,بهتر از اين نميتونيد پيدا کنيد,بهتر از این نمیتونید پیدا کنید,1,data/main/Asus Google Nexus 7 3G - 32GB.xml
10393,-,بهتر از اين نميتونيد پيدا کنيد,بهتر از این نمیتونید پیدا کنید,2,data/extra/Asus Google Nexus 7 3G - 32GB.xml
0,gr-7-1,"بي صبرانه منتظر خريدشم 
",بی صبرانه منتظر خریدشم,1,data/main/Apple Ipod Touch 5th Generation - 64GB.xml
9055,-,بي صبرانه منتظر خريدشم,بی صبرانه منتظر خریدشم,2,data/extra/Apple Ipod Touch 5th Generation - 64GB.xml
1,gr-4-2,بي صبرانه منتظرم که به بازار بياد بگيرمش.,بی صبرانه منتظرم که به بازار بیاد بگیرمش.,0,data/main/Asus PadFone 2 - 16GB.xml
4361,-,بي صبرانه منتظرم که به بازار بياد بگيرمش.,بی صبرانه منتظرم که به بازار بیاد بگیرمش.,1,data/extra/Asus PadFone 2 - 16GB.xml
11308,-,تبلت بسيار خوبيه .,تبلت بسیار خوبیه .,1,data/extra/Samsung Galaxy Tab 2 10.1 P5100 - 16GB.xml
0,gr-4-1,تبلت بسيار خوبيه .,تبلت بسیار خوبیه .,2,data/main/Samsung Galaxy Tab 2 10.1 P5100 - 16GB.xml
0,gr-11-1,تبلت خوبيه همون موقع که وارد بازار شد گرفتمش از نظر کيفيت تصوير عاليه full hd حرف نداره از نظر سخت افزاري هم خوبه مشکل ندارم در کل تبلت خوبيه.,تبلت خوبیه همون موقع که وارد بازار شد گرفتمش از نظر کیفیت تصویر عالیه full hd حرف نداره از نظر سخت افزاری هم خوبه مشکل ندارم در کل تبلت خوبیه.,1,data/main/Samsung Galaxy Tab 2 10.1 P5100 - 16GB.xml
11321,-,تبلت خوبيه همون موقع که وارد بازار شد گرفتمش از نظر کيفيت تصوير عاليه full hd حرف نداره از نظر سخت افزاري هم خوبه مشکل ندارم در کل تبلت خوبيه.,تبلت خوبیه همون موقع که وارد بازار شد گرفتمش از نظر کیفیت تصویر عالیه full hd حرف نداره از نظر سخت افزاری هم خوبه مشکل ندارم در کل تبلت خوبیه.,2,data/extra/Samsung Galaxy Tab 2 10.1 P5100 - 16GB.xml
11822,-,تبلته فوق العاده خوبيه از همه لحاظ منو ساپورت کرده ولي حيف که تبديل usb نداره.,تبلته فوق العاده خوبیه از همه لحاظ منو ساپورت کرده ولی حیف که تبدیل usb نداره.,-1,data/extra/Huawei MediaPad 10 FHD - 16GB.xml
0,gr-4-1,تبلته فوق العاده خوبيه از همه لحاظ منو ساپورت کرده ولي حيف که تبديل usb نداره.,تبلته فوق العاده خوبیه از همه لحاظ منو ساپورت کرده ولی حیف که تبدیل usb نداره.,1,data/main/Huawei MediaPad 10 FHD - 16GB.xml
2172,-,تجربه ي کاري من با ويندوز 7 و 7.5 ميگه که :  يک سيستم عامل کند و خسته کننده با محيط کاربري يکنواخت و تعداد محدود نرم افزار ارائه شده هست هرچند شرکت مايکروسافت ويندوز هشت رو رقيب آي اُ اس اپل و گوگل اندرويد دونسته اما بايد به انتظار نشست و ديد ايا اين چنين هست يا .,تجربه ی کاری من با ویندوز 7 و 7.5 میگه که : یک سیستم عامل کند و خسته کننده با محیط کاربری یکنواخت و تعداد محدود نرم افزار ارائه شده هست هرچند شرکت مایکروسافت ویندوز هشت رو رقیب آی اُ اس اپل و گوگل اندروید دونسته اما باید به انتظار نشست و دید ایا این چنین هست یا .,-2,data/extra/Nokia Lumia 620.xml
0,gr-12-1,"تجربه ي کاري من با ويندوز 7 و 7.5 ميگه که :
يک سيستم عامل کند و خسته کننده با محيط کاربري يکنواخت و تعداد محدود نرم افزار ارائه شده هست هرچند شرکت مايکروسافت ويندوز هشت رو رقيب آي اُ اس اپل و گوگل اندرويد دونسته اما بايد به انتظار نشست و ديد ايا اين چنين هست يا .",تجربه ی کاری من با ویندوز 7 و 7.5 میگه که : یک سیستم عامل کند و خسته کننده با محیط کاربری یکنواخت و تعداد محدود نرم افزار ارائه شده هست هرچند شرکت مایکروسافت ویندوز هشت رو رقیب آی اُ اس اپل و گوگل اندروید دونسته اما باید به انتظار نشست و دید ایا این چنین هست یا .,0,data/main/Nokia Lumia 620.xml
2009,-,تمامی برنامه های پیش فرض سیستم عامل iOS نیز برای این اندازه و دقت بالاتر از نو طراحی شده‌اند و اپل حداکثر تلاش خود را کرده تا کاربران از این افزایش سایز صفحه نمایش،  حداکثر بهره را ببرند.,تمامی برنامه های پیش فرض سیستم عامل iOS نیز برای این اندازه و دقت بالاتر از نو طراحی شده اند و اپل حداکثر تلاش خود را کرده تا کاربران از این افزایش سایز صفحه نمایش، حداکثر بهره را ببرند.,0,data/extra/Apple Ipod Touch 5th Generation - 64GB_Hosseini.xml
16,rev-17,تمامی برنامه های پیش فرض سیستم عامل iOS نیز برای این اندازه و دقت بالاتر از نو طراحی شده‌اند و اپل حداکثر تلاش خود را کرده تا کاربران از این افزایش سایز صفحه نمایش،  حداکثر بهره را ببرند.,تمامی برنامه های پیش فرض سیستم عامل iOS نیز برای این اندازه و دقت بالاتر از نو طراحی شده اند و اپل حداکثر تلاش خود را کرده تا کاربران از این افزایش سایز صفحه نمایش، حداکثر بهره را ببرند.,0,data/main/Apple Ipod Touch 5th Generation - 64GB.xml
9080,-,تمامی برنامه های پیش فرض سیستم عامل iOS نیز برای این اندازه و دقت بالاتر از نو طراحی شده‌اند و اپل حداکثر تلاش خود را کرده تا کاربران از این افزایش سایز صفحه نمایش، حداکثر بهره را ببرند.,تمامی برنامه های پیش فرض سیستم عامل iOS نیز برای این اندازه و دقت بالاتر از نو طراحی شده اند و اپل حداکثر تلاش خود را کرده تا کاربران از این افزایش سایز صفحه نمایش، حداکثر بهره را ببرند.,2,data/extra/Apple Ipod Touch 5th Generation - 64GB.xml
6088,-,تنها تغییری که مشاهده می شود جای گیری نوین دکمه ی فعال کننده ی فلاش بالا جهنده است.,تنها تغییری که مشاهده می شود جای گیری نوین دکمه ی فعال کننده ی فلاش بالا جهنده است.,0,data/extra/Panasonic Lumix DMC-G6_Hosseini.xml
15,rev-16,تنها تغییری که مشاهده می شود جای گیری نوین دکمه ی فعال کننده ی فلاش بالا جهنده است.,تنها تغییری که مشاهده می شود جای گیری نوین دکمه ی فعال کننده ی فلاش بالا جهنده است.,1,data/main/Panasonic Lumix DMC-G6.xml
11728,-,حالا ميخوام چندتا از بهترين مزيتاشو واستون بگم: 1-از سرعت بسيار عالي برخوردار(به دليل استفاده از usb3)  2-موقع عدم انتقال داده هارد به صورت standbye درمياد که ميشه گفت تنها هارديه که اين مزيتو داره 3-به دليل نرم افزاري که روش نصبه امکان رمزگذاري فراهمه 4-درسته که اين هارد ضد‌ضربه نيست ولي من تا الان بيشتر از7تا8 بار روي زمين سخت افتاده وتا الان هيچ مشکلي براش پيش نيومده بطور کل بايد بگم که اگه دنبال يه هارد کامل و خوب ميگرديد بدون شک همين رو انتخاب کنيد,حالا میخوام چندتا از بهترین مزیتاشو واستون بگم: 1-از سرعت بسیار عالی برخوردار(به دلیل استفاده از usb3) 2-موقع عدم انتقال داده هارد به صورت standbye درمیاد که میشه گفت تنها هاردیه که این مزیتو داره 3-به دلیل نرم افزاری که روش نصبه امکان رمزگذاری فراهمه 4-درسته که این هارد ضد ضربه نیست ولی من تا الان بیشتر از7تا8 بار روی زمین سخت افتاده وتا الان هیچ مشکلی براش پیش نیومده بطور کل باید بگم که اگه دنبال یه هارد کامل و خوب میگردید بدون شک همین رو انتخاب کنید,1,data/extra/Western Digital Portable My Passport - 1TB.xml
789,-,حالا ميخوام چندتا از بهترين مزيتاشو واستون بگم: 1-از سرعت بسيار عالي برخوردار(به دليل استفاده از usb3)  2-موقع عدم انتقال داده هارد به صورت standbye درمياد که ميشه گفت تنها هارديه که اين مزيتو داره 3-به دليل نرم افزاري که روش نصبه امکان رمزگذاري فراهمه 4-درسته که اين هارد ضد ضربه نيست ولي من تا الان بيشتر از7تا8 بار روي زمين سخت افتاده وتا الان هيچ مشکلي براش پيش نيومده بطور کل بايد بگم که اگه دنبال يه هارد کامل و خوب ميگرديد بدون شک همين رو انتخاب کنيد,حالا میخوام چندتا از بهترین مزیتاشو واستون بگم: 1-از سرعت بسیار عالی برخوردار(به دلیل استفاده از usb3) 2-موقع عدم انتقال داده هارد به صورت standbye درمیاد که میشه گفت تنها هاردیه که این مزیتو داره 3-به دلیل نرم افزاری که روش نصبه امکان رمزگذاری فراهمه 4-درسته که این هارد ضد ضربه نیست ولی من تا الان بیشتر از7تا8 بار روی زمین سخت افتاده وتا الان هیچ مشکلی براش پیش نیومده بطور کل باید بگم که اگه دنبال یه هارد کامل و خوب میگردید بدون شک همین رو انتخاب کنید,2,data/extra/Western Digital Portable My Passport - 1TB_Hosseini.xml
2,gr-13-3,"حالا ميخوام چندتا از بهترين مزيتاشو واستون بگم:
1-از سرعت بسيار عالي برخوردار(به دليل استفاده از usb3) 
2-موقع عدم انتقال داده هارد به صورت standbye درمياد که ميشه گفت تنها هارديه که اين مزيتو داره
3-به دليل نرم افزاري که روش نصبه امکان رمزگذاري فراهمه
4-درسته که اين هارد ضد ضربه نيست ولي من تا الان بيشتر از7تا8 بار روي زمين سخت افتاده وتا الان هيچ مشکلي براش پيش نيومده
بطور کل بايد بگم که اگه دنبال يه هارد کامل و خوب ميگرديد بدون شک همين رو انتخاب کنيد",حالا میخوام چندتا از بهترین مزیتاشو واستون بگم: 1-از سرعت بسیار عالی برخوردار(به دلیل استفاده از usb3) 2-موقع عدم انتقال داده هارد به صورت standbye درمیاد که میشه گفت تنها هاردیه که این مزیتو داره 3-به دلیل نرم افزاری که روش نصبه امکان رمزگذاری فراهمه 4-درسته که این هارد ضد ضربه نیست ولی من تا الان بیشتر از7تا8 بار روی زمین سخت افتاده وتا الان هیچ مشکلی براش پیش نیومده بطور کل باید بگم که اگه دنبال یه هارد کامل و خوب میگردید بدون شک همین رو انتخاب کنید,2,data/main/Western Digital Portable My Passport - 1TB.xml
8289,-,حالت Burst shot به شما کمک می‌کند که تنها در چند ثانیه،  20 عکس با سرعت بسیار بالا به صورت پیاپی گرفته و سپس از میان این 20 عکس،  بهترین تصویر را انتخاب کنید.,حالت Burst shot به شما کمک می کند که تنها در چند ثانیه، 20 عکس با سرعت بسیار بالا به صورت پیاپی گرفته و سپس از میان این 20 عکس، بهترین تصویر را انتخاب کنید.,1,data/extra/Samsung Galaxy S III I9305 - 16GB.xml
10006,-,حالت Burst shot به شما کمک می‌کند که تنها در چند ثانیه،  20 عکس با سرعت بسیار بالا به صورت پیاپی گرفته و سپس از میان این 20 عکس، بهترین تصویر را انتخاب کنید.,حالت Burst shot به شما کمک می کند که تنها در چند ثانیه، 20 عکس با سرعت بسیار بالا به صورت پیاپی گرفته و سپس از میان این 20 عکس، بهترین تصویر را انتخاب کنید.,2,data/extra/Samsung Galaxy S III I9305 - 16GB_Hosseini.xml
43,rev-44,حالت Burst shot به شما کمک می‌کند که تنها در چند ثانیه،  20 عکس با سرعت بسیار بالا به صورت پیاپی گرفته و سپس از میان این 20 عکس، بهترین تصویر را انتخاب کنید.,حالت Burst shot به شما کمک می کند که تنها در چند ثانیه، 20 عکس با سرعت بسیار بالا به صورت پیاپی گرفته و سپس از میان این 20 عکس، بهترین تصویر را انتخاب کنید.,2,data/main/Samsung Galaxy S III I9305 - 16GB.xml
0,gr-6-1,حتما يکي بخريد.,حتما یکی بخرید.,0,data/main/Apple Ipod Touch 5th Generation - 64GB.xml
9051,-,حتما يکي بخريد.,حتما یکی بخرید.,2,data/extra/Apple Ipod Touch 5th Generation - 64GB.xml
1784,-,حرفه ای ترین مود عکاسی که بر روی این دوربین ارایه می‌شود و بیشترین اختیارات در تنظیمات نوردهی را به کاربر می‌دهد مود Program است.,حرفه ای ترین مود عکاسی که بر روی این دوربین ارایه می شود و بیشترین اختیارات در تنظیمات نوردهی را به کاربر می دهد مود Program است.,0,data/extra/(Canon Ixus 510 HS (PowerShot ELPH 530 HS.xml
4473,-,حرفه‌ای ترین مود عکاسی که بر روی این دوربین ارایه می‌شود و بیشترین اختیارات در تنظیمات نوردهی را به کاربر می‌دهد مود Program است.,حرفه ای ترین مود عکاسی که بر روی این دوربین ارایه می شود و بیشترین اختیارات در تنظیمات نوردهی را به کاربر می دهد مود Program است.,2,data/extra/(Canon IXUS 500 HS (ELPH 520 HS - IXY 3_Ahmadian.xml
1,gr-7-2,خودم سوني HX-100 دارم که خيلي ازش راضيم.,خودم سونی HX-100 دارم که خیلی ازش راضیم.,0,data/main/Sony Cyber-Shot DSC-HX10V.xml
11398,-,خودم سوني HX-100 دارم که خيلي ازش راضيم.,خودم سونی HX-100 دارم که خیلی ازش راضیم.,1,data/extra/Sony Cyber-Shot DSC-HX10V.xml
0,gr-7-1,خيلي ازش خوشم اومد،  بايد ببينيم قيمتش چنده اين مهمه,خیلی ازش خوشم اومد، باید ببینیم قیمتش چنده این مهمه,0,data/main/Asus PadFone 2 - 16GB.xml
4366,-,خيلي ازش خوشم اومد،  بايد ببينيم قيمتش چنده اين مهمه,خیلی ازش خوشم اومد، باید ببینیم قیمتش چنده این مهمه,1,data/extra/Asus PadFone 2 - 16GB.xml
2907,-,خيلي خوبه اما حيف که درايو نوري نداره!,خیلی خوبه اما حیف که درایو نوری نداره!,0,data/extra/Apple MacBook Pro With Retina Display-B.xml
0,gr-4-1,خيلي خوبه اما حيف که درايو نوري نداره!,خیلی خوبه اما حیف که درایو نوری نداره!,1,data/main/Apple MacBook Pro With Retina Display-B.xml
11316,-,خيلي روونه .,خیلی روونه .,1,data/extra/Samsung Galaxy Tab 2 10.1 P5100 - 16GB.xml
2,gr-9-3,خيلي روونه .,خیلی روونه .,2,data/main/Samsung Galaxy Tab 2 10.1 P5100 - 16GB.xml
11302,-,خيلي عالي من که خوشم اومد هميشه کار سامسونگ عالي,خیلی عالی من که خوشم اومد همیشه کار سامسونگ عالی,1,data/extra/Samsung Galaxy Tab 2 10.1 P5100 - 16GB.xml
0,gr-1-1,خيلي عالي من که خوشم اومد هميشه کار سامسونگ عالي,خیلی عالی من که خوشم اومد همیشه کار سامسونگ عالی,2,data/main/Samsung Galaxy Tab 2 10.1 P5100 - 16GB.xml
11322,-,خيلي عاليه ممنون,خیلی عالیه ممنون,1,data/extra/Samsung Galaxy Tab 2 10.1 P5100 - 16GB.xml
0,gr-12-1,"خيلي عاليه
ممنون
",خیلی عالیه ممنون,2,data/main/Samsung Galaxy Tab 2 10.1 P5100 - 16GB.xml
11315,-,خيلي مناسبه برام با توجه به اينکه ايپد هم داشتم.,خیلی مناسبه برام با توجه به اینکه ایپد هم داشتم.,1,data/extra/Samsung Galaxy Tab 2 10.1 P5100 - 16GB.xml
1,gr-9-2,خيلي مناسبه برام با توجه به اينکه ايپد هم داشتم.,خیلی مناسبه برام با توجه به اینکه ایپد هم داشتم.,2,data/main/Samsung Galaxy Tab 2 10.1 P5100 - 16GB.xml
6203,-,در ابتدا بابت این باتری کاملا نا امید شدیم، اما بعد از تست‌های انجام شده شاهد بودیم که این تبلت قادر بود تا 8 ساعت ممتد ویدئو پخش نماید که برای تبلت های 10 اینچی کاملا نرمال است.,در ابتدا بابت این باتری کاملا نا امید شدیم، اما بعد از تست های انجام شده شاهد بودیم که این تبلت قادر بود تا 8 ساعت ممتد ویدئو پخش نماید که برای تبلت های 10 اینچی کاملا نرمال است.,0,data/extra/Fujitsu Stylistic M532.xml
6264,-,در ابتدا بابت این باتری کاملا نا امید شدیم،  اما بعد از تست‌های انجام شده شاهد بودیم که این تبلت قادر بود تا 8 ساعت ممتد ویدئو پخش نماید که برای تبلت های 10 اینچی کاملا نرمال است.,در ابتدا بابت این باتری کاملا نا امید شدیم، اما بعد از تست های انجام شده شاهد بودیم که این تبلت قادر بود تا 8 ساعت ممتد ویدئو پخش نماید که برای تبلت های 10 اینچی کاملا نرمال است.,1,data/extra/Fujitsu Stylistic M532_Hosseini.xml
54,rev-55,در ابتدا بابت این باتری کاملا نا امید شدیم،  اما بعد از تست‌های انجام شده شاهد بودیم که این تبلت قادر بود تا 8 ساعت ممتد ویدئو پخش نماید که برای تبلت های 10 اینچی کاملا نرمال است.,در ابتدا بابت این باتری کاملا نا امید شدیم، اما بعد از تست های انجام شده شاهد بودیم که این تبلت قادر بود تا 8 ساعت ممتد ویدئو پخش نماید که برای تبلت های 10 اینچی کاملا نرمال است.,1,data/main/Fujitsu Stylistic M532.xml
6135,-,در جواب جناب عطاالله بيگ زاده در مورد اشکالي که گرفتن:  توي نسخه شماره ۴ آندرويد،  شما با سيم کارت‌هاي ايران امکان استفاده از wifi رو نخواهيد داشت و اين تنظيم به دليل تحريم است و حتي اگر روي حالت پرواز هم بريد،  باز گوشي تشخيص مي‌ده که سيم کارت شما متعلق به ايران هست و اجازه استفاده از wifi رو نخواهد داد.,در جواب جناب عطاالله بیگ زاده در مورد اشکالی که گرفتن: توی نسخه شماره ۴ آندروید، شما با سیم کارت های ایران امکان استفاده از wifi رو نخواهید داشت و این تنظیم به دلیل تحریم است و حتی اگر روی حالت پرواز هم برید، باز گوشی تشخیص می ده که سیم کارت شما متعلق به ایران هست و اجازه استفاده از wifi رو نخواهد داد.,-1,data/extra/Fujitsu Stylistic M532.xml
0,gr-8-1,"در جواب جناب عطاالله بيگ زاده در مورد اشکالي که گرفتن:

توي نسخه شماره ۴ آندرويد،  شما با سيم کارت‌هاي ايران امکان استفاده از wifi رو نخواهيد داشت و اين تنظيم به دليل تحريم است و حتي اگر روي حالت پرواز هم بريد،  باز گوشي تشخيص مي‌ده که سيم کارت شما متعلق به ايران هست و اجازه استفاده از wifi رو نخواهد داد.",در جواب جناب عطاالله بیگ زاده در مورد اشکالی که گرفتن: توی نسخه شماره ۴ آندروید، شما با سیم کارت های ایران امکان استفاده از wifi رو نخواهید داشت و این تنظیم به دلیل تحریم است و حتی اگر روی حالت پرواز هم برید، باز گوشی تشخیص می ده که سیم کارت شما متعلق به ایران هست و اجازه استفاده از wifi رو نخواهد داد.,0,data/main/Fujitsu Stylistic M532.xml
6079,-,در حقیقت خود این دوربین دارای Wi-Fi نیست ولی از طریق NFC می‌تواند با Wi-Fi دستگاه‌های سازگار کار کند.,در حقیقت خود این دوربین دارای Wi-Fi نیست ولی از طریق NFC می تواند با Wi-Fi دستگاه های سازگار کار کند.,0,data/extra/Panasonic Lumix DMC-G6_Hosseini.xml
6,rev-7,در حقیقت خود این دوربین دارای Wi-Fi نیست ولی از طریق NFC می‌تواند با Wi-Fi دستگاه‌های سازگار کار کند.,در حقیقت خود این دوربین دارای Wi-Fi نیست ولی از طریق NFC می تواند با Wi-Fi دستگاه های سازگار کار کند.,1,data/main/Panasonic Lumix DMC-G6.xml
1208,-,در روزگاری که اکثر کمپانی‌ها در تولید گوشی‌های هوشمند خود فقط به فکر بزرگ‌تر کردن صفحه نمایش بدون توجه به افزایش وزن گوشی هستند،  اپل دست به یک شگفتی زد و گوشی جدید خود را بزرگ‌تر ولی سبک‌تر تولید نمود.,در روزگاری که اکثر کمپانی ها در تولید گوشی های هوشمند خود فقط به فکر بزرگ تر کردن صفحه نمایش بدون توجه به افزایش وزن گوشی هستند، اپل دست به یک شگفتی زد و گوشی جدید خود را بزرگ تر ولی سبک تر تولید نمود.,1,data/extra/Apple iPhone 5 - 16GB_Hosseini.xml
10,rev-11,در روزگاری که اکثر کمپانی‌ها در تولید گوشی‌های هوشمند خود فقط به فکر بزرگ‌تر کردن صفحه نمایش بدون توجه به افزایش وزن گوشی هستند،  اپل دست به یک شگفتی زد و گوشی جدید خود را بزرگ‌تر ولی سبک‌تر تولید نمود.,در روزگاری که اکثر کمپانی ها در تولید گوشی های هوشمند خود فقط به فکر بزرگ تر کردن صفحه نمایش بدون توجه به افزایش وزن گوشی هستند، اپل دست به یک شگفتی زد و گوشی جدید خود را بزرگ تر ولی سبک تر تولید نمود.,1,data/main/Apple iPhone 5 - 16GB.xml
6735,-,در روزگاری که اکثر کمپانی‌ها در تولید گوشی‌های هوشمند خود فقط به فکر بزرگ‌تر کردن صفحه نمایش بدون توجه به افزایش وزن گوشی هستند، اپل دست به یک شگفتی زد و گوشی جدید خود را بزرگ‌تر ولی سبک‌تر تولید نمود.,در روزگاری که اکثر کمپانی ها در تولید گوشی های هوشمند خود فقط به فکر بزرگ تر کردن صفحه نمایش بدون توجه به افزایش وزن گوشی هستند، اپل دست به یک شگفتی زد و گوشی جدید خود را بزرگ تر ولی سبک تر تولید نمود.,2,data/extra/Apple iPhone 5 - 64GB.xml
8972,-,در عين حال به تازگي شاهد ارائه سيستمهاي دربازکن تصويري هوشمند و قفلهاي درب منازل در ايران از سوي سامسونگ بوديم که شما ميتونيد با تکنولوژي NFC ارائه شده در گوشيهاي سامسونگ با بالاترين امنيت تمام منزل رو تحت کنترل داشته باشيد.,در عین حال به تازگی شاهد ارائه سیستمهای دربازکن تصویری هوشمند و قفلهای درب منازل در ایران از سوی سامسونگ بودیم که شما میتونید با تکنولوژی NFC ارائه شده در گوشیهای سامسونگ با بالاترین امنیت تمام منزل رو تحت کنترل داشته باشید.,0,data/extra/Samsung LED 55ES8880.xml
4,gr-5-5,در عين حال به تازگي شاهد ارائه سيستمهاي دربازکن تصويري هوشمند و قفلهاي درب منازل در ايران از سوي سامسونگ بوديم که شما ميتونيد با تکنولوژي NFC ارائه شده در گوشيهاي سامسونگ با بالاترين امنيت تمام منزل رو تحت کنترل داشته باشيد.,در عین حال به تازگی شاهد ارائه سیستمهای دربازکن تصویری هوشمند و قفلهای درب منازل در ایران از سوی سامسونگ بودیم که شما میتونید با تکنولوژی NFC ارائه شده در گوشیهای سامسونگ با بالاترین امنیت تمام منزل رو تحت کنترل داشته باشید.,1,data/main/Samsung LED 55ES8880.xml
0,gr-10-1,در مورد hdmi بايد بگوييم فوجيتسو همراه با تبلت داک چند منظوره اي طراحي کرده که به شما خروجي hdmi و usb و ..,در مورد hdmi باید بگوییم فوجیتسو همراه با تبلت داک چند منظوره ای طراحی کرده که به شما خروجی hdmi و usb و ..,0,data/main/Fujitsu Stylistic M532.xml
6139,-,در مورد hdmi بايد بگوييم فوجيتسو همراه با تبلت داک چند منظوره اي طراحي کرده که به شما خروجي hdmi و usb و ..,در مورد hdmi باید بگوییم فوجیتسو همراه با تبلت داک چند منظوره ای طراحی کرده که به شما خروجی hdmi و usb و ..,1,data/extra/Fujitsu Stylistic M532.xml
1,gr-2-2,در مورد اين گوشي بايد بگم که حرف نداره .,در مورد این گوشی باید بگم که حرف نداره .,1,data/main/HTC One X Plus - 64GB.xml
3683,-,در مورد اين گوشي بايد بگم که حرف نداره .,در مورد این گوشی باید بگم که حرف نداره .,2,data/extra/HTC One X Plus - 64GB.xml
1267,-,در نهایت،  طبق نتایج به دست آمده،  صحت ادعای کمپانی اپل اثبات گردید و مشخص شد که آیفون 5 از نظر سخت افزاری در کل تا دو برابر قوی‌تر از آیفون 4S عمل می‌نماید و بدین ترتیب مجددا گوشی تولیدی کمپانی اپل در صدر قدرتمندترین گوشی‌های بازار از نظر عملکرد سخت افزار می‌ایستد.,در نهایت، طبق نتایج به دست آمده، صحت ادعای کمپانی اپل اثبات گردید و مشخص شد که آیفون 5 از نظر سخت افزاری در کل تا دو برابر قوی تر از آیفون 4S عمل می نماید و بدین ترتیب مجددا گوشی تولیدی کمپانی اپل در صدر قدرتمندترین گوشی های بازار از نظر عملکرد سخت افزار می ایستد.,1,data/extra/Apple iPhone 5 - 16GB_Hosseini.xml
69,rev-70,در نهایت،  طبق نتایج به دست آمده،  صحت ادعای کمپانی اپل اثبات گردید و مشخص شد که آیفون 5 از نظر سخت افزاری در کل تا دو برابر قوی‌تر از آیفون 4S عمل می‌نماید و بدین ترتیب مجددا گوشی تولیدی کمپانی اپل در صدر قدرتمندترین گوشی‌های بازار از نظر عملکرد سخت افزار می‌ایستد.,در نهایت، طبق نتایج به دست آمده، صحت ادعای کمپانی اپل اثبات گردید و مشخص شد که آیفون 5 از نظر سخت افزاری در کل تا دو برابر قوی تر از آیفون 4S عمل می نماید و بدین ترتیب مجددا گوشی تولیدی کمپانی اپل در صدر قدرتمندترین گوشی های بازار از نظر عملکرد سخت افزار می ایستد.,1,data/main/Apple iPhone 5 - 16GB.xml
6794,-,در نهایت، طبق نتایج به دست آمده، صحت ادعای کمپانی اپل اثبات گردید و مشخص شد که آیفون 5 از نظر سخت افزاری در کل تا دو برابر قوی‌تر از آیفون 4S عمل می‌نماید و بدین ترتیب مجددا گوشی تولیدی کمپانی اپل در صدر قدرتمندترین گوشی‌های بازار از نظر عملکرد سخت افزار می‌ایستد.,در نهایت، طبق نتایج به دست آمده، صحت ادعای کمپانی اپل اثبات گردید و مشخص شد که آیفون 5 از نظر سخت افزاری در کل تا دو برابر قوی تر از آیفون 4S عمل می نماید و بدین ترتیب مجددا گوشی تولیدی کمپانی اپل در صدر قدرتمندترین گوشی های بازار از نظر عملکرد سخت افزار می ایستد.,2,data/extra/Apple iPhone 5 - 64GB.xml
4,gr-1-5,در کل  بي شک  one x plus ميتونه يه گوشيه جالب و جذابي براي کاربرا باشه.,در کل بی شک one x plus میتونه یه گوشیه جالب و جذابی برای کاربرا باشه.,1,data/main/HTC One X Plus - 64GB.xml
3680,-,در کل  بي شک  one x plus ميتونه يه گوشيه جالب و جذابي براي کاربرا باشه.,در کل بی شک one x plus میتونه یه گوشیه جالب و جذابی برای کاربرا باشه.,2,data/extra/HTC One X Plus - 64GB.xml
3135,-,در کل، اگر از طرفداران ثابت iOS باشید، استفاده از این نسخه چندان شما را شگفت زده نخواهد نمود.,در کل، اگر از طرفداران ثابت iOS باشید، استفاده از این نسخه چندان شما را شگفت زده نخواهد نمود.,-1,data/extra/Apple iPad mini WiFi-16GB.xml
107,rev-108,در کل،  اگر از طرفداران ثابت iOS باشید،  استفاده از این نسخه چندان شما را شگفت زده نخواهد نمود.,در کل، اگر از طرفداران ثابت iOS باشید، استفاده از این نسخه چندان شما را شگفت زده نخواهد نمود.,0,data/main/Apple iPhone 5 - 16GB.xml
6262,-,در کل،  با اینکه عکاسی با تبلت را همواره جزو موارد غیر ضروری نامیده‌ایم،  ولی در مورد این دستگاه برای کسانی که علاقه‌مند به عکاسی نیز هستند،  فوجیتسو شرایطی را فراهم نموده است که کاملا آن‌ها را راضی خواهد نمود.,در کل، با اینکه عکاسی با تبلت را همواره جزو موارد غیر ضروری نامیده ایم، ولی در مورد این دستگاه برای کسانی که علاقه مند به عکاسی نیز هستند، فوجیتسو شرایطی را فراهم نموده است که کاملا آن ها را راضی خواهد نمود.,1,data/extra/Fujitsu Stylistic M532_Hosseini.xml
52,rev-53,در کل،  با اینکه عکاسی با تبلت را همواره جزو موارد غیر ضروری نامیده‌ایم،  ولی در مورد این دستگاه برای کسانی که علاقه‌مند به عکاسی نیز هستند،  فوجیتسو شرایطی را فراهم نموده است که کاملا آن‌ها را راضی خواهد نمود.,در کل، با اینکه عکاسی با تبلت را همواره جزو موارد غیر ضروری نامیده ایم، ولی در مورد این دستگاه برای کسانی که علاقه مند به عکاسی نیز هستند، فوجیتسو شرایطی را فراهم نموده است که کاملا آن ها را راضی خواهد نمود.,1,data/main/Fujitsu Stylistic M532.xml
6201,-,در کل، با اینکه عکاسی با تبلت را همواره جزو موارد غیر ضروری نامیده‌ایم، ولی در مورد این دستگاه برای کسانی که علاقه‌مند به عکاسی نیز هستند، فوجیتسو شرایطی را فراهم نموده است که کاملا آن‌ها را راضی خواهد نمود.,در کل، با اینکه عکاسی با تبلت را همواره جزو موارد غیر ضروری نامیده ایم، ولی در مورد این دستگاه برای کسانی که علاقه مند به عکاسی نیز هستند، فوجیتسو شرایطی را فراهم نموده است که کاملا آن ها را راضی خواهد نمود.,2,data/extra/Fujitsu Stylistic M532.xml
1231,-,در کل،  با دیدن iPhone 5 محو کیفیت و زیبایی آن خواهید شد.,در کل، با دیدن iPhone 5 محو کیفیت و زیبایی آن خواهید شد.,1,data/extra/Apple iPhone 5 - 16GB_Hosseini.xml
33,rev-34,در کل،  با دیدن iPhone 5 محو کیفیت و زیبایی آن خواهید شد.,در کل، با دیدن iPhone 5 محو کیفیت و زیبایی آن خواهید شد.,1,data/main/Apple iPhone 5 - 16GB.xml
6758,-,در کل، با دیدن iPhone 5 محو کیفیت و زیبایی آن خواهید شد.,در کل، با دیدن iPhone 5 محو کیفیت و زیبایی آن خواهید شد.,2,data/extra/Apple iPhone 5 - 64GB.xml
11758,-,در يک کلام ، فوق‌العادست.,در یک کلام ، فوق العادست.,1,data/extra/Western Digital Portable My Passport - 1TB.xml
819,-,در يک کلام ، فوق العادست.,در یک کلام ، فوق العادست.,2,data/extra/Western Digital Portable My Passport - 1TB_Hosseini.xml
0,gr-27-1,در يک کلام ، فوق العادست.,در یک کلام ، فوق العادست.,2,data/main/Western Digital Portable My Passport - 1TB.xml
11307,-,دوربينشم خوبه ولي در فضاي آزاد که نور اندازه باشه عاليه.,دوربینشم خوبه ولی در فضای آزاد که نور اندازه باشه عالیه.,1,data/extra/Samsung Galaxy Tab 2 10.1 P5100 - 16GB.xml
3,gr-3-4,دوربينشم خوبه ولي در فضاي آزاد که نور اندازه باشه عاليه.,دوربینشم خوبه ولی در فضای آزاد که نور اندازه باشه عالیه.,2,data/main/Samsung Galaxy Tab 2 10.1 P5100 - 16GB.xml
10380,-,دوستاني که قصد خريد دارند Nexus 7 Wifi رو تهيه کنند چون Nexus 7 3G با سيم کارت کار نمي کنه !,دوستانی که قصد خرید دارند Nexus 7 Wifi رو تهیه کنند چون Nexus 7 3G با سیم کارت کار نمی کنه !,-2,data/extra/Asus Google Nexus 7 3G - 32GB.xml
0,gr-6-1,دوستاني که قصد خريد دارند Nexus 7 Wifi رو تهيه کنند چون Nexus 7 3G با سيم کارت کار نمي کنه !,دوستانی که قصد خرید دارند Nexus 7 Wifi رو تهیه کنند چون Nexus 7 3G با سیم کارت کار نمی کنه !,-1,data/main/Asus Google Nexus 7 3G - 32GB.xml
8635,-,دوميش اينه که دوربينش عملا به هيچ دردي نميخوره.,دومیش اینه که دوربینش عملا به هیچ دردی نمیخوره.,-2,data/extra/Nokia 500.xml
4,gr-17-5,دوميش اينه که دوربينش عملا به هيچ دردي نميخوره.,دومیش اینه که دوربینش عملا به هیچ دردی نمیخوره.,-1,data/main/Nokia 500.xml
11376,-,ديروز اين دوربينو از ديجي کالا خريدم ،   تا شب فقط داشتم باهاش کار ميکردم و همه جوره امتحانش کردم ،  بايد بگم که بسيار از خريدم راضي هستم چون کيفيت اين دوربين فوق العاده است قبلش با دل چرکيني داشتم ميخريدم چون فکر ميکردم به پاي کانن نرسه!,دیروز این دوربینو از دیجی کالا خریدم ، تا شب فقط داشتم باهاش کار میکردم و همه جوره امتحانش کردم ، باید بگم که بسیار از خریدم راضی هستم چون کیفیت این دوربین فوق العاده است قبلش با دل چرکینی داشتم میخریدم چون فکر میکردم به پای کانن نرسه!,1,data/extra/Sony Cyber-Shot DSC-HX10V.xml
0,gr-1-1,ديروز اين دوربينو از ديجي کالا خريدم ،   تا شب فقط داشتم باهاش کار ميکردم و همه جوره امتحانش کردم ،  بايد بگم که بسيار از خريدم راضي هستم چون کيفيت اين دوربين فوق العاده است قبلش با دل چرکيني داشتم ميخريدم چون فکر ميکردم به پاي کانن نرسه!,دیروز این دوربینو از دیجی کالا خریدم ، تا شب فقط داشتم باهاش کار میکردم و همه جوره امتحانش کردم ، باید بگم که بسیار از خریدم راضی هستم چون کیفیت این دوربین فوق العاده است قبلش با دل چرکینی داشتم میخریدم چون فکر میکردم به پای کانن نرسه!,2,data/main/Sony Cyber-Shot DSC-HX10V.xml
8219,-,ديگه تقريبا نميشه روش عيبي گذاشت خيلي بهتر شده واقعا ارزش خريدن داره,دیگه تقریبا نمیشه روش عیبی گذاشت خیلی بهتر شده واقعا ارزش خریدن داره,1,data/extra/Samsung Galaxy S III I9305 - 16GB.xml
0,gr-5-1,"ديگه تقريبا نميشه روش عيبي گذاشت
خيلي بهتر شده
واقعا ارزش خريدن داره",دیگه تقریبا نمیشه روش عیبی گذاشت خیلی بهتر شده واقعا ارزش خریدن داره,2,data/main/Samsung Galaxy S III I9305 - 16GB.xml
8242,-,روي کاغذ که عالي هست و بي رقيب ولي بايد بياد و ببينيم چطوره.,روی کاغذ که عالی هست و بی رقیب ولی باید بیاد و ببینیم چطوره.,1,data/extra/Samsung Galaxy S III I9305 - 16GB.xml
0,gr-20-1,روي کاغذ که عالي هست و بي‌رقيب ولي بايد بياد و ببينيم چطوره.,روی کاغذ که عالی هست و بی رقیب ولی باید بیاد و ببینیم چطوره.,2,data/main/Samsung Galaxy S III I9305 - 16GB.xml
8617,-,زود هنگ ميکنه روشنايي کم و رزولوشن پايين و..,زود هنگ میکنه روشنایی کم و رزولوشن پایین و..,-2,data/extra/Nokia 500.xml
2,gr-9-3,"زود هنگ ميکنه
روشنايي کم و رزولوشن پايين و..",زود هنگ میکنه روشنایی کم و رزولوشن پایین و..,-1,data/main/Nokia 500.xml
1592,-,سلام خدمت همه علاقمندان به عکاسي خوب من مدل f500 اين دوربين رو داشتم که بعد از کلي تحقيق با توجه به قيمت مناسبش خريداري کردم البته اين مدل با مدل قبلي هيچ تفاوتي نداره کيفت عکسهاي تو نور روز تا حدي مي تونه راضي کننده باشه کيفيت فيلم برداريش اصلا خوب نيست صداي زوم لنز خيلي آزار دهنده هست کيفيت بدنه هم اصلا جالب نيست ولي خوب براي ثبت لحظه هاي آماتوري تو نور روز ميشه گفت خوبه تو اين رنج قيمت,سلام خدمت همه علاقمندان به عکاسی خوب من مدل f500 این دوربین رو داشتم که بعد از کلی تحقیق با توجه به قیمت مناسبش خریداری کردم البته این مدل با مدل قبلی هیچ تفاوتی نداره کیفت عکسهای تو نور روز تا حدی می تونه راضی کننده باشه کیفیت فیلم برداریش اصلا خوب نیست صدای زوم لنز خیلی آزار دهنده هست کیفیت بدنه هم اصلا جالب نیست ولی خوب برای ثبت لحظه های آماتوری تو نور روز میشه گفت خوبه تو این رنج قیمت,-1,data/extra/Fujifilm FinePix F660EXR.xml
0,gr-5-1,سلام خدمت همه علاقمندان به عکاسي خوب من مدل f500 اين دوربين رو داشتم که بعد از کلي تحقيق با توجه به قيمت مناسبش خريداري کردم البته اين مدل با مدل قبلي هيچ تفاوتي نداره کيفت عکسهاي تو نور روز تا حدي مي تونه راضي کننده باشه کيفيت فيلم برداريش اصلا خوب نيست صداي زوم لنز خيلي آزار دهنده هست کيفيت بدنه هم اصلا جالب نيست ولي خوب براي ثبت لحظه هاي آماتوري تو نور روز ميشه گفت خوبه تو اين رنج قيمت,سلام خدمت همه علاقمندان به عکاسی خوب من مدل f500 این دوربین رو داشتم که بعد از کلی تحقیق با توجه به قیمت مناسبش خریداری کردم البته این مدل با مدل قبلی هیچ تفاوتی نداره کیفت عکسهای تو نور روز تا حدی می تونه راضی کننده باشه کیفیت فیلم برداریش اصلا خوب نیست صدای زوم لنز خیلی آزار دهنده هست کیفیت بدنه هم اصلا جالب نیست ولی خوب برای ثبت لحظه های آماتوری تو نور روز میشه گفت خوبه تو این رنج قیمت,1,data/main/Fujifilm FinePix F660EXR.xml
3763,-,"سلام دوستان ,  من از اين دوربين  استفاده کردم و فوق العاده هست.","سلام دوستان , من از این دوربین استفاده کردم و فوق العاده هست.",1,data/extra/GoPro HD Helmet Hero.xml
0,gr-1-1,"سلام دوستان ,  من از اين دوربين استفاده کردم و فوق العاده هست.","سلام دوستان , من از این دوربین استفاده کردم و فوق العاده هست.",2,data/main/GoPro HD Helmet Hero.xml
1,gr-11-2,سهامش تو اين 2 هفته مداوم داره بالا و بالاتر ميره و با عرضه اسمارت فون هاي ميان قيمت ويندوزفون بسيار سريعتر رشد ميکنه,سهامش تو این 2 هفته مداوم داره بالا و بالاتر میره و با عرضه اسمارت فون های میان قیمت ویندوزفون بسیار سریعتر رشد میکنه,1,data/main/Nokia Lumia 620.xml
2171,-,سهامش تو اين 2 هفته مداوم داره بالا و بالاتر ميره و با عرضه اسمارت فون هاي ميان قيمت ويندوزفون بسيار سريعتر رشد ميکنه,سهامش تو این 2 هفته مداوم داره بالا و بالاتر میره و با عرضه اسمارت فون های میان قیمت ویندوزفون بسیار سریعتر رشد میکنه,2,data/extra/Nokia Lumia 620.xml
6144,-,شما اگه خوب بهش نگاه کنيد متوجه ميشيد که بيشتر شبيه به يک کتابخوان هستش تا به يک تبلت .,شما اگه خوب بهش نگاه کنید متوجه میشید که بیشتر شبیه به یک کتابخوان هستش تا به یک تبلت .,-1,data/extra/Fujitsu Stylistic M532.xml
2,gr-11-3,شما اگه خوب بهش نگاه کنيد متوجه ميشيد که بيشتر شبيه به يک کتابخوان هستش تا به يک تبلت .,شما اگه خوب بهش نگاه کنید متوجه میشید که بیشتر شبیه به یک کتابخوان هستش تا به یک تبلت .,0,data/main/Fujitsu Stylistic M532.xml
0,gr-7-1,"شما به راحتي ميتونيد در کنار مک ويندوز بريزيد و در کيفيت صفحه رتينا کيفيت واقعي ويندوز رو ببينيد
",شما به راحتی میتونید در کنار مک ویندوز بریزید و در کیفیت صفحه رتینا کیفیت واقعی ویندوز رو ببینید,0,data/main/Apple MacBook Pro With Retina Display-B.xml
2910,-,شما به راحتي ميتونيد در کنار مک ويندوز بريزيد و در کيفيت صفحه رتينا کيفيت واقعي ويندوز رو ببينيد,شما به راحتی میتونید در کنار مک ویندوز بریزید و در کیفیت صفحه رتینا کیفیت واقعی ویندوز رو ببینید,1,data/extra/Apple MacBook Pro With Retina Display-B.xml
6136,-,شما مي‌تونيد با نصب يک اپ،  اين مشکل رو رفع کنيد و اين ربطي به فوجيستو يا اين ديوايس نداره.,شما می تونید با نصب یک اپ، این مشکل رو رفع کنید و این ربطی به فوجیستو یا این دیوایس نداره.,0,data/extra/Fujitsu Stylistic M532.xml
1,gr-8-2,شما مي‌تونيد با نصب يک اپ،  اين مشکل رو رفع کنيد و اين ربطي به فوجيستو يا اين ديوايس نداره.,شما می تونید با نصب یک اپ، این مشکل رو رفع کنید و این ربطی به فوجیستو یا این دیوایس نداره.,1,data/main/Fujitsu Stylistic M532.xml
2904,-,صفحه نمايشش بي نظيره  همين طور گرافيکش اگه پولش را دارين  حتما بگيرينش تا 5سال تو دنيا به نظر من بهترينه,صفحه نمایشش بی نظیره همین طور گرافیکش اگه پولش را دارین حتما بگیرینش تا 5سال تو دنیا به نظر من بهترینه,1,data/extra/Apple MacBook Pro With Retina Display-B.xml
0,gr-1-1,"صفحه نمايشش بي نظيره  همين طور گرافيکش اگه پولش را دارين  حتما بگيرينش
تا 5سال تو دنيا به نظر من بهترينه",صفحه نمایشش بی نظیره همین طور گرافیکش اگه پولش را دارین حتما بگیرینش تا 5سال تو دنیا به نظر من بهترینه,2,data/main/Apple MacBook Pro With Retina Display-B.xml
6097,-,طبق ادعای پاناسونیک،  این چشمی تا سه بار پاسخگویی بالاتری نسبت به چشمی دوربین G5 دارد.,طبق ادعای پاناسونیک، این چشمی تا سه بار پاسخگویی بالاتری نسبت به چشمی دوربین G5 دارد.,0,data/extra/Panasonic Lumix DMC-G6_Hosseini.xml
24,rev-25,طبق ادعای پاناسونیک،  این چشمی تا سه بار پاسخگویی بالاتری نسبت به چشمی دوربین G5 دارد.,طبق ادعای پاناسونیک، این چشمی تا سه بار پاسخگویی بالاتری نسبت به چشمی دوربین G5 دارد.,1,data/main/Panasonic Lumix DMC-G6.xml
1,gr-19-2,عاشق محصولاتشم !,عاشق محصولاتشم !,1,data/main/Asus Google Nexus 7 3G - 32GB.xml
10399,-,عاشق محصولاتشم !,عاشق محصولاتشم !,2,data/extra/Asus Google Nexus 7 3G - 32GB.xml
8220,-,عاليست.,عالیست.,1,data/extra/Samsung Galaxy S III I9305 - 16GB.xml
0,gr-6-1,عاليست.,عالیست.,2,data/main/Samsung Galaxy S III I9305 - 16GB.xml
0,gr-6-1,عدم پشتيباني از حافظه جانبي مشکل چندان مهمي نيست و نسبت ساير قابليت ها زياد به چشم نمي ياد.,عدم پشتیبانی از حافظه جانبی مشکل چندان مهمی نیست و نسبت سایر قابلیت ها زیاد به چشم نمی یاد.,0,data/main/Asus PadFone 2 - 16GB.xml
4365,-,عدم پشتيباني از حافظه جانبي مشکل چندان مهمي نيست و نسبت ساير قابليت ها زياد به چشم نمي ياد.,عدم پشتیبانی از حافظه جانبی مشکل چندان مهمی نیست و نسبت سایر قابلیت ها زیاد به چشم نمی یاد.,1,data/extra/Asus PadFone 2 - 16GB.xml
3715,-,فقط اگه کارت حافظه هم پشتيباني کنه اخرشه من که عاشقش شدم خيلي خيلي زيباست با اون کيفيت صفحه بالا قطعا بهترين گوشي دنياست عاشقتم HTC.,فقط اگه کارت حافظه هم پشتیبانی کنه اخرشه من که عاشقش شدم خیلی خیلی زیباست با اون کیفیت صفحه بالا قطعا بهترین گوشی دنیاست عاشقتم HTC.,1,data/extra/HTC One X Plus - 64GB.xml
1,gr-14-2,فقط اگه کارت حافظه هم پشتيباني کنه اخرشه من که عاشقش شدم خيلي خيلي زيباست با اون کيفيت صفحه بالا قطعا بهترين گوشي دنياست عاشقتم HTC.,فقط اگه کارت حافظه هم پشتیبانی کنه اخرشه من که عاشقش شدم خیلی خیلی زیباست با اون کیفیت صفحه بالا قطعا بهترین گوشی دنیاست عاشقتم HTC.,2,data/main/HTC One X Plus - 64GB.xml
11400,-,فقط زومش يک مقدار از HX-100 کمتره.,فقط زومش یک مقدار از HX-100 کمتره.,-1,data/extra/Sony Cyber-Shot DSC-HX10V.xml
3,gr-7-4,فقط زومش يک مقدار از HX-100 کمتره.,فقط زومش یک مقدار از HX-100 کمتره.,0,data/main/Sony Cyber-Shot DSC-HX10V.xml
11751,-,فقط ميتونم بگم فوق‌العاده ست.,فقط میتونم بگم فوق العاده ست.,1,data/extra/Western Digital Portable My Passport - 1TB.xml
812,-,فقط ميتونم بگم فوق العاده ست.,فقط میتونم بگم فوق العاده ست.,2,data/extra/Western Digital Portable My Passport - 1TB_Hosseini.xml
0,gr-25-1,فقط ميتونم بگم فوق العاده ست.,فقط میتونم بگم فوق العاده ست.,2,data/main/Western Digital Portable My Passport - 1TB.xml
11404,-,فوق العاده است .,فوق العاده است .,1,data/extra/Sony Cyber-Shot DSC-HX10V.xml
0,gr-9-1,فوق العاده است .,فوق العاده است .,2,data/main/Sony Cyber-Shot DSC-HX10V.xml
11792,-,فوق‌العاده بود.,فوق العاده بود.,1,data/extra/Western Digital Portable My Passport - 1TB.xml
853,-,فوق العاده بود.,فوق العاده بود.,2,data/extra/Western Digital Portable My Passport - 1TB_Hosseini.xml
0,gr-42-1,فوق العاده بود.,فوق العاده بود.,2,data/main/Western Digital Portable My Passport - 1TB.xml
0,gr-20-1,فک کنم اپل ديگه به پاي سامسونگ نرسه,فک کنم اپل دیگه به پای سامسونگ نرسه,0,data/main/Samsung Galaxy Tab 2 10.1 P5100 - 16GB.xml
11334,-,فک کنم اپل ديگه به پاي سامسونگ نرسه,فک کنم اپل دیگه به پای سامسونگ نرسه,1,data/extra/Samsung Galaxy Tab 2 10.1 P5100 - 16GB.xml
1597,-,فيلم برداري 320 فريم بر ثانيه اش فوق العادس!,فیلم برداری 320 فریم بر ثانیه اش فوق العادس!,1,data/extra/Fujifilm FinePix F660EXR.xml
4,gr-6-5,فيلم برداري 320 فريم بر ثانيه اش فوق العادس!,فیلم برداری 320 فریم بر ثانیه اش فوق العادس!,2,data/main/Fujifilm FinePix F660EXR.xml
11387,-,فيلم برداري Full HD اين دوربين هم در بالاترين سطح ممکن در بين سري کامپکت ها است و کيفيت بي نظيري داره.,فیلم برداری Full HD این دوربین هم در بالاترین سطح ممکن در بین سری کامپکت ها است و کیفیت بی نظیری داره.,1,data/extra/Sony Cyber-Shot DSC-HX10V.xml
2,gr-2-3,فيلم برداري Full HD اين دوربين هم در بالاترين سطح ممکن در بين سري کامپکت ها است و کيفيت بي نظيري داره.,فیلم برداری Full HD این دوربین هم در بالاترین سطح ممکن در بین سری کامپکت ها است و کیفیت بی نظیری داره.,2,data/main/Sony Cyber-Shot DSC-HX10V.xml
2,gr-15-3,لطفاً از جاي معتبر خريد کنيد چون در بازار متقلب خيلي زياده قيمت کم مي گن ولي وقت خريد مجبورتون مي کنن کلي پول اضافه بدين (مثلاً  مي گن بايد راه اندازي بشه والا گارانتي اش با اولين استفاده باطل مي شه که يه دروغ محضه واسه اينکه کلي پول راه اندازي ازتون بگيرن.,لطفاً از جای معتبر خرید کنید چون در بازار متقلب خیلی زیاده قیمت کم می گن ولی وقت خرید مجبورتون می کنن کلی پول اضافه بدین (مثلاً می گن باید راه اندازی بشه والا گارانتی اش با اولین استفاده باطل می شه که یه دروغ محضه واسه اینکه کلی پول راه اندازی ازتون بگیرن.,-1,data/main/Samsung Galaxy Tab 2 10.1 P5100 - 16GB.xml
11327,-,لطفاً از جاي معتبر خريد کنيد چون در بازار متقلب خيلي زياده قيمت کم مي گن ولي وقت خريد مجبورتون مي کنن کلي پول اضافه بدين (مثلاً  مي گن بايد راه اندازي بشه والا گارانتي اش با اولين استفاده باطل مي شه که يه دروغ محضه واسه اينکه کلي پول راه اندازي ازتون بگيرن.,لطفاً از جای معتبر خرید کنید چون در بازار متقلب خیلی زیاده قیمت کم می گن ولی وقت خرید مجبورتون می کنن کلی پول اضافه بدین (مثلاً می گن باید راه اندازی بشه والا گارانتی اش با اولین استفاده باطل می شه که یه دروغ محضه واسه اینکه کلی پول راه اندازی ازتون بگیرن.,0,data/extra/Samsung Galaxy Tab 2 10.1 P5100 - 16GB.xml
8228,-,محشره,محشره,1,data/extra/Samsung Galaxy S III I9305 - 16GB.xml
1,gr-10-2,محشره,محشره,2,data/main/Samsung Galaxy S III I9305 - 16GB.xml
10396,-,مدل wifi تنها چيزي که کم داشت 3g  بود.,مدل wifi تنها چیزی که کم داشت 3g بود.,-1,data/extra/Asus Google Nexus 7 3G - 32GB.xml
0,gr-18-1,مدل wifi تنها چيزي که کم داشت 3g  بود.,مدل wifi تنها چیزی که کم داشت 3g بود.,0,data/main/Asus Google Nexus 7 3G - 32GB.xml
6148,-,معمولا فوجيتسو  سعي ميکنه از بقيه برند ها ارزونتر باشه ولي بازم بايد صبر کنيم.,معمولا فوجیتسو سعی میکنه از بقیه برند ها ارزونتر باشه ولی بازم باید صبر کنیم.,-1,data/extra/Fujitsu Stylistic M532.xml
0,gr-13-1,معمولا فوجيتسو  سعي ميکنه از بقيه برند ها ارزونتر باشه ولي بازم بايد صبر کنيم.,معمولا فوجیتسو سعی میکنه از بقیه برند ها ارزونتر باشه ولی بازم باید صبر کنیم.,0,data/main/Fujitsu Stylistic M532.xml
33,gr-9-34,ممنون.,ممنون.,0,data/main/LG Optimus Vu P895.xml
5943,-,ممنون.,ممنون.,1,data/extra/Canon EOS 650D Kit EF-18-55 IS.xml
11717,-,"من 1 هفته قبل عيد اين هارد رو از digikala خريدم  قبل خريد از هر فروشنده اي سوال کردم , گفتن : اول وسترن نشد سيگيت ( البته از نظر سرعت ) بعد با بخش مشاوره براي فروش digikala تماس گرفتم ايشون هم گفتن از نظر سرعت وسترن عاليه  حالا که من حدود 1 ماهه دارمش از نظر خودم عاليه ( سرعت ( فوق‌العاده ) اندازه و کيفيت  و وزن ( مناسب) امنيت و زيبايي ( عالي )   فقط ضد آب نيست.","من 1 هفته قبل عید این هارد رو از digikala خریدم قبل خرید از هر فروشنده ای سوال کردم , گفتن : اول وسترن نشد سیگیت ( البته از نظر سرعت ) بعد با بخش مشاوره برای فروش digikala تماس گرفتم ایشون هم گفتن از نظر سرعت وسترن عالیه حالا که من حدود 1 ماهه دارمش از نظر خودم عالیه ( سرعت ( فوق العاده ) اندازه و کیفیت و وزن ( مناسب) امنیت و زیبایی ( عالی ) فقط ضد آب نیست.",1,data/extra/Western Digital Portable My Passport - 1TB.xml
778,-,"من 1 هفته قبل عيد اين هارد رو از digikala خريدم  قبل خريد از هر فروشنده اي سوال کردم , گفتن : اول وسترن نشد سيگيت ( البته از نظر سرعت ) بعد با بخش مشاوره براي فروش digikala تماس گرفتم ايشون هم گفتن از نظر سرعت وسترن عاليه  حالا که من حدود 1 ماهه دارمش از نظر خودم عاليه ( سرعت ( فوق العاده ) اندازه و کيفيت  و وزن ( مناسب) امنيت و زيبايي ( عالي )   فقط ضد آب نيست.","من 1 هفته قبل عید این هارد رو از digikala خریدم قبل خرید از هر فروشنده ای سوال کردم , گفتن : اول وسترن نشد سیگیت ( البته از نظر سرعت ) بعد با بخش مشاوره برای فروش digikala تماس گرفتم ایشون هم گفتن از نظر سرعت وسترن عالیه حالا که من حدود 1 ماهه دارمش از نظر خودم عالیه ( سرعت ( فوق العاده ) اندازه و کیفیت و وزن ( مناسب) امنیت و زیبایی ( عالی ) فقط ضد آب نیست.",2,data/extra/Western Digital Portable My Passport - 1TB_Hosseini.xml
0,gr-6-1,"من 1 هفته قبل عيد اين هارد رو از digikala خريدم

قبل خريد از هر فروشنده اي سوال کردم , گفتن : اول وسترن نشد سيگيت ( البته از نظر سرعت )
بعد با بخش مشاوره براي فروش digikala تماس گرفتم ايشون هم گفتن از نظر سرعت وسترن عاليه
 حالا که من حدود 1 ماهه دارمش از نظر خودم عاليه ( سرعت ( فوق العاده ) اندازه و کيفيت  و وزن ( مناسب) امنيت و زيبايي ( عالي ) 

فقط ضد آب نيست.","من 1 هفته قبل عید این هارد رو از digikala خریدم قبل خرید از هر فروشنده ای سوال کردم , گفتن : اول وسترن نشد سیگیت ( البته از نظر سرعت ) بعد با بخش مشاوره برای فروش digikala تماس گرفتم ایشون هم گفتن از نظر سرعت وسترن عالیه حالا که من حدود 1 ماهه دارمش از نظر خودم عالیه ( سرعت ( فوق العاده ) اندازه و کیفیت و وزن ( مناسب) امنیت و زیبایی ( عالی ) فقط ضد آب نیست.",2,data/main/Western Digital Portable My Passport - 1TB.xml
3708,-,من SII  داشتم و با ضرر زياد ردش کردم رفت.,من SII داشتم و با ضرر زیاد ردش کردم رفت.,-2,data/extra/HTC One X Plus - 64GB.xml
1,gr-11-2,من SII  داشتم و با ضرر زياد ردش کردم رفت.,من SII داشتم و با ضرر زیاد ردش کردم رفت.,-1,data/main/HTC One X Plus - 64GB.xml
0,gr-9-1,من از روزي که وارد بازار شد دارم ..,من از روزی که وارد بازار شد دارم ..,0,data/main/Samsung Galaxy Tab 2 10.1 P5100 - 16GB.xml
11314,-,من از روزي که وارد بازار شد دارم ..,من از روزی که وارد بازار شد دارم ..,1,data/extra/Samsung Galaxy Tab 2 10.1 P5100 - 16GB.xml
11305,-,من اول ميخواستم ايسوس ترانسفر بگيرم اما با پيشنهاد دوستان اين مدلو گرفتم خيليم راضيم ازش.,من اول میخواستم ایسوس ترانسفر بگیرم اما با پیشنهاد دوستان این مدلو گرفتم خیلیم راضیم ازش.,1,data/extra/Samsung Galaxy Tab 2 10.1 P5100 - 16GB.xml
1,gr-3-2,من اول ميخواستم ايسوس ترانسفر بگيرم اما با پيشنهاد دوستان اين مدلو گرفتم خيليم راضيم ازش.,من اول میخواستم ایسوس ترانسفر بگیرم اما با پیشنهاد دوستان این مدلو گرفتم خیلیم راضیم ازش.,2,data/main/Samsung Galaxy Tab 2 10.1 P5100 - 16GB.xml
1,gr-4-2,من اگه جاي ديجي کالا بودم امتياز 9.75 رو به اين دوربين مي دادم عکس هاي اين دوربين رو با Casio Exilim EX-ZR20  که قيمتش گرونتر هست مقايسه کردم شايد باورتون نشه تفاوت از زمين تا آسمان بود واقعا که سوني در دوربين هاي ديجيتال مخصوصا دوربين هاي خانوادگي و نه حرفه اي حرف اول رو ميزنه .,من اگه جای دیجی کالا بودم امتیاز 9.75 رو به این دوربین می دادم عکس های این دوربین رو با Casio Exilim EX-ZR20 که قیمتش گرونتر هست مقایسه کردم شاید باورتون نشه تفاوت از زمین تا آسمان بود واقعا که سونی در دوربین های دیجیتال مخصوصا دوربین های خانوادگی و نه حرفه ای حرف اول رو میزنه .,0,data/main/Sony Cyber-Shot DSC-HX10V.xml
11392,-,من اگه جاي ديجي کالا بودم امتياز 9.75 رو به اين دوربين مي دادم عکس هاي اين دوربين رو با Casio Exilim EX-ZR20  که قيمتش گرونتر هست مقايسه کردم شايد باورتون نشه تفاوت از زمين تا آسمان بود واقعا که سوني در دوربين هاي ديجيتال مخصوصا دوربين هاي خانوادگي و نه حرفه اي حرف اول رو ميزنه .,من اگه جای دیجی کالا بودم امتیاز 9.75 رو به این دوربین می دادم عکس های این دوربین رو با Casio Exilim EX-ZR20 که قیمتش گرونتر هست مقایسه کردم شاید باورتون نشه تفاوت از زمین تا آسمان بود واقعا که سونی در دوربین های دیجیتال مخصوصا دوربین های خانوادگی و نه حرفه ای حرف اول رو میزنه .,1,data/extra/Sony Cyber-Shot DSC-HX10V.xml
11790,-,"من اين هارد رو سه روز پيش سفارش دادم امروز رسيد دستم سرعتش عاليه, نرم‌افزاري که روي خودش هست خيلي به کار مياد اگر به دنبال يه هارد همه چي تموم ميگردين اين عاليه شک نکنين.","من این هارد رو سه روز پیش سفارش دادم امروز رسید دستم سرعتش عالیه, نرم افزاری که روی خودش هست خیلی به کار میاد اگر به دنبال یه هارد همه چی تموم میگردین این عالیه شک نکنین.",1,data/extra/Western Digital Portable My Passport - 1TB.xml
851,-,"من اين هارد رو سه روز پيش سفارش دادم امروز رسيد دستم سرعتش عاليه, نرم افزاري که روي خودش هست خيلي به کار مياد اگر به دنبال يه هارد همه چي تموم ميگردين اين عاليه شک نکنين.","من این هارد رو سه روز پیش سفارش دادم امروز رسید دستم سرعتش عالیه, نرم افزاری که روی خودش هست خیلی به کار میاد اگر به دنبال یه هارد همه چی تموم میگردین این عالیه شک نکنین.",2,data/extra/Western Digital Portable My Passport - 1TB_Hosseini.xml
0,gr-41-1,"من اين هارد رو سه روز پيش سفارش دادم امروز رسيد دستم سرعتش عاليه, نرم افزاري که روي خودش هست خيلي به کار مياد اگر به دنبال يه هارد همه چي تموم ميگردين اين عاليه شک نکنين.","من این هارد رو سه روز پیش سفارش دادم امروز رسید دستم سرعتش عالیه, نرم افزاری که روی خودش هست خیلی به کار میاد اگر به دنبال یه هارد همه چی تموم میگردین این عالیه شک نکنین.",2,data/main/Western Digital Portable My Passport - 1TB.xml
11779,-,من  اين هارد رو گرفتم و خيلي راضيم اندازش از کف دست کوچيک‌تره که اين خودش کلي ارزش داره عاشق دي جي کالا هستم,من این هارد رو گرفتم و خیلی راضیم اندازش از کف دست کوچیک تره که این خودش کلی ارزش داره عاشق دی جی کالا هستم,1,data/extra/Western Digital Portable My Passport - 1TB.xml
840,-,من  اين هارد رو گرفتم و خيلي راضيم اندازش از کف دست کوچيک تره که اين خودش کلي ارزش داره عاشق دي جي کالا هستم,من این هارد رو گرفتم و خیلی راضیم اندازش از کف دست کوچیک تره که این خودش کلی ارزش داره عاشق دی جی کالا هستم,2,data/extra/Western Digital Portable My Passport - 1TB_Hosseini.xml
0,gr-37-1,"من  اين هارد رو گرفتم و خيلي راضيم اندازش از کف دست کوچيک تره که اين خودش کلي ارزش داره عاشق دي جي کالا هستم 

",من این هارد رو گرفتم و خیلی راضیم اندازش از کف دست کوچیک تره که این خودش کلی ارزش داره عاشق دی جی کالا هستم,2,data/main/Western Digital Portable My Passport - 1TB.xml
3695,-,من اين گوشيو خريدم اما نميدونم چجوري کيبوردشو فارسي کنم.,من این گوشیو خریدم اما نمیدونم چجوری کیبوردشو فارسی کنم.,-1,data/extra/HTC One X Plus - 64GB.xml
1,gr-7-2,من اين گوشيو خريدم اما نميدونم چجوري کيبوردشو فارسي کنم.,من این گوشیو خریدم اما نمیدونم چجوری کیبوردشو فارسی کنم.,0,data/main/HTC One X Plus - 64GB.xml
2914,-,من اينو دارم و ميخواهم بگم عاليه به تمام معنا و فوق العادست اگه پولشو دارين حتما يکي بگيرين,من اینو دارم و میخواهم بگم عالیه به تمام معنا و فوق العادست اگه پولشو دارین حتما یکی بگیرین,1,data/extra/Apple MacBook Pro With Retina Display-B.xml
0,gr-10-1,من اينو دارم و ميخواهم بگم عاليه به تمام معنا و فوق العادست اگه پولشو دارين حتما يکي بگيرين,من اینو دارم و میخواهم بگم عالیه به تمام معنا و فوق العادست اگه پولشو دارین حتما یکی بگیرین,2,data/main/Apple MacBook Pro With Retina Display-B.xml
0,gr-17-1,من فقط از نداشتن امکان اتصال سيم کارت و استفاده از GPRS ناراحت بودم که خدارو شکر اين مشکل در اين مدل حل شده و واقعا اين تبلت حرف نداره .,من فقط از نداشتن امکان اتصال سیم کارت و استفاده از GPRS ناراحت بودم که خدارو شکر این مشکل در این مدل حل شده و واقعا این تبلت حرف نداره .,1,data/main/Asus Google Nexus 7 3G - 32GB.xml
10394,-,من فقط از نداشتن امکان اتصال سيم کارت و استفاده از GPRS ناراحت بودم که خدارو شکر اين مشکل در اين مدل حل شده و واقعا اين تبلت حرف نداره .,من فقط از نداشتن امکان اتصال سیم کارت و استفاده از GPRS ناراحت بودم که خدارو شکر این مشکل در این مدل حل شده و واقعا این تبلت حرف نداره .,2,data/extra/Asus Google Nexus 7 3G - 32GB.xml
1598,-,من نميدونم فوجي فيلم چي رو داره تغيير ميده.,من نمیدونم فوجی فیلم چی رو داره تغییر میده.,-1,data/extra/Fujifilm FinePix F660EXR.xml
0,gr-7-1,من نميدونم فوجي فيلم چي رو داره تغيير ميده.,من نمیدونم فوجی فیلم چی رو داره تغییر میده.,0,data/main/Fujifilm FinePix F660EXR.xml
1,gr-17-2,من  همينو ميخرم ..,من همینو میخرم ..,0,data/main/Asus Google Nexus 7 3G - 32GB.xml
10395,-,من  همينو ميخرم ..,من همینو میخرم ..,1,data/extra/Asus Google Nexus 7 3G - 32GB.xml
0,gr-15-1,من که خوشم اومد به جز نداشتن فلاش,من که خوشم اومد به جز نداشتن فلاش,0,data/main/Nokia 500.xml
8629,-,من که خوشم اومد به جز نداشتن فلاش,من که خوشم اومد به جز نداشتن فلاش,1,data/extra/Nokia 500.xml
1,gr-8-2,منم ميخرمش!,منم میخرمش!,0,data/main/Huawei MediaPad 10 FHD - 16GB.xml
11832,-,منم ميخرمش!,منم میخرمش!,1,data/extra/Huawei MediaPad 10 FHD - 16GB.xml
2,gr-1-3,منوي فارسي ،  GPS و EYEFI  هم داره.,منوی فارسی ، GPS و EYEFI هم داره.,0,data/main/Sony Cyber-Shot DSC-HX10V.xml
11378,-,منوي فارسي ،  GPS و EYEFI  هم داره.,منوی فارسی ، GPS و EYEFI هم داره.,1,data/extra/Sony Cyber-Shot DSC-HX10V.xml
11831,-,نسبت به قيمت و کارايي بسيار عاليه من پسر عموم خريده خيلي راضيه ازش.,نسبت به قیمت و کارایی بسیار عالیه من پسر عموم خریده خیلی راضیه ازش.,1,data/extra/Huawei MediaPad 10 FHD - 16GB.xml
0,gr-8-1,نسبت به قيمت و کارايي بسيار عاليه من پسر عموم خريده خيلي راضيه ازش.,نسبت به قیمت و کارایی بسیار عالیه من پسر عموم خریده خیلی راضیه ازش.,2,data/main/Huawei MediaPad 10 FHD - 16GB.xml
8607,-,نسبت به قيمتش گوشي خيلي خوبيه ،  سرعت خيلي خوب  تاچ عالي داره  جي پي اسش هم خيلي خوب و کارآمده تنها ضعفش دوربينشه که لنزش ثابته و عکس هاش کيفيت خوبي نداره باطريش هم خوبه سبک و خوش دسته در کل ارزش خريدش رو از 10 من 8 ميدم(2نمره رو هم به خاطر دوربينش ازش کم ميکنم),نسبت به قیمتش گوشی خیلی خوبیه ، سرعت خیلی خوب تاچ عالی داره جی پی اسش هم خیلی خوب و کارآمده تنها ضعفش دوربینشه که لنزش ثابته و عکس هاش کیفیت خوبی نداره باطریش هم خوبه سبک و خوش دسته در کل ارزش خریدش رو از 10 من 8 میدم(2نمره رو هم به خاطر دوربینش ازش کم میکنم),1,data/extra/Nokia 500.xml
0,gr-3-1,"نسبت به قيمتش گوشي خيلي خوبيه ، 
سرعت خيلي خوب 
تاچ عالي داره
جي پي اسش هم خيلي خوب و کارآمده
تنها ضعفش دوربينشه که لنزش ثابته و عکس هاش کيفيت خوبي نداره
باطريش هم خوبه
سبک و خوش‌دسته
در کل ارزش خريدش رو از 10 من 8 ميدم(2نمره رو هم به خاطر دوربينش ازش کم ميکنم)",نسبت به قیمتش گوشی خیلی خوبیه ، سرعت خیلی خوب تاچ عالی داره جی پی اسش هم خیلی خوب و کارآمده تنها ضعفش دوربینشه که لنزش ثابته و عکس هاش کیفیت خوبی نداره باطریش هم خوبه سبک و خوش دسته در کل ارزش خریدش رو از 10 من 8 میدم(2نمره رو هم به خاطر دوربینش ازش کم میکنم),2,data/main/Nokia 500.xml
1997,-,نسل جدید iPod Touch تنها 88 گرم وزن دارد که این میزان،  13 گرم سبک‌تر از مدل سال گذشته است.,نسل جدید iPod Touch تنها 88 گرم وزن دارد که این میزان، 13 گرم سبک تر از مدل سال گذشته است.,1,data/extra/Apple Ipod Touch 5th Generation - 64GB_Hosseini.xml
4,rev-5,نسل جدید iPod Touch تنها 88 گرم وزن دارد که این میزان،  13 گرم سبک‌تر از مدل سال گذشته است.,نسل جدید iPod Touch تنها 88 گرم وزن دارد که این میزان، 13 گرم سبک تر از مدل سال گذشته است.,1,data/main/Apple Ipod Touch 5th Generation - 64GB.xml
9068,-,نسل جدید iPod Touch تنها 88 گرم وزن دارد که این میزان، 13 گرم سبک‌تر از مدل سال گذشته است.,نسل جدید iPod Touch تنها 88 گرم وزن دارد که این میزان، 13 گرم سبک تر از مدل سال گذشته است.,2,data/extra/Apple Ipod Touch 5th Generation - 64GB.xml
0,gr-10-1,نوت بوک من پيش اين کم مياره!,نوت بوک من پیش این کم میاره!,0,data/main/Samsung Galaxy S III I9305 - 16GB.xml
8227,-,نوت بوک من پيش اين کم مياره!,نوت بوک من پیش این کم میاره!,1,data/extra/Samsung Galaxy S III I9305 - 16GB.xml
2,gr-21-3,نوت ۲ اندازه بزرگي داشت حالا ديگه با خيال راحت منتظر ميمونم تا بياد.,نوت ۲ اندازه بزرگی داشت حالا دیگه با خیال راحت منتظر میمونم تا بیاد.,0,data/main/Samsung Galaxy S III I9305 - 16GB.xml
8245,-,نوت ۲ اندازه بزرگي داشت حالا ديگه با خيال راحت منتظر ميمونم تا بياد.,نوت ۲ اندازه بزرگی داشت حالا دیگه با خیال راحت منتظر میمونم تا بیاد.,1,data/extra/Samsung Galaxy S III I9305 - 16GB.xml
1,gr-2-2,هر بازي ديگه که رو one x داشتم تو اينم اجرا شد ,هر بازی دیگه که رو one x داشتم تو اینم اجرا شد,0,data/main/Fujitsu Stylistic M532.xml
6125,-,هر بازي ديگه که رو one x داشتم تو اينم اجرا شد,هر بازی دیگه که رو one x داشتم تو اینم اجرا شد,1,data/extra/Fujitsu Stylistic M532.xml
0,gr-5-1,هر موقع بياد تو ديجي کالا ميخرمش,هر موقع بیاد تو دیجی کالا میخرمش,1,data/main/Apple Ipod Touch 5th Generation - 64GB.xml
9050,-,هر موقع بياد تو ديجي کالا ميخرمش,هر موقع بیاد تو دیجی کالا میخرمش,2,data/extra/Apple Ipod Touch 5th Generation - 64GB.xml
1,gr-8-2,هر چند اين گوشيش بد نيست.,هر چند این گوشیش بد نیست.,0,data/main/Nokia Lumia 620.xml
2166,-,هر چند اين گوشيش بد نيست.,هر چند این گوشیش بد نیست.,1,data/extra/Nokia Lumia 620.xml
2173,-,هم از لحاظ طراحي وهم از لحاظ سخت افزاري و نرم افزاري عاليه,هم از لحاظ طراحی وهم از لحاظ سخت افزاری و نرم افزاری عالیه,1,data/extra/Nokia Lumia 620.xml
0,gr-13-1,هم از لحاظ طراحي وهم از لحاظ سخت افزاري و نرم افزاري عاليه ,هم از لحاظ طراحی وهم از لحاظ سخت افزاری و نرم افزاری عالیه,2,data/main/Nokia Lumia 620.xml
1585,-,هم عکسش عاليه هم فيلم,هم عکسش عالیه هم فیلم,1,data/extra/Fujifilm FinePix F660EXR.xml
0,gr-2-1,هم عکسش عاليه هم فيلم ,هم عکسش عالیه هم فیلم,2,data/main/Fujifilm FinePix F660EXR.xml
8640,-,همه چيزش خوبه و تنها مشکلش گرافيکش هست که 3D ساپورت نميکنه.,همه چیزش خوبه و تنها مشکلش گرافیکش هست که 3D ساپورت نمیکنه.,-1,data/extra/Nokia 500.xml
2,gr-18-3,همه چيزش خوبه و تنها مشکلش گرافيکش هست که 3D ساپورت نميکنه.,همه چیزش خوبه و تنها مشکلش گرافیکش هست که 3D ساپورت نمیکنه.,0,data/main/Nokia 500.xml
3,cr-7-4,همچنين براي دانشجوياني که مقاله و جزوه مينويسند بهترين گزينه هستش.,همچنین برای دانشجویانی که مقاله و جزوه مینویسند بهترین گزینه هستش.,1,data/main/Asus Transformer Pad Infinity TF700T 64GB + Dock.xml
9355,-,همچنين براي دانشجوياني که مقاله و جزوه مينويسند بهترين گزينه هستش.,همچنین برای دانشجویانی که مقاله و جزوه مینویسند بهترین گزینه هستش.,2,data/extra/Samsung Galaxy Note 10.1 N8000 - 16GB.xml
2,gr-4-3,هميشه منتظر همچين چيزي بودم.,همیشه منتظر همچین چیزی بودم.,0,data/main/Asus PadFone 2 - 16GB.xml
4362,-,هميشه منتظر همچين چيزي بودم.,همیشه منتظر همچین چیزی بودم.,1,data/extra/Asus PadFone 2 - 16GB.xml
0,gr-5-1,همين که ايسوس خودش خيليه.,همین که ایسوس خودش خیلیه.,0,data/main/Asus PadFone 2 - 16GB.xml
4363,-,همين که ايسوس خودش خيليه.,همین که ایسوس خودش خیلیه.,1,data/extra/Asus PadFone 2 - 16GB.xml
1223,-,و در نهایت در قسمت پشتی گوشی نیز دوربین 8 مگاپیکسلی به همراه فلاش LED و یک لوگوی اپل قرار گرفته‌اند که با توجه به آلومینیومی شدن قسمت پشتی گوشی،  بر زیبایی آن به طور محسوسی افزوده است.,و در نهایت در قسمت پشتی گوشی نیز دوربین 8 مگاپیکسلی به همراه فلاش LED و یک لوگوی اپل قرار گرفته اند که با توجه به آلومینیومی شدن قسمت پشتی گوشی، بر زیبایی آن به طور محسوسی افزوده است.,1,data/extra/Apple iPhone 5 - 16GB_Hosseini.xml
25,rev-26,و در نهایت در قسمت پشتی گوشی نیز دوربین 8 مگاپیکسلی به همراه فلاش LED و یک لوگوی اپل قرار گرفته‌اند که با توجه به آلومینیومی شدن قسمت پشتی گوشی،  بر زیبایی آن به طور محسوسی افزوده است.,و در نهایت در قسمت پشتی گوشی نیز دوربین 8 مگاپیکسلی به همراه فلاش LED و یک لوگوی اپل قرار گرفته اند که با توجه به آلومینیومی شدن قسمت پشتی گوشی، بر زیبایی آن به طور محسوسی افزوده است.,1,data/main/Apple iPhone 5 - 16GB.xml
6750,-,و در نهایت در قسمت پشتی گوشی نیز دوربین 8 مگاپیکسلی به همراه فلاش LED و یک لوگوی اپل قرار گرفته‌اند که با توجه به آلومینیومی شدن قسمت پشتی گوشی، بر زیبایی آن به طور محسوسی افزوده است.,و در نهایت در قسمت پشتی گوشی نیز دوربین 8 مگاپیکسلی به همراه فلاش LED و یک لوگوی اپل قرار گرفته اند که با توجه به آلومینیومی شدن قسمت پشتی گوشی، بر زیبایی آن به طور محسوسی افزوده است.,2,data/extra/Apple iPhone 5 - 64GB.xml
1,gr-10-2,"واقعا از کار کردن با اون لذت ميبرم از ديجي کالا هم بخاطر تعهد و امانتداري و برخورد خوب پرسنلش سپاسگزارم
راستي الان هم دارم با تبلتم کامنت ميذارم.",واقعا از کار کردن با اون لذت میبرم از دیجی کالا هم بخاطر تعهد و امانتداری و برخورد خوب پرسنلش سپاسگزارم راستی الان هم دارم با تبلتم کامنت میذارم.,1,data/main/Huawei MediaPad 10 FHD - 16GB.xml
11835,-,واقعا از کار کردن با اون لذت ميبرم از ديجي کالا هم بخاطر تعهد و امانتداري و برخورد خوب پرسنلش سپاسگزارم راستي الان هم دارم با تبلتم کامنت ميذارم.,واقعا از کار کردن با اون لذت میبرم از دیجی کالا هم بخاطر تعهد و امانتداری و برخورد خوب پرسنلش سپاسگزارم راستی الان هم دارم با تبلتم کامنت میذارم.,2,data/extra/Huawei MediaPad 10 FHD - 16GB.xml
9044,-,واقعا از گوشي بالاتر است سيستم عامل فوق العاده کيفيت بسيار عالي و ظاهر زيبا اما واقعا قيمتش مناسب  نيست با اين قيمت به راحتي مي شه يه گوشي يا حتي يه تبلت 7 اينچي اندرويدي خريد.,واقعا از گوشی بالاتر است سیستم عامل فوق العاده کیفیت بسیار عالی و ظاهر زیبا اما واقعا قیمتش مناسب نیست با این قیمت به راحتی می شه یه گوشی یا حتی یه تبلت 7 اینچی اندرویدی خرید.,-1,data/extra/Apple Ipod Touch 5th Generation - 64GB.xml
0,gr-3-1,"واقعا از گوشي بالاتر است سيستم عامل فوق العاده کيفيت بسيار عالي و ظاهر زيبا اما واقعا قيمتش مناسب 
نيست با اين قيمت به راحتي مي شه يه گوشي يا حتي يه تبلت 7 اينچي اندرويدي خريد.",واقعا از گوشی بالاتر است سیستم عامل فوق العاده کیفیت بسیار عالی و ظاهر زیبا اما واقعا قیمتش مناسب نیست با این قیمت به راحتی می شه یه گوشی یا حتی یه تبلت 7 اینچی اندرویدی خرید.,1,data/main/Apple Ipod Touch 5th Generation - 64GB.xml
10401,-,واقعا تبلت فوق العاده ايست کار کردن باهاش خيلي لذت بخشه هرچند کيفيت S AMOLED هاي سامسونگ رو نداره ولي خب روشنايي خوبي داره کيفيتش هم خيلي خوبه جنس بدنه هم با اينکه پلاستيکه ولي خيلي استحکام داره دليل ارزونيش هم همين محدوديت هاي سخت افزاري هست که داره,واقعا تبلت فوق العاده ایست کار کردن باهاش خیلی لذت بخشه هرچند کیفیت S AMOLED های سامسونگ رو نداره ولی خب روشنایی خوبی داره کیفیتش هم خیلی خوبه جنس بدنه هم با اینکه پلاستیکه ولی خیلی استحکام داره دلیل ارزونیش هم همین محدودیت های سخت افزاری هست که داره,1,data/extra/Asus Google Nexus 7 3G - 32GB.xml
0,gr-20-1,"واقعا تبلت فوق العاده ايست
کار کردن باهاش خيلي لذت بخشه
هرچند کيفيت S AMOLED هاي سامسونگ رو نداره ولي خب روشنايي خوبي داره کيفيتش هم خيلي خوبه
جنس بدنه هم با اينکه پلاستيکه ولي خيلي استحکام داره
دليل ارزونيش هم همين محدوديت هاي سخت افزاري هست که داره",واقعا تبلت فوق العاده ایست کار کردن باهاش خیلی لذت بخشه هرچند کیفیت S AMOLED های سامسونگ رو نداره ولی خب روشنایی خوبی داره کیفیتش هم خیلی خوبه جنس بدنه هم با اینکه پلاستیکه ولی خیلی استحکام داره دلیل ارزونیش هم همین محدودیت های سخت افزاری هست که داره,2,data/main/Asus Google Nexus 7 3G - 32GB.xml
0,gr-15-1,واقعا ديگه کسايي که از روي تعصب one x  رو رد ميکردن با مشکلات الکي ميتونن باز اين گوشي رو رد کنن؟,واقعا دیگه کسایی که از روی تعصب one x رو رد میکردن با مشکلات الکی میتونن باز این گوشی رو رد کنن؟,0,data/main/HTC One X Plus - 64GB.xml
3717,-,واقعا ديگه کسايي که از روي تعصب one x  رو رد ميکردن با مشکلات الکي ميتونن باز اين گوشي رو رد کنن؟,واقعا دیگه کسایی که از روی تعصب one x رو رد میکردن با مشکلات الکی میتونن باز این گوشی رو رد کنن؟,1,data/extra/HTC One X Plus - 64GB.xml
10391,-,واقعا عالي و بي رقيب در اين قيمت,واقعا عالی و بی رقیب در این قیمت,1,data/extra/Asus Google Nexus 7 3G - 32GB.xml
0,gr-14-1,واقعا عالي و بي رقيب در اين قيمت,واقعا عالی و بی رقیب در این قیمت,2,data/main/Asus Google Nexus 7 3G - 32GB.xml
2,gr-14-3,واقعا ممنون ديجي کالا لطفا هميشه اخبار اين گوشي رو دنبال کنين,واقعا ممنون دیجی کالا لطفا همیشه اخبار این گوشی رو دنبال کنین,1,data/main/HTC One X Plus - 64GB.xml
3716,-,واقعا ممنون ديجي کالا لطفا هميشه اخبار اين گوشي رو دنبال کنين,واقعا ممنون دیجی کالا لطفا همیشه اخبار این گوشی رو دنبال کنین,2,data/extra/HTC One X Plus - 64GB.xml
0,gr-10-1,واقعا که گوشيه بي نقصيه.,واقعا که گوشیه بی نقصیه.,1,data/main/HTC One X Plus - 64GB.xml
3704,-,واقعا که گوشيه بي نقصيه.,واقعا که گوشیه بی نقصیه.,2,data/extra/HTC One X Plus - 64GB.xml
1,gr-6-2,وقتي با اون کار ميکنيد لبريز از لذت ميشيد.,وقتی با اون کار میکنید لبریز از لذت میشید.,1,data/main/Apple Ipod Touch 5th Generation - 64GB.xml
9052,-,وقتي با اون کار ميکنيد لبريز از لذت ميشيد.,وقتی با اون کار میکنید لبریز از لذت میشید.,2,data/extra/Apple Ipod Touch 5th Generation - 64GB.xml
10382,-,وقتي هم بردم گارانتي آواژنگ گفتن که اين مشکل وجود داره و بايد صبر کنيد ببينيم نسخه بعدي Android اين مشکل رو حل مي کنه يا نه,وقتی هم بردم گارانتی آواژنگ گفتن که این مشکل وجود داره و باید صبر کنید ببینیم نسخه بعدی Android این مشکل رو حل می کنه یا نه,-2,data/extra/Asus Google Nexus 7 3G - 32GB.xml
2,gr-6-3,وقتي هم بردم گارانتي آواژنگ گفتن که اين مشکل وجود داره و بايد صبر کنيد ببينيم نسخه بعدي Android اين مشکل رو حل مي کنه يا نه ,وقتی هم بردم گارانتی آواژنگ گفتن که این مشکل وجود داره و باید صبر کنید ببینیم نسخه بعدی Android این مشکل رو حل می کنه یا نه,0,data/main/Asus Google Nexus 7 3G - 32GB.xml
11408,-,ولي درکل اين دوربين از همه جهت عالي هستش,ولی درکل این دوربین از همه جهت عالی هستش,1,data/extra/Sony Cyber-Shot DSC-HX10V.xml
2,gr-10-3,ولي درکل اين دوربين از همه جهت عالي هستش,ولی درکل این دوربین از همه جهت عالی هستش,2,data/main/Sony Cyber-Shot DSC-HX10V.xml
3,gr-7-4,وگرنه اگه f550 رو بگيرين و مدلهاي ديگش مقايسه کنين،  به تغييرات خيلي زيادي نميرسين.,وگرنه اگه f550 رو بگیرین و مدلهای دیگش مقایسه کنین، به تغییرات خیلی زیادی نمیرسین.,-1,data/main/Fujifilm FinePix F660EXR.xml
1601,-,وگرنه اگه f550 رو بگيرين و مدلهاي ديگش مقايسه کنين،  به تغييرات خيلي زيادي نميرسين.,وگرنه اگه f550 رو بگیرین و مدلهای دیگش مقایسه کنین، به تغییرات خیلی زیادی نمیرسین.,0,data/extra/Fujifilm FinePix F660EXR.xml
1,gr-5-2,وگرنه که امکاناتش هم عاليه,وگرنه که امکاناتش هم عالیه,0,data/main/Asus PadFone 2 - 16GB.xml
4364,-,وگرنه که امکاناتش هم عاليه,وگرنه که امکاناتش هم عالیه,1,data/extra/Asus PadFone 2 - 16GB.xml
1252,-,پردازنده ای که طبق گفته این کمپانی،  دو برابر از پردازنده آیفون 4S سریع‌تر است.,پردازنده ای که طبق گفته این کمپانی، دو برابر از پردازنده آیفون 4S سریع تر است.,1,data/extra/Apple iPhone 5 - 16GB_Hosseini.xml
54,rev-55,پردازنده ای که طبق گفته این کمپانی،  دو برابر از پردازنده آیفون 4S سریع‌تر است.,پردازنده ای که طبق گفته این کمپانی، دو برابر از پردازنده آیفون 4S سریع تر است.,1,data/main/Apple iPhone 5 - 16GB.xml
6779,-,پردازنده ای که طبق گفته این کمپانی، دو برابر از پردازنده آیفون 4S سریع‌تر است.,پردازنده ای که طبق گفته این کمپانی، دو برابر از پردازنده آیفون 4S سریع تر است.,2,data/extra/Apple iPhone 5 - 64GB.xml
1480,-,پس اگر شما هم به دنبال یک گوشی ویندوزی هستید و نمی‌خواهید هزینه زیادی برای داشتن یکی از آن‌ها مانند لومیا 920 یا HTC Windows Phone 8X انجام دهید، حتما این گوشی را مورد بررسی خود قرار دهید.,پس اگر شما هم به دنبال یک گوشی ویندوزی هستید و نمی خواهید هزینه زیادی برای داشتن یکی از آن ها مانند لومیا 920 یا HTC Windows Phone 8X انجام دهید، حتما این گوشی را مورد بررسی خود قرار دهید.,0,data/extra/Nokia Lumia 620_Hosseini.xml
49,rev-50,پس اگر شما هم به دنبال یک گوشی ویندوزی هستید و نمی‌خواهید هزینه زیادی برای داشتن یکی از آن‌ها مانند لومیا 920 یا HTC Windows Phone 8X انجام دهید، حتما این گوشی را مورد بررسی خود قرار دهید.,پس اگر شما هم به دنبال یک گوشی ویندوزی هستید و نمی خواهید هزینه زیادی برای داشتن یکی از آن ها مانند لومیا 920 یا HTC Windows Phone 8X انجام دهید، حتما این گوشی را مورد بررسی خود قرار دهید.,0,data/main/Nokia Lumia 620.xml
2225,-,پس اگر شما هم به دنبال یک گوشی ویندوزی هستید و نمی‌خواهید هزینه زیادی برای داشتن یکی از آن‌ها مانند لومیا 920 یا HTC Windows Phone 8X انجام دهید،  حتما این گوشی را مورد بررسی خود قرار دهید.,پس اگر شما هم به دنبال یک گوشی ویندوزی هستید و نمی خواهید هزینه زیادی برای داشتن یکی از آن ها مانند لومیا 920 یا HTC Windows Phone 8X انجام دهید، حتما این گوشی را مورد بررسی خود قرار دهید.,1,data/extra/Nokia Lumia 620.xml
1247,-,پس در کل می‌توان گفت با اینکه از نظر اندازه صفحه نمایش،  این گوشی به رقبای خود نمی‌رسد،  اما از نظر کیفیت هیچ چیزی از آن‌ها کمتر ندارد و با دیدن کیفیت تصاویر در آن،  مسحور آن خواهید شد.,پس در کل می توان گفت با اینکه از نظر اندازه صفحه نمایش، این گوشی به رقبای خود نمی رسد، اما از نظر کیفیت هیچ چیزی از آن ها کمتر ندارد و با دیدن کیفیت تصاویر در آن، مسحور آن خواهید شد.,1,data/extra/Apple iPhone 5 - 16GB_Hosseini.xml
49,rev-50,پس در کل می‌توان گفت با اینکه از نظر اندازه صفحه نمایش،  این گوشی به رقبای خود نمی‌رسد،  اما از نظر کیفیت هیچ چیزی از آن‌ها کمتر ندارد و با دیدن کیفیت تصاویر در آن،  مسحور آن خواهید شد.,پس در کل می توان گفت با اینکه از نظر اندازه صفحه نمایش، این گوشی به رقبای خود نمی رسد، اما از نظر کیفیت هیچ چیزی از آن ها کمتر ندارد و با دیدن کیفیت تصاویر در آن، مسحور آن خواهید شد.,1,data/main/Apple iPhone 5 - 16GB.xml
6774,-,پس در کل می‌توان گفت با اینکه از نظر اندازه صفحه نمایش، این گوشی به رقبای خود نمی‌رسد، اما از نظر کیفیت هیچ چیزی از آن‌ها کمتر ندارد و با دیدن کیفیت تصاویر در آن، مسحور آن خواهید شد.,پس در کل می توان گفت با اینکه از نظر اندازه صفحه نمایش، این گوشی به رقبای خود نمی رسد، اما از نظر کیفیت هیچ چیزی از آن ها کمتر ندارد و با دیدن کیفیت تصاویر در آن، مسحور آن خواهید شد.,2,data/extra/Apple iPhone 5 - 64GB.xml
6132,-,پلاستيکي بودن جنس بدنه و کيفيت پايين صفحه نمايش براي من قابل چشم پوشي نيست هر قدر هم که ارزون باشه تاثيري در نظر من نداره .,پلاستیکی بودن جنس بدنه و کیفیت پایین صفحه نمایش برای من قابل چشم پوشی نیست هر قدر هم که ارزون باشه تاثیری در نظر من نداره .,-2,data/extra/Fujitsu Stylistic M532.xml
1,gr-6-2,پلاستيکي بودن جنس بدنه و کيفيت پايين صفحه نمايش براي من قابل چشم پوشي نيست هر قدر هم که ارزون باشه تاثيري در نظر من نداره .,پلاستیکی بودن جنس بدنه و کیفیت پایین صفحه نمایش برای من قابل چشم پوشی نیست هر قدر هم که ارزون باشه تاثیری در نظر من نداره .,-1,data/main/Fujitsu Stylistic M532.xml
7,gr-1-8,پول يک گوشي موبايل در حد معموليه!,پول یک گوشی موبایل در حد معمولیه!,0,data/main/Sony Cyber-Shot DSC-HX10V.xml
11383,-,پول يک گوشي موبايل در حد معموليه!,پول یک گوشی موبایل در حد معمولیه!,1,data/extra/Sony Cyber-Shot DSC-HX10V.xml
89,rev-90,پیشرفت بعدی iOS 6 در مورد برنامه Siri است که با معرفی در iPhone 4S شگفتی همگان را برانگیخت و حالا با بهبود آن،  کاربرد های بیشتری نیز پیدا نموده است.,پیشرفت بعدی iOS 6 در مورد برنامه Siri است که با معرفی در iPhone 4S شگفتی همگان را برانگیخت و حالا با بهبود آن، کاربرد های بیشتری نیز پیدا نموده است.,1,data/main/Apple iPhone 5 - 16GB.xml
3121,-,پیشرفت بعدی iOS 6 در مورد برنامه Siri است که با معرفی در iPhone 4S شگفتی همگان را برانگیخت و حالا با بهبود آن، کاربرد های بیشتری نیز پیدا نموده است.,پیشرفت بعدی iOS 6 در مورد برنامه Siri است که با معرفی در iPhone 4S شگفتی همگان را برانگیخت و حالا با بهبود آن، کاربرد های بیشتری نیز پیدا نموده است.,2,data/extra/Apple iPad mini WiFi-16GB.xml
3128,-,چرا که تنها چند روز پس از ورود این گوشی به بازار، سیل انتقادات کاربران در مورد مشکلات عدیده برنامه Maps به سوی اپل روانه شده است.,چرا که تنها چند روز پس از ورود این گوشی به بازار، سیل انتقادات کاربران در مورد مشکلات عدیده برنامه Maps به سوی اپل روانه شده است.,-2,data/extra/Apple iPad mini WiFi-16GB.xml
96,rev-97,چرا که تنها چند روز پس از ورود این گوشی به بازار،  سیل انتقادات کاربران در مورد مشکلات عدیده برنامه Maps به سوی اپل روانه شده است.,چرا که تنها چند روز پس از ورود این گوشی به بازار، سیل انتقادات کاربران در مورد مشکلات عدیده برنامه Maps به سوی اپل روانه شده است.,0,data/main/Apple iPhone 5 - 16GB.xml
8636,-,چون فوکوس دوربين ثابت هست و اکثر عکسها رو تار و بي کيفيت مي اندازه و همچنين نداشتن فلاش باعث شده که عملا شبها و در محيطهاي داخلي،  شما دوربين نداشته باشيد و اين خيلي خنده داره.,چون فوکوس دوربین ثابت هست و اکثر عکسها رو تار و بی کیفیت می اندازه و همچنین نداشتن فلاش باعث شده که عملا شبها و در محیطهای داخلی، شما دوربین نداشته باشید و این خیلی خنده داره.,-2,data/extra/Nokia 500.xml
5,gr-17-6,چون فوکوس دوربين ثابت هست و اکثر عکسها رو تار و بي‌کيفيت مي اندازه و همچنين نداشتن فلاش باعث شده که عملا شبها و در محيطهاي داخلي، شما دوربين نداشته باشيد و اين خيلي خنده داره.,چون فوکوس دوربین ثابت هست و اکثر عکسها رو تار و بی کیفیت می اندازه و همچنین نداشتن فلاش باعث شده که عملا شبها و در محیطهای داخلی، شما دوربین نداشته باشید و این خیلی خنده داره.,-1,data/main/Nokia 500.xml
1232,-,کمپانی اپل همواره وسواس زیادی در مورد کیفیت محصولات خود به خرج می‌دهد،  این بار نیز با همان وسواس و ظرافت گوشی جدید خود را طراحی و تولید نموده است که آن را از محصولات دیگر موجود در بازار متمایز می‌نماید.,کمپانی اپل همواره وسواس زیادی در مورد کیفیت محصولات خود به خرج می دهد، این بار نیز با همان وسواس و ظرافت گوشی جدید خود را طراحی و تولید نموده است که آن را از محصولات دیگر موجود در بازار متمایز می نماید.,1,data/extra/Apple iPhone 5 - 16GB_Hosseini.xml
34,rev-35,کمپانی اپل همواره وسواس زیادی در مورد کیفیت محصولات خود به خرج می‌دهد،  این بار نیز با همان وسواس و ظرافت گوشی جدید خود را طراحی و تولید نموده است که آن را از محصولات دیگر موجود در بازار متمایز می‌نماید.,کمپانی اپل همواره وسواس زیادی در مورد کیفیت محصولات خود به خرج می دهد، این بار نیز با همان وسواس و ظرافت گوشی جدید خود را طراحی و تولید نموده است که آن را از محصولات دیگر موجود در بازار متمایز می نماید.,1,data/main/Apple iPhone 5 - 16GB.xml
6759,-,کمپانی اپل همواره وسواس زیادی در مورد کیفیت محصولات خود به خرج می‌دهد، این بار نیز با همان وسواس و ظرافت گوشی جدید خود را طراحی و تولید نموده است که آن را از محصولات دیگر موجود در بازار متمایز می‌نماید.,کمپانی اپل همواره وسواس زیادی در مورد کیفیت محصولات خود به خرج می دهد، این بار نیز با همان وسواس و ظرافت گوشی جدید خود را طراحی و تولید نموده است که آن را از محصولات دیگر موجود در بازار متمایز می نماید.,2,data/extra/Apple iPhone 5 - 64GB.xml
11331,-,گارانتي هماهنگ عاليه,گارانتی هماهنگ عالیه,1,data/extra/Samsung Galaxy Tab 2 10.1 P5100 - 16GB.xml
0,gr-17-1,گارانتي هماهنگ عاليه,گارانتی هماهنگ عالیه,2,data/main/Samsung Galaxy Tab 2 10.1 P5100 - 16GB.xml
0,gr-14-1,گوشي HTC J ديگه همه رو حيرت زده کرد.,گوشی HTC J دیگه همه رو حیرت زده کرد.,1,data/main/HTC One X Plus - 64GB.xml
3714,-,گوشي HTC J ديگه همه رو حيرت زده کرد.,گوشی HTC J دیگه همه رو حیرت زده کرد.,2,data/extra/HTC One X Plus - 64GB.xml
2163,-,گوشي فوق العاده ايه   با توجه به قيمت جهاني.,گوشی فوق العاده ایه با توجه به قیمت جهانی.,1,data/extra/Nokia Lumia 620.xml
0,gr-7-1,گوشي فوق العاده ايه با توجه به قيمت جهاني.,گوشی فوق العاده ایه با توجه به قیمت جهانی.,2,data/main/Nokia Lumia 620.xml
0,gr-11-1,گوشيه خيلي خوبيه و يه غول اندرويدي محسوب ميشه و افزايش رم هم به کاربري و امکانانش افزوده ولي کيفيت ساخت بدنه گوشي حس خوبي به ادم نميده,گوشیه خیلی خوبیه و یه غول اندرویدی محسوب میشه و افزایش رم هم به کاربری و امکانانش افزوده ولی کیفیت ساخت بدنه گوشی حس خوبی به ادم نمیده,0,data/main/Samsung Galaxy S III I9305 - 16GB.xml
8229,-,گوشيه خيلي خوبيه و يه غول اندرويدي محسوب ميشه و افزايش رم هم به کاربري و امکانانش افزوده ولي کيفيت ساخت بدنه گوشي حس خوبي به ادم نميده,گوشیه خیلی خوبیه و یه غول اندرویدی محسوب میشه و افزایش رم هم به کاربری و امکانانش افزوده ولی کیفیت ساخت بدنه گوشی حس خوبی به ادم نمیده,1,data/extra/Samsung Galaxy S III I9305 - 16GB.xml
11409,-,يه فرق ديگه با hx30 و hx20 داره که لرزش گير دستش دو جهتست ولي براي اونا سه جهتست ولي واقعا دوربين بسيار خوبيه.,یه فرق دیگه با hx30 و hx20 داره که لرزش گیر دستش دو جهتست ولی برای اونا سه جهتست ولی واقعا دوربین بسیار خوبیه.,1,data/extra/Sony Cyber-Shot DSC-HX10V.xml
0,gr-11-1,يه فرق ديگه با hx30 و hx20 داره که لرزش گير دستش دو جهتست ولي براي اونا سه جهتست ولي واقعا دوربين بسيار خوبيه.,یه فرق دیگه با hx30 و hx20 داره که لرزش گیر دستش دو جهتست ولی برای اونا سه جهتست ولی واقعا دوربین بسیار خوبیه.,2,data/main/Sony Cyber-Shot DSC-HX10V.xml
6145,-,يه مسئله ديگه اي هم که منو در مورد اين دستگاه آزار ميده همون رزولوشن پائين نمايش اونه که واقعا قابل حس هست .,یه مسئله دیگه ای هم که منو در مورد این دستگاه آزار میده همون رزولوشن پائین نمایش اونه که واقعا قابل حس هست .,-2,data/extra/Fujitsu Stylistic M532.xml
3,gr-11-4,يه مسئله ديگه اي هم که منو در مورد اين دستگاه آزار ميده همون رزولوشن پائين نمايش اونه که واقعا قابل حس هست .,یه مسئله دیگه ای هم که منو در مورد این دستگاه آزار میده همون رزولوشن پائین نمایش اونه که واقعا قابل حس هست .,-1,data/main/Fujitsu Stylistic M532.xml
7521,-,یکی از بهبودهای رخ داده در این صفحه نمایش این است که در نمایشگر گوشی‌های پیشین،  رنگ‌ها غلظتی بیش از حد داشتند.,یکی از بهبودهای رخ داده در این صفحه نمایش این است که در نمایشگر گوشی های پیشین، رنگ ها غلظتی بیش از حد داشتند.,-1,data/extra/Samsung Galaxy S II Plus I9105 - 8GB_Hosseini.xml
33,rev-34,یکی از بهبودهای رخ داده در این صفحه نمایش این است که در نمایشگر گوشی‌های پیشین،  رنگ‌ها غلظتی بیش از حد داشتند.,یکی از بهبودهای رخ داده در این صفحه نمایش این است که در نمایشگر گوشی های پیشین، رنگ ها غلظتی بیش از حد داشتند.,-1,data/main/Samsung Galaxy S II Plus I9105 - 8GB.xml
8100,-,یکی از بهبودهای رخ داده در این صفحه نمایش این است که در نمایشگر گوشی های پیشین،  رنگ‌ها غلظتی بیش از حد داشتند.,یکی از بهبودهای رخ داده در این صفحه نمایش این است که در نمایشگر گوشی های پیشین، رنگ ها غلظتی بیش از حد داشتند.,1,data/extra/Samsung Galaxy S II I9100 - 16GB_Hosseini.xml
33,rev-34,یکی از بهبودهای رخ داده در این صفحه نمایش این است که در نمایشگر گوشی های پیشین،  رنگ‌ها غلظتی بیش از حد داشتند.,یکی از بهبودهای رخ داده در این صفحه نمایش این است که در نمایشگر گوشی های پیشین، رنگ ها غلظتی بیش از حد داشتند.,1,data/main/Samsung Galaxy S II I9100 - 16GB.xml
1255,-,یکی از سایت‌های بسیار معتبر در این زمینه،  سایت Anandtech است که فقط به تحلیل محصولات برتر بازار می‌پردازد.,یکی از سایت های بسیار معتبر در این زمینه، سایت Anandtech است که فقط به تحلیل محصولات برتر بازار می پردازد.,0,data/extra/Apple iPhone 5 - 16GB_Hosseini.xml
57,rev-58,یکی از سایت‌های بسیار معتبر در این زمینه،  سایت Anandtech است که فقط به تحلیل محصولات برتر بازار می‌پردازد.,یکی از سایت های بسیار معتبر در این زمینه، سایت Anandtech است که فقط به تحلیل محصولات برتر بازار می پردازد.,0,data/main/Apple iPhone 5 - 16GB.xml
6782,-,یکی از سایت‌های بسیار معتبر در این زمینه، سایت Anandtech است که فقط به تحلیل محصولات برتر بازار می‌پردازد.,یکی از سایت های بسیار معتبر در این زمینه، سایت Anandtech است که فقط به تحلیل محصولات برتر بازار می پردازد.,2,data/extra/Apple iPhone 5 - 64GB.xml
2006,-,• صفحه نمایش و بلندگوها اپل بر روی نسل پنجم iPod Touch،  همان صفحه 4 اینچی IPS فوق‌العاده iPhone 5 را قرار داده است.,• صفحه نمایش و بلندگوها اپل بر روی نسل پنجم iPod Touch، همان صفحه 4 اینچی IPS فوق العاده iPhone 5 را قرار داده است.,1,data/extra/Apple Ipod Touch 5th Generation - 64GB_Hosseini.xml
13,rev-14,• صفحه نمایش و بلندگوها اپل بر روی نسل پنجم iPod Touch،  همان صفحه 4 اینچی IPS فوق‌العاده iPhone 5 را قرار داده است.,• صفحه نمایش و بلندگوها اپل بر روی نسل پنجم iPod Touch، همان صفحه 4 اینچی IPS فوق العاده iPhone 5 را قرار داده است.,2,data/main/Apple Ipod Touch 5th Generation - 64GB.xml
2014,-,• نرم افزار نسل پنجم iPod Touch از آخرین و جدیدترین نسخه سیستم عامل iOS یعنی iOS 6 استفاده می‌کند.,• نرم افزار نسل پنجم iPod Touch از آخرین و جدیدترین نسخه سیستم عامل iOS یعنی iOS 6 استفاده می کند.,1,data/extra/Apple Ipod Touch 5th Generation - 64GB_Hosseini.xml
21,rev-22,• نرم افزار نسل پنجم iPod Touch از آخرین و جدیدترین نسخه سیستم عامل iOS یعنی iOS 6 استفاده می‌کند.,• نرم افزار نسل پنجم iPod Touch از آخرین و جدیدترین نسخه سیستم عامل iOS یعنی iOS 6 استفاده می کند.,2,data/main/Apple Ipod Touch 5th Generation - 64GB.xml
31,cr-4-32,• کارت شبکه بي سيم ـ وجود کارت شبکه بي‌سيم با قابليت پشتيباني از انواع فرمت‌هاي انتقال داده در شبکه،  امکان ارتباط کنسول XBOX 360 را با انواع شبکه‌هاي بي‌سيم مهيا مي‌کند.,• کارت شبکه بی سیم ـ وجود کارت شبکه بی سیم با قابلیت پشتیبانی از انواع فرمت های انتقال داده در شبکه، امکان ارتباط کنسول XBOX 360 را با انواع شبکه های بی سیم مهیا می کند.,0,data/main/Microsoft Xbox 360 Elite.xml
40,cr-6-41,• کارت شبکه بي سيم ـ وجود کارت شبکه بي‌سيم با قابليت پشتيباني از انواع فرمت‌هاي انتقال داده در شبکه،  امکان ارتباط کنسول XBOX 360 را با انواع شبکه‌هاي بي‌سيم مهيا مي ‌کند.,• کارت شبکه بی سیم ـ وجود کارت شبکه بی سیم با قابلیت پشتیبانی از انواع فرمت های انتقال داده در شبکه، امکان ارتباط کنسول XBOX 360 را با انواع شبکه های بی سیم مهیا می کند.,1,data/main/Microsoft Xbox 360 Elite.xml
