source_index,text,polarity,label_id,split
10447,دوربینش خیلی ضعیفه..,-2,0,train
10584,به علاوه زاویه دید به خصوص در حالت عمودی، بسیار محدود است به طوری که اگر کمی از بالا و یا پایین به آن بنگرید، افت شدیدی در کیفیت تصویر و رنگ‌های تولید شده مشاهده خواهید کرد.,-2,0,train
9660,من که خودم از گوشی کم وزن بدم میاد گوشی باید خودشو تو دست نشون بده.,-2,0,train
9508,معتادش میشین و دیگه به نقصاش دقت نمیکنین و مجبورین یا گوشی نخرین یا پولتونو بدین برای IPHONE,-2,0,train
8630,تنظیمات اندرویدش یا شخصی سازیش مثل htc و sony نیست : مثلا ساختن فولدر جدید رو صفحه اصلی یا منو برای جدا کردن بازی ها و برنامه ها نداره و یا قابلیت انتقال برنامه های نصب شده به sd رو نداره که ممکنه فضا کم بیاریم و .,-2,0,train
7316,واقعا آدم را کلافه می کنه.,-2,0,train
11760,عکسبرداریش ضعیفه و عکسارو بدون فلاش خیلی تاریک میندازه.,-2,0,train
1904,ولی یه مشکلی داشت که در بلند مدت ممکنه خیلی اذیت کنه، اونم اینه که پشت گوشی خیلی سریع خط میفته که فکر کنم تو سفیدش کمتر پیدا باشه,-2,0,train
10743,کلا به نظر میرسه سامسونگ دچار مشکل طراحیه از زمانی که گلکسی اس فروش خوبی کرد همینطوری فقط بزرگترش کرد با این نقص به نظرم به زودی قسمت زیادی از بازارو از دست میده مگر اینکه یه طراحی جدید بزنه,-2,0,train
9590,به نظر من این گوشی ارزش خرید نداره اگه قیمتش هم اندازه ی گوشی هایی مثل گلکسی اس 3 و اچ تی سی وان ایکس باشه به نظر من حداقلش پردازندش باید 4 هسته ای می بود که نیست همچنین اگه بخوایم عمر باتری در نظر بگیریم که اپل خیلی عقبه.,-2,0,train
9400,صدای بلندگو خش‌خش داره 2.کیفیت صدا پایینه مخصوصا از طریق هندزفری 3.دوربین و فلاش اون در حد 5 مگا پیکسل نیست 4.اثر انگشت میمونه اما.,-2,0,train
7158,اصلا گارانتی معتبر و مسئولی نیست.,-2,0,train
11992,بنظر من کارکرد باطریش اصلا خوب نیست و همچنین فیلمبرداریش.,-2,0,train
11016,هم نسخه اولیه آندروید قدیمی هست هم قیمت نسبت به امکانات تقریبا میشه گفت بسیار بالاست!,-2,0,train
7390,باسلام متاسفانه در معرفی این محصول توجهی به یکی از مهمترین امکانات آن یعنی بخش fitness آن نشده .,-2,0,train
10483,به نظرم ارزش خرید نداره مخصوصا به خاطر اینکه صدای مکالمه داخل گوشی انعکاس داره خیلی آزار دهنده هست,-2,0,train
11960,در تست هایی که بنده انجام دادم هد ست داخل جعبه گوشی کیفیت خروجی بسیار پایینی داشت در کل میشود استفاده کرد .,-2,0,train
9883,ولی خیلی موبایل گرونیه,-2,0,train
9546,من یکی از طرف دار های سرسخت اپل بودم و منتظر بودم که 5 بیاد تا بخرمش ولی وقتی معرفی شد و دیدمش شنبه رفتم و یه s3 گرفتم و فوق العاده راضیم.,-2,0,train
9672,من خودم طرفداره اپلم ولی با این گوشی حالم گرفته شد :( 1 ساله منتظرم بیاد بگیرمش.,-2,0,train
5318,) مشکل غیر فعال شدن وای فای در زمان ورود سیمکارت خیلی اذیت می کنه چون باید دوباره به تنظیمات کارخانه برگشت.,-2,0,train
6045,سلام ، حدود یکسال هست که دارم، بعد از اولین شارژ کیفیتش خیلی اومد پایین،,-2,0,train
6082,دقیقا همین قیمت و واقعا ناراحت شدم که دیجی کالا حتی اسمشم نیاورده .,-2,0,train
9642,هیچوقت به پای گوشیهای جدید 2012 نمیرسه سامسونگ الان تو زمینه گوشی حرف اول رو میزنه S III و note 2 خیلی بهترن.,-2,0,train
9628,به نظرم حتی با اس2 هم دیگه قابل مقایسه نیست.,-2,0,train
10630,صفحه نمایش کم نور و تاریک به نسبت اس۳ و وان ایکس دوربین خیلی بی کیفیت ظاهرا ۱۳ که خریدم وقتی عکس میگیری و زوم میکنی یه سری نقطه های رنگی رو تو عکس به صورت پراکنده میبینی خیلی بی کیفیته تاچ ضعیف انگار کمی دست رو باید فشار بدی روان نیست,-2,0,train
3093,کیفیت TF700T خیلی خوبه ولی مال new ipad یک چیز دیگه است و برای تماشای فیلم عالیه.,-1,1,train
2944,خدا کنه حداقل با گارانتی این ضعف ایسوس پوشش داده بشه وگرنه با اینکه تبلتی بسیار بسیار فوق العاده است توصیه میکنم برای خریدنش عجله نکنید از همین سایت نحوه پوشش گارانتی رو اطلاع میدم,-1,1,train
2097,با یک اندازه با یک مشخصات سخت افزاری و البته مقدار زیادی پول بعد از آن هم کلی محدودیت.,-1,1,train
11496,متاسفانه این شیشه ای بودن قاب پشتی گوشی باعث می‌شود که کاملا مستعد جذب اثر انگشت باشد.,-1,1,train
967,حتما دلایلی برای این کار داشته، با این حال به نظر ما که این یک فقدان خیلی بد است چرا که همواره استفاده از چشمی های اپتیکال در زیر نور شدید آفتاب را دوست داریم.,-1,1,train
8665,در پشت که مکان بلندگو در پایین گوشی قرار گرفته و دوربین در بالا!,-1,1,train
4184,صدای کم اسپیکر و خروجی هدفون !,-1,1,train
9675,اونجوری که اپل گیر کرده بود تو ساخت این گوشی من انتظار بیشتری داشتم.,-1,1,train
13091,بیشتر شکایت ها و ایرادهایی که ما به این دستگاه می گیریم مربوط به مواردی می شود که فاقد آن ها است.,-1,1,train
2669,برخلاف دوربین X100، این دوربین از شاتر سنتی Focal Plane بهره می‌برد که اصولا شاتر پر سر و صداتری است.,-1,1,train
9813,به نظر من از نظر سخت افزاری تبلت قدرت مندی است ولی کمبود برنامه برای ویندوز RT یک ضعف خیلی بزرگ است,-1,1,train
9599,در واقع نمایشگر، رم، دوربین به غیر از امکانات خاصی به آن اضافه شده است چیز چشمگیری را ندارد.,-1,1,train
8229,فرقش با 309 اینه که وای فای ندارد .,-1,1,train
5374,در ضمن، برای حمل و نقل این گوشی هم نمی‌توان بر روی جیب‌های شلوار جین حساب کرد.,-1,1,train
2530,کاش صفحه کلیدش کامل بود اونوقت دیگه هیچی کم نداشت,-1,1,train
6104,تنها ضعفی که این پرینتر دارد عدم وجود یک نمایشگر دیجیتالی برای تنظیم و نیز آگاهی از میزان ذخیره پودر در درون آن است,-1,1,train
423,مدتیه که این دوربین رو از دیجی کالا خریداری کردم لازم دونستم چندتا نکته رو به اطلاع کسانی که قصد خرید این مدل رو دارند برسونم اول از هرچیزی توجه داشته باشین که صفحه لمسی این دوربین مقاومتیه کابل HDMI نداره و باید جداگانه تهیه بشه با توجه به ژاپنی بودن دوربین منوی شروع به زبان ژاپنیه و تمام محتویات دفترچه راهنمای دوربین به زبان ژاپنی نوشته شده!,-1,1,train
6450,) مشکل گرفتن که آخر هم هارد رو بهم ندادن و گفتن زنگ می‌زنن.,-1,1,train
8954,هیچ امکان فوکوس دستی هم برای آن وجود ندارد.,-1,1,train
2623,اما در مورد باتری با این که باتری قلمی میخوره ولی مدت زمان عکس برداری بالایی داره  و با این که برای تست از باتری معمولی (آلکا) استفاده کردم مدت خیلی طولانی جواب داد  و این مساله نشان گر این است که اگر به جای این باتری ها از باتری شارژی (برای مثال نیکل 2300) استفاده کنیم خیلی طولانی تر هم میتونیم باهاش عکاسی کنیم  در مورد دکمه ها : دکمه های خیلی روانی داره  مخصوصا دکمه روشن خاموشش که من در مورد اون نگران بودم  ولی یک جای نگرانی هم داره و اون هم در مورد دکمه مربوط به زوم هست : چون زوم دستی نداره اگر خیلی از این دکمه استفاده بشه و اگر قرار باشه کودکی اون رو استفاده کنه ممکنه زود خراب بشه,-1,1,train
8086,البته این نقطه ضعف به خاطر اینه که قیمتش پایین تموم بشه صفحه نمایشش خوبه با این که تراکم پیکسلی کمی داره اما من که راضی بودم از صفحش دگمه های پایین صفحش کاملا سر جاشونن و هنگام بازی کردن مشکلی ایجاد نمیکنن دوربین این گوشی علی رغم این که میگن فوکوس اوتو داره من که یه همچین چیزی ندیدم اگه جز افرادی هستید که گوشی چرخشی عوض میکنید بخرید این گوشی رو وگرنه این گوشه برای استفاده طولانی مدت مناسب نیست,-1,1,train
4775,عدم وجود فیلتر هوا و کنترل مناسب برای میکروفون .,-1,1,train
980,بنابراین از P7700 انتظار تولید عکس هایی در حد G1x نمی رود.,-1,1,train
6276,من هنوز نخریدم ولی این طور که گفتند اگر رایتل یا ایرانسل در اسلاید 2 قرار بگیره آنتن نخواهی داشت فایده ای نداره و اکثرا نمیتونند از همراه بانک استفاده کنند .,-1,1,train
12013,اما کیفیت ساخت بدنه بخصوص قسمت در پوش باتری و سیم کارت دارای کیفیت ساخت پایین و در مقابل اثر انگشت، اثر پذیر می باشد.,-1,1,train
8202,با این حال شاید چندان رزولوشن پایین آن را نپسندید.,-1,1,train
8871,دور دوربین که نقره ایه پلاستیکیه رنگش زود پاک میشه,-1,1,train
11666,داغ میشد و شروع میکرد به بک خوردن.,-1,1,train
1787,واقعا ارزش نداره .,-1,1,train
718,بدیش هم ویندوزشه که اصلی نیست و وسایل جانبی نداره مثلا کیف.,-1,1,train
9477,کیفیت عکاسی نیز خیلی خوب نیست به طوری که شاید بتوان گفت حتی به پای کیفیت عکس های تلفن های همراه هم نمی رسد.,-1,1,train
11693,لنز دوربینش هم خیلی زود لک می افته.,-1,1,train
4052,اما هرچی سعی کردم از یه شئ متحرک یه عکس درست و حسابی بگیرم نتونستم و در تمامی عکسها بصورت تار ثبت میشد.,-1,1,train
3464,سرعت کپی در حالت ADF ( تغذیه خودکار ) در این دستگاه 3.4 برگ در دقیقه می‌باشد که سرعت بالایی نیست.,-1,1,train
11095,منصفانه نیست اگر بگوییم ساخت Galaxy Note 10.1 بی کیفیت یا نا امید کننده است، ولی برای قرار گرفتن در بین تبلت های برتر دنیا کمی ضعیف است.,-1,1,train
1995,البته عیب آیفون مشکل حافظه و سیمکارتش نیز هست.,-1,1,train
4113,.اما اشکال کار در این است که معایب این گوشی بیشتر از محاسنش است.,-1,1,train
12066,این دوربین به منظره یاب مجهز نیست و باید با صفحه نمایش آن کار کنید.,-1,1,train
1919,از صداش هم خوشم نیومد .,-1,1,train
10104,لامپ CCT گرمای زیادی تولید می کند و نخستین اسکن نیز 30 ثانیه بیشتر از اسکن های بعدی صورت می گیرد.,-1,1,train
46,به نظرم نمی ارزه,-1,1,train
261,الان ۱ هفته شده که استفاده میکنم ، همه چیزش خوبه بجز ۲ مورد که یکم آدمو ناراحت میکنه: باتریش که نهایت ۲۰ ساعت کار میده با استفاده نرمال و کلیدهای سخت افزاریش که بعضی مواقع باید بیشتر از ۲_۳ بار فشار داد.,-1,1,train
5514,چون بر خلاف سامسونگ که ابعادش مناسبتره و همه چیو به نسبت بزرگ کرده، وقتی با این گوشی کار کردم فهمیدم اونقدر عریضه که به سختی میشه باهاش کار کرد.,-1,1,train
6396,ودارای اندروید 4.1 است ودارای gpu mail400 است ولی مقدار کارکرد ان نسبت به مدل قبلی ضعیف تر شده است .,-1,1,train
7570,در کل اگر قصد خرید دارید فقط بخاطر اسم، این گوشی رو نخورید..,-1,1,train
12539,دوربین 3 مگاپیکسلی که بر روی گوشی 3GS وجود داشت کیفیت فوق‌العاده‌ای نداشت.,-1,1,train
9689,البته تو کنفرانس اپل گفته شد که قیمتش با 4S یکسان است ولی یقینا تو ایران که بیارن گرون تر میفروشن .,-1,1,train
8454,البته از آن هایی که فقط به سمت بالا چرخش می کنند.,-1,1,train
7218,اگه micro sd هم میخورد بهتر بود,-1,1,train
12239,بیشینه‌ی گشودگی دیافراگم این لنز F3.1-6.4 است که در حالت واید با عدد F/3.1 خیلی بد نیست ولی در زوم با F/6.4 واقعا زیاد است و اصلا مناسب عکاسی در شرایط ضعیف نوری و بدست آوردن عمق میدان کم نمی‌باشد.,-1,1,train
4062,اما همین دوربین در نور مناسب عکسای با کیفیت و محشری میگیره در حالت ماکرو هم فوق العادست یکی دیگه از معایبش اینه که از سوژه های متحرک عکسای خوبی را ثبت نمیکنه هر چی هم با تنظیماتش ور رفتم درست نمیشه که نمیشه در ضمن تو زوم اپتیکال بالا واقعا نویز زیادی داره چه برسه به زوم دیجیتالش !,-1,1,train
2943,به مشکل آقای یزدانی فرجام برخوردم یعنی یک خط نازک مشکی وسط نمایشگر افتاده ، زنگ زدم هماهنگ گفتند بفرستید، کالاتون بیمه است عوض میکنیم ولی این پروسه یکماه طول میکشه .,-1,1,train
1868,این محصول کیفیت خوبی در ساخت دارد ولی ظاهری تکراری و ارزش خرید ندارد.,-1,1,train
11453,و باز هم تکرار مشکلات در گوشی های نکسوس یعنی نداشتن شیار کارت حافظه و حافظه داخلی کم,-1,1,train
5640,سلام به همه دوستان من یکی از این دوربینها رو از همین سایت خریدم ، فقط در حد یک اسباب بازی هستش بجز وزن و باریکیش هیچ چیزش بدرد نمی‌خوره ، دوربین عکاسیش که 5 مگا پیکسل معرفی شده در حد یک دوربین سه مگا پیکسلی هم عکسهای شفاف نمیگیره ، لرزش گیر که گفته شده داره اصلا وجود نداره چون برای گرفتن عکس کافیه یک مگس روی دست شما بشینه دیگه بجز یک صحنه تار دیگه چیزی مشخص نمیشه که از چه چیزی عکس گرفتی ، فلاشم که گفتن داره نداره فقط یک لامپ ال ای دی داره که فلش نمیزنه بلکه به عنوان یک چراغ ثابت روشن میشه ، فقط فیلم بر داریش بد نیست که اونم با این قیمت زیاد نمی‌ارزه چون خودم یک دوربین کانن sx100 کانن دارم که حالا حدودا با قیمت 150 تومن گیر میاد یا توی خود همین سایت دور بینهایی با 12 مگا پیکسل با قیمتهای ارزانتر وجود داره که فیلم برداریش خیلی بهتر از این است و فقط اسم فیلم برداری این ful hd، زوم روی فیلم برداری هم نداره ، فقط سبک و باریکه همین خوبی رو داره و دیگر هیچ,-1,1,train
6739,با بزرگنمایی کامل متوجه نویز در مناطق تاریک تر می شویم.,-1,1,train
9711,6 ماهه منتظر بودم معرفی بشه و بیاد تو بازار تا بخرمش ولی الان که اومده حالمو گرفت .,-1,1,train
7394,فقط یه دوربین کم داره.,-1,1,train
4194,سلام دوستان خسته نباشین من اومدم اینجا تا خیالتون رو در مورد این گوشی راحت کنم اومدم تا این گوشی را زیر ذره بین بذارم و یک بررسی مختصری از این گوشی براتون بذارم قبل از بررسی بگم که این اطلاعات کاملا از تجربه چند روزه خودم با این گوشی است یعنی اینکه این اطلاعات از سایتهای دیگه یا از کسی بازگو نشده پس هر آنچه که می خوانید همانی است که این گوشی است خوب بریم سراغ بررسی وسایل جانبی داخل کارتن یک دونه هدست بی‌کیفیت و شارژر و کابل usb مشخصات کلا مشخصات گوشیهای هواوی توی هر سایتی متفاوت است و هر جا یک چیزی گفتند توی سایتهای داخلی یک چیز و توی سایتها خارجی یک چیز دیگر .,-1,1,train
11938,فقط زمان شارژ لمسش کند میشه.,-1,1,train
6429,این هارد ضد ضربه و ضد آب نیست  و سرعت انتقال داده 107 و 109 که ADATA داره رو نداره!,-1,1,train
2622,تشخیص نور خیلی خوبی داره  معایب جزئی:  کیفیت ضبط صدای خوبی داره ولی مونو هست که در هنگام پخش استریو پخش میشه فلش خوبی داره ولی برد نهایی اون 7 متره(جهنده و تاثیرگذار) قابلیت اتصال به Hdmi و usb داره ولی ورودی میکروفن و خروجی صدا نداره  نشانگر میزان استفاده باتری نداره ( در lcd)  و کمی نسبت به دوربین های دیگه دیرتر فوکوس میکنه,-1,1,train
1498,من حدود یک هفته است این دوربین رو از دیجی کالا خریدم و ضمن رضایت کامل از سایت دیجی کالا و نحوه ی دریافت کالا، راجب این دوربین بگم که: اول از همه سبکی و کوچکی دوربین یکم تو ذوقم زد، چون حدود سه سال پیش یه دوربین canon sx200 IS برای خانواده ام خریده بودم و یه جورایی با اون مقایسه اش کردم.,-1,1,train
10446,بنظر من فقط یک چیز این موبایل بد است ان هم کیفیت دوربین ان است,-1,1,train
6708,هرچند که سنسور تصویر آن‌ها رزولوشن خیلی بالایی ارائه نمی دهد ولی به هر صورت کمپانی تصمیم گرفته که خروجی Full HD داشته باشند.,-1,1,train
10462,بعضی وقتها هنگ میکنه و مجبوری روشن خاموش کنی برنامه کلین مستر رو هم نصب کردم,-1,1,train
4945,فاقد وایرلس روی کنسول .,-1,1,train
1190,اما قطر 13.5 میلی متری آن، باعث می‌شود که راحتی یک تبلت را در دستان شما نداشته باشد و از نظر ظرافت، هیچ شباهتی به تبلت های رقیب مانند iPad های اپل و یا حتی تبلت های ساخت خود ایسوس نیز ندارد.,-1,1,train
11283,در حقیقت اگر دستان بزرگی داشته باشید این دستگیره به نظرتان خیلی کوچک خواهد آمد.,-1,1,train
11624,سیستم عاملش ضعف داره باید اپدیت بشه.,-1,1,train
11277,والا 5100 نیکون هم انتخاب خوبیه بدیش محدودیت 5 دقیقه ای ضبط ویدئو است.,-1,1,train
10749,21.1 مگاپیکسل با سنسور اندازه 1/2.3 اینچ - 4.55 × 6.17 میلی‌متر کمی عجیب به نظر میرسد باید منتظر شد و دید خروجی این ترکیب چیست,-1,1,train
1481,هر کاری هم کردم که این مشکل رو برطرف کنم متاسفانه نتونستم.,-1,1,train
11297,مدت نسبتا زیادی به طول انجامید تا کانن به خوبی درک کند که وجود نمایشگر چرخنده به همراه Live view می‌تواند‌ترکیب بسیار خوبی به خصوص برای دوربینی مثل 600D باشد که کاربری عام‌تری دارد.,-1,1,train
743,خوب تقریبا همه چیش عالی هست به جز داغ شدن غیر عادی اون که همین قضیه باعث آسیب دیدن چیپ گرافیکی لپ تاپ یکی از دوستانم شد که همین سری رو داشت و الان درگیرش هست و میخواد ردش کنه.,-1,1,train
3330,این دوربین به هر حال یک هندی کم است و قیمت دو میلیون تومان برای آن کمی زیاد است.,-1,1,train
11352,مود Live این کار را آسان‌تر انجام می‌دهد ولی از آن جایی که از فن‌آوری Contrast detection خود سنسور تصویر به جای Phase detection سنسورهای اصلی AF استفاده می‌کند، فوکوس خیلی کندتر صورت می‌گیرد.,-1,1,train
840,در نگاه اول پایین بودن مقدار حافظه رم و فقدان دوربین دوم برای مکالمات ویدئویی به چشم میخوره.,-1,1,train
9337,البته با کمی رزولوشن پایین تر.,-1,1,train
9878,از لحاظ قیمت بسیار بالا است ولی کیفیتی بی نظیر در مقایسه با گوشی های دیگر دارد ولی امکانات و استفاده از آن برای خارج از ایران راحتتر و مناسب تر است و انتقال دیتا در آن مشکل است و نیاز به نرم افزار خاص دارد,-1,1,train
270,اما حیف که اینم باطریش داخلیه و خریدش جرات میخواد چون برای تعویض باطری در صورت لزوم باید پشتشو باز کنی و برای فروش دست دوم افت خیلی زیادی داره.,-1,1,train
712,همه چیزش عالی ولی زود داغ می کنه دیر سرد می شه,-1,1,train
9421,گوشی ظریفیه و باید با احتیاط حمل بشه که سر نخوره از دست و بیفته.,-1,1,train
11720,اگه صفحه 3.5 اینچ داشت خیلی بهتر بود.,-1,1,train
11993,گوشیه عالی هستش اما باطریش خیلی زود خالی میکنه به 24 ساعت نمیکشه و من کار خاصی باهاش انجام نمیدم که زیاد مصرف داشته باشه البته من شارژ اولیه نذاشتم شاید دلیلش این باشه.,-1,1,train
11787,اخه کوشی من خودش آپدیت 2.3.4 ولی هنوزم داغ میکنه,-1,1,train
12559,"مطمئننا شما می‌توانید برنامه‌های خود iPhone مانند Mail, Safari, iPod و چند برنامه‌ی دیگر iPhone را به صورت همزمان اجرا کنید ولی امکان اجرای همزمان برنامه‌های دیگر در مدل‌های قبلی iPhone امکان‌پذیر نبود.",-1,1,train
7145,چرا که با وجود یک صفحه نمایش 5 اینچی، به نظر می‌رسد که احتیاج به شارژ حداکثر یک روز در میان این گوشی را احساس نمایید.,-1,1,train
10355,فقط مشکلی که من دیدم کمی wifi نامناسب و سرعت کمی داشت.,-1,1,train
2793,اما در هنگام زوم کامل با f/6.3 چندان لنز سریعی نمی‌باشد.,-1,1,train
3660,اما باید بگوییم که این دستگاه در مورد انجام وظایف خود بعنوان تبلت و لپ تاپ، تقریبا در هیچ کدام کامل نیست و از هر یک شاید نیمی را با موفقیت پشت سر می‌گذارد.,-1,1,train
11398,پشت گوشی هم زود داغ میشه,-1,1,train
4955,علاوه بر این مورد کمبود WiFi داخلی و سر و صدای زیاد درایو نیز مشکلات دیگر است که امیدواریم در ورژن های بعدی حل شوند.,-1,1,train
7545,این گوشی nfcو 4G نداره.,-1,1,train
7193,من خودم ترجیح می دم یه تبلت خوب بگیرم و از طریق وای فای با گوشیم سینکش کنم .,-1,1,train
8689,کیفیت عکسا اصلا 8ن یست شاید 5 باشه شایدم کمتر.,-1,1,train
5313,(به دلیل مشکل قطع شدن WIFI بعد از قرار دادن سیم کارت.,-1,1,train
3097,کیفیت صدا:کیفیت صدا ی هر دو عالیه ولی TF700T به نظر من مقداری صدایش بلند تر است ولی اصلا محسوس نیست و اختلاف خیلی کمه ولی کیفیت صدا در ایپد کمی بهتره.,-1,1,train
1375,برای شروع، اپل تمام برنامه های اصلی خود (مانند Aperture، iMovie، Final Cut Pro X) را برای این صفحه نمایش به‌روزرسانی کرده است ولی برنامه های جانبی دیگر (مانند مرورگر Google Chrome) که برای چنین دقتی طراحی نشده‌اند، به این خوبی نخواهند بود.,-1,1,train
4770,با توجه به جای نصب فلاش عکسهایی که با فلاش گرفته میشود سایه دارند,-1,1,train
9079,به نظر من که ارزش خرید نداره.,-1,1,train
3579,متاسفانه پورت دوست داشتنی USB 3.0 در این لپ‌تاپ وجود ندارد.,-1,1,train
12604,البته اون هم به شرطی که نور صفحه خیلی کم باشه.,-1,1,train
8510,البته همانند هر دوربین فیلم برداری دیگری، تصاویر گرفته شده در شب، از مقداری نویز رنج می‌برد.,-1,1,train
12159,از پشت که به دوربین نگاه می کنیم کمی افسوس می خوریم.,-1,1,train
3185,نداشتن رابط یو اس بی هست .,-1,1,train
10626,به نظر من خیلی گوشی خوبیه ولی xperia v انتخاب بهتریه,-1,1,train
8458,به هر صورت در مدل جدید از چرخش به سمت پایین چشم پوشی شده است.,-1,1,train
9661,همه باید واقع گرا باشیم که گوشی خوبیه اما نسبت به این غول هایه LG .,-1,1,train
6443,چون در اثر استفاده ناصحیح پین های mini usb خود کابل دچار مشکل میشه و باعث قطع و وصل مکرر و آسیب هارد میشه و مجبوریم کابل دیگه ای تهیه کنیم.,-1,1,train
7924,شرکت سونی محصولاتش بدرد ایران نمیخوره، چون تلاش داره امکاناتش به صورت اوریجینال عرضه بشه، که تو ایران معنایی نداره.,-1,1,train
4678,ولی با این همه :کلید مجزایی برای دوربین تعبیه نشده و باید با لمس صفحه نمایش تصویر را ثبت کنید.,-1,1,train
4441,با این اوصافی که دوستان گفتن فکر نمی‌کنم اصلا مناسب باشه.,-1,1,train
8643,کارکردن باهاش هم از نوکیا سخت تره، چون امکاناتش خلاصه تره.,-1,1,train
11977,فقط به نظر من تنها عیبش اینه که باطریش یه خرده ضعیفه.,-1,1,train
5913,و جالب اینکه با تلاش چند ماهه نمایندگی و تعمیرکارای موبایل هنوز که هنوزه آنتنش برنگشته.,-1,1,train
4520,به نظر من تنها عیبی که به این گوشی میشه گرفت صفحه نمایش کمی کوچیک اون هست که البته برای همه مشکل ساز نیست.,-1,1,train
4606,دوربینش در مقابل نوکیا c6 حرفی برای گفتن نداره.,-1,1,train
3658,اما نهایتا در مورد دوربین این تبلت هم باید بگوییم که یک دوربین کاملا متوسط 1.2 مگاپیکسلی در قسمت جلو و یکی در قسمت پشتی آن تعبیه شده است که صرفا برای انجام مکالمات تصویری مناسب می‌باشد و در رقابت با دیگر تبلت های موجود در بازار، هیچ حرفی برای گفتن ندارد.,-1,1,train
6269,برخلاف نظر یکی از دوستان، این گوشی اصلا امکانات نوت 2 رو نداره.,-1,1,train
9399,با پولی که بابتش دادم باید خیلی بهتر از اینا باید باشه 1.,-1,1,train
11207,این حدود 1 استاپ کم نورتر از Mark III می باشد.,-1,1,train
2579,با سلام من یک هفته است که دوربین رو خریداری کردم اولین نکته که این دوربین ساخت چین است دوم اینکه در مود دستی که رنگهای عکاسی استاندارد و کرم و سیاه و سفید دارد شما عکس کرم را نمیتوانید بگیرید و فقط سیاه سفید و استاندارد را میتوان انتخاب کرد سوم اینکه با توجه به قیمت آن عکسهای خوبی نمی توان گرفت و فقط کار راه انداز است,-1,1,train
4197,اگر در روز باشد عکسها تا حدی واضح است ولی در شب اصلا خوب نیست.,-1,1,train
5430,به نظر می‌رسد که این باتری برای یک گوشی در این سطح مقداری ضعیف باشد.,-1,1,train
8814,دوستان من یک ماه قبل این دوربین را خریدم و بعد از دو روز ان را با ضرر فروختم .,-1,1,train
2472,به نظر من هیچ فرقی با نوت2 نداره.,-1,1,train
12907,{البته سایز صفحه و کیفیت صفحه 112 به مراتب از 206 پایین تر است.,-1,1,train
11468,اما برای بعضی افراد 16گیگ هم کمه، مطمئنا در آینده 32گیگشم میاد.,-1,1,train
1218,اما در مورد اکثر برنامه های دیگر و همچنین بازی‌ها، سوئیچ پویا صورت نمی‌پذیرد بلکه باید بعد از قرار دادن گوشی بر روی تبلت، مجددا آن برنامه را اجرا نمایید.,-1,1,train
4342,اما این بار با چالشی بزرگ تر برای انتخاب بین این دو ( آیپاد تاچ - آیفون ) مواجهیم !,-1,1,train
5641,رزولوشن اپتیکال این اسکنر، 1200X1200dpi و نسبتا کم می‌باشد.,-1,1,train
2364,با اینترنت محدود ایران و تحریم ها اپل تو کشور ما کارایی اش جالب نیست  اندروید از نظر من حرف اول رو میزنه تو ایران,-1,1,train
5390,اما به واقع برای تماشای ویدئو، چندان مناسب نمی‌باشد.,-1,1,train
4013,در غیر اینصورت تولید مدل جدید عملا کار بیهوده‌ای بوده است.,-1,1,train
2767,"سلام من هم چند روزی هست که یکی خریدم,مشکلش در شناسایی wifiو نصبgprs",-1,1,train
10675,یکی دیگه از تفاوت هایی که میشه ذکر کرد اینه که باطری TX قابل تعویضه اما T نه، اگه توجه کنیم ابعاد گوشی هم با هم دیگه فرق دارن ولی سایز صفحه هر دو همه جا 4.55 اینچ ذکر شده نمیدونم جریان چیه باید تو دست هر کدوم رو ببینم، ولی در مجموع منم با دوستان هم عقیده هستم، به اختلاف قیمتش نمی ارزه،,-1,1,train
11240,این خیلی عجیب است چرا که بدین ترتیب این دوربین ها از این نظر همپایه ی دوربین های DSLR سطح مبتدی قرار می گیرند و این در حالیست که حتی DSLR های APSC سطح Prosumer مثل 60D هم بیشینه ی تا 1/8000 ثانیه را دارند.,-1,1,train
12751,با این مکان قرار گیری را اصلا دوست نداشتیم و ترجیح می‌دادیم به جای کناره در قسمت بالای دستگاه قرار داشته باشد.,-1,1,train
8558,فولhd پخش نمیکنه.,-1,1,train
5578,البته برای نمایشگرهای در این سایز از رزولوشن WVGA هم استفاده می‌شود ولی به احتمال زیاد به دلیل پردازشگر گرافیکی نسبتا ضعیفی که این گوشی داشته، سونی تصمیم گرفته که از رزولوشن بالاتر بهره نبرد.,-1,1,train
3367,قطر 10 میلی متری آن در برابر 7.6 میلی متر آیفون 5 یا 8.6 میلی متر گلکسی اس 3 مقداری آنرا قطور نموده است.,-1,1,train
10196,احساس میکنم بخاطر الکتریسیته ساکن بدنه ولی به هر حال یه کم اعصاب آدم خورد میشه.,-1,1,train
1154,مثلا پورت USB روی هارد یه جوریه.,-1,1,train
5394,این قلم نه از نظر ظاهری و نه از لحاظ کارایی، شباهت زیادی به قلم Note های سامسونگ ندارد و بیشتر می‌توان آن‌را یک قلم کمکی نامید که در کار با گوشی به کاربر کمک می‌نماید اما قابلیت‌های فوق‌العاده‌ای ندارد.,-1,1,train
8359,مطمئن باشین قسمتی از قیمت این دوربین پول مارک canon هستش وگرنه همین دوربین با همین امکانات با برند هایی نظیر panasonic یا fuji film قیمتی به مراتب پایین تر خواهد داشت.,-1,1,train
426,من این دوربین را تازه از سایت خریدم این دوربین فقط 3 زبان برای منوها دارد : ژاپنی - چینی - انگلیسی و فاقد زبان فارسی می باشد,-1,1,train
6184,ولی برای حل این مشکل من مجبور شدم از شیراز دستگاه رو ببرم تهران و کلی هم از وقتم گرفته بشه.,-1,1,train
8913,در نگاه اول من زیاد از این دوربین خوشم نیامد.,-1,1,train
5044,در حقیقت این درایو نوری از لرزش و نویز نسبتا بالایی در هنگام فعالیت برخوردار بود.,-1,1,train
4757,ولی اگه هدفتون فقط عکاسی هست به نظر من روی دوربین عکاسیش زیاد حساب نکنید .,-1,1,train
719,کیفیت دسکتاپ چنگی به دل نمیزنه.,-1,1,train
4497,من که واقعا پشیمون شدم.,-1,1,train
6192,با اینکه قطر این گوشی حدود 2 میلی متر از آیفون 5 بیشتر است ولی با توجه به این ابعاد می‌توان گفت که اصلا یک گوشی قطور محسوب نمی‌گردد، ولی با وجود وزن 162 گرمی آن مقداری سنگین به نظر می‌آید.,-1,1,train
11369,تنها موردی که به آن برخوردیم و به مزاقمان خوش نیامد سرعت نسبتا کند ورود به مود Live view بود.,-1,1,train
7004,.با این صفحه نمایش و پردازنده خیلی کمه .,-1,1,train
6875,) از HTC Butterfly سره و کسی که اکسپریاZ رو بخره به هیچ وجه ضرر نکرده,-1,1,train
407,فقط مقداری خطای رنگی بنفش در مناطق پر کنتراست و گوشه‌های تصویر مشاهده می‌شود.,-1,1,train
9885,حال به ایفون 4اس نگاه کنید یک متر از بالا ویک متر از پایین گوشی از صفحه نمایش خبری نیست و وقتی به وسط گوشی خیره میشویم یک صفحه نمایش مینی را پیدا میکنیم این در حالیست که ضخامت آن از هر دو گوشی ذکر شده بیشتر است.,-1,1,train
4537,اما برای کسانی که موبایل را برای گوش کردن آهنگ می خواهند نمی تواند انتخاب خوبی باشد.,-1,1,train
7573,به نظر من با این امکانات قیمتش کمی زیاده، توصیه می کنم xperia p، lg prada 3 و huawei ascend g600 رو هم ببینید.,-1,1,train
6824,اما صفحش خیلی‌بزرگه به نظرم.,-1,1,train
5672,نه تنها دوربین این تبلت از فوکوس ثابت استفاده می‌کند، بلکه به فلاش نیز مجهز نیست به همین دلیل کیفیت عکس‌های گرفته شده به خصوص در فضاهای کم نور، پایین‌تر از حد متوسط بوده و نویز زیادی هم دارند.,-1,1,train
8138,صفحه نمایشش معلومه که زیر آفتاب به درد نمیخوره,-1,1,train
4780,صفحه ی لمسی ضعیف .,-1,1,train
2193,اما در آیفون جدید از نو آوری خبری نبود.,-1,1,train
9741,البته تایپ کردن با این گوشی با توجه به صفحه نمایش 3.2 اینچی برای کسانی که دستان بزرگی دارند مقداری مشکل است.,-1,1,train
4063,داشتن gps یکی از عواملی بود که باعث شد از بین مدل مشابه canon این دوربینو بخرم ولی باید بگم که در بیشتر مناطق سیگنال نمیده که علتشو نمیدونم در صورتی که gps معمولی درست تو همون نقطه مختصات میده در کل نسبت به هزینه ای که واسش کردم راضی نیستم کیفیتش در حد دوربین کامپکته نه ی دوربین اولترازوم با اون همه تعریفو تمجید .,-1,1,train
1035,ظاهر آن با آن پیچ‌های کاملا واضح در گوشه‌ها کاملا صنعتی می‌باشد و پنل جلویی و پشتی از فلز برس شده ساخته شده است.,-1,1,train
5571,گوشه های Miro نسبتا تیز ساخته شده‌اند و سعی شده که طراحی آن خیلی مستطیلی شکل باشد.,-1,1,train
11671,مثل: نداشتن دوربین مکالمه تصویری و .,-1,1,train
1796,.اما همیشه با معضل انتقال اطلاعات روبرو بودم.,-1,1,train
122,تنها عیبش به نظر من این بود که باطریش دیر شارژ شد.,-1,1,train
7189,من همیشه از دیدن تکنولوژی های جدید به هیجان میام ولی واقعا هنوز متوجه نشدم منظور ایسوس از طراحی این سیستم چی بوده .,-1,1,train
1151,ولی به نظرم یکم بی کیفیته.,-1,1,train
5613,ا یکی دیگه از ایراداشم جای دست (اثر انگشت روی بدنش میمونه!,-1,1,train
10111,با این حال اسکن فیلم 35 میلی متری از نویز در قسمت های تاریک تر و سایه ها رنج می برد.,-1,1,train
4020,یک موضوعی را هم باید در نظر داشت که با این اندازه از سنسور کیفیت 18 مگاپیکسل توجیه ندارد.,-1,1,train
12008,معایب: انتظار داشتم سرعت فوق العاده بالایی داشته باشه اما فوق العاده نیست.,-1,1,train
10202,دوستان من این گوشیو 2 ماهه خریدم هیچ کمبودی ازش ندیدم .,-1,1,train
820,اما بهتر میشد اگر رم 1 گیگ به جای 768 مگ استفاده شده بود و همینطور دوربین مکالمه واقعا کمبودی چشمگیره..,-1,1,train
9644,در مقابل Galaxy S III و Galaxy Note 2 حرف چندانی برای گفتن نداره .,-1,1,train
12628,من مرداد امسال خریدمش ولی صفحه لمسیش شکسته.,-1,1,train
9404,هرچند بعدا میشه زوم کرد ولی اینکه نتونی حین عکس گرفتن زوم کنی خیلی تو ذوق میزنه.,-1,1,train
11390,حیف که این گوشی حافظه جانبی نمیخوره!,-1,1,train
9864,سخت افزار متاسفانه کمپانی نوکیا در مورد قطعات داخلی این گوشی اطلاعات چندانی را منتشر ننموده است، اما به هر حال برای یک گوشی دارای سیستم عامل S40 سخت افزار قوی اهمیتی ندارد.,-1,1,train
10440,مثلا اگر تا 15 ثانیه بود خیلی خوب می‌شد.,-1,1,train
12934,البته جنس آن به گونه ایست که براق بوده و خط و خش کمی را می‌پذیرد.,-1,1,train
11803,مشکل اصلی این گوشی که باعث فعال شدن دو دکمه بک و منو میشه و تمامی مشکلات از جمله ویبره که در زمان فشرده دو دکمه با هم به وجود می آید کالیبره نبودن این دکمه ها است وگر نه گوشی های سایر برند ها و مدل های دیگه سونی که سخت افزار بالایی دارند هم دمایشان به شدت بالا میره مثلا من یک گوشی از یک برند دیگه که قیمتش حدود 5 برابر این گوشی است به قدری داغ شد که دستم رو سوزاند و مجبور شدم دور گوشی رو به جای پشتش بگیرم.,-1,1,train
2819,این در حالیست که در ایزو 400، نویز بعلاوه‌ی مقداری کاسته شدن از جزئیات و غلظت رنگ‌ها مشاهده می‌شود.,-1,1,train
7452,از خریدش پشیمون شدم.,-1,1,train
5397,اما یک نکته منفی در مورد این گوشی، عدم وجود یک شکاف برای قرار گیری قلم در گوشی است که باعث می‌گردد همواره نگران گم شدن قلم باشید.,-1,1,train
2938,از اول هم اشتباه کردم ایسوس رو به سامسونگ ترجیح دادم.,-1,1,train
9219,وجود نمایشگر لمسی باید در صورتی باشه که پاسخ گویی به اشارات لمسی به سرعت انجام گیرد و الا بیشتر اعصاب خورد کن می باشد تا کار راه انداز..,0,2,train
11755,سلام دوستان من این گوشیرو 7 ماهه که دارم.,0,2,train
7199,سلام من از دیجی کالا خریدم امروز دستم رسید فقط یه چیزی میتونم راجبش بگم.,0,2,train
1772,منم خریدم اول بین s4 و z و lumia920 شک داشتم ولی اپل ترجیح دادم,0,2,train
4754,من نزدیک 6 ماهه از این دوربین دارم .,0,2,train
5064,• ریجن‌های NTSC-UC و NTSC-J به علت این‌که کشور‌های آن‌ها از برق ۱۱۰ ولت استفاده می‌کنند دارای پاور آداپتور ۱۱۰ ولت می‌باشند و جهت تبدیل آنها به برق ۲۲۰ ولت (ولتاژ ایران) باید از یک ترانس مبدل ۱۱۰ به ۲۲۰ استفاده نمایید.,0,2,train
4141,باید از لحاظ پشتیبانی زبان فارسی کاملا چک بشه.,0,2,train
6039,من یک سالی هست این پرینتر رو دارم.,0,2,train
9216,دوربین عکس خیلی خوبی داره ولی فیلمبرداریش زیاد تعریفی نداره.,0,2,train
6319,به نظر من گوشی بدی نیست.,0,2,train
3385,چیزی که در مورد گوشی‌های دارای سیستم عامل ویندوز 7 نیز مشاهده نموده بودیم.,0,2,train
945,کمپانی اسکن زی یکی از تولید کنندگان اسکنرهای دستی یکی از تولیدات خود را با نام BQS030w و در رنگ های خاکستری و قرمز به بازار معرفی کرد.,0,2,train
8855,در خصوص صحبتهای دوستانم در مورد اینکه میگن این مدل دوربین زود شارژ تموم میکنه باید بگم سیستم gps که روی این دوربین نصب شده باعث میشه که زود شارژ تموم کنه.,0,2,train
12621,من 13 تا گوشی تو این 2 سال اخیر داشتم.,0,2,train
4952,GearsOfWar .,0,2,train
9758,یعنی چیزی در حد 4.8X3.6 میلی متر.,0,2,train
5449,ولی با این حال اگر دوباره بخوام گوشی بخرم بین اس3 و فبلت بازم همین را انتخاب میکنم.,0,2,train
4259,با این مشخصات اصلی و البته کمی قابلیت بیشتر دیزایر ایکس است که دوربین جلو هم نداره و دوبرابر این قیمت داره.,0,2,train
4339,"به همین دلیل منطقی می دونم که این آیپاد فقط با حافظه های 32 و 64 گیگابایت تولید شده) باید بگم: اگه توی خونه از مودم وایرلس استفاده می کنین و اینترنت رو می تونین با آیپاد استفاده کنین، اونوقت می بینین این جمله که ""سیم کارت نمی خوره، پس چه فایده"" خیلی پیش پا افتاده ست.",0,2,train
9112,من هم کمی مخالف بعضی از نظرات هستم که دوستان این گوشی رو با گوشی های یک سیم کارت مقایسه می کنند ، دوستان که قصد مقایسه این گوشی رو با گوشی Galaxy s2 دارند باید گوشی Htc one s رو با Galaxy s2 مقایسه کنند نه با این.,0,2,train
6927,میشه گفت این نسل بعد گوشی هاست.,0,2,train
3211,با عرض ادب.,0,2,train
12837,با اتوران هر دی وی دی می‌توانید نرم‌افزارهای موجود در دی وی دی های دیگر را نیز ببینید، زمانی که در داخل اتوران جستجو می‌کنید در واقع محتویات تمام دی وی دی‌ها را جستجو می‌کند به شما می‌گوید نرم‌افزار در کدام دی وی دی است بنابراین نیازی نیست تا شما برای پیدا کردن نرم‌افزارها دی وی دی‌ها را تعویض کنید و در هر کدام به طور جداگانه جستجو نمایید.,0,2,train
2651,X-Pro1 ویژگی طراحی کلاسیک X100 را حفظ کرده است.,0,2,train
613,در ضمن درایور بلوتوثش رو نصب کردم اما بلوتوث کار نمیکنه اما باز هم تکرار میکنم واقعا ارزش خریدن داره.,0,2,train
11286,در کل کیفیت ساخت آن هم با دوربین‌های پیشین تفاوت چندانی ندارد.,0,2,train
12924,نسخه تک سیم کارته این گوشی با یک بار شارژ کامل تا 1132 ساعت (بیش از 47 روز) زمان استند بای، تا 20 ساعت مکالمه و تا 41 ساعت پخش موسیقی را میسر می سازد.,0,2,train
1650,صفحه نمایش بالاخره اپل دست از اصرار برای تولید صفحه نمایش 3.5 اینچی برداشت!,0,2,train
4928,فکر نمی کنم این کنسول نقاط ضعفی هم داشته باشه.,0,2,train
6488,منم امروز برای اولین بار از دیجی کالا خرید کردم .,0,2,train
12139,با این حال باید منتظر به بازار آمدن این دوربین برای تست نهایی آن باشیم.,0,2,train
6408,دیگر نیازی نیست که شما یک کاربر حرفه‌ای اینترنت باشید تا بتوانید سطح بالایی از امنیت را در رایانه خود ایجاد نمایید، می‌توانید این کار را به پاندا بسپارید.,0,2,train
7084,در نگاه کلی این گوشی بی شباهت به پرچم‌دار قبلی این کمپانی یعنی One X نیست.,0,2,train
11062,فقط یک سوال پیش می یاد که آیا 16 گیگا بایت واقعا کافیه یا به 32 و یا 64 نیازداریم.,0,2,train
1517,• پخش کننده رسانه - پخش فیلم با کیفیت فول اچ دی و زیرنویس فارسی دیگر نیاز نیست برای مشاهده فیلم‌های HD و Full HD الزاما از کامپیوتر و یا نوت‌بوک استفاده نمایید .,0,2,train
1592,شاید خواسته با این کار کماکان Note 10.1 را خاص نگه دارد.,0,2,train
11460,باید خدمت دوستان عزیز عرض کنم که هرکس نظر خودش را دارد و بنده به نظر شما احترام میذارم!,0,2,train
582,چنین تنوع سخت افزاری، سری ProBook 4540s را برای تمام کاربران چه سطح مبتدی و چه حرفه ای مناسب کرده است.,0,2,train
583,• باتری بسته به سخت افزار داخلی، سری 4540s با دو نوع باتری لیتیوم-یونی 6 و 9 سلولی ارائه می‌شوند.,0,2,train
4436,باشید و همین طور بی دلیل روشن نذارید باشه,0,2,train
4851,ولی ارکد با یک بورد جاسپر و هارد قابل خرید که جمعا کمتر از پولی میشه که باید به الایت بپردازیم.,0,2,train
2688,به خصوص اینکه اگر پیش از این از DSLR ها استفاده کرده باشید این موضوع را متوجه خواهید شد و این به دلیل بهره گیری این دوربین از سیستم فوکوس خودکار Contrast Detection به جای Phase Detection دوربین های DSLR است.,0,2,train
3410,از ویندوزفون خوشم میاد و مدتی هم مدل های مختلف رو بررسی کردم ولی به نظرم این مدل با این قیمت توجیه اقتصادی ندارد.,0,2,train
6310,در ضمن این گوشی هنوز مدت زیادی نیست اومده براش آپدیت اومده .,0,2,train
10400,نرم افزارGalaxy S III از سیستم عامل اندروید نسخه 4.1.1 یا JellyBean بهره می‌برد که به آخرین نسخه رابط کاربری TouchWiz مجهز شده است.,0,2,train
2017,دیگه ببینین iPhone5 چی میخواد باشه !,0,2,train
11333,سیستم نورسنجی هم همانند دوربین‌های پیشین شامل سه مود Evaluative، Partial و Spot می‌شود.,0,2,train
7432,در قسمت بالای اسکنر چند دکمه قرار گرفته اند.,0,2,train
1415,اگه منظورتون نداشتن درایو نوری هستش، اونم با یه اکسترنال حل میشه.,0,2,train
7773,من میخواستم تبلت گلکسی نوت ده بگیرم صبر میکنم تا بیاد ایران.,0,2,train
4341,آیپاد نسل چهارم، تشابه زیادی با آیفون 4 داشت و شاید بشه گفت تنها فرقش ضخامت و وزن بسیار کمتر ( 7.6 میلی متر / 100 گرم ) و از طرفی دوربین ضعیف تر ( عکس برداری VGA و فیلم برداری HD 720p ) بود.,0,2,train
6876,باید منتظر موند تا شرکت های دیگه هم گوشی های جدیدشون رو ارائه کنن و بعد یه تصمیم درست گرفت,0,2,train
10036,شاید اگر بخواهیم رقیبی برای Sleekbook نام ببریم، تنها بتوانیم به سری V5 کمپانی Acer اشاره کنیم.,0,2,train
9654,"از طرفی دیگه Galaxy S III , با اینکه از نظر کیفیت ساخت و مواد به کار گرفته شده در ساختش , خیلی قابل مقایسه با ایفون 5 نیست , اما اگر درست قضاوت کنیم , میبینیم که GS3 از بسیاری جهات بهتر از ایفون 5 هست .",0,2,train
11326,مود AV درست بر عکس TV است و اختیار تنظیم سرعت شاتر را از شما می‌گیرد تا دیافراگم اختیار اصلی شما باشد.,0,2,train
5795,۱-۲ بار خودش خاموش شد همینجوری اما به جز اون اصلا نه هنگ کرده نه چیزی دیگه.,0,2,train
5047,همچنین قرار است شرکت مایکروسافت یک درایو نوری خارجی با قابلیت پشتیبانی از فرمت HD-DVD ارایه نماید.,0,2,train
3577,• ورودی‌ها و خروجی‌ها در سمت چپ کیبورد به ترتیب، پورت مربوط به آداپتور، پورت شبکه گیگابیتی، خروجی VGA، پورت HDMI، یک پورت USB 2.0 و ورودی و خروجی صوتی قرار دارند.,0,2,train
4556,و از همه مهمتر دست هر کسی نیست!,0,2,train
3150,من نسخه اندروید 4.1.2 jelly bean رام آمریکاییش رو دانلود کردم و روش نصب کردم.,0,2,train
11972,پسر عموم اینو تازه خریده .,0,2,train
2878,این فرآیند به ایسوس کمک کرد که قطعات فلزی اضافی، مانند پیچ‌ها را به دور ریخته و از قطعات پلاستیکی سبک‌تر ولی با همان کیفیت و استحکام روش‌های قبلی، استفاده کند.,0,2,train
8593,حالا خودتان قضاوت کنید .,0,2,train
8191,از ارزان و ساده ترین مدل که شروع کنیم، یعنی نسخه ی White، این نسخه توانایی فیلم برداری 1080p Full HD در سرعت 30 فریم بر ثانیه، 960p با سرعت 30 فریم بر ثانیه، 720p HD با سرعت 60 فریم بر ثانیه و WVGA با سرعت 60 فریم بر ثانیه را دارد.,0,2,train
12686,حافظه 8 گیگابایتی همراه گوشی برنامه های نصب شده روی گوشی از جمله برنامه ی آفیس با قابلیت ادیت داکیومنتها.,0,2,train
5035,ضمنا، واحد پردازش گرافیکی و پردازنده‌ی مرکزی در این کنسول، با پهنای باند ۲۱٫۶ گیگابایت در ثانیه، با یک‌دیگر ارتباط دارند که در این ارتباط روی لبه‌ی صعودی و نزولی سیگنال، ۱۰٫۸ گیگابایت اطلاعات در ثانیه تبادل می‌شود.,0,2,train
579,از لحاظ پردازشگر گرافیکی، سری 4540s به دو بخش تقسیم می‌شوند.,0,2,train
3448,چاپگر تکنولوژی چاپگر این دستگاه از نوع جوهرافشان بوده و قابلیت چاپ رنگی و سیاه و سفید را دارد.,0,2,train
163,Sony امیدوار است با این کار، شکوه و عظمت خود را در بازار گوشی های تلفن همراه که طی سال های اخیر با روی کار آمدن رقبای سرسخت، کمرنگ شده بود را با تولید نسل جدیدی از گوشی های تلفن همراه باریک ، سبک ، زیبا و قدرتمنده، دوباره بازیابد.,0,2,train
4044,اضافه شده اند.,0,2,train
2155,ایا دو برابر کیفیت صفحه داره؟,0,2,train
11370,اگر بخواهیم دوربین‌های DSLR کانن را دسته بندی کنیم نخست به دوربین‌های سری Rebel که ارزان قیمت‌تر و کوچک‌تر هستند بر می‌خوریم.,0,2,train
12246,این دوربین مجهز به پورت USB 2.0 و HDMI است که بوسیله‌ی دومی می‌توان دوربین را به HDTV متصل کرد.,0,2,train
12073,از لحاظ کیفیت حرف نداره ولی از لحاظ گرافیکی با دیگر رقبا یکم عقبه ..,0,2,train
11626,با سلام من این موبایل رو یک ساله که دارم .,0,2,train
3753,فقط چون گرافیکش دو بعدیه، یه جاهایی کم میاره که اونم زیاد محسوس نیست.,0,2,train
12104,بایگانی فیلم ها، توسط یک Share Station DVD انجام می گیرد که با فشار دکمه ی Direct DVD روی دوربین، فیلم ها از دوربین به روی DVD رایتر یا کامپیوتر منتقل می شود تا روی DVD ذخیره گردد.,0,2,train
2833,البته که هست .,0,2,train
4719,((نظر من درمورد این گوشی))نقاط قوت1.,0,2,train
2601,سلام من هم به پیشنهاد یکی از دوستام این دوربین رو خریداری کردم.,0,2,train
10043,البته با توجه به ضخامت بسیار کم و قیمت نسبتا پایین Sleekbook، انتظار زیادی نیز از کیفیت بدنه آن نداشتیم.,0,2,train
12029,امیدوارم کمکی کرده باشم .,0,2,train
3373,در سمت چپ گوشی هیچ شیاری قرار ندارد، اما در سمت مقابل یعنی سمت راست آن، شکاف میکرو سیم کارت، کلید کنترل صدا و کلید شاتر دوربین تعبیه شده‌اند.,0,2,train
1672,در تست BrowserMark که مربوط به سرعت مرورگر می‌شود نیز آیفون در صدر قرار گرفت و Galaxy S III و One X با اختلاف در رده های بعدی ایستادند.,0,2,train
9663,SONY.,0,2,train
6693,رزولوشن آن‌ها نیز 1.9 مگاپیکسل است.,0,2,train
10539,همچنین بر روی این گوشی 4 گیگابایت حافظه داخلی وجود دارد که فقط 2 گیگابایت از آن برای کاربر قابل استفاده است، اما خوشبختانه به لطف پشتیبانی این گوشی از کارت حافظه جانبی microSD، می‌توان تا 32 گیگابایت دیگر به آن افزود.,0,2,train
924,البته همچنان رد کردن عکس ها در Playback مقداری Laggy است.,0,2,train
11550,دوربین نیست.,0,2,train
10474,البته اگه گوشی‌های موجود در بازار رو به عنوان گوشی «ایرانی» قبول داشته باشیم!,0,2,train
2074,وقتی که شما فکرتون به سمت آیفون نرفته و یا حتی اون رو لمس نکردید و با اون کار نکردید، اندروید دنیای جدیدی را به شما نشان میدهد.,0,2,train
3282,سامسونگ همراه با لپ‌تاپ‌های سری3، یک باتری 6 سلولی ارائه کرده است.,0,2,train
8402,کمینه ی نسبت کانونی آن نیز هرچند که بیشتر از SX40 HS است ولی در حد f/3.4-6.5 می باشد.,0,2,train
769,اگر می خواین بازی کنید کنسول بخرید یا لپ تاپ سری گیم یا یه سیستم گیمینگ ببندید !,0,2,train
9370,فقط دکمه های سخت افزاریش.,0,2,train
4450,من الان 1سال که این تلوزیون رو دارم.,0,2,train
482,البته نه فقط در بین گوشی های ارزون قیمت ویندوز فون، که بین تمام سیستم عامل های موجود.,0,2,train
10168,4_ کیفیت ساخت و تراکم پیکسلی متوسط صفحه نمایش.,0,2,train
6131,ممکن است برخی گیمرها، PS3 Sony را برترین کنسول بازی بدانند و برخی دیگر Nintendo Wii یا Xbox 360 را.,0,2,train
5856,هرچی باشه اخرش samsung galaxy sII هستش و سرعتش 1.2 هست.,0,2,train
6862,از لحاض ابعاد.,0,2,train
10037,تمام قسمت های Sleekbook به جز قسمت زیرین دستگاه، دارای روکش براق می باشند.,0,2,train
2401,اما پس از خود گوشی نوبت به داک تبلت آن می‌رسد که همراه با گوشی عرضه می‌شود.,0,2,train
585,مسلما این میزان شارژدهی با مصارف روزانه بسیار کمتر خواهد بود.,0,2,train
7628,از دیگر قابلیت‌های این دوربین می‌توان به لرزشگیر دست، قابلیت تشخیص چهره و قابلیت ثبت موقعیت مکانی و زمانی عکس‌ها اشاره کرد.,0,2,train
5193,این در حالی است که قسمت استراحت مچ نیز از فلز برس شده، یا همان فلز خش‌دار ساخته شده است.,0,2,train
10536,با اینکه در حین کار کردن با منو ها و تصاویر پس زمینه متحرک، گهگاه مکث‌های کمی هم به چشم می‌خورد، اما با وجود سیستم عامل به روز این گوشی، امکان نصب و استفاده از هزاران برنامه موجود برای اندروید بر روی این گوشی وجود دارد.,0,2,train
2776,میدهد.,0,2,train
7083,طراحی و ساختاز نظر طراحی این گوشی می‌توان گفت که HTC در ساخت آن به طراحی‌های قبلی خود تا حدود زیادی وفادار مانده است.,0,2,train
7020,ولی درباره چیپ ست نمیدونم که Exynos قوی تره یا S4 ولی میدونم Intel از هردو بالا تره.,0,2,train
7870,این پردازنده، همانند اکثر پردازنده های ساخت کمپانی Intel، به تکنولوژی انحصاری Hyper Threading نیز مجهز می‌باشد که به کمک آن می‌تواند یک هسته مجازی دیگر تولید کرده و به صورت دو هسته ای عمل کند.,0,2,train
6834,در اکثر گوشی های HTC که دارای باتری اینترنال هستند، برای قطع اتصال لحظه ای ولتاژ ورودی از پاور، یا اصطلاحا ریست کردن، کافیست دکمه های تنظیم صدا + دکمه پاور را برای لحظاتی نگه دارید.,0,2,train
5200,همانطور که گفتیم، N43SM مجهز به پردازنده‌ها‌ی نسل دوم Corei شرکت اینتل، مشهور به Sandy Bridge ساخته شده است.,0,2,train
12584,سلام بر دوستان عزیز .,0,2,train
3092,من با هر دو امتحاد کردم و ایپد بهتر است مخصوصا وقتی در جایی با نور کم عکس می گیرید اختلاف کاملا مشخص استو در فیلم برداری واقعا ایپد کیفیت بهتری داره کیفیت صفحه:کیفیت صفحه ی ایپد فوق العاده است.,0,2,train
7657,هم از روی ال جی کپی میکنن و دوربین 13 و رم 2048 میدن بیرون,0,2,train
2701,اما پس از اینکه عکاسی پیاپی را برای تعداد زیادی عکس انجام دادید مدت نسبتا زیادی دوربین قفل می شود تا عکس ها بر روی کارت حافظه ذخیره شوند.,0,2,train
9972,ولی همه چیز بنچ مارک نیست.,0,2,train
4986,یا علی .,0,2,train
12067,از دیگر امکانات آن می‌توان به USB 2.0، مبدل AV و S-Video اشاره کرد.,0,2,train
7448,من این دوربین رو میخواستم بخرم.,0,2,train
3898,یک دکمه‌ی Rec برای شروع و قطع ضبط ویدیویی در پشت دوربین وجود دارد که در هر مودی که باشید می‌توانید فیلم برداری را شروع و یا خاتمه دهید.,0,2,train
478,نوکیا داره برمیگرده.,0,2,train
1189,ابعاد آن نیز 177×273 میلی متر است که به تنهایی 595 گرم نیز وزن دارد.,0,2,train
4183,معایب!,0,2,train
667,واقعا یک لپ تاپ از هر جهت کامل فقط تنها مشکلش عدم وجود بک لایت بود که خوب شاید اگر بک لایت قرار میدادند دیگر باتری 7 ساعته نداشت!,0,2,train
12396,از رقبای اصلی این دوربین می‌توان به Canon Ixus 220 HS، Casio EX-H15، Fujifilm Finepix F300 EXR، Nikon Coolpix S8100، Olympus Mju 9010، Samsung WB650 و Sony Cybershot HX5 اشاره کرد.,0,2,train
10097,خود درب هم از دو قسمت تشکیل شده که یکی قسمت بالا روشن تر است و دیگری پنل پایینی که خاکستری می باشد.,0,2,train
5466,4- کیبوردش زیاد راه دست نیست، و تایپ باهاش سخته و با نصب یه کیبورد بهتر، خیلی بهتر میشه.,0,2,train
2907,به محض اینکه محاسبات سنگین‌تر (مثال اجرای بازی‌های سنگین) انجام شوند، Infinity به پردازنده چهار هسته ای سوئیچ خواهد کرد.,0,2,train
2211,از نظر طراحی، این گوشی کاملا شبیه به مدل پیشین خود می‌باشد.,0,2,train
9884,از لحاظ مقاومت وقتی شما به گوشی مثل sIII یاone x نگاه میکنید کل جلو گوشی را صفحه ای به ابعاد 4.7 یا 4.8 اینچ اشغال کرده و همچنین با ضخامتی کمتر از 1 سانت.,0,2,train
11153,شما نیز می توانید با استفاده از قابلیت تندرستی - Fitness ورزش کرده و برنامه تمرینات خود را مدیریت کنید.,0,2,train
9181,من 10روزه این دوربین رو خریدم.,0,2,train
10260,من این گوشی رو دیروز خریدم.,0,2,train
5536,زیر کابین گوشی کابین دوم شامل 3 عدد لیبل NFC مخصوص محل کار ، اتومبیل و منزل + هد ست + شارژر و کابل USB + سوزن مخصوص برای اسلات سیم کارت قرار گرفته.,0,2,train
10268,بهتون پیشنهاد میکنم اگه گوشی میخواهید ازاینجابخرید بدون گارانتی هم که باشه اگه روتش کنی گارانتیش میپره جدا ازاین بحث هاپولی که میدید مطمئن خرید میکنید چون ۴۸ ساعت فرصت تست دارید,0,2,train
9052,در کل مقداری هم دستگیره بزرگ شده است.,0,2,train
5123,بازی های این دستگاه بر روی DVD 9 می باشد و به همین دلیل بازی های کپی آن بر خلاف PS3 موجود می باشد.,0,2,train
11668,گفتن مشکلش نرم افزاریه و از اینجور حرفا.,0,2,train
3030,نیز دیگر تبلت های چهار هسته ای هستند که همه آنان به غیر از galaxy note 10.1 از پردازنده tegra3 بهره مند هستند.,0,2,train
4471,البته به جز موقعی که از عکس پس زمینه متحرک استفاده کردیم که کاهش سرعت در آن حالت طبیعیست.,0,2,train
10635,دوستی که میگی دوربینش بعد از آپدیت 12 مگا شده 12 مگا رو حالت HDR هست، بذار رو حالت نرمال میشه 13 لطفا اول مطمئن شو بعد به دیگران توصیه کن که آپدیت نکنن,0,2,train
12272,در انتخاب مموری دقت کنید.,0,2,train
9433,در سمت راست بدنه گوشی، کلید پاور و کلید تنظیم صدا قرار گرفته است.,0,2,train
591,ممنون از دیجی کالا از اطلاع رسانی خوبش.,0,2,train
2040,اصل و بنای طراحی‌اپل روی راحت‌ترین و ساده‌ترین شکل ممکن است.,0,2,train
12436,نکته نگران کننده در مورد xperia v مشکل مرگ ناگهانی در بعضی از آنهاست که این مشکل با ارائه به روز رسانی توسط شرکت سونی قابل حله.,0,2,train
1708,از اضافه شدن قابلیت پانوراما به دوربین تا امکان تعیین زنگ هشدار SMS برای هر کدام از مخاطب‌ها.,0,2,train
11100,البته تراکم پیکسلی آن در مقایسه با تبلت های برتر دنیا مقداری پایین‌تر است، اما در تبلت ها که اکثر افراد از فاصله دور به آن نگاه می‌کنند، تراکم پیکسلی پایین چندان نگران کننده نیست و به چشم نمی‌آید.,0,2,train
6923,حداقل 2500MA.,0,2,train
1351,وزن دستگاه نیز تنها 2 کیلوگرم است.,0,2,train
5211,این نوت‌بوک از نمایشگر 14.1 اینچی LED با رزولوشن 768 × 1366 پیکسل و نسبت تصویر 16:9 بهره می‌برد.,0,2,train
9014,با HDMI می‌توانید دوربین را به تلوزیون‌های HDTV متصل نموده و فیلم‌های گرفته شده را با کیفیت HD و یا Full HD تماشا نمایید.,0,2,train
2204,یه چیز دیگه هم این که اگر تو همین سایت دقت کرده باشید هر گوشی که شما به نقد ها و نظرات نگاه میکنید همه ی بالا پایینش(کجاش داغ میشه - باتریش چجوره - بدنش تو دست چه حسی رو منتقل میکنه و.,0,2,train
6540,بر روی این صفحه نمایش نیز محافظ Corning Gorilla Glass وجود دارد که وظیفه مراقبت از صفحه نمایش در برابر خش را بر عهده دارد.,0,2,train
3535,برای مثال دو حالت عکاسی HDR و Burst shot به حالت‌های عکاسی اضافه شده‌اند.,0,2,train
2292,در زمینه اسمارت فون نیاز به بلوغ دارن.,0,2,train
12153,تازه به نظر ما G5 DSLR تر است!,0,2,train
6968,اگه بیاد حتما میخرم!,0,2,train
5527,اینو باید با نوت1 مقایسش کرد.,0,2,train
677,پس محصول بد نمیسازد .,0,2,train
4321,فقط در یک جمله میتونم بگم.,0,2,train
517,من منتظرم نوکیا خلاقیت خود را بروز دهد و خودم یکی از خریداران آن باشم.,0,2,train
3603,این باتری توانست در سنگین‌ترین تست (حداکثر مصرف پردازنده + حداکثر روشنایی صفحه نمایش) یک ساعت و 10 دقیقه شارژ دهی کند.,0,2,train
4463,در پشت گوشی دوربین 8 مگا پیکسلی با سنسور Exmor R به همراه فلاش LED قرار دارند.,0,2,train
11360,با استفاده از ویژگی Video Snapshot می‌توان از به هم چسباندن کلیپ‌های 2، 4 یا 8 ثانیه‌ای فیلم‌های بلندتر ساخت.,0,2,train
2662,این لنزها با فاکترو 1.6 برابر به ترتیب فواصل کانونی معادل 28، 50 و 90 میلی متر را ارایه می‌دهند.,0,2,train
2279,حرف آخر اینکه موقعیتش پیش بیاد خریدمش.,0,2,train
4525,من 2 ماهی میشه که ray دارم.,0,2,train
5113,سوال: آیا XBOX360 قادر به اجرای بازی‌های نسخه قبلی XBOX می‌باشد؟,0,2,train
5659,در بالای تبلت کلید پاور، کلیدهای کم و زیاد کردن صدا، جک هدفون و شیارmicro SD قرار دارند.,0,2,train
9220,بدنه جالبی نداره ولی امکان فیلمبرداریش در حد خیلی خوبه.,0,2,train
2081,شاید با خودتون میگید که تمام برنامه ها رو اندروید هم داره اما من میگم همیشه چیزی که مختص به یک وسیله است، قائدتا امکانات خاصی داره که شاید محصولات دیگه ندارن.,0,2,train
11670,عیب بزرگ دیگه ای نداره و بقیه خیلی کوچیکن.,0,2,train
9768,به هر صورت از دوربینی در این رده‌ی قیمتی انتظار بیش از این هم نداریم.,0,2,train
3518,همانند Siri، از برنامه S Voice نیز می‌توانید برای انجام کلیه کارهای روزمره (مانند تنظیم کردن ساعت، چک کردن وضعیت آب و هوا، جستجوی مکان و غیره) استفاده کنید.,0,2,train
1641,در بالای گوشی کلید پاور و در قسمت پایینی گوشی نیز جک 3.5 میلی متری هدفون و درگاه جدید رعد(Lightning) قرار گرفته‌اند.,0,2,train
12114,از سایر تجهیزات این دوربین، می توان به خروجی USB، خروجی تلویزیون، میکروفون، بلندگو، کارت حافظه ی Micro SDو باتری یون لیتیوم استاندارد اشاره کرد.,0,2,train
5710,آدیو جک 3.5 میلی متری نیز در لبه‌ی بالا و پورت micro USB در لبه‌ی پایینی گوشی جایگذاری شده اند.,0,2,train
3400,جمع بندی بعد از تصمیم نوکیا برای استفاده از سیستم عامل ویندوز 8 بر روی گوشی‌های خود مانند لومیا 820 و لومیا 920، همینک HTC نیز با معرفی 8X و 8S به بازار، دو مدعی جدید را برای گوشی‌های ویندوزی ارائه نمود تا کار را برای نوکیا که ویندوز 8 را راه احیای خود میدانست سخت‌تر نماید.,0,2,train
804,دوربین دوربین 8 مگاپیکسلی این گوشی قادر است عکس‌هایی با رزولوشن 3264×2448 را ثبت نماید و همچنین می‌تواند با کیفیت 480p و با سرعت 30 فریم بر ثانیه فیلم برداری کند.,0,2,train
2172,طوفان ؟,0,2,train
11329,این دوربین از سیستم فوکوس خودکار 9 نقطه‌ای بهره می‌برد.,0,2,train
4503,یه جورایی میشه گفت xprie arc s کوچیکه.,0,2,train
1921,توی یک فروشگاه موبایلی باهاش کامل کار کردم!,0,2,train
3304,هنگام خرید این لنز با کیت لنز E18-200mm F3.5-6.3 OSS به فروش می رسد.,0,2,train
10525,ضمنا، این گوشی در رنگ‌های مشکی و طلایی تولید گردیده است.,0,2,train
4656,همه از سفیدش خوششون اومد.,0,2,train
10372,طراحی شده برای جلوگیری از گم شدن درپوشآیا تاکنون درپوش USB خود را گم کرده اید یا زمان زیادی را صرف نگرانی در مورد گم کردن آن کرده اید؟,0,2,train
5030,۸٫ قدرت پردازش ۲۴ میلیارد نقطه در ثانیه توسط پردازنده‌ی گرافیکی (در صورت فعالیت هم‌زمان پردازنده‌ی گرافیکی و CPU، کنسول XBOX 360 قادر به پردازش ۳۳٫۶ میلیارد نقطه در ثانیه است.,0,2,train
489,اولین مشکلی که شاید با اون مواجه بشید باز شدن مشکل پشت گوشی برای قرار دادن میکرو سیم کارته که با کمی حوصله این موضوع حل میشه.,0,2,train
5949,مودهای عکاسی مختلفی بر روی این دوربین قرار گرفته اند.,0,2,train
10438,انرژی این دوربین از طریق باتری لیتیوم-یونی NP-85 تامین می‌شود که در هر بار شارژ کامل توانایی پشتیبانی برای گرفتن تا 300 عکس را دارد.,0,2,train
4839,افراد بازی مثل یه واقعیته زنده ی زنده.,0,2,train
4859,"man khodam shakhsan taraf dare PS3 hastam va khaham bood, chon khodam ye gamer e pro hastam  vali jaye goftan dare ke begam X360 dar iran be sarfe tare az hame nazar va ehtemalan khodam ham ye consol e X360 khaham gereft",0,2,train
4351,دقیقا همون جنسی که آیفون 5 داره.,0,2,train
6435,امروز به دستم رسیده و دارم تست می کنم.,0,2,train
12477,در سمت راست گوشی کلید کنترل صدا به همراه کلید پاور قرار دارند.,0,2,train
10794,صدا نیز به صورت استریو ضبط می شود.,0,2,train
10591,در پایین کلید Space، تاچ پد دستگاه قرار دارد که دارای سطحی دانه دانه است.,0,2,train
8034,البته این را هم بگوییم که عکاسی پیاپی 10 فریم بر ثانیه این دوربین می‌تواند فقط تا سقف 8 عکس صورت بگیرد.,0,2,train
7560,ولی اگه دوربین براتون خیلی مهمه خوب میتونید با این پول xperia sl بخرید.,0,2,train
1855,دوم اینکه اینجا به دلیل نبود اینترنت و تحریم‌ها و.,0,2,train
9207,بسم الله.,0,2,train
5697,اگر هم بگید راه اندازی و نرم افزارشو نمی خواین اونوقت بهتون نمی فروشن پس گول قیمتهای کم بازار رو نخورید),0,2,train
3006,وزنشون خیلی فرقی نداره (2 گرم اینفینتی سبک تره )در مورد دوربین حرفی ندارم چون هر دو برای من یکی هستند، به نظره من کسی برای دوربین نمیره تبلت بخره !,0,2,train
4284,اما در پایین قاب پشتی، یک دایره‌ی برجسته از جنس کروم وجود دارد که وظیفه اتصال دستگاه به بند مچی را بر عهده دارد.,0,2,train
9327,بشکه ی لنز آن به دلیل لنز غول پیکری که درون آن قرار گرفته همواره بیرون زده است.,0,2,train
1162,ای کاش تکنولوژیش چند سالی زودتر وارد بازار می شد.,0,2,train
11330,چنین ویژگی‌هایی بر روی این دوربین و همچنین مدل‌های پیشین کاملا عادی هستند به خصوص بیشتر شبیه به دوربین‌هایی چون 550D، 500D و 450D و نیازی به توضیح بیشتر ندارند.,0,2,train
8970,در قسمت بالا و سمت راست لنز هم یک قسمت کوچک برای فعال کردن دستی فلاش Pgr-Up وجود دارد که باید با ناخن انگشت با آن کار کرد.,0,2,train
10508,بنظر من اگه دوربین مکالمه تصویری داشت خیلی خوب میشد چون سونی با این همه قدرتی که توی بازارهای جهانی بدست آورده راحت میتونه تا چند سال دیگه تمامی قدرت فروش گوشی های پیشرفته رو تو سطح دنیا به چنگ بیاره.,0,2,train
8853,کیفیت این دو مدل در مقایسه باهم واقعا متفاوته.,0,2,train
9886,حال با این وجود کدامیک باید مقاومت بیشتری در برابر ضربه داشته باشند؟,0,2,train
7595,این ابعاد بسیار نزدیک به ابعاد گوشی موفق گلکسی اس می‌باشد که نسبت به گلکسی اس 3 حدود 1.5 سانتیمتر در طول و 7 میلی متر در عرض کوچک‌تر شده و همچنین وزن 111 گرمی آن نیز نسبت به گلکسی اس 3 حدودا 20 گرم سبک‌تر شده است.,0,2,train
2271,این رقابت کمپانی ها چه کارا که نمی کنه.,0,2,train
11919,من با این دستگاه تو نمایشگاه کار کردم.,0,2,train
8238,من این رو برای مادرم خریدم .,0,2,train
6933,البته شک نکنید که در ماه های آینده شاهد گوشی های مشابه از برند های دیگه خواهیم بود.,0,2,train
2761,باتری باتری استفاده شده در این تبلت یک باتری لیتیوم پلیمری 3170 میلی آمپر ساعتی است.,0,2,train
1414,آقای فرجی سیستم عامل مک اجازه ی نصب ویندوز رو به کاربرا میده.,0,2,train
87,این فیلم برداری می‌تواند با سرعت 30 فریم انجام شود و امکان استفاده از زوم کامل اپتیکال و ضبط صدای استریو نیز با آن وجود دارد.,0,2,train
134,این دو دوربین از نوع نشانه و عکس یا Point to Shoot می باشند.,0,2,train
5572,این در حالیست که Tipo گوشه های گردتری دارد.,0,2,train
4964,گیرنده مادون قرمز برای ریموت و دو پورت برای مموری وجود دارد.,0,2,train
11151,با قابلیت داستان خانواده - Family Story می توانید عکس ها، پیام ها و رویدادهای ویژه را با عزیزان خود به اشتراک بگذارید.,0,2,train
9235,اکنون دیگر در کنار دکمه ی ISO دکمه ی DISP وجود ندارد و گویی کانن از گذاشتن آن بر روی 600D پشیمان شده است چرا که پیش از آن هم این دکمه در آن قسمت وجود نداشت.,0,2,train
10816,• نرم افزارنسل پنجم iPod Touch از آخرین و جدیدترین نسخه سیستم عامل iOS یعنی iOS 6 استفاده می‌کند.,0,2,train
13043,همون آیفونه بدون جای سیمکارت,0,2,train
8135,نمیدونم.,0,2,train
633,2ماه میشه که این لپ تاپ رو خریدم.,0,2,train
1177,در سمت چپ گوشی، درگاه micro-USB و micro-HDMI قرار دارند.,0,2,train
12002,تازه خریدم.,0,2,train
10449,دیگه رایتل داره میاد,0,2,train
8531,- سرعت شاتر از 1/2000 تا 4 ثانیه - در مورد کارت حافظه به غیر از موارد ذکر شده یعنی SD/SDHC ، کارت های حافظه SDXC را نیز ساپورت می کند.,0,2,train
9262,پیش از این پردازشگر DIGIC 4 بر روی سه نسل یعنی دوربین های 500D، 550D و 600D استفاده شده بود.,0,2,train
4714,همینطور کیفیت ویدیو های ضبط شده با بلک اصلا قابل مقایسه با HD های بازار نیست و خیلی پایینه.,0,2,train
9269,البته این فقط در مود JPEG کار می کند.,0,2,train
10547,از دیگر راه های ارتباطی این گوشی، می‌توان به بلوتوث و DLNA اشاره کرد.,0,2,train
4612,- دارای سنسور های مجاورت و شتاب سنج - دارای رادیو با موج FM- دارای پورتMicroUSBبا قابلیت شارژ گوشی و بلوتوث V2.1- قابلیت شماره گیری صوتی - پشتیبانی ازAdobe Flash 10.2نکات منفی:- زاویه ی دید کم از طرفین- تعبیه نشدن پورت HDMI- اندکی صدایش ضعیف است,0,2,train
12241,حساسیت سنسور یا ISO این دوربین از 100 تا 6400 می‌باشد که البته در 6400 با رزولوشن 3 مگاپیکسل عکاسی می‌کند.,0,2,train
12274,اینو پس از عکاسی و بررسی و زوم کردن تصویر در داخل کامپیوتر متوجه خواهید شد.,0,2,train
8512,البته قبل تر گفته بودیم که مجموع سه سنسور تصویر توانایی ارئه رزولوشن حدود 8 مگاپیکسل را دارند، ولی به هر صورت بوسیله‌ی فرایند داخلی که در دوربین صورت می‌گیرد، این عکس به یک عکس 14 مگاپیکسلی تبدیل می‌شود.,0,2,train
5359,من مدتی پیش این تبلت رو خریدم.,0,2,train
415,نام دیگه این دوربین IXY هست که مخصوص فروش در ژاپن هست .,0,2,train
2659,در حقیقت طبق ادعای فوجی فیلم، توانایی نمایش جزئیات رنگی این سنسور و کیفیت آن چیزی در حد سنسور تصویر 21 مگاپیکسلی دوربین فول فریم Canon 5D Mark II است!,0,2,train
3076,شما مشکلات عدم اجرای بازیها و مسائلی همچون دیتا را در تبلت های IPAD ندارید.,0,2,train
9712,حالا میفهمم چرا اس 3 سامسونگ تو ماه گذشته تو امریکا بیشترین فروش رو داشته .,0,2,train
1786,منظورم IOS هست !,0,2,train
3744,تفاوت قیمتشون فقط 70 هزار تومانه.,0,2,train
3923,این دوربین انتخاب کردم.,0,2,train
7650,هر هسته پردازشگر این تلفن می‌تونه تا سرعت 1.5GHz بالا بره و جالب اینجاست که خود شما می‌تونید به صورت دستی یک جفت از هسته‌ها رو غیر فعال کنید تا باطری بیشتری داشته باشید.,0,2,train
13061,در قسمت لبه ی پایینی دستگاه یک universal dock connector و یک Audio Jack 3.5 میلیمتری مشاهده می شود که بر خلاف iPhone قابلیت پذیرش هر نوع هدفون با فیش 3.5 میلیمتری را دارد.,0,2,train
6122,همچنین این کنسول در پک های مختلفی به بازار عرضه می شود که برخی از آنها بازی اورجینال رایگان هم در خود دارند.,0,2,train
12577,پس از این مدت خود به خود خاموش شد.,0,2,train
9153,HTC Desire V دو سیم کارته است و امکان استفاده از هر دو سیم کارت آن به طور همزمان فعال وجود دارد.,0,2,train
7138,در ضمن، افکت‌ها و مود های بسیاری در دسترس کاربر قرار دارد که بتواند بر طبق نظر خود از آن‌ها استفاده نموده عکس‌های متفاوتی را ثبت نماید.,0,2,train
11739,آندروید جینجربرد روش خوب کار میکنه اما وقتی تبدیلش کنید با آندروید 4 یه کوچولو مصرف باتری رو بالا میبره.,0,2,train
1467,به هر صورت همانطور که گفتیم، A3400 IS دوربین با نمایشگر لمسی سری A سال 2012 کانن محسوب می‌شود.,0,2,train
3220,بعد از خرید میتونید نسخه اندرویدشو ارتقاء بدید قبل از این کار باطری تبلتتون کامل باشه چون کمی طول میکشه تا دانلود کنه و بعد نصب کنه هر دفعه خاموش روشن کردن تبلت سه درصد از شارژ باطری کم میشه.,0,2,train
8073,از دی جی کالا سفارش دادم منتظرم به دستم برسه.,0,2,train
4725,نمی دونم دیگه از یه گوشی چی می خواید.,0,2,train
3878,اما هرچند که رزولوشن سنسور تصویر مقداری بالاتر است، ولی HX200v لنزی کاملا مشابه با لنز HX100v دارد.,0,2,train
2089,") این همه شرکت بالا خره بعد از 6 سال تونستن درصد فروش android رو بیشتر از ios کنن و این در حالی است که اگه بخایم درصد فروش تک تک کامپانی ها رو حساب کنیم در برابر شرکت Apple هیچن .3.شرکت Apple فقط یک استانداردی برای گوشی هایش داشت حالت مستطیلی با صفحه ی 3.5"" یا 4"" با یک دکمه ی گرد پایین صفحه نمایش که در دست واقعا راحت بود .",0,2,train
7618,نوار Notification تغییر زیادی نداشته است.,0,2,train
2278,سی پی یو 1.7gh که دیگه سامسونگ و اپل رو از رقابت خارج میکنه.,0,2,train
10974,حتما می دونید که دستگاه های آندروید روی 4.1 سرعت بیشتری دارند نسبت به 4 .,0,2,train
13054,ولی وقتی با دقت بیشتری نگاه کنید متوجه می شوید که با دستگاه کاملا متفاوتی روبرو هستید.,0,2,train
6247,من حدود 2 ماه در شک و تردید خرید این گوشی بودم و آخرش خریدم.,0,2,train
6639,پس از پر شدن ظرفیت حافظه‌ی داخلی می‌توانید بر روی کارت حافظه‌ی SD/SDHC/SDXC فیلم برداری را ادامه دهید.,0,2,train
10666,ولی این تصحیح خیلی مانند قیمتش به چشم نمیاد و تفاوت چندانی با هم نمی کنن فقط مدل TX از مدل T سبک تره اونم به علت کاهش وزن باطریشه که باعث کاهش زمان مکالمه ، زمان انتظار و ظرفیت باتری شده ولی پیشنهاد من به کسایی که میخوان یکی از این دو مدل رو بخرن خریدن مدلT هست که مقرون به صرفه تره.,0,2,train
4019,تفاوت چندانی با HX100v نداره.,0,2,train
2675,همچنین عکس‌ها و فیلم‌ها بر روی کارت حافظه‌ی SD/SDHC/SDXC ذخیره می‌شوند و باتری لیتیوم-یونی آن نیز در هر بار شارژ کامل توانایی پشتیبانی برای گرفتن تا 300 عکس را دارد.,0,2,train
8713,با سلام و خسته نباشید.,0,2,train
11373,سری دو رقمی مثل 60D، 50D، 40D و حتی 7D سری Prosumer یا نیمه حرفه‌ای هستند که جثه ی بزرگتر و فن‌آوری‌های پیشرفته‌ای دارند ولی در کل از همان سنسورهای APS-C با کراپ فاکتور 1.6X استفاده می‌کنند.,0,2,train
2905,این هسته کم مصرف زمانی فعال می‌شود که Infinity در حال انجام کارهای سبک مثل تماشای ویدئوهای Full HD یا مرورگری اینترنت باشد.,0,2,train
10161,من چند ماهی میشه این گوشی رو خریدم.,0,2,train
9551,حال با گالکسی S3 مقایسه شود که پردازنده ۱۴۰۰ مگاهرتز و ۴ هسته ای با تکنولوژی آرم A9 است می توان مقایسه دقیق تر از قدرت پردازش این دو داد.,0,2,train
3341,۵ برابر بزرگ تر از سنسورهایی است که در دوربین های فیلم برداری معمول به کار رفته است.,0,2,train
1048,دست کم می‌توانست از ویژگی Tap Control دوربین‌های المپوس بهره ببرد تا با زدن ضربه به دوربین می‌توانستیم بعضی عملکردهای آن را کنترل کنیم.,0,2,train
7484,هرچند که در این دوربین می‌توانید نور دهی و تراز سفیدی را تنظیم کنید، ولی اصولا برای این طراحی شده که آن را در مود کاملا اتوماتیک یا Full Auto استفاده نمایید.,0,2,train
636,من یک هفته پیش این لپ تاپ رو خریدم .,0,2,train
3670,مشخصه‌Partial Delete به شما امکان می‌دهد قسمتی از یک فایل ویدیویی را به صورت یک فایل جدید ذخیره کنید.,0,2,train
5870,امکانات و زیباییش حرف نداره ولی بدنش خیلی ضعیفه.,0,2,train
12010,تازه خریدمش.,0,2,train
7734,من از همه نظر تستش کردم.,0,2,train
812,پس اگر شما هم به دنبال یک تلفن همراه دو سیم کارته هوشمند هستید، HTC Desire SV را نیز جزو گزینه های خود قرار دهید.,0,2,train
10875,ممنون از همه,0,2,train
11871,بدین طریق کافی است هر برنامه از بین هزاران برنامه و نرم‌افزار را که خواستید مستقیما برای گوشی خود دانلود کنید.,0,2,train
7784,در قسمت زیرین صفحه نمایش مانند تمامی محصولات ساخت اپل، کلید کاربردی Home به چشم می‌خورد و در بالای صفحه نمایش نیز دوربین 1.2 مگاپیکسلی مکالمات تصویری قرار دارد.,0,2,train
7098,در سمت راست بدنه کلید کنترل صدا به چشم می‌خورد.,0,2,train
3451,درست است که چاپگرهای جوهرافشان سرعت چاپ چندان بالایی به نسبت چاپگرهای لیزری ندارند ولی Pixma MX374 در بین پرینترهای جوهرافشان سرعت به نسبت متوسطی دارد.,0,2,train
5074,البته Region-Free همواره به معنی اجرا روی تمامی ریجن‌ها نیست و امکان دارد که بازی‌ای Region-Free باشد ولی فقط روی کنسول‌های PAL و NTSC-J اجرا شود و روی NTSC-UC اجرا نشود.,0,2,train
9790,ضمنا من این دوربین را از این سایت تهیه کرده ام.,0,2,train
933,چشمی الکترونیکی این دوربین رزولوشن 800X400 پیکسل را ارائه می دهد و از نوع OLED می باشد.,0,2,train
7801,آیا گفتن همین یک نام برای نشان دادن قدرت نرم افزاری آیپد مینی کافی نیست؟,0,2,train
8552,یک ماهی هست این گوشی رو خریدم.,0,2,train
1678,در مورد ظرفیت آیفون جدید نیز باید بگوییم که اپل مدل جدید خود را در سه ظرفیت 16، 32 و 64 گیگابایت تولید نموده است و همانند محصولات قبلی این کمپانی، آیفون 5 نیز از کارت حافظه جانبی پشتیبانی نمی‌کند و کاربر باید بنا بر نیاز خود یکی از این سه مدل را انتخاب نماید.,0,2,train
4281,نسل پنجم iPod Touch در پنج رنگ مشکی، نقره ای، صورتی، زرد و آبی عرضه شده است.,0,2,train
8418,در حالی که بر روی مدل های متوالی این سری دوربین ها از نمایشگرهای 2.7 اینچی 230000 نقطه ای استفاده می شد، این بار کانن ناپرهیزی کرده و از یک نمایشگر 2.8 اینچی 460000 پیکسلی استفاده کرده است.,0,2,train
2532,این موضوع را نخست از توانایی زوم لنز آن می توان دریافت.,0,2,train
9697,با سلام خدمت همه دوستان دی جی کالا.,0,2,train
2705,هیچ خمش یا تکانی در شاسی به چشم نمی خورد و صفحه های بالایی و پایینی هم از فلز آلیاژ منیزیوم ساخته شده اند.,0,2,train
12505,همچنین، یک دوربین VGA نیز برای انجام مکالمات تصویری در قسمت جلوی گوشی تعبیه گشته است.,0,2,train
249,محمد معینی - احمد مجیدی پور - سعید حاجی بنده - بهزاد رمضانی  4 تا دوستی که اسمشونو گفتم از عملکرد بد دکمه های لمسی پایینی حرف زدند .,0,2,train
2436,در آخر می تونم بگم اگه PadFone 2 داک کیبورد رو هم پشتیبانی می کرد می تونست به یک رویا تبدیل بشه.,0,2,train
8911,(من 3 ماهه دارمش),0,2,train
4834,که باعث حسودی و عصبانیت شرکت ps3 شد.,0,2,train
4034,تنها برتری دوربین کنون بر این دوربین رو توانایی زوم اپتیکال بیشتر و صفحه نمایش چرخنده اونه .,0,2,train
7024,آقا سید محمدرضا طباطبایی.,0,2,train
4924,مقایسه xbox با ps3 مثل مقایسه سیب با پرتقاله.,0,2,train
12557,Multitaskingگوشی‌های نسل قبلی iPhone را به یاد می‌آورید؟,0,2,train
6870,که هنوز مشخصات زیادی از m7 در دست نیست .,0,2,train
1388,سخت افزار داخلی اپل در Retina MacBook Pro از نسل سوم پردازنده های چهار هسته ای Intel Core i7 با نام Ivy Bridge استفاده کرده است.,0,2,train
7627,همچنین برای مکالمات تصویری، یک دوربین VGA در جلوی این گوشی قرار داده شده است که دوربین دوم این گوشی محسوب می‌گردد.,0,2,train
1655,چه از لحاظ تراکم پیکسلی، چه از لحاظ وضوح رنگ‌ها و روشنایی و چه از لحاظ کنتراست.,0,2,train
557,لبه جلویی دستگاه شامل ورودی و خروجی صوتی و یک کارت خوان چهار کاره می‌باشد.,0,2,train
11252,اما به جز این مود، HX30v خوشبختانه از مودهای Program و Manual Exposure هم بهره می‌برد.,0,2,train
7943,این دوربین مجهز به لنز 26-130 میلی متر با توانایی زوم 5 برابر می‌باشد.,0,2,train
7548,سلام من 5 اسفند این گوشی رو از نمایندگی سامسونگ جمهوری خریدم.,0,2,train
1014,شرایط سختی که معمولا ماجراجویان و ورزشکاران در آن‌ها قرار می‌گیرند و البته نیاز به ثبت لحظات پر مخاطره‌ی خود را نیز دارند.,0,2,train
5316,من نزدیک به 4 ماه تحقیق کردم تا یک تبلت عالی تهیه کنم که در نهایت به nexus7 رسیدم ولی 3g هم برام مهم بود تا اینکه این تبلت ارائه شد.,0,2,train
1926,سلام به همتون.,0,2,train
4882,در ضمن به فرض هم که ایکس باکس شما همونطور که گفتی بخاطر بازی کردن و داغ شدن بورد و پایه gpu یا cpu سه چراغه بشه براحتی قابل تعمیره و مثل دو سه سال پیس نیست که بلا استفاده بمونه.,0,2,train
1208,در این شرایط دو راه برای مکالمه متصور می‌شوید.,0,2,train
6130,دنیای کنسولهای بازی تا حدی سلیقه ای و مشروط به نوع کاربر است.,0,2,train
5945,بنابراین از کیفیت عکس‌های تولید شده توسط این دوربین انتظار خیلی زیادی داریم.,0,2,train
11929,هرچنددوستان زحمت کش دیجی کالا با معرفی دقیق شون تا حدود زیادی راه انتخاب رو هموار کردند.,0,2,train
4674,پخش فیلمhdتوسط برنامه ی mx video.,0,2,train
12670,حدود 2 ماهه که این گوشی را واسه تولد همسرم خریدم.,0,2,train
653,هر لپ تاپی میبینم دوباره میرسم به این  پرو بوک .,0,2,train
11057,دوستان من از نگاهی منصفانه به قضیه نگاه می کنم در کل دوستانی که از الکترونیک سر در میاورند کاملا متوجه هستند که تفاوتی بزرگ بین نت 10.1 و تب 2 10.1 وجود نداره حتی سامسونگ به خودش زحمت نداده تا قالب بدنه این دو تا تبلت رو تغییر بده و از یه قالب عین هم استفاده کرده حتی شیار های کارت sd یا هدفون و ..,0,2,train
7698,اولین تجربه من از محصولات apple بود.,0,2,train
2192,همه منتظر بودند تا اپل با آیفون 5 دوباره خودی نشان بدهد.,0,2,train
5520,نظر در مورد ظاهرشونو به خود دیجیکالا میسپرم و تو نقد و بررسی کامل میشه پیداش کرد,0,2,train
11839,من این گوشی رو دارم.,0,2,train
7984,نمیدونم چرا خیلی ها اصلا این دو برند رو بایکدیگر مقایسه میکنن .,0,2,train
3599,مسلما برای کسانی که کارهای گرافیکی سنگین انجام می‌دهند، تهیه مدلی که از کارت گرافیک مجزا استفاده می‌کند، پیشنهاد می‌شود.,0,2,train
9324,از دلایل این شباهت نخست می توان به دستگیره ی بزرگ اشاره کرد.,0,2,train
1914,6 ماهی باید صبر کنید که جلیبریکش بیاد ایران,0,2,train
12478,در سمت چپ هم درگاه microUSB و جک 3.5 میلی متری صدا تعبیه شده‌اند.,0,2,train
5792,سلام بچه ها نسخه اندروید 4 براش اومده.,0,2,train
4401,بطور پیش فرض این تبلت از اندروید شانه عسلی نسخه 3.1 استفاده میکند که البته آپدیت نسخه 3.2 نیز برای این تبلت منتشر شده است.,0,2,train
4312,• جمع بندی در کل ممکن است این سوال برای شما پیش آید که آیا نسل پنجم iPod Tocuh می‌تواند یک انتخاب ایده آل برای کسانی باشد که علاقمند به iPhone 5 بوده ولی قدرت پرداخت هزینه آن را ندارند؟,0,2,train
6632,در کل باید گفت، همانطور که گفتیم، و از قیمت این دوربین هم پیداست، HF R206 دوربینی متوسط می‌باشد.,0,2,train
3318,این دوربین فلاش داخلی ندارد ولی فلاش اکسترنال به آن متصل می شود که اتفاقا به هنگام خرید در جعبه موجود است.,0,2,train
12901,سلام صفحه کلیدش سفته بعضی وقتا قاطی میکنه ولی بدنش محکمه,0,2,train
7385,در پخش فیلم DVD، نیز این مقدار 3 ساعت و 51 دقیقه بود.,0,2,train
2439,) رو هم داره از لحاظ سخت افزاری با LG Optimus G E973 تقریبا در یک سطح قرار داره بارزترین ویژگی این گوشی داک اون هست که میتونید گوشی رو تبدیل به یک تبلت بکنید هر چند ممکنه احساس یکپارچگی خوبی در محصولتون نکنید برای کسانی که توانایی مالی تهیه یک تبلت قدرتمند و یک گوشی به روز رو ندارند انتخاب خوبی هست البته دردسر های اشتراک و سینک کردن اطلاعات رو بین تبلت و گوشی رو دیگر با این محصول نخواهید داشت که این ویژگی میتونه کمبود پورت یو اس بی این محصول رو تا حدودی جبران بکنه ظاهر گوشی کمی شبیه گلگسی اس 3 هست خوب بود که از آندرویید 4.1 به طور پیشفرض استفاده کنه برای کسانی که به برند ایسوس علاقه دارند میتونه انتخاب خوبی باشه,0,2,train
457,دوربین دوربین این گوشی یک دوربین 5 مگاپیکسلی است که عکس‌ها را با رزولوشن 1936×2592 پیکسل ثبت می‌نماید.,0,2,train
9048,ظاهرا که سامسونگ تصمیم گرفته در عوض قرار دادن نمایشگر لمسی، این پیچ تنظیم را هم حذف کند.,0,2,train
4105,نیست و تنها محل درج مموری micro SD ، خروجی هدفون ، محل شارژ باتری و پورت micro USB وجود داره.,0,2,train
11353,مود Face detection سعی می‌کند بر روی چهره ی افراد موجود در کادر فوکوس کند.,0,2,train
3194,، پردازنده قوی داره و به راحتی فیلم های فول اچ دی و بازی های اچ دی را پشتیبانی میکنه ، جی پی اس قوی داره ولی افسوس که وای فای یا سخت افزار وایرلسش واقعا ضعیفه !,0,2,train
6868,"(در مقایسه با xperia z , note 2 , one x + ) .",0,2,train
3775,یک درب کشویی نیز بر روی بدنه وجود دارد که با کنار زدن آن متوجه پورت های HDMI، یک پورت USB و شیار کارت حافظه می شویم.,0,2,train
4466,Xperia ray همانند گوشی Xperia arc از سیستم عامل اندروید 2.3 به همراه رابط کاربری Timescape UXP استفاده می‌کند.,0,2,train
10495,نظر نهایی بعد از خرید,0,2,train
8019,حتی لنز این دو نیز با توانایی زوم 35 برابر مشابه می‌باشد.,0,2,train
2394,یکی از تغییرات اصلی ایجاد شده در PadFone 2 مربوط به پورت اتصال آن می‌باشد.,0,2,train
8477,سلام من از نزدیک دیدم - به طور کلی خوب بود ولی با این قیمت و کارایی خوب زوم اپتیک ضعیف میباشد.,0,2,train
12676,سونی بروز رسانی رو بر اساس SL Number که جای اون زیر باطری هست انجام می ده که طبق لیست وب سایت سونی هنوز واسه ما نیومده.,0,2,train
6684,"نباید از این دوربین انتظار عکسبرداری مناسبی داشته باشید در تصاویر گرفته شده در فضای باز با نور کافی کیفیت عکس های گرفته شده خوب است اما در فضاهای بسته کیفیت عکسها رضایت بخش نیست همزمان با فیلمبرداری قابلیت گرفتن عکس دارد , مدت زمان شارژ خوبی را نگه داری می کند در فیلمبرداری در شب کمی ضعیف عمل می کند کیفیت فیلم های گرفته شده بسیار بالا است قابلیت تولید کلیپ را به صورت خودکار دارد.",0,2,train
5256,بیشترین مصرف باتری در وب‌گردی، پخش ویدیو و بازی‌های ویدیویی می‌باشد.,0,2,train
6006,سینی های تغذیه‌ی کاغذ نیز می‌توانند موقعی که به آن ها نیازی نیست در سر جای خود بسته شوند.,0,2,train
7396,فقط 5.4 میلیمتره.,0,2,train
7826,دیروز گرفتم !,0,2,train
7222,پدفون 1 هم همین قیمت بود!,0,2,train
2380,و از لحاظ گرافیک iPhone طی این 7 سال امتحان خودشو پس داده و ثابت کرده که گرافیکش از هر گوشی android ی بیشتر است .,0,2,train
7891,اما تفاوت بزرگ این تبلت نسبت به تبلت های مشابه نظیر Google Nexus 7، در امکان برقراری تماس‌های تلفنی با آن است.,0,2,train
12660,در ضمن گوشیمو روت نکردم و نخواهم کرد فقط مشکل اینه که صدای شاترش بدون روت قطع نمی شه که اونم راه حلش نصب یه برنامه برای دوربینه که عکسبرداری و فیلمبرداریو بدون صدا انجام می ده.,0,2,train
5049,البته به گفته‌ی مدیر فنی کنسول XBOX در بخش ژاپن شرکت مایکروسافت، این شرکت بازی‌های XBOX 360 را در ژاپن، روی دیسک‌های نوری HD-DVD ارایه نمی‌کند و این دیسک‌ها صرفا برای نمایش فیلم و ذخیره اطلاعات کاربرد خواهند داشت.,0,2,train
6337,که اگر رایتل در اسلاید 2 قرار بگیره آنتن نخواهی داشت که این مساله در s duos هم بود پس باید سیم نسل سوم در اسلاید 1 قرار بگیره تا هر دو سیم آنتن داشته باشند .,0,2,train
3061,از عکسهای کتاب های دیگر توی نرم افزار آفیس اون استفاده کرد ، همزمان جزوه نویسی کرد و مطالب رو بصورت مولتی مدیا به اشتراک گذاشت.,0,2,train
3058,این در حالیه که خیلی از توانایی های وکوم سینتیک رو میشه با قلم با حساسیت 1024 سطح فشار این دستگاه که اونم بصورت اختصاصی توسط وکوم ساخته شده رو ، بصورت قابل حمل با خودتون داشته باشید.,0,2,train
11205,Cross Type ها به جزئیات عمودی و افقی حساس است.,0,2,train
6816,چرا با اینکه دوربینش هشته از اکسپریا زد یک میلیون گرونتره؟,0,2,train
1526,سامسونگ در تولید تبلت های سری Note خود، یک رویکرد آموزشی را هم در نظر داشته است .,0,2,train
8358,پیشنهاد میکنم قبل خرید به برند های دیگه هم فکر کنید..,0,2,train
12399,نزدیک به یک ماه این گوشی رو از این سایت خریدم حافظه داخلی در دسترس کاربر 4 گیگ بیشتر نیست و اینکه زود داغ می کنه جوری که می ترسم ازش دیگه استفاده کنم و یکی دو بار هم قفل کرده غیر از این موارد گوشی خوبیه,0,2,train
6606,با باز کردن نمایشگر، پورت های USB، HDMI و شیارهای دوقلوی کارت حافظه‌ی SD دیده می‌شوند.,0,2,train
12552,گوشی و اسپیکراز نظر صدا و کیفیت گوشی و اسپیکر در گوشی‌های قبلی شکایتی نداشتیم، هرچند که بلندی صدای اسپیکر هیچ وقت راضی کننده نبود ولی مطمئنا شرکت بر روی کیفیت و بلندی صدا کار کرده است.,0,2,train
4424,سلام از نظر کیفیت رنگ و کنتراست تا حالا هیچ تلویزیونی به پای پلاسما نرسیده و یا حداقل من ندیدم حتی ال ای دی های سری 5 سامسونگ هم هنوز در داینامیک رنج تصاویرشون به شدت دچار مشکل هستند که باعث می شه تصویر کم کیفیتی حاصل بشه.,0,2,train
130,بسیار خوب، ST68 کمی گران قیمت تر است که به دلیل سنسور تصویر با رزولوشن دو مگاپیکسل بیشتر آن می باشد.,0,2,train
3857,این دوربین‌ها هرچند که از جهات زیادی به دوربین‌های Bridge یا DSLR Like شباهت دارند، ولی با ابعاد 122X87X93 میلی متر و وزن 580 گرم، دوربینی کامپکت و سوپرزوم محسوب می‌شوند.,0,2,train
2389,از لحاظ ظاهری می‌توان گفت که گوشی PadFone 2 مدل بزرگ‌تر شده گوشی PadFone است.,0,2,train
736,در آخر لازم میدونم بگم که 4540 اصلی فقط با هارد 640 عرضه شده.,0,2,train
12251,در کل باید گفت که S2980 تفاوت چندانی با مدل سال پیش S2800HD نداشته است.,0,2,train
9422,البته اکثر گوشی های هوشمند، همینطور هستن.,0,2,train
9011,در زیر آن‌ها نیز دکمه‌های Display و Menu قرار دارند که عملکرد آن‌ها تا حدود زیادی مشخص است.,0,2,train
9913,البته در مورد 4s نمی‌توانیم خیلی زود قضاوت کنیم چرا که این موضوع باید به عنوان بازخورد از تعداد زیادی از مشتریان در طی استفاده‌ی زیاد دریافت شود.,0,2,train
7532,این دوربین مجهز به لنز 24-108 میلی متری با توانایی زوم 4 برابر می باشد.,0,2,train
694,آقای سید سجاد حیدری شما از کجا میدونی؟,0,2,train
4299,در بنچمارک ها و تست‌های انجام شده، iPod Touch نسل پنجم، توانست امتیازی نزدیک به iPhone 4S کسب نمود.,0,2,train
1973,این یه چیز دیگست .,0,2,train
9652,مثلا Nokia Lumia 920 واقعا از ایفون 5 بهتره .,0,2,train
661,حتی لب تاپ قبلیمو که سفارش دادم بدون گارانتی بود که بعد از تحویل متوجه شدم فنش خوب کار نمیکنه که فرداش فرستادم و به کل برام یکی دیگه فرستادن.,0,2,train
338,در لبه جلویی نیز یک کارت خوان با پشتیبانی از کارت‌های حافظه SD و MMC قرار دارد.,0,2,train
823,با اینکه میخواستم اس بگیرم الان منتظر این گوشی میمونم.,0,2,train
6863,زیبایی.,0,2,train
9748,این مقدار انرژی ذخیره شده برای حدود 5 ساعت مکالمه مداوم و یا بیش از 470 ساعت در حالت آماده به کار کافی است.,0,2,train
11003,کافیه که یک طراح چیره دست باشید و بجای حمل مقدار زیادی کاغذ ، ماژیک و لوازم طراحی که معمولا من به شخصه اگه بخوام حملش کنم ، چیزی حدود 5 کیلو گرم میشه رو جایگزین کنید با این تبلت.,0,2,train
8579,برای دفعه های بعدی شارژ گوشی به محض اینکه رسید به 10% بزنید به شارژ و بزارید 100% که شد از شارژ درش نیارید تا یه نیم ساعت بعدش که خوب شارژ بشه چون معمولا این 100% که زود بهش میرسه تنها 88درصد ظرفیت واقعی باتری هست و برای اینکه کاملا شارژ بشه باید مقدار بیشتری بزارید تو شارژ بمونه.,0,2,train
2666,این چشمی توانایی ارایه دو بزرگنمایی متفاوت را دارد.,0,2,train
10295,می تونم بگم از تمام قابلیت های گوشی استفاده کردم.,0,2,train
7476,یک سویچ دستی نیز کاور لنز را باز و بسته می‌کند.,0,2,train
11575,اندازه حسگرش با sx40 هم یکیه,0,2,train
4671,دوربینش 20است.,0,2,train
4432,کلا ذات پلاسما اینطور هست که داغ میکنه ؛ ولی مدل های مختلف سامسونگ بیشتر داغ میکنند به همین خاطر توصیه میکنم دنبال تلویزیون های پلاسما اگر هستید برند پاناسونیک رو انتخاب کنید که معرفی کننده تکنولوژی پلاسما هم هست، و کیفیت مناسبی داره  تنها ایراد پلاسما مصرف بالا حدود 300 وات هست.,0,2,train
3890,ظاهرا که در HX200v هم سونی به این نتیجه نرسیده که کفشک فلاش اکسترنال لازم است.,0,2,train
39,نسبت به کارایی این دستگاه قیمتش خیلی مناسبه ولی یه چیزی یه کم صداش زیادی بلنده.,0,2,train
8692,اول از دیجی کالا ممنونم به خاطر احترام به سلایق مختلف مخاطبینش.,0,2,train
6011,بر روی بدنه‌ی این پرینتر پورت USB 2.0 هم دیده می‌شود.,0,2,train
3990,بعضی ها تعصب دارن رو سونی و بعضی ها هم روی کنون.,0,2,train
7412,من این لپ تاپ دیروز از دی جی کالا خریدم .,0,2,train
3562,گوشی خوبی هست ولی کیفیت بدنه پایینی داره!,0,2,train
7,همانطور که گفتیم، M1132 پرینتری لیزری، تک رنگ و چند کاره است.,0,2,train
13010,در قسمت عقبی دوربین نیز می‌توانید محفظه مخصوص باتری را ببینید.,0,2,train
9907,بنابراین احساسی که با 4s خواهید داشت همان احساسی است که با در دست داشتن 4 به شما دست می‌دهد.,0,2,train
10173,من عاشق دیجی کالا هستم و هر روز واردش میشم.,0,2,train
11258,"اما HX30v مجهز به نمایشگر 3 اینچی با رزولوشن 921,000 پیکسل می‌باشد.",0,2,train
7572,NFC - 4G - DLNA هم اصلا بی خیال بشید.,0,2,train
8231,حالا اگر جمع این دو مورد را خواستید که هم دو سیم باشه هم وای فای 310 را بگیرید .,0,2,train
6080,).,0,2,train
9555,در حالیکه اکثر گوشیهای مدرن ۱ سال گذشته این سنسور را جز اصلی سخت افزار خود منظور کرده اند.,0,2,train
8974,در کنار آن اسپیکر برای پخش صدای فیلم‌های ضبط شده قرار دارد.,0,2,train
1187,اما در مورد طراحی داک آن نیز می‌خواهیم بگوییم.,0,2,train
5882,من 4 ماهه این گوشیو دارم.,0,2,train
1748,3-سوما وقتی که میام از بزرگترین سایت های دانلود یعنی (آسان دانلود، دانلود ها، میهن دانلود و.,0,2,train
3329,آنطور که در اینترنت مشخص است، قیمت این دوربین 2000 دلار یا حدود 2 میلیون تومان است.,0,2,train
10376,*** عملکرد ضد آب بودن آن تا عمق 1 متر برای 20 دقیقه مورد آزمایش قرار گرفته است.,0,2,train
526,در مود Advanced شما می توانید از بین طیفی از رزولوشن، رنگ و ابزارهای برطرف کننده ی خطا انتخاب کنید.,0,2,train
2656,بدنه نیز به طور کاملا از آلیاژ آلومینیوم ساخته شده که در جای جای آن روکش چرمی قرار دارد.,0,2,train
2873,با داشتن ضخامتی معادل 8.5 میلی‌متر، Infinity نزدیک به یک میلی‌متر باریک‌تر از آی پد نسل سوم است.,0,2,train
7071,امیدوارم که تنها رقیبش فقط galaxy s IV باشه.,0,2,train
6532,در قسمت زیرین تبلت درگاه اتصال کابل جهت انتقال اطلاعات و شارژ و دو شکاف که برای اتصال داک است تعبیه گشته‌اند.,0,2,train
7043,Nexus 10 با چیپ 2 هسته ای Exynos 5250 از Nexus 4 با چیپ 4 هسته ای Snapdragon S4 Pro قوی تره.,0,2,train
6746,خیلی خوب و قوی,0,2,train
10734,میشه یه تبلت درست و حسابی خرید.,0,2,train
9635,پردازنده هم که 2 هسته ای.,0,2,train
8203,البته فراموش نکنیم بگوییم که یک مود فیلم برداری 2.7KP هم وجود دارد که بین Full HD و 4K قرار می گیرد و در آن فیلم برداری می تواند با سرعت 30 فریم بر ثانیه انجام گیرد.,0,2,train
8581,البته هنوز به دستم نرسیده.,0,2,train
10970,آپدیت جیلی بین هم داره واسش میاد.,0,2,train
8788,پردازنده این گوشی یک پردازنده دو هسته ای یک گیگاهرتزی از نوع Cortex-A5 به همراه چیپ Qualcomm Snapdragon می‌باشد که به همراه 768 مگابایت رم، در این گوشی به کار گرفته شده است.,0,2,train
3087,اگر قیمت ایپد جدید را زیاد میدانید منتظر ایپد مینی باشید شاید همین روزها نقد وبررسی این تبلت را از دیجی کالا ببینید.,0,2,train
7297,به جز نمایشگر، این دوربین مجهز به رادیو داخلی Wi-Fi نیز هست که بوسیله‌ی آن می‌توانید عکس‌ها و فیلم های گرفته شده‌ی خود را از طریق شبکه‌ی Wi-Fi به صورت بیسیم به لپ تاپ، تبلت و یا گوشی خود منتقل کنید.,0,2,train
2043,در مورد بقیه موارد هم باید بگم که بعد از 1 سال صرف وقت روی طراحی داخلی و ظاهری، انتظار بالاتری میشد داشت.,0,2,train
5210,این نوت‌بوک از پورت HDMI برای اتصال آن به HDTV هم بهره می‌برد.,0,2,train
1651,iPhone 5 دارای یک صفحه نمایش 4 اینچی از نوع LED-Backlit IPS TFT می‌باشد که دارای رزولوشن 1136×640 است.,0,2,train
1754,ساده ترین کارها نیاز به برنامه یا اینترنت داره یه شماره تلفن نمیشه از گوشی ریخت رو سیم کارت بدرد گوشی بازها می خوره نه کاربر عادی که می خواد راحت از همه امکانات گوشی استفاده کنه,0,2,train
2604,قبلا تجربه کار با سری سونی رو داشتم که ارزش خرید و کیفیت عکسهایی که سونی میگیره هزاران برابر بهتر از این دوربینه.,0,2,train
865,4- ضخامت کمتر (با 9.3mm ضخامت، 1.4mm باریک تر است) و وزن کمتر (با 114gr وزن، 17gr سبک تر است).5- دوربین با دیافراگم (Aperture) بهتر (دیافراگم f/2.0 که نور بیشتری را نسبت به دیافراگم f/2.2 وارد دوربین می کند.,0,2,train
3443,رنگ آن نیز مشکی و از نوع مات است.,0,2,train
4348,(از اون انقلاب هایی که بوی استیو جابز بزرگ رو میده : 6.1 میلی متر ضخامت، و 88 گرم وزن)2.,0,2,train
3566,تا بیاد ببینیم قیمتش چطوریه.,0,2,train
12110,و اما صفحه نمایش دوربین فیلمبرداری JVC GZ-MG335، از نوع TFT و در اندازه ی 2.7 اینچ با تعداد 123000 پیکسل و از نوع استاندارد است.,0,2,train
2158,ایا.,0,2,train
1795,بمدت دوسال آیفون 4 و 4اس داشتم.,0,2,train
4688,"برخی از افراد ترجیح میدن یک گوشی با امکانات روز در ابعاد کوچک در عین حال زیبا برای استفاده روز مره داشته باشند به نظر من اکسپریا ری به دلایل زیر یک پیشنهاد ایده آل میتونه باشه:1- قابلیت ارتقا به جدید ترین ورژن از اندروید 42- صفحه نمایش بسیار با کیفیت با نمایش 300 پیکسل در یک اینچ که با دید انسان برابری می کند ( لازم به بیان هست که چشم ما 325 پیکسل در اینچ هست و این یعنی تکنولوژی سونی)3- کیفیت دوربین 8 مگاپیکسل با سنسور exmor r cmos که در دوربین های حرفه ای مورد استفاده قرار میگیره قابلیت تصویر برداری سه بعدی و نمایش آن و همچنین تصویر برداری پانوراما با همراهی فلش قوی led که پیشنهاد میشه در هنگام فلش زدن به دلیل قدرت بالا بهش نگاه نکنین که کوری زمانی میاره4- دوربین دوم با کیفیت 2 مگاپیکسل برای مکالمه تصویری5- کیفیت فیلم برداری hd6- بدنه باریک و زیبا با ضخامت 9.4 mm و وزن 100g7- بالا ترین رزولوشن 845*480 به همراه موتور براویا سونی8- پردازنده قوی9- صفحه نمایش مولتی تاچ و کنترل لمسی حساس و حسگر شتاب سنج و مجاورت سنج، 10- صفحه نمایش ۳٫۳ اینچ لمسی با وضوح بسیار بالا و تفکیک ۱۶ میلیون رنگ11- مسیر یاب جی پی اس، ثبت موقعیت جغرافیایی به همراه تصویر، 12- ۳۰۰ مگابایت حافظه داخلی13- شبکه بیسیم، رادیوی اف ام استریو، بلوتوث استریو14- پشتیبانی از گیم های hd و سنگین15- صفحه ضدخش، نسل ۳٫۵، پردازنده یک گیگاهرتز، قابلیت افزایش کارت حافظه16- پخش موسیقی MP4 (AAC), MP3, M4A, 3GPP, AMR, AMR-WB, WAV, RealAudio, iMelody, XMF, WMA 917- پخش فیلم MP4, 3GPP (H.263, H.",0,2,train
5225,به علاوه از پورت USB 3.0 هم بهره می‌برد.,0,2,train
6588,من این تبلتو دارم.,0,2,train
12423,مقایسه ای بین این گوشی و tx داشتم و به این نتیجه رسیدم که اینو بخرم قابلیت هایی که در این جا ذکر نشده ولی داره: small apps usb on the go dlna --------- برخی مزیت ها و ضعف ها: اندازه صفحه نمایش نسبت به tx کوچک تره و میتونه بسته به نظر هرکس مزیت باشه یا ضعف.,0,2,train
8437,سلام دوستان این تلوزیون من تقریبا 4 ماهه پیش خریدم ..,0,2,train
9015,در زیر دوربین نیز درب جایگاه باتری-کارت حافظه قرار گرفته است.,0,2,train
6878,ولی قبل این یه گلکسی نوت داشتم که کلا نظرمو نسبت به سامسونگ عوض کرد.,0,2,train
7712,face time.,0,2,train
3963,در مورد اون صحبت دوست مهمان که میگه نویز داره و عکس زوم بشه خراب میشه عرض کنم چون صفحه نمایش گردون داره ولی شما فرمودی نداره.,0,2,train
9905,وقتی iPhone 4 در تابستان سال 2010 به بازار آمد واقعا با دیگر گوشی‌های هوشمند موجود متفاوت بود.,0,2,train
7455,"همان طور که گفتیم، دوربین‌های CX190, CX200 و CX210 در حقیقت دوربین‌های یکسانی هستند.",0,2,train
2572,4-باید تمرین زیادی برای گرفتن فیلم و عکس در شرایط مختلف با این دوربین داشته باشین تا خوب بهش مسلط بشین و این رمز گرفتن فیلم و عکسه.,0,2,train
7609,سخت افزارپردازنده این گوشی ، یک پردازنده دو هسته ای یک گیگاهرتزی از نوع Cortex-A9 است که به همراه چیپ NovaThor ، پردازشگر گرافیکی Mali-400 و یک گیگابایت حافظه RAM ، سخت افزار این گوشی را تشکیل می‌دهند.,0,2,train
4857,.حتی بعضی وقت ها هم روشن میزارم میرم بیرون میام.,0,2,train
9175,امروز صبح این دوربین به دستم رسید .,0,2,train
4715,در ضمن این گوشی به اندروید 4 آپدیت نمیشه در حالی که برای اکسپریا ری اندروید 4 به صورت رسمی اومده.,0,2,train
4177,این گوشی چون مارک نامداری نیست خیلی ارزونتره,0,2,train
11660,اعم از خوبی ها و بدی هاش.,0,2,train
8337,من این دوربینو جدیدا خریدم.,0,2,train
11605,دیگر امکانات آن خیلی شبیه به دیگر دوربین‌های Bridge پیشرفته می‌باشد.,0,2,train
12938,صفحه نمایش این گوشی 2.4 اینچی بوده و در پشت این گوشی هم یک دوربین 1.3 مگاپیکسلی قرار داده شده است.,0,2,train
1738,سیستم عاملش که دیگه همه در جریانن .,0,2,train
5602,همچنین عکس‌ها به نظرمان مقداری تمایل به رنگ آبی دارند.,0,2,train
82,بدین ترتیب با این دوربین فقط می‌توانید در فرمت JPEG عکاسی نمایید.,0,2,train
5364,تنها روشی که برای حل این مشکل پیشنهاد شده روت کردن دستگاه و نصب نرم افزار وای فای ایکس است، که البته با این کار دیگر شامل گارانتی نمی شود.,0,2,train
5732,Android 2.3 کاملا با سیستم عامل iOS شرکت اپل در رقابت است.,0,2,train
10327,در سمت چپ گوشی کلید پاور و در بالا کلید پاور و جک هدفون 3.5 میلی‌متری قرار دارند.,0,2,train
1303,من امروز یکی سفارش دادم امیدوارم گوشی خوبی باشه!,0,2,train
9970,در حقیقت امتیازی که 4s کسب کرد در حد Samsung Galaxy Tab 10.1 است.,0,2,train
1276,huawei ascend y300,0,2,train
9974,هرچند که برنامه‌ها نسبت به iPhone 4 زودتر بارگزاری می‌شوند، بازی‌ها راحت‌تر انجام می‌گیرند و بارگزاری صفحات وب نیز سریع‌تر است ولی فکر نمی‌کنیم کاربران عادی فرق چندانی را بین 4s و مدل پیشین احساس کنند.,0,2,train
10054,با این وجود، علاقه مندان به دنیای موسیقی و فیلم، بهتر است که از هدفون و یا بلندگوهای خارجی استفاده کنند.,0,2,train
11268,امروز از بازار خریدیمش.,0,2,train
11313,Miniature Effect نیز کاری می‌کند که یک سوژه همانند یک مدل کوچک مینیاتوری به نظر برسد تا عکسی مشابه آن چه با یک لنز Tilt Shift گرفته می‌شود بدست‌اید.,0,2,train
1733,در مورد صفحه نمایش کوچیکش هم باید بگم که قراره گوشی داشته باشی نه فبلت .,0,2,train
6120,Xbox 360 Slim با ظرفیت های مختلفی به بازار عرضه شده است.,0,2,train
7720,آیپد مینی با قیمت .,0,2,train
2827,من این دوربین رو یک ماهی هست که خریدم.,0,2,train
4383,لبه جلویی آن بسیار نازک است ولی در قسمت بالایی آن ضخیم تر می شود.,0,2,train
6802,بر روی بدنه ی این دوربین دکمه های فیزیکی خیلی کمی قرار گرفته اند و دلیل آن نیز وجود نمایشگر 3.2 اینچی لمسی 460000 نقطه ای بوده است.,0,2,train
7563,سلام این گوشی رو دو روزه گرفتم..,0,2,train
912,اما در سوپر زومهای کانن و پاناسونیک اینقدر این مورد وجود دارد که شما نیاز به رتوش عکس دارید .,0,2,train
549,• طراحی و ساخت بدنه خارجی دستگاه از ترکیبی از فلز آلومینیوم و پلاستیک ساخته شده است.,0,2,train
2212,با همان ابعاد و تنها 5 گرم سنگین‌تر.,0,2,train
2229,این در حالیست که Beats Audio در مدل‌های قبلی به موزیک پلیر استاندارد گوشی محدود بود!,0,2,train
814,با این قیمت می شه یه اکسپریا SL گرفت,0,2,train
2299,همه با نقاط قوتش آشنایی دارین.,0,2,train
1607,البته عدم وجود فتوشاپ بر روی این تبلت یک ایراد برای آن محسوب می‌گردد، اما برنامه های دیگر آن‌را تا حدودی جبران می‌نمایند.,0,2,train
11868,همان‌طور که گفتیم گوشی Xperia Mini از سیستم عامل Android 2.3 معروف به Gingerbread بهره می‌برد.,0,2,train
1076,از رقبای اصلی این دوربین می‌توان به Canon Powershot D10، Casio EX-G1، Fujifilm Finepix XP10، Olympus Mju Tough 6010، Olympus Mju Tough 8000، Pentax Optio W90 و Sony Cybershot DSC-TX5 اشاره کرد.,0,2,train
4967,محل اتصال سیم برق و یک پورت یو اس بی که بیشتر برای اتصال دستگاه وایرلس اکس باکس کاربرد دارد در اختیار است.,0,2,train
1869,با تشکر از سایت خوب دی جی کالا,0,2,train
2404,در زیر تبلت نیز همانند خود گوشی، پورت 13 پینی MHL قرار دارد.,0,2,train
8093,دوستان توجه کنید که اگه قرار بود CPU این گوشی 1GHz باشه قیمتش هم بیشتر میشد..,0,2,train
8973,از بالا که به دوربین نگاه کنیم در قسمت سمت چپ فلاش Pgr-Up را می‌بینیم که در حالت بسته کاملا هم سطح بدنه قرار می‌گیرد.,0,2,train
6187,می‌توان آنرا بزرگ شده گلکسی اس 3 و یا حتی کوچک شده گلکسی نوت 2 دانست.,0,2,train
3074,در پایان اگر بخواهم به شما توصیه کنم که بین تبلت های اندرویدی و ipad یکی را انتخاب کنید صرف نظر از سخت افزار قدرتمند تبلت های ایسوس حتما به شما پیشنهاد میکنم ipad بخرید.,0,2,train
2645,اکنون سعی می‌کنیم که بررسی اجمالی بر روی این دوربین داشته باشیم و پس از آمدن آن به بازار، نقد کاملی با تست کیفیت عکس های آن ارایه خواهیم داد.,0,2,train
4855,نه 3 چراغ برای اون اول ها بود ..,0,2,train
393,انرژی این دوربین از طریق باتری قابل شارژ NB-11L تامین می‌شود که در هر بار شارژ کامل توانایی پشتیبانی تا 170 عکس را دارد.,0,2,train
2957,درود بر همه دوستان اگر به دنبال یک تبلت با ظاهر و کارایی بی نظیر هستید و عجله ندارید صبر کنید تا مدل  Samsung Galaxy Note 10.1 N8000 به بازار ایران عرضه بشه تا مشخص کننده قدرت و کارایی و ظاهر در کنارهم برای کاربرای مثل من و شما باشه,0,2,train
4902,شیره XBOX360 !,0,2,train
720,دوستان توجه کنید که i5 جدید اینتل فرقی با قدیمیا تو سرعت پردازش ندارن فقط یه هسته گرافیکی مجزا تو خود cpu که کارای سبک رو با مصرف انرژی کم میکنه پس اگه شارژ دهی براتون مهم نیست از همون قدیمیا استفاده کنید ارزون تر دستتون رو میگیره.,0,2,train
4093,برای خرید دقت کنین که جای دکمه های کیبردش درست باشه.,0,2,train
8925,ولی از نظر طراحی و عملکرد متفاوت است.,0,2,train
10800,بهترین نه فقط به خاطر زوم قاطعانه ی 30 برابر، بلکه به دلیل بدنه ی کاملا حرفه‌ای و امکاناتی که ارائه می دهد.,0,2,train
4462,در بالای این صفحه نمایش دوربین دوم برای انجام مکالمات تصویری قرار دارد.,0,2,train
7714,icloud..,0,2,train
11002,این درحالیه که خیلی از توانایی های وکوم سینتیک رو میشه با قلم با حساسیت 1024 سطح فشار این دستگاه که اونم بصورت اختصاصی توسط وکوم ساخته شده رو ، بصورت قابل حمل با خودتون داشته باشید.,0,2,train
8894,(مهدی عباسی نژاد از قزوین),0,2,train
11606,به هر صورت با به بازار آمدن این دوربین و بررسی دقیق‌تر آن اطلاعات بیشتری را در اختیار شما قرار می‌دهیم.,0,2,train
6621,یکی از مهم ترین مسائل در دوربین های فیلم برداری، اینترفیس دیجیتالی آن‌ها می‌باشد.,0,2,train
9684,سی پی یو هم هنوز 2هسته ای,0,2,train
12942,این صفحه نمایش با این رزولوشن، تراکم پیکسلی 167ppi را ارائه می‌نماید.,0,2,train
7646,تازه آپدیت رسمی JB هم که همون ماه عرضه اش، ارائه میشه!,0,2,train
12383,این دوربین توانایی ضبط ویدیویی 720p HD با سرعت 30 فریم بر ثانیه را دارد.,0,2,train
6546,هواوی برای تبلت خود از چیپ K3V2 استفاده نموده است که ساخت‌های سیلیکون می‌باشد و در تعدادی از گوشی‌های هواوی نیز استفاده شده است.,0,2,train
4191,امروز به دستم رسید چون قبلا آرک اس داشتم سریع با نرم افزار های حرفه ای تستش کردم!,0,2,train
3514,) خاموش می‌شود و شما مجبورید دوباره گوشی را روشن کنید ولی با این قابلیت، گوشی چون تشخیص می‌دهد که شما در حال تماشای صفحه نمایش هستید، آن را روشن نگه می‌دارد.,0,2,train
3817,سیستم تکامل هوشمند - Smart Evolution سامسونگ ابعاد فنی و مهندسی تلویزیون شما را بطور کامل عوض می‌کند بدون اینکه نیاز به تعویض کل دستگاه باشد.,0,2,train
6188,با همان لبه های گرد و همان استایل همیشگی.,0,2,train
1844,با عرض سلام خدمت دوستان عزیز.,0,2,train
8237,دوربینش در حد معمولی .,0,2,train
11588,اما در آپدیتی که در آینده و با به بازار آمدن این دوربین بر روی نقد و بررسی اعمال خواهیم کرد، کیفیت آن را به دقت مورد بررسی قرار خواهیم داد.,0,2,train
10580,• صفحه نمایش و بلندگوهاG585 دارای یک صفحه نمایش 15.6 اینچی است که دارای نور پس زمینه LED بوده و دقت 1366×768 را ارائه می‌دهد.,0,2,train
5881,2- دوم اینکه در این گوش وقتی می خواهید عکس بگیرید تصاویر نمایش داده شده در صفحه نمایش بسیار زنده و روشن هستند اما وقتی عکس گرفته می شود دیگر تصویر save شده به آن صورت قبل زنده و روشن نیست.,0,2,train
9165,رابط کاربری این دوربین نیز همانند سری HTC One بوده و دکمه های عکاسی و فیلم برداری در کنار هم قابل مشاهده هستند.,0,2,train
5965,ولی اگر همچنان به نظرتان میدان دید کمی می‌آید، می‌توانید از مود عکاسی Sweep Panorama استفاده کنید تا حتی بتوانید میدان دید 180 و یا 360 درجه را ثبت کنید.,0,2,train
10454,هیچ مشکلی در آنتن دهی وجود نداره با رفتن به Setting و About Phone و تاچ بر روی Status و انتخاب سیم کارت، میزان دریافت فرکانس آنتن به شما داده میشه.,0,2,train
10203,واقعا همه چی تمومه فقط اندروید 4 با دردسر میشه,0,2,train
6150,توی نگاه اول شاید قیمت بازی های اصل کمی گرون باشه اما این گرونی بی علت نیست و به کیفیت و دوام کالا بستگی داره و اینکه ارزونی کپی خوری دستگاه همراه با ضرری که در آینده به شما میرسه خیلی گرونه لطفا به این مساله فکر کنید بعد اقدام کنید.,0,2,train
8222,حالا که گفتیم باتری، به این فکر افتادیم که نکند به دلیل کوچک شدن بدنه، و در نتیجه کمتر بودن جا برای باتری، باتری کوچکتری در این دوربین به کار رفته باشد و در نتیجه شارژدهی کمتری را از آن شاهد باشیم!,0,2,train
460,کیفیت فیلم برداری این دوربین نیز HD و با سرعت 30 فریم بر ثانیه می‌باشد.,0,2,train
10073,این امر برای HP قابلیت باریکتر و سبکتر Sleekbook ها از طریق کوچک کردن سیستم خنک کننده و باتری دستگاه فراهم کرده است.,0,2,train
3624,پایه موجود در قسمت پشتی تبلت، تا حدود 22 درجه باز شده و تبلت را نگاه می‌دارد.,0,2,train
441,صفحه نمایش صفحه نمایش به کار رفته بر روی این گوشی، یک صفحه نمایش 3.8 اینچی لمسی خازنی از نوع TFT است که تصاویر را با رزولوشن 800×480 پیکسل به نمایش می‌گذارد.,0,2,train
5748,آیا به انجام بازی های موبایل علاقه دارید؟,0,2,train
8221,دیگری Frame است که در حقیقت قابی برای این دوربین می باشد.,0,2,train
5939,البته در بین سنسورهای 1/2.3 اینچی و نه بعضی سنسورهای بزرگتر که بر روی بعضی از دوربین‌ها به صورت استثناء استفاده شده اند.,0,2,train
3321,یک باتری قابل شارژ لیتیوم-یونی 1650mAh نیز به همراه آن موجود می باشد.,0,2,train
6719,این دوربین به همراه مدل های پیشینش کامپکت هایی هستند که مقداری بزرگتر از مدل هایی چون SX260 HS می باشند.,0,2,train
8924,در نگاه نخست؛ قالب‌بندی SX230 HS به نظر خیلی شبیه به دوربین مدل پیشین یعنی SX210 IS می‌باشد.,0,2,train
6844,اتفاقا باتریشم خوبه بنچمارک ها هم ببینید بد نیست,0,2,train
6955,باید صبر کنیم ببینیم گوشی های فول اچ دی کمپانی های دیگه مثل سامسونگ چجورن.,0,2,train
3933,عکاسی حرفه ای تر یا فیلمبرداری بهتر؟,0,2,train
6237,ولی به هر حال اگر به دنبال داشتن گوشی‌ای با صفحه نمایش بزرگ هستید، یا باید به سراغ گوشی‌های سطح بالای سامسونگ یا HTC بروید و مبلغ زیاد آن‌ها را بپردازید و یا باید به همین گزینه که تنها گزینه ارزان قیمت‌تر است اکتفا نمایید.,0,2,train
6701,XR160 به دلیل هارد دیسک داخلی که دارد بزرگتر و سنگین تر از CX130 و CX160 است.,0,2,train
8766,پیش‌تر و در بررسی گوشی L7 گفته بودیم که ال‌جی برای طراحی آن گوشی، 4 اصل را در نظر گرفته بود که با در نظر گرفتن آن‌ها گوشی را طراحی نموده بود.,0,2,train
11325,مود TV اختیار تنظیم دیافراگم را از شما می‌گیرد و سرعت شاتر اختیار اصلی شما خواهد بود.,0,2,train
6861,sony xperia z بهتر از butterfly هستش.,0,2,train
5925,سالی که در آن به وفور شاهد دوربین هایی با توانایی زوم بالا ولی با بدنه هایی کم و بیش شبیه به دوربین‌های کامپکت معمولی بوده ایم.,0,2,train
3503,در پایین صفحه نمایش، همانند گوشی Galaxy S II کلید سخت افزاری Home به همراه دو کلید لمسی Menu و Back قرار دارد.,0,2,train
5063,• XBOX360 Elite در حال حاضر در تمام ریجن‌ها موجود است، ولی Halo Edition فقط دارای ریجن NTSC-UC می‌باشد.,0,2,train
8998,این مود توانایی این را دارد که تا 4 ثانیه پیش از گرفته شدن هر عکس را ضبط کند.,0,2,train
6629,ویدیوهای Full HD شفافیت و کیفیت خیلی زیادی دارند.,0,2,train
2183,5.,0,2,train
12064,GZ-MG255 تنها سه اینچ ضخامت دارد.,0,2,train
9226,همان ابعاد، همان وزن و همان شکل.,0,2,train
3197,با سلام خدمت دوستان گرامی، بنده این تبلت را حدود یک ماه است که خریداری کرده ام.,0,2,train
3816,هر سال، یک تلویزیون جدیدبه روز نگاه داشتن تلویزیون با جدیدترین فن‌آوری‌ها اینک به یک واقعیت تبدیل شده است.,0,2,train
2196,"آیا بعد از مرگ استیو جابز , اپل هم مرد و یا اینکه پیشرفت رقبا , فعالیت های این برند رو کمرنگ کرده و انتظار کاربران رو بالا برده؟",0,2,train
6857,چندین ساله طرفدار پر و پا قرص اچ تی سی هستم اما قیمت باترفلای فعلا به هیچ وجه رقابتی نیست و بی شک اگه با همین رویه بخواد ادامه بده (که بعیده) بازار خوبی رو نمیتونه به خودش اختصاص بده,0,2,train
3003,پس به جای این حرفها برای ما کاربران و دوستدارن آندروید بهتره که تبلتهای آندرویدی رو با هم مقایسه کنیم تا گزینه ی بهتر را انتخاب کنیم.,0,2,train
2233,دوربین HTC در سری گوشی‌های One خود، یک پردازشگر به نام ImageChip قرار داده است که وظیفه انجام محاسبات مربوط به دوربین گوشی را بر عهده دارد.,0,2,train
212,سولا از این بهتره صد در صد من دو برابر پول سولا رو دادم ولی ارزش نداشت.,0,2,train
5207,اما در تست‌ها‌ی مصرف باتری که انجام دادیم، در دو تست استرس زیاد و استفاده‌ی معمولی، ما به ترتیب توانستیم شارژدهی 2 ساعت و 30 دقیقه و 5 ساعت و 30 دقیقه را از آن شاهد باشیم.,0,2,train
11566,مگا پیکسل بالا باعث نویز بیشتر تو عکسا میشه البته با توجه به اندازه حسگر.,0,2,train
3117,همان‌طور که پیش‌تر گفتیم در دو طرف شیار اتصال تبلت به کامپیوتر، دو بلندگوی استریو قرار دارند.,0,2,train
7571,با کمی هزینه بیشتر یک گوشی سونی در همین رده بگیرید بهتر خواهد بود.,0,2,train
2350,برای همین هست که وفادارترین مشریان یک برند به اون برند ، مشتریان اپل هستند به اپل .,0,2,train
5139,بهمراه دسته های سیم دار!,0,2,train
461,نهایتا، یک دوربین VGA نیز برای انجام مکالمات تصویری در قسمت جلویی گوشی تعبیه گردیده است.,0,2,train
1872,من امروز خریدمش !,0,2,train
2910,Infinity در دو مدل 32 و 64 گیگابایتی عرضه شده است و امکان ارتقا حافظه آن از طریق درگاه کارت حافظه microSD تا 32 گیگابایت دیگر نیز وجود دارد.,0,2,train
6194,بر روی لبه بالایی گوشی فقط جک 3.5 میلی متری هدفون قرار دارد.,0,2,train
5543,اولین آیتمی که به ذهن بنده خطور کرد : تست قلم مخصوص ال جی بود که با اولین تاچ احساس کردم کمی بهتر از گلکسی نوت عمل میکنه ولی متاسفانه با کمی تعامل باز هم همون احساس گلکسی نوت بهم دست داد.,0,2,train
5304,بر روی این تبلت نصب شده‌اند و امکان دریافت برنامه های دیگری نیز از طریق فروشگاه Google Play وجود دارد.,0,2,train
7457,بعلاوه CX210 دارای 8 گیگابایت حافظه‌ی خشک داخلی نیز هست.,0,2,train
7496,نرم افزارLumia 820 جزو اولین گوشی‌های عرضه شده به بازار است که از سیستم عامل Windows Phone 8 بهره می‌برد.,0,2,train
6556,همچنین در سمت مقابل آیکون افزودن به صفحات زمینه قرار دارد.,0,2,train
6253,بی تردید.,0,2,train
3447,در بالای دستگاه و در قسمت وسط آن، یک صفحه نمایش وجود دارد.,0,2,train
3858,بنابراین از نظر دسته بندی در رده‌ی کامپکت‌ها قرار می‌گیرد.,0,2,train
7380,این مورد برای دما هم صادق است.,0,2,train
2066,دوربین قوی تری داشته باشه 2.قدرت بیشتری داشته باشه  3.,0,2,train
12157,نمایشگر 3 اینچی لمسی آن نیز دقیقا همانی است که بر روی 700D و 650D به کار رفته.,0,2,train
11194,البته برخلاف 60D جنس بدنه ی این دوربین از آلیاژ منیزیوم و پلی کربنات است تا از نظر مقاومت و کیفیت در حد Mark III و 7D باشد.,0,2,train
3637,از جمله آن‌ها می‌توان درگاه USB را نام برد که از نوع USB On the Go می‌باشد، یعنی کافیست هر دستگاهی مانند ماوس یا صفحه کلید را از طریق این درگاه به تبلت متصل نمایید تا آماده کار گردد.,0,2,train
4709,CPU بلک هم از ضعیف ترین CPU های تک هسته ای بازاره و در برابر CPU های Scorpion خیلی ضعیف تره.,0,2,train
5492,با سلام آدم میره یه optimus 4x hd میخره چون امکاناتش با این گوشی برابره تازه صفحه نمایشش هم خیلی بهتره و خیلی هم خوش‌دست‌تر,0,2,train
2423,به لطف بهره گیری از این تکنولوژی، به محض قرار دادن گوشی در داک تبلت، هر آنچه را که بر روی گوشی خود مشاهده می‌کردید، بر روی صفحه بزرگ تبلت نیز مشاهده خواهید کرد که در مورد این قابلیت در بخش نرم افزار، توضیحات کامل‌تری خواهیم داد.,0,2,train
9189,مخصوصا اگه مثل من قبلش لنزی نداشته باشید.,0,2,train
11740,مشکل اساسیش نداشتن organizer و ضبط صداس که با نصب نرم افزار حل میشه.,0,2,train
10590,در ضمن در سمت راست کیبورد G585، بخش عددی جداگانه یا Numpad نیز قرار دارد.,0,2,train
5671,همانند اکثر گوشی‌ها و تبلت های کمپانی سامسونگ، GALAXY Tab 2 10.1 نیز از برنامه عکاسی مربوط به رابط کاربری تاچ ویز استفاده می‌کند.,0,2,train
7594,طراحی و ساختمدل جدید سامسونگ با ابعاد 63×121 میلی‌متر طراحی و تولید شده است.,0,2,train
5924,پیش از این و در نقد و بررسی‌های پیشین، سال 2012 را سال دوربین‌های کامپکت سوپرزوم نامیده بودیم.,0,2,train
6185,تصور کنین که 12 تا بازی جلوتون باشه و فقط دو تاشون اونم نصفه نیمه باز بشه!,0,2,train
8961,نکته‌ی جالب این است که به محض روشن کردن دوربین فلاش به بالا می‌پرد.,0,2,train
5372,اگر در حالت خوش‌بینانه بتوانیم بگوییم که افراد دارای دست‌های بزرگ قادر خواهند بود با گلکسی نوت با یک دست شماره گیری نمایند، اما به واقع حتی برای همان افراد هم ما تصوری مبنی بر امکان کار و شماره گیری با یک دست با Optimus VU را نداریم.,0,2,train
5077,خیر، تمام کنسول‌های ۳۶۰ به زبان انگلیسی ارایه شده‌اند و هر کدام بسته به نوع ریجن آ‌ن‌ها زبان‌های دیگری را نیز پشتیبانی می‌کنند.,0,2,train
11932,همین الان به دستم رسید.,0,2,train
2925,بنابراین پیشنهاد می‌کنیم که کسانی که به دنبال حداکثر شارژ دهی هستند، حتما از داک کیبورد دستگاه استفاده کنند.,0,2,train
794,رابط کاربری HTC Desire SV بسیار شبیه به رابط کاربری گوشی‌های خانواده One کمپانی HTC نظیر HTC One X و HTC One S است.,0,2,train
3633,ابعاد این تبلت به دلیل وجود صفحه نمایش 10.6 اینچی آن 172×275 میلی‌متر و حتی بزرگ‌تر از اکثر تبلت های موجود در بازار می‌باشد.,0,2,train
4496,بنظر من به هیچ وجه اندروید 2.3 رو ارتقا ندید.,0,2,train
7802,اما طراحی کلی iOS 6 تنوع جدیدی را در اختیار کاربران قرار نمی‌دهد.,0,2,train
561,صفحه نمایش قرار داده شده بر روی این لپ‌تاپ از دقت 1366x768 بهره می‌برد که تراکم پیکسلی متوسطی را ارائه می‌دهد.,0,2,train
1285,هم از نظر سخت افزاری و هم از نظر نرم افزاری که سیستم عامل آندروید جلی بین روش هست .,0,2,train
7077,همان‌طور که میدانید این اولین گوشی ساخت کمپانی HTC است که دارای صفحه نمایش 5 اینچی با رزولوشن FullHD است.,0,2,train
1963,باز هم اگه وقت کنم نظر میدم.,0,2,train
5105,توجه: ۱٫ بازی‌های XBOX360 همگی بر روی DVD دو لایه (DVD9) می‌باشند و معمولا بین ۶ تا ۸ گیگ از فضای دیسک را اشغال کرده‌اند.,0,2,train
9887,قضاوت با شما,0,2,train
112,در ایزو 100 نویزی مشاهده نمی‌شود ولی در ایزو 200 در هنگامی که بزرگنمایی را 100 درصد می‌کنید مقداری نویز مشاهده می‌گردد.,0,2,train
162,به همین دلیل سونی در نهایت تصمیم به خرید سهام اریکسون گرفت و با هزینه ای بالغ بر 1.47 میلیارد دلار، برند اریکسون را که بیش از یک دهه یدک می کشید حذف کرد و نام بخش مربوط به موبایل خود را از Sony Ericcson به Sony و بطور کاملتر به Sony Mobile Communications تغییر دارد.,0,2,train
1720,باتری از اینکه باتری آیفون 5 از چه نوعی و چند میلی آمپری است اطلاعات موثقی وجود ندارد.,0,2,train
6151,اگر میتونستم خیلی دوست داشتم یک ایکس باکس با کینکت بگیرم.,0,2,train
3275,اکثر کانفیگ‌ها از پردازنده‌های Core و Pentium شرکت اینتل استفاده می‌کنند ولی کانفیگ هایی نیز با پردازنده‌های AMD وجود دارند.,0,2,train
7433,دکمه‌ها شامل Copy، Email و Scan می‌شوند.,0,2,train
5244,به دلیل استفاده از پردازنده گرافیکی Cortex A8 با کنتراست بالا در تبلت GSP-X7 تصویر در مقایسه با تبلت‌هایی با رزولوشن مشابه وضوح بیشتری دارد.,0,2,train
4841,قیمت به پول ایران:یک میلیون و پانصد هزار تومان  من پیشنهاد میکنم حتما این کنسول بازیو حتما بخرین.,0,2,train
6138,ضمن اینکه اگر از کابل HDMI استفاده کنید کیفیت بازی ها به حداکثر خودش میرسه و اونجاست که قدرت Xbox 360 Slim معلوم میشه هرچند PS3 هم خیلی عالی هستش و به نظرم هردو در یک سطح هستند,0,2,train
2060,امیدوارم تو آیفون بعدی با امکانات جدید این مشکل رو رفع کنه.,0,2,train
8893,ضمنا حتما موقع خرید یه باطری اضافه هم تهیه کنید چون عمر باطریش واقعا ناامید کننده ست ولی در کل دوربین خوبیه و از نظر کیفیت عکاسی + سوپر زوم بی رقیبه..,0,2,train
12616,با هم فرق دارن که میشه این ضعف دوربین رو با نرم افزار های مختلف کاملا از بین برد.,0,2,train
6094,حدود 6 ماهی است که با آن کار میکنم .,0,2,train
1312,من این گوشی رو از دیجی کالا سفارش دادم که جدا میشه گفت رضایت مشتری هدف اصلی تیم دیجی کالا هستش.,0,2,train
10212,سلام من تقریبا 5 ماهی میشه که خریدم.,0,2,train
7302,"عکس‌ها و فیلم های گرفته شده بر روی کارت حافظه‌ی micro SD, micro SDHC, micro SDXC ذخیره می‌گردند.",0,2,train
6287,گوشیه خوب و شیکیه / ولی خیلی به صرفه نیست,0,2,train
11091,در قسمت پایینی هم میکروفن و درگاه انحصاری سامسونگ (جهت شارژ و یا انتقال اطلاعات) قرار گرفته‌اند.,0,2,train
2409,ممکن است این نگرانی برای خریداران PadFone 2 پیش آید که آیا احتمال این وجود دارد که بر اثر حرکت دادن داک، گوشی از داخل آن به بیرون پرت شود؟,0,2,train
5341,هفت ویژگی مهم برای نکسوس هفت جدید1.,0,2,train
12950,"فرمت های صوتی قابل پخش این گوشی MP3, AAC, WAV, WMA و فرمت های تصویری قابل پخش نیز MP4, WMV, H.263, H.",0,2,train
3089,شما شرکتی را انتخاب کنید که 70 درصد سهم تبلت ها را به خود اختصاص داده است,0,2,train
6611,ولی اگر می‌خواهید که باتری را خارج از دوربین شارژ کنید باید یک شارژر جداگانه خریداری کنید.,0,2,train
4286,عرض صفحه نسبت به مدل سال گذشته تغییری نداشته و فقط کمی کشیده تر شده است.,0,2,train
119,با سلام خدمت دوستان بعد از شش ماه تحقیق راجع به دوربین به طور ناخواسته اینو خریدم و امروز به دستم رسید.,0,2,train
2777,برای اطلاعات بیشتر میتونید به وب سایت رسمی فوجیتسو سر بزنید,0,2,train
857,"قبل از هرچیز بگم که این دو گوشی از نظر سخت افزار (CPU, GPU, RAM) و حافظه داخلی و جانبی هیچ تفاوتی با هم ندارند.",0,2,train
2130,ولی در هر زمان که گوشی داشتم در یک یا دو آیتم سرآمد زمان خود به شمار می رفت ، تا اینکه از مجموع ارمان های مدنظر تجربه ی شخصی ام در کاربریه ایده آل را در این پیدا کردم که در استفاده روزانه انعطاف پذیری مهم ترین خصیصه ی یک گوشی همراه است!,0,2,train
7424,اسکنر 5600F از جهات زیادی شبیه به 8800F می‌باشد.,0,2,train
645,اگه یکم صفحه شفاف تر و پر نورتر میشد دیگه هیچ نقصی نداشت.,0,2,train
5242,هرچه کنتراست بیشتر باشد رنگ مشکی تاریک‌تر و رنگ سفید روشن‌تری خواهیم داشت، بنابراین تصویر با کیفیت بالا نمایش داده خواهد شد.,0,2,train
2131,لذت بخش ترین زمان وقتی است که در چند دیوایس توانایی سریع در sharing اطلاعات بدون هیچ پروتوکل جانبی(internet) وجود داشته باشد، بتوان به صورت نامحدود و رایگان از storage موجود در دیوایس بهره برد ، امکان ارتقا فضای حافظه وجود داشته باشد تا به مرور به صورت کاملا اقتصادی به اشتهای کاربری پاسخ مثبت داده شود.,0,2,train
3348,این دوربین از ماه سپتامر با قیمتی حدود ۲۰۰۰ دلار ارایه خواهد شد,0,2,train
6329,خیلی هم دنبال گوشی 2 سیم بودم و اس دوز رو بعد از دیزایر وی خریدم و تست کردم .,0,2,train
1437,ولی در هر ویژگی، یکی از آن‌ها خاص است.,0,2,train
2648,بعلاوه این دوربین کاملا و به صورت تمام عیار برای کاربران حرفه ای ساخته شده است.,0,2,train
7777,در مورد آیپد مینی هم همین گونه است.,0,2,train
5798,سلام  من از وقتی که یادم میاد هیچ گوشی جز سونی (سونی اریکسون) نداشتم و طرفدار دو آتیشه سونی بودم تجربه کاری با بهترین های سونی رو هم داشتم از K810 و W990 و Vivaz و X10i و Arc و Xperia S بگیر تا همین آخری T !,0,2,train
6850,دوربین 8 مگا پیکسل باتری ضعیف GPU پایین البته نسبت به قیمتی که پرداخت کردین.,0,2,train
798,اشاره کرد.,0,2,train
8414,این دوربین از همان سنسور تصویر 12 مگاپیکسلی استفاده می کند که بر روی SX40 هم استفاده شده بود.,0,2,train
12352,این دوربین می‌تواند در هنگام فیلم برداری، بدون اینکه مکثی در فیلم ایجاد کند با رزولوشن 12 مگاپیکسل عکس بگیرد.,0,2,train
160,همانطور که می دانید، کمپانی Sony Ericsson در نهم ژانویه سال جاری میلادی، بطور رسمی نام Ericsson را حذف کرد.,0,2,train
8857,چون سیستم gps حتی در زمان خاموش بودن دوربین نیز کار میکنن.,0,2,train
2086,امکانات خاصی که به هیچ وجه در دیگر گوشی ها پیدا نمیکنید.,0,2,train
373,از نظر ظاهری، Ixus 240 HS شباهت زیادی با Ixus 510 HS دارد.,0,2,train
8441,سعی نکنین با سامسونگ یا پاناسونیک یا حتی سونی مقایسش کنین چون واقعا قابل مقایسه نیستن .,0,2,train
10265,با مقایسه امکانات ایس و لایو میشه فهمید که سامسونگ پول مارکش را هم میگیره تفاوتشون در ۰.,0,2,train
9911,از نظر طراحی نیز فقط بعضی کنترل‌ها؛ چند میلی‌متر جابجا شده‌اند و همانطور که پیش از این گفتیم به نظر نمی‌آید که حتی طرفداران پر و پا قرص اپل هم از دور متوجه تفاوت این دو شوند.,0,2,train
3335,این دوربین می تواند از لنزهای سری E-mount مخصوص فیلم برداری استفاده کند.,0,2,train
10083,نتایج تست های انجام شده نیز، این انتظار ما را به واقعیت تبدیل کرد.,0,2,train
4373,یه نکته دیگه که شاید کمتر کسی بهش دقت کرده باشه هندزفری با کیفیت و قدرتمندش که اگه ٢٤ ساعت آهنگ گوش بدید بیشتر مشتاق میشوید که از آن استفاده کنید که میتوان آن را رقیب هندزفری های beat دانست.,0,2,train
9863,البته بدنه پشتی به براقی قسمت جلویی گوشی نیست.,0,2,train
8787,البته به شرطی که از این گوشی توقع اجرای سنگین‌ترین بازی‌های گرافیکی و HD را نداشته باشید.,0,2,train
10994,روز بعد یک دستگاه آکبند مجدد برام فرستادند.,0,2,train
6930,ولی متاسفانه این گوشی دو ایراد اساسی داره.,0,2,train
9386,من مدت زیادی دارمش حدود دو ماه میشه ..,0,2,train
5068,توجه داشته باشید که NTSC-J/Asia با همان نام NTSC-J عرضه می‌شود و کلمه Asia را ندارد.,0,2,train
9042,به طور کلی NX2000 تغییرات ظاهری زیادی نسبت به NX1000 نداشته است.,0,2,train
5632,اکسپریا S سونی، اولین گوشی تولید شده توسط این شرکت پس از جدا شدن اریکسون از آن است.,0,2,train
3525,تغییر اصلی که سامسونگ در این برنامه ایجاد کرده است، لیست ویدئوهای شماست که یک پیش نمایش از تمام ویدئوهای شما نشان می‌دهد و شما می‌توانید قبل از تماشای ویدئوی مورد نظر از محتوای آن مطلع شوید.,0,2,train
11859,یا علی ;,0,2,train
7365,• سخت افزار داخلی و باتری هدف کاربری این نوت‌بوک دقیقا کارهای ساده اداری یا خانگی می‌باشد.,0,2,train
6722,البته در حالت واید هر دو فاصله ی کانونی 28 میلی متر را ارائه می دهند که به اندازه ی کافی واید هست و می تواند میدان دید گسترده ای را در بر بگیرد.,1,3,train
9870,گوشی عالیه فقط یکم سنگینه کاش سبک تر بود .,1,3,train
10893,اون زمانی که من اینو خریدم آیپد 3 از این ارزونتر بود ولی هیچ وقت کارایی و امکانات این تبلت رو نداره برای همین من این تبلت رو خریدم و از خریدم هم کاملا راضی هستم.,1,3,train
4102,اگرچه وزن گوشی نسبتا کم هست (99گرم) ولی وقتی اونو تو دست میگیرید حس خوبی به شما میده.,1,3,train
8703,گوشیه خوبیه به نسبت کاراییش+2 سیمکارته بودنش!,1,3,train
10476,من گوشی رو 1ماهه دارم: 1باطریش1500 با توجه به دوسیم بودنش باطری خوبی محسوب میشه2.,1,3,train
4607,فلاش led هم قدرت زیادی نداره که از سونی اریکسون بعیده ابعادش هم واسه کسایی که مث من گوشی رو تو جیب شلوارشون میذارن خیلی مناسبه و اصلا اذیت نمیکنه.,1,3,train
4956,طراحی ۳۶۰ زیباست.,1,3,train
11768,به همه توصیه میکنم در خریدش شک نکنید.,1,3,train
3325,دوربینی مناسب کار های معمولی است,1,3,train
6899,لازمه که اشاره کنم برخلاف عقاید برخی ازدوستان باتری این گوشی درحد بسیارخوبی عمل میکنه من ازصبح تا حالا دارم باهاش کار میکنم ولی باتری هنوز نصف نشده.,1,3,train
179,با سلام  من حدودا دو ماهه که خریدمش و گوشی خیلی خوبیه و دوستی که گفته بودن صدای اهنگش در محیط باز کمه برن هر گوشی دیگه ای رو میخوان امتحان کنن امکان نداره کیفیت صداش به پای ایون برسه .,1,3,train
8758,مخصوصا باتریش که خیلی قویه ..,1,3,train
7487,اگر فکر می‌کنید که این مقدار از کیفیت فیلم برداری به کار شما می‌آید، بنابراین انتخاب‌های مناسبی برای شما می‌باشند.,1,3,train
5541,در اینجا میتونم بگم که لذت صفحه نمایش واقعا متفاوت 5 اینچی 4:3 رو شخصا چشیدم و پیشنهاد میکنم از این لذت ساده رد نشید.,1,3,train
4820,اگر این دوربین رو با یه لنز واید بخرید عالیه .,1,3,train
9233,در عوض به مودهای عکاسی اتوماتیک، دو مود Hand held night scene و Backlit HDR نیز افزوده شده اند.,1,3,train
3134,در مجموع نمی توان گفت که GALAXY Tab 2 یک تبلت شگفتی آفرین است ولی با این وجود، یکی از بهترین تبلت های هفت اینچی موجود در بازار است.,1,3,train
12941,به هر حال باید پذیرفت که از صفحه نمایش آن نمی‌توان انتظار تصویر چندان خوبی در مقابل صفحه نمایش‌های Super AMOLED و یا Super Clear LCD را داشت اما می‌توان این‌گونه استنباط نمود که این صفحه نمایش برای این مدل در این سطح، کاملا قابل قبول محسوب می‌شود.,1,3,train
11785,من که واقعا راضیم و باید بگم که توی تولیدات سال 2012 به بعدش هیچ کدوم از این مشکلاتی که دوستان گفتن رو نداره، ورژن نرم افزار اندروید گوشی منکه 2.3.4 هست و اصلا مشکلات اینجوری رو ندیدم!,1,3,train
11520,برنامه Gmail نیز کمی تغییر کرده و امکاناتی مانند زوم دو انگشتی و حرکت Swype برای حذف کردن ایمیل‌ها به آن اضافه شده است.,1,3,train
4346,نازک تر و سبک تر!,1,3,train
7537,در کل همانطور که گفتیم، VG-150 دوربین کامپکتی مناسب افراد با بودجه ی محدود می باشد که کیفیت و امکانات خیلی خوبی را ارائه می دهد.,1,3,train
9544,ولی بازم ازش خوشم میاد البته نه به اندازه noteII,1,3,train
9646,فقط کیفیت ساختش عالیه .,1,3,train
11905,• دریافت بالای سیگنال با آنتنیکی از امکاناتی که گیرنده دیجیتال در اختیار کاربر قرار می‌دهد امکان گیرندگی شبکه‌های دیجیتال با بهترین کیفیت تنها با استفاده از آنتن رومیزی می‌باشد و دیگر نیازی به آنتن‌های قدیمی در پشت بام نیست .,1,3,train
8695,با سلام به دوستان هموطن من این گوشی رو چند روز میشه گرفتم با توجه به قیمتش گوشیه خوبیه و شارژ رو هم خوب نگه میداره البته چون قبلا گوشی اندروید نداشتم نمیتونم مقایسه ای انجام بدم .,1,3,train
10350,باتری لیتیوم-یونی 1200 میلی آمپری این گوشی نسبت به سایر گوشی‌های اندرویدی، شارژ‌دهی خوبی داشته و شما می‌توانید نزدیک به 17 ساعت به طور متوالی به موسیقی گوش کنید که میزان بسیار خوبیست.,1,3,train
13089,برای جمع بندی باید بگوییم که کار کردن با این دستگاه ساده است.,1,3,train
3893,زوم کامل اپتیکال در هنگام فیلم برداری مقدور می‌باشد.,1,3,train
6514,اصلا کند نیست.,1,3,train
12673,از فیس بوک گرفته تا قابلیت 3D Panorama که این گوشی به راحتی انجامش می ده.,1,3,train
8742,باسلام من امروز این گوشی رو سفارش دادم با توجه به امکانات گوشی قیمتی واقعا منصفانه و رقابتی هستش.,1,3,train
6217,بنابراین وجود این نسخه برای این گوشی در این سطح یک مزیت و برتری محسوب می‌گردد.,1,3,train
8869,من 1ساله این دوربین رو دارم ، خیلی ازش راضیم.,1,3,train
143,در کل همانطور که گفتیم، دوربین های سامسونگ ST64 و ST68 دوربین هایی ارزان قیمت و مناسب استفاده های معمولی هستند.,1,3,train
7140,کیفیت عکس‌ها و فیلم‌های این دوربین کاملا خوب و راضی کننده هستند.,1,3,train
2754,البته با توجه به تراکم پیکسلی نسبتا پایین صفحه نمایش شاید برای خواندن متن‌های بسیار ریز مقداری دچار دشواری شوید که با کمی زوم قابل حل خواهد بود.,1,3,train
409,با توجه به کمینه‌ی سرعت شاتر 15 ثانیه‌ای نیز این دوربین کاملا مناسب عکاسی در شب می‌باشد.,1,3,train
1589,در سمت چپ رابط کاربری نیز یک منو وجود دارد که با استفاده از آن می‌توان به راحتی به تعدادی از برنامه‌ها دسترسی داشت.,1,3,train
2370,هرچند باید بگویم هم سخت افزار و هم بهترین سیستم عامل را در دست دارد.,1,3,train
7237,قیمت بالایی داره اما با توجه به کارایی خاصش.,1,3,train
8759,این گوشی نسبت به مدل قبل پیشرفت های زیادی داشته از جمله دوربین8مگا پیکسلی .,1,3,train
4090,با اینکه صفحه نمایش این گوشی لمسی نیست، ولی کیبورد Qwerty این گوشی می‌تواند تا حدودی باعث شود که لمسی نبودن صفحه کلید چندان شما را نا امید نکند.,1,3,train
7251,همین الان گوشی HTC به تنهایی همین قیمته !,1,3,train
3239,از برتری های اصلی این تبلت حساب میشه.,1,3,train
10677,گوشی بسیار باریک و سبکی هست.,1,3,train
12533,به نظر ما نیز این طور بود و واقعا این نمایشگر از هر نمایشگر دیگری که تا به حال دیده بودیم با کیفیت‌تر بود.,1,3,train
10545,اما با وجود پشتیبانی این گوشی از Wi-Fi، 3G و GPRS و همچنین به لطف سخت افزار مناسب و سیستم عامل به روز، مرورگری اینترنت در این گوشی لذت بخش صورت می‌پذیرد.,1,3,train
12005,کلی کار کردم 10 درصدش تموم شد.,1,3,train
1502,صفحه لمسیش هم کار رو باهاش راحت کرده و هر نقطه ای از تصویر هم که میخوای فوکوس کنی با لمس اون نقطه فوکوس به سادگی انجام میشه..,1,3,train
5910,من خودم این گوشی رو دارم 100 درصد راضی هستم.,1,3,train
11637,این گوشی رو حدود 6 ماهه دارم فوق العاده است فقط یک چیز بد داره که کوچیکه وگر نه من روش اندروید 4.0.4 نصب کردم هیچ مشکلی هم پیدا نکرد دوربینشم فوق العاده است,1,3,train
12040,.به نظر من که باصرفه تره درضمن تمام بازیهای hd وgame loft رو جواب میده بدون هنگ و تیک,1,3,train
9432,بدنه تمام پلاستیکی این گوشی باعث گردیده که وزن آن از 131.5 گرم بیشتر نشود و در مقایسه با ابعاد آن، وزن متناسبی را دارا باشد.,1,3,train
5163,البته مایکروسافت با بکارگیری پردازنده‌ی با فن‌آوری ۶۵ نانومتری برای کنسول XBOX 360 باعث کاهش گرمای تولیدی این پردازنده و افزایش کارایی آن شد.,1,3,train
8050,SX40 HS نیز مانند هر دوربین دیگری در کلاس خود مجهز به یک پیچ تنظیم DSLR مانند در قسمت بالا، برای سویچ کردن به مودهای عکاسی مختلف می‌باشد.,1,3,train
6096,یکی از ویژگی های جالب آن سینی جلوی کاغذ است که با داشتن فضای باز استفاده از سایزهای مختلف کاغذ را فراهم میاورد .,1,3,train
8121,یک هفته میشه این گوشی رو خریدم، از نظر نرم افزاری به واسطه اندروید 4 عالیه(رابط کاربری بسیار زیبایی دارد)، از نظر سخت افزاری هم در حد مطلوبه ، اگه میخواهید از نظر cpu مشکلی پیدا نکنید برنامه های در حال اجرای قبلی را با کلید پایین صفحه سمت راست(recent apps)ببندید و برنامه های در حال اجرا را به حداقل برسانید، در این صورت فضای رم اشغال شده هم کاهش پیدا می کند.,1,3,train
8299,بعد از یه مدت که از هیجان خریدش بیفتید میبینید که برای کارهای متوسط 2 روز شاردهی میکنه,1,3,train
7120,همچنین با وجود پشتیبانی این گوشی از راه های مختلف ارتباطی مانند Wi-Fi، 3G و شبکه پر سرعت 4G، ارتباط با دنیای اینترنت با بالاترین سرعت ممکن میسر خواهد بود.,1,3,train
541,بخصوص که نیاز به پاور برق شهر نداره.,1,3,train
12080,هم اکنون 1400 بازی متفاوت برای این سیستم در بازار وجود دارد.,1,3,train
10781,این یعنی اینکه مقدار خیلی اندکی نسبت به لنز مدل پیشین کندتر شده است.,1,3,train
103,این دوربین مجهز به یک فلاش Pgr-up قدرتمند با برد موثر 3.7 متر نیز هست.,1,3,train
8761,به نظر من تو این قیمت انتخاب مناسبیه.,1,3,train
6233,با هر مرتبه شارژ باتری قادر خواهید بود تا بیش از 10 ساعت به صورت ممتد با آن مکالمه انجام دهید.,1,3,train
11298,همچنین برای عکاسی در شرایطی که دوربین در زوایایی ناجور نسبت به چشم قرار دارد هم مناسب است.,1,3,train
9762,این دوربین مجهز به لنز 29-87 میلی متر با توانایی زوم 3 برابر می‌باشد.,1,3,train
3698,البته بهبودهایی نسبت به N8 بر روی آن مشاهده می‌شود.,1,3,train
7840,اما فقط قابلیت ایجاد تماس نیست که تبلت Fonepad را به محصولی خاص و جالب تبدیل کرده است.,1,3,train
7816,به هر حال، ما که از کار کردن با این محصول خسته نشدیم، نرمی و روانی iOS مزیتیست که در هیچ دستگاه دیگری از کمپانی‌های غیر از اپل پیدا نخواهید کرد، که البته به دلیل همین انحصار طلبی اپل هم باید هزینه بیشتری را متحمل شد.,1,3,train
12222,هارد خوبیه مخصوصا نسبت به قیمتش.,1,3,train
12776,در کل باید گفت که Xperia Pro گوشی اندروید QWERTY خوبی است و می‌تواند هم رده‌ی HTC Desire Z قرار بگیرد.,1,3,train
8411,اکنون در قسمت پشتی دکمه ی Record به جایی منتقل شده که به راحتی در زیر انگشت شست قرار می گیرد.,1,3,train
6950,زیبا ولی بزرگ,1,3,train
8174,پس اگر به دنبال یک گوشی اندرویدی جمع و جور و زیبا می‌گردید گوشی HTC Desire C را به شما پیشنهاد می‌کنیم.,1,3,train
11587,چنین نسبتی باعث می‌شود که بتوانید به راحتی در شرایط ضعیف نوری هم عکاسی کنید.,1,3,train
3952,دیجی کالا همه چیز رو از همه جای ایران ارزون‌تر میده .,1,3,train
4357,این دومین ایراد مهمی بود که برطرف شد.,1,3,train
8302,دوستان میگن باتری گوشی ضعیفه ولی من این گوشیو دارم اگر power saver را روشن کنید خیلی خوب شارژ نگه می داره,1,3,train
1394,البته نمی‌توان گفت که سیستم خنک کننده کاملا بی صدا است ولی مسلما صدای آزار دهنده ای تولید نمی‌کند.,1,3,train
10307,باتریشم تو کار زیاد کم میاره که با نصب برنامه مدیریت انرژی خیلی بهتر شده و بین گوشی های آندروییدی قابل‌قبوله.,1,3,train
6842,سخت افزار گوشی فوق العاده ست اگه سیستم عامل این گوشی ios بود دیگه معرکه بود .,1,3,train
9318,این همه گشتم تو این رنج قیمت بهترینه حتما تو اولین فرصت می خرمش,1,3,train
4935,این دستگاه با ps3 رقابت میکند ولی قیمت پایین تری دارد,1,3,train
7940,اگر در شرایط نوری خوب با آن عکاسی کنید جزئیات خیلی عالی نمایش داده می‌شوند.,1,3,train
1055,احتمالا این مود عکاسی است که بیشتر علاقه دارید دوربین را بر روی آن بگذارید و عکاسی کنید.,1,3,train
4846,به نظر من حرف نداره.,1,3,train
11589,اما به جز لنز فوق‌العاده ای که بر روی این دوربین قرار دارد، بقیه‌ی ویژگی‌ها خیلی خاص نیستند.,1,3,train
94,همچنین برای عکاسی از محیط‌های داخلی و یا جمع بزرگ دوستان هم مناسب است.,1,3,train
1600,اما در مورد دوربین اصلی دستگاه باید بگوییم که کیفیت عکس‌های قابل قبولی را ارائه می‌دهد و حتی در مقایسه با دیگر دوربین‌های 5 مگاپیکسلی به کار رفته در گوشی‌های هوشمند و تبلت ها نیز عملکرد مناسب‌تری را از آن شاهد بودیم که می‌توان آن‌را در بین برترین دوربین‌های قرار گرفته بر روی تبلت ها دانست.,1,3,train
6038,به صرفه میشه,1,3,train
989,این دوربین طبق معمول و انتظار توانایی عکاسی در فرمت RAW را نیز دارد تا برای حرفه ای ترها و ویرایش عکس ها مناسب تر باشد.,1,3,train
12984,علاوه بر ePrint که به آن اشاره کردیم، این پرینتر توانایی پرینت مستقیم از وب با استفاده از WebApps را دارد.,1,3,train
7208,از طرفی معتاد سریال هستم و بسیار اهل بازی، وبلاگ هم مینویسم، از طرفدارای برند اسوس هم هستم (دقت کنین تلفظ ایسوس غلطه!,1,3,train
3758,اما از هر نظر گوشیه خوبیه و کار کردن باهاش راحته,1,3,train
8539,.با توجه به قیمت آن گوشی خیلی خوبی است فقط اگه یه اسپیکر کوچک داشت بهتر بود.,1,3,train
1499,ولی کم کم دستم بهش عادت کرد و الان دیگه مشکلی با این قضیه ندارم و اتفاقا به نظرم خیلی خوب و جمع و جور هست!,1,3,train
5479,خصوصا اینکه خیلی خیلی باریکه 14- قابلیت جالبی که داره اینه که هر نرم افزاری بخواید روش نصب کنید، مشکلی نخواهد داشت، چون خودش نرم افزار ، و بازی ها رو متناسب با صفحه اش میکنه؛ درحالی که به نسبت طول و عرض صفحه بر نمیخوره.,1,3,train
12297,دوربینی که من دیدم چیزی کم نداشت .,1,3,train
10290,45 روزه دارم عالیه!,1,3,train
11474,"به همه ی دوستانم پیشنهاد میکنم وقتی اومد بگیرنش چون از s3 , htc one و .",1,3,train
3726,این گوشی خوبیه به نظر من ارزش خرید رو داره ولی متاسفانه فلاش نداره ولی ارزش خرید رو داره,1,3,train
10795,HX50v مجهز به GPS و Wi-Fi داخلی هم هست.,1,3,train
10897,این قلم تحولی در ارائه استفاده چند کاره از تبلت ایجاد کرده و دیر یا زود بقیه برند ها رو هم مجبور به استفاده از این قابلیت بر روی تبلت هاشون میکنه.,1,3,train
10277,کاهش مصرف باتری بدون نرم افزار !,1,3,train
7378,همچنین به راحتی می‌توانید هارددیسک را نیز با یک مدل پرظرفیت تر جایگزین کنید.,1,3,train
5134,xbox 360 تازه واردی بود که با همه حرف و حدیث ها و تمام شایعات تا به امروز به حیات مقتدرانه خود ادامه داده و به گفته مایکروسافت با آمدن مدل باریک تر آن، تا سال 2015 به حیات خود ادامه خواهد داد!,1,3,train
10163,از معایبش فقط هنگ کردن خیلی جزئی در ورژن اندروید4 هستش که اگه تموم برنامه ها رو انتقال بدین به اس دی کارت هنگش خیلی خیلی کم میشه در ورژن 4 فیس آنلاک یا قفل چهره رو هم ساپورت میکنه که کارایی بالایی داره و کارمو خیلی راحت کرده تنها عیبش دکمه مدیا پلیر در بالای گوشیه که در بعضی از برنامه ها مانند گولوکر مشکل ایجاد میکنه ولی اگه تصمیم به خریدش دارین شک نکنید و برید با گارانتی پارس کامتل بخرید,1,3,train
11340,دکمه‌ی Live View (نمایش زنده ی تصویر بر روی نمایشگر) به راحتی زیر انگشت شست دست راست قرار می‌گیرد.,1,3,train
4369,من یه هفتست ipod 5 خریدم، من قبلش ایپاد ٤ داشتم که توی بعضی بازیها هنگ میکرد و میپرید بیرون، دوربین ضعیفی داشت و حجمش پایین بود ولی توی این یکی دیوایس اپل عالی کار کرده، صفحه ی بزرگ تر، دوربین ٥ و از همه مهم تر پردازشگر A5 که همونیه که تو iphone 4s وجود داره اما با یه تفاوت کوچیک که پردازشگر 4s 800mh هست ولی آیپاد 1GH هست که فوق العادست.,1,3,train
1525,وجود قلم در کنار این تبلت به شما این امکان را می‌دهد که استفاده از قلم و کاغذ را کنار گذاشته و تمامی نیاز های خود به نوت برداری را، با همین تبلت بر طرف سازید.,1,3,train
11274,من این دوربین رو چند وقتی هست که از این سایت بسیار خوب دیجی کالا خریداری کردم دوربین بسیار خوبیه فقط یکم تو شب عکسبرداری رو مشکل میکنه,1,3,train
8681,من همین الان سفارش دادم چون با این مشخصات قیمت واقعیش بالاتر از اینا باید باشه.,1,3,train
4103,البته درب پشت گوشی که محل قرارگیری باتری و سیم کارت است از جنس آلومینیوم مقاوم است که خود اون هم احساس خوبی هنگام در دست گرفتن گوشی دارد.,1,3,train
1239,• جمع بندی ایسوس با این ایده، تحول جالبی را در دنیای گوشی‌ها و تبلت ها ایجاد نمود.,1,3,train
6585,و در مورد عملکرد و سرعت اجرا برنامه ها هم فعلا خوبه در کل نسبت به قیمتش واقعا می ارزه,1,3,train
11444,با چند ساعت کار صفحه و پشت گوشی گرم میشه ( در برخی گوشی ها با سخت افزار مشابه این مشکل کمتره ) اما روی هم رفته عالیه,1,3,train
4686,از نظر قیافه واقعا شاهکاره .,1,3,train
7966,ارزون ترم هست..,1,3,train
9490,کنترل های دستی شاتر، دیافراگم و فوکوس نیز عملکردهای خیلی خوبی هستند که بر روی یک دوربین به نسبت ارزان قیمت به کار گرفته شده اند.,1,3,train
2025,با تشکر از سایت بسیار خوب دیجی کالا که اینقدر سریع وقایع تکنولوژی رو پوشش میده.,1,3,train
10371,بر طبق تست درجه نظامی عایق پلاستیکی آن کاملا ضدضربه و ضدآب است.,1,3,train
12843,مجموعه گردو دارای قفل نیست و کاربران در صورت نیاز می‌توانند نرم‌افزارها را کپی و در جاهای دیگر استفاده نمایند.,1,3,train
10005,• سخت افزاربر روی این گوشی جذاب، یک پردازنده‌ی دو هسته ای با فرکانس 1.5 گیگاهرتز از نوع Krait به همراه چیپ Qualcomm Snapdragon S4 قرار دارد.,1,3,train
7550,من دنبال یه گوشی با ابعاد و کارایی مناسب بودم و حتی میتونستم خود s3 یا sony ion و یا T و TX رو بگیرم ولی S3 MINI بیشتر نظرم رو جلب کرد.,1,3,train
11080,از دیجی کالا به خاطر قیمت های منصفانش سپاسگذارم.,1,3,train
10524,نهایتا بر روی قاب پشتی گوشی نیز دوربین و بلندگو به چشم می‌خورند که همراه با یک لوگوی Xperia به زیبایی گوشی افزوده‌اند.,1,3,train
2961,از نظر ظاهر و شیک بودن و مخصوصا بدنه آلمینیومی خوب از اپل زیباتر به نظر می رسه.,1,3,train
10471,هیچوقت هنگ نمیکنه.,1,3,train
1120,این هارد از همه نظر عالیه فقط یه موردی داره اونم اینه که قسمت اتصال کابل به هارد سریع لق میشه و کابل خوب جا نمی خوره بعد موقع کار قطع و وصل میشه .,1,3,train
8845,من به کسی این دوربین رو توصیه می کنم که بخواهد عکاس حرفه ای بشه ولی پول کمی داره.,1,3,train
4806,مشکلی در مورد کارایی این دوربین وجود ندارد .,1,3,train
745,البته خوب با وجود گرافیک قوی میشه گفت حیفه !,1,3,train
505,برنامه آفیس روی گوشی کارایی مناسبی دارد.,1,3,train
10715,وجود بلندگوی با کیفیت به یکی از نقاط قوت گوشی‌های خانواده Xperia تبدیل شده است و Xperia TX نیز این قاعده مستثنا نیست.,1,3,train
792,نرم افزار یکی از نقاط قوت این گوشی دو سیم کارته، بهره گیری آن از نسخه 4 یا Ice Cream Sandwich سیستم عامل اندروید است.,1,3,train
12825,شرکت گردو با قراردادن آموزش مالتی‌مدیای ویندوز۸ در این نسخه از مجموعه نرم‌افزاری گردو سعی نموده تا این مشکل را به طور کامل حل نماید.,1,3,train
5836,هسته قوی آن است.,1,3,train
6775,به نظر من اسکنر خوبی هست.,1,3,train
8071,حسگر نوری که داره تو مصرف باطری صرفه جویی میکنه.,1,3,train
4832,xbox بازی ساخته بود Gears of ware که خیلی خیلی دوسش دارم بلکه همه دوسش دارن یکی از پر طرفدار ترین بازی در دنیاست.,1,3,train
11429,یه چیزی داره که هیچ گوشی ای نداره و اون هم یه اسم گوگل هست.,1,3,train
4049,من تازه این دوربین رو گرفتم در نوع خودش دوربین خوبیه تفاوت چندانی با مدل قبل خودش hx100 نداره.,1,3,train
3906,همچنین این دوربین از کارت‌های Eye Fi نیز پشتیبانی می‌کند که امکان انتقال عکس‌ها و فیلم‌ها به صورت بیسیم به لپ تاپ را میسر می‌سازد.,1,3,train
5046,این درایو نوری از کارایی بالاتر و نویز کمتری نسبت به نسخه قبلی برخوردار است.,1,3,train
11069,حتی از new ipadوasus transformer pad infinityهم بهتره,1,3,train
2041,"یکی از دلایلی که صفحه نمایش تمام آیفون‌ها ""3.5 بود اینه که با یکدست به راحتی میشه با اونها کار کرد.",1,3,train
6221,مرورگر موجود بر روی این دستگاه، مرورگر استاندارد سامسونگ است که عملکرد مناسبی دارد.,1,3,train
5327,در نوع خودش تبلت خوبیه,1,3,train
6115,پلاستیک ماتی که ما Xbox 360 را با آن می شناختیم؛ اکنون دیگر وجود ندارد و به جای آن پلاستیکی با جلای بالا و براق را مشاهده می کنیم که یک پیشرفت خیلی مهم از لحاظ ظاهری و زیبایی برای Xbox 360 Slim را باعث شده.,1,3,train
2120,درسته، از همون طراحی قبلی استفاده کرده ولی نازکتر سبکتر و درازتر ولی مراقب باشید چون واقعا ظریفه و به خاطر جنس بدنش خیلی زود باهاش مشکل پیدا میکنید و اگه یه بار از دستتون افتاد خصوصا رنگ مشکیش رنگای دورش ممکنه بریزه سخت افزار :فعلا یکی از مشکلاتی که از اپل میگیرن اینه که چرا سخت افزاری مثل اس3 و وان ایکس و سی پی یو 4 هسته ای استفاده نکره خب اپل خوب میدونه داره چیکار میکنه همونطور که اطلاع دارید بیشتر از کلاک و هسته نوع سی پی یو مهمه که اپل از A6 استفاده کرده که ظاهرا دو هسته ای با کلاک حداکثر 1.2 هست درسته خیلی از اس3 و وان ایکس پایینتره ولی از اونا قطعا کمتر نیست چون ای او اس واقعا به سی پی و سخت افزار قوی احتیاج نداره پس اینو نمیتونیم مشکل بدونیم صفحه نمایش :این گوشی از یه صفحه نمایش 4 اینچی استفاده کرده البته نه 4 اینچی معمولی از یه 4 اینچی درازتر از همه گوشی ها این صفحه نمایش اصولا برای دیدن عکس زیاد مناسب نیست چون اندازه اون با اندازه معمولی عکسا تطابق نداره ولی برای دیدن فیلم وقعا عالیه و میتونه حتی نقش یه صفحه نمایش 0.5 اینچ از خودش بزرگتر و بازی کنه چون تمام فیلم های جدید با رزولوشن واید ریلیز میشه البته در مورد فیلم های 4:3 این امر صادق نیست این صفحه نمایش HD نیست و ppi اون از خیلی گوشی ها هم پایینتره ولی واقعا ساختار خیلی خوبی داره و رنگ ها زنده ترند ولی صفحه نمایش های بهتر از این گوشی خیلی هست سیستم عامل :iPhone OS 6 !,1,3,train
502,برنامه های موجود برای ویندوز فون از تنوع مناسبی برخوردار است.,1,3,train
11345,ولی از دوربین 550D این کار آسان شده و با فشردن دکمه‌ی شاتر تا نیمه می‌توانید فوکوس خودکار را انجام دهید.,1,3,train
7029,به این میگن سوپر اسمارت.,1,3,train
9857,بهترین گوشی نوکیا سری آشا .,1,3,train
9445,فیلم برداری این دوربین نیز با کیفیت HD و سرعت 30 فریم بر ثانیه صورت می‌پذیرد.,1,3,train
5202,پردازنده‌هایی ذاتا 2 هسته‌ای و 4 هسته‌ای که با انجام عمل Hyper Threading توانایی دو برابر کردن هسته‌ها‌ی خود از طریق ساختن هسته‌ها‌ی مجازی را دارند.,1,3,train
2365,واقعا حرف نداره، و اینو استقبال مردم در پیش خرید، ثابت کرد.,1,3,train
2794,اما برای اینکه لرزش دست شما منجر به تارشدگی تصویر نشود، همانند هر دوربین امروزی پیشرفته‌ی دیگری، DV300F هم مجهز به لرزش گیر اپتیکال تصویر می‌باشد تا همواره بتوانید عکس‌هایی شارپ بگیرید.,1,3,train
74,پیچ تنظیم شوتینگ مودها هم مثل مدل‌های پیشین رو به عقب ساخته شده ولی طراحی آن خیلی تمیز تر می‌باشد و احساس نمی‌کنیم که گویی آن قسمت از دوربین بر اثر گرما ذوب شده باشد.,1,3,train
7557,در کل تو این رنج قیمت فکر نمیکنم گزینه ای بهتر از اس 3 مینی داشته باشید,1,3,train
11118,در قسمت پایین صفحه نمایش سمت چپ هم دکمه عکس برداری از صفحه قرار دارد که به شما کمک می‌کند که با اشاره قلم از صفحه نمایشتان عکس بگیرید که در مواقع مختلف کاربردهای بسیاری را داراست.,1,3,train
11413,به نظرم در خریدش شک نکنید .,1,3,train
12912,3- فونت های درشت و خوانای منوی کاربری دستگاه مناسب افراد عینکی است تا بدون عینک هم بتوانند به راحتی از آن استفاده کنند.,1,3,train
4015,دوربین یک دوربین عکاسی است اما امکانات فیلم‌برداری آن قوی‌تر است که این هم به ذات سونی باز می گردد که در دوربینهای فیلم برداری حرف اول را می زند.,1,3,train
4067,به هر حال درست است که نوکیا در چند سال اخیر عرصه را در بسیاری از موارد به کمپانی‌های دیگر باخته است، ولی هنوز در زمینه طراحی جزو پیشتازان و سردمداران صنعت گوشی محسوب می‌گردد.,1,3,train
8496,در مود عکاسی به راحتی می‌توانیم از سرعت های شاتر پایین هم استفاده نماییم.,1,3,train
8415,سنسوری که از فن آوری BSI بهره می برد و منجر به حساسیت بیشتر آن به نور می شود.,1,3,train
9580,ادم لذت میبره.,1,3,train
9452,سخت‌افزار مناسب شامل پردازنده یک گیگاهرتزی و پردازشگر گرافیکی 245 مگاهرتزی، سیستم‌عامل به‌روز اندروید 4، صفحه نمایش 4 اینچی لمسی با امکان نمایش 16 میلیون رنگ، دوربین 5 مگا پیکسلی بکار رفته در گوشی و در نهایت یک گیگا بایت حافظه داخلی به همراه امکان افزایش تا 32 گیگا بایت به واسطه کارت حافظه MicroSD، این گوشی را به مدلی به‌صرفه و مناسب نسبت به هزینه پرداختی تبدیل کرده است.,1,3,train
88,به نظر می‌رسد که F660 واقعا فیلم بردار خوبی باشد.,1,3,train
2691,همانطور که اشاره کردیم، چشمی این دوربین یک چشمی اپتیکال معمولی نیست بلکه یک چشمی هیبریدی اپتیکال/الکترونیکی است.,1,3,train
9851,برای نوشتن پیام و مکالمه گوشی خوبی می تونه باشه,1,3,train
8360,دوربین خوبیه .,1,3,train
10740,واقعا قشنگه.,1,3,train
8119,با این قیمت میشه یه GALAXY ACE خرید که هم پردازنده قویتری داره و هم دوربینش فلاش داره,1,3,train
9868,با اینکه سیستم عامل S40 بسیاری از امکانات اندروید را ندارد، اما کارایی آن به عنوان یک سیستم عامل برای گوشی‌های سطح متوسط بسیار خوب است.,1,3,train
4876,ولی گیم فقط با دسته ی xbox حال میده.,1,3,train
5708,اندودی که سامسونگ بر روی شیشه‌ی نمایشگر به کار برده وظیفه‌ی خود را به خوبی انجام می‌دهد.,1,3,train
7888,همچنین چندین ویجت زیبا و کاربردی نیز بر روی دستگاه موجود است.,1,3,train
12620,با این قیمت گوشی حتی نزدیک به این پیدا نمی کنید.,1,3,train
2652,ولی چیزی که کاملا مشهود است، اعمال تغییرات مثبتی بوده که بر اثر نظرات کاربران درباره‌ی نقاط ضعف X100 اعمال شده.,1,3,train
6965,مثل موتور براویای سونی میمونه که گوشی های سونی دارن و تجربه بهترین تصاویر رو میده و اگه باهم ترکیب بشن چی میشه.,1,3,train
7099,در سمت چپ اما با یک لبه کاملا صاف مواجه هستیم.,1,3,train
1626,همان لبه های منحنی و همان کلید دایره ای Home در قسمت پایین و البته نهایتا همان صفحه نمایش رتینای دوست داشتنی، البته کمی بزرگ‌تر.,1,3,train
11798,رضا رسولی نژاد گوشی خوبی است و نسبت به گوشی های دیگه که نسبت به این گوشی قیمت بالایی دارند از لحاظ سخت افزاری خوب است اما حیف که صفحه نمایش کوچکی دارد و دوربین دوم هم ندارد اما به اندروید 4 اپدیت میشه,1,3,train
8621,با سلام من گوشی رو از سایت خوبتون خریدم واقعا کارتون خوبه ولی در مورد گوشی باید بگم هم سرعت خوبی داره هم وضوح تصویر عالی واقعا انتظارم خیلی کمتر از چیزی بود که دیدم ممنون,1,3,train
9753,S30 را شاید بتوان ارزان قیمت ترین دوربین ضد آب و ضد ضربه‌ای که تا به حال معرفی شده بنامیم.,1,3,train
6410,ولی خوشبختانه هارد سالمه ولی با این کلک از گارانتی خارج میکنن پس مواظب باشید هنگام خرید هاردو باز کنید حتی اگر توی پکشون باشه.,1,3,train
2329,این دوربین ایده آل برای ورزشهای از قبیل پرواز، دوچرخه سواری، اسکی و اسکیت، سنگ نوردی، کوه نوردی، غار نوردی، بانجی جامپینگ، قایق رانی و دیگر ورزشهای از این دست می باشد. 2- مدل HD MotorSports HERO که مناسب برای علاقه مندان اتومبیل رانی، موتور سواری، دوچرخه سواری، کارتینگ و جت اسکی می باشد.,1,3,train
3458,این وضوح در اسکن خوب بوده و نسخه ای که در اختیار شما قرار می‌دهد از کیفیت مناسبی برخوردار بوده و می‌تواند جزئیات زیادی از متن و یا عکس اسکن شده به شما بدهد.,1,3,train
6576,جمع بندی کمپانی چینی هواوی یک بار دیگر با ارائه این محصول به بازار، قدرت و توانایی خود در ارائه محصولات با کیفیت را به اثبات رسانید.,1,3,train
12209,من به تازگی این هارد رو تهیه کردم واقعا از نظر کوچک بودن و ظرافت حرف نداره از نظر سرعت وامنیت هم خیلی خوب هست و تا حالا همچین هاردی نخریده بودم که اینقدر منو راضی کنه اونقدر کوچیکه که اگه بزاری تو جیب معلوم نیست خیلی باحاله ممنون دی جی کالا,1,3,train
99,اما کمینه‌ی نسبت کانونی آن در حالت واید و زوم، f/3.5-5.6 می‌باشد که عالی نیست ولی خوب است تا در عکاسی شرایط نوری ضعیف هم مشکل زیادی نداشته باشید.,1,3,train
2727,این استاندارد بدین معناست که این دستگاه در برابر رطوبت، ضربه، شوک الکتریکی و ارتعاشات از دیگر تبلت های اندرویدی مقاومت بیشتری دارد.,1,3,train
12760,فضای خوبی بین کلیدهای صفحه کلید QWERTY وجود دارد و حتی بعضی مشکلاتی که در صفحه کلید گوشی اندرویدی چون Motorola Milestone شاهد آن‌ها بودیم بر روی این یکی مشاهده نمی‌شود.,1,3,train
5369,با اینکه سامسونگ با تولید گوشی‌های سری Note قصد داشت یک دستگاه مابین گوشی و تبلت ها را تولید نماید، اما در واقع این LG است که با تولید Optimus VU به این هدف نائل گشته است.,1,3,train
9828,همچنین با وجود باتری در کیبورد، با اتصال آن به تبلت، شارژدهی آن نیز به میزان چشم گیری افزایش می‌یابد.,1,3,train
483,سایت اکسپرت ریویوز به این گوشی ۵ ستاره داده و اون رو بهترین گوشی با توجه به قیمت معرفی کرده.,1,3,train
5988,حتی در زوم های بالا هم کیفیت عکس ها کاملا حفظ میشن.,1,3,train
6772,"کاملا"" راضی هستم.",1,3,train
11737,من حدود یه ماهه که این گوشی رو دارم و کاملا ازش راضی هستم.,1,3,train
333,لولاها نیز بسیار با کیفیت هستند و به راحتی صفحه نمایش را در جای خود محکم نگاه می‌دارند.,1,3,train
10351,در نهایت گوشی سونی اریکسون Live with Walkman با توجه به قیمت بسیار خوبی که دارد، یک گوشی فوق‌العاده محسوب می‌شود.,1,3,train
11514,قابلیت دوم، Gesture Typing نام دارد که به کیبورد سیستم عامل اضافه شده است.,1,3,train
11310,برای مثال فیلتر Soft Focus منجر به خفیف شدن هرگونه رفلکس و بازتاب نور در عکس می‌شود و اثر دراماتیکی به آن می‌دهد.,1,3,train
1958,واین یعنی برتری ios به اندروید/ضمن اینکه رابط کاربری این سیستم عامل بسیار روانتر و کاربر پسند تر از اندرویده/ از نظر ساختاریم که خب مثلا آیفون4s البته اگر باهاش کار کرده باشید متوجه میشید که مثلا نسبت به خیلی از گوشیهای اندرویدی برتر بازار تاچش روانتر و لذت بخش تره مثلا نسبت به گلکسی اس3 یا 2 یا اچ تی سی وان ایکس/یا مثلا سنسور ژیروسکوپش بهتر از اندروید یا کار میکنه یا از نظر صفحه نمایش مثلا سونی اکسپریا اس تراکم پیکسلی342ppiداره اما آیفون 4s تراکمش 336ppi هست در حالیکه عملا در دیدن تصاویر یا بازیها یا منو در صفحه آیفون متوجه برتری اون میشید.,1,3,train
1558,با چهار گوش کردن این قلم، در دست گرفتن و کار کردن با آن بسیار راحت‌تر شده و خیلی دیرتر از کار کردن با آن احساس خستگی خواهید نمود.,1,3,train
4507,من الان خیلی وقته دارم یک رم 8گیگ ریختم 5 گیگو سیستم عامل گرفت و تازه من وقتی هر چی برنامه داشتم رو دیلیت کردم تازه 287مگابایت می تونم استفاده کنم صفحه اش خوبه.,1,3,train
10598,این پردازشگرها قدرت اجرای بازی‌های سه بعدی را ندارند ولی دکودر ویدیویی آن‌ها به شما کمک می‌کند تا بتوانید به راحتی به تماشای ویدیوهای Full HD بپردازید.,1,3,train
4203,سلام اول از ارسال سریع و خدمات خوبتون تشکر میکنم و دوم اینکه با توجه به این قیمت گوشی فوق‌العاده‌ای هست البته من که دو روز پیش این گوشی رو خریدم این قیمت نبود گوشی های دیگه افت قیمت داشتن ولی این افزایش که این خودش یکی از دلایل کیفیت و استقبال مردم میتونه باشه,1,3,train
1978,دلیلی که این گوشی با پردازنده دو هسته ایش در تست ها بهتر از SIII و one X عمل کرده یکی سیستم عامل IOS هست که خیلی با این گوشی خوانایی داره و فقط برای چند دستگاه عرضه میشه و یکی دیگه هم این که رزولوشنش نسبت به گوشی های روز بازار مثل SIII و xperia sl و one x پایین تره که به پردازنده اجازه رندر کردن با سرعت بالاتر رو میده.,1,3,train
4625,همشون رو اجرا می کنه بدون افت سرعت گوشی .,1,3,train
405,حتی عکس‌ها در ایزو 3200 هم خیلی اوضاع بدی ندارند.,1,3,train
12065,وزن سبک، قابلیت‌های خوب، کاربری‌آسان و تکنولوژی پیش‌رفته از ویژگی‌هایی هستند که GZ-MG255 را به دوربین مناسبی تبدیل کرده‌اند.,1,3,train
11467,اگه نسخه 8 گیگش، 6گیگ در دسترس کاربر باشه من مشکلی باهاش ندارم.,1,3,train
5614,هنگ نمیکنه.,1,3,train
12529,نمایشگرنخست باید گفت که Apple 4 از نمایشگری کاملا نوین بهره می‌برد.,1,3,train
3629,این صفحه کلید بسیار باریک که بصورت جداگانه به آن متصل می‌گردد، یکی دیگر از جذابیت‌های آن محسوب می‌گردد.,1,3,train
11978,در حالت استفاده عادی دو یا سه روز دووم میاره.,1,3,train
10215,من که خیلی راضیم,1,3,train
9481,همچنین فوکوس خودکار هم عملکرد خوبی را از خود نشان می‌دهد.,1,3,train
8087,من این گوشی رو با قیمت بسیار مناسب از همین سایت خریدم (خرید از دیجی کالا برام عادت شده) در مدتی که دارم ازش استفاده می کنم هیچ مشکل خاصی باهاش نداشتم (هنگ و ریبوت و ..,1,3,train
11874,بدین ترتیب دستورات شما به سرعت و راحتی اجرا می‌گردند.,1,3,train
1567,پردازنده 1.6 گیگاهرتزی 4 هسته ای به کار رفته در آن که مانند مدل‌های قبلیش از نوع Exynos می‌باشد و البته 200 مگاهرتز قوی‌تر است به همراه 2 گیگابایت حافظه رم به شما این قابلیت را می‌دهد که از تمامی امکانات نرم افزاری موجود برای سیستم عامل اندروید به راحتی استفاده نمایید.,1,3,train
9292,این باعث می شود که حتی وقتی لنز بر روی مود AF قرار دارد بتوانید عمل فوکوس دستی را هم انجام دهید.,1,3,train
10707,) که با انتخاب آن‌ها، برنامه مورد به صورت کوچک شده اجرا می‌شود و شما می‌تواند همزمان با کارهای دیگر، همیشه این برنامه را بر روی صفحه خود همراه داشته باشید.,1,3,train
12943,سخت افزاراز نظر سخت افزاری Nokia 206 با دارا بودن64 مگابایت حافظه داخلی و قابلیت پشتیبانی از کارت حافظه‌ی MicroSD تا 32 گیگابایت و همچنین دارا بودن سیستم عامل جاوا، شرایط قابل قبولی را برای یک گوشی در این سطح به وجود آورده است.,1,3,train
5771,بدین صورت که تا به حال چنین صفحه‌کلید خوبی را بر روی هیچ تلفن همراهی مشاهده نکرده بودیم.,1,3,train
4270,گوشیه خوبیه با نرم افزار Antutu benchmark تست گرفتم امتیاز 6100 داد تازه چیپست qualcomm msm8225 snapdragon رو تو سایت خود کوالکام پیدا کردم سی پی یو رو زده بود 1 تا 1.2 گیگاهرتز dual core cortex A5 و جی پی یو هم adreno 203 و اینکه رو جعبه اش هم زده بود دوهسته ای.,1,3,train
1647,و شاید بتوان یکی از دلایل اصلی وزن کم این گوشی را نیز همین جنس بدنه آن به شمار برد.,1,3,train
12012,با توجه به قیمت سایر گوشی ها با همین سخت افزار در حدود 30% ارزانتر می باشد.,1,3,train
11682,من این گوشی رو به شما پیشنهاد میکنم.,1,3,train
8474,3-یکم قیمتش زیاده ولی مطمئن باشین اگه بتونین بخرین ارزششو خواهد داشت.,1,3,train
8054,اما برخلاف مدل SX30 IS که فقط می‌توانست با کیفیت HD فیلم‌برداری کند، به مدد سنسور HS دوربین SX40 HS فیلم‌برداری Full HD نیز میسر شده است.,1,3,train
6116,هر چند روی این پلاستیک براق و زیبا که جنس خیلی خوبی هم دارد؛ اثر انگشت می ماند اما خب چه کسی نیاز دارد که هر لحظه به کنسول بازی خانگی خود دست بزند؟,1,3,train
7833,سیم کارت میخوره,1,3,train
8724,ضمنا خیلی سبک و نازک ساخته شده و کیفیت ساخت آن عالیست و باتری خیلی قوی دارد و رابط کاربری بسیار عالی-زیبا و راحتی دارد و دارای اپ استور ال جی هم می باشد که می توانید از آن کلی نرم افزار و بازی دانلود کنید.,1,3,train
7032,پادشاه اچ تی سی .,1,3,train
12341,در مود Program AE شما بیشترین اختیار را بر روی نوردهی خواهید داشت.,1,3,train
10009,• جمع بندیایسوس با این ایده، تحول جالبی را در دنیای گوشی‌ها و تبلت ها ایجاد نمود.,1,3,train
5832,بنده غریب به یکساله که این گوشی رو در اختیار دارم و هیچگونه عملکرد ضعیفی رو شاهد نبودم و با بروزرسانی سیستم عامل اون به آندروید 4 عملکرد اون بسیار بهبود پیدا کرد.,1,3,train
6698,هرچند که این دوربین هم مجهز به مود فیلم برداری iA یا اتوماتیک هوشمند می‌باشد ولی هر موقع که خواستید می‌توانید این مود را خاموش کنید و بوسیله‌ی لمس بر روی نمایشگر، فوکوس و نوردهی را انجام دهید.,1,3,train
8068,سلام منم وارد خانواده htcشدم این گوشی رو حدود یک روزمیشه که دارمش قرمزشو خریدم که با این امکانات موجود ارزششو داشت.,1,3,train
2722,در ضمن، نگران به جا ماندن اثر انگشت بر روی قاب پشتی نیز نباشید که خوشبختانه استعداد بسیار کمی در جذب اثر انگشت دارد.,1,3,train
7829,گرم نمیکنه !,1,3,train
11896,همچنین از لرزش‌گیر دست هم بهره می‌برد تا عکس شما بر اثر لرزش دستتان تار نشود.,1,3,train
6160,ولی با طراحی بی نظیرش و یا طراحی سفارشی که دارد میتواند انتخاب خوبی برای کاربران نوجوان خود باشد.,1,3,train
7224,همین الان می تونید گوشی هایی رو پیدا کنید که از این تبلت و گوشی گرون ترن!,1,3,train
4468,از لحاظ گرافیکی نیز، این رابط کاربری از افکت‌های تصویری متنوعی بهره می‌برد به همین دلیل کسل کننده نخواهد شد.,1,3,train
6370,اما بر خلاف Galaxy S II که در دو مدل 16 و 32 گیگابایتی تولید شده بود، این گوشی فقط در یک مدل 8 گیگابایتی معرفی گردیده که در عوض قابلیت پشتیبانی از کارت حافظه تا 64 گیگابایت را داراست و خیال کاربر را از نظر حافظه برای ذخیره اطلاعات راحت می‌نماید.,1,3,train
6907,محض اصلاع دوستان اس3 امتیاز 50 ساعت داره و نکسوس 4 32 ساعت!,1,3,train
8940,همه‌ی این‌ها می‌توانند جلوه‌های بسیار زیبا به عکس‌های گرفته شده بدهند.,1,3,train
2677,چنین دوربینی کاملا می‌تواند استفاده‌ی حرفه ای داشته باشد و مورد علاقه‌ی بسیاری از عکاسان قرار گیرد.,1,3,train
11585,همچنین در حالت واید 24 میلی متر هم می‌تواند میدان دید بسیار وسیعی را در بر گیرد تا عکس چشم اندازهای گسترده‌ی طبیعی یا فضاهای داخلی را نیز به راحتی و در یک کادر ثبت کنید.,1,3,train
4364,، وای فای ، آی او اس 6 ، و دیگر برابری هایی که واقعا این دستگاه رو به یک جایگزین خوب برای تمام گوشی های هوشمند غیر آیفونی بدل می کنه.,1,3,train
10611,حرف نداره با توجه به اینکه دوربینش فلش نداره ولی تو روز عالیه,1,3,train
12585,از سامسونگ بیشتر توقع میرفت ولی تو این رنج قیمت نسبتا قابل قبوله .,1,3,train
7501,به نسبت قیمت کارایی بسیار بالا و ظاهر بسیار مناسبی داره.,1,3,train
1157,خیال آدم راحته که حداقل با یکم آب ریختن روش و چندتا ضربه، به این زودیها خراب بشو نیست.,1,3,train
5842,الان سیستم‌عامل 4.1.1 Jelly Bean رو روش نصب کردم که بشدت روونه و اکثر قابلیت‌های نرم افزاری Galaxy SIII رو (اعم از صفحه ویدیو کوچک در کنار سایر صفحات، تماس سریع با شخص پیامک زده و..,1,3,train
3040,تمام مشخصاتی که داره واقعا همان گونه هستش.,1,3,train
6539,در ضمن، در شرایط نوری قوی و در زیر نور مستقیم آفتاب نیز برای کار با MediaPad 10 مشکلی نخواهید داشت.,1,3,train
1702,اما اگر شهر بزرگی را جستجو نمایید، نقشه 3 بعدی آن شما را بسیار هیجان زده خواهد کرد.,1,3,train
1660,حتی رنگ‌های تولید شده در مقایسه با iPhone 4S نیز طبیعی‌تر هستند.,1,3,train
12410,دوستان من این گوشیرو حدود یک هفتست که دارم و تا الان ایرادی ندیدم ازش..,1,3,train
6799,اگر که شما از مشکل کمبود فضا رنج می برید و به اسکن کردن نگاتیو هم احتیاجی ندارید LiDE 110 اسکنر خوبی برای شما می باشد.,1,3,train
3190,من یک هفتست که این تبلت رو از دیجی کالا خریدم از نظر کیفیت ساخت بدنه و اجزا خیلی خوبه و عالی نیست چون دکمه های ولوم و قفل صفحه گاهی سهوا فشرده میشن هنگام کارکردن البته با کمی عادت کردن دیگه مشکلی پیش نمیاد صفحه نمایش هم کیفیت بالایی داره و رنگ ها بسیار طبیعی ظاهر میشن و از کار کردن با اون لذت می برید برای فیلم دیدن و کتاب خوندن واقعا کارایی داره و جزئیات به خوبی نمایش داده میشن اما انتظار معجزه هم نداشته باشید و صفحه نمایشش در میان رقبا کیفیت متوسطی داره از نظر وزن جزء سبک وزن ها محسوب میشه ولی بازم با یک دست نگه داشتن طولانی باعث اذیت شدنتون میشه پس اگر قصد مطالعه و فیلم دیدن به مدت طولانی دارید حتما به وزن تبلت توجه داشته باشید (از نظر من بهترین سایز 7 اینچ برای کتاب خوندن )کیفیت صدا بدون تعصب یکی از بالاترین کیفیت صداها بوده که در بین دستگاه ها دیدم از نظر بلندی هم مطمئن باشید که ناامیدتون نمیکنه .,1,3,train
11797,دوستان مشکل داغ کردن با آپدیت حل میشه,1,3,train
3459,شاید این ویژگی در هنگام اسکن متن چندان به چشم نیاید ولی در هنگام اسکن عکس می‌توان عملکرد مناسب این اسکنر را مشاهده کرد.,1,3,train
8110,.ولی تو اجرای برنامه ها مشکله خاصی ندارم.,1,3,train
7358,میزان عمق رنگ مشکی نیز برای این نمایشگر خوب است و در سطح نوت‌بوک لنوو قرار می‌گیرد.,1,3,train
7827,خوش دسته !,1,3,train
12645,در کل بگم با اینکه تو این دو سه ماه قیمتها بالاتر رفته اما باز هم نسبت به قیمتش امکانات زیادی داره.24/8/91,1,3,train
8255,به هر حال، اگر به دنبال داشتن یک گوشی خوش ساخت دو سیم کارته با امکانات مناسب هستید، آشا 308 می‌تواند یکی از انتخاب‌های خوب برای شما باشد.,1,3,train
9952,هرچند که Siri هم می‌تواند کامل‌تر از این باشد، ولی تا حدودی کار کردن با آن از چیزی که بر روی سیستم عامل Google Android می‌بینیم راحت‌تر است.,1,3,train
12998,دکمه‌ای هم برای فوکوس کمکی (Focus Assist) در نظر گرفته شده که در مود تنظیمات دستی کارآمد خواهد بود.,1,3,train
3809,با برنامه‌های کاربردی برای تندرستی - Fitness سامسونگ می‌توانید برنامه‌های ورزشی و تمرینی خود را در منزل اجرا کنید و با قابلیت برنامه‌های کاربردی برای خانواده - Family Story سامسونگ می‌توانید مطمئن باشید که لحظات و خاطرات ارزشمند خانوادگی نه تنها ذخیره می‌شوند بلکه توسط تلویزیون هوشمند شما به اشتراک گذاشته خواهند شد.,1,3,train
10673,خوشگل ترم هست,1,3,train
2108,یعنی اینکه شما عملا نمی توانید از سی پی یو قدرتمند خود استفاده کامل رو ببرید و تمام اپلیکیشن های شما بر روی یک دو هسته ای نیز قابل اجرا شدن هستند، و این مهمترین موضوعی است که اپل نه تنها به آن توجه میکند بلکه آن را به بهترین شکل ممکن در اسمارت فون های خودش بکار می برد، تا شما پول خود را بر باد نداده باشید.,1,3,train
11021,دقیقا مانند یک گوشی از سیم کارت پشتیبانی میکنه و هیچ مشکلی با سیم کارت نداره.,1,3,train
11684,متوجه میشید که قیمتش خیلی پایین تره از بقیه.,1,3,train
306,صفحه ی نمایشی که در این گوشی استفاده کردند از نوع LED-Backlit lcd هست که این صفحه با رزولوشن اچ دی روی این صفحه قرار گرفته که بنظر من مناسب ترین سایز صفحه و بهترین تناسب بین سایز و رزولوشن هست رنگهای مشاهده شده از نمایشگر این گوشی هم زنده و لذت بخش هستن با توجه به اینکه اسمارت فون قبلیم گلکسی اس 2 بود و جز بهترین صفحه ها بود فکر میکردم صفحه ی این گوشی خیلی بد باشه ولی اینطور نبود واقعا کم نداشت از گلکسی به جز چند مورد نا محسوس .,1,3,train
12804,مدت زمان اسکن یکی از پارامترهای مهم در اسکنرها می باشد مدت زمان اسکن با وضوح 600DPI حدود 13 ثانیه مدت زمان اسکن با وضوح 300DPI حدود 5 ثانیه این اسکنر با توجه به اطلاعاتی که بیان شد می توان برای کارهای معمولی و حتی تا حدودی حرفه ای مناسب باشد.,1,3,train
4163,بعضی از مزایا و معایبشو میگم : مزایا: قیمت ارزان در مقابل امکاناتی که داره.,1,3,train
11826,دوربین قدرتمند.,1,3,train
1061,سپس وقتی دکمه‌ی شاتر را بفشارید به سرعت فوکوس خودکار انجام و عکس گرفته می‌شود.,1,3,train
2696,همچنین یک مستطیل نشان دهنده ی اختلاف منظر هم وجود دارد که می تواند حدود عکس واقعی که توسط سنسور تصویر ثبت می شود را با دقتی نسبتا خوب به شما نشان دهد.,1,3,train
12861,چه در متن، چه گرافیک و چه عکس این برتری دیده می شود.,1,3,train
6111,اکنون شاید بتوان Xbox 360 Slim را برترین کنسول بازی موجود دانست مخصوصا با وجود Kinect Microsoft اکنون لذت استفاده از بازیهای Xbox چند برابر شده است.,1,3,train
12435,با سلام دوستانی که قصد دارن گوشی تو این رنج قیمت بخرن میتونن بین این گوشی و LG optimus 4x HD مقایسه ای را انجام بدن که در این مقایسه به طور کلی xperia v از جهت داشتن دوربین 13 مگاپیکسل و ضد آب و گرد و غبار بودن و 4x HD از جهت داشتن CPU قدرتمندتر پیروزه و به نظر بنده هر دو از ظاهر قابل قبول و خوبی برخوردارن.,1,3,train
8749,5-واز همه جالبتر دو سیم کارته بودن گوشی هست که هیچ گوشی دیگری با این قیمت و مشخصات نمیتونه باهاش رقابت کنه.,1,3,train
6856,شاید مصرفش خیلی پایینه!,1,3,train
12879,صدای اسپیکرش خوبه و خروجی هندزفریش عالیه فقط باید برایش یک هندزفری استریو تهیه کنید چون هندزفری های خودش جالب نیستن و یه مورد که تنظیمات اکولایزر فکر نکنم داشته باشه، من که پیدا نکردم.,1,3,train
2445,برای عکاسی هم دیگر نیازی نیست که نگران تنظیمات دوربین باشید، کافیست که آن را بر روی مود عکاسی Intelligent Auto یا اتوماتیک هوشمند قرار دهید، دوربین را به سوی سوژه نشانه بروید، دکمه‌ی شاتر را بفشارید تا سپس دوربین خود همه‌ی تنظیمات نوردهی و دیگر پارامترها را بر روی بهترین مقادیر تنظیم کند تا با کیفیت ترین عکس بدست آید.,1,3,train
8595,"این گوشی رو خریدم چون: 1- دو سیم کارته 2- اندرویده جلی 3- کیفیت خوب تاچ و رزولوشن صفحه 4- باطری خوب (در مقایسه با بقیه) 5- دوربین نسبتا خوب یک مشکل خیلی جدی: به طور کلی وسایل جانبی مثل کیف و سایر چیزها خیلی سخت پیدا میشه حتما اگه براتون مهمه مدنظر قرار بدید جای انگشت میمونه پشتش درسته, دوربینش خیلی خوب نیست، دکمه‌های زیرش تو تاریکی مشکل داره که بعد از یک مدت برات عادت میشه و اذیت کن نخواهد بود",1,3,train
6463,ظریف و دوس داشتنی.,1,3,train
5382,در کل، از نظر کیفیت ساخت عملکرد ال جی در مورد این گوشی رضایت‌بخش بوده است و از لحاظ طراحی نیز، به نظر ما طراحی Optimus VU زیبا و شکیل است، با این حال نظر در مورد زیبا بودن یا نبودن این گوشی را به شما می‌سپاریم.,1,3,train
8235,تاچش خیلی خوبه .,1,3,train
8658,واقعا سایت خوبی برای خرید است.,1,3,train
12698,این گوشی رو به راحتی می تون به آندروید 4 آپدیت کرد,1,3,train
3399,پس می‌توان این‌طور پیش بینی کرد که با استفاده معمولی از این گوشی، به راحتی می‌توانید با هر مرتبه شارژ کردن آن، بیش از یک روز از آن استفاده نمایید.,1,3,train
2709,نمیدونم چطوره که حرفه ای های عکاسی در سایت درباره این شاهکار فوجی چیزی نگفتند اما کافیه عکس های این دوربین رو در همه ایزوهای بالا با دوربینی مثل کنون 5 دی مقایسه کنید تا فقط از قدرت این دوربین متعجب بشید.,1,3,train
6520,راحت میشه گذاشتش تو جیب داخلی کت یا کاپشن و اینور و اونور بردش.,1,3,train
4797,رزولوشن چشمی دوربین بیشتر از مدل های قبلی است ارچه اندازه اش کوچکتر شده.,1,3,train
208,البته جدیدا آپدیت 4.0.4 این گوشی اومده که با آپدیت کردن گوشی کاملا این مشکل رفع میشود .,1,3,train
10035,وزن مدل 14 اینچی نزدیک به 1.8 کیلوگرم بوده و مدل های 15.6 اینچی وزنی معادل 2.1 کیلوگرم دارند که باعث شده تا Sleekbook ها به یکی از باریکترین و سبکترین نوت بوک های ساخته شده تا امروز تبدیل گردند.,1,3,train
9255,به صورتی که هر 9 نقطه از نوع Cross Type هستند و نقطه ی مرکزی نیز دقت بالاتری را اعمال می کند.,1,3,train
6761,فوق العاده است هم از لحاظ قیمت و هم از لحاظ کیفیت,1,3,train
8778,دور تا دور قاب را نیز یک لایه نقره ای رنگ تشکیل داده که به کاربر حس یک قاب فلزی را القا می‌نماید.,1,3,train
9838,در تست‌های انجام شده، عملکرد این تبلت از نظر سرعت اجرای مرورگر و باز کردن صفحات وب، کاملا مشابه سرفیس و در واقع جزو برترین‌ها قرار گرفت.,1,3,train
7105,صفحه نمایشاما می‌رسیم به مهم‌ترین بخش نقد و بررسی‌مان در مورد این گوشی، یعنی صفحه نمایش آن که باعث گردیده این گوشی را از دیگر گوشی‌ها متمایز نماید.,1,3,train
3994,ایزو و سنسور داخلی، تکنولوژی آی فای و بیسیم که بهش اضافه شده ارزش محصول رو بالاتر از مدل قبلی میکنه.,1,3,train
8901,من هم یه ماهه این دوربینو خریدم کار باهاش آسون و اگه بخوای عکس های بهتر بگیری کمی باهاش ور برید و دفترچشو بخونید عکس های جالبی می تونید بگیرید .,1,3,train
5254,از جمله امکانات پرکاربرد می‌توان به موارد ذیل اشاره نمود :قابلیت پشتیبانی 3G و درنتیجه استفاده از اینترنت همراه، مکالمه تلفنی، GPS و GPRS حافظه حافظه داخلی 512 کیلوبایت و رم 8 گیگابایت با قابلیت ارتقا تا 32 گیگابایت، فضای کاربردی بالایی را در اختیار کاربران تبلت GSP-X7 قرار می‌دهد.,1,3,train
6146,با سلام من این کنسول رو از دیجی کالا گرفتم فقط قبل از هر چیزی بگم فقط و فقط از دیجی کالا این کنسول رو بگیرید اطمینان داشته باشید بهترین انتخاب رو کردید.,1,3,train
13016,البته اگر با نرم‌افزارهای و امکانات JVC کار می‌کنید به مشکلی برنخواهید خورد.,1,3,train
8696,ولی اگه بخواین با sola مقایسه کنید به نظر من تو کل موارد این سرتر هست .,1,3,train
11849,یه بار هم از دستم افتاد و هیچیش نشد.,1,3,train
8715,قابل توجه افرادی که به قابلیتهای چندرسانه ای گوشی اهمیت میدهند: 1- کیفیت عکس دوربین عالی است.,1,3,train
4653,هر جا دستم دیدن گفتن خیلی قشنگه.,1,3,train
12192,این دوربین می تواند تا حد زیادی مناسب عکاسان نجومی هم باشد چرا که بستن یک دوربین کوچکتر و سبک تر به تلسکوپ می تواند مشکلات کمتری را در بالانس ایجاد کند و در کل ست آپ سبک و کوچکتری را برای شما به ارمغان آورد.,1,3,train
8679,این مشکلی نیست که قابل حل نباشه حالا اگه کلا سیم کارت رایتل رو جواب نمیداد یه چیزی ولی اینجوری نیست این گوشی رایتل رو جواب میده ولی به گفته خود سایت رایتل امکان مکالمه تصویری توسط نرم افزار رو داره,1,3,train
10227,کیفیت صفحه‌نمایشش هم بر خلاف عقیده واقعا خوبه.,1,3,train
6140,به نظر من کنسول خیلی خوبیه ولی کاش درایو بلوری داشت.,1,3,train
4181,) روان بدون هنگ نرم‌افزار دوربین حرفه‌ای!,1,3,train
8644,این گوشی از رایتل و مکالمه تصویری پشتیبانی میکنه، تو سایت رایتل اعلام کردن.,1,3,train
12926,امیدوارم نسخه تک سیمکارته این گوشی که شارژ بیشتری نگه میدارد ، آنهم در رنگ های متنوع مخصوصا سفید وارد کشور شود.,1,3,train
9253,در ضمن این را هم بگوییم که 650D نخستین دوربین DSLR کانن است که از Subject Tracking بهره می برد تا در صورت حرکت سوژه به طور خودکار فوکوس بر روی آن حفظ شود.,1,3,train
6929,در امکانات جانبی و حافظه رم هم که هیچی کم و کاستی نداره.,1,3,train
7907,اگر جزو کسانی هستید که به گوشی‌های با صفحه نمایش بزرگ مانند Samsung Galaxy Mega و یا Huawei Ascend Mate علاقه دارید، حتما نگاهی هم به Fonepad بیندازید.,1,3,train
2967,پردازنده تک هسته ای تقریبا خوب عمل می کنه ولی نه در حدی که همون کار رو پردازنده ای دو هسته ای اپل انجام می ده ولی برنامه هایی که باعث می شن پردازنده ای 4 هسته ایش راه بیفته دیگه جایی رو برای شک باقی نمی زاره که شما بهترین تبلت اندرویدی رو تو دستاتون دارین.,1,3,train
12319,زوم مناسب 9.,1,3,train
9309,به احتمال زیاد این افزایش کیفیت تصاویر به دلیل بهره گیری از پردازشگر DIGIC 5 بوده است.,1,3,train
2614,دوربینی هستش که قیمت پایین در مقابل امکانات خوبی رو داره و ارزش خرید رو داره.,1,3,train
2099,آیفون5 با صفحه ی رتینا با دقت 640*1136 16:9شاید آن چیزی نبوده که هواداران اپل انتظارش را می کشیدند؛آیفون جدید با بهره گیری از چیپ A6جدید اپل با دوبرابر سرعت بیشتر نسبت 4s با چیپست A5 800MHz عملکردی بهتر از S2سامسونگ 1.2MHzدارد، استفاده کرده است که می تواند رضایت شما را تا حد زیادی نسبت به این مورد جلب کند.,1,3,train
5418,فقط امیدواریم ال جی در مورد Optimus VU سنت شکنی نماید و نسخه 4.1 سیستم عامل اندروید را برای این گوشی دوست‌داشتنی ارائه کند.,1,3,train
4048,خیلی ها بهم گفتن از بین دوربین های کنون و سونی ، کنون رو انتخاب کنم اما امتیازاتی از جمله 1-سرعت فیلم برداری 2-لنز قوی کارل زایس آلمانی 3- ارگونومی و طراحی ، باعث شد که سونی رو به کنون ترجیح بدم ..,1,3,train
11631,"من سه ماهه که دارمش تاچش خیلی خوبه,دوربینش عالیه,بازی ها رو راحت اجرا می کنه (سنگین ترین بازی ها یی که روش اجرا کردم:GTA3,Modern combat 2,Asphalt6,Sport car challeng)من از همه نظر ازش راضیم بجز صفحه نمایشش که یه کمی کوچیکه ولی مطمعن باشید از خریدش پشیمون نمیشید.",1,3,train
6970,یه گوشی فوق العاده با امکانات عالی که در اختیار کاربر میزاره اونو از سایرین متمایز کرده.,1,3,train
11808,وووواقعا گوشی خوبیه.,1,3,train
7959,من خودم این کار رو نمی کنم فقط جهت اطلاع گفتم البته عکاسی با RAW و Time lapes و هزار تا قابلیت دیگه باعث هنگ کردن دوربین نمی شن و از نظر من جالب هم هستن.,1,3,train
6068,من حتی روی مقوا هم چاپ کردم.,1,3,train
5744,شما حتی می‌توانید تصویر محل خود را به صورت واقعی و ماهواره‌ای مشاهده کنید!,1,3,train
2220,سخت افزار در قلب این گوشی چیپ NVIDIA Tegra 3 AP37 قرار دارد که یک نسل از چیپ مدل One X جدید تر است و به کمک پردازنده چهار هسته ای 1.7 گیگا هرتزی و یک گیگابایت حافظه RAM، قدرت پردازشی بی نظیر گوشی را تضمین می‌کند.,1,3,train
10430,بدین ترتیب حتی در بزرگنمایی های بالا نیز می‌توانید از سرعت های شاتر پایین تر استفاده کنید.,1,3,train
3259,در مجموع می‌توانیم بگوییم که سامسونگ از صفحات نمایشی فراتر از انتظار ما از یک لپ‌تاپ ارزان قیمت، در ساخت سری 3 استفاده کرده است.,1,3,train
11375,در کل 600D را می‌توان همان 60D کوچک شده دانست چرا که بسیاری از ویژگی‌های آن از جمله نمایشگر چرخنده و ویژگی‌های کاربر دوستانه را به ارث برده است.,1,3,train
9001,این جا جایی است که می‌توانیم جلوه‌های تصویری جالب کانن را بیابیم.,1,3,train
2832,این یک دستگاه ضبط کننده است که قابلیت پخش ام پی تری هم داره,1,3,train
11242,سلام من این دوربین رو تازه خریدم ولی خیلی بررسی کردم توی این حدود قیمت عالیه,1,3,train
2721,این جنس پلاستیک، علاوه بر اینکه مقاومت نسبتا خوبی در برابر ضربه و خش پذیری دارد، به دلیل اصطکاک زیاد سطح آن، احساس امنیت خوبی را نیز بابت لیز خوردن از دست به کاربر می‌دهد.,1,3,train
10002,این کالا برای اونایی که می خوان همه وسایل دیجیتالیشون یه جا باشه بهترین گزینه است.,1,3,train
10928,با قیمت بالای کتاب ها راحت می تونید PDF کتاب های رشتتون رو گیر بیارید بریزیدش روی تبلت و استفاده کنید.,1,3,train
12007,بعد از خرید خاموش کنید و 6-5ساعتی بزنید شارژ تا خازناش پر بشه و بالا بیاد.,1,3,train
1251,به نظر من بی نظیره-فقط منتظرم بیاد همون روز اول میگیرمش,1,3,train
6003,HP LaserJet P1102 مدل جدید پرینتر تک رنگ لیزری این شرکت از سری سطح مبتدی است که توانایی ارایه‌ی کیفیت خیلی خوب به همراه سرعت بالا دارد.,1,3,train
6199,در ضمن، قاب پشتی گوشی به راحتی توسط کاربر قابل باز شدن است و قابل تعویض نیز می‌باشد.,1,3,train
11529,به علاوه این گوشی دارای 2 گیگابایت حافظه RAM است که به لطف آن می‌توانید به راحتی چندین برنامه را به طور همزمان اجرا کنید.,1,3,train
12306,بهترین خرید که میتونین داشته باشین.,1,3,train
4804,دقت زوم مناسب است و میتوان به نرمی زوم کرد.,1,3,train
12460,در جواب اقا مصطفی باید بگم که تقریبا همه کمپانی ها گوشی بی نقص درست نمی کنن بدلیل این که گوشی های دیگرشون هم به فروش برسه مثلا xperia T عالیه ولی باطریش قابل تعویض نیست ولی xperia v که مدل ضد آب همین گوشی هست باطریش قابل تعویضه ولی هر دوی این گوشی ها میزان شارژ دهی کمی دارند پس هدق از نساختن بهترین گوشی و بی نقص، نه تنها بد نیست بلکه موجب خوشنام شدن کمپانی ها میشود البته من از این گوشی بسیار خوشم اومده و همونطور که قبلا گفتم اینو میخرم,1,3,train
9800,مثل اینکه WX170 مقدار خیلی کمی حافظه ی داخلی دارد ولی WX100 فاقد آن است.,1,3,train
285,من این گوشی رو 1 ماهه دارم قرمزش رو و خیلی قشنگه 1.,1,3,train
3845,اگر نداشته باشید تلوزیون اصلا کاربرد نداره 2.این تلویزیون بسیار خوبی است ولی تو ایران زیاد کارآمد نیست زیرا بیشتر برنامه های کاربردیش مثل برنامه اصلی ورزش تلوزیون فیلتر است و نمی تونید از برنامه های کاربردی ان استفاده کنید (البته ایران خودش چند تا برنامه و بازی عالی در سامسونگ اپس گذاشته است) در پایان باید به مرورگر خود تلوزیون بپردازم که واقعا عالیه و من از اون راضی بودم ولی اگر کاربران بتوانند برای راحتی خودشون یک کیبرد و موس بی سیم هم بگیرند راحت‌تر می توانند از مرورگر استفاده کنند و کیفیت تلوزیون که برای شبکه های ایران کیفیت خوبی ندارد ولی برای فیلم های فول اچ دی عالیه  امیدوارم تونسته باشم راهنماییتون کرده باشم,1,3,train
4003,"تغییراتی که باعث خواهد شد تا از محصولی با عنوان دوربین ""دیجیتال"" نهایت بهره را ببرید و واقعا احساس کنید پدیده دیجیتال به کمکتان آمده است تا تصاویر بهتری ایجاد کنید.",1,3,train
8614,صداش هم متوسطه بد نیست.,1,3,train
10408,از جمله‌ی این شباهت‌ها می‌توان به بدنه‌ی بارز و نسبتا بزرگ، دستگیره‌ی بزرگ و راحت، پیش تنظیم مودهای عکاسی، فلاش Pgr-up، کفشک فلاش اکسترنال و در کل ظاهر جدی و حرفه‌ای اشاره کرد.,1,3,train
2585,فیلم برداری قابل قبولی هم داره.,1,3,train
6544,سخت افزار هواوی برای تبلت خود، سخت افزاری قدرتمند را در نظر گرفته است.,1,3,train
8139,htc در ارائه گوشی های میتنی بر اندرید 4 از رقبا داره میزنه جلو تا حالا شرکت دیگری اندرید 4 ارزان قیمت نداده,1,3,train
10151,همه تعریف هارو دوستان کردن، فقط میتونم بگم تو این رنج قیمت بهتر از این گیر نمیارین .,1,3,train
8959,از دیگر فن‌آوری‌های به کار رفته در SX230 می‌توان به i-Contrast (کیفیت جزئیات مناطق سایه در عکس را افزایش می‌دهد)، Smart Flash Exposure (میزان نور فلاش را بسته به شرایط تنظیم می‌کند تا زیاد یا کم نباشد)، فن‌آوری تشخیص چهره که می‌تواند تا 35 چهره‌ی انسان را در یک فریم تشخیص دهد و Face Self Timer که برای در عکس قرار گرفتن خود عکاس خیلی مناسب است اشاره کرد.,1,3,train
3301,همانند دوربین های DSLR، سنسور این دوربین فیلم برداری نیز از امکانات ضد گرد و غبار بهره می‌برد.,1,3,train
2342,به نظر من واقعا کار شرکت اپل متفاوت هست و بسیار کارامد!,1,3,train
8091,با اینکه cpu پایین هست ولی به اندازه یه cpu 1ghz کار انجام میده.,1,3,train
9914,با این حال به نظرمان می‌آید که 4s عملکرد بهتری نسبت به 4 دارد به خصوص که نشانگر آنتن ما در موقعیت‌هایی که iPhone 4 یک ستون کم دارد تا آخر پر است.,1,3,train
4032,در قسمت عکس برداری هم جلوه‌های مختلف و زیبایی وجود داره که با کمی سلیقه عکس های خیلی زیبایی میشه گرفت .,1,3,train
2704,از نظر کیفیت ساخت، همانند دیگر دوربین های سری X فوجی فیلم، این دوربین هم به طرز خیلی عجیبی متسحکم و خوش ساخت است.,1,3,train
4310,در واقعیت نیز این ادعا تا حد زیادی صحت دارد.,1,3,train
12389,عکس‌ها در ایزو 100 و 200 بدون نویز هستند و فقط مقداری نویز و کاسته شدن از غلظت رنگ‌ها در ایزو 400 مشاهده می‌شود.,1,3,train
3212,دوستان من تقریبا بیستو پنج روزه این تب رو دارم قبلش دو مدل رو داشتم هم پی 1000 هم پی6200 پلاس میخواستم یکباره برم سراغ تب پی6800 که به نظرم بهترین و خوش دست ترین تبلته دنیاس ولی یه ضعف کوچیک که به نظرم مهمه دلمو زد اندروید 4 ولی در کل میگم محشره.,1,3,train
10846,واقعا تبلت خوبی واسه اسمس دادن یا زنگ زدن و وبگردی خیلی حال میده اما رزولوشنش پایین است قیمتش یکم بالا است,1,3,train
12015,که در حدود دوبرابر قیمت آن می باشند بالاتر است.,1,3,train
5289,در این حالت، چهار هسته دیگر غیر فعال می‌شوند و این کار باعث افزایش شارژ دهی باتری می‌شود.,1,3,train
12261,ولی بازم کیفیت فیلمش عالیه.,1,3,train
6579,ضمن اینکه برای این تبلت امکان تهیه داک کیبورد به صورت جداگانه نیز وجود دارد که این نیز یک مزیت دیگر این دستگاه به شمار می‌آید.,1,3,train
7143,باتریButterfly دارای یک باتری لیتیوم-پلیمری 2020 میلی آمپر-ساعتی می‌باشد.,1,3,train
12564,در عوض iMovie چیز کاملا جدیدی می‌باشد.,1,3,train
1629,با این حال باید بگوییم که این گوشی شکیل‌تر نیز شده است.,1,3,train
5292,حافظه RAM این دستگاه نیز یک گیگابایت است که برای اجرای روان چند برنامه به طور همزمان، بسیار مناسب است و البته چیپ گرافیکی به کار رفته در آن نیز از نوع NVIDIA GeForce است.,1,3,train
12587,البته اگه در حالت عکاسی اتوماتیک نباشه و تنظیم دستی بشه واسه عکاسی در شب و روز قابل قبوله.,1,3,train
10482,باز هم از دیجی کالا بخاطر مشاوره و ارایه مناسبش متشکرم,1,3,train
8690,در کل عالیه بخرید که ازدستتون نره,1,3,train
11886,این در حالی است که صفحه نمایش این گوشی مجهز به فن‌آوری Bravia می‌باشد که کیفیت بالای تصویر را نیز تضمین می‌کند.,1,3,train
10484,سلام این گوشی بهترین چیزش اینه که از اندروید 4 پشتیبانی میکنه و نیاز به آپدیت نداره صفحه نمایش این گوشی از نوع tft اما با موتور bravia این صفحه نمایش کیفیت نسبتا خوبی داره.,1,3,train
647,بخوام تو یه جمله بگم به هیچی نه نمیگه .,1,3,train
3135,این تبلت امکانات فراوانی دارد که مطمئنا خریداران خود را نا امید نخواهد کرد.,1,3,train
9387,تقریبا همه چیزش خوبه ..,1,3,train
1594,موزیک پلیر و ویدئو پلیر این دستگاه نیز پلیر استاندارد سامسونگ است که کیفیت متوسطی را داراست و عملکرد قابل قبولی دارد.,1,3,train
3792,البته همواره حلقه ی دور لنز را بیشتر دوست داریم.,1,3,train
12111,JVC GZ-MG335، مجهز به تنظیمات از پیش تعیین شده ای مثل تنظیم سفیدی در حالت های مختلف، حالت های تصویربرداری از پیش تنظیم شده، مثل ساحل، نور شمع، طلوع و غروب آفتاب، آتش بازی، منظره، ورزش و .,1,3,train
4002,اگرچه به نظر از نظر سخت افزاری و مشخصات فنی تغییرات خاص و محسوسی در این مدل نسبت به مدل قبلی یعنی HX100V اعمال نشده است، اما به نظر می رساند تغییرات نرم‌افزاری مطلوبی به آن افزوده شده باشد.,1,3,train
5787,من سری G دارم که نسبت به نسخه معمولی گرافیک قوی‌تری هم داره و هر بازی بخواین بدون مشکل میاره.,1,3,train
997,در کل باید گفت که P7700 جهش خیلی خوبی نسبت به P7100 بوده است.,1,3,train
5301,مرورگر قرار گرفته بر روی این تبلت به صورت پیش فرض Google Chrome است که مخصوص اندروید 4.1 طراحی گردیده است و دارای مزایای بسیاری است.,1,3,train
12429,تو این رنج قیمت هیچ گوشی با این قابلیت ها وجود نداره.,1,3,train
1569,لازم به ذکر است که Note 8 در دو ظرفیت 16 و 32 گیگابایتی تولید گردیده که البته آن‌ها نیز قابلیت پشتیبانی از کارت حافظه microSD را دارند، بنابراین هیچ نگرانی بابت حافظه جهت ذخیره اطلاعات نخواهید داشت.,1,3,train
9242,سنسور تصویری هیبریدی، بدین معنی که در آن پیکسل هایی وجود دارد که به فن آوری فوکوس خودکار Phase Detection اختصاص یافته اند.,1,3,train
11856,من که مشکلی ندارم.,1,3,train
10279,به نظر من برای کسانی که دنبال یک گوشی با امکانات کافی و قیمت مناسب هستند بهترین انتخاب است در سرعت پردازنده سری galaxy سامسونگ اصلا در حد این گوشی نیستند برای خریدش شک نکنید.,1,3,train
9674,با این حال که خیلی هم فرق نکرده(البته از لحاظ ظاهری) ولی بازم ارزش خرید داره!,1,3,train
10555,به طور کلی دوربین این گوشی عملکردی متوسط و پاسخ دهی سریعی دارد و عکس‌های گرفته شده توسط آن دارای کیفیت متوسطی هستند، میزان جزئیات و غلظت رنگ‌ها نیز در حد قابل قبولی قرار دارند.,1,3,train
8777,لازم به ذکر است که قاب پشتی دارای یک بافت ریز نیز می‌باشد که با وجود این بافت، نگهداری گوشی در دست بسیار راحت‌تر و امن‌تر صورت می‌پذیرد.,1,3,train
12426,4G داره که tx نداره.,1,3,train
7311,در پایین ترین حساسیت، یعنی حساسیت 100 اثری از نویز دیده نمی شود.,1,3,train
9782,البته این دوربین رو از این سایت تهیه کردم به توصیه یکی از دوستانم، از کارشون واقعا راضی بودم و ممنونم.,1,3,train
8743,در کل همه گوشی های ال جی نسبت به قیمتشون کارایی بالاتری دارند و مشتری رو از خریدش پشیمون نمیکنه .,1,3,train
1235,در نهایت، همان‌طور که در توضیحات داک گفتیم، دوربین 1.3 مگاپیکسلی موجود بر روی داک به کاربر در ایجاد مکالمات تصویری کمک می‌نماید.,1,3,train
11379,عکس‌های RAW نویز رنگی کمتری نسبت به عکس‌های JPEG دارند.,1,3,train
11101,به هر حال باید پذیرفت که صفحه نمایش Galaxy Note 10.1 در مقابل iPad 3 و یا Asus TF700 با رزولوشن های بالای آنها، ضعف دارد، اما در کل عملکرد آن کاملا قابل قبول و مناسب است.,1,3,train
6152,واقعا لذت بخشه بازی کردی وقتی عملی بازی کنی..,1,3,train
6675,زوم 30 برابر و فوکوس سریع حتی در زوم 30x.,1,3,train
1336,مطمئن باشید از خرید این ipod پشیمون نمیشید,1,3,train
10952,کیفیت صفحشم خوبه.,1,3,train
10185,و قیافشه که خوشم میاد مخصوصا سفید چون از مشکی تکراری خوشم نمیاد.,1,3,train
1343,من چند روزه خریدمش قبلا پلیر سونی داشتم اون کیفیتش خوب بود اما این کیفیت صداش محشره کسایی که به جزئیات آهنگ اهمیت میدن من این پلیرو پیشنهاد میکنم فقط تنها عیبی که میشه گرفت ازش اینه که صفحه نمایش نداره که فکر میکنم عادت میکنید به کار باهاش البته یه دکمه داره که با فشار اون دونه دونه پوشه ها رو اسم میبره میتونید پوشه مورد علاقتونو این جوری انتخاب کنید.,1,3,train
11622,چون توی سری جدید این مشکل رفع شده.,1,3,train
148,فقط در قسمت عکاسی پاناروما زنده کیفیت خیلی پایینی داره ولی در کل من از عکاسی باهاش مخصوصا در شب لذت میبرم,1,3,train
1354,عدم حضور این دو، نه تنها باعث باریک‌تر شدن لپ‌تاپ شده است، بلکه به اپل کمک کرده که باتری بزرگ‌تر و قوی‌تری را در دستگاه جای دهد.,1,3,train
8445,اگه 3d میخواین تو خریدش شک نکنین .,1,3,train
11967,ولی قابل تحمل .,1,3,train
10542,همچنین چندین ویجت کاربردی برای استفاده کاربران به صورت پیش فرض بر روی گوشی قرار داده شده است.,1,3,train
688,اسپیکراش صدای مطلوبی دارن چون SRS دارن.,1,3,train
7941,ایزو نیز تا 3200 بالا می‌رود تا برای عکاسی در شرایط نوری ضعیف تر مناسب شود.,1,3,train
12944,جهت کار با 2 سیم کارت، توضیحات زیر بیشتر شما را با عملکرد خوب این گوشی آشنا می‌سازد.,1,3,train
5305,گوگل قصد دارد خواندن کتاب‌ها و مجلات الکترونیکی را به یکی از کاربرد های مهم تبلت خود تبدیل کند به همین دلیل تعدادی از کتاب‌ها و مجلات مطرح و پرطرفدار را در فروشگاه خود عرضه کرده است و به طور کلی می‌توان گفت که خواندن کتاب‌های الکترونیکی بر روی صفحه نمایش هفت اینچی Nexus 7 تجربه خوبی خواهد بود.,1,3,train
11017,البته از قیمت که صرف نظر کنیم تبلت بسیار مناسب و توانمندی هست,1,3,train
6478,ممنون digikala,1,3,train
7454,مناسب برای فیلم برداری معمولی,1,3,train
8605,فیلم های اچ دی هم براحتی پخش میکنه.,1,3,train
788,با این میزان حافظه می‌توان تعداد مناسبی فایل نظیر عکس، موسیقی و ویدیو را بر روی این گوشی ذخیره کرد.,1,3,train
4626,همه ی برنامه ها رو هم به راحتی اجرا میکنه .,1,3,train
11813,مشکل بک خوردن گوشی به هنگام داغ شدن با آپدیت کردن گوشی برطرف شد,1,3,train
6239,پس اگر به دنبال داشتن یک گوشی دو سیم کارته بزرگ هستید بدون شک Galaxy Grand Duos انتخاب شماست، نهایتا مدل تک سیم کارته آن هم برای طرفداران گوشی‌های بزرگ ولی با قیمت ارزان تر تولید شده است.,1,3,train
6983,نمیدونم htc کی میخواد روی گوشیهاش باتری قوی بذاره,1,3,train
5947,همچنین کمینه‌ی سرعت شاتر آن نیز تا 30 ثانیه می‌باشد که دلیلی بر توانایی‌های این دوربین برای عکاسی در شب است.,1,3,train
10146,به اندروید 4 اپ گرید کنید عالی میشه,1,3,train
5182,اگر به دنبال لذت بردن از بازی ها به خصوص بازی های اکشن هستید xbox 360 انتخاب مناسبی است هر چند شایعاتی در مورد سه چراغ قرمز وجود دارد اما با آمدن مادربرد فالکان و جاسپر این مشکل حل شده است به هر حال قیمت مناسب بازی یکی از عواملی است که در ایران به ps3 ترجیح داده می شود .,1,3,train
11215,با این حال یک ویژگی که می تواند خیلی کاربردی تر باشد، قابلیت کنترل کامل دوربین از طریق گوشی هوشمند یا تبلت و با استفاده از نرم افزار EOS Remote App است.,1,3,train
3915,بزرگترین مزیت دوربین‌های سوپرزوم این چنینی، قابلیت‌های فراوانی است که به شما در عکاسی از چشم اندازهای گسترده تا مناظر بسیار دوردست می‌دهند.,1,3,train
227,LCD4.56 و بدنه یک پارچه فلزی مشکل لقیه درب پشت SONY S را حل و زیبایی دو چندانی رو به ION هدیه داد کیفیت LCD نسبت به SONY S میشه گفت گرم تر هست.,1,3,train
5205,به کمک این کارت گرافیکی، نوت‌بوک شما به راحتی می‌تواند نوت‌بوکی مناسب برای انجام بازی‌ها‌ی رایانه‌ای و اجرای برنامه‌ها‌ی سنگین گرافیکی باشد.,1,3,train
5020,به طور کلی، سه هسته موجود در این پردازنده به صورت موازی و در فرکانس ۲/۳ گیگاهرتز فعالیت می‌کنند که این عامل باعث افزایش کارآیی این واحد پردازشی در محاسبات پیچیده می‌شود.,1,3,train
3879,همان لنز 27-810 میلی متری با توانایی زوم 30 برابر و f/2.8-5.6 که لنزی کاملا سریع و خوب برای عکاسی در شرایط ضعیف‌تر نوری است.,1,3,train
7604,لازم به ذکر است که همانند مدل Galaxy S III قاب پشتی این گوشی نیز قابل باز شدن است و باتری توسط کاربر قابل تعویض می‌باشد.,1,3,train
1848,از نظر طراحی و صفحه نمایش هم معرکه هست.,1,3,train
3662,اما با همه این اوصاف، بجز وجود برنامه های محدود برای نسخه RT از سیستم عامل ویندوز، نمی‌توان ایراد عمده دیگری به این دستگاه وارد نمود و پیش بینی ما این است که تبلت Surface Pro با وجود پشتیبانی ویندوز 8 پرو از تمامی برنامه های ویندوز های پیشین، توفیق زیادی را عاید مایکروسافت نماید.,1,3,train
12431,این گوشی ضد ابه,1,3,train
8754,به نظره من که خوبه مخصوصا نسبت به قیمتش عالی,1,3,train
1396,این حافظه‌ها از سرعت بینهایت بالایی برخوردارند و به هیچ عنوان قابل مقایسه با هاردهای استاندارد قبلی نیستند.,1,3,train
4470,تقریبا هیچ‌گاه هنگام کار کردن با گوشی، کاهش سرعت یا به اصطلاح Lag مشاهده نکردیم.,1,3,train
12875,بزرگی دکمه هاش و فاصله مناسبش باعث لذت بخش بودن تایپ پیامک میشه.,1,3,train
6404,اولین قابلیت مهم این نرم‌افزار، شناسایی و پیشگیری از نفوذ ویروس‌های بسیار جدید و ثبت نشده، از طریق هوش مصنوعی یا سیستم حفاظت پیشگیرانه می‌باشد.,1,3,train
4427,از نظر فنی میزان مقاومت تلویزیون پلاسما چندین برابر ال سی دی و ال ای دی ها است.,1,3,train
10205,من در حدود دو ساله که پیگیر مدل های مختلف گوشی هستم ولی گوشی تو این رنج قیمت رو دست این ندیدم.,1,3,train
10680,صفحه نمایش گوشی خیلی عالی و رنگها رو کاملا زنده و طبیعی نشون میده تنها عیبی که داره زاویه دید پایین هست که اونم البته باید 160 تا 170 درجه گوشی رو بچرخونید که تاثیر گذار باشه و البته برای من که هیچوقت به صفحه گوشی از کنار نگاه نمیکنم و این مورد تو زندگیم حتی یک بارم به کار نیومده زاویه دید پایین هیچ فرقی نمیکنه.,1,3,train
4298,این چیپ از پردازنده ARM Cortex-A9 استفاده کرده و به راحتی جوابگوی تمامی برنامه‌ها و بازی‌های سیستم عامل iOS می‌باشد.,1,3,train
9366,گوشی خوشدستیه.,1,3,train
1206,این قلم علاوه بر کارایی اصلی خود در حین کار با تبلت، یک کارایی شگفت انگیز دیگر نیز دارد.,1,3,train
1564,تمامی این قابلیت‌ها در کنار طراحی مناسب و البته کاربرد های فراوان آن، قلم Note 8 را به بزرگ‌ترین مزیت آن تبدیل نموده است که این محصول را در بازار نسبت به دیگر 7 یا 8 اینچی‌ها متمایز می‌کند.,1,3,train
8617,با توجه به هم قیمت بودن با گلکسی اس دووس (دوسیم کارت) نسبت به اون امکانات بالاتری داره و به صرفه تره,1,3,train
308,و در کل حس مثبت و خوبی بهش دارم .,1,3,train
8475,من که ازش راضیم ، خدا ازش راضی باشه .,1,3,train
2550,فیلمش قابله قبوله.,1,3,train
7275,دیگر تفاوتی که M41 با دو مدل دیگر دارد در این است که این دوربین از طریق جک مخصوص امکان پذیرایی از میکروفون اکسترنال را دارد.,1,3,train
4476,همانند اکثر گوشی‌های خانواده Xperia، بلندگوی Xperia ray کیفیت بسیار خوبی دارد و از نقاط قوت اصلی آن محسوب می‌شود.,1,3,train
5232,این لپ تاپ بر طرف میکنه.,1,3,train
7094,برای اثبات حرفمان، وزن گوشی‌هایی مانند Note II و یا لومیا 920 را با حدود 180 گرم یاد آوری می‌نماییم.,1,3,train
5907,ولی سری G که گرفتم اصلا تا حالا داغ نکرده..,1,3,train
10080,حتی هنگامی که بار محسباتی سنگینی بر روی سیستم قرار گرفته و دستگاه تحت استرس می باشد، دمای بدنه زیاد گرم نشده و سیستم خنک کننده، صدای آزار دهنده ای ایجاد نمی کند.,1,3,train
292,از لحاظ زیبایی گوشی شیک و مردونه ایه و کلاس خاصی داره و البته یه کم سنگین 9.لازم به ذکر هست که موقعی که من خریدم روش آندروید 4.0.4 نصب بود.,1,3,train
3229,صفحه نمایش با کیفیت با پنل IPS و رزولوشن HD7.,1,3,train
10742,هم زیباست و هم تمامی امکانات رو با هم داره,1,3,train
6952,چقدر خوبه که میکرو اس دی هم میخوره.,1,3,train
12987,بنابراین هر ایمیلی که به این پرینتر ارسال کنید و فایلی الحاق شده با یکی از فرمت های قابل پشتیبانی را داشته باشد، فورا توسط این پرینتر چاپ می گردد.,1,3,train
10689,T تا 4 انگشت سرعت انتقال داده در TX هنگام استفاده از EDGE - GPRS و 3G کمی سریعتر از T هست که البته به اپراتور هم بستگی داره!,1,3,train
7314,اگه تو همین قیمت ها بخوای و از برند سامسونگ خوشت بیاد بهتره Samsung NP300E5X-A08-B بگیری نسبت به Samsung NP300E5X-A0A بهتره,1,3,train
6981,مخصوصا تراکم پیکسلی بسیار بالایی که داره.,1,3,train
8587,زیرا تمام قطعات بکار برده در اکثر موبایل ها محصول یک شرکت می باشد و فقط قدرت ان ها کم و زیاد است .,1,3,train
12082,بدنه‌ی این دستگاه طوری طراحی شده که بتواند جدیدترین تکنولوژی روز را در خود جای دهد.,1,3,train
3756,دوربین این گوشی مجهز به تشخیص چهره است و فوکوس ثابت داره سیستم عاملش هم به گفته نوکیا تا سال 2012 به سیستم عامل بل آپدیت میشه .,1,3,train
12421,۳ اینچی بازار به حساب میاد مشکل مرگ ناگهانی با ارایه آپدیت به کلی حل شد اما باتری این گوشی در شرایط کاری شدید تنها ۱ روز دوام داره که یک نقطه ضعف هست راستی به خاطر ضد آب بودن با آرامش زیر بارون از گوشی استفاده کنید و لذت ببرید یک ویژگی بسیار خوب دیگری هم که داره بسیار سبک بودنشه که خیلی احساس خوبی موقع کار منتقل میکنه وقتی کار کردین باهاش متوجه تمام حرف هام میشید، موفق باشید,1,3,train
1984,اپل هر سال یک گوشی و تبلت میده بازار ولی هر سال بهتر از سال دیگه,1,3,train
5540,با فشار دادن کلید پاور اولین ویبره گوشی دست رو میلرزونه و مارک LG در بین صفحه نمایش 5 اینچی این فبلت زیبا ظاهر میشه و در عرض حدود 20 ثانیه اولین Startup گوشی تموم میشه و صفحه تنظیمات سیستم عامل اندروید ظاهر میشه.,1,3,train
10216,گوشی خوبیه از همه نظر در سطح بالایه اما تنها مشکلش قطر زیادشه اما به نظر من اگه در همین رنج قیمت پول دارین بخرینش چون گرون تر میشه,1,3,train
885,حقیقتا زمانی که آن دوربین معرفی شد توانایی زوم 42 برابر مقدار بسیار زیادی بود به طوری که آن را بالاتر از هر دوربین هم رده ی دیگری قرار می داد.,1,3,train
9351,فکر کنم برای کسایی که نمیخوان کارای سنگین انجام بدن مثلا اجرای سنگین ترین بازی های اچ دی گوشی مناسبی باشه.,1,3,train
2152,همچنین به مراتب شارژ باطری آیفون از دیگر گوشی های خوب بازار بهتر است.,1,3,train
13059,با توجه به ساخت باریک و بدنه ی یک دست؛ به راحتی در جیب شما سر می خورد.,1,3,train
2718,این زیبایی زمانی بیشتر به چشم می‌آید که تبلت را روشن می‌نمایید و هماهنگی بین قالب قرمز رنگ منتخب فوجیتسو با بدنه دستگاه را مشاهده می‌نمایید.,1,3,train
9859,از نظر دوربین امکان داره ضعیف باشه ولی بستگی داره چه نوع کارهایی که میخوای با یه گوشی انجام بدی من منتظر میمونم تا بیاد,1,3,train
5011,نوع بی‌سیم این دسته بازی نیز، فاصله‌ی ۹ متر را با باتری AAاز نوع NimH پشتیبانی می‌کند که این فاصله برای یک دسته بازی بی‌سیم فاصله‌ی مناسبی است.,1,3,train
9382,کلی هم برنامه دارم.,1,3,train
7088,در کل می‌توان این گوشی را با وجود ابعاد بزرگ آن یعنی 70×143 میلی متر، گوشی خوش دستی نامید.,1,3,train
7175,ولی با این حال اگه بخوام موبایل بگیرم حتما پدفون 2 میگیرم,1,3,train
6767,سرعت خوب.,1,3,train
5809,دوربین خوب .,1,3,train
7356,میانگین میزان روشنایی این نمایشگر در سطح رضایت بخشی می‌باشد که بیشینه‌ی آن نیز در قسمت مرکزی پنل است.,1,3,train
6425,اگر بخوام این هارد رو با محصولات و برندهای دیگه مقایسه کنم بدون شک این محصول رو در رده اول قرار میدم.,1,3,train
2839,ال‌جی با طراحی بافت دار قاب پشتی این گوشی، علاوه بر زیبایی آن، باعث افزایش اصطکاک سطح گوشی با دست و در نتیجه کاهش احتملا لیز خوردن گوشی از دست شده است.,1,3,train
8309,وقتی میخریش، به عظمتش پی میبری.,1,3,train
10342,این برنامه علاوه بر اینکه یک برنامه قدرتمند برای پخش موسیقی با رابطی ساده است، یک سری قابلیت‌های جالب مانند جستجو کردن سایت Wikipedia برای پیدا کردن مشخصات خواننده یا جستجو کردن سایت گوگل برای پیدا کردن متن موسیقی نیز دارد.,1,3,train
12612,سلام به همگی از مرداد که من این گوشی رو خریدم ، تا حالا مشکلی باهاش نداشتم.,1,3,train
9261,همان پردازشگر جدیدی که بر روی دوربین های سال 2012 این شرکت مثل S100 و G1 X به کار رفته.,1,3,train
6829,به نظرم خوبه,1,3,train
958,همچنین پرتابل بودن این دستگاه و عدم نیاز به کامپیوتر برای تهیه اسکن یک امکان ویژه ی دیگر را در اختیار شما قرار می دهد و آن تهیه اسکن از سطوح مختلف از جمله اعلامیه های روی دیوار که اسکنرهای معمولی چنین امکانی را ندارند.,1,3,train
7059,حتی galaxy sIV هم به این گوشی نمیرسه one x هم بخاطر اندروید با سنس که موجب سنگین شدن سیستم عامل میشد از s3 کم اورد ولی الان تو اپدیت 4.1 تو بنچمارک حرف اول میزنه دیگه چه برسه به htc Butterfly تا به امروز گوشیهای قدرتمند جهان رو باهاشون کار کردم مثل one x .,1,3,train
7129,در ضمن، یک میانبر به قسمت تنظیمات و قسمت ذخیره انرژی نیز وجود دارد.,1,3,train
5423,البته این دوربین امکانات متنوع و خوبی را در اختیار کاربر قرار می‌دهد.,1,3,train
4410,البته با ویدئوهای 720p هیچ مشکلی ندارد.,1,3,train
375,هرچند که ابعاد آن کمی بزرگ‌تر از Ixus 510 HS است ولی وزنی کمتر دارد.,1,3,train
10819,در کل در مقایسه با قیمتش خیلی عالیه و امکانات خوبی داره.,1,3,train
6945,گوشیه فوق العاده ایه هم از لحاظ ظاهر و هم از نظر قطعات و رقیب تازه ای به نام XPERIA Z هم پیدا شده براش ولی برند HTC یه چیز دیگست,1,3,train
4739,وقتی این گوشی را به هدفون متصل می کنیم ، صدای ها و نویز های اضافی صدا کمی افزایش پیدا می کند اما باز هم در مجموع می توان نمره ای بالاتر از حد میانگین به آن اختصاص دارد .,1,3,train
5656,این میزان تراکم پیکسلی بر روی تبلت های 10.1 اینچی مقدار استانداردی است و برای انجام کارهای مختلف، بسیار مناسب است.,1,3,train
7791,اما با اینکه این صفحه نمایش در مقابل رقبا کنتراست رنگ کمتری دارد اما کماکان دید در زوایای مختلف آن از رقبای خود بهتر است و برای کار کردن با آن در زیر نور مستقیم آفتاب هیچ مشکلی نخواهید داشت.,1,3,train
10056,به استثنای چهار کلید جهات، بقیه کلیدها بزرگ و مناسب طراحی گشته اند و به همین دلیل، خطاهای تایپی کم است.,1,3,train
3835,فایل‌ها و برنامه‌های خود را به اشتراک گذاشته، ذخیره ساخته و از آن‌ها لذت ببرید – راحت‌تر از همیشه به یمن وجود قابلیت‌های ارتباطی هوشمند می‌توانید تجربه مشاهده لذت‌بخش‌تر و هوشمندانه‌تری داشته باشید.,1,3,train
5989,در کل در خرید این دوربین شک نکنید.,1,3,train
2987,اما خیلی راحت اگه گوشی موبایلتون hotspote داشته باشه، مثل آب خوردن می تونین gprs و edge رو روی تبلت تون داشته باشین.,1,3,train
2800,در مود Program اختیار بیشتری برای انجام تنظیمات نور دهی خواهید داشت.,1,3,train
3836,با AllShare Play می‌توانید فیلم، عکس و موسیقی و سایر فایل‌های چندرسانه‌ای را مستقیما در تلویزیون خود پخش کرده و از آنها روی صفحه نمایش بزرگ لذت ببرید.,1,3,train
10797,طبق معمول دوربین های سونی، علاوه بر کارت های حافظه ی SD از کارت های حافظه ی Memory Stick Duo نیز پشتیبانی می شود.,1,3,train
3454,متاسفانه این دستگاه امکان چاپ بر روی CD را ندارد که اگر این ویژگی را نیز داشت می‌توان گفت دیگر چیزی کم نداشت ولی با این حال باز هم یکی چاپگر بسیار مناسب از لحاظ کارکرد و همچنین قیمت است.,1,3,train
3650,مرورگری اینترنت در مرورگر استاندارد ویندوز یعنی Internet Explorer با وجود پشتیبانی آن از Wi-Fi با سرعتی مبهوت کننده صورت می‌پذیرد.,1,3,train
8289,از رقبای اصلی این دوربین می‌توان به Fujifilm Finepix F600 EXR، Nikon Coolpix S8200، Olympus VR320، Panasonic Lumix DMC-TZ20، Samsung WB750 و Sony Cybershot DSC-HX9V اشاره کرد.,1,3,train
10807,تعامل هوشمندانه با کنترل صدا و حرکتفن‌آوری جدید و پیشرفته تعامل هوشمند به شما اجازه می‌دهد تا بدون نیاز به فشار دادن دکمه با تلویزیون خود کار کنید.,1,3,train
2554,بعد از تنظیمات چند تا عکس گرفتم و ریختم رو PC عکسا از کیفیت قابل قبولی داره .,1,3,train
13067,ولی تراکم پیکسل های نمایشگر iPod کمی بیشتر است.,1,3,train
7665,در ضمن این دوربین ضدنفوذ ذرات ریز مثل گرد و خاک هم می‌باشد.,1,3,train
2748,در کل، از حرکت در بین منوها و دیدن روان بودن آن بسیار لذت خواهید برد و می‌توان گفت که با این تبلت، قادر خواهید بود از اکثر برنامه های موجود برای سیستم عامل اندروید استفاده نمایید.,1,3,train
6995,بنظر من مشکلاتی مانند باتری در این محصول دیده میشه و اینکه بهتر است منتظر s4 یا مدل جدید تر اچ تی سی باشیم.,1,3,train
9397,من حدود 2ماهه که از دیجی کالا خریدم خیلی خوبه بلندگوش عالیه وقتی هندزفری رو بزاری تو گوشت حتی اگه صداش هم کم باشه هیچ صدایی رو از بیرون نمی شنوی فقط دوربینش زوم نداره که اونو هم با برنامه camerazoom میشه حل کرد,1,3,train
11098,شفافیت رنگ‌ها بسیار مناسب و رنگ مشکی بسیار عمیق و خوب نمایش داده می‌شود.,1,3,train
527,"همچنین این دستگاه توانمندی اسکن با رزولوشن اپتیکال 4,800X2,400dpi و رزولوشن دیجیتال 19,200X19,200dpi را دارد.",1,3,train
7842,در ضمن این تبلت از نسخه 4.1 سیستم عامل اندروید بهره می‌برد.,1,3,train
9033,این لنز خیلی واید است و توانایی زوم آن نیز کاملا در حد یک دوربین کامپکت سطح متوسط است.,1,3,train
5860,به تازگی اندروید 4.0.4 که برای خود ایران هم منتشر شده رو روش نصب کردم که ماندگاری شارژ باتری افزایش چشمگیری پیدا کرده و سرعت گوشی هم به نسبت اندروید 2.3.6 نیز بهتر شده.,1,3,train
9306,این موضوع را می توان هم از نظر میزان کمتر نویز و هم گستره ی بیشتر دینامیکی مد نظر قرار داد.,1,3,train
5128,در این نقد و بررسی می خواهیم با هم نگاهی تخصصی تر و البته واقع بینانه تر به xbox 360 بیاندازیم و با بررسی معایب و مزایایی که در xbox 360 نهفته است گامی استوار تر برای خرید آن برداریم یا اگر صاحب یک xbox 360 هستیم به xbox خود افتخار کنیم.,1,3,train
3926,تو این 2 هفته که داشتم ازش راضی هستم.,1,3,train
4170,بی‌نظیر و عالی باورم نشده یه گوشی میتونه با این قیمت این کیفیت رو داشته باشه فقط لوازم جانبیش گیر نمیاد مثل قاب از هر نظر عالی,1,3,train
8944,که همه‌ی این مودها بسیار جالب هستند.,1,3,train
2980,ولی فعلا تا این لحظه که خیلی ازش راضیم مخصوصا از صفحه نمایشش.,1,3,train
4179,من این گوشی رو تازه سفارش دادم با این مشخصات موجود درسایت و نظرات دوستان مطمئنم گوشی خوبی باشه به محض دریافت نکته و نظرات خودمو برای دوستان میذارم ولی مطمئنم میشه به دیجی کالا اعتماد کرد.,1,3,train
2841,ابعاد مناسب True HD یعنی 68×133 میلی متر به همراه وزن 135 گرمی آن، راحتی خاصی را به کاربر در حین کار کردن با آن می‌دهد.,1,3,train
12725,صدای خوبی هم داره,1,3,train
6960,جزو معدود گوشی های با رم2 گیگ که اجرای عالی فرامین رو تضمین میکنه.,1,3,train
10339,به این ترتیب دیگر نیازی به پر کردن صفحات با آیکون‌ها نداشته و می‌توانید از ویجت‌های مختلف لذت ببرید.,1,3,train
5670,بر خلاف مدل 10.1 اینچی پیشین که قابلیت پخش ویدئوهای Full HD 1080p را نداشت، GALAXY Tab 2 10.1 به لطف پردازنده قوی‌تر می‌تواند این ویدئوها را به راحتی و بدون هیچ‌گونه کاهش سرعتی پخش کند.,1,3,train
3255,• صفحه نمایش و بلندگوها صفحات نمایشی که بر روی این لپ‌تاپ‌ها قرار دارد، واقعا خوب است.,1,3,train
2210,با اینکه One X Plus از صفحه نمایش غول آسای 4.7 اینچی استفاده می‌برد، تنها 135 گرم وزن دارد.,1,3,train
7124,به لطف وجود پروژه کره بر روی نسخه 4.1 اندروید، حرکت در بین منوها واقعا نرم و روان صورت می‌پذیرد، طوری که می‌توانید علت نام گذاری پروژه کره را لمس نمایید.,1,3,train
543,با کلید کپی اگر پرینتر وصل باشه راحت و بدون هیچ عملکرد اضافی کپی شیک و تمیز میگیره.,1,3,train
3404,از دیگر قابلیتهای این گوشی سازگاری کامل اکانت شما با این گوشی است یعنی شما از طریق سایت می توانید مکان گوشی را پیدا کنید، در صورت مفقود شدن برای آن پیغام و زنگ بفرستید و از همه مهمتر در صورت دزدیده شدن می توانید با ارسال پیام برای سارق، او را به برگرداندن گوشی مجبور کنید و در صورت تمکین بطور کل گوشی را قفل نموده و یا گوشی را فرمت کرده و از کار بطور کامل بیاندازید در حالی که تمامی اطلاعات شما کاملا قابل دسترس بوده و .,1,3,train
3360,طراحی و ساخت HTC در طراحی مدل جدید خود، تا حدودی تحول ایجاد نموده.,1,3,train
8245,در ضمن جاوا بودنش برای افرادی که از جوانی فاصله گرفتند و فرصت گریز به اندروید و آی او اس را ندارن ساده و راحت .,1,3,train
11973,میگه معرکست.,1,3,train
6387,به هر حال برای طرفداران گوشی‌های سری Galaxy S سامسونگ، ورود این گوشی به بازار می‌تواند یک خبر خوشحال کننده باشد.,1,3,train
11025,اولین تبلتی است که آفیس رو به این خوبی پشتیبانی میکنه.,1,3,train
6029,حتی چاپ عکس نیز با این پرینتر با کیفیت خوبی صورت می‌گیرد.,1,3,train
4453,راستش من یه 42 اش رو دارم ازش راضی‌ام اما به قول دوستمون مصرفش بالاست یه کم و صد البته گرمای روی سطح تلویزیون و پشتش هم زیاده بطوریکه در ایام تابستان اگه کولر نباشه و زمستان که بخاری روشنه این گرما زیاد احساس میشه ولی کیفیت تصویرش به نظر من خیلی خوبه,1,3,train
12202,دوم اینکه اگر هارد بر اثر مجاورت با یک منبع گرمایی مانند گیرنده های دیجیتال بیش ازحد گرم بشه به طور اتوماتیک خودش از کارمیفته و ازسوختن و گرمای بیشترجلوگیری میکنه.,1,3,train
12546,در کل ما از دوربین راضی بودیم و به کمک پردازنده‌ی A4 عکاسی واقعا سریع شده است.,1,3,train
5103,مهم‌ترین برتری میان‌افزار درایوهای Samsung در حال حاضر این است که به شما اجازه می‌دهد از دی وی دی معمولی نیز برای اجرای بازی‌ها استفاده کنید.,1,3,train
12846,تنها کافیست برنامه را نصب کنید و سپس دکمه Keygen را برروی اتوران بزنید تا بدون هرگونه مشکلی کرک‌ها نصب شوند و برنامه اکتیو شود و شما از نسخه کامل برنامه لذت ببرید.,1,3,train
4066,البته این بدان معنا نیست که با دیدن این گوشی شگفت زده می‌شوید، ولی به هر حال نمی‌توان زیبایی این مدل در عین سادگی آن را کتمان نمود.,1,3,train
9678,نلفن هوشمند با امکانات بالا در عین حال سبک و نازک.,1,3,train
6461,از اصلاح کردن قیمت ممنونم.,1,3,train
1082,حالا می توانید در حالی که راحت در منزل خود نشسته اید از پخش محتواهای گوناگون در تلویزیون خود لذت ببرید.,1,3,train
354,دو کلید هم به صورت مجزا در پایین تاچ پد قرار دارند و بسیار خوب ساخته شده‌اند.,1,3,train
5599,رزولوشن این دوربین برای یک گوشی در این سطح خیلی خوب است.,2,4,train
11428,واقعا حرف نداره.,2,4,train
3547,بله، گلکسی اس 3 یکی از بهترین گوشی‌های هوشمند ساخته شده تا به این تاریخ است و جانشینی مناسب برای گوشی محبوب Galaxy S II خواهد بود.,2,4,train
2997,من با ایپد جدید و این کار کردم و این تبلت خیلی بهتره تازه کیبورد داره پورت usb و یه صفحه نمایش فوق العاده .,2,4,train
11420,دوستان سلام در خرید این گوشی شک نکنید این رو کسی داره میگه که 4 گوشی قبلیش بترتیب اینا بوده 1 htc one x 2-galaxy s 3 3- padfone 2 4- note 2 و این گوشی واقعا محشره,2,4,train
9916,خوشبختانه از نظر سخت افزارهای داخلی تحول خیلی زیادی رخ داده است.,2,4,train
7118,این چیپ دارای پردازنده چهار هسته ای Cortex-A15 با فرکانس 1.5 گیگاهرتز و پردازشگر گرافیکی Adreno 320 می‌باشد که در حال حاضر قدرتمندترین سخت افزار موجود بر روی گوشی‌های اندرویدی است و بسیار سریع‌تر از پردازنده های قرار داده شده بر روی گوشی‌های رده بالای HTC One X و Samsung Galaxy S III می‌باشد.,2,4,train
2891,لازم به ذکر است که داخل این کیبورد، یک باتری بسیار قدرتمند نیز وجود دارد و هنگامی که Infinity را به کیبورد متصل می‌کنید، طول عمر باتری دستگاه به دو برابر افزایش می‌یابد که در ادامه بیشتر در این رابطه توضیح خواهیم داد.,2,4,train
7170,طراحی فوق العاده زیبایی داره.,2,4,train
12234,بی شک عرض میکنم، هر کس قصد خرید دوربین در این قیمت رو داشته باشه و اینو نگیره خیلی ضرر کرده، من میخواستم مبلغ بیشتری بدم کانن بگیرم، اما یه بنده خدایی که خیلی وارد بود مدلی شبیه به این اما قدیمی تر (s4000) رو بهم معرفی کرد و خریدم و جالب اینجاست که مشابه همون مدل در کانن قیمت خیلی بیشتری داره، واقعا اگه با کسی که یه خرده وارد باشه مشورت کنین بهتون در بعضی موارد مثل این مورد فوجی رو پیشنهاد میده، منم الان بسیار راضی هستم و حتی من که خیلی وارد نیستم هم عکس های حرفه ای با فوجی فیلم گرفتم که همه تعجب کردند، حالا بازم انتخاب با شماست.,2,4,train
10684,در ضمن دوربینش فوق العادست و حالا حالاها رو دست نداره مگه اینکه Xperia Z خود سونی ازش بهتر باشه.,2,4,train
4213,من این گوشی رو یک هفته است گرفتم محشره صفحه بزرگ با کیفیت  سی پی یو قوی  بدون هنگ و گیر کاملا روان فقط صداش کمه والا بقیه امکاناتش عالیه نسخه اندرویدشم 4.1.1 و .,2,4,train
10605,به تمام این‌ها، قیمت مناسب را نیز که اضافه کنید، متوجه خواهید شد که Lenovo G585 یک نوت‌بوک مناسب و یک خرید بسیار خوب محسوب می‌شود.,2,4,train
3985,الان هم ازش راضیم کیفیت عکساش خیلی خوبه ولی به نظرم اینکه یه حداقل دانشی از اصول عکاسی داشته باشی خیلی کمک میکنه که عکسای با کیفیت و زیبایی بتونی بگیری .,2,4,train
2028,گوشی بسیار عالی و خوش دست .,2,4,train
9793,این ها دوربین هایی کاملا کوچک می باشند که به راحتی در هر جیبی جای می گیرند و البته امکانات خیلی زیادی را در خود جای داده اند.,2,4,train
12496,به لطف پشتیبانی این گوشی از انواع راه های ارتباطی مانند Wi-Fi، 3G و سرآمد آن‌ها شبکه پر سرعت 4G و البته تراکم پیکسلی بسیار بالای صفحه نمایش و پردازنده قدرتمند، مرورگری اینترنت با این گوشی بسیار روان و لذت بخش است و هیچ‌گونه جای شکوه یا گلایه ای وجود ندارد.,2,4,train
5487,20- گوشی حتی در حالت بازی سنگین داغ نمیکنه و فقط پشتش کمی گرم میشه که واقعا عالیه.,2,4,train
11487,برای سخت افزار خوب پشتیبانی نرم افزاری عالی قیمت بسیار ایده آل (البته به غیر از ایران با این وضع ارز!,2,4,train
1503,در کل از خریدم خیلی راضی هستم و بنظرم ارزش این دوربین بیشتر از قیمتش هست..,2,4,train
7783,از ابعاد این تبلت که بگذریم، کیفیت بدنه آلومینیومی آن نیز در مقابل بدنه پلاستیکی رقبا قابل مقایسه نیست.,2,4,train
3935,با سلام، من حدود 3ماهه این دوربینو خریدم و در این مدت به نقاط قوتی همچون لنز فوق‌العاده کارل زایس، زوم بالا، نویز کم حتی در ایزو3200، صفحه نمایش با کیفیت و از همه مهمتر فیلم‌برداری فوق‌العاده اون پی بردم و خریدش رو به همه ی عکاسان حرفه ای و آماتور پیشنهاد میکنم.,2,4,train
1471,به روز رسانی: در تست هایی که انجام دادیم، کیفیت عکس های گرفته شده توسط A3400 در حد بسیار خوب قرار داشت.,2,4,train
8900,دوربین فوق العاده ایه واقعا راضی ام -متشکرم,2,4,train
1768,- siri - سرعت اینترنت بسیار خوب .,2,4,train
12933,جنس بدنه گوشی تماما از پلاستیک و بسیار با کیفیت طراحی گردیده است.,2,4,train
8075,گوشی خوبیه تو این قیمت بهترینه,2,4,train
7621,گالری عکس‌ها و مالتی مدیا پلیر نیز بر روی نسخه 4.1 پیشرفت زیادی داشته و بسیار کاربردی و دوست داشتنی شده‌اند.,2,4,train
9716,عالیه، من حتما یکی میخرم..,2,4,train
4825,البته نباید از حق گذشت، گیرز آو وار و الن ویک ایکس باکس هم عالیه.,2,4,train
4257,گوشی خیلی خوبی به نظر می رسه.,2,4,train
3542,از لحاظ نرم افزاری هم این گوشی به آخرین نسخه سیستم عامل اندروید یعنی اندروید 4.1.1 به همراه رابط کاربری TouchWiz مجهز است که تغییرات بسیار زیاد و عالی نسبت به نسخه استاندارد اندروید 4.0.4 دارد.,2,4,train
7970,من دو هفته ای هست ، این دوربین رو گرفتم ، واقعا عالی هست .,2,4,train
9472,عکاسی با این دوربین کار بسیار ساده ایست بدین ترتیب که کافیست آن را بر روی مود اتوماتیک قرار دهید و سپس با نشانه رفتن آن به سمت سوژه دکمه ی شاتر را بفشارید تا بهترین و با کیفیت ترین نتیجه بدست آید.,2,4,train
9776,کاربری این دوربین بسیار ساده است و کافی است که آن را به سوی سوژه نشانه بروید و دکمه‌ی شاتر را بفشارید تا بهترین و با کیفیت ترین عکس گرفته شود.,2,4,train
4025,این دوربین رو 8 ماهه که دارم و ازش خیلی راضیم .,2,4,train
640,بنظرم عالیه.,2,4,train
9978,به طوری که نرم‌افزار این دوربین عملکردی خیلی سریع‌تر از iPhone 4 دارد.,2,4,train
7183,خودش هم از هر لحاظ ازش راضی بود!,2,4,train
4247,تاچ عالی نسبت به بقیه حتی htc.,2,4,train
950,کار با این پویشگرها بسیار ساده است.,2,4,train
11421,LG nexus 4 بهترین انتخاب با قدرتی حیرت انگیز و خارق العاده.,2,4,train
8204,از این نگذریم که طبق ادعای گوپرو، عملکرد فیلم برداری آن در شرایط نوری ضعیف هم تا دو برابر بهتر است.,2,4,train
12310,من به دلیل کیفیت فیلم برداری بسیار خوبش و با توجه به این که 60 f/s هستش خیلی پسندیدم و میخوام بخرمش و به نظرم اگه بودجه ی کمی دارید و فیلم برداری با کیفیت اولویتتون هست حتما این مدل از سونی رو انتخاب کنید ولی اگه زوم بیشتر مد نظرتون هست مدل w690 رو مورد بررسی قرار بدید.,2,4,train
12623,فوق العادست این گوشی با این قیمت.,2,4,train
11271,من میخواستم nikon d3100 رو بخرم که با راهنمایی افراد حرفه ای پول قرض کردم و اینو گرفتم فقط اینو بگم که مفید ترین کار عمرم رو کردم کیفیت عالی و بینظیر فوکوسش در حالت دستی خیلی عالیه 13 تا حالت تصویر برداری داره و میتونین لنز های خوبی براش بخرین از نظر من حتی اگه مبتدی هستین و دوربین هم دستتون نگرفتین یا اینکه خیلی حرفه ای هستین بازم همینو بخرین.,2,4,train
8338,توی یک جمله فقط می‌تونم بگم که فوق‌العادست از همه لحاظ.,2,4,train
7327,پردازنده‌ی Corei7 که قدرتمندترین آن‌هاست، پردازنده‌ای ذاتا چهار هسته‌ای با توان تولید چهار هسته‌ی مجازی و کارکرد با مجموع هشت هسته است که عملکردی کم نظیری را ارائه می‌دهد.,2,4,train
11786,به نظر من که با توجه به قیمتش بهترین امکانات رو داره.,2,4,train
6959,صفحه نمایش بسیار قدرتمندی داره و شبکه های ارتباطیش بسیار خوب هستند.,2,4,train
7754,بهترین تبلتی که میتوان آن را خرید..,2,4,train
12724,کاملا عالی.,2,4,train
10040,کیفیت ساخت نیز بسیار خوب و رضایت بخش است.,2,4,train
9686,فوق العاده است، واقعا ارزش خرید رو داره!,2,4,train
9530,اپل باریک ترین گوشیه جهانه چون ضخیم ترین قسمت رو در نظر میگیرن و سایر گوشی ها مثل RAZR XT910 و .,2,4,train
6909,این گوشی غولیه واسه خودش ، عالیه کانفیگ بالا طراحی زیبا .,2,4,train
1909,قیمتش خیلی اومده پایین کاملا هم گوشی عالی هست.,2,4,train
637,فوق العادس .,2,4,train
11339,یک ویژگی مفید Auto Lighting Optimizer هم وجود دارد که از طریق دکمه‌ی Q قابل دسترسی است و برای تنظیم دقیق‌تر نوردهی کاملا کارآمد است.,2,4,train
6423,اگر قصد خرید هارد اکسترنال دارید وسترن دیجیتال و در مرحله بعد سیگیت بهترین گزینه هستند,2,4,train
473,خیلی سرعتش از رقبای اندرویدی بیشتره این گوشی از معماری بهینه شده krait استفاده میکنه که خیلی در مصرف و سرعت cpu موثره,2,4,train
1739,امنیت گوشی بسیار جالبه  با تشکر از دیجیکالا,2,4,train
699,سلام  من بعد از چند روزی جستجوی جدی برای پیدا کردن یه لپ تاپ 2 هفته قبل به صورت اینترنتی این لپ تاپ رو خریدم واقعا عالی پیشنهاد من به شما هم خریدن این لپ تاپ.,2,4,train
6280,من الان نزدیک دو هفته است که خریدم کاملا و کاملا ازش راضی ام.,2,4,train
490,صفحه نمایش این گوشی کیفیت بسیار خوب و راضی کننده ای داره که هیچ مشکلی حتی در زیر نور افتاب احساس نمی کنید.,2,4,train
10285,از XPERIA MINI بهتره از نظر LCD (بزرگ تره) دوربین مکالمه ویدئویی داره XPERIA MINIنداره صدای باند هاش خیلی بیشتره کلا از اون بهتره.,2,4,train
12450,با سلام خدمت همه ، با مقایسه بین گوشی های موجود در بازار این گوشی امکانات مشتری پسندی داره و مقاومتش در برابر آب ، اون رو خارق العاده کرده ، و منوی اون عین منو های سونی های قبله و دوربینش خوبه و فول HD هست و تفاوت خیلی کمی با ایکسپریا زد داره اون هم در صفحه نمایشه و شباهت زیادی از لحاظ شکل به arc & arc s داره و می توان گفت صفحه نمایش HD داره.,2,4,train
3207,ولی در کل نسبت به قیمتش یک تبلت فوق العاده ای هست، که تو 2012 از سامسونگ معرفی شده.,2,4,train
3298,یکی از نقاط قوت این دوربین توانایی ضبط صدای Dolby digital بسیار با کیفیت با کمک چهار میکروفون است.,2,4,train
10255,من این گوشی رو 3 ماهه گرفتم و خیلی ازش راضیم کیفیت تصویرش خوبه و کیفیت صداش هم عالیییه سی‌پیوش هم که یکه.,2,4,train
6361,همان طور که گفتیم کیفیت دید از زاویه‌ی آن فوق‌العاده است و با چرخاندن و نگاه کردن از زوایای تند تر هم کیفیت رنگ‌ها تغییر نمی‌کند.,2,4,train
120,بعد از آشنا شدن با تنظیمات دوربین و عکسهایی که گرفتم میتونم بگم با کمی دقت و یادگیری فنون عکاسی میشه عکسهای فوق العاده ای انداخت کیفیت فیلمش هم عالی بود برخلاف انتظار باطریش هم خوب بود دو ساعت باهاش کار کردم ولی باطریش هنوز تموم نشده دوربین جمع و جوریه و هیچ ایرادی نداره و پیشنهاد میکنم در خریدش شک نکنید.,2,4,train
8018,دستگیره نسبتا بزرگ است و آرگونومی‌خیلی خوبی را ارایه می‌دهد تا در دست به خوبی جای بگیرد.,2,4,train
7756,به نظر من به غیر از قیمت این محصول که تقریبا 50 دلار اضافی هست اپل تو هیچ چیزی کم نگذاشته.,2,4,train
8503,این کار فیلم برداری را برای شما بسیار سهل و آسان می‌سازد.,2,4,train
11127,اما در مورد دوربین اصلی دستگاه باید بگوییم که کیفیت عکس‌های قابل قبولی را ارائه می‌دهد و حتی در مقایسه با دیگر دوربین‌های 5 مگاپیکسلی به کار رفته در گوشی‌های هوشمند و تبلت ها نیز عملکرد مناسب‌تری را از آن شاهد بودیم که می‌توان آن را در بین برترین دوربین‌های قرار گرفته بر روی تبلت ها دانست.,2,4,train
8425,به روز رسانی: در تست هایی که انجام دادیم، کیفیت عکس های گرفته شده با این دوربین در سطحی واقعا عالی بود.,2,4,train
295,من این گوشی رو تقریبا 2 ماه است که خریدم گوشی بسیار عالی است .,2,4,train
4720,صفحه نمایش بسیار با کیفیت HD با تراکم پیکسلی 297 پیکسل 2.,2,4,train
2846,همچنین تراکم پیکسلی 326ppi این گوشی، در بین رقبای اندرویدی دو هسته ای خود بسیار عالی است.,2,4,train
9680,بسیار عالی هست، حتما می خرم.,2,4,train
12487,این گوشی دارای گواهینامه IPx5/7 می‌باشد که بالاترین گواهی تضمین مقاومت گوشی‌های موبایل در مقابل نفوذ آب می‌باشد.,2,4,train
7247,واقعا فوق العاده است!,2,4,train
8205,عملکرد عکاسی هم فوق العاده شده و با رزولوشن 12 مگاپیکسل، این دوربین می تواند با سرعت 30 فریم بر ثانیه عکاسی کند.,2,4,train
3235,قیمت ارزان این تبلت با توجه به امکانات فوق العاده من هیچکدوم از این ها رو ندارم فقط طبق تحقیقاتم میگم و قصد دارم نکسوس 7 بگیرم ..,2,4,train
9082,ولی به هر حال گوشی بسیار مناسب و خوبی است .,2,4,train
6656,در کل همانطور که گفتیم، M50 دوربین فیلم برداری بسیار خوب دیگری از کانن است که کاملا کوچک و سبک ساخته شده و در ضمن از امکانات و فن آوری‌های پیشرفته و خوبی بهره می‌برد.,2,4,train
11272,بهتره از همینجا بگیرین خیلی مطمئن تره,2,4,train
5725,در قلب Galaxy S II پردازنده‌ی بسیار قدرتمند ARM Cortex A9 با سرعت 1.2 گیگاهرتز قرار گرفته که در نوع خود فوق‌العاده است.,2,4,train
3332,یکی از زیباترین و حرفه‌ای ترین و از همه مهمتر خوشگلترین دوربینهایی است که تابحال دیدم.,2,4,train
2717,دور تا دور این دستگاه را یک لایه آلومینیومی قرمز رنگ فرا گرفته که بسیار زیبا و شکیل است.,2,4,train
6053,از همه نظر عالیه.,2,4,train
11751,امیدوارم بعد از خرید این گوشی خوش ساخت زیبا قدرت مند و به روز از داشتن اون مثل من لذت ببرید.,2,4,train
11570,بدون اغراق نیکون کولپیکس p510 درحال حاضر بهترین دوربین کامپکت دنیا است .,2,4,train
7778,جنس بدنه این تبلت کوچک نیز همانند تبلت های 9.7 اینچی ساخت اپل، تماما از آلومینیوم است و همین موضوع باعث می‌گردد که در این زمینه اپل مجددا بسیار موفق عمل نماید.,2,4,train
1334,من هدفون Beats دارم که وقتی به این ipod وصل کردم فقط میتونم بگم عالی !,2,4,train
10072,درست است که این نوع پردازنده ها به قدرتمندی پردازنده های با ولتاژ استاندارد نمی باشند، ولی در عوض گرمای کمتری تولید کرده و مصرف انرژی بسیار پایینتری نیز دارند.,2,4,train
7931,"دوربین عالی طوری این نکته هم که چند وقتیه توسط اکثر کاربرا مطرح شده راجب داغ کردن گوشیها که باید بگم این قضیه یه امر بسیار طبیعی برای گوشیهای 4هسته است""و اصلا داغ کردن به این معنیه که هر4هسته گوشیتون به اضافه تک هسته کمکی که در گوشیهای 4هسته برای انجام کارای ساده در گوشی هستش سالمن و خوب کار میکنن-البته بااین حال به نظرم نباید بیشتر از56درجه سلیسیوس باشه.",2,4,train
5535,جعبه گوشی فوق‌العاده جذاب و باز هم میگم در حد گوشی های کولکسیونی هست و بعد از باز کردن گوشی اولین چیزی که منو جذب خودش کرد گوشی 5 اینچی 4:3 ال جی فبلت بود که با صفحه نمایش متفاوتش حس خوبی به بیننده انتقال میده.,2,4,train
3346,سیستم صدا برداری دوربین جدید استریو است و با چهار میکروفون مجزا صدا را از محیط با کیفیت عالی ثبت می کند.,2,4,train
7653,ولی با معرفی این غول جدید و بی همتای کمپانی LG خیلی پشیمون شدم که چرا بیشتر صبر نکردم.,2,4,train
7523,از نظر طراحی و بدنه هم عالی است و در کل دستگاهی است که نیاز 80% مردم را پوشش می دهد .,2,4,train
770,من از کار کردن باهاش بسیار لذت بردم و امیدوارم شما هم لذت ببرید !,2,4,train
1454,نزدیک ترین فاصله‌ی فوکوس این لنز در مود ماکرو؛ 3 سانتی متر است که عالیست.,2,4,train
9454,امکانات عالی هم داره .,2,4,train
3938,من که خیلی راضیم.,2,4,train
12852,از نمایشگر لمسی که بگذریم، این پرینتر خیلی خوب و پر امکانات است.,2,4,train
6002,عکس های فوق العاده فلش عالی عکس 3 بعدی و فیلم برداری معرکه ای داره,2,4,train
7668,وقتی دوربین بر روی این مود است، کافی است که آن را به سوی سوژه نشانه بروید و دکمه‌ی شاتر را بفشارید تا تنظیمات بر روی بهترین حالت قرار گیرند و باکیفیت‌ترین عکس گرفته شود.,2,4,train
7276,البته خود میکروفون داخلی هم قدرت خیلی خوبی برای ضبط صدای محیطی دارد.,2,4,train
1492,دوربین بسیار شیک و جمع و جور و سبکی هست..,2,4,train
202,راستی باتری Ion هم علاوه بر صفحه بزرگ و بسیار با کیفیتش خیلی خوب جواب میده و اگه استفاده معمولی داشته باشید تا یه روز و نیم راحت جواب میده .,2,4,train
2209,این گوشی همانند اکثر گوشی‌های رده بالای این کمپانی، دارای بدنه یک پارچه پلی کربناتی است که کیفیت فوق‌العاده بالایی داشته و به کاهش وزن دستگاه کمک فراوانی کرده است.,2,4,train
8443,کیفیت سه بعدیش واقعا عالیه به هیچ وجه پرش یا ماتی تصویر نداره .,2,4,train
12317,خوش دستی 5.تنظیمات خودکار 6.کیفیت عکس های بینظیر 7.,2,4,train
2247,فوق العاده خوش دست و زیبا و مهمتر از همه القای یه حس خوب که یه گوشی گرون قیمت دستته 2.سرعت بالا در load همه برنامه ها 3.صفحه نمایش بینهایت زیبا و زاویه دید عالی 4.,2,4,train
781,به طور کلی زمان پاسخ دهی صفحه نمایش این گوشی مناسب است و زوایای دید بسیار خوبی نیز دارد.,2,4,train
555,کیفیت ساخت 4540s همانند مدل‌های سال‌های گذشته خانواده ProBook بسیار بالا بوده و بدنه با ضربات وارد شده طی مصارف روزانه، دچار خمش و یا پیچش نمی‌شود.,2,4,train
2932,در نهایت اگر به دنبال بهترین تبلت اندرویدی موجود در بازار هستید، بدون هیچ شک و تردیدی ASUS Transformer Pad Infinity بهترین و به عبارتی تنها انتخاب شما خواهد بود.,2,4,train
981,اما برگ برنده ی بزرگ P7700 لنز آن است.,2,4,train
8384,50x زوم پردازشگر digic5 همه چی عالیه,2,4,train
6699,"نمایشگر 3 اینچی 230,000 پیکسلی هم کیفیت کیفیت خیلی خوبی دارد و نسبتا بزرگ است.",2,4,train
1000,به روز رسانی: در تست هایی که انجام دادیم، کیفیت عکس های گرفته شده توسط این دوربین با توجه به سنسور تصویر نسبتا کوچکی که دارد واقعا عالیست.,2,4,train
4524,من که این گوشی رو دارم دقیقا برعکس حرف های شماست کیفیت صفحه نمایش عالی با تراکم پیکسلی بالای297 کیفیت ساخت عالی رابط کاربری خوب,2,4,train
12042,برندهای دیگه باهمین مشخصات رو زیر یک میلیون نمیتونی پیدا کنی فقط هواوی چون توی ایران هنوز بازارشو پیدا نکرده قیمتاش ارزونه و خریدنش به شدت بصرفه است.,2,4,train
12455,میشه گفت یه گوشی خیلی تاپ خواهد بود.,2,4,train
2898,این روشنایی فوق‌العاده به کاربران کمک خواهد کرد که حتی با وجود سطح براق صفحه نمایش، به راحتی با تبلت خود در فضاهای بیرونی و یا در زیر تابش مستقیم نور آفتاب کار کنند.,2,4,train
3978,من با hx100 کار کرده ام دوستانی که می گویند این دوربین با hx100 تفاوت چندانی ندارد باید به عرض شون برسانم که این دوربین یعنی hx200v از لحاظ کیفیت عکس دارای dpi 350 است که در نوع خود و در کلاس کامپکت ها عملکرد بسیار عالی به حساب می آید .,2,4,train
10648,من از دیجیکالا خریدم-در خرید این گوشی شک نکنید - واقعا گوشی خوبیه از هر لحاظ - کیفیت صفحه فوق العاده ای داره - مشکل زاویه دید به هیچ وجه نداره - بلندگو گوشی با کیفیت هست - به نظرم زیباترین گوشی جهان xperia tx هست.,2,4,train
8029,کانن SX40 HS دارای تمامی ویژگی‌های یک دوربین سوپرزوم فوق‌العاده می‌باشد.,2,4,train
5502,امکانات سخت‌افزاری و نرم‌افزاری عالی.,2,4,train
2926,جمع بندی صفحه نمایش با کیفیت، شفاف و روشن Infinity آن را به یک جانشین عالی برای Transformer Prime تبدیل کرده است.,2,4,train
9213,کیفیت فیلمبرداری نیز بسیار خوب است در صورتیکه زوم کامل و درستی انجام شده باشد کاملا زنده و شفاف میباشد.,2,4,train
2115,من آیفونم رو به قیمت کمتر فروختم و رفتم گالاکسی SIII خریدم چیزی فراتر از گوشی، یک دوست، همراه بدون محدودیت، و در کل بسیار راضی هستم از این انتخابم,2,4,train
6482,"من این هارد رو سه روز پیش سفارش دادم امروز رسید دستم سرعتش عالیه, نرم افزاری که روی خودش هست خیلی به کار میاد اگر به دنبال یه هارد همه چی تموم میگردین این عالیه شک نکنین.",2,4,train
12377,ولی فوکوس خودکار حتی در شرایط نوری ضعیف خیلی سریع صورت می‌گیرد و این به مدد سیستم جدید Sonic Speed AF است.,2,4,train
12375,سرعت روشن شدن و آماده شدن این دوربین برای عکاسی بسیار سریع و در حد 2 ثانیه است.,2,4,train
7217,سلام به نظر من بهترینه.,2,4,train
3575,وزن این دستگاه تقریبا 2.5 کیلوگرم بوده و برای یک لپ‌تاپ 15.6 اینچی بسیار مناسب است.,2,4,train
6380,از نظر ضبط ویدیویی، فیلم‌های ضبط شده بسیار شارپ و با کیفیت هستند.,2,4,train
6332,6: دوربین این گوشی در فیلم برداری واقعا عالی هست و کیفیت خوبی در فول اچ دی داره و دارای فوکوس اتومات در حین فیلمبرداری نیز هست که عالیه.,2,4,train
2535,کمینه ی فاصله ی کانونی لنز این دوربین 24 میلی متر است که باعث می شود در یک کادر بتوانید میدان دیدی کاملا گسترده را ثبت کنید.,2,4,train
12870,بعد از دیدن این گوشی خاطرات کار با 6300 برام تداعی شد کسایی که با این گوشی کار کرده باشند میفهمن چی میگم مشتاق به خریدش شدم و از خریدم راضی ام شباهت زیادی با 6300 داره ولی نسبت به اون بدنه شیک تر صفحه نمایش بزرگتر صدای با کیفیت تر باتری قویتر که اجازه مکالمه های طولانی رو به شما میده صفحه کلیدش هم نرم و روان هست البته دو سیم کارت بودنشم که نور علی نوره فقط نداشتن پورت برای وصل کردن به کامپیوتر یکی از نقاط ضعف ازار دهنده اون هست به کسایی که قصد خریدشو دارن پیشنهاد میکنم که یا سفید یا مشکیه این گوشی رو تهیه کنند به نظر من این رنگ ها زیباتر هستند,2,4,train
5231,من تا الان هیچ بدی ازش ندیدم که براتون بگم واقعا لپ تاپ عالیه توی خریدش اصلا شک نکنید مطمئن باشید که هر نیازی داشته باشید از یه لپ تاب .,2,4,train
10828,حالت عکس تمام نما یا پانوراما حالت بسیار جالبی است که در این دوربین ارزان قیمت در دسترس است.,2,4,train
6061,کیفیت چاپ اولیه که حرف نداره.,2,4,train
11506,این صفحه نمایش، همان صفحه فوق‌العاده ایست که LG بر روی گوشی Optimus G نیز استفاده کرده بود و به جرات می‌توان گفت که یکی از بهترین و با کیفیت‌ترین صفحات نمایش موجود بر روی گوشی‌های هوشمند است.,2,4,train
10244,و cpu 1 ghz هم محشرتره.,2,4,train
5855,من خریدمش واقعا راضی هستم امکاناتش واقعا عالی هست.,2,4,train
8046,خطای رنگی بنفش نیز در عکس‌های گرفته شده نسبت به آن چه که در دوربین SX30 IS می‌دیدیم بسیار کمتر است.,2,4,train
11610,این دوربین به طرز خیلی عالی توانایی کنترل خطای رنگی را دارد به طوری که فقط مقدار خیلی کمی خطای رنگی بنفش در مناطق پر کنتراست به چشم می‌خورد.,2,4,train
149,به نظر من که واقعا عالیست هم کیفیت عکس و هم فیلمبرداری مطمئن باشید که از خریدش پشیمان نمیشوید,2,4,train
12418,کیفیت دوربین جزو چند دوربین برتر بازار قرار میگیره گوشی به خوبی در دست جای میگیره و کار کردن باهاش بسیار لذت بخشه از لحاظ نرم افزار همون موقع خرید به صورت فکتوری آندروید ۴.,2,4,train
9204,اما نسبت به حسگر و پردازندش DIGIC 5 خیلی‌خوش بینم چون تجربشون رو تو دوربین‌های دیگه canon دیدم.,2,4,train
7797,شاید اگر مورد به مورد این سخت افزار را با رقبای 7 اینچی خود مقایسه کنید، بر روی کاغذ برتری با Nexus 7 باشد، اما میدانید که عملکرد محصولات کمپانی اپل به لطف وجود سیستم عامل فوق‌العاده آن، کاملا برتر از همرده های بسیار قدرتمند تر از خود است.,2,4,train
1821,من این گوشی رو چند روزی میشه خریداری کردم فوق العادست .,2,4,train
5650,البته این میزان بسیار ناچیز است و GALAXY Tab 2 10.1 همچنان به عنوان یک تبلت بسیار باریک و زیبا شناخته شده است و در دست نگه داشتن آن بسیار راحت و لذت بخش است.,2,4,train
940,برخی کمپانی ها با تولید اسکنرهای بسیار کوچک که تحت عنوان اسکنرهای دستی به بازار معرفی شدند توانستند کمک بسیار شایانی به افراد مختلف بکنند.,2,4,train
9903,حافظه بسیار بالا برای نصب نرم افزار و بازی و مالتی مدیا و .,2,4,train
180,من خودم اهنگ های زیادی روش امتحان کردم ولی اصلا خش و خش نکرد و عالی بود.,2,4,train
9802,WX170 مجهز به نمایشگر 3 اینچی با کیفیت بسیار بالای 921000 نقطه است و این در حالیست که WX100 نمایشگر 2.7 اینچی 460000 نقطه ای دارد.,2,4,train
651,واقعا لپ تاپ فوق العاده ای هستش منم یه هفته پیش این لپ تاپ رو از دیجی کالا تهیه کردم و روش ویندوز 8 ریختم و تمام درایور های لازم رو از خود سایت اچ پی دانلود و نصب کردم و هیچ درایور نصب نشده ای الان ندارم حتی فینگر پرینت و orination sensor هم درست کار میکنند و تو این یه هفته ای که این لب تاب دستمه هیچ کندی و داغ کردنی ازش ندیدم حتی موقعی که باهاش فیلم اچ دی هم نگاه می کنم هیچ باد گرمی از فن این لب تاب خارج نمیشه  با تشکر,2,4,train
3750,گوشی واقعا خوش‌دست و سریعیه.,2,4,train
6420,من این هارد رو دارم عالیه حرف نداره وقتی به کامپیوتر وصل میشه انگار فلش وصل کردی سه سوت میاد بالا اصلاهم سرعت کامپیوتر کم نمی شه بقیه هارد هایی که دیدم فقط یه ساعت طول می کشه بیاد بالا,2,4,train
9195,به صرفه ترین دوربین DSLR با کیفیت عالی عکسها و قیمتی بسیار عالی.,2,4,train
10701,•صفحه نمایش صفحه نمایش 4.5 اینچی Xperia TX دارای دقت 720x1280 است که تراکم پیکسلی بسیار بالای 323ppi را ارائه می‌دهد.,2,4,train
8640,این گوشی یک مدل تک سیم کارته هم داره (مدل LG Optimus L7 II)، اون مدل هم زیباتره و هم قیمتش مناسبتره.,2,4,train
11022,cpu و ram فوق العاده ای داره .,2,4,train
7950,کافیست که آن را به سوی سوژه نشانه بروید و دکمه‌ی شاتر را بفشارید تا دوربین به صورت خودکار بهترین و با کیفیت ترین عکس را تهیه کند.,2,4,train
1321,در نگاه اول، بدنه آلومینیومی براق آن، تنوع رنگ زیاد، طراحی زیبا، آرم اپل پشت آن و همچنین دکمه های ساده ای که به زیبایی روی آن قرار گرفته اند جلب نظر می کند.,2,4,train
12181,سیستم فوکوس داخلی دارد، به صورتی که در هنگام فوکوس هیچ تغییری در طول انجام نمی گیرد و البته از همه مهم تر، در فوکوس خودکار کاملا سریع و کم سر و صدا است تا کاملا مناسب فوکوس خودکار در هنگام فیلم برداری به کمک سنسورهای فوکوس خودکار Phase Detection قرار گرفته بر روی سنسور تصویر باشد.,2,4,train
11716,گوشی خیلی خوبیه و با کارایی بسیار,2,4,train
11251,این دوربین فلاش Pgr-up هم دارد که بردی برابر 7.1 متر را ارائه می‌دهد و بسیار قدرتمند است.,2,4,train
5885,تمامه سریالامو با فیلمام توش میبینم کیفیت تصویرشم که فوق‌العادست.,2,4,train
4300,حتی سنگین‌ترین بازی‌های HD نظیر Infinity Blade نیز کاملا روان و بی نقص اجرا شدند.,2,4,train
5701,با در نظر گرفتن تجهیزات سخت‌افزاری قدرتمندی که درون بدنه جای گرفته، بدنه‌ی باریک Galaxy S II در نوع خود یک شاهکار مهندسی محسوب می‌شود.,2,4,train
11078,قبل از اینکه ویدئوی این تبلت رو تماشا کنم فکر میکردم این تبلت در مقابل ایسوس ترانسفورمر و نیو آیپد حرفی برای گفتن نخواهد داشت اما حالا با کمی اغراق اعتراف میکنم بهترین تبلتیه که تاحالا دیدم,2,4,train
7507,و با توجه به قیمتش یک پیشنهاد عالی مخصوصا برای مهندسین هست.,2,4,train
1809,بهترین گوشی بازاره!,2,4,train
4375,به نظر من این همان ایفون 5 میباشد به شکلی خیلی زیباتر، شکیل تر و باریکتر و تمام امکاناتی رو که ایفون 5 داره اینم داره تنها از سیم کارت پشتیبانی نمیکنه البته میشه با یه دستگاه جی میت مکالمه اونم فعال کرد و یک گزینه خیلی خوبی هست برای کسانی که هزینه خرید ایفون 5 رو ندارن البته هنوز معلوم نیست قیمت اون چقدره.,2,4,train
2630,باید بگم نسبت به تست هایی که کردم خیلی خوب جواب داد در مورد فیلم برداریش باید گفت بد نیست و قابلیت این رو داره که از یک گردش و یا یک مراسم خانگی فیلم یادگاری بردارید اما در مورد عکس :باید گفت کیفیت عکسش نسبت به قیمتش خیلی خوبه چون الان اگر بخوای دوربینی با این کیفیت بخری (در مارک های دیگر مثل کنون ) باید بیشتر خرج کنی عکس هایی که به صورت آتلیه ای میگیره خیلی خوبه و رزولوشن بالایی داره عکس های طبیعتش هم خوبه و قابل تعریفه ولی مثل تمام دوربین های دیجیتال عکس های شبانه اش خیلی خوب نیست و یکی از اساسی ترین مشکل هایی که داره لنز ثابتش هست که قابل تعویض نیست ولی لنز خودش کفایت میکنه چون اولا اصلاح شده است و ثانیا زوم خیلی خوبی داره کیفیت رنگش هم خیلی خوبه و عکس های درستی میگیره و باید گفت جثه کوچک اون خیلی به نفع عکاسه چون همه جا جا میشه,2,4,train
2467,برای اونایی که گوشی های بزرگ رو دوست دارن، بهترین گوشیه!,2,4,train
4518,در ضمن از لحاظ لمس هم بسیار عالی عمل میکنه و اصلا قابل مقایسه با C7 دوستم نیست.,2,4,train
5783,این گوشی هم زیبا و هم قدرتمند با آپدیت شدن به آخرین نسخه آندروید نشون داد که سامسونگ کاملا از محبوبیت این گوشی در بین مردم دنیا آگاهه و میدونه که Galaxy S II نه تنها قدیمی نشده بلکه این گوشی همچنان رقیبی سر‌سخت برای سایر گوشی هایه هوشمنده موجود در بازار هستش.,2,4,train
12978,هرچند که کیفیت متن کمی پایین تر از حد انتظار بود ولی کیفیت چاپ گرافیک و عکس واقعا جزو بهترین های پرینترهای جوهر افشان چند کاره در این رده ی قیمتی است.,2,4,train
4760,من یه فیلمبردار هستم با دوربین های حرفه ای کار کردم این دوربین بااین کوچیکیش میتوونه با حرفه ای ها مقابله کنه حرف نداره اگه یه پایه حرفه ای داشته باشید واسه خودش غولیه,2,4,train
488,تجربه من بعد از داشته یک هفته ای این گوشی وقتی که برای بار اول گوشی در دست میگیرید کاملا متوجه کیفیت ساخت عالی و خوش دست بودن اون میشید.,2,4,train
2799,بدین معنی که وقتی آن را بر روی مود Smart Auto می‌گذارید، تبدیل به یک دوربین کاملا خودکار می‌شود، کافی است که آن را به سوی سوژه نشانه بروید و دکمه‌ی شاتر را بفشارید تا بهترین و با کیفیت‌ترین عکس گرفته شود.,2,4,train
3156,کاملا ازش راضی هستم .,2,4,train
9928,مطمئنا پس از یک سال و نیم همچنان یکی از با کیفیت‌ترین پنل‌های موجود بر روی گوشی‌های تلفن همراه می‌باشد.,2,4,train
10573,علاوه بر ظاهر دستگاه، می‌توان پیشرفت‌های بسیاری نیز در کیفیت ساخت G585 نسبت به G575 دید.,2,4,train
132,با توجه به لنز واید 25 میلی متری که بر روی این دوربین ها قرار گرفته، می توانید مطمئن باشید که در هر کادر می توان میدان دید گسترده ای را ثبت کرد تا بنابراین این دوربین کاملا مناسب عکاسی از منظره هم باشد.,2,4,train
9345,فلاش بالا جهنده با برد 5 متر نیز گزینه ی خیلی خوبی برای عکاسی از سوژه ها در شرایط تاریکی می باشد.,2,4,train
12289,فیلم برداری فول اچ دی: صحبت کردن در این مورد بسیار سخت است باید خودتون تجربه کرده باشید که باور کنید تصویر بسیار زنده و با کیفیت واقعا برای باور اول غیر قابل باور است عکس برداری: عکس برداری این مدل نیز عالی است و حرف های زیادی برای گفتن دارد.,2,4,train
4939,بازی آنلاین عالی با XboxLive .,2,4,train
10721,فیلم‌برداری Xperia TX نیز شرایط یکسانی دارد و بسیار خوب است.,2,4,train
12217,من رنگ سفیدش رو خریدم خیلی زیباست علاوه بر این یکی از پرسرعت ترین هاردهای بازاره و گارانتی خیلی خوبی هم داره.,2,4,train
8878,ارزش خرید خیلی بالایی داره,2,4,train
3123,همان‌طور که انتظار داشتیم، مرورگری اینترنت با GALAXY Tab 2 7.0 بسیار لذت بخش است.,2,4,train
5444,باطری هم بستگی به استفاده داره من خودم 2 روز 1بار شارژ میکنم و بنظرم باطریش مناسبه در ضمن کیفیت صفحه هم عالیه و عملکردش زیر نور آفتاب فوق‌العاده است برعکس خیلی از گوشی های دیگه,2,4,train
7382,البته قسمت استراحت مچ نیز همواره خنک است.,2,4,train
9579,بعد متوجه میشید که اپل چه غولی رو داده بیرون !,2,4,train
12303,با این قیمت یه دوربین از برند sony اونم Full HD - سرعت 60 فریم بر ثانیه واقعا عالیه,2,4,train
3622,پردازش فلز به کار رفته در این محصول با بخار منیزیم باعث مقاومت بیشتر آن گردیده و در کمال استحکام، لطافت بسیاری دارد که به کاربر حس خوبی را از در دست گرفتن آن می‌دهد و لذت کار با آن را نیز بیشتر می‌نماید.,2,4,train
573,این تاچ پد که از نوع مالتی تاچ می‌باشد، کاملا حساس و پاسخگو است و عملکردی عالی را از خود به نمایش می‌گذارد.,2,4,train
7769,با تشکر از سایت محبوب و پر تلاش دیجی کالا این محصول بهترین گزینه برای دانشجویان و اساتید در رشته های مختلف هستش، به ویژه که آی بوکش تقویت شده.,2,4,train
3401,HTC Windows Phone 8X گوشی بسیار قدرتمندیست که با طراحی زیبا و رنگ‌های جذاب خود و جنس پلی کربناتی بدنه که طبق رسم HTC از بهترین مواد تشکیل شده است، با معرفی توسط این کمپانی، توجه بسیاری را به سوی خود جلب نمود.,2,4,train
494,بعد از بازکردن بسته این گوشی، اولین چیزی که جلب توجه کرد، کیفیت ساخت این گوشی بود که بسیار فراتر از حد انتظار بود.,2,4,train
5868,در آخر باید بگم Samsung Galexy S II یک گوشی ماندگار و قدرتمند هست و یکی از بهترین گوشی‌های اندروید حال حاضر موجود در بازار.,2,4,train
7256,در حال حاضر بالاترین سخت افزار ارائه شده در گوشی های موبایل ، در این گوشی و یه مدل از اچ تی سی و سونی هست.,2,4,train
1464,264 را نیز دارد که عالیست.,2,4,train
2269,این گوشی خیلی فوق العاده است من منتظرم تا مدله one x plus بیاد تا اونو بخرم,2,4,train
11782,گوشی بسیار عالیه خیلی خوبه اونم با این قیمت!,2,4,train
5758,سرعت عکس‌برداری و فیلم‌برداری هم فوق‌العاده است.,2,4,train
7513,عالیه اگه الان ساعت 12 شب نبود خریدشو نمینداختم فردا.,2,4,train
8891,من یه ساله که این دوربینو دارم یه مشکلی که دیدم اگر برای افراد فیلمبرداری مهمه یکم تو فیلما لرزش احساس می شه و اصلا با یه دوربین فیلمبرداری قابل مقایسه نیست ولی عکسش عالی علیه.,2,4,train
2791,این لنز فوق‌العاده سریع است.,2,4,train
2744,با وجود این سخت افزار شاهد عملکرد بسیار خوب و روان دستگاه و واکنش سریع آن به دستورات خواهید بود.,2,4,train
12137,به هر صورت همانطور که گفتیم اگر از توانایی زوم 14 برابر بگذریم، L610 تقریبا بهترین دوربین سری L نیکون می باشد.,2,4,train
3284,برای مثال مدل 15.6 اینچی که از پردازنده Core i3 و کارت گرافیک مجزای GeForce GT 520MX استفاده می‌کند، در تست مرورگری اینترنت از طریق Wi-Fi و روشنایی صفحه متوسط، توانست بیش از 6 ساعت شارژ دهی کند که میزان بسیار خوبیست.,2,4,train
6993,بهترین تو دنیا,2,4,train
6481,همش خیلی عالیه,2,4,train
12964,اول اینکه 1 سوپرایز هنگامی که برای اولین بار روشن کردم برام به وجود اومد و این بود که دوستان در دی جی کالا در قسمت مشخصات کلی این پرینتر با دارا بودن wi fi اون اشاره نکرده بودن اما وقتی روشن کردم دیدم WI-FIهم داره کلی خوشحال شدم .,2,4,train
3693,بیشتر قسمت‌های بدنه‌ی آن هم از مواد قابل بازیافت بسیار عالی ساخته شده‌اند.,2,4,train
8821,"سلام من هم از طریق همین سایت با این دوربین اشنا شدم دوربین در مقایسه با قیمتش واقعا عالیه 1-طراحی خوب بدنه دوربین موقع دست گرفتن دوربین واقعا حس خوبی به ادم میده 2-زوم دوربین واقعا عالیه لرزشگیر دوربین هم خیلی کارش رو خوب انجام میده من قبلا فوجی تی 300 داشتم موقع عکس گرفتن از ماه عکسهای خوبی میگرفت ولی حتما با استفاده از سه پایه ولی این دوربین نمیدونم به خاطر شکل ارگونومی خوب که داره هست یا لرزشگیرش نسبت به t300بهتره بدون استفاده از سه پایه عکسهای خوبی میگیره بدون کمترین نویز زومش هم بقدری هست که چاله های روی ماه رو میشه دید 3-داشتن مودهای m,s,a,p این دوربین رو تبدیل به یک دوربین نیمه حرفه عالی کرده 4-فلش با برد 7متر تو این رده قیمت فکر نکنم تو برند دیگه ای اصلا پیدا بشه 5- داشتن چشمی جدا از حس داشتن یک دوربین حرفه ای در کاهش مصرف باطری واقعا عالیه 6-عکس برداری پی در پی خوبی داره دوربین قبلیم فقط تا سه عکس پشت سر هم میگرفت اما موقعی که این دوربین رو روی عکسبرداری پی در پی تنظیم کردم واقعا لذت بردم از خریدی که انجام دادم دوستان یکی از مشکلاتش رو نداشتن نشانگر باطری عنوان کردن که به نظر من زیاد مهم نیست چون شما میتونین با اولین شارژ باطری های دوربین تعداد عکسهای گرفته شده رو ببینیدو در شارژهای بعدی روی تقریبا همین تعداد عکس و زمان فیلمبرداری حساب کنید با تشکر از سایت خوب دیجی کالا که با معرفی و نقد خوب محصولات توسط کارشناسان و مصرف کنندگان در انتخاب محصول خوب به من کمک کرده اند",2,4,train
13081,این امکان آخری بسیار کارآمد و خوب می باشد و برای دیدن و خواندن راحت تر به کار می آید.,2,4,train
11547,واقعا دوربین بسیار بسیار خوبیه .,2,4,train
2871,در کل، با قیمت پایین‌تر نسبت به مدل‌های مشابه، این گوشی یک گوشی مقرون به صرفه با ارزش خرید بالا به شمار می‌آید.,2,4,train
6453,من تازه این هاردو خریدم واقعا پرسرعته و حرف نداره.,2,4,train
4485,طراحی این گوشی بسیار زیبا و خوش دست بوده و به دلیل وزن بسیار سبکی که دارد، نگه داشتن آن در دست بسیار لذت بخش است.,2,4,train
11170,واقعا عالیه چه از لحاظ قیمت و چه از لحاظ کارایی در حد مطلوبی!,2,4,train
12432,سلام گوشی خیلی خیلی خوبیه.,2,4,train
12595,به نظر من که عالیه من که خیلی راضیم ولی خیلی از صفحه کیبوردش استفاده نمیشه,2,4,train
11131,این‌ها مواردیست که باعث می‌گردد Note 10.1 به بهترین انتخاب برای طراحان و گرافیست‌ها تبدیل گردد.,2,4,train
1376,زوایای دید این صفحه نمایش واقعا عالیست به طوری که حتی اگر از بالا یا پایین به صفحه نمایش نگاه کنید، هیچ‌گونه تغییر خاصی در کیفیت صفحه نمایش مشاهده نخواهید کرد.,2,4,train
5997,دوربین های سونی واقعا عالیه مخصوصا این مدل,2,4,train
9603,این گوشی قویترینه حالا می بینید!,2,4,train
12318,کیفیت ساخت بالا 8.,2,4,train
11889,چنین نمایشگرهایی فقط به لمس نوک انگشت حساس می‌باشند و حساسیت بسیار بالاتری نسبت به نمایشگرهای مقاومتی را ارائه می‌دهند.,2,4,train
4088,ولی اگر می‌خواهید با آن موزیک گوش دهید می‌توانید برای حدود 50 ساعت با خیال راحت روی باتری آن حساب کنید که عملکردی فوق‌العاده محسوب می‌گردد.,2,4,train
8436,خیلی تلویزیون خوبیه من بیشتر کار با وای فای دارم عالیه از نظر من بهترینه,2,4,train
6801,بدنه ی این دوربین کاملا خوش ساخت درست شده و در رنگ های مختلفی نیز تولید شده است تا باب طبع سلیقه های مختلف باشد.,2,4,train
993,در قسمت بالای این دوربین نیز فلش بالا جهنده ای قرار گرفته است که خیلی قدرتمند است و بردی در حد 10 متر دارد.,2,4,train
4652,در مورد طراحیش باید بگم که خیلی عالی و قشنگه.,2,4,train
5317,در کنار تمامی محاسن عالی این تبلت (پردازش عالی-داغ نکردن-صفحه نمایش عالی-سخت افزار عالی-قیمت مناسب و ..,2,4,train
6412,بسیار از محصولات این شرکت راضی هستم,2,4,train
169,بدنه خارجی فلزی آن، کیفیت ساخت فوق العاده بالای آن را مشخص می کند و حتی با وجود بزرگ بودن گوشی، به لطف منحنی موجود در پشت آن و وزن مناسب آن، به راحتی در دست جای میگیرد و حس خوبی را به شما القا می کند.,2,4,train
5781,بعد از این آپدیت بسیار کار‌کردن با این گوشی لذت‌بخش‌تر از گذشته شد چرا که احساس میکنم گوشی قدرتمند‌تر از گذشته عمل میکنه و هم اینکه محیط این نسخه از آندروید فوق‌العاده کاربردی‌تر و جذاب‌تر شده و هم چنین بسیاری از امکانات Galaxy S III هم به بهش اضافه شده.,2,4,train
715,راجع به سخت افزارش بگم گرافیکش عالیه حتی واسه کارای سنگین.,2,4,train
8504,سیستم تصویر برداری این دوربین بسیار جالب است.,2,4,train
3664,مشخصه‌های بسیار کارآمد و امکان ضبط بر روی هارد 30 گیگابایتی یا کارت‌های حافظه SD از دیگر ویژگی‌های این دوربین به شمار می‌روند.,2,4,train
2340,من هم قبول دارم که بهترین گوشی هست.,2,4,train
7166,برای همین این دستگاه رو خریدم که هم موبایلم رو به بهترین آپگرید کنم، هم یکی از بهترین تبلت ها رو داشته باشم!,2,4,train
3554,واقعا با زیاد شدن رم این گوشی یکی از بهترین گوشیهای هوشمند در حال حاضر جهانه.,2,4,train
9709,واقعا با این قدرت و امکانات ارزش خرید داره,2,4,train
12784,اصلا اغراق نیست که بگیم آیفون ٤ یکه تاز بی همتا در بین همه فون هاست.,2,4,train
11175,canon بهترین کار رو کرد که سعی‌کرده full frame ارزان قیمتی رو به بازار بده که مسلما خیلی‌مورد توجه قرار میگیره و فروش خوبی خواهد داشت!,2,4,train
7073,خیلی قویه..,2,4,train
2851,در تست‌های انجام شده، این گوشی بدون هیچ مشکلی بازی‌های HD را نیز اجرا کرد و تقریبا می‌توان گفت که در اجرای تمامی برنامه‌ها، بسیار روان عمل نمود.,2,4,train
420,حسگر CMOS کیفیت خیلی بهتری داره و از نظر باطری خیلی کم مصرف تر هست  به نظر من که کیفیت عکس و فیلمش فوق العاده هست .,2,4,train
7126,این ویجت هم اکنون به نهایت خود رسیده است و کاربر را محو خود می‌نماید.,2,4,train
12212,طراحی بسیار جالبی داره ، دارای سرعت انتقال عالی ، نرم‌افزارهای کارامد و پشتیبانی از یو اس بی 3 هست و این امکانات در کنار گارانتی سازگار می تونه تضمین کننده کیفیت این هارد باشه ..,2,4,train
2844,رزولوشن 1280×720 پیکسلی این صفحه نمایش باعث می‌گردد که متن‌ها در آن بسیار واضح و خوانا به نمایش درآیند.,2,4,train
6966,برید کلیپ های این گوشی رو ببینید واقعا شگفت انگیزه!,2,4,train
11466,همه چیزش عالیه!,2,4,train
6059,خیلی عالی  خیلی باکیفیت خیلی سریع,2,4,train
6459,من این هاردو نخریدم اما دوستم داره و خیلی ازش راضی هستیم.,2,4,train
10304,شیک و خوش‌استایل(من رنگ مشکی شو گرفتم خیلی خوش‌ترکیبه).,2,4,train
6025,متون در فونت های معمولی و استاندارد 10 تا 12 کاملا شارپ و با رنگ مشکی عمیق هستند.,2,4,train
6274,اجرای بازی عالی اجرای برنامه عالی آنتن دهی عالی از همه لحاظ راضیتون می کنه .,2,4,train
4673,صفحه ی بسیار با کیفیت.,2,4,train
2765,یک تبلت 10 اینچی با کیفیت ساخت فوق‌العاده خوب، 32 گیگابایت حافظه داخلی، سخت افزار بسیار قدرتمند، دوربین‌های جلو و پشت با کیفیت و البته استاندارد مقاومت در برابر آب و ضربه مسلما تبلت ارزشمندی محسوب می‌گردد.,2,4,train
5665,برنامه های تدوین عکس و ویدئویی که سامسونگ بر روی این تبلت قرار داده است بسیار کامل است و با محیط ساده ای که دارند، بسیار مناسب کاربران مبتدی هستند.,2,4,train
5470,7- قابلیت Quick memo اش واقعا جالبه و با دکمه ای که بالای فبلت هست، واقعا کاربردی میشه.,2,4,train
7916,پی اس ویتا بهترین کیفیت صفحه‌نمایش در تمام دستگاه های قابل حمل جهان حتی بالاتر از رتینای آیفون 5.,2,4,train
6879,ولی این گوشیم هم باطریش خوبه هم سرعتش فوق العادست هم قیافه و جنس بدنه اش عالیه.,2,4,train
12440,بی نظیره,2,4,train
6466,سلام ، من این هارد رو یکماه پیش خریدم خیلی ظریفه ولی گارانتی خیلی خوبی داره از گارانتی اون مطمئن باشید چون از دستم افتاد و سازگار یک دستگاه نو به من داد.,2,4,train
12646,سلام با توجه به قیمت و امکاناتی که داره نسبت به گوشی های هم رده خود ؛گوشی بسیار با کیفیتی است درب آن بسیار نرم باز میشود واقعا لق نمی زنه دوربینه خوبی داره,2,4,train
11869,این نسخه تا به این تاریخ آخرین نسخه‌ی آندروید می‌باشد که به بازار عرضه شده و یک سیستم عامل فوق‌العاده قدرتمند و حرفه‌ای است که روز به روز فراگیر‌تر می‌شود.,2,4,train
8435,سلام تلویزیون خیلی خوبیه ولی واقعا متاسفم که باید یه تلویزیون خارجی رو انتخاب کنم..,2,4,train
3280,از لحاظ پردازش گرافیکی نیز، این لپ‌تاپ‌ها تنوع فوق‌العاده بالایی دارند و می‌توان در کانفیگ های مختلف از پردازشگرهای گرافیکی Intel GMA HD تا کارت گرافیک‌های مستقل قوی‌تر NVIDIA GeForce دید.,2,4,train
3830,با عینک‌های 3 بعدی سامسونگ می‌توانید تصاویر خارق‌العاده 3 بعدی را با دقت فول اچ دی تماشا 1080p نمایید.,2,4,train
10323,از لحاظ طراحی، Live with Walkman کمپانی Sony Ericsson ظاهر بسیار زیبا و به اصطلاح جوان‌پسندی دارد.,2,4,train
7391,در این بخش شما امکاناتی برابر با دستبند fuel nike خواهید داشت که از تمامی اطلاعات حرکتی شما در طول شبانه روز اطلاعات جمع آوری و در بخش fitness اطلاعات بسیار جالبی به شما ارایه خواهد داد .,2,4,train
3161,با این امکانات نسبت به قیمتش عالیه درسته که nexus7 سخت افزار بالاتری داره ولی همین GPRS که P3100 داره توی ایران که همه جا WiFi نداریم خیلی بدرد بخوره تازه اگه بخوایم از امکان مکالمه و SMS اون چشم پوشی کنیم,2,4,train
9702,بهترین اسمارت فون جهان,2,4,train
137,این دوربین ها مجهز به نمایشگر 2.7 اینچی 230000 پیکسلی می باشند که برای دوربین هایی در این سطح کاربری و قیمت کاملا مناسب هستند.,2,4,train
728,دوستان این مدل علاوه بر زیبایی منحصر بفرد و مات بودن صفحش که خیلی مناسب برای کار زیر نور آفتابه ، واقعا قدرت بالایی تو پردازش نرم افزارهای مهندسی داره ، واسه گیم هم که عالیه فقط توصیم اینه که برای مواقعی که میخواین گیم بازی کنین حتما از یه کول پد مناسب استفاده کنین ؛ اگه میخواید عمر لپ تاپتون هم زیاد باشه بیشتر از 2 ساعت مداوم از گرافیکش کار نکشید .,2,4,train
3539,فیلم‌برداری این گوشی نیز همانند عکس‌برداری آن بسیار عالیست.,2,4,train
2590,اول باید از دیجی کالا به خاطر ارسال بسیار سریع و با کیفیت تشکر کنم، بسته بندی کالا و نشان شبنم هم که روش بود خیالمو در مورد کیفیتش راحت کرد دوربین بسیار خوبیه، تنظیمات مختلف و زیادی داره، برای شرایط مختلف هم تنظیم متفاوتی داره، بسیار خوشدست و خوشگله، حس عکاس حرفه‌ای بودن رو میده!,2,4,train
11411,در کل عالیه به نظرم .,2,4,train
12412,در کل راضیم ازش و اصلا هنگ تو کارش نیست و دوربینشم عالی و تو هر شرایطی خوب عکس می گیره.,2,4,train
8011,مطمئن هستم وقتی قدرت زومش رو ببینید شیفته اش میشید.,2,4,train
12388,در تست‌هایی که انجام دادیم، کیفیت عکس‌های گرفته شده توسط TZ-18 در سطح خیلی خوبی قرار دارد.,2,4,train
1338,یک پلیر بی نظیر که واقعا ارزش خریدشو داره.,2,4,train
8553,ازش کاملا راضیم.,2,4,train
6322,به نظرم بهترین دو سیم کارته بازاره !,2,4,train
7727,"با اینکه سخت افزار هر دو دستگاه برابر هست ولی به راحتی میتونم بگم دستگاهی که به ios مجهزه حداقل هشت برابر بهتر,سریعتر,و قدرتمندتر کار میکنه.",2,4,train
11425,سلام من دیشب این گوشی رو خریدم حرف نداره دیشب تا صبح نخوابیدم و باهاش ور رفتم عاااالیه صفحه نمایش بسیار با کیفیت سی پی یو قوی تنها ایرادش نخوردن کارت حافظه است که عیبی نداره به نظر من گوشیه خاصیه دست هیچ کس نیست,2,4,train
12295,کیفیت فیلم برداریش خیلی عالیه.,2,4,train
2525,خیلی لپ تاپ خوبیه بهتون پیشنهاد می کنم که بخرید من ازش دارم و راضی هستم,2,4,train
11395,بی نهایت روونه ، کیفیت دوربین خوبه، فیلبرداری عالیه، هیچ لگی هم نداره,2,4,train
9310,سرعت فوکوس خودکار آن نیز چه در مود Live view و هنگام فیلم برداری و چه غیر از آن فوق العاده و مثال زدنی است.,2,4,train
11174,بسیار عالی‌!,2,4,train
10501,گوشی زیباوقوی.,2,4,train
1824,بهترین گوشی از لحاظ کیفیت ساخت و سخت افزار و سیستم عامل-واقعا معرکه است.,2,4,train
11722,من 1سال میشه این گوشی رو خریدم واقعا که حرف نداره و اگه دوربینش 8 بود با این قیمت از اس 3 هم بهتر بود اندرویدش 4.0.4 میشه مزایا: فیلم برداری HDو دوربین 5مگاپیکسل واقعی پردازنده1000 قیمت عالی نسبت به امکانات کوچیک و جمع و جور صفحه ضد خش و تاچ قوی در کل بهترین گوشیه,2,4,train
11400,صفحه نمایش عالی هست .,2,4,train
4419,قابلیت هایی مانند USB Host، گواهی PlayStation و همچنین قابلیت های مالتی مدیای خاص آن، این تبلت را به یکی از بهترین تبلت های هانی کامبی موجود در بازار تبدیل کرده است.,2,4,train
11944,تاچ گوشی بسیار روان که احساس خوبی به ادم دست میده.,2,4,train
2620,چند نکته: چند قابلیت خیلی خوب داره از جمله تشخیص پلک زدن  تشخیص لبخند و چهره بسیار قوی و ..,2,4,train
6028,این برای پرینت تک رنگ گرافیک ها کاملا مفید می‌باشد.,2,4,train
2700,سرعت عکاسی پیاپی هم با 6 فریم بر ثانیه تا 40 عکس JPEG و 10 عکس RAW خیلی عالیست و بیشتر از دوربین های DSLR سطح مبتدی است.,2,4,train
6807,این دوربین مجهز به لنز 25-200 میلی متر با توانایی زوم 8 برابر است که کمینه ی نسبت کانونی f/3.3 را ارائه می کند و کاملا خوب است.,2,4,train
8339,با آمدن SX50 در دنیای سوپر زومها بقیه رقبا هیچ حرفی واسه گفتن ندارن واقعا لنگه نداره تو رده خودش عالیه هم فیلمبرداریش هم عکاسی حتی در شرایط نوری ضعیف .,2,4,train
470,خیلی خوشگل و جذابه,2,4,train
4974,اتصال به ویندوز مدیا سنتر با رابط بسیار زیبا .,2,4,train
7221,قیمتش واقعا به صرفه است!,2,4,train
2682,همانطور که گفتیم این عملکرد برای دوربینی با سنسور تصویر APS-C فوق العاده است و کیفیتی در حد دوربین های DSLR دارد.,2,4,train
145,همه جا میتونی ازش استفاده کنی مخصوصا اگه جاهای تفریحی یا توی مراسمی کسی بخواد  عکس یا فیلم یادگاری داشته باشه واقعا این دوربین یه پیشنهاد عالی هست چون با توجه به اندازه کوچیکش واقعا کیفیتش عالیه .,2,4,train
5548,در خصوص سخت افزار گوشی باید بگم پردازشگر چهارهسته ای قدرتمند Nvidia بسیار عالی جواب میده و سرعت عکس العمل گوشی در شرایط مختلف در حد مطلوب هستش البته اگر سیستم عامل اندروید و قابلیت استفاده از منابع رو در نظر داشته باشیم باید گفت که پردازشگر 4 هسته ای و 2 هسته ای تقریبا در یک رده هستند ولی باز هم آفرین به این سخت افزار.,2,4,train
6026,این کیفیت برای استفاده هایی که p1102 بدان منظور ساخته شده کاملا کافی می‌باشد.,2,4,train
10160,در کل گوشی خوبیه و همیشه برای کسایی که دوست دارن یه گوشی خوب و قوی و کوچیک داشته باشن، کاملا مناسبه,2,4,train
11843,به هر حال گوشی بسیار خوبیه حتی اگه قیمتش هم بشه بالای 400 هزار تومان باز هم ارزش خرید رو داره.,2,4,train
12672,همسرم مهندس IT هست و تقریبا با همه امکانات گوشی کار کرده و به نظرش بی نظیره.,2,4,train
2182,سیستم عامل:سیستم عامل iPhone OS یا همون i OS بی نظیره در حد دیگر رقبا بی نظیره حالا که ورژن 6 این سیستم عامل در این گجت وجود دارد میتوان گفت واقعا ارزشمند است و رقیب ندارد!,2,4,train
12503,فیلم‌برداری Xperia V نیز شرایط یکسانی دارد و بسیار خوب است.,2,4,train
13078,مرورگر Safari را می توان بهترین مرورگر وب برای دستگاه های کوچکی چون پخش کننده های موسیقی دانست.,2,4,train
7772,باز هم عالیه.,2,4,train
11861,نزدیک دوماه میشه این گوشیرو خریدم واقعیتش بنظر ما این گوشی نسبت به امکاناتش مثل صفحه نمایش بسیار شفاف و تاچ خیلی عالیش و فیلمبرداری اچ دی و سیستم عامل اندروید بسیار حرفه ایش و شکل و شمایل خوبش و جمع وجور بودنش باید بالای 500 هزارتومان میشد من بعنوان یک شخص واقعا علاقمند به گوشی اینو به همه پیشنهاد میکنم .,2,4,train
480,وای عجب گوشی هستش من ازش خوشم اومده حتما یکی ازش میخرم هم ارزونه هم اینکه همه جور امکاناتی داره خیلی هم خوشگله,2,4,train
540,نسبت به قیمتش عالیه.,2,4,train
3865,فقط در همین حد اشاره می‌کنیم که علاوه بر فن آوری هایی که در این دوربین به کار رفته، از نظر طراحی نیز یکی از بهترین‌ها می‌باشد.,2,4,train
10417,در این حالت کمینه‌ی نسبت کانونی نیز f/3.1 است که برای عکاسی در شرایط نوری ضعیف تر بسیار خوب است.,2,4,train
9665,گوشی واقعا زیبایی است.,2,4,train
10112,به هر صورت همانطور که گفتیم، G2710 برای استفاده های چند منظوره ی خانگی و دفاتر کار کوچک، و همچنین علاقه مندان به عکاسی و کسانی که می خواهند عکس های آنالوگ خود را به دیجیتال تبدیل کنند اسکنر خیلی خوبی است.,2,4,train
