source_index,text,polarity,label_id,split
10447,دوربینش خیلی ضعیفه..,-2,0,train
10584,به علاوه زاویه دید به خصوص در حالت عمودی، بسیار محدود است به طوری که اگر کمی از بالا و یا پایین به آن بنگرید، افت شدیدی در کیفیت تصویر و رنگ‌های تولید شده مشاهده خواهید کرد.,-2,0,train
9660,من که خودم از گوشی کم وزن بدم میاد گوشی باید خودشو تو دست نشون بده.,-2,0,train
9508,معتادش میشین و دیگه به نقصاش دقت نمیکنین و مجبورین یا گوشی نخرین یا پولتونو بدین برای IPHONE,-2,0,train
8630,تنظیمات اندرویدش یا شخصی سازیش مثل htc و sony نیست : مثلا ساختن فولدر جدید رو صفحه اصلی یا منو برای جدا کردن بازی ها و برنامه ها نداره و یا قابلیت انتقال برنامه های نصب شده به sd رو نداره که ممکنه فضا کم بیاریم و .,-2,0,train
7316,واقعا آدم را کلافه می کنه.,-2,0,train
11760,عکسبرداریش ضعیفه و عکسارو بدون فلاش خیلی تاریک میندازه.,-2,0,train
1904,ولی یه مشکلی داشت که در بلند مدت ممکنه خیلی اذیت کنه، اونم اینه که پشت گوشی خیلی سریع خط میفته که فکر کنم تو سفیدش کمتر پیدا باشه,-2,0,train
10743,کلا به نظر میرسه سامسونگ دچار مشکل طراحیه از زمانی که گلکسی اس فروش خوبی کرد همینطوری فقط بزرگترش کرد با این نقص به نظرم به زودی قسمت زیادی از بازارو از دست میده مگر اینکه یه طراحی جدید بزنه,-2,0,train
9590,به نظر من این گوشی ارزش خرید نداره اگه قیمتش هم اندازه ی گوشی هایی مثل گلکسی اس 3 و اچ تی سی وان ایکس باشه به نظر من حداقلش پردازندش باید 4 هسته ای می بود که نیست همچنین اگه بخوایم عمر باتری در نظر بگیریم که اپل خیلی عقبه.,-2,0,train
9400,صدای بلندگو خش‌خش داره 2.کیفیت صدا پایینه مخصوصا از طریق هندزفری 3.دوربین و فلاش اون در حد 5 مگا پیکسل نیست 4.اثر انگشت میمونه اما.,-2,0,train
7158,اصلا گارانتی معتبر و مسئولی نیست.,-2,0,train
11992,بنظر من کارکرد باطریش اصلا خوب نیست و همچنین فیلمبرداریش.,-2,0,train
11016,هم نسخه اولیه آندروید قدیمی هست هم قیمت نسبت به امکانات تقریبا میشه گفت بسیار بالاست!,-2,0,train
7390,باسلام متاسفانه در معرفی این محصول توجهی به یکی از مهمترین امکانات آن یعنی بخش fitness آن نشده .,-2,0,train
10483,به نظرم ارزش خرید نداره مخصوصا به خاطر اینکه صدای مکالمه داخل گوشی انعکاس داره خیلی آزار دهنده هست,-2,0,train
11960,در تست هایی که بنده انجام دادم هد ست داخل جعبه گوشی کیفیت خروجی بسیار پایینی داشت در کل میشود استفاده کرد .,-2,0,train
9883,ولی خیلی موبایل گرونیه,-2,0,train
9546,من یکی از طرف دار های سرسخت اپل بودم و منتظر بودم که 5 بیاد تا بخرمش ولی وقتی معرفی شد و دیدمش شنبه رفتم و یه s3 گرفتم و فوق العاده راضیم.,-2,0,train
9672,من خودم طرفداره اپلم ولی با این گوشی حالم گرفته شد :( 1 ساله منتظرم بیاد بگیرمش.,-2,0,train
5318,) مشکل غیر فعال شدن وای فای در زمان ورود سیمکارت خیلی اذیت می کنه چون باید دوباره به تنظیمات کارخانه برگشت.,-2,0,train
6045,سلام ، حدود یکسال هست که دارم، بعد از اولین شارژ کیفیتش خیلی اومد پایین،,-2,0,train
6082,دقیقا همین قیمت و واقعا ناراحت شدم که دیجی کالا حتی اسمشم نیاورده .,-2,0,train
9642,هیچوقت به پای گوشیهای جدید 2012 نمیرسه سامسونگ الان تو زمینه گوشی حرف اول رو میزنه S III و note 2 خیلی بهترن.,-2,0,train
9628,به نظرم حتی با اس2 هم دیگه قابل مقایسه نیست.,-2,0,train
10630,صفحه نمایش کم نور و تاریک به نسبت اس۳ و وان ایکس دوربین خیلی بی کیفیت ظاهرا ۱۳ که خریدم وقتی عکس میگیری و زوم میکنی یه سری نقطه های رنگی رو تو عکس به صورت پراکنده میبینی خیلی بی کیفیته تاچ ضعیف انگار کمی دست رو باید فشار بدی روان نیست,-2,0,train
6665,واقعا سنگینه.,-2,0,train
9670,واقعا ارزش خرید رو نداره هنوز cpu dual داره وRAM ایفون 1024 هست که به تازگی یک گوشی از سامسونگ و الجیRAM 2048 دارند و صفحه نمایش 4.0 هنوز کوچک است و ایفون در نهایت نتوانست انتظار هوادارانش را براورده کند و داره روی وزن و امکاناتی مثل پانارومای 360 درجه مانور میده,-2,0,train
11758,2.روشنایی صفحش خیلی کمه.,-2,0,train
7789,این رزولوشن و تراکم پیکسلی برای کمپانی اپل مایه سرافکندگی محسوب می‌گردند.,-2,0,train
12200,این هارد ضد‌ضریه و ضد‌آب نیست و سرعت انتقال داده 107 و 109 که ADATA داره رو نداره!,-2,0,train
2594,اگه حوصله تنظیم منوال ندارین اصلا پیشنهاد نمیکنم.,-2,0,train
9814,"در کل تجربه استفاده از ویندوز RT‌با اینکه در ابتدا شباهت‌های فوق‌العاده آن به ویندوز جدید هیجان‌انگیز می‌نماید اما کمبود برنامه و خالی بودن این سیستم‌عامل در همان لحظات ابتدایی لذت استفاده از RT‌را تا حد ""هیچ"" کاهش می‌دهد.",-2,0,train
9669,ارزش خریدن ندارد کیفیت دوربین و تصویر با امدن سونی xperia v چیزی برای گفتن ندارد هیچ خلاقیتی در طراحی به کار گرفته نشده و مثل iphone4 هست فقط صفحه بزرگتر شده.,-2,0,train
12910,4- به جز رنگ سفید مابقی رنگ ها چنگی به دل نمی زند؛ و رنگ سفید نیز زود کثیف میشود.,-2,0,train
5642,همچنین اینکه برای اسکن یک عکس 6X4 به بیش از یک دقیقه زمان احتیاج دارد که یکی از کند ترین اسکنرهایی می‌باشد که تا به حال دیده ایم.,-2,0,train
1272,نداشتن دوربین دوم ) تایپ sms اصلا خوب نیست کیبردش خیلی کوچیکه حروف اشتباهی تایپ میشه ..,-2,0,train
1833,سیستم عامل اندروید خیلی باگ ها داره که هنوز هم برطرف نشده ، برای مثال برنامه ی اتصال به اینترنتش یا برنامه ی مپ که بسیار کند و کسل کننده است.,-2,0,train
9585,شایعاتی که قبل از ورود این گوشی به عرصه ی گوشی های فوق مدرن منتشر شد توقعات کاربران رو بالا برد به طوریکه با معرفی این گوشی هیچ چیز اعجاب آوری در آن دیده نشد در صورتی که رئیس بخش Foxconn گفته بود گوشی آیفون 5 دارندگان گلکسی s3 رو خجالت زده میکند .,-2,0,train
740,با سلام، با اینکه بنده از طرفدارهای پر و پا قرص اچ پی چه در زمینه سرور و چه لپتاپ بودم و از تمام خریدهای اچ پی که داشتم راضی بودم این لپ تاپ رو یکی از بدترین محصولات این شرکت دیدم در زمینه طراحی، اگر چه بدنه شکیل و آلمینیومیش در نگاه اول جذاب بنظر میاد اما ایرادات طراحی بد ترکپدش که هر بار کلیک کردن دکمه باعث برخورد با لبه فلزی قسمت پایین ترکپد میشه، نبود چراغ های نمایش خاموش روشن، شارژ، وایرلس در لبه بیرونی، بطوری که اگه درب لپ تاپ بسته باشه شما عملا نمیتونید ببینید لپ تاپ روشنه یا خاموش، قرار دادن چراغ در بالای درگاه شارژ که هر برای دیدن وضعیتش باید یا خودتون خم بشید یا لپ تاتون رو خم کنید!,-2,0,train
7156,بسیار عالی بود واقعا حرف نداشت اما ناگهان گوشی خاموش شد و دیگه روشن نشد.,-2,0,train
10459,کیفیت پایین دوربین و آنتن دهی ضعیف,-2,0,train
7195,تنها کیفیت صفحه نمایش تبلت یا همون استیشن خیلی خوبه ولی عالی نیست تنها نکته ای که من رو نگران میکنه جمع شدن غبار زیر کاور لنز بعد از یه مدت استفاده است که در سایتها خارجی و داخلی گزارش شده و خود من هم امروز یه دونه غیار ریز اونجا دیدم که بعد از هزینه کردن یه همچین پولی این ایراد چیز کوچکی نیست امیدوارم مال شما اینجوری نباشه,-2,0,train
11968,روی دوربین دوم اصلا حساب باز نکنید کیفیت بسیار پایین.,-2,0,train
6205,این رزولوشن تراکم پیکسلی 187ppi را تولید می‌نماید که تراکم پیکسلی بسیار پایینی است.,-2,0,train
5579,کیفیت تصویر خیلی معمولی است و چندان حرفی برای گفتن باقی نمی‌گذارد.,-2,0,train
7236,از نظر من ارزشش رو نداره.,-2,0,train
9527,آخه مگه یه گوشی میخواد چی کار کنه با این پول هم میشه یک لپ تاپ یک تبلت و یک گوشی عالی بخرید.,-2,0,train
9682,متاسفانه بدرد ایران نمیخوره .,-2,0,train
12855,برای پرینتری در این رده، ظرفیت سینی ورودی واقعا محدود است به طوری که ظرفیت آن نهایتا تا 150 برگ می باشد.,-2,0,train
7230,من از ایده ی ایسوس خیلی خوشم اومد اما ویدئویی رو دیدم که یکی از بچه ها این محصول رو از خود تایوان خریداری کرده بود و به مشکلاتی نظیر خاک گرفتگی خیلی شدید دوربین ها، خوردگی لبه ها، از کار افتادن استیشن در مدت یک ماه اشاره کرده بود و به گفته ی خودش در کیف هم نگهداری میکرده؛ که به نظر مشکلات کوچکی نیستن برخورد کرده بود و ظاهرا تنها مشکل خودشم نبود واین موضوع به کرات در پد فون کلاب دیده شده بوده.,-2,0,train
9645,اصلا باهاش حال نکردم .,-2,0,train
9696,واقعا انتظار ها براورده نشد.,-2,0,train
3975,اما این مشکلش خیلی بده.,-2,0,train
1034,همانند مدل‌های پیشین، FT3 هم ظاهری کاملا نا ظریف دارد که در کف دست کاملا محکم احساس می‌شود.,-2,0,train
7003,وان ایکس که منو با باتریش کشت.,-2,0,train
1856,امکانات بسیار کمی‌داره نسبت به خارج از ایران.,-2,0,train
7160,من واقعا از این محصول asus بابت این مشکل نامید شدم و با گارانتی آوات نامیدتر.,-2,0,train
9597,اما خیلی ها ناامید هستند.,-2,0,train
10050,زاویه دید هم، همانند سایر صفحات نمایشی که از پنل TN استفاده می کنند، در حالت افقی قابل قبول بوده ولی در حالت عمودی بسیار محدود می باشد.,-2,0,train
10500,به نظر من ارزش خرید نداره ، من چند روزه خریدمش گوشی قبلیم گالاکسی اس3 بود واقعا پشیمونم 1:فاقد دوربین جلو 2:فاقد فلش 3:عملکرد ضعیف سی پی یو 4:صفحه نمایش ضعیف,-2,0,train
8385,از نظر حداکثر سرعت شاتر، محدوده دیافراگم ، عکسبرداری پیاپی ، برد فلاش و قدرت باطری نسبت به SX40 ضعیفتر عمل کرده.,-2,0,train
9701,در پایان اینکه بر اساس این همه شایعات در مورد این گوشی بی صبرانه منتظرش بودم و در فکر خریدنش بودم ولی حالا نه با توجه به قیمتی هم که خواهد داشت.,-2,0,train
9519,ولی یه مشکلی داشت که در بلند مدت خیلی ضد حال میشه، اونم اینه که پشت گوشی خیلی سریع خط میفته که فک کنم تو سفیدش کمتر پیدا باشه,-2,0,train
10827,2- نداشتن باتری لیتیومی قابل شارژ 3-نداشتن لرزشگیز 4-نا توانی در استفاده از زوم اپتیکال در حالت فیلم برداری این مطالب حاصل تجربه 1 ماه استفاده از این دوربین می باشد.,-2,0,train
9683,باطری مدل جدید واقعا مناسب نیست.,-2,0,train
9567,و اما برسیم به Iphone 5 این گوشی بعد از یکسال تولید و کلی تبلیغ برای این گوشی ساخته شده بود که اصلا انتظار نمی رفت این کمپانی همچین گوشی رو با این امکانات پایین رو وارد بازار کنه به نظرم اپل فقط به برندش می نازد نه به تکنولوژی خود!,-2,0,train
8447,اسپیکر و میکروفن فوق العاده ضعیف,-2,0,train
741,و اینکه فراموش کردن برای نمایش خاموش یا روشن بودن نامبرلاک چراغ قرار بدن و فقط برای کپس لاک این چراغ تعبیه شده و بدتر از همه اینکه قرار داشتن هارد در سمت چپ ترکپد که باعث داغ شدن بیش از حد تاچ پد میشه منو نسبت به این محصول از سری بیزنس مایوس کرد، پس حتما قبل از خرید آنلاین سعی کنید حد المقدور درست بررسیش کنید تا بعد پشیمون نشید,-2,0,train
9695,iphone تسلیم شد.,-2,0,train
7157,خود شرکت ایسوس تایوان این مسئله رو بیان کرد که به این مشکل می خورن و ما رایگان عوض می کنیم نزدیک به 1ماه هست که گوشی در شرکت آوات هست و کاری واسش نمی کنند.,-2,0,train
7587,به نظر من نسبت به گوشی Galaxy S2 ضعیف تر هستش و اصلا دلیل منطقی برای خرید این گوشی وجود نداره,-2,0,train
10572,بدنه براق G585 باعث شده که ظاهر آن نسبت به مدل قبلی یعنی G575، کمی شکیل‌تر و حرفه ای تر باشد ولی در عوض این براق بودن بدنه باعث می‌شود که G585 به شدت مستعد جذب اثر انگشت و گرد و غبار باشد.,-2,0,train
11477,از امکانات به روز گوگل و ال جی برخوردار نیست، نقشه هاش مشکل داره، بدنه آیفون 5 زود خش میشه، امکاناتی که قرار بود روش باشه مثل پخش فیلم در هوا روش نیست، پشتیبانی و کاربردش تو ایران نامناسبه، گرافیکش پایین تره و صفحه نمایشش کیفیت پایین تری داره، در عکس های دارای نور متوسط به بالا عکس ها رو بنفش میندازه و .,-2,0,train
10077,درست است که هارددیسک های سنتی HDD بسیار ارزانتر از SSD ها می باشند ولی همین امر باعث شده تا سرعت Sleekbook بسیار پایینتر از آلترابوک ها باشد.,-2,0,train
8815,اولا: تصویر برداری با ان بسیار سخت میباشد به دلیل نداشتن دکمه تله واید روی دستگاه و سفت بودن رینگ زوم روی لنز اورجینال که چرخاندن ان و تله واید کردن باعث تکان خوردن دوربین شده و تصویر را خراب میکند و در ضمن صدای ان هم درتصویر ضبط میشود.,-2,0,train
9107,من این گوشیو خریدم ولی زود فرختمش شارزش اصلا دوام نمیاره برا همراه بانکم چون منو نداره نمیشه باهاش کار کرد,-2,0,train
12197,به‌صرفه نیست و تنوع رنگ هم نداره.,-2,0,train
9830,• صفحه نمایشاما با اینکه صفحه نمایش این تبلت از آیپد جدید بزرگ‌تر است، رزولوشن آن بسیار کمتر یعنی 768×1366 است که در مقایسه با رزولوشن 1536×2048 آیپد، حرفی برای گفتن ندارد.,-2,0,train
11757,باطریش خیلی ضعیفه و در استفاده ی معمولی یک روزو نیم بیشتر دووم نمیاره.,-2,0,train
10200,دوعیب بزرگ: 1-صفحه‌ی کوچیک2-باتری بد,-2,0,train
3129,نه تنها دوربین این تبلت از فوکوس ثابت استفاده می‌کند، بلکه به فلاش نیز مجهز نیست به همین دلیل کیفیت عکس‌های گرفته شده به خصوص در فضاهای کم نور، پایین‌تر از حد متوسط بوده و نویز زیادی دارند.,-2,0,train
3327,دوما :نورگیری ان بسیار کم است و در شرایط نور کم تصویر بسیار بی کیفیت میشود.,-2,0,train
3737,معایب نوکیا 500 خیلی آزاردهنده است.,-2,0,train
8879,اگر نور فلشتون تنظیم نباشه عکساتون در کامپیوتر فوق العاده غیر عادی میفته.,-2,0,train
4060,سلام دوستان عزیز من خیلی سرچ کردم تا این دوربینو خریدم اما واقعا در عکس برداری محیطای کم نور و تاریک وقتی روی عکس زوم میکنی کیفیتش خیلی پایینه و مثل نقاشی آبرنگ میمونه !,-2,0,train
7439,ولی از نظر سرعت کاملا عقب تر قرار می‌گیرد.,-2,0,train
118,سلام سه چهار روزی میشه که این به اصطلاح دوربینو گرفتم اصلا از کیفیت عکساش راضی نیستم در حد 5 یا 6 مگا پیکسله فیلمی هم که باهاش میگیری هی گیر میکنه صداشم قطع و وصل میشه,-2,0,train
618,کیفیت بدنه بسیار پایین .,-2,0,train
6683,به نظر من وزن بسیار زیادی داره و در این رنج دوربین های بهتری وجود دارد,-2,0,train
4061,من همه مودهای عکاسیشو با iso های مختلف تست کردم هیچکدوم نتیجه خوبی نمیدن از فیلم‌برداریش که نگم اینقد افتضاحه که فک کنم اصلا دوربین من مشکل فنی داره !,-2,0,train
9073,همان طور که دیجی کالا اشاره کرد کیفیت فیلم برداری و فیلم های ضبط شده پایین است و همچنین 4 گیگابایت حافظه ی داخلی به خاطر وجود سیستم عامل کاملا پر شده و باید حتما رم جدا برایش خرید.,-2,0,train
11417,با تجربه استفاده 3 ماهه باید بگم که باتری 2100 میلی آمپری بسیار کم به نظر می رسه و در بعضی موارد در اجرای بازی های 3 بعدی و استفاده از WiFi مجبورید به شارژ بیش از یک بار برای هر روز وصل کنید.,-2,0,train
11725,"من 8 ماه پیش این گوشی رو خریدم , مشکل خیلی بدی که داره اینه که بعد از مدتی که باهاش کار میکنی یکدفعه بک میزنه که این خیلی بده.",-2,0,train
9537,اما موسسه تحقیقاتی strategyanalytics به سرعت نشان داد که حرف اپل در این مورد درست نیست.,-2,0,train
6846,اما متاسفانه زود داغ میکنه صدای پخش موزیکش ضعیفه زوم دوربینش کیفیت پایینی داره.,-2,0,train
9966,البته به طرز عجیبی زمان شارژدهی در حالت Standby از 300 ساعت بر روی iPhone 4 به 200 ساعت بر روی 4s افت کرده است.,-2,0,train
9099,قبلا Vivaz pro داشتم که خیلی اذیتم کرد.,-2,0,train
9109,من واقعا نمی دونم چرا چنین شرکتی به این معروفی، از امکان USB On-the-go تو گوشیهاش استفاده نمی کنه.,-2,0,train
7749,آیپد مینی با این قیمت ( تو ایران) و سیاستهای اپل ارزش خریدش خیلی کمتر از ASUS NEXUS 7 32GB هست!,-2,0,train
2491,شاید تنها نقطه ضعف صفحه نمایش را بتوان زاویه‌ی دید عمودی محدود آن دانست به طوری که اگر کمی از بالا یا پایین به صفحه نگاه کنید، افت چشمگیری در کیفیت تصویر مشاهده خواهید کرد.,-2,0,train
9659,وزن کم اخه کی واسه وزن کم پول میده.,-2,0,train
9571,"چون علاوه بر طول و عرض, ضخامت هم کم تر شده که این بزرگترین مشکله!",-2,0,train
9629,در هر صورت تا مشکل نانو سیم کارت حل نشه تو ایران قابل استفاده نیست.,-2,0,train
3093,کیفیت TF700T خیلی خوبه ولی مال new ipad یک چیز دیگه است و برای تماشای فیلم عالیه.,-1,1,train
2944,خدا کنه حداقل با گارانتی این ضعف ایسوس پوشش داده بشه وگرنه با اینکه تبلتی بسیار بسیار فوق العاده است توصیه میکنم برای خریدنش عجله نکنید از همین سایت نحوه پوشش گارانتی رو اطلاع میدم,-1,1,train
2097,با یک اندازه با یک مشخصات سخت افزاری و البته مقدار زیادی پول بعد از آن هم کلی محدودیت.,-1,1,train
11496,متاسفانه این شیشه ای بودن قاب پشتی گوشی باعث می‌شود که کاملا مستعد جذب اثر انگشت باشد.,-1,1,train
967,حتما دلایلی برای این کار داشته، با این حال به نظر ما که این یک فقدان خیلی بد است چرا که همواره استفاده از چشمی های اپتیکال در زیر نور شدید آفتاب را دوست داریم.,-1,1,train
8665,در پشت که مکان بلندگو در پایین گوشی قرار گرفته و دوربین در بالا!,-1,1,train
4184,صدای کم اسپیکر و خروجی هدفون !,-1,1,train
9675,اونجوری که اپل گیر کرده بود تو ساخت این گوشی من انتظار بیشتری داشتم.,-1,1,train
13091,بیشتر شکایت ها و ایرادهایی که ما به این دستگاه می گیریم مربوط به مواردی می شود که فاقد آن ها است.,-1,1,train
2669,برخلاف دوربین X100، این دوربین از شاتر سنتی Focal Plane بهره می‌برد که اصولا شاتر پر سر و صداتری است.,-1,1,train
9813,به نظر من از نظر سخت افزاری تبلت قدرت مندی است ولی کمبود برنامه برای ویندوز RT یک ضعف خیلی بزرگ است,-1,1,train
9599,در واقع نمایشگر، رم، دوربین به غیر از امکانات خاصی به آن اضافه شده است چیز چشمگیری را ندارد.,-1,1,train
8229,فرقش با 309 اینه که وای فای ندارد .,-1,1,train
5374,در ضمن، برای حمل و نقل این گوشی هم نمی‌توان بر روی جیب‌های شلوار جین حساب کرد.,-1,1,train
2530,کاش صفحه کلیدش کامل بود اونوقت دیگه هیچی کم نداشت,-1,1,train
6104,تنها ضعفی که این پرینتر دارد عدم وجود یک نمایشگر دیجیتالی برای تنظیم و نیز آگاهی از میزان ذخیره پودر در درون آن است,-1,1,train
423,مدتیه که این دوربین رو از دیجی کالا خریداری کردم لازم دونستم چندتا نکته رو به اطلاع کسانی که قصد خرید این مدل رو دارند برسونم اول از هرچیزی توجه داشته باشین که صفحه لمسی این دوربین مقاومتیه کابل HDMI نداره و باید جداگانه تهیه بشه با توجه به ژاپنی بودن دوربین منوی شروع به زبان ژاپنیه و تمام محتویات دفترچه راهنمای دوربین به زبان ژاپنی نوشته شده!,-1,1,train
6450,) مشکل گرفتن که آخر هم هارد رو بهم ندادن و گفتن زنگ می‌زنن.,-1,1,train
8954,هیچ امکان فوکوس دستی هم برای آن وجود ندارد.,-1,1,train
2623,اما در مورد باتری با این که باتری قلمی میخوره ولی مدت زمان عکس برداری بالایی داره  و با این که برای تست از باتری معمولی (آلکا) استفاده کردم مدت خیلی طولانی جواب داد  و این مساله نشان گر این است که اگر به جای این باتری ها از باتری شارژی (برای مثال نیکل 2300) استفاده کنیم خیلی طولانی تر هم میتونیم باهاش عکاسی کنیم  در مورد دکمه ها : دکمه های خیلی روانی داره  مخصوصا دکمه روشن خاموشش که من در مورد اون نگران بودم  ولی یک جای نگرانی هم داره و اون هم در مورد دکمه مربوط به زوم هست : چون زوم دستی نداره اگر خیلی از این دکمه استفاده بشه و اگر قرار باشه کودکی اون رو استفاده کنه ممکنه زود خراب بشه,-1,1,train
8086,البته این نقطه ضعف به خاطر اینه که قیمتش پایین تموم بشه صفحه نمایشش خوبه با این که تراکم پیکسلی کمی داره اما من که راضی بودم از صفحش دگمه های پایین صفحش کاملا سر جاشونن و هنگام بازی کردن مشکلی ایجاد نمیکنن دوربین این گوشی علی رغم این که میگن فوکوس اوتو داره من که یه همچین چیزی ندیدم اگه جز افرادی هستید که گوشی چرخشی عوض میکنید بخرید این گوشی رو وگرنه این گوشه برای استفاده طولانی مدت مناسب نیست,-1,1,train
4775,عدم وجود فیلتر هوا و کنترل مناسب برای میکروفون .,-1,1,train
980,بنابراین از P7700 انتظار تولید عکس هایی در حد G1x نمی رود.,-1,1,train
6276,من هنوز نخریدم ولی این طور که گفتند اگر رایتل یا ایرانسل در اسلاید 2 قرار بگیره آنتن نخواهی داشت فایده ای نداره و اکثرا نمیتونند از همراه بانک استفاده کنند .,-1,1,train
12013,اما کیفیت ساخت بدنه بخصوص قسمت در پوش باتری و سیم کارت دارای کیفیت ساخت پایین و در مقابل اثر انگشت، اثر پذیر می باشد.,-1,1,train
8202,با این حال شاید چندان رزولوشن پایین آن را نپسندید.,-1,1,train
8871,دور دوربین که نقره ایه پلاستیکیه رنگش زود پاک میشه,-1,1,train
11666,داغ میشد و شروع میکرد به بک خوردن.,-1,1,train
1787,واقعا ارزش نداره .,-1,1,train
718,بدیش هم ویندوزشه که اصلی نیست و وسایل جانبی نداره مثلا کیف.,-1,1,train
9477,کیفیت عکاسی نیز خیلی خوب نیست به طوری که شاید بتوان گفت حتی به پای کیفیت عکس های تلفن های همراه هم نمی رسد.,-1,1,train
11693,لنز دوربینش هم خیلی زود لک می افته.,-1,1,train
4052,اما هرچی سعی کردم از یه شئ متحرک یه عکس درست و حسابی بگیرم نتونستم و در تمامی عکسها بصورت تار ثبت میشد.,-1,1,train
3464,سرعت کپی در حالت ADF ( تغذیه خودکار ) در این دستگاه 3.4 برگ در دقیقه می‌باشد که سرعت بالایی نیست.,-1,1,train
11095,منصفانه نیست اگر بگوییم ساخت Galaxy Note 10.1 بی کیفیت یا نا امید کننده است، ولی برای قرار گرفتن در بین تبلت های برتر دنیا کمی ضعیف است.,-1,1,train
1995,البته عیب آیفون مشکل حافظه و سیمکارتش نیز هست.,-1,1,train
4113,.اما اشکال کار در این است که معایب این گوشی بیشتر از محاسنش است.,-1,1,train
12066,این دوربین به منظره یاب مجهز نیست و باید با صفحه نمایش آن کار کنید.,-1,1,train
1919,از صداش هم خوشم نیومد .,-1,1,train
10104,لامپ CCT گرمای زیادی تولید می کند و نخستین اسکن نیز 30 ثانیه بیشتر از اسکن های بعدی صورت می گیرد.,-1,1,train
46,به نظرم نمی ارزه,-1,1,train
261,الان ۱ هفته شده که استفاده میکنم ، همه چیزش خوبه بجز ۲ مورد که یکم آدمو ناراحت میکنه: باتریش که نهایت ۲۰ ساعت کار میده با استفاده نرمال و کلیدهای سخت افزاریش که بعضی مواقع باید بیشتر از ۲_۳ بار فشار داد.,-1,1,train
5514,چون بر خلاف سامسونگ که ابعادش مناسبتره و همه چیو به نسبت بزرگ کرده، وقتی با این گوشی کار کردم فهمیدم اونقدر عریضه که به سختی میشه باهاش کار کرد.,-1,1,train
6396,ودارای اندروید 4.1 است ودارای gpu mail400 است ولی مقدار کارکرد ان نسبت به مدل قبلی ضعیف تر شده است .,-1,1,train
7570,در کل اگر قصد خرید دارید فقط بخاطر اسم، این گوشی رو نخورید..,-1,1,train
12539,دوربین 3 مگاپیکسلی که بر روی گوشی 3GS وجود داشت کیفیت فوق‌العاده‌ای نداشت.,-1,1,train
9689,البته تو کنفرانس اپل گفته شد که قیمتش با 4S یکسان است ولی یقینا تو ایران که بیارن گرون تر میفروشن .,-1,1,train
8454,البته از آن هایی که فقط به سمت بالا چرخش می کنند.,-1,1,train
7218,اگه micro sd هم میخورد بهتر بود,-1,1,train
12239,بیشینه‌ی گشودگی دیافراگم این لنز F3.1-6.4 است که در حالت واید با عدد F/3.1 خیلی بد نیست ولی در زوم با F/6.4 واقعا زیاد است و اصلا مناسب عکاسی در شرایط ضعیف نوری و بدست آوردن عمق میدان کم نمی‌باشد.,-1,1,train
4062,اما همین دوربین در نور مناسب عکسای با کیفیت و محشری میگیره در حالت ماکرو هم فوق العادست یکی دیگه از معایبش اینه که از سوژه های متحرک عکسای خوبی را ثبت نمیکنه هر چی هم با تنظیماتش ور رفتم درست نمیشه که نمیشه در ضمن تو زوم اپتیکال بالا واقعا نویز زیادی داره چه برسه به زوم دیجیتالش !,-1,1,train
2943,به مشکل آقای یزدانی فرجام برخوردم یعنی یک خط نازک مشکی وسط نمایشگر افتاده ، زنگ زدم هماهنگ گفتند بفرستید، کالاتون بیمه است عوض میکنیم ولی این پروسه یکماه طول میکشه .,-1,1,train
1868,این محصول کیفیت خوبی در ساخت دارد ولی ظاهری تکراری و ارزش خرید ندارد.,-1,1,train
11453,و باز هم تکرار مشکلات در گوشی های نکسوس یعنی نداشتن شیار کارت حافظه و حافظه داخلی کم,-1,1,train
5640,سلام به همه دوستان من یکی از این دوربینها رو از همین سایت خریدم ، فقط در حد یک اسباب بازی هستش بجز وزن و باریکیش هیچ چیزش بدرد نمی‌خوره ، دوربین عکاسیش که 5 مگا پیکسل معرفی شده در حد یک دوربین سه مگا پیکسلی هم عکسهای شفاف نمیگیره ، لرزش گیر که گفته شده داره اصلا وجود نداره چون برای گرفتن عکس کافیه یک مگس روی دست شما بشینه دیگه بجز یک صحنه تار دیگه چیزی مشخص نمیشه که از چه چیزی عکس گرفتی ، فلاشم که گفتن داره نداره فقط یک لامپ ال ای دی داره که فلش نمیزنه بلکه به عنوان یک چراغ ثابت روشن میشه ، فقط فیلم بر داریش بد نیست که اونم با این قیمت زیاد نمی‌ارزه چون خودم یک دوربین کانن sx100 کانن دارم که حالا حدودا با قیمت 150 تومن گیر میاد یا توی خود همین سایت دور بینهایی با 12 مگا پیکسل با قیمتهای ارزانتر وجود داره که فیلم برداریش خیلی بهتر از این است و فقط اسم فیلم برداری این ful hd، زوم روی فیلم برداری هم نداره ، فقط سبک و باریکه همین خوبی رو داره و دیگر هیچ,-1,1,train
6739,با بزرگنمایی کامل متوجه نویز در مناطق تاریک تر می شویم.,-1,1,train
9711,6 ماهه منتظر بودم معرفی بشه و بیاد تو بازار تا بخرمش ولی الان که اومده حالمو گرفت .,-1,1,train
7394,فقط یه دوربین کم داره.,-1,1,train
4194,سلام دوستان خسته نباشین من اومدم اینجا تا خیالتون رو در مورد این گوشی راحت کنم اومدم تا این گوشی را زیر ذره بین بذارم و یک بررسی مختصری از این گوشی براتون بذارم قبل از بررسی بگم که این اطلاعات کاملا از تجربه چند روزه خودم با این گوشی است یعنی اینکه این اطلاعات از سایتهای دیگه یا از کسی بازگو نشده پس هر آنچه که می خوانید همانی است که این گوشی است خوب بریم سراغ بررسی وسایل جانبی داخل کارتن یک دونه هدست بی‌کیفیت و شارژر و کابل usb مشخصات کلا مشخصات گوشیهای هواوی توی هر سایتی متفاوت است و هر جا یک چیزی گفتند توی سایتهای داخلی یک چیز و توی سایتها خارجی یک چیز دیگر .,-1,1,train
11938,فقط زمان شارژ لمسش کند میشه.,-1,1,train
6429,این هارد ضد ضربه و ضد آب نیست  و سرعت انتقال داده 107 و 109 که ADATA داره رو نداره!,-1,1,train
2622,تشخیص نور خیلی خوبی داره  معایب جزئی:  کیفیت ضبط صدای خوبی داره ولی مونو هست که در هنگام پخش استریو پخش میشه فلش خوبی داره ولی برد نهایی اون 7 متره(جهنده و تاثیرگذار) قابلیت اتصال به Hdmi و usb داره ولی ورودی میکروفن و خروجی صدا نداره  نشانگر میزان استفاده باتری نداره ( در lcd)  و کمی نسبت به دوربین های دیگه دیرتر فوکوس میکنه,-1,1,train
1498,من حدود یک هفته است این دوربین رو از دیجی کالا خریدم و ضمن رضایت کامل از سایت دیجی کالا و نحوه ی دریافت کالا، راجب این دوربین بگم که: اول از همه سبکی و کوچکی دوربین یکم تو ذوقم زد، چون حدود سه سال پیش یه دوربین canon sx200 IS برای خانواده ام خریده بودم و یه جورایی با اون مقایسه اش کردم.,-1,1,train
10446,بنظر من فقط یک چیز این موبایل بد است ان هم کیفیت دوربین ان است,-1,1,train
6708,هرچند که سنسور تصویر آن‌ها رزولوشن خیلی بالایی ارائه نمی دهد ولی به هر صورت کمپانی تصمیم گرفته که خروجی Full HD داشته باشند.,-1,1,train
10462,بعضی وقتها هنگ میکنه و مجبوری روشن خاموش کنی برنامه کلین مستر رو هم نصب کردم,-1,1,train
4945,فاقد وایرلس روی کنسول .,-1,1,train
1190,اما قطر 13.5 میلی متری آن، باعث می‌شود که راحتی یک تبلت را در دستان شما نداشته باشد و از نظر ظرافت، هیچ شباهتی به تبلت های رقیب مانند iPad های اپل و یا حتی تبلت های ساخت خود ایسوس نیز ندارد.,-1,1,train
11283,در حقیقت اگر دستان بزرگی داشته باشید این دستگیره به نظرتان خیلی کوچک خواهد آمد.,-1,1,train
11624,سیستم عاملش ضعف داره باید اپدیت بشه.,-1,1,train
11277,والا 5100 نیکون هم انتخاب خوبیه بدیش محدودیت 5 دقیقه ای ضبط ویدئو است.,-1,1,train
10749,21.1 مگاپیکسل با سنسور اندازه 1/2.3 اینچ - 4.55 × 6.17 میلی‌متر کمی عجیب به نظر میرسد باید منتظر شد و دید خروجی این ترکیب چیست,-1,1,train
1481,هر کاری هم کردم که این مشکل رو برطرف کنم متاسفانه نتونستم.,-1,1,train
11297,مدت نسبتا زیادی به طول انجامید تا کانن به خوبی درک کند که وجود نمایشگر چرخنده به همراه Live view می‌تواند‌ترکیب بسیار خوبی به خصوص برای دوربینی مثل 600D باشد که کاربری عام‌تری دارد.,-1,1,train
743,خوب تقریبا همه چیش عالی هست به جز داغ شدن غیر عادی اون که همین قضیه باعث آسیب دیدن چیپ گرافیکی لپ تاپ یکی از دوستانم شد که همین سری رو داشت و الان درگیرش هست و میخواد ردش کنه.,-1,1,train
3330,این دوربین به هر حال یک هندی کم است و قیمت دو میلیون تومان برای آن کمی زیاد است.,-1,1,train
11352,مود Live این کار را آسان‌تر انجام می‌دهد ولی از آن جایی که از فن‌آوری Contrast detection خود سنسور تصویر به جای Phase detection سنسورهای اصلی AF استفاده می‌کند، فوکوس خیلی کندتر صورت می‌گیرد.,-1,1,train
840,در نگاه اول پایین بودن مقدار حافظه رم و فقدان دوربین دوم برای مکالمات ویدئویی به چشم میخوره.,-1,1,train
9337,البته با کمی رزولوشن پایین تر.,-1,1,train
9878,از لحاظ قیمت بسیار بالا است ولی کیفیتی بی نظیر در مقایسه با گوشی های دیگر دارد ولی امکانات و استفاده از آن برای خارج از ایران راحتتر و مناسب تر است و انتقال دیتا در آن مشکل است و نیاز به نرم افزار خاص دارد,-1,1,train
270,اما حیف که اینم باطریش داخلیه و خریدش جرات میخواد چون برای تعویض باطری در صورت لزوم باید پشتشو باز کنی و برای فروش دست دوم افت خیلی زیادی داره.,-1,1,train
712,همه چیزش عالی ولی زود داغ می کنه دیر سرد می شه,-1,1,train
9421,گوشی ظریفیه و باید با احتیاط حمل بشه که سر نخوره از دست و بیفته.,-1,1,train
11720,اگه صفحه 3.5 اینچ داشت خیلی بهتر بود.,-1,1,train
11993,گوشیه عالی هستش اما باطریش خیلی زود خالی میکنه به 24 ساعت نمیکشه و من کار خاصی باهاش انجام نمیدم که زیاد مصرف داشته باشه البته من شارژ اولیه نذاشتم شاید دلیلش این باشه.,-1,1,train
11787,اخه کوشی من خودش آپدیت 2.3.4 ولی هنوزم داغ میکنه,-1,1,train
12559,"مطمئننا شما می‌توانید برنامه‌های خود iPhone مانند Mail, Safari, iPod و چند برنامه‌ی دیگر iPhone را به صورت همزمان اجرا کنید ولی امکان اجرای همزمان برنامه‌های دیگر در مدل‌های قبلی iPhone امکان‌پذیر نبود.",-1,1,train
7145,چرا که با وجود یک صفحه نمایش 5 اینچی، به نظر می‌رسد که احتیاج به شارژ حداکثر یک روز در میان این گوشی را احساس نمایید.,-1,1,train
10355,فقط مشکلی که من دیدم کمی wifi نامناسب و سرعت کمی داشت.,-1,1,train
2793,اما در هنگام زوم کامل با f/6.3 چندان لنز سریعی نمی‌باشد.,-1,1,train
3660,اما باید بگوییم که این دستگاه در مورد انجام وظایف خود بعنوان تبلت و لپ تاپ، تقریبا در هیچ کدام کامل نیست و از هر یک شاید نیمی را با موفقیت پشت سر می‌گذارد.,-1,1,train
11398,پشت گوشی هم زود داغ میشه,-1,1,train
4955,علاوه بر این مورد کمبود WiFi داخلی و سر و صدای زیاد درایو نیز مشکلات دیگر است که امیدواریم در ورژن های بعدی حل شوند.,-1,1,train
7545,این گوشی nfcو 4G نداره.,-1,1,train
7193,من خودم ترجیح می دم یه تبلت خوب بگیرم و از طریق وای فای با گوشیم سینکش کنم .,-1,1,train
8689,کیفیت عکسا اصلا 8ن یست شاید 5 باشه شایدم کمتر.,-1,1,train
5313,(به دلیل مشکل قطع شدن WIFI بعد از قرار دادن سیم کارت.,-1,1,train
3097,کیفیت صدا:کیفیت صدا ی هر دو عالیه ولی TF700T به نظر من مقداری صدایش بلند تر است ولی اصلا محسوس نیست و اختلاف خیلی کمه ولی کیفیت صدا در ایپد کمی بهتره.,-1,1,train
1375,برای شروع، اپل تمام برنامه های اصلی خود (مانند Aperture، iMovie، Final Cut Pro X) را برای این صفحه نمایش به‌روزرسانی کرده است ولی برنامه های جانبی دیگر (مانند مرورگر Google Chrome) که برای چنین دقتی طراحی نشده‌اند، به این خوبی نخواهند بود.,-1,1,train
4770,با توجه به جای نصب فلاش عکسهایی که با فلاش گرفته میشود سایه دارند,-1,1,train
9079,به نظر من که ارزش خرید نداره.,-1,1,train
3579,متاسفانه پورت دوست داشتنی USB 3.0 در این لپ‌تاپ وجود ندارد.,-1,1,train
12604,البته اون هم به شرطی که نور صفحه خیلی کم باشه.,-1,1,train
8510,البته همانند هر دوربین فیلم برداری دیگری، تصاویر گرفته شده در شب، از مقداری نویز رنج می‌برد.,-1,1,train
12159,از پشت که به دوربین نگاه می کنیم کمی افسوس می خوریم.,-1,1,train
3185,نداشتن رابط یو اس بی هست .,-1,1,train
10626,به نظر من خیلی گوشی خوبیه ولی xperia v انتخاب بهتریه,-1,1,train
8458,به هر صورت در مدل جدید از چرخش به سمت پایین چشم پوشی شده است.,-1,1,train
9661,همه باید واقع گرا باشیم که گوشی خوبیه اما نسبت به این غول هایه LG .,-1,1,train
6443,چون در اثر استفاده ناصحیح پین های mini usb خود کابل دچار مشکل میشه و باعث قطع و وصل مکرر و آسیب هارد میشه و مجبوریم کابل دیگه ای تهیه کنیم.,-1,1,train
7924,شرکت سونی محصولاتش بدرد ایران نمیخوره، چون تلاش داره امکاناتش به صورت اوریجینال عرضه بشه، که تو ایران معنایی نداره.,-1,1,train
4678,ولی با این همه :کلید مجزایی برای دوربین تعبیه نشده و باید با لمس صفحه نمایش تصویر را ثبت کنید.,-1,1,train
4441,با این اوصافی که دوستان گفتن فکر نمی‌کنم اصلا مناسب باشه.,-1,1,train
8643,کارکردن باهاش هم از نوکیا سخت تره، چون امکاناتش خلاصه تره.,-1,1,train
11977,فقط به نظر من تنها عیبش اینه که باطریش یه خرده ضعیفه.,-1,1,train
5913,و جالب اینکه با تلاش چند ماهه نمایندگی و تعمیرکارای موبایل هنوز که هنوزه آنتنش برنگشته.,-1,1,train
4520,به نظر من تنها عیبی که به این گوشی میشه گرفت صفحه نمایش کمی کوچیک اون هست که البته برای همه مشکل ساز نیست.,-1,1,train
4606,دوربینش در مقابل نوکیا c6 حرفی برای گفتن نداره.,-1,1,train
3658,اما نهایتا در مورد دوربین این تبلت هم باید بگوییم که یک دوربین کاملا متوسط 1.2 مگاپیکسلی در قسمت جلو و یکی در قسمت پشتی آن تعبیه شده است که صرفا برای انجام مکالمات تصویری مناسب می‌باشد و در رقابت با دیگر تبلت های موجود در بازار، هیچ حرفی برای گفتن ندارد.,-1,1,train
6269,برخلاف نظر یکی از دوستان، این گوشی اصلا امکانات نوت 2 رو نداره.,-1,1,train
9399,با پولی که بابتش دادم باید خیلی بهتر از اینا باید باشه 1.,-1,1,train
11207,این حدود 1 استاپ کم نورتر از Mark III می باشد.,-1,1,train
2579,با سلام من یک هفته است که دوربین رو خریداری کردم اولین نکته که این دوربین ساخت چین است دوم اینکه در مود دستی که رنگهای عکاسی استاندارد و کرم و سیاه و سفید دارد شما عکس کرم را نمیتوانید بگیرید و فقط سیاه سفید و استاندارد را میتوان انتخاب کرد سوم اینکه با توجه به قیمت آن عکسهای خوبی نمی توان گرفت و فقط کار راه انداز است,-1,1,train
4197,اگر در روز باشد عکسها تا حدی واضح است ولی در شب اصلا خوب نیست.,-1,1,train
5430,به نظر می‌رسد که این باتری برای یک گوشی در این سطح مقداری ضعیف باشد.,-1,1,train
8814,دوستان من یک ماه قبل این دوربین را خریدم و بعد از دو روز ان را با ضرر فروختم .,-1,1,train
2472,به نظر من هیچ فرقی با نوت2 نداره.,-1,1,train
12907,{البته سایز صفحه و کیفیت صفحه 112 به مراتب از 206 پایین تر است.,-1,1,train
11468,اما برای بعضی افراد 16گیگ هم کمه، مطمئنا در آینده 32گیگشم میاد.,-1,1,train
1218,اما در مورد اکثر برنامه های دیگر و همچنین بازی‌ها، سوئیچ پویا صورت نمی‌پذیرد بلکه باید بعد از قرار دادن گوشی بر روی تبلت، مجددا آن برنامه را اجرا نمایید.,-1,1,train
4342,اما این بار با چالشی بزرگ تر برای انتخاب بین این دو ( آیپاد تاچ - آیفون ) مواجهیم !,-1,1,train
5641,رزولوشن اپتیکال این اسکنر، 1200X1200dpi و نسبتا کم می‌باشد.,-1,1,train
2364,با اینترنت محدود ایران و تحریم ها اپل تو کشور ما کارایی اش جالب نیست  اندروید از نظر من حرف اول رو میزنه تو ایران,-1,1,train
5390,اما به واقع برای تماشای ویدئو، چندان مناسب نمی‌باشد.,-1,1,train
4013,در غیر اینصورت تولید مدل جدید عملا کار بیهوده‌ای بوده است.,-1,1,train
2767,"سلام من هم چند روزی هست که یکی خریدم,مشکلش در شناسایی wifiو نصبgprs",-1,1,train
10675,یکی دیگه از تفاوت هایی که میشه ذکر کرد اینه که باطری TX قابل تعویضه اما T نه، اگه توجه کنیم ابعاد گوشی هم با هم دیگه فرق دارن ولی سایز صفحه هر دو همه جا 4.55 اینچ ذکر شده نمیدونم جریان چیه باید تو دست هر کدوم رو ببینم، ولی در مجموع منم با دوستان هم عقیده هستم، به اختلاف قیمتش نمی ارزه،,-1,1,train
11240,این خیلی عجیب است چرا که بدین ترتیب این دوربین ها از این نظر همپایه ی دوربین های DSLR سطح مبتدی قرار می گیرند و این در حالیست که حتی DSLR های APSC سطح Prosumer مثل 60D هم بیشینه ی تا 1/8000 ثانیه را دارند.,-1,1,train
12751,با این مکان قرار گیری را اصلا دوست نداشتیم و ترجیح می‌دادیم به جای کناره در قسمت بالای دستگاه قرار داشته باشد.,-1,1,train
8558,فولhd پخش نمیکنه.,-1,1,train
5578,البته برای نمایشگرهای در این سایز از رزولوشن WVGA هم استفاده می‌شود ولی به احتمال زیاد به دلیل پردازشگر گرافیکی نسبتا ضعیفی که این گوشی داشته، سونی تصمیم گرفته که از رزولوشن بالاتر بهره نبرد.,-1,1,train
3367,قطر 10 میلی متری آن در برابر 7.6 میلی متر آیفون 5 یا 8.6 میلی متر گلکسی اس 3 مقداری آنرا قطور نموده است.,-1,1,train
10196,احساس میکنم بخاطر الکتریسیته ساکن بدنه ولی به هر حال یه کم اعصاب آدم خورد میشه.,-1,1,train
1154,مثلا پورت USB روی هارد یه جوریه.,-1,1,train
5394,این قلم نه از نظر ظاهری و نه از لحاظ کارایی، شباهت زیادی به قلم Note های سامسونگ ندارد و بیشتر می‌توان آن‌را یک قلم کمکی نامید که در کار با گوشی به کاربر کمک می‌نماید اما قابلیت‌های فوق‌العاده‌ای ندارد.,-1,1,train
8359,مطمئن باشین قسمتی از قیمت این دوربین پول مارک canon هستش وگرنه همین دوربین با همین امکانات با برند هایی نظیر panasonic یا fuji film قیمتی به مراتب پایین تر خواهد داشت.,-1,1,train
426,من این دوربین را تازه از سایت خریدم این دوربین فقط 3 زبان برای منوها دارد : ژاپنی - چینی - انگلیسی و فاقد زبان فارسی می باشد,-1,1,train
6184,ولی برای حل این مشکل من مجبور شدم از شیراز دستگاه رو ببرم تهران و کلی هم از وقتم گرفته بشه.,-1,1,train
8913,در نگاه اول من زیاد از این دوربین خوشم نیامد.,-1,1,train
5044,در حقیقت این درایو نوری از لرزش و نویز نسبتا بالایی در هنگام فعالیت برخوردار بود.,-1,1,train
4757,ولی اگه هدفتون فقط عکاسی هست به نظر من روی دوربین عکاسیش زیاد حساب نکنید .,-1,1,train
719,کیفیت دسکتاپ چنگی به دل نمیزنه.,-1,1,train
4497,من که واقعا پشیمون شدم.,-1,1,train
6192,با اینکه قطر این گوشی حدود 2 میلی متر از آیفون 5 بیشتر است ولی با توجه به این ابعاد می‌توان گفت که اصلا یک گوشی قطور محسوب نمی‌گردد، ولی با وجود وزن 162 گرمی آن مقداری سنگین به نظر می‌آید.,-1,1,train
11369,تنها موردی که به آن برخوردیم و به مزاقمان خوش نیامد سرعت نسبتا کند ورود به مود Live view بود.,-1,1,train
7004,.با این صفحه نمایش و پردازنده خیلی کمه .,-1,1,train
6875,) از HTC Butterfly سره و کسی که اکسپریاZ رو بخره به هیچ وجه ضرر نکرده,-1,1,train
407,فقط مقداری خطای رنگی بنفش در مناطق پر کنتراست و گوشه‌های تصویر مشاهده می‌شود.,-1,1,train
9885,حال به ایفون 4اس نگاه کنید یک متر از بالا ویک متر از پایین گوشی از صفحه نمایش خبری نیست و وقتی به وسط گوشی خیره میشویم یک صفحه نمایش مینی را پیدا میکنیم این در حالیست که ضخامت آن از هر دو گوشی ذکر شده بیشتر است.,-1,1,train
4537,اما برای کسانی که موبایل را برای گوش کردن آهنگ می خواهند نمی تواند انتخاب خوبی باشد.,-1,1,train
7573,به نظر من با این امکانات قیمتش کمی زیاده، توصیه می کنم xperia p، lg prada 3 و huawei ascend g600 رو هم ببینید.,-1,1,train
6824,اما صفحش خیلی‌بزرگه به نظرم.,-1,1,train
5672,نه تنها دوربین این تبلت از فوکوس ثابت استفاده می‌کند، بلکه به فلاش نیز مجهز نیست به همین دلیل کیفیت عکس‌های گرفته شده به خصوص در فضاهای کم نور، پایین‌تر از حد متوسط بوده و نویز زیادی هم دارند.,-1,1,train
8138,صفحه نمایشش معلومه که زیر آفتاب به درد نمیخوره,-1,1,train
4780,صفحه ی لمسی ضعیف .,-1,1,train
2193,اما در آیفون جدید از نو آوری خبری نبود.,-1,1,train
9741,البته تایپ کردن با این گوشی با توجه به صفحه نمایش 3.2 اینچی برای کسانی که دستان بزرگی دارند مقداری مشکل است.,-1,1,train
4063,داشتن gps یکی از عواملی بود که باعث شد از بین مدل مشابه canon این دوربینو بخرم ولی باید بگم که در بیشتر مناطق سیگنال نمیده که علتشو نمیدونم در صورتی که gps معمولی درست تو همون نقطه مختصات میده در کل نسبت به هزینه ای که واسش کردم راضی نیستم کیفیتش در حد دوربین کامپکته نه ی دوربین اولترازوم با اون همه تعریفو تمجید .,-1,1,train
1035,ظاهر آن با آن پیچ‌های کاملا واضح در گوشه‌ها کاملا صنعتی می‌باشد و پنل جلویی و پشتی از فلز برس شده ساخته شده است.,-1,1,train
5571,گوشه های Miro نسبتا تیز ساخته شده‌اند و سعی شده که طراحی آن خیلی مستطیلی شکل باشد.,-1,1,train
11671,مثل: نداشتن دوربین مکالمه تصویری و .,-1,1,train
1796,.اما همیشه با معضل انتقال اطلاعات روبرو بودم.,-1,1,train
122,تنها عیبش به نظر من این بود که باطریش دیر شارژ شد.,-1,1,train
7189,من همیشه از دیدن تکنولوژی های جدید به هیجان میام ولی واقعا هنوز متوجه نشدم منظور ایسوس از طراحی این سیستم چی بوده .,-1,1,train
1151,ولی به نظرم یکم بی کیفیته.,-1,1,train
5613,ا یکی دیگه از ایراداشم جای دست (اثر انگشت روی بدنش میمونه!,-1,1,train
10111,با این حال اسکن فیلم 35 میلی متری از نویز در قسمت های تاریک تر و سایه ها رنج می برد.,-1,1,train
4020,یک موضوعی را هم باید در نظر داشت که با این اندازه از سنسور کیفیت 18 مگاپیکسل توجیه ندارد.,-1,1,train
12008,معایب: انتظار داشتم سرعت فوق العاده بالایی داشته باشه اما فوق العاده نیست.,-1,1,train
10202,دوستان من این گوشیو 2 ماهه خریدم هیچ کمبودی ازش ندیدم .,-1,1,train
820,اما بهتر میشد اگر رم 1 گیگ به جای 768 مگ استفاده شده بود و همینطور دوربین مکالمه واقعا کمبودی چشمگیره..,-1,1,train
9644,در مقابل Galaxy S III و Galaxy Note 2 حرف چندانی برای گفتن نداره .,-1,1,train
12628,من مرداد امسال خریدمش ولی صفحه لمسیش شکسته.,-1,1,train
9404,هرچند بعدا میشه زوم کرد ولی اینکه نتونی حین عکس گرفتن زوم کنی خیلی تو ذوق میزنه.,-1,1,train
11390,حیف که این گوشی حافظه جانبی نمیخوره!,-1,1,train
9864,سخت افزار متاسفانه کمپانی نوکیا در مورد قطعات داخلی این گوشی اطلاعات چندانی را منتشر ننموده است، اما به هر حال برای یک گوشی دارای سیستم عامل S40 سخت افزار قوی اهمیتی ندارد.,-1,1,train
10440,مثلا اگر تا 15 ثانیه بود خیلی خوب می‌شد.,-1,1,train
12934,البته جنس آن به گونه ایست که براق بوده و خط و خش کمی را می‌پذیرد.,-1,1,train
11803,مشکل اصلی این گوشی که باعث فعال شدن دو دکمه بک و منو میشه و تمامی مشکلات از جمله ویبره که در زمان فشرده دو دکمه با هم به وجود می آید کالیبره نبودن این دکمه ها است وگر نه گوشی های سایر برند ها و مدل های دیگه سونی که سخت افزار بالایی دارند هم دمایشان به شدت بالا میره مثلا من یک گوشی از یک برند دیگه که قیمتش حدود 5 برابر این گوشی است به قدری داغ شد که دستم رو سوزاند و مجبور شدم دور گوشی رو به جای پشتش بگیرم.,-1,1,train
2819,این در حالیست که در ایزو 400، نویز بعلاوه‌ی مقداری کاسته شدن از جزئیات و غلظت رنگ‌ها مشاهده می‌شود.,-1,1,train
7452,از خریدش پشیمون شدم.,-1,1,train
5397,اما یک نکته منفی در مورد این گوشی، عدم وجود یک شکاف برای قرار گیری قلم در گوشی است که باعث می‌گردد همواره نگران گم شدن قلم باشید.,-1,1,train
2938,از اول هم اشتباه کردم ایسوس رو به سامسونگ ترجیح دادم.,-1,1,train
2092,صد در صد این گوشی تولد یک نسل آیفون نمیتواند باشد اگر جابز بود اجازه معرفی آن را به عنوان یک نسل جدید به اسم نسل پنجم نمی داد البته نمی توان از پدیده طراحی و گرافیک بی نظیر آن چشم پوشی کرد اما شاهد آن بودیم که همیشه اپل با معرفی مدل جدید مشتریان را شگفت زده می کرد که در نسخه پنجم زیاد پیشرفتی را نسبت به نسخه قبلی (4s) شاهد نیستیم,-1,1,train
687,البته وبکمش واقعا HD نیست.,-1,1,train
9929,ولی اکنون گوشی‌های هوشمند نسبت به آن چه که در سال 2010 بوده‌اند بزرگتر شده‌اند و 3.5 اینچ به نظر می‌رسد که در بین آن‌ها کوچک باشد.,-1,1,train
4799,ولی کنترل فوکوس دستی با آن کمی سخت است.,-1,1,train
8736,در این گوشی متاسفانه دو سیم کارت هم زمان فعال نیست و زمانی که در حال مکالمه با خط اول هستیم، خط دوم در دسترس نیست!,-1,1,train
1139,امیدوارم این بلا سر هیچ کسی نیاد.,-1,1,train
1987,از موقعی که جناب آقای جابز از دنیا رفت دیگه شرکت اپل درخشنده ترین شرکت ساخت گوشی نیست !,-1,1,train
7450,قیمت دیجی کالا خیلی بهتر از فروشگاه بود ولی وقتی دوربین رو تو دستم گرفتم آنقدر سبک بود که احساس خوبی بهم نداد.,-1,1,train
4210,تنها موردی که یکم خوشم نیومد این بود که تمام برنامه هات روی همون صفحه های اصلی (home) میاند و مثل بقیه گوشیا نیست که بری تو منو لیست برنامه هات.,-1,1,train
8623,نقاط ضعف: 1- باتری در حالت Standby بسیار خوب عمل میکنه اما وقتی با اینترنت یا دوربین کار میکنید خیلی سریع شارژ کم میکنه 2- چهار کلید خازنی پایین گوشی روشنایی ندارند 3- کیفیت دوربین واقعا در حد 8 مگاپیکسل نیست ( با یک گوشی 5 مگاپیکسلی نوکیا امتحان کردم؛ کیفیت ال جی پایین تر بود) 4- فیلم برداری دوربین HD نیست.,-1,1,train
7348,صفحه کلید به خصوص در قسمت‌های بالایی تحت فشار کمی دچار خمش می‌گردد.,-1,1,train
9930,به خصوص اینکه وقتی با گوشی‌های 4.2 اینچی کار می‌کنیم، دیدن دنیای دیجیتال از طریق نمایشگر 3.5 اینچی کمی آزار دهنده و خسته کننده به نظر می‌آید.,-1,1,train
2261,کیفیت دوربین اچ تی سی معمولا متوسط است و قدرت رقبا را ندارد .,-1,1,train
12254,من از دیجی کالا خریدم وقتی دستم رسید چند تا از دکمه هاش کار نمیکرد و مشکل داشت و سالم نبود.,-1,1,train
7461,ولی اگر از صحنه های شلوغ‌تر و دوردست‌تر فیلم برداری کرده باشید و سپس فیلم‌ها را بر روی HDTV مشاهده کنید، فیلم‌ها کاملا غیر شارپ به نظر می‌رسند.,-1,1,train
4442,گرمای زیاد احتمال سوختن صفحه نمایش,-1,1,train
11431,تنها بدیش حافظه اش هست و نداشتن هندزفری توی جعبه اش که من یه ibeats خریدم براش.,-1,1,train
12787,"یکی از مشکلات بزرگ باتریشه , چون بعد از 300 یا 400 بار شارژ یعنی حدودا 2 سال استفاده به شدت ضعیف می شه و قابل استفاده نیست و عوض کردن باتریش هم با توجه به وسایل خاصی که فقط نمایندگی های مجاز اپل در کشورهای مختلف دارن امکان پذیره در صورتی که در ایران این کار با پیچ گوشتی و ..",-1,1,train
11351,این کار در واقع سر و صدای زیادی را‌ایجاد می‌کند و Live view هم برای لحظه‌ای قطع می‌شود.,-1,1,train
9910,در حقیقت 4s با وزن 140 گرم حدود 3 گرم از iPhone 4 که 137 گرم وزن داشت سنگین‌تر است.,-1,1,train
3742,دوستانی که با گوشیشون خیلی بازی میکنند و بازی های HD و با کیفیت بالا میخوان این گوشی مناسب نیست.,-1,1,train
6417,به صرفه نیست و تنوع رنگ هم نداره.,-1,1,train
7203,در کل ایده بسیار جالبیه ولی ای کاش این ایرادش رو درست میکردن,-1,1,train
6677,معایب این دوربین: وزن نسبتا زیاد.,-1,1,train
10457,با سلام این گوشی رو 2 هفته است که خریدم گیر یا هنگ کوتاه زیاد داره,-1,1,train
30,تنها عیبی که دارد در موقع استفاده صدای نسبتا زیادی دارد.,-1,1,train
8880,یعنی نور صورت فوق العاده زیاده انگار که روتوش کرده باشید.,-1,1,train
5559,نکاتی برای خریداران :برای دختر خانوم ها مناسب نیست!,-1,1,train
7141,البته در زوم بالا مقداری نویز مشاهده می‌گردد که برای چنین دوربینی چندان غیر قابل پیش بینی نیست.,-1,1,train
8098,.فقط واسه کارای خیلی سنگین کمی کنده.,-1,1,train
7445,برای مثال این اسکنر فاقد ADF است.,-1,1,train
12390,ایزو 800 مقدار بیشتری نویز، کاسته شدن از غلظت رنگ‌ها و جزئیات را نشان می‌دهد.,-1,1,train
10155,٢- رابط کاربری اش چندان سریع نیست.,-1,1,train
4400,البته هنگامی که والپیپرهای متحرک استفاده کنید، محیط کمی کند شده و آن روانی را دیگر نخواهد داشت.,-1,1,train
698,خوبه اما متاسفانه خرابی های هاردش زیاده!,-1,1,train
6692,عکس‌ها شفاف و رنگارنگ هستند ولی گویی که با یک دوربین دیجیتال فوق العاده ارزان قیمت گرفته شده اند.,-1,1,train
13064,فقدان دکمه های فیزیکی چون کم و زیاد کردن صدا، Pause و playback و رفتن به جلو و عقب احساس می شود.,-1,1,train
7262,و حتی جستجوهای زیادی که در گوگل انجام دادم متوجه شدم این مدل مشکل سوختن تصویر دارد که مشکل در گاز صفحه نمایش می باشد.,-1,1,train
9371,گوشیه خوبیه فقط این دکمه های سخت افزاری و حافظه و رم کمش تو ذوق آدم میزنه,-1,1,train
3479,علاوه بر این، شارژ این کارتریج‌ها تا حدودی سخت است و مانند کارتریج‌های مخزنی ساده نیست.,-1,1,train
9100,از خرابی صفحه لمسی گرفته تا دکمه قطع گوشی.,-1,1,train
3715,نسبت به پولی که میدین پردازندش خوبه ولی چون پردازنده گرافیکی نداره برای بازی اصلا خوب نیست صفحه ی کوچیکش هم برای وب گردی مناسب نیست خودم یک سال این گوشیو داشتم,-1,1,train
10308,تنها مشکلی که داره تایپ کردنه.,-1,1,train
3350,متاسفانه ما انسانها خیلی زود با تبلیغات گول میخوریم وهنوز کالایی را نخریده در باره ان نظر میدهیم .,-1,1,train
10047,متاسفانه این صفحه نمایش کاملا براق بوده و در ضمن روشنایی آن نیز کم است.,-1,1,train
10028,با تشکر از دیجی کالا ، من این پرینتر رو دیروز خریدم(27/8/91) از خود دیجی کالا و سریع هم تحویل شد به موقع واقعا دستگاه خوبیه و ازش راضیم ولی هنوز بلد نیستم پرینت دورو بگیرم.,-1,1,train
9723,متاسفانه به دلیل ساختار برد الکترونیکی گوشی های سونی هیچ تعمیر کاری توانایی تعمیر آن را ندارد و سایت رسمی سونی هم هیچ پاسخی به مصرف کنندگانی که دچار مشکل شده اند نمی دهد.,-1,1,train
4199,ولی بازم تا حد یک گوشی ۵ مگاپیکسلی نیست.,-1,1,train
8116,گوشیه بدی نیست اما به نظر من کسی که میخواد تو این رنج قیمت گوشی بخره بدون هیچ تردیدی wave 3 رو انتخاب کنه.,-1,1,train
4777,قیمت بالا .,-1,1,train
1917,خوش دست نیست.,-1,1,train
12980,یک نکته ای که بیشتر پرینترها با آن مشکل دارند در این یکی هم وجود دارد و آن چیزی نیست به جز رسم خطوط با پهنای 1 پیکسل در زمینه ی مشکی.,-1,1,train
3754,فقط نمیشه بازیهای HD روش نصب کرد من خودم نصب کردم سرعتش کم میاره.,-1,1,train
4389,عمق رنگ مشکلی تولید شده توسط این صفحه نمایش به حدی زیاد است که اگر از عکس پس زمینه مشکی استفاده کنید، تشخیص دادن لبه صفحه نمایش، از قاب دور آن کمی سخت است.,-1,1,train
5926,می‌توان گفت که کمپانی سونی هرچند که سابقه‌ی بسیار درخشانی در تولید دوربین‌های مختلف در سری Cybershot خود داشته، ولی در این زمینه کمی از دیگر برندها عقب مانده بود.,-1,1,train
12185,هنوز هم باتری گریپی برای این دوربین معرفی نشده تا نتوانید از مزیت استفاده ی دو باتری به صورت همزمان بهره ببرید.,-1,1,train
2008,طراحی هم که هیچ تغییری نکرده!,-1,1,train
9369,این گوشی زوم 16 برابر نداره، اصلا زوم نداره و برخلاف چیزی که تصور میشه کیفیت عکسش مثل دوربین های سطح پایین نوکیا هست.,-1,1,train
7482,اما مشکل این جاست که دوربین پس از چند دقیقه ای که با آن کار نمی‌کنید به مود Sleep می‌رود و اگر خواستید دوباره آن را بیدار کنید باید نمایشگر را بسته و دوباره باز نمایید.,-1,1,train
2160,دوربین 1.2 مگاپیکسلی جلو که اگه رایتل داشته باشی بازم مجبوری با کیفیت پایین تر استفادش کنی.,-1,1,train
9640,گوشی خوبی هست اما در مقابل GalaxyS3حرفی برای گفتن ندارد.,-1,1,train
11052,طراحی زیبایی هم نداره!,-1,1,train
10698,اما به طور کلی Xperia TX کمی سنگین‌تر و ضخیم‌تر از گوشی‌های رده بالای کمپانی‌های دیگر است.,-1,1,train
1817,اونم اینست که صفحش کوچیکه.,-1,1,train
5391,ویدئو یا بسیار کشیده می‌شود و ابعاد نا مانوسی پیدا می‌نماید، و یا اینکه باید سیاهی‌های زیادی را در بالا و پایین صفحه تحمل نمایید.,-1,1,train
7669,شارژدهی باتری لیتیومی شارژی این دوربین با GPS روشن حدود 310 عکس می‌باشد که از 340 عکس دوربین FT1 کمتر است.,-1,1,train
11712,در ضمن من پارسال خریدم و الان به صرفه نیست.,-1,1,train
11059,( من خودم گلکسی نت 5.3 دارم و بعد از دو هفته اول 5 ماهه که از شیارش در نیاوردم ) در کل به قول خود دیجی کالا انتظار بالایی از سامسونگ بعد از نیو آیپد یا ASUS داشتیم که کاملا با تب 2 ( که تفاوت انچنانی با تب 1 نداشت و حتی بدتر شده بود ) و نت نا امیدمون کرد,-1,1,train
11293,البته به نظرمان آمد که گاهی اوقات سخت می‌توان دکمه‌ها را فشرد.,-1,1,train
9547,با سلام در حد انتظار و پیش بینی ظاهر نشد.,-1,1,train
5513,حتی دوستم که اینو داره به خاطره ابعادش ازش ناراضی بود.,-1,1,train
2937,دلیلی که این تبلت رو عوض کردم نداشتن قابلیت پشتیبانی از سیم کارت بود.,-1,1,train
3141,فقط کسایی که قبلا با رتینای اپل کار کرده باشن یکم براشون بی کیفیت بنظر میاد که خب طبیعیه.,-1,1,train
4016,نه تنها از لحاظ تغییرات کلی فرق آنچنان نداشته، بلکه با افزایش تفکیک پذیری به 18 مگاپیکسل، باعث ایجاد نویز شدیدی نیز خواهد شد، و این معقول نیست.,-1,1,train
9987,لنز خیلی گوشه قرار گرفته و اگر حواستان جمع نباشد ممکن است که انگشت خود را بر روی آن قرار دهید.,-1,1,train
1546,دوم اینکه در صورت به زمین خوردن دستگاه، احتمالا لنز دوربین آن خواهد شکست که این یک اشتباه غیر قابل جبران است.,-1,1,train
7539,من قبلا اکسپریا گو داشتم واقعا چیز دیگه ای بود هم از لحاظ کیفیت ساخت و هم از لحاظ سرعت فقط به خاطر صفحه نمایش کوچیکش فروختم ، فکر نمیکردم اینقدر ضعیف باشه قبل از خرید حتما استفاده کنید.,-1,1,train
6688,تراز سفیدی به نظر کمی به سوی آبی است و های لایت‌ها نیز کمی دچار نوردهی بیش از حد می‌شوند.,-1,1,train
2702,همچنین اگر یک عکس Raw+JPEG بگیرید ذخیره ی آن بر روی کارت حافظه حدود 8 ثانیه به طول می انجامد که زیاد است.,-1,1,train
12795,بنده نقدشو خوندم خیلی یک طرفه بود خوب میشد از مشکلاتشم کمی صحبت میشد هرکی نوشته رو اپل تعصب داره در کل گوشیه خوبیه ولی اینقدرم گنده نیست طراحیشم اینقدر ها تک نیست که شما نوشتید امار نظر کاربران سایت www.,-1,1,train
312,در ضمن فلش ال ای دی آیون تو تاریکی میتونم بگم اصلا کاربردی نداره!,-1,1,train
3738,اولیش اینه که از بازیهای سه بعدی مثل آسفالت پشتیبانی نمی‌کنه.,-1,1,train
9986,ولی اپل یک مسئله را هنوز در این گوشی حل نکرده است و آن جای قرارگیری لنز می‌باشد.,-1,1,train
8649,باتری خیلی مهمه که مجبور نباشیم هر روز شارژش کنیم تو این رنج قیمت ببینین سامسونگ هم دو سیمکارته داره ولی از این ضعیفتره.,-1,1,train
9722,سلام دوستان دیجیتالی مطابق با نظر دوست گرانقدر که در پایین قید شده است مشکل خاموش شدن ناگهانی محصولات سونی برای بنده هم پیش آمده.,-1,1,train
12075,از لحاظ کیفیت خوب نیست,-1,1,train
2362,خود به خود قابل استفاده در ایران نیست و خریدنشم هم بی فایده است!,-1,1,train
8541,گوشی خوبیه ولی حافظه رمش پایینه.,-1,1,train
4574,دوستان عزیزی که در مورد آپدیت کردن یا نکردن گوشی خود به آندروید 4 شک دارند خدمت دوستان عرض کنم که آندروید 4 بر پایه 1 گیگابایت رم پایه ریزی شده و روی گوشهایی با 512 مگابایت رم هم جواب میدهد اما سرعت به طرز چشم گیری کاهش می یابد مخصوصا زمانیکه با گوشی خود بازیهای hd انجام میدهید یا در حال تماشای فیلمهای با حجم بالا هستید.,-1,1,train
8012,تنها ایرادی که من میتونم بهش بگیرم وزنشه که حدود 600 گرمه و کمی دست رو خسته میکنه.,-1,1,train
1164,استاندارد نظامی IPX7 و IEC529 طبق نظر سازندش داره که چند بارم امتحانش کردم جواب میده همیشه گفت تنها ایراداش نداشتن انعطاف کافی کابلشه که به سوکت هارد فشار میاره که امیدوارم از شرایط گارانتیش باشه و یکی دیگشم اینکه سوکت سمت هارد که نمیدونم چه استانداردی هست اگه mini usb بود شاید بهتر بود البته سازندش باید دید علتش از این کار چی بوده,-1,1,train
7178,**تنها کیفیت صفحه نمایش تبلت یا همون استیشن خیلی خوبه ولی عالی نیست **جمع شدن غبار زیر کاور لنز بعد از یه مدت استفاده وجود داره که در سایتها خارجی و داخلی گزارش شده و خود من هم امروز یه دونه غبار ریز اونجا دیدم,-1,1,train
5636,از طرفی، وجود نشانگر دکمه‌های Back، Home و Menu در پایین نقطه‌های قابل لمس باعث می‌شود تا در ساعات اولیه استفاده از گوشی، به اشتباه، قصد فشار دادن آن‌ها را داشته باشید!,-1,1,train
11146,داشتن WiFi داخلی یکی از مزیت های این تلویزیونه ، ولی کارکردن با کنترل تلویزیون برای تایپ کردن آدرسها و جهت دهی به اشاره گر ماوس خیلی مشکله ..,-1,1,train
8288,عکس هایی که با دوربین گرفته می‌شوند کمی Soft هستند و می‌توانید با استفاده از تنظیمات داخلی خود دوربین و یا بعدا با فوتوشاپ مقداری Sharpness به آن‌ها اضافه کنید.,-1,1,train
5438,بعد 1 ماه کارکرد مهمترین معایبش رو موارد زیر میدونم: باطری ضعیف به دلیل داشتن صفحه نمایش بزرگ ولی با کیفیت داغ شدن بیش از حد پشت گوشی حتی با وجود قاب چرمی!,-1,1,train
9491,در کل همانطور که گفتیم، HS80 و البته مدل های برادر آن چون TM80 و SD80 دوربین هایی هستند که از نظر کیفیت فیلم برداری و عکس برداری به پای مدل های سری 900 نمی رسند.,-1,1,train
1271,من این گوشی رو چند روز پیش از دیجی کالا خریدم  نسبت به قیمتش خوبه همانطور که دوستان گفتن نقاط ضعف هایی هم داره (صفحه نمایش ضعیف .,-1,1,train
6409,"من دیشب همین هاردو از بازار رضا گرفتم و کاملا"" توی پک و بسته بندی بود و بعد توی خانه باز کردم دیدم پشتش خش و خط کوچکی داره و توی کارت گارانتی سازگارا نوشته به هر دلیلی روی ان خط و خش بی افته از گارانتی خارجه!",-1,1,train
7588,سلام دوستان بنظر من با این امکانات گلکسی اس ادونس هم بهتره هم قیمتش مناسب تره در کل به قول دوستان نسبت به امکاناتش ارزش نداره.,-1,1,train
4527,رمش پایینه.,-1,1,train
1482,دوربین رو هم ریست کردم اما نشد.,-1,1,train
3761,نقطه تاریک این گوشی، نداشتن فلاش برای دوربین است.,-1,1,train
10027,با سلام منم اینو از دی جی کالا گرفتم اما بلد نیستم چاپ دو رو بگیریم,-1,1,train
2078,اما حال هنگ کردن ها شروع میشود و از اینکه ناگهان از برنامه ای خارج میشود و یا در لحظه ای حساس گوشی شما استاپ میکند و یا حتی گاهی اوقات نمیتوانید جواب تلفن خود را بدهید چون گوشی شما هنگ کرده و نمیتوانید نوار جواب گوشی خود را حرکت دهید به شدت ناراحت میشوید، از این که گاهی اوقات صفحه ی تاچ گوشی و یا دقت گوشی در نوشتن شما رو اذیت میکنه خسته میشید.,-1,1,train
4930,تنها مشکلش داغی فنش هست,-1,1,train
10195,تنها بدیش اینه که مال من بعد از مدتی کار نور صفحه نمایشش در اثر بر خورد دست عوض میشه.,-1,1,train
4271,به نظر من با این امکانات اصلا ارزش خرید نداره؛ Note 8.0 خیلی از این بهتره مخصوصا از لحاظ امکانات سخت افزار.,-1,1,train
8632,باتریش واقعا اون چیزی که باید باشه نیست و یه کم زود تمام میشه ولی بد نیست (شاید هم من شارژ اولیه بد انجام دادم ) 4.,-1,1,train
7173,ایسوس همیشه محصولات خوبی رو ارائه میده اونم با قیمت مناسب ولی اگه بخوایم ایسوس بخریم حتما باید مراقب باشیم تا اسیب نبینه جون خیلی از قطعاتش ایران نیست.,-1,1,train
186,این گوشی ظاهر خوبی داره ولی متاسفانه دکمه برگشت به صفحه قبل ان مشکل داره و ظاهرا گوشی هنگ میکنه و باعث میشه سرعت عمل ان کم بشه.,-1,1,train
10042,تنها قسمت هایی مانند قاب پشت صفحه نمایش و لولاها هستند که کمی نگران کننده بوده و به نظر نمی آید که بتوانند فشار بالایی را تحمل کنند.,-1,1,train
1977,در دنیای امروز حرف اول رو تنوع می زنه اپل با این قیافه گوشی یکنواختش و منوی تکراریش در آینده حرفی برای گفتن نخواهد داشت,-1,1,train
1908,از لحاظ سخت افزاری 70 درصد s3 هم نمیشه!,-1,1,train
10639,اندروید 4.1 اپدیتش کردم تنظیمات دوربینش دیگه 13 نیست 12 شده.,-1,1,train
6293,به نظر من یکم قیمتش نسبت به کارایی هاش هنوز بالاست,-1,1,train
7234,شما با خرید این padfone هم یه تبلت گیرتون میاد هم یه گوشی ولی فقط میتونید در یه لحطه از یکیش استفاده کنید.,-1,1,train
3977,1-به نسبت قیمتش و در مقایسه با دوربین های در این رده مثل sx40 و fz150 نویز در آن زیاد است و عملا بعد از iso 1600 نویز آن شدید میشود و عکس را خراب میکند و عکس در حالت عادی خوب است ولی وقتی روی آن زوم کنی میفهمی چقدر نویز دارد 2-در نور کم عملکرد خوبی ندارد 3-باز هم مثل همیشه دستکاری در رنگها که از خصوصیات سونی است و افراد حرفه ای آن را نمی پسندند 4-صفحه نمایش آن گردان نیست 5-قیمتش نسبت به خصوصیاتش به نظر من بالاست 6-ایزو بالا و مگاپیکسل بالا آن عملا کارایی ندارد چون حسگر این قدرت را ندارد که عکس خوبی در ایزو بالا بگیرد و مگاپیکسل آن هم با این حسگر نمیسازد و حتی شاید عکس را خراب کند,-1,1,train
9398,من 1ماه که خریدمش اگه بخوام راستشو بگم ازش راضی نیستم!,-1,1,train
8693,گوشی واقعا خوبیه فقط یه خورده قیمتش مناسب نیست که یابد زمانی که مثل امروز تخفیف میخوره اقدام کرد.,-1,1,train
7261,ولی متاسفانه امروز موقع مشاهده تصویری ناگهان تصویر خاموش شد ولی صدا ماند.,-1,1,train
4776,نسبتا سنگین و بزرگ .,-1,1,train
4084,محیط کار با دوربین در این گوشی کاملا مبتدیانه و با حداقل امکانات می‌باشد.,-1,1,train
6449,مشکل اینه که وقتی هارد رو وصل می‌کنم ۲ تا بیپ می‌کنه و مدام چشمک می‌زنه ولی وصل نمی‌شه (این طور که از سرچ کردن فهمیدم مشکل ضعیف بودن سیمکشی داخلی دارن که خیلی جدی نیست و سریع درست می‌شه) زنگ زدم به سازگار، اول گفتن مشکلی نیست و سریع حل می‌شه اما وقتی بردمش برای تعمیر نه تنها هزینه ای برای بررسی (!,-1,1,train
9475,عملکرد در شرایط نوری ضعیف هم تعریف چندانی ندارد و مقدار زیادی نویز در تصویر مشاهده می‌گردد.,-1,1,train
6315,سخت افزار نسبتا ضعیفی داره البته من نسبت به قیمت این رو عرض کردم در کل فکر نمیکنم خیلی آدم رو راضی نگه داره,-1,1,train
3889,در نقد و بررسی HX100v عنوان کرده بودیم که نداشتن کفشک فلاش اکسترنال برای آن یک نقطه‌ی ضعف محسوب می‌شود.,-1,1,train
6582,صفحه نمایشش زیر نور اصلا معلوم نیست باتریش هم ضعیفه موقع مرور اینترنت هم یه ذره گیر میکنه صدای اسپیکرهاش هم ضعیف ولی با کیفیته.,-1,1,train
8427,به ایزوهای بالاتر از این که بروید بر میزان نویز، کاهش غلظت رنگ ها و میزان از بین رفتن جزئیات افزون می گردد.,-1,1,train
9855,صفحه نمایشش یکم به تاریکی میزنه و البته باز به سلیقست,-1,1,train
11486,شارژ بی سیم(که یک تکنولوژی تازه محسوب نمیشود و آن را در لومیا 920 نوکیا هم دیده بودیم) خلاصه من iphone 4s که محصول یک سال پیش شرکت اپل است را به محصول چند روز پیش گوگل و الجی ترجیح میدهم!,-1,1,train
6181,ظاهرا دستگاه به درستی کپی خور نشده بود.,-1,1,train
11955,نوار نقره ای رنگ دور گوشی کیفیت خوبی ندارد ودر برخورد با اشیا اسیب پذیر میباشد.,-1,1,train
12908,} 2- عدم وجود رابط کابل USB برای انتقال اطلاعات.,-1,1,train
7875,انتظار می‌رفت که با وجود پردازنده تک هسته ای، شارژدهی باتری Fonepad بسیار بیشتر از Nexus 7 باشد ولی در عمل این‌طور نبود و هر دو تبلت عملکرد کم و بیش یکسانی را ارائه دادند.,-1,1,train
528,شما می توانید به صورت دستی به رزولوشن های بالاتر نیز برسید، البته این خیلی توصیه نمی شود و بیشتر برای اسکن عکس هایی با کیفیت بالا و استفاده در قطع بزرگ به کار می آید.,-1,1,train
3930,بعضی بچه ها همین اشتباه رو دارن که بدون توجه به اندازه و نوع سنسور ٬ به مقایسه‌ی دوربینها می‌پردازن ٬ مثلا مقایسه G15 با HX200V اصلا کار درستی نیست چون G15 سنسور بزرگتری داره و میتونه تا سقف ۱۲ مگاپیکسل جزئیات تصاویر رو ثبت کنه یا به عبارتی G15 یک دوربین ۱۲ مگاپیکسل واقعیه اما HX200V در نهایت تا رزولشن 9.7 مگاپیکسل توانایی ثبت تصاویر رو داره اون هم به دلیل سنسور کوچیکتر٬ البته هنگام مقایسه دوربین ها از فاصله کانونی و محدوده‌ی دیافراگم غافل نشید.,-1,1,train
1452,اما به طرز عجیبی در حالت زوم کامل لنز کندی است.,-1,1,train
1785,خیلی بده که آدم خودش رو به اختیار محدود کنه .,-1,1,train
12882,دیگر امکاناتش معمولیه فقط اگه چراغ قوه داشت خیلی خوب میشد.,-1,1,train
4116,و نبود فلش در کنار دوربین باعث میشود تصمیم گیری برای خرید این گوشی کمی سخت به نظر بیاید.,-1,1,train
8233,برنامه نوت ندارد .,-1,1,train
4200,در بخش فیلم برداری: اصلا خوب نیست.,-1,1,train
9651,"در کل اپل خیلی محصول قابل قبولی رو معرفی نکرد و من رو که چند ماهی منتظرش بودم تا معرفی بشه , نا امید کرد .",-1,1,train
11381,در‌ایزو 6400 و 12800 نویز و کاهش غلظت رنگ‌ها بیشتر می‌شود.,-1,1,train
2597,به صرفه نیست که فوجی بخرید.,-1,1,train
2276,HTC این کار رو چند بار دیگه هم انجام داده و این سیاست این شرکت شاید از نظر بازاریابها خوب باشه ولی خیلی ها رو هم ناراحت میکنه.,-1,1,train
3195,که من اصلا انتظارشو نداشتم خیلی بد و ضعیف آنتن میده و برای یک محیط خونگی شاید اینترنتش خوب باشه نه بیشتر.,-1,1,train
1545,اول اینکه با قرار دادن گوشی بر روی سطوح مختلف، احتمال خط افتادن بر روی شیشه روی لنز بسیار زیاد است.,-1,1,train
1138,چون یه بار به علت یک لحظه اشتباه همه اطلاعاتی که فقط برای من با ارزش بود رو از دست دادم.,-1,1,train
2096,IOS :*محیط خشک و ایستا - مشتریان فقط استفاده کننده و نه توسعه دهنده*اجبار به استفاده از محیط خاص و محدود *نداشتن حق انتخاب چه برای ظاهر گوشی چه برای درون گوشی برای خرید یک گوشی با سیستم عامل IOS فقط یک گزینه دارید و آن هم Iphone تمام.,-1,1,train
6835,باتری اینترنال به معنی این نیست که بهیچ عنوان قابل تعویض نیست، فقط از دسترس کاربر خارج است.,-1,1,train
965,به محض قرار دادن این دو در کنار یکدیگر نخستین چیزی که متوجه آن می شوید، فقدان پنجره ی چشمی اپتیکال در مدل جدیدتر است.,-1,1,train
10167,3_ ظاهری پلاستیکی وکم‌کیفیت که دیگران با دیدن اون بسیار به اشتباه به یاد گوشی های کربی و ارزان قیمت می افتند.,-1,1,train
4850,بابا الایت به درد نمی خوره فقط اسم رد کرده.,-1,1,train
1757,از لحاظ سخت افزاری از s3 پایین تر است نسبت به امکاناتی که دارد مقرون به صرفه نیست قاب پشت گوشی بسیار زود خش می‌شود,-1,1,train
7361,حداکثر روشنایی این پنل چندان زیاد نیست و وقتی این موضوع را در کنار براق بودن نمایشگر در نظر می‌گیریم به این نتیجه می‌رسیم که این نوت‌بوک مناسب استفاده در محیط‌های غیر مسقف و در نور روز نمی‌باشد.,-1,1,train
12603,نواقص: باتری بیشتر از یه روز دوام نمیاره.,-1,1,train
8374,50x زوم اپتیکال خیلی خوبه ولی باید به کیفیت عکس هم توجه کرد من سری قبل تر اینو دارم اصلا از کیفیتش راضی نیستم و موقع خرید فقط به زوم توجه می کردم که الان پشیمون شدم,-1,1,train
7689,فقط مشکلی که میشه ازش گرفت محدودیت نصب برخی از نرم افزارهاست.,-1,1,train
7925,واسه همین خیلی گرونه cd هاش.,-1,1,train
4167,وضوع تصاویر یکم پایینه.,-1,1,train
5866,این موضوع بدیهی است که دستور های پیاپی و نا‌معقول در استفاده از هر سیستمی موجب وقفه‌هایی در اجرای دستورات CPU میشه و این موضوع به معماری CPU مربوطه که در اون تعبیه شده.,-1,1,train
6155,اما اگه چند سال آینده رو در نظر داشته باشیم به این نتیجه میرسیم که بازی ها روز به روز بر حجم و گرافیکشون افزوده میشه و اونوقت PS3 با داشتن دیسک بلوری مشکلی پیدا نمیکنه اما xbox دیگه نمیتونه بازی های خوبی بسازه و(میشه مثل PS2) که الان بازی های با گرافیک بالا نداره .,-1,1,train
7551,sony ion و یا T و TX گوشی های سطح بالا و خوبی هستن ولی موقع کار باهاشون حس کار کردن با یه گوشی با کیفیت رو ندارین.,-1,1,train
7436,از نظر کیفیت اسکن می‌توان گفت که عملکرد 5600F از بهترینی که تا به حال دیده ایم کمی پایین تر است.,-1,1,train
8651,تازه باتریشوتم ضعیفه.,-1,1,train
1808,فقط بدنه اش خش پذیر است,-1,1,train
8438,کاش اون موقع دی جی کالا داشت از سایت میخریدم ..,-1,1,train
6953,ولی امان از دست این باطریش.,-1,1,train
627,قدرت cpu این لپ تاپ پایینه پیشنهاد من لپ تاپ ACER ASPIRE V3 است,-1,1,train
5355,سیاست تنوع محصولی که از طرف شرکت ایسوز که در قبل نیز شاهد آن بودیم ایجاد یک نوع بازار متنوع و یک نوع چالش برای خریدار است از این رو در این مدل به طور کاملا عمدی دست به حالتی زده که در آن عدم قابلیت ارتقاع دستگاه به حافظه های بالاتر به چشم می خورد.,-1,1,train
7406,اثر انگشت رو خیلی میگیره!,-1,1,train
12639,1-دوربینش معمولیه و اصلا در حد 8 نیست!,-1,1,train
2483,البته این پورت بر روی تمام مدل‌ها وجود ندارد و بعضی از مدل‌های ارزان‌تر مانند X44LY یا X53E، فاقد این پورت می‌باشند.,-1,1,train
4372,یکی دیگه از اشکال های اون قیمت نسبتا زیادش و دیگری اینکه هنوز بلوتوثش بسته است و فقط برای هدست.,-1,1,train
7196,به نظر من این محصول از نظر زیبایی و مشخصات حرف نداره ولی ایراداتی داره که باعث میشه تو خرید این محصول یه مقدار دقت بیشتری کنیم اول از همه اینکه شما دارین یک موبایل با مشخصات عالی میگیرین که میشه به یک صفحه نمایش وصلش کرد که تبدیل به تبلت بشه در واقع تبلت به تنهایی بدون گوشی هیچ معنی نداره در واقع اگه گوشی یا مغز دستگاه شما دچار مشکل بشه مثلا زمین بخوره تبلت شما دچار مشکل میشه و غیرقابل استفاده.,-1,1,train
7814,اما به هر حال از قیمت آن نیز نمی‌توان به راحتی چشم پوشی کرد، چرا که رقبای این تبلت از کمپانی‌های Asus و Amazon، با وجود صفحه نمایش بهتر، قیمت‌های پایین‌تری دارند که این کار را برای آیپد مینی سخت می‌نماید.,-1,1,train
8281,فقط مقداری خطای رنگ بنفش در مناطق پرکنتراست مشاهده می‌شود.,-1,1,train
4119,اما عدم پشتیبانی از اندروید در گوشیهای نوکیا باعث شده قدرت جذب مشتری سامسونگ و رقیبانش در مقابل نوکیا افزایش پیدا کند.,-1,1,train
3716,البته نبود فلاش واسه دوربینش ضعفه.,-1,1,train
6748,در گذشته معمولا پروژکتور داخلی این دوربین ها کیفیت بالایی نداشتند و معمولا باید نور اتاق را تا حد خیلی زیادی کاهش می دادید تا می توانستید تصویری واضح را مشاهده کنید.,-1,1,train
12569,طراحان سعی کرده‌اند که با کنترل‌های موسیقی کارآمد کمی این نقص را جبران کنند ولی با این حال جای ویجت‌های میانبر همواره خالی است.,-1,1,train
10088,به علاوه کلیدهای کیبورد، آستانه و عمق زیادی ندارند.,-1,1,train
8355,این دوربین در مقایسه با fz-100 فقط زوم بالاتری داره و البته در چند مورد دیگه هم برتری نامحسوس داره ولی در خیلی از زمینه ها پایین تره..,-1,1,train
1327,ظرفیت در دسترس برای ذخیره موسیقی در آیپاد شافل، 2GB است که ممکن است برای بعضی کاربران ظرفیت کمی باشد.,-1,1,train
4679,با رد تماس امکان ارسال SMS اتوماتیک وجود ندارد.,-1,1,train
8650,اچ تی سی هم بدون دوربین دوم تولید کرده یعنی ضعف از این هم گرونتره.,-1,1,train
4810,مشکل این دوربین ها باتری های آنهاست .,-1,1,train
10857,به نظر من تبلت های اپل به دلیل فیلتر بودن سایت های اون و سختی دانلود و اینکه جابجایی فایل بین کامپیوتر و تبلت سخته خیلی مناسب ایران نیست.,-1,1,train
1488,فاقد زوم اپتیکال در حین فیلم برداری می باشد که در مواقع فیلم برداری از فواصل دور کیفیت تصویر بشدت پایین می آید همچنین جنس بدنه فاقد کیفیت لازم می باشد به طوری که با مشاهده دوربین در بعضی نقاط بدنه کامل به هم جفت نشده همچنین در موقع زوم در عکاسی خیلی با سر و صدا همراه است به طوری که احساس خشکی قطعات و نامرغوب بودن آن به چشم می آید ضمنا تصویر نمایشگر فاقد کیفیت لازم و شفافیت مطلوب می باشد و نمایشگر لمسی فقط در بعضی مواقع کاربرد دارد و کامل نیست,-1,1,train
11134,وقتی padfone 1 اومد هم یخورده جا خوردم هم یخورده بی کیفیت به نظر میرسید.,-1,1,train
9959,""" از نظر دقت، برتری خاصی از Siri نسبت به چیزی که بر روی Android و WP7 است ندیدیم.",-1,1,train
9456,فقط کاش پخش ویدئو ای هم داشت,-1,1,train
11794,یکی نداشتن دوربین دومه که برای خیلی ها اصلا کاربرد نداره، یکی دیگه هم اینه که شارژش سریع ته میکشه.,-1,1,train
12983,این به دلیل عدم توانایی پرینتر در چاپ خوب سایه ها بود.,-1,1,train
9388,فقط یه وقتایی سرعتش کم میشه .,-1,1,train
1426,این به این معنی است که اپل خواسته به استفاده از سیستم عامل Mac در این مدل تاکید کنه و این امر برای یک کاربر ایرانی که سابقه چندانی در استفاده از این سیستم عامل ندارد ایجاد مشکل خواهد کرد.,-1,1,train
4384,جنس بدنه این تبلت با وجود اینکه پلاستیکیست، از پلاستیک براق بسیار با کیفیت ساخته شده است ولی متاسفانه اثر انگشت را به خوبی جذب کرده و نشان میدهد.,-1,1,train
11227,بنابراین مقداری از گوشه های عکسی که می گیرید را هیچ گاه از داخل چشمی نخواهید دید.,-1,1,train
12960,با این اوصاف اگر نیاز به دوربین با کیفیت برای عکس برداری و فیلم برداری دارید و یا اینکه نیاز به استفاده از برنامه های مختلف بر روی گوشی خود دارید باید قید این گوشی را بزنید.,-1,1,train
316,باتری یون چون توسط کاربر قابل تعویض نیست اگه مشکلی پیش بیاد باید پشت گوشی باز بشه و در این بین مشکلات دیگه ای که در پی باز شدن گوشی هست هم وجود داره!,-1,1,train
1408,از تنها نقاط ضعف جزئی این دستگاه می‌توان به عدم وجود درایو نوری و پورت شبکه اشاره کرد.,-1,1,train
1032,توانایی زوم آن کاملا معمولی است و حال واید 28 میلی متر هم نه خیلی خوب است و نه خیلی بد.,-1,1,train
7259,تنها مشکل پلاسما مصرف برق بالای اونه و ظاهرا هنوز فول اچ دی ش هم نیومده اگر این دو تا مشکلش حل بشه دیگه واقعا حرفی برای گفتن نمی گذاره .,-1,1,train
2012,این یعنی تنزل.,-1,1,train
3215,سلام همه مشخصات سخت افزاری و نرم افزاری این تبلت رو خوندین اما من این تبلت رو 3 روزه خریدم چند نکته که باهاش مواجه شدم رو میگم در صورت استفاده از لایو والپیپر روان نیست تمام بازی ها به گرافیکش نمی خوره گرافیک mali و adreno به هیچ وجه کیفیت دوربین خیلی کم نهایت شارژ که نگه میداری 8 تا 12 ساعت در صورت وب گردی و بازی و فیلم دیدن حتی کم تر چون مصرف صفحه نمایش خیلی بالاست میتونین توی تنظیمات باتریش ببینین حدود 70 درصد مصرف صفحه نمایشه هندزفری با صدای متوسط وای فای فعال نیست باید جداگانه رام 4.0.4 رو دانلود کنید یا به مراکز معتبر بدید تا درستش کنن گرافیک کمی در بازی های با گرافیک بالا مثلnfs.,-1,1,train
4526,بازی های HD رو موقع بازی گیر میکنه.,-1,1,train
2965,البته یه بدی هم داره.,-1,1,train
11800,گوشی های سامسونگ با سیستم عامل اندروید با سخت افزار شبیه این گوشی تقریبا دو برابر این گوشی قیمت دارن.,-1,1,train
5581,در تست‌هایی که انجام دادیم به نظرمان نمایش متون خیلی خوب صورت نمی‌گیرد.,-1,1,train
5262,GPRS نداره.,-1,1,train
2901,متاسفانه هنگامی که تبلت را در حالت افقی قرار دهید ممکن است ناخودآگاه، دست شما جلوی بلندگو را بپوشاند.,-1,1,train
1109,یه برنامه برای 3 بعدی کردن عکس ها داره حالا زیادم انتظار بالایی نداشته باشین از نرم افزاره ولی به امتحانش میارزه یه مورد هم از معایبش اینه که اگه وسایلی مثل کیس یا هر چیز دیگه می خواین با پورت SVIDEO وصل کنید ورودی SVIDEO نمی‌خوره,-1,1,train
5455,تنها بدیش اینه رم نمیخوره وگرنه به جایه تبلت میگرفتم,-1,1,train
12872,(البته موقع مکالمه اون سیم از دسترس خارج میشه) یکی از دوستان گفته بود برای تایپ پیام اصلا مناسب نیست و دکمه هاش خیلی صدا میده.,-1,1,train
11416,و فوق العاده زیبا و با کیفیت ولی این سخت افزار قوی با صفحه نمایش فوق العاده یک عیب بزرگ داره !,-1,1,train
3794,در مورد پروژکتور هم باید گفت که عملکرد آن شبیه به PJ760v است و پیشرفت چندانی نسبت به مدل پیشین نداشته.,-1,1,train
1416,اصلا راضی نیستم، حتی نمی تونم ویندوز توش بریزم.,-1,1,train
6258,بنظرم مقایسه این گوشی با نوت 2 و سایر گوشی های تک سیم کارت اشتباهه.,-1,1,train
10821,سلام کلا تو این رنج قیمت فوجی دوربین های خوبی با توجه به قیمت پایینش داره ولی به نظرم بهتره یکم بیشتر هزینه کرد و دوربین های سونی ، کنون و یا سامسونگ رو به ترتیب تو اولویت خرید قرار بدیم,-1,1,train
9609,بهترین گوشی اپل تا حالا فقط آیفون 4s هست.,-1,1,train
7510,چون برای اجرای این نرم افزار ها تقریبا نیاز اصلی CPU قدرتمند است که این مدل داره ولی برای کسایی که لب تابو برای بازی میخرن میگم که اشتباه ترین کاره .,-1,1,train
1413,نسبت به قیمتش نمی ارزه.,-1,1,train
3114,در پایین آن نیز درگاه اتصال و شارژ تبلت به علاوه دو بلندگوی استریوی آن قرار دارند و در نهایت در پشت تبلت دوربین 3.2 مگاپیکسلی آن قرار دارد که متاسفانه به فلاش مجهز نیست.,-1,1,train
12558,امکان اجرای دو برنامه‌ی Third Party یا خارجی به صورت همزمان وجود نداشت.,-1,1,train
7442,اسکن فیلم عکاسی همچنان کندتر است و حدود 2 دقیقه برای اسکن یکی از آن‌ها با رزولوشن 2400ppi زمان لازم است.,-1,1,train
10084,در تست استاندارد مرورگری اینترنت از طریق Wi-Fi، مدل های مختلف با توجه به سایز صفحه نمایش و نوع پردازنده و پردازشگر گرافیکی، توانستند بین 3 تا 3:30 ساعت شارژدهی کنند که در مقایسه با آلترابوک ها و سایر لپ تاپ های باریک، میزان نسبتا ضعیفی محسوب می گردد.,-1,1,train
315,چهار دکمه ی لمسی پایین یون واکنش خوبی ندارن!,-1,1,train
11989,یکمم رمش پایینه و بخاطر برنامه های پیش فرض گوگل رمش همیشه پره که حتما باید گوشیو روت کنید تا بتونید از شرشون خلاص شید.,-1,1,train
2367,گوشی خوبی هست اما هم به قیمتش نمیرزه هم که زیاد هست و اگه بخوای زیاد پول بدی بهتره galaxy note2رو بخری,-1,1,train
5436,اما به هر حال، برای کسانی که ابعاد گوشی و امکان کار با یک دست برایشان مهم است، گوشی‌های بزرگ‌تر از 4.5 اینچ اصولا چندان کاربردی نیستند.,-1,1,train
12636,اما یه سری معایب داره که گفتم واسه کسایی که قصدخریدشو دارن بگم.,-1,1,train
1423,اما اگه به این محصول تنها از دید تحسین نگاه کنیم مسیر را به اشتباه رفته ایم، چرا که معمولا آنچنان که از سابقه اپل به خاطر داریم این شرکت نقاط ضعف محصولات خودش رو در سایه تبلیغات پر زرق و برقش پنهان می کنه.,-1,1,train
199,دوما ضد آب بودن به نظرم خیلی به درد بخور نیست.,-1,1,train
7589,به نظر من با این قیمتی که داره ارزش خرید نداره,-1,1,train
1359,دوم اینکه باتری دستگاه کاملا به بدنه چسبیده است و برای تعویض آن لازم است که کل قسمت بالایی دستگاه تعویض شود و این کار هزینه بسیار بالایی خواهد داشت.,-1,1,train
8380,کانن نمیخواد بالاتر بره مثل اینکه سرعت شاتر 1/2000 کمه صفحه نمایش 3 بود بهتر بود در کل به جز قدرت زوم با مدل قبلی خیلی پیشرفت چشم گیری نکرده.,-1,1,train
7596,اما سامسونگ در حالی که حدود 34 درصد صفحه نمایش آن را کوچک‌تر نموده است، 26 درصد در ابعاد آن تغییر داده که می‌توان گفت چندان شاهکار هنری را از سامسونگ در زمینه طراحی این گوشی مشاهده ننمودیم.,-1,1,train
11713,رو شیشه لنزش خش زیاد میافته و باعث کم شدن کیفیت دوربینش میشه,-1,1,train
2951,با اینکه بدنه آلمینیومی سبب استحکام و کیفیت بالای ساخت اون تو این تبلت و حتی سایر تبلت ها میشه ولی اگر بدنه پلاستیکی داشت بسیار زیباتر و همچنین دلنشین تر میشد وقتی آمدم یه تبلت آلمینیومی دستش میگیره به معنای واقعی از چیزی که دستشه تنفر پیدا میکنه هر چند که از باب سخت افزار یا نرم افزار بسیار بالا باشه,-1,1,train
1591,اما نکته منفی نرم افزار های این تبلت، عدم وجود فوتوشاپ لمسی بر روی این دستگاه است که مشخص نیست چرا سامسونگ بر روی این مدل قرار نداده.,-1,1,train
3406,تنها یک مشکل دارد که آنهم مایکروسافت گفته با آپدیت سیستم در ماه آتی این مشکل را نیز مرتفع می نماید و آن مشکل عدم امکان استفاده از VPN است.,-1,1,train
12722,تنها مشکلی که داره اینه که وقتی خاموش و روشن میکنی تاریخش عوض میشه و اون موقع اس ام اس ها هم جابجا میشن.,-1,1,train
13000,البته این لامپ‌ها در محدوده‌های کوچک کارآیی چندانی ندارند.,-1,1,train
6277,همراه بانکهای نصب شده به طور پیش فرض از سیم 1 برای ارسال و دریافت داخلی استفاده میکنند که اگر سیم 1 ثبت بانک نباشه کاری از پیش نمیره.,-1,1,train
8487,در قلب دوربین HS900 یک هارد دیسک 220 گیگابایتی وجود دارد، این در حالیست که HS700 از هارد دیسک 240 گیگابایتی بهره می‌برد.,-1,1,train
7190,شاید من هنوز کاربردش رو پیدا نکردم البته .,-1,1,train
1535,وزن آن نیز 338 گرم است که در مقایسه با بدنه پلاستیکی آن، به نسبت دیگر تبلت های سری Galaxy مقداری سنگین نیز به نظر می‌رسد.,-1,1,train
746,دلیل من داغ شدن اون هست و البته داغ شدن سیستم بعد از حدود یک ساعت و خورده ای بازی !,-1,1,train
10311,در کل یه مشکل داره lcd کوچیکه وگر نه امکانات مثله گلکسی s + فلش,-1,1,train
4233,تنها اشکالی که فعلا وجود داره اسپیکرهای ضعیف این گوشی هست که چنگی به دل نمیزنه.,-1,1,train
3634,وزن 680 گرمی آن نیز وزنی تقریبا زیاد برای یک تبلت محسوب می‌گردد.,-1,1,train
12245,"این دوربین از نمایشگر 3 اینچی 230,000 نقطه بهره می‌برد که البته نسبت به استانداردهای سال 2011 چندان کیفیت بالایی را ارایه نمی‌کند.",-1,1,train
6986,یکم ذلیله!,-1,1,train
7691,خیلی دوس دارم بگیرمش ولی صفحه نمایشش میزنه تو ذوقم,-1,1,train
2734,نکته منفی در مورد درگاه های این تبلت، عدم وجود درگاه HDMI است که ترجیح می‌دادیم این تبلت دارای این درگاه نیز بود.,-1,1,train
7848,متاسفانه صفحه نمایش Fonepad به روکش ضد خش Gorilla Glass مجهز نبوده و یک قاب بسیار نازک پلاستیکی از صفحه نمایش آن در برابر خط و خش محافظت می‌کند.,-1,1,train
12244,این دوربین سرعت عکاسی پیاپی بالایی را هم ارایه نمی‌دهد و در رزولوشن کامل نهایتا به 1.2 فریم بر ثانیه می‌رسد که آن هم تا 3 عکس بیشتر ادامه پیدا نمی‌کند.,-1,1,train
307,"من 6 ماه بود که گوشی SII داشتم معایب IONکمی طول میکشه که به اندازش عادت کنید خوش دست اما بدون کاور چون خیلی بزرگ و بد دست می شه دکمه های پائین گوشی کمی ضعیف و زمان بر برای راحت تر شدن باهاش نبود دکمه منو جای بد دکمه پاور رنگ ضعیف منو در مقایسه با S IIمحاسنوزن و جنس خوب بدنه نسبت به SII دوربین با کیفیت برای ثبت عکسها با رنگهای طبیعی شفافیت بالاتر نمایش عکس و فیلم نسبت به SII در کل من SII یکی از بهترین تجربه های گوشیم بود و در حال حاضر چون چند روز که ION خریدم هنوز ارتباط لازم رو باهاش بر قرار نکردم ولی به مرور از خریدم راضی تر می شم و فقط کمی اندازش بزرگ که نسبت به گوشی های 4.7""چیزی نیست .",-1,1,train
9618,به نظر من شرکت اپل با ساختن این گوشی موفقیت زیادی به دست نمی آره چون اپل می تونست با 1صفحه نمایش بزرگ تر و رزولوشن 720×1280 صفحه نمایشی با کیفیت بیشتر ارائه کند.,-1,1,train
11772,گوشی مینی داغ می کنه که دوستان زیادی اشاره کردند که موقع داغ شدن خود به خود کلید های تاچش شروع به کار می کنه، بعد از اون احتمالا این مشکل رو سونی اریکسون با یک آپدیت حل کرده، اما هنوز مشکل داغ کردن این گوشی پابرجاست!,-1,1,train
8910,تماما دوربین خوبیه ولی GPSاش به درد نمی خوره ضمنا باید باطری یدکیشو داشته باشی.,-1,1,train
2201,)تا بتونه استفاده کننگان از محصولاتش رو بیشتر نسبت به ضعف های محصولاتش گمراه کنه.,-1,1,train
1943,به نظر من در ایران اصلا به قیمتش نمی‌ارزه با هزینه ای که برای این صرف میشه، میشه 3 تا گوشی قدرتمند تر و بهتر از آی فون 5 خرید,-1,1,train
861,اما متاسفانه با همون رزولوشن 800*480 که چون بزرگتر شده تراکم پیکسلی متوسط 217ppi رو ایجاد میکنه، که البته این تنزل با چشم قابل درک نیست!,-1,1,train
1968,اپل نتونست گوشی رو دست تراکم پیکسلی گوشی Sony s که 364ppi هست رو بیاره حتی LG optimus g هم با تراکم 320 نتونست.,-1,1,train
3722,دوربینش 15 فریم بر ثانیه فیلم برداری میکنه و بدنه ش ضد خش نیست و فلاش نداره.,-1,1,train
5546,ولی یه ایراد بسیار بزرگ که باهاش مواجه شدم و کمی نا امیدم کرد این بود که قلم خازنی موقعی که میخواین از کلید های زیر Screen استفاده کنید و به عنوان مثال به عقب برگردید دیگه کاری ازشون ساخته نیست و شما مجبورید قلم رو کنار گذاشته و با استفاده از انگشت دستور العمل بازگشت به صفحه عقب و یا Home رو بدین.,-1,1,train
10687,به نظر من Xperia T بهتره,-1,1,train
7521,گرافیکش چندان قوی نیست و میتونست قوی تر باشه,-1,1,train
2531,همانطور که گفتیم، S3200 دوربین بریجی در سطح متوسط است.,-1,1,train
6908,به نظر من سونی اکسپریا زد از این گوشی بهتره: 1:باتری بهتر 2:گواهی IP57 3:باربکی 7.9MM 4:دوربین 13 مگاپیکسل,-1,1,train
3549,فقط و فقط قاب گوشی کیفیت ساختش کمه از کنار دوربین همیشه یه ترک جزئی بر میداره!,-1,1,train
11820,امکانات خوبی داره من سه ماه داشتم ولی عیب بزرگی که داره بدلیل داغ کردن زیاد تاچش خیلی زود خراب میشه و نخریدن اون بهتره,-1,1,train
1156,روکش لاستیکی اون به صورت سراسری بهش نچسبیده و بعضی جاهاش بلند میشه و به دست گیر میکنه.,-1,1,train
1548,منصفانه نیست اگر بگوییم ساخت Galaxy Note 8 بی کیفیت یا نا امید کننده است، ولی برای قرار گرفتن در بین تبلت های برتر دنیا، کمی ضعیف است.,-1,1,train
9132,قیمت بالا یی داره ولی در اون حد قیمتش کارایی نداره فرقش با گوشی های هم رده باطری بهتر و سیستم عامل اندروید 4 هست,-1,1,train
10612,اولیش اینه که از بازیهای سه بعدی مثل آسفالت پشتیبانی نمی کنه.,-1,1,train
9592,من از شرکت اپل انتظار بیشتری داشتم چون تمام امکانات آیفون 5 همان امکانات سامسونگ S 3 می باشد حتی امکانات کمتری هم دارد مثلا 4 اینچ است در حالی که سامسونگ 4.8 اینچ است تازه محدودیت های نرم افزاری شرکت آیفون هم در ایران به جای خود که برای افراد مبتدی مثل من خیلی دردسرآور است و اما قیمت ان که با دلار امروزی سرسام آور است و داشتن یک عدد گوشی آیفون 5 یا یکی دیگر از محصولات اپل برای ما قشر متوسط و یا متوسط به پایین واقعا به خواب و خیال تبدیل شده است از این حرفها بگذریم در کل گوشی خوبی است اما شرکت اپل همیشه یک یا دو پله از شرکت ساسونگ جلوتر و همچنین ثروتمندتر بوده است من تعجب می کنم که چرا آیفون پنج5 را به یک شاهکار سال تبدیل نکرد و انتظارات طرفداران خودش را نادیده گرفته و یا قدرت علمی شرکت اپل همین بوده است البته شرکت اپل قبل از رونمایی از آیفون پنج 5 شایعاتی که درباره آیفون 5 وجود داشت را تکذیب می کرد بعدا معلوم شد که این حرفها واقعیت هستند,-1,1,train
11088,وزن آن 600 گرم است که در مقایسه با بدنه پلاستیکی آن، به نسبت دیگر تبلت های سری Galaxy مقداری سنگین نیز به نظر می‌رسد.,-1,1,train
10504,مشکل اکو شدن صدا دارد.,-1,1,train
9417,دوربینش به نظرم 5 مگاپیکسل واقعی نیست.,-1,1,train
4086,در کل دوربین این گوشی بیشتر جهت استفاده برای ارسال پیامک چند رسانه ای(MMS) مناسب می‌باشد و عکس‌های ثبت شده توسط آن قابلت آرشیو شدن را برای شما نخواهند داشت.,-1,1,train
13077,این آنتن بهتر بود که به صورت داخلی ساخته می شد.,-1,1,train
11954,بدنه از کیفیت آنچنانی برخوردار نیست به صورتی که گوشی خیلی زود عرق دست را گرفته و بسیار چسبناک میشود و حتی با تمیز کردن هم این اثرات باقی می ماند که این به دلیل کیفیت پایین پلاستیک استفاده شده در گوشی هست.,-1,1,train
11228,با این حال ساختن چشمی های اپتیکال با توانایی پوشش 100 درصد میدان دید کار نسبتا مشکلی ست که قیمت دوربین را بالا می برد.,-1,1,train
7179,دوستان عزیز من یه مدتیه پدفون 2 رو تهیه کردم همه چیش خوبه اما زیر لنز دوربینش خاک میره,-1,1,train
6335,اینکه پیکسل دیده میشه و یا وضوح نداره صحت نداره اما از نوت 1 و 2 رنگ و وضوح کمتر هست که در مقایسه مشهود میشه .9: یک مشکل این گوشی نداشتن ال ای دی اعلان وضعیت که نمیشه فهمید تماس یا اس ام اس یا امثال این آمده و باید حتما گوشی رو چک کرد تا با خبر شد.,-1,1,train
8528,سلام من این دوربین رو خریدم اما چندان راضی نیستم ازش نمیدونم چرا فیلمبرداری بصورت HD رو خیلی کم انجام میده حدود 10 ثانیه و قطع میشه!,-1,1,train
7958,برای این کار باید از CHDK استفاده کرد البته دستی کردن موقت تنظیمات برای فیلم برداری شاید باعث هنگ کردن و سوختن دوربین بشه!,-1,1,train
1899,4- قاب آن خش پذیر است و لکه اثر دست باقی می ماند .,-1,1,train
9778,من انتظار کیفیت خیلی بالاتر از این رو داشتم، عکس هایی که گرفتم مثله نقاشیه آبرنگه و با این که جزئیات رو به خوبی نشون می ده اصلا عکس های طبیعی نیست.,-1,1,train
7462,همچنین در مناطق با کنتراست بالا نیز کاملا خطای رنگی بنفش مشاهده می‌شود.,-1,1,train
5325,سلام دوستان این مدل مشکل کار کرد همزمان 3G رو Wifi داره سیم کارت که تو دستگاه باشه Wifi از کار می افته,-1,1,train
2203,اما به هیچ وجه مخاطب رو متحیر نمیکنه و زود تکراری میشه.,-1,1,train
7942,این دو دوربین فاقد هرگونه لرزش گیر مکانیکی یا اپتیکال می‌باشند و فقط از نوع الکترونیکی آن بهره می‌برند.,-1,1,train
2778,امکانات خوبی نسبت به قیمتش داره اما به دلیل نداشتن درگاه HDMI و وجود رزولوشن پائین صفحه نمایش ، میشه گفت که این برند کمی ضعیف عمل کرده .,-1,1,train
2864,باتری True HD یک باتری لیتیومی 1830 میلی آمپریست که به نظر می‌رسد برای این گوشی مقداری کم باشد.,-1,1,train
10182,برای خارج کردن مموری هم باید باطری رو ابتدا در بیارم.,-1,1,train
4982,این که بخواهید PS3 رو انتخاب کنید یک اشتباه بزرگ محسوب میشه چون با وضعیت بلوری در ایران و امنیت کنسول سونی حالا حالاها باید قیمت های گزافی برای خرید بازی های اون خرج کنید.,-1,1,train
3011,شاید در ظاهر فرکانس سی پی یو تگرا 3 اینفینیتی بالاتر باشه ولی همانند اچ تی سی وان ایکس در عمل از اکسینوس 4 ضعیف تر عمل میکنه.,-1,1,train
3068,در تبلیغات این تبلت از مقاومت بالای صفحه در برابر خش صحبت شده بود که از نظر من واقعیت ندارد.,-1,1,train
9587,گوشی خوبیه ولی نوکیا از این بهتره.,-1,1,train
10325,البته لازم به ذکر است که این گوشی نسبت به ابعادی که دارد، بسیار قطور بوده و ضخامت زیادی (14 میلی‌متر) دارد.,-1,1,train
1881,من که یه 4s داشتم فروختمش اینو گرفتمو واقعا پشیمونم .,-1,1,train
5819,کیفتش super amoled plus نیست.,-1,1,train
8350,امیدوارم که سال 2013 کانن فکری به حال این دوربین بکنه تا مشکلاتی مثل کمینه لنز و ..,-1,1,train
5129,یا شاید هم در مقابل دارندگان ps3 شرمنده شویم!,-1,1,train
5912,من چند وقت پیش آپدیتش کرم به ورژن 4 و در کمال ناباوری آنتن و شماره سریالش پرید!,-1,1,train
11342,اینک ظاهرا این مشکل در 600D به جای اینکه اصلاح شده باشد تشدید هم شده و واقعا چند ثانیه برای این کار طول می‌کشد.,-1,1,train
2779,البته به غیر از اینها فرم این تبلت کمی بزرگ و ناجور به نظر میاد .,-1,1,train
8945,متاسفانه هیچ کدام از این جلوه‌ها در هنگام ضبط ویدیویی قابلیت اعمال ندارند.,-1,1,train
10496,به نظر من اگر شرکت سونی با توجه به سرعت پردازنده یه کم روی سخت افزار این گوشی کار می کرد تا کمتر هنگ کنه دیگه این گوشی از هر نظر عالی بود البته به غیر از دوربینش که اون بحثش جداست تراشه این گوشی ضعیفه به نظر من این بزرگترین عیبی هست که این گوشی داره شاید تنها دلیل اینکه این گوشی نسبت به قیمتش نمی ارزه همین است,-1,1,train
12632,تنها مشکلش پروسسور پایینشه.,-1,1,train
2308,در کنار اینکه استفاده از SD عیب خودشو داره (رجوع کنین به بیانیه گوگل برای عدم استفاده از SD در محصولات Nexus)همه اینها به کنار اگر اهل بازی هم باشین میدونین که یک سری بازیها منحصرا برای چیپ Tegra ساخته میشوند و اغلب بقیه بازیها نیز برای این چیپ بهینه میشوند!,-1,1,train
8522,در ضمن در هنگام فیلم برداری سه بعدی امکان زوم اپتیکال و فوکوس دستی هم وجود ندارد.,-1,1,train
10733,صفحه به این بزرگی دیگه گوشی نیست.,-1,1,train
11619,اندرویدشو آپدیت کردم سرعتش اومده پایین,-1,1,train
6203,اما وقتی متوجه شوید که رزولوشن این صفحه نمایش 800×480 پیکسل است نا امید خواهید شد.,-1,1,train
508,برخی برنامه های پیش فرض روی گوشی کارا نیستند و باید دنبال جایگزین برای آنها بگردید.,-1,1,train
8667,در جلو هم همان ظاهر قدیمی گوشی های ال جی و اچ تی سی رو حفظ کرده.,-1,1,train
11476,در عوض نسبت تصویر آیفون 5 نامناسبه، قیمتش 4.5 برابر این هست!,-1,1,train
9827,اما به هر حال باید در نظر گرفت که به همان اندازه که 10.1 اینچ برای تبلت ها سایزی بزرگ محسوب می‌گردد، این سایز در لپ تاپ‌ها کوچک است و به دلیل اینکه ایسوس داک کیبورد را نیز به اندازه تبلت طراحی نموده، کیبورد نیز بسیار کوچک است که شاید برای کسانی که دست‌های بزرگی دارند کار با آن مقداری مشکل باشد.,-1,1,train
4054,و در آخر این رو هم عرض کنم عکسی که این دوربین از یه جسم ثابت میگیره درخوره یه دوربین با لنز 18 مگاپیکسلی نیست.,-1,1,train
8888,دوربین خوبیه فقط صدای موتور زومش زیاد است .,-1,1,train
7451,با بدنه پلاستیکی و اندازه کوچک و وزن خیلی کمش راستش احساس کردم یه کالای بی کیفیت تو دستمه.,-1,1,train
1875,به نظر من این گوشی نسبت به قابلیت هاش به صرفه نیست؛ توجه کنید که آیفون ٥ NFC نداره و این برای یک گوشی هوشمند امروزی ضعف خیلی بزرگیه و عدم استفاده از Google map ایرانی ها رو از داشتن یه راهنمای خوب در یک گوشی سطح بالا محروم میکنه.,-1,1,train
216,سلام دوستان من ۱ماه هست دارمش بازی اچدی اجرا نمیکنه.,-1,1,train
11320,این مود چندان بر روی یک دوربین با قابلیت تعویض لنز مفید نیست.,-1,1,train
12764,البته همانند Xperia play حافظه‌ی RAM نسبتا محدودی دارد و از این نظر نسبت به رقبای HTC خود عقب است.,-1,1,train
6954,ضعیفه!,-1,1,train
12640,2-قاب و برچسب محافظشlcd کمیاب 3-گوشی توی بورسی نیست 4-سنگین و قطوره در کل از سامسونگ راضی ترم، رابط کاربری سامسونگ خیلی بهتره,-1,1,train
5995,تنها ایرادی که میتونم ازش بگیرم محل قرار گرفتن فلاششه که مزاحم انگشت اشاره دست چپه.,-1,1,train
9700,به نظر من کمپانیApple برای اینکه بتواند مثل همیشه برترین باشد باید یه تغییر اساسی در شکل و ظاهر گوشی خود ببخشه چون این شکل گوشی شاید زیبا باشه اما دیگه تکراری شده .,-1,1,train
12273,-کیفیت تصاویر در عمق منو راضی نکرد .,-1,1,train
2083,خرید اون خیلی سخته بخاطر قیمتش.,-1,1,train
6072,در هنگام شارژ مجددا آن هم جوهر خوب به سختی یافت می شود.,-1,1,train
11688,لنزش هم زود لک وخش می افته,-1,1,train
8429,البته استفاده از این مود در عکاسی RAW مقدور نیست.,-1,1,train
2260,HTC +X معایب ذیل را دارد : 1- عدم امکان استفاده ار مموری کارت 2- عدم پشتیبانی از کابل OTG  3.,-1,1,train
4516,.تاچ خوبی نداره.,-1,1,train
311,دوربین 12 یون اصلا با خیلی از 8 مگاپیکسلی های موجود قابل مقایسه نیست، چه عکس چه فیلم!,-1,1,train
11759,(صفحش تاریکه) 3.,-1,1,train
11652,کیفیت فیلم برداری: عالی کیفیت عکس برداری: خیلی ضعیف (در حدی کمتر از دوربین های 3.2 مگا پیکسلی) کارایی باتری: مثل اکثر مدلهای اکسپریا ضعیف ابعاد صفحه نمایش: به خاطر صفحه نمایش کوچک و در نتیجه صفحه کلید کوچک باید کلا قید نوشتن پیامک به زبان فارسی را بزنید.,-1,1,train
9470,کمینه ی نسبت کانونی ارائه شده توسط آن، f/3.5-6.5 می باشد که در نتیجه لنز خیلی سریعی نیست.,-1,1,train
2047,داشته باشی اصلا خوب نیست بخصوص برای ما اندرویدی ها اما اگه فقط اسم گوشی براتون مهمه توصیه میکنم بگیرید !,-1,1,train
1701,این مشکل در نقشه های سه بعدی این برنامه بیشتر نمایان می‌شود.,-1,1,train
7928,تنها مشکلش بازیهاشه.,-1,1,train
8524,فیلم‌ها نیز دیگر HD نیستند.,-1,1,train
11836,صفحه نمایش کوچیکش برای اونایی که با گوشیهای صفحه بزرگ کار کردن ممکنه زیاد خوشایند نباشه، هرچند شخصا مشکلی باهاش ندارم، حتی موقع تایپ کردن 4.,-1,1,train
4828,من دو ساله دارم اما الان لنز دچار مشکل شده و چند وقت پیش در مشکل داشت که دادم درستش کردن و هر چند وقت یکبار آپدیت میخواد و کلا بهترین چیزی که داره دستش هست که از نظر وزنی سنگینه ولی خوشدسته و در کل خیلی پایین تر از PS3 هستش اینو بخاطر این میگم که قبل از Xbox360 من PS3 داشتم.,-1,1,train
6070,از هر جهت خوب است اما کلا کارتریج به شماره 35A که در این پرینتر و در مدل های P1005 و P1006 وجود دارند قدری کمرنگ تر از مدل های کنون در همین رده ی قیمتی چاپ می کنند .,-1,1,train
9420,لک های انگشت هم خیلی روی نمایشگر و بدنه ی پشتیش می افته و مدام باید با دستمال یا لباس پاک کرد!,-1,1,train
4072,همچنین عملکرد آن در زوایای دید مختلف نیز قابل تعریف و تمجید نیست.,-1,1,train
507,معایب: کیفیت دوربین آن، اگر چه نسبت به اکثر دوربینهای 5 مگا پیکسلی، بهتر است اما در کل به نظر چندان رضایت بخش نمی آید و دارای کیفیت متوسط است.,-1,1,train
1746,من خودم اپل آیفون5 دارم ولی اصلا ازش راضی نیستم.1- بهترین مرورگر اینترنت که همه سایت های اینترنتی باهاش باز میشه رو اپل نصب نمیشه اصلا تولید نشده براش موزیلا فایرفاکس.,-1,1,train
8315,امیدوارم برای غولهای آینده اش یه فکر اساسی برای باتریهاشون بکنه تا دیگه نشه هیچ ایرادی بهش بگیرن.,-1,1,train
4057,فیلم برداری قوی تر در دوربین های هم قیمت داشتن gps عکاسی با کیفیت به نظر من این دوربین میتونه واسه ی کسایی که میخوان شروع به عکاسی کنه یه دوربین ایده آلی باشه نقاط ضعف:صفحه نمایش آن گردان نیست شارژر جدا ندارد در نور کم عملکرد خوبی ندارد قیمتش نسبت به خصوصیاتش به نظر من بالاست ایزو بالا و مگاپیکسل بالا آن عملا کارایی ندارد چون حسگر این قدرت را ندارد که عکس خوبی در ایزو بالا بگیرد و مگاپیکسل آن هم با این حسگر نمیسازد و حتی شاید عکس را خراب کند,-1,1,train
5473,این هم که قلمش داخل گوشی نمیره، میتونه یه نکته منفی باشه.,-1,1,train
6388,تغییر زیادی نسبت به اس2 معمولی نداشته فقط یه اپدیت نرم افزاری اندروید 4.1 داره سامسونگ خواسته فروش گوشی اس2 رو همواره بالا نگه داره که این گوشی رو معرفی کرده همون گوشی ولی با اسمی متفاوت و البته در حافظه ذخیره سازی متفاوت,-1,1,train
6742,حساسیت های 800 و 1600 هم نویز بسیار زیادی دارند.,-1,1,train
10956,تنها مشکل اینه که صفحه خیلی کثیف میشه و کاور و گارد موجود نیست,-1,1,train
3492,یک مقدار هم فضای زیادی را اشغال میکند.,-1,1,train
4416,عکس های گرفته شده در فضاهای خارجی از کیفیت بسیار خوبی برخوردار هستند ولی در فضاهای بسته، به خصوص در شرایط نوری ضعیف، به دلیل عدم وجود فلش، عکس ها دارای نویز بوده و از کیفیت خیلی بالایی برخوردار نیستند.,-1,1,train
9105,بعد از دو ساعت پشت گوشی مقداری داغ شد که بعد از خاموش کردن صفحه 5 دقیقه ای خنک شد.,-1,1,train
97,به دلیل توانایی تولید چنین بزرگنمایی زیادی، لرزش دست می‌تواند در عکس گرفته شده تاثیر زیادی داشته باشد و به راحتی مقدار کمی از آن باعث به طور کلی تار شدگی عکس شود.,-1,1,train
2005,واقعا جای تاسف داره!,-1,1,train
6997,آقا سجاد عزیز یک مشکلی شرکتهای مثله Qualcomm اینه که یه سروگردن از سامسونگ و اپل عقب ترن.,-1,1,train
663,اول خودم قصد داشتم این مدل رو تهیه کنم اما بنا به دلایلی از جمله عدم وجود بک لایت که خیلی برای من مهم بود پشیمون شدم.,-1,1,train
8664,روی کاغذ امکانات خوبی داره اما از نظر طراحی خیلی ضعیف عمل کرده.,-1,1,train
11485,همچنین اندازه ی بزرگ(که دزدیدن آن را آسانتر و نگه داشتن آن را در یک دست سختتر میکند در حالی که نگه داشتن آیفون در یک دست بسیار آسان و دلنشین است).,-1,1,train
5600,با این حال کیفیت عکس‌ها معمولی هستند.,-1,1,train
1097,اما وقتی میخواد هارد 500 گیگ رو بخونه ، حداقل باید 3 الی 4 دقیقه صبر کنید.,-1,1,train
2031,با سلام  درانتخاب برند آیفون به عنوان برند برتر شکی نیست ولی اکثر امکانات این گوشی بالقوه خواهد ماند زمانیکه ما از اینترنت پرسرعت برخوردار نیستیم یکی از امکاناتی که تاکنون فعال نشده قابلیت مکالمه رایگان آیفون به آیفون هست .,-1,1,train
5172,و بدون استفاده !,-1,1,train
785,چیپ گرافیکی Adreno 203 نیز عملکرد متوسطی در هنگام اجرا و پردازش گرافیک‌ها و بازی‌ها دارد.,-1,1,train
10467,وقتی داری با یک سیم صحبت می کنی اگه کسی به سیم 2 زنگ بزنه همزمان زنگ نمی خوره .,-1,1,train
7897,البته سنسور این دوربین بسیار کوچک بوده و کیفیت عکس‌های آن چندان رضایت بخش نمی‌باشند.,-1,1,train
12560,و این چیزی بود که همواره همه‌ی کاربران از آن ناراحت بودند چرا که گوشی مثل iPhone توان آن را داشت.,-1,1,train
11531,یکی از ایرادات اصلی وارد شده به مدل قبلی نکسوس یعنی Galaxy Nexus، کیفیت پایین دوربین 5 مگاپیکسلی آن بود.,-1,1,train
7569,هندزفیری این گوشی اصلا بدرد نمیخوره ( به نظر من) بگذارید تو گوشتون دیگه صدای خودتونم نمیشنوید!,-1,1,train
7519,دوستان دقت داشته باشن که این لپ تاپ هیچ سی دی همراهش نیست..,-1,1,train
10448,و از همه مهمتر اصلا دوربین مکالمه ویدویی نداره..,-1,1,train
11332,این سرعت تقریبا برابر با دوربین 550D است ولی بسیار کمتر از سرعت عکاسی پیاپی دوربین 7D که با بهره گیری از دو پردازشگر تصویر DIGIC 4 توانایی عکاسی پیایپی 8 فریم بر ثانیه را داشت.,-1,1,train
6651,این لنز فواصل کانونی معادل 43.6-436 میلی متر را پوشش می‌دهد که البته باعث می‌شود در 43.6 میلی متر چندان لنز وایدی نباشد و میدان دید محدودی را در بر گیرد.,-1,1,train
1994,اس 3 هم که سخت افزارش از نوت 2 ضعیف تر است .,-1,1,train
5043,نوع اول که توسط شرکت LG و هیتاچی طراحی شده بود و در هنگام فعالیت کمی نویز قابل شنیدن در محیط ایجاد می‌کرد.,-1,1,train
5737,در سالهای اخیر اپل بارها از شرکت سامسونگ با ادعای کپی برداری پتنت های اپل و «ظاهر و حس»‌ای پد و تلفن همراه هوشمند آیفون شکایت کرده است و خواهان پرداخت خسارات مادی و معنوی این تخلف شده است.,-1,1,train
8631,کلیدهای لمسی پایین صفحه نور پس زمینه ندارند و هنگام شب کار کردن باهاشون سخته واقعا 3.,-1,1,train
6033,کارتریج های این پرینتر نسبتا گران قیمت هستند.,-1,1,train
11754,با سلام این قبیل گوشی ها بزرگترین عیبشون ضعف باتری است.,-1,1,train
8882,به نظر من این دوربین با این قیمتی که داره اصلا امکانات فراوانی نداره.,-1,1,train
6439,من از جای دیگه ای خریدم ولی الان که می بینم دیجی کالا هم داره خیلی پشیمونم چون خیلی ارزونتر داره میفروشه  کارایی اش هم خیلی بالاست,-1,1,train
4444,ولی متاسفانه امروز موقع مشاهده تصویری  ناگهان تصویر خاموش شد ولی صدا ماند.,-1,1,train
4429,تنها عیب پلاسما مصرف بالاشه بخاطر اونم گرماشه که بعضی وقتا موجب سوختنش میشه اما ال سی دی بخاطر استفاده از لامپ فلورسنت(مهتابی)برای روشن کردن صفحه نمایشش وال ای دی بخاطر لامپ ال ای دی مصرف شده بعد یه مدت افت تصویر داره(توی ال ای دی طولانیتر)اما پلاسما افتش خیلی کمتره در کل این تلوزیون دو تا ایراد داره که بعدیشم فول اچ دی نبودنشه به نظر من.,-1,1,train
1307,به نظر من دو مشکل اساسی داره 1.,-1,1,train
2632,حدودا یک ماهه که این دوربینو خریدم باید بگم باتوجه به قیمت خریدم ازش راضیم و تجربه این یه ماهه رو میگم ابتدا چند نکته منفی : 1- نشانگر شارژ باتری نداره (البته به مرور زمان میزان کارایی باتریها دستتون میاد ولی خوب اعتباری بهش نیست و این مشکلو میشه با باتری زاپاس حل کرد که خوب اینم هزینه برداره)2- رو باتریهایی که با دوربین هست نمیشه حساب کرد (یا شاید برای من اینجوری بود چون بعد از یه بار استفاده دیگه شارژ نمیشه البته من اینو بایه نفر دیگه هم که فوجی داشت چک کردم اونم همینو گفت)3- برای عکسهای خوب انداختن باید زیاد باهاش کار کنید و تنظیمش کنید که نیاز به اطلاعات عکاسی داره و برای افرادی که حوصله تنظیم ندارن خوب نیست.4- فوکوسش یک مقدار کنده و مخصوصا در فیلم برداری این موضوع خیلی حس میشه5- بنظرم فرمت ویدئو هاش حجم خیلی بالایی داره و خیلی زود مموری رو پر میکنه6- صدای موتورش موقع زوم کردن هنگام فیلمبرداری خیلی زیاده (کلا زیاد بدرد فیلمبرداری نمیخوره ولی برای فیلم گرفتن ساده بدک نیست)و نکات مثبت:1- زوم و رزولوشن بالاش بهمراه ظاهر شکیل و حرفه ایش با توجه به قیمت پایینش شما رو از خریدتون راضی نگه میداره2- تنظیمات نسبتا خوبی داره از حالتهای مختلف عکاسی تا تنظیمات محدود شاتر و دیافراگم و ..,-1,1,train
4675,یک مشکل داره اون نم باطریش.,-1,1,train
2820,در ایزو 800 اوضاع بدتر می‌گردد.,-1,1,train
9081,تازگی ها اچ تی سی داره بد عمل می کنه.,-1,1,train
11231,امکانات فیلم برداری این دوربین تقریبا شبیهبه Mark III است البته خبری از جک هدفون بر روی آن نیست.,-1,1,train
2570,2-حتما باید با کیف مخصوصش حمل شود چون صفحه نمایش چرخان ندارد.,-1,1,train
749,احساس ضعیف شوک برق روی بدنه رو هم منم تایید می کنم.,-1,1,train
3046,و یه مشکل دیگه که من بهش برخوردم اینه که وقتی میخوای با جی پی اس تبلت اب و هوا رو لود کنی و محلی که هستم رو به صورت خودکار همراه با اب و هوا مثل سایر گوشیها یا تبلت ها نشون بده متاسفانه لود نمیکنه و انجام نمیشه.,-1,1,train
2580,من با توجه به تجربه ای که از استفاده از دوربین با باطری قلمی دارم توصیه میکنم این دوربینو نخرید چون تا میاید به خودتون بیاید و یه عکس بگیرید باطریش خالی میشه,-1,1,train
8361,من همین امروز یکیشو از دی جی کالا خریدم ولی اگر بخوای از حداکثر زومش استفاده کنی حتما باید یه سه پایه بخری و بدون سه پایه نمیتونی عکس های خیلی خوبی بگیری.,-1,1,train
1798,شاید همین استراتژی افراط گونه سرانجام خوبی نداشته باشد.,-1,1,train
3661,جذابیت‌های فراوان آن باعث گردیده که به یک تبلت جالب تبدیل گردد، اما به هر حال باید بپذیریم که تجربه اول مایکروسافت، بدون نقص نیست و باید منتظر انتشار تبلت های بعدی این کمپانی ( یا حداقل Surface Pro ) باشیم تا بتوانیم لذت داشتن یک تبلت-لپ تاپ را نیز تجربه نماییم.,-1,1,train
2821,حساسیت‌های 1600 و 3200 نیز بهتر است که استفاده نشوند چرا که مشکل نویز و کاسته شدن از کیفیت عکس در آن‌ها زیاد است.,-1,1,train
6798,اسکنر Canon LiDE 110 توانایی اسکن کردن نگاتیو 35mm را ندارد.,-1,1,train
6709,همانطور که گفتیم اگر صحنه دارای جزئیات فراوانی باشد و دوربین را مرتبا تکان دهید تفکیک به سختی صورت می‌گیرد.,-1,1,train
11834,وزن و قطر نسبتا زیاد 2.,-1,1,train
7670,از نظر عملکرد در حساسیت‌های مختلف هم باید گفت که، نویز تنها از ایزو 800 می‌تواند مقداری مشکل‌ساز باشد.,-1,1,train
12971,اما شاید محدود کننده ترین عامل آن توانایی پشتیبانی از تنها 80 برگ کاغذ باشد.,-1,1,train
827,دوربین مکالمه ویدیویی نداره.,-1,1,train
7319,کلا پیشنهاد خوبیه ولی سخت افزارش بخصوص سی پی یو و رم اش پایینه.,-1,1,train
2191,از این یکه تازی مدتیست که خبری نیست.,-1,1,train
3491,تنها ایرادش زود تمام شدن جوهر است.,-1,1,train
6178,حدود دو هفته بعد از خرید بود که متوجه شدم دستگاه در خواندن بازی های کپی مشکل داره و بعضی را اصلا نمیخونه و برخی هم در حین بازی هنگ میکنه.,-1,1,train
2865,با استفاده ممتد از این گوشی، حدودا یک روز می‌توانید از آن استفاده نمایید، اما برای استفاده از اینترنت پر سرعت LTE، باتری این گوشی بیشتر از چند ساعت دوام نمی‌آورد و احتیاج به شارژ مجدد پیدا می‌کند.,-1,1,train
6962,ولی چیزیه که ممکنه یه خرده ناراحت کننده باشه باطریش هست که در مقابل این صفحه نمایش و این تراکم پیکسلی و سخت افزار زیاد دوام نمیاره.,-1,1,train
1966,اپل بعد از معرفی این محصول ارزش سهامش کاهش پیدا کرده و اشتباه اپل حذف نقشه گوگل بوده.,-1,1,train
8663,قیمتشون خیلی بالاست.,-1,1,train
11956,از نزدیک که به ال سی دی نگاه کردم چند نقطه پیکسلی سوخته مشاهده کردم که نور سفید از خود نشون میداد البته برای دیدن این جزئیات در هنگامی که گوشی روشن هست برنامه بازکنید که زمینه رنگ مشکی دارد.,-1,1,train
5387,اما عجیب است که این صفحه نمایش با وجود بهره بردن از پنل IPS، عملکرد متوسطی را در زوایای مختلف به نمایش می‌گذارد.,-1,1,train
10159,تنها عیبش صفحه‌نمایششه که یک کم کیفیتش پایینه اما اگه مشکل پسند نباشید خوبه.,-1,1,train
11497,به همین دلیل لازم است که گوشی را مرتبا تمیز کنید.,-1,1,train
3426,به نظر من مهمترین عیب آن قطر زیاد و کیفیت صفحه ی پایین است.,-1,1,train
11863,مثلا در ایفون 4 نمیشه هر لحظه مثل سیستم عامل اندروید نرم افزار اضافه نمود حتما باید به کامپیوتر وصل بشه ویک سری محدودیتهای دیگر مثل انتن ندادن ایفون در بعضی از مکانها که شامل سونی اریکسون و نوکیا نمیشه و در کل ایفون یعنی بازی و ای پد بهتر از خرید ایفون 4 هست.,-1,1,train
462,باتری این گوشی یک باتری 1300 میلی متری آمپر ساعتیست که از باتری مدل‌های 820 و 920 بسیار ضعیف‌تر است، با این حال بیش از 14 ساعت مکالمه ممتد را پشتیبانی می‌نماید.,-1,1,train
4291,به طور خلاصه، بلندی صدای بلندگوی iPod Touch نسل پنجم رضایت بخش است ولی کیفیت صدا و همچنین میزان صدای بیس کمی پایین‌تر از حد انتظار ما بود.,-1,1,train
2036,با این چیزا نمیتونه از Galaxy S III بهتر باشه,-1,1,train
2162,خوب بله واضحه میلیون ها دلاری که اپل بابت تبلیغ این گوشی خرج کرده باید از یه جایی در بیاد در کل به نسبت قیمت کارایی در حد انتظار نداره (در مقایسه با گوشی های هم رده),-1,1,train
6327,سامسونگم از بس مدلهای شبیه هم میزنه آدم خسته میشه !,-1,1,train
3625,البته متاسفانه این پایه قابل تنظیم نیست و فقط در همین زاویه تبلت را ایستاده نگاه می‌دارد که شاید در بعضی مواقع احتیاج به تغییر زاویه آن احساس گردد.,-1,1,train
12747,هرچند که این صفحه کلید فاقد کلیدهای مجزای درج اعداد می‌باشد و به همین سبب نیز هر بار که قصد وارد کردن اعداد را دارید می‌بایست به طور مشترک از کلیدهای ردیف بالا استفاده کنید.,-1,1,train
4481,از نقاط ضعف اصلی دوربین این گوشی می‌توان به فلاش LED آن اشاره کرد که متاسفانه به صورت خودکار فعال نمی‌شود و کاربران باید آن را به صورت دستی قبل از شروع عکس‌برداری فعال کنند.,-1,1,train
4370,اما یه اشکال بزرگ داره که نمیشه اون رو جلبریک (کپی خور) کرد چون ios6 هستش.,-1,1,train
5322,چیزی که من نمی دونستم و از همین سایت اقدام به خرید کردم ولی وقتی سیم کارت گذاشتم روی دستگاه Wifi قطع شد و باید Reset Factory می کردم که دوباره وصل شه.,-1,1,train
11143,من راضی نیستم چون با اینترنتش راحت نمیشه کار کرد,-1,1,train
1549,در مقابل رقبایی مانند iPad mini یا Nexus 7 و یا حتی FonePad، از نظر کیفیت ساخت باید Note 8 را در آخرین رده قرار دهیم.,-1,1,train
9355,فقط طراحیش کمی قدیمیه.,-1,1,train
1777,من دو هفته ست 32 گیگشو گرفتم فقط چند تا عیب تا الان داشته.,-1,1,train
129,تازه اینم که GPS نداره.,-1,1,train
10166,2_ قطر زیاد.,-1,1,train
6143,من قبلا 360 داشتم از نظر فراوانی بازی روی dvd رایتی خیلی خوب بود و گرفتاری ریختن بازی روی هارد رو نداره ولی بخاطر درایوش که dvd هست بازی سازها مجبورن حجم بازی را پایین بیارن که خود بازی سازها بارها به این موضوع اذعان کردند مثل namco برای tekken 6 که کیفیت بازی در ps3 بالاتر است لذا از این جهت و از جهت بازیهای انحصاری که ps3 داره به گرد پای ps3 هم نمی رسه  من 360 رو ردش کردم ps3 گرفتم و خیلی نسبت به xbox کارایی اش بهتره مخصوصا الان که cfw 4.30 اومده همه بازی ها را با بهترین کیفیت ممکن سازندگان اجرا میکند,-1,1,train
1818,قیمتش هم به نسبت بقیه رقبا بالاتره.,-1,1,train
4085,فیلم برداری دوربین Asha 302 با کیفیت QVGA و سرعت 15 فریم بر ثانیه صورت می‌پذیرد که چندان قابل تعریف نیست.,-1,1,train
1098,کمی هم تیونر داخلیش کنده و کانال ها رو دیر عوض میکنه.,-1,1,train
2557,من از این سایت دوربینو خریداری کردم  این دوربین زوم بسیار بالا و قوی داره ولی متاسفانه تراکم پیکسلیش پایینه,-1,1,train
9403,یک اشکال بزرگ این گوشی اینه که دوربینش زوم نداره!,-1,1,train
12768,در مود Portrait یا عمودی اجزاء تشکیل دهنده‌ی تصویر کمی فشرده می‌شوند و برای مرورگری چندان مناسب نیست.,-1,1,train
7381,در حال Idle، دستگاه دمای پایین خود را در همه‌ی نقاط به خوبی حفظ می‌کند ولی تحت استرس کامل هرچند که بیشتر نقاط خیلی خنک می‌ماند ولی دما در قسمت باتری کمی زیاد می‌شود.,-1,1,train
533,اسکنر Canon LiDE 100 توانایی اسکن کردن نگاتیو 35mm را ندارد.,-1,1,train
464,جمع بندی یکی از معایب گوشی‌های ویندوز فون 8 نوکیا یعنی لومیا 920 و 820، قیمت بالای آن‌ها بود که امکان خریدشان را از بسیاری از کاربران سلب نموده بود.,-1,1,train
11650,تنها مشکلش که دوستان قبلا گفتن و خدا رو شکر واسه من کم پیش اومده، اینه که موقعی که زیاد ازش استفاده میشه و به اصطلاح داغ میکنه، کلید برگشتش یه مقدار اذیت میکنه و کار نمیکنه!,-1,1,train
8517,البته برای فیلم برداری سه بعدی باید لنز مخصوص به آن را انتخاب کنید که با قیمت حدود 200 دلار چندان ارزان قیمت نیست.,-1,1,train
7152,این هارد ضد ضربه و ضد آب نیست و سرعت انتقال داده 107 و 109 که ADATA داره رو نداره!,-1,1,train
1352,البته این کاهش ضخامت و وزن، عواقب اجتناب ناپذیری را به همراه داشته است که مهم‌ترین و بارزترین آن، عدم وجود درایو نوری بر روی دستگاه است.,-1,1,train
3309,البته با این لنزها دیگر فوکوس خودکار امکان‌پذیر نمی‌باشد.,-1,1,train
12909,3- برای انتقال اطلاعات در حافظه میکرو اس دی ، باید قاب در آن را درآورید که باتوجه به عدم وجود رابط کابل USB این کار ضروری و پردردسر است.,-1,1,train
7792,در کل، صفحه نمایش این تبلت خوب است، ولی از چیزی که کاربران از اپل انتظار دارند ضعیف‌تر است.,-1,1,train
2312,با توجه به سایز صفحه های نمایش چشم انسان قادر به تمییز کیفیت HD و Full HD نیست.,-1,1,train
9699,شاید نسبت به مدل پیشین خود از نظر سخت افزاری و نرم افزاری ارتقا پیدا کرده باشه اما فکر نکنم این ها برای گوشی که مدت ها منتظر اون بودیم کافی باشه با توجه به اینکه رقیب دیرینه این کمپانی یعنی Samsungگوشی جدید خودشو معرفی کرده .,-1,1,train
5677,سامسونگ بهبود های قابل توجهی در این مدل ایجاد کرده است ولی در بعضی از موارد، این تبلت یک پله به عقب رفته است.,-1,1,train
5400,این دستگاه دارای 32 گیگابایت حافظه داخلی است که متاسفانه با عدم پشتیبانی آن از کارت حافظه جانبی، باید به همین مقدار قناعت نمود.,-1,1,train
11965,فیلم با حجم های بالا تست نکردم اما فایل با پسوندmp4 با حجم 4.46 mb به هنگام عقب جلو کردن وبا استفاده از برنامه mx player یه جورایی شطرنجی شد.,-1,1,train
3736,ولی به نظر من دوره ی گوشیهای نصفه و نیمه و پر از ایراد میان قیمت نوکیا دیگه به سر اومده.,-1,1,train
6848,در مقایسه با قیمت نمی ارزه.,-1,1,train
8118,ارزش این قیمت رو نداره .,-1,1,train
9314,"سلام من هم چند روزی هست که یکی خریدم, مشکلش در شناسایی wifiو نصبgprs",-1,1,train
6271,یه مقایسه با 5 اینچی های دیگه مثل باترفلای یا سونیz یا zl بکنید تا ببینید چقدر این بزرگتره.,-1,1,train
1260,بطور قطع هر روز نیاز به شارژ مجدد دارید حتی اگر از گوشی استفاده زیادی نکنین متاسفانه اگه بخواین از اینترنت ( دیتا یا وای فای ) استفاده کنین روزی 3 دفعه باید گوشی شارژر کامل بشه .,-1,1,train
8797,البته مانند گوشی‌های سطح بالای ال‌جی مثل 4X HD ، در این گوشی از نظر امکانات نرم افزاری، شگفت زده نخواهید شد.,-1,1,train
3184,تنها عیبی که داره ..,-1,1,train
9281,برای استفاده از این سیستم شما دست کم به یک Speedlite 600EX-RT و فرستنده ی ST-E3-RT احتیاج خواهید داشت که روی هم تقریبا به اندازه ی خود دوربین قیمت خواهند داشت.,-1,1,train
4800,قسمتی از مشکل این است که کمکی برای فوکوس دستی وجود ندارد یعنی به عنوان مثال اشیا برای کنترل بهتر فوکوس بزرگ نمی شوند.,-1,1,train
9994,به خصوص اینکه اکنون شاهد گوشی‌های واقعا پیشرفته‌ی Android در بازار هستیم و نمایشگر 3.5 اینچی 4s و عدم پشتیبانی از 4G می‌تواند جایگاه آن را به عنوان بهترین کمی متزلزل کند.,-1,1,train
4528,و صفحه ی لمسش عکس و العمل پایینی داره به طوری که گوشی قبلیم (nokia c7) در سرعت صفحه لمسش هیچ تاخیری نداشت.,-1,1,train
4115,همچنین کیفیت نامناسب صفحه نمایش.,-1,1,train
9115,به نظر من قیمتش بالاست و این قیمت بالا به خاطر وجود هدفون beats audio و اندروید ورژن 4 است,-1,1,train
2022,واقعا هیچ حرفی واسه گفتن در برابر دیگر رقبا مثل گلکسی نوت 2 نداره.,-1,1,train
1929,و یه چیز دیگه اینه که بدنه ی اون خیلی هم ضد خش نیست.,-1,1,train
3619,از نظر طراحی و ساخت باید بگوییم که سرفیس مایکروسافت مورد اعجاب انگیزی ندارد.,-1,1,train
91,عکاسی پیاپی با سرعت 11 فریم بر ثانیه هم می‌تواند انجام گیرد ولی رزولوشن به 8 مگاپیکسل کاهش می‌یابد.,-1,1,train
12463,دیگه حرفی نداشت البته با کیفیت دوربین دوم میتوان کنار اومد اما باطریش ضعیفه آخه چرا هیچ شرکتی تو دنیا یه گوشی کامل و بی نقص تولید نمیکنه !,-1,1,train
5547,( اولین عیب بزرگ ) به صفحه اول برگشتم و سعی کردم قلم رو کنار بذارم ولی جایی بر روی گوشی تعبیه نشده که بشه قلم رو داخل جایگاه مخصوص کرد و اینجا بود که دلم برای گلکسی نوت تنگ شد.,-1,1,train
9763,این لنز خیلی واید نیست و توانایی زوم زیادی هم ندارد.,-1,1,train
11761,اگرهم فلاش رو روشن کنی و بخوای از یکی عکس بگیری چشمهای طرف رو قرمز میکنه.,-1,1,train
313,صفحه ی 4.55اینچی آیون رنگ ها رو واقعی و زنده نشون نمیده!,-1,1,train
1217,البته متاسفانه این عمل در همه‌ی برنامه‌ها صورت نمی‌گیرد و فقط در تعدادی از برنامه‌ها مانند مرورگر اینترنت، تماس‌ها، دفترچه تلفن و یا ایمیل صورت می‌پذیرد.,-1,1,train
1476,با این حال در حساسیت 800 اوضاع تا حدی خراب می شود.,-1,1,train
1479,من دو ماه میشه که این دوربین رو خریدم ولی از کیفیت عکس گرفتنش اصلا راضی نیستم.,-1,1,train
11654,تایپ پیامک با این گوشی سخت است.,-1,1,train
1867,نسبت به انتظار طرفداران اپل، پیشرفت قابل توجهی نسبت به 4s نداشت.,-1,1,train
10258,صفحه‌نمایش این گوشی اصلا راحت نیست وموجب دلسردی ودلزدگی میشود,-1,1,train
2297,من به علت عدم رشد ویندوزفون و وزن زیاد نوکیا رو خط زدم، و به علت محدودیتهای iOS از طرف اپل iphone رو نیز کنار گذاشتم.,-1,1,train
6704,اختیارات تنظیمات دستی یا Manual زیادی در این دوربین به شما داده نمی شود و نهایتا می‌توانید تراز سفیدی، نوع فوکوس خودکار و جبران نوردهی را تنظیم کنید.,-1,1,train
6700,البته همانند بیشتر نمایشگرها، دیدن آن زیر نور مستقیم آفتاب مشکل است.,-1,1,train
8612,دوربینش ضعیفه.,-1,1,train
6972,به نظر من این گوشی از همه لحاظ قدرتمنده ولی تنها مشکل گوشی های htc باتری بسیار کم قدرتشونه که حتی اجازه نمیده شارژ گوشی به 15 ساعت برسه از طرفی مصرف بالایی داره.,-1,1,train
5149,کارت حافظه (Memory Card) در هیچ یک از مدل‌ها (به جز Arcade Pack ) موجود نیست و در صورت نیاز باید آنرا به صورت جداگانه تهیه کرد.,-1,1,train
8232,گوشی نور صفحش تنظیم نمی شود .,-1,1,train
11221,سنسور این دوربین فاقد آن پیکسل های اختصاص یافته به فوکوس خودکار Phase Detection می باشد و نمایشگر آن نیز لمسی نیست تا این دوربین هیچ ویژگی را از 650D به عاریه نگرفته باشد.,-1,1,train
5833,عجیبه که برخی از دوستان برخلاف نظر کاربران عملکرد این گوشی رو با آندروید 4 همراه با هنگ و مشکل بیان میکنند و اطلاعات نادرستی رو در اختیار علاقمندان قرار می دهند.,-1,1,train
8719,4- این گوشی دارای خروجی تلویزیون TV-Out یا HDMI نیست (مثل اینکه در میان گوشیهای دو سیم کارته اپیدمی است).,-1,1,train
1543,نکته منفی دیگری که در مورد طراحی این گوشی یافتیم، دوربین خارج از بدنه آن است.,-1,1,train
4779,عدم وجود قابلیت full HD .,-1,1,train
889,بنابراین دیگر P520 بالاترین مقدار زوم را ندارد.,-1,1,train
7341,• پورت‌ها و اتصالات از نظر پورت‌ها و اتصالات نیز این نوت‌بوک ما را شگفت زده نمی‌کند.,-1,1,train
7339,حتما باید با یک دست بدنه را نگه دارید و با دست دیگر درب را باز نمایید.,-1,1,train
4886,بعد اینکه اینقدر گفتن 3 چراغ 3 چراغ و اگه اینطوری بشه باید بندازی توی سطل آشغال که من روزی 2 ساعت بیشتر هم باهاش بازی نمکنم اینقدر ترسیدم!,-1,1,train
363,در حالت عادی، دمای تمام قسمت‌های بدنه نوت‌بوک، بسیار پایین است اما هنگامی که دستگاه در حال انجام محاسبات سنگین باشد، دمای بعضی از قسمت‌ها مانند سمت چپ کیبورد، بسیار گرم می‌شود و ممکن است در دراز مدت کمی آزاردهنده باشد.,-1,1,train
1228,بدین ترتیب خود به خود قابلیت سوئیچ کردن پویا برای فیلم‌هایی با فرمت DivX نیز منتفی می‌گردد.,-1,1,train
6882,من خودم عاشق محصولات htc هستم ولی شاید با این قیمت ترجیح بدم یک Iphone 5 با بهترین سیستم عاملش تو جیبم داشته باشم.,-1,1,train
8615,عیبش اینه که جای دست روش میمونه و سخت پاک میشه.,-1,1,train
9560,آنچه شاهد آن طی چند ماه گذشته بوده ایم بر این مدعا صحه می گذارد که در بحث سرویس های CLOUD مانند MAP و جستجوهای هوشمند هنوز اپل امکان هماوردی و برابری با گوگل را ندارد.,-1,1,train
10101,ممکن است که G2710 از نظر ظاهری خیلی پیشرفته باشد، ولی درون آن فن آوری خیلی ساده ای قرار گرفته است.,-1,1,train
8514,کاملا ضعیف تر عمل می‌کند.,-1,1,train
7961,تا این لحظه توانایی این کار ها رو ندارن!,-1,1,train
10180,سریع داغ میکنه وقتیکه 17 دقیقه حرف زدم داغ شده بود طوریکه داغیشو تاحدودی رو صورتم حس میکردم!,-1,1,train
8249,کلا نوکیا با وای فای که هیچ، با دوربین درست و حسابی هم مشکل داره.,-1,1,train
1047,در مدل‌های پیشین هم به این مسئله اعتراض داشتیم ولی ظاهرا که پاناسونیک اقدامی برای حل آن نکرده است.,-1,1,train
8423,با این حال تنها نقطه ی ضعفی که در این میان رقم خورده کندتر شدن لنز بوده است.,-1,1,train
7483,تازه اگر در هنگام اتصال به HDTV از طریق پورت HDMI به مود Sleep بروید اول باید کابل HDMI را در بیاورید و سپس آن حرکت را انجام دهید.,-1,1,train
11222,نمایشگر این دوربین 3 اینچی است و چرخنده هم نیست تا فعلا هیچ دوربین DSLR فول فریم با نمایشگر چرخنده ای نداشته باشیم.,-1,1,train
11397,ولی باتریش اذیت میکنه .,-1,1,train
11633,.فقط مشکلش اینه که دوربین مکالمه ویدئویی نداره، با توجه به تکنولوژی جدیدی که در ایران توسط رایتل اومده نمی تونیم از این تکنولوژی استفاده کنیم!,-1,1,train
5635,حسگر شناسایی انگشت روی این بخش نسبتا مناسب عمل می‌کند اما در مواردی، مجبور بودیم بیش از یک بار آن‌ها را لمس کنیم.,-1,1,train
11835,گوشی بعضا هنگام اجرای بازیهای HD و یا استفاده طولانی تقریبا زود داغ میکنه 3.,-1,1,train
12144,کوچک سازی یک DSLR کار چندان ساده ای نیست.,-1,1,train
4228,صفحه نمایش زیر نور خورشید تعریفی نداره و کار کردن باهاش سخت میشه.,-1,1,train
3488,یک ماه میشه خریدمش سرعت نسبتا کندی داره زود جوهرش تموم میشه فضای زیادی اشغال میکنه در کل من ازش راضی نیستم .,-1,1,train
7919,خوشبختانه یا بدبختانه فعلا کسی نتونسته بازی های PSP رو کرک کنه به همین دلیل بازی هایش بسیار در ایران گران هستند.,-1,1,train
10472,فقط حیف دوربینش.,-1,1,train
1988,تنها مشکل این اسمارتفون فقط رزولوشن پایینش در برابر رقباست شاید از رزولوشون بالاتری استفاده میشد تراکم پیکسلیش بین اکسپریا تی (323ppi) و گلگسی اس3 (316ppi) میشد پس نمیشه گفت بهترین صفحه نمایش رو داره و همچین تراکم پیکسلی هم برای 4 اینچ چیز خارق العاده ای هم نیست.,-1,1,train
9733,تنها موردی که در مورد این صفحه نمایش لازم به ذکر است لک پذیری زیاد آن است که اثر انگشت را نمایان می‌کند.,-1,1,train
3369,اما با وجود ابعاد بزرگ این گوشی، وجود یک صفحه نمایش 4.3 اینچی بر روی آن مقداری نا امید کننده است.,-1,1,train
4081,همان‌طور که اشاره کردیم، این سیستم عامل بر مبنای سیستم عامل Symbian و با امکانات محدود طراحی و ساخته شده است.,-1,1,train
9591,به نظر من گوشی فقط گالکسی اس 3.الان بیست و هفتمین هفتست به عنوان بهترین گوشی هوشمند انتخاب میشه که اچ تی سی وان ایکس و ایفون رده دوم هستن.,-1,1,train
324,مزایا: خوش دست بودن گوشی به علت انحنای پشت آن و بدنه مجهز بودن به موتور براویا که باعث شفاف تر شدن صفحه می‌شود دوربین 12 مگاپیکسلی معایب:دکمه‌های پایین گوشی پاسخگویی خوبی ندارند بدنه و صفحه نمایش به شدت اثر انگشت را نشان می‌دهند گوشی در اجرای همزمان چند برنامه با هم قدرت زیادی ندارد:یکی از معایب مهم این گوشی در اجرا کردن همزمان چند برنامه است، مثلا اگر شما در حال اجرای یک بازی باشید و همزمان موزیک پلیر شما نیز فعال باشد اکنون اگر بخواهید بازی در پس زمینه باز بماند و یک برنامه دیگر را نیز اجرا کنید گوشی توانایی این کار را ندارد و به شما پیغام می‌دهد که باید برنامه‌ی اضافی را ببندید.,-1,1,train
9307,این در حالیست که 600D واقعا پیشرفت خیلی زیادی از این نظر نسبت به 550D نداشت.,-1,1,train
12277,-دکمه سه حالته ای که روی دوربین برای تغییر مد عکس/پانوراما/فیلم تعبیه شده به سختی حرکت میکنه و کار کردن باهاش راحت نیست.,-1,1,train
4014,به نظر میاد سونی هنوز بازار را در بازی با مگا پیکسبل تصور می کند درحالی که این بازی تجاری برای مردم شناخته شده و از این به بعد کارایی ندارد.,-1,1,train
4175,نور صفحه هم خیلی خوب نیست زیر آفتاب,-1,1,train
5879,علیرغم تمام توانایی‌های خیلی خوب این گوشی که واقعا حرف نداره و از بکارگیری اون لذت تمام خواهید برد ، اما متاسفانه : 1- محل بلندگو بسیار بد انتخاب شده ( یعنی در پشت گوشی) که باعث می شود زمانیکه گوشی را در دست می گیرید احتمال اینکه کف دست جلوی بلندگو را بگیرد زیاد‌تر شده و گاها صدای بلندگو به اصطلاح توسط کف دست خفه شود.,-1,1,train
7041,چیپ ست Snapdragon S4 Pro به هیچ وجه در حد Exynos 5 سامسونگ نیست.,-1,1,train
6177,یکی از مشکلاتی که من رو پس از خرید این دستگاه خیلی آزار داد مربوط بود به کپی خور کردن این دستگاه.,-1,1,train
10822,این دوربین نسبت به قیمتش خیلی عالیه اما انتظار زیادی نباید ازش داشت,-1,1,train
13033,به نظر من این دستگاه قابلیت های خوبی داره اما در برابر گالگسی پلیر های سامسونگ حرفی برای گفتن نداره.,-1,1,train
5711,بنابراین از نظر پورت‌ها و کنترل های فیزیکی خیلی خلوت است و حتی دکمه‌ی شاتر دوربین هم وجود ندارد.,-1,1,train
9016,با یک بار شارژ کامل باتری می‌توانید تا حدود 210 عکس بگیرید که 50 عکس کمتر از مدل پیشین می‌باشد.,-1,1,train
8530,ولی خوشدستیش و زیباییش خوبه اما کیفیتش نه,-1,1,train
5233,در کل نسبت به قیمتش امکاناتش کمه,-1,1,train
3326,متاسفانه ما انسانها خیلی زود با تبلیغات گول میخوریم و هنوز کالایی را نخریده در باره ان نظر میدهیم .,-1,1,train
9688,از این گذشته حتما قیمتشم بالاست .,-1,1,train
1816,فقط ۲ تا نقطه ضعف داره به نظرم!,-1,1,train
7049,قدرت کم باطری نسبت به ال سی دی 5 اینچ و قدرت پردازش که مطمئنا با مصرف معمولی حدود 1 روز دوام میاره 2.,-1,1,train
9574,من شنیدم سیم کارت های اپراتور های تلفن همراه ایران، با این گوشی سازگار نیستند.,-1,1,train
10773,اما چنین زوم زیادی، به خصوص از آن جایی که این دوربین به اندازه ی دوربین های شبه SLR خیلی ارگونومی خوبی ندارد، می تواند مشکل‌ساز باشد.,-1,1,train
6191,ابعاد این گوشی 77×143 و قطر آن نیز مقداری کمتر از 1 سانتی متر است که ابعاد نسبتا بزرگی محسوب می‌گردد که برای کار با یک دست یا آن قطعا مشکل خواهید داشت.,-1,1,train
1755,مموری نمیخورد پشت گوشی باز نمیشود و باطری قابل تعویض نیست سایز صفحه نسبت به گوشی های اندرویدی کوچکتر است نرم افزارهای اندروید بیشتر و رایگان است اما اپل.,-1,1,train
7735,کیفیت تصویرش از رقیب هاش یعنی nexus 7 و galaxy tab 2 7.0 پایین تر بود .,-1,1,train
9765,این لنز فاقد لرزش گیر اپتیکال می‌باشد.,-1,1,train
9554,۲- :NFC انتظار میرفت آیفون ۵ این سنسور را که مدتی است بعنوان واسط جدید انتقال اطلاعات در ارتباطات نزدیک ایفای نقش نماید در لیست خود دهد.,-1,1,train
4805,دوربین های سری V سونی قابلیت Geotag هم دارند البته دقت کنید هنوز استانداردی برای این قابلیت وجود ندارد و باید از نرم افزار نه چندان قوی سونی استفاده کنید.,-1,1,train
12296,ولی کیفیت عکسش بخصوص موقع زوم کردن اصلا منو راضی نکرد و حالت آبرنگی پیدا می کنه همه تنظیمات هم درسته ولی نمی دونم چرا اینطور میشه,-1,1,train
13027,شایان ذکر است دوربین فیلم‌برداری JVC مدل GZ-HD3 به لرزش‌گیر اپتیکال مجهز نیست.,-1,1,train
259,از لحاظ سخت افزاری از اکسپریا اس و گالاسی اس 2 ضعیفتره.,-1,1,train
11094,در نهایت می‌توان نقطه ضعف اصلی این تبلت را در طراحی و ساخت آن دانست، جایی که از یک تبلت با این امکانات و قدرت، انتظار بیشتری می‌رفت ولی توسط سامسونگ برآورده نشد.,-1,1,train
9724,مراقب باشید,-1,1,train
1064,در مورد نمایشگر هم بگوییم که دقیقا همان نمایشگری است که بر روی FT1 هم دیده بودیم و نه سایز و نه کیفیت آن ارتقائی نداشته.,-1,1,train
515,ای کاش نوکیا از اندروید استفاده میکرد و این سقوط بزرگ را تجربه نمیکرد.,-1,1,train
12962,سلام من این پرینترو از یه نمایندگی hp گرفتم و بدون گارانتی متاسفانه 3 ماه بعد از استفاده هدش سوخت و کلا دستگاه بدون استفاده شد ، هدش رو با کلی درد سر گیر آوردم ولی قیمتش نصف قیمت دستگاه بود و از خریدش منصرف شدم و الان فقط اسکنش کار میکنه پیشنهاد میکنم پرینتر لیزری بخرین ممکن وقت خرید پول بیشتری رو پرداخت کنین ولی خیالتون از خیلی از جهات راحت میشه.,-1,1,train
2584,قبل این دوربین canon 210 is داشتم فکر میکردم این دوربین یک سر و گردن از دوربین قبلم بالاتر خواهد بود ولی این چنین نبود عکس هایی که با این دوربین گرفتم در شرایط نوری مختلف متفاوت بود مثلا در جایی که نور خورشید به حد کافی بود و انتظار میرفت عکس خوبی بگیره عکسها شفافیت نداشتن ولی در تاریکی مطلق و یا در هوای تاریک با استفاده از فلش قوی این دوربین عکس هایی به مراتب بهتر از روز گرفتم با شفافیت بالا.,-1,1,train
6741,در حساسیت 200 نویز رنگی مقداری افزایش می یابدو در ایزوی 400 تشدید می شود.,-1,1,train
3418,تنها نقطه ضعف تو ذوق زنش حافظه کمشه.,-1,1,train
9219,وجود نمایشگر لمسی باید در صورتی باشه که پاسخ گویی به اشارات لمسی به سرعت انجام گیرد و الا بیشتر اعصاب خورد کن می باشد تا کار راه انداز..,0,2,train
11755,سلام دوستان من این گوشیرو 7 ماهه که دارم.,0,2,train
7199,سلام من از دیجی کالا خریدم امروز دستم رسید فقط یه چیزی میتونم راجبش بگم.,0,2,train
1772,منم خریدم اول بین s4 و z و lumia920 شک داشتم ولی اپل ترجیح دادم,0,2,train
4754,من نزدیک 6 ماهه از این دوربین دارم .,0,2,train
5064,• ریجن‌های NTSC-UC و NTSC-J به علت این‌که کشور‌های آن‌ها از برق ۱۱۰ ولت استفاده می‌کنند دارای پاور آداپتور ۱۱۰ ولت می‌باشند و جهت تبدیل آنها به برق ۲۲۰ ولت (ولتاژ ایران) باید از یک ترانس مبدل ۱۱۰ به ۲۲۰ استفاده نمایید.,0,2,train
4141,باید از لحاظ پشتیبانی زبان فارسی کاملا چک بشه.,0,2,train
6039,من یک سالی هست این پرینتر رو دارم.,0,2,train
9216,دوربین عکس خیلی خوبی داره ولی فیلمبرداریش زیاد تعریفی نداره.,0,2,train
6319,به نظر من گوشی بدی نیست.,0,2,train
3385,چیزی که در مورد گوشی‌های دارای سیستم عامل ویندوز 7 نیز مشاهده نموده بودیم.,0,2,train
945,کمپانی اسکن زی یکی از تولید کنندگان اسکنرهای دستی یکی از تولیدات خود را با نام BQS030w و در رنگ های خاکستری و قرمز به بازار معرفی کرد.,0,2,train
8855,در خصوص صحبتهای دوستانم در مورد اینکه میگن این مدل دوربین زود شارژ تموم میکنه باید بگم سیستم gps که روی این دوربین نصب شده باعث میشه که زود شارژ تموم کنه.,0,2,train
12621,من 13 تا گوشی تو این 2 سال اخیر داشتم.,0,2,train
4952,GearsOfWar .,0,2,train
9758,یعنی چیزی در حد 4.8X3.6 میلی متر.,0,2,train
5449,ولی با این حال اگر دوباره بخوام گوشی بخرم بین اس3 و فبلت بازم همین را انتخاب میکنم.,0,2,train
4259,با این مشخصات اصلی و البته کمی قابلیت بیشتر دیزایر ایکس است که دوربین جلو هم نداره و دوبرابر این قیمت داره.,0,2,train
4339,"به همین دلیل منطقی می دونم که این آیپاد فقط با حافظه های 32 و 64 گیگابایت تولید شده) باید بگم: اگه توی خونه از مودم وایرلس استفاده می کنین و اینترنت رو می تونین با آیپاد استفاده کنین، اونوقت می بینین این جمله که ""سیم کارت نمی خوره، پس چه فایده"" خیلی پیش پا افتاده ست.",0,2,train
9112,من هم کمی مخالف بعضی از نظرات هستم که دوستان این گوشی رو با گوشی های یک سیم کارت مقایسه می کنند ، دوستان که قصد مقایسه این گوشی رو با گوشی Galaxy s2 دارند باید گوشی Htc one s رو با Galaxy s2 مقایسه کنند نه با این.,0,2,train
6927,میشه گفت این نسل بعد گوشی هاست.,0,2,train
3211,با عرض ادب.,0,2,train
12837,با اتوران هر دی وی دی می‌توانید نرم‌افزارهای موجود در دی وی دی های دیگر را نیز ببینید، زمانی که در داخل اتوران جستجو می‌کنید در واقع محتویات تمام دی وی دی‌ها را جستجو می‌کند به شما می‌گوید نرم‌افزار در کدام دی وی دی است بنابراین نیازی نیست تا شما برای پیدا کردن نرم‌افزارها دی وی دی‌ها را تعویض کنید و در هر کدام به طور جداگانه جستجو نمایید.,0,2,train
2651,X-Pro1 ویژگی طراحی کلاسیک X100 را حفظ کرده است.,0,2,train
613,در ضمن درایور بلوتوثش رو نصب کردم اما بلوتوث کار نمیکنه اما باز هم تکرار میکنم واقعا ارزش خریدن داره.,0,2,train
11286,در کل کیفیت ساخت آن هم با دوربین‌های پیشین تفاوت چندانی ندارد.,0,2,train
12924,نسخه تک سیم کارته این گوشی با یک بار شارژ کامل تا 1132 ساعت (بیش از 47 روز) زمان استند بای، تا 20 ساعت مکالمه و تا 41 ساعت پخش موسیقی را میسر می سازد.,0,2,train
1650,صفحه نمایش بالاخره اپل دست از اصرار برای تولید صفحه نمایش 3.5 اینچی برداشت!,0,2,train
4928,فکر نمی کنم این کنسول نقاط ضعفی هم داشته باشه.,0,2,train
6488,منم امروز برای اولین بار از دیجی کالا خرید کردم .,0,2,train
12139,با این حال باید منتظر به بازار آمدن این دوربین برای تست نهایی آن باشیم.,0,2,train
6408,دیگر نیازی نیست که شما یک کاربر حرفه‌ای اینترنت باشید تا بتوانید سطح بالایی از امنیت را در رایانه خود ایجاد نمایید، می‌توانید این کار را به پاندا بسپارید.,0,2,train
7084,در نگاه کلی این گوشی بی شباهت به پرچم‌دار قبلی این کمپانی یعنی One X نیست.,0,2,train
11062,فقط یک سوال پیش می یاد که آیا 16 گیگا بایت واقعا کافیه یا به 32 و یا 64 نیازداریم.,0,2,train
1517,• پخش کننده رسانه - پخش فیلم با کیفیت فول اچ دی و زیرنویس فارسی دیگر نیاز نیست برای مشاهده فیلم‌های HD و Full HD الزاما از کامپیوتر و یا نوت‌بوک استفاده نمایید .,0,2,train
1592,شاید خواسته با این کار کماکان Note 10.1 را خاص نگه دارد.,0,2,train
11460,باید خدمت دوستان عزیز عرض کنم که هرکس نظر خودش را دارد و بنده به نظر شما احترام میذارم!,0,2,train
582,چنین تنوع سخت افزاری، سری ProBook 4540s را برای تمام کاربران چه سطح مبتدی و چه حرفه ای مناسب کرده است.,0,2,train
583,• باتری بسته به سخت افزار داخلی، سری 4540s با دو نوع باتری لیتیوم-یونی 6 و 9 سلولی ارائه می‌شوند.,0,2,train
4436,باشید و همین طور بی دلیل روشن نذارید باشه,0,2,train
4851,ولی ارکد با یک بورد جاسپر و هارد قابل خرید که جمعا کمتر از پولی میشه که باید به الایت بپردازیم.,0,2,train
2688,به خصوص اینکه اگر پیش از این از DSLR ها استفاده کرده باشید این موضوع را متوجه خواهید شد و این به دلیل بهره گیری این دوربین از سیستم فوکوس خودکار Contrast Detection به جای Phase Detection دوربین های DSLR است.,0,2,train
3410,از ویندوزفون خوشم میاد و مدتی هم مدل های مختلف رو بررسی کردم ولی به نظرم این مدل با این قیمت توجیه اقتصادی ندارد.,0,2,train
6310,در ضمن این گوشی هنوز مدت زیادی نیست اومده براش آپدیت اومده .,0,2,train
10400,نرم افزارGalaxy S III از سیستم عامل اندروید نسخه 4.1.1 یا JellyBean بهره می‌برد که به آخرین نسخه رابط کاربری TouchWiz مجهز شده است.,0,2,train
2017,دیگه ببینین iPhone5 چی میخواد باشه !,0,2,train
11333,سیستم نورسنجی هم همانند دوربین‌های پیشین شامل سه مود Evaluative، Partial و Spot می‌شود.,0,2,train
7432,در قسمت بالای اسکنر چند دکمه قرار گرفته اند.,0,2,train
1415,اگه منظورتون نداشتن درایو نوری هستش، اونم با یه اکسترنال حل میشه.,0,2,train
7773,من میخواستم تبلت گلکسی نوت ده بگیرم صبر میکنم تا بیاد ایران.,0,2,train
4341,آیپاد نسل چهارم، تشابه زیادی با آیفون 4 داشت و شاید بشه گفت تنها فرقش ضخامت و وزن بسیار کمتر ( 7.6 میلی متر / 100 گرم ) و از طرفی دوربین ضعیف تر ( عکس برداری VGA و فیلم برداری HD 720p ) بود.,0,2,train
6876,باید منتظر موند تا شرکت های دیگه هم گوشی های جدیدشون رو ارائه کنن و بعد یه تصمیم درست گرفت,0,2,train
10036,شاید اگر بخواهیم رقیبی برای Sleekbook نام ببریم، تنها بتوانیم به سری V5 کمپانی Acer اشاره کنیم.,0,2,train
9654,"از طرفی دیگه Galaxy S III , با اینکه از نظر کیفیت ساخت و مواد به کار گرفته شده در ساختش , خیلی قابل مقایسه با ایفون 5 نیست , اما اگر درست قضاوت کنیم , میبینیم که GS3 از بسیاری جهات بهتر از ایفون 5 هست .",0,2,train
11326,مود AV درست بر عکس TV است و اختیار تنظیم سرعت شاتر را از شما می‌گیرد تا دیافراگم اختیار اصلی شما باشد.,0,2,train
5795,۱-۲ بار خودش خاموش شد همینجوری اما به جز اون اصلا نه هنگ کرده نه چیزی دیگه.,0,2,train
5047,همچنین قرار است شرکت مایکروسافت یک درایو نوری خارجی با قابلیت پشتیبانی از فرمت HD-DVD ارایه نماید.,0,2,train
3577,• ورودی‌ها و خروجی‌ها در سمت چپ کیبورد به ترتیب، پورت مربوط به آداپتور، پورت شبکه گیگابیتی، خروجی VGA، پورت HDMI، یک پورت USB 2.0 و ورودی و خروجی صوتی قرار دارند.,0,2,train
4556,و از همه مهمتر دست هر کسی نیست!,0,2,train
3150,من نسخه اندروید 4.1.2 jelly bean رام آمریکاییش رو دانلود کردم و روش نصب کردم.,0,2,train
11972,پسر عموم اینو تازه خریده .,0,2,train
2878,این فرآیند به ایسوس کمک کرد که قطعات فلزی اضافی، مانند پیچ‌ها را به دور ریخته و از قطعات پلاستیکی سبک‌تر ولی با همان کیفیت و استحکام روش‌های قبلی، استفاده کند.,0,2,train
8593,حالا خودتان قضاوت کنید .,0,2,train
8191,از ارزان و ساده ترین مدل که شروع کنیم، یعنی نسخه ی White، این نسخه توانایی فیلم برداری 1080p Full HD در سرعت 30 فریم بر ثانیه، 960p با سرعت 30 فریم بر ثانیه، 720p HD با سرعت 60 فریم بر ثانیه و WVGA با سرعت 60 فریم بر ثانیه را دارد.,0,2,train
12686,حافظه 8 گیگابایتی همراه گوشی برنامه های نصب شده روی گوشی از جمله برنامه ی آفیس با قابلیت ادیت داکیومنتها.,0,2,train
5035,ضمنا، واحد پردازش گرافیکی و پردازنده‌ی مرکزی در این کنسول، با پهنای باند ۲۱٫۶ گیگابایت در ثانیه، با یک‌دیگر ارتباط دارند که در این ارتباط روی لبه‌ی صعودی و نزولی سیگنال، ۱۰٫۸ گیگابایت اطلاعات در ثانیه تبادل می‌شود.,0,2,train
579,از لحاظ پردازشگر گرافیکی، سری 4540s به دو بخش تقسیم می‌شوند.,0,2,train
3448,چاپگر تکنولوژی چاپگر این دستگاه از نوع جوهرافشان بوده و قابلیت چاپ رنگی و سیاه و سفید را دارد.,0,2,train
163,Sony امیدوار است با این کار، شکوه و عظمت خود را در بازار گوشی های تلفن همراه که طی سال های اخیر با روی کار آمدن رقبای سرسخت، کمرنگ شده بود را با تولید نسل جدیدی از گوشی های تلفن همراه باریک ، سبک ، زیبا و قدرتمنده، دوباره بازیابد.,0,2,train
4044,اضافه شده اند.,0,2,train
2155,ایا دو برابر کیفیت صفحه داره؟,0,2,train
11370,اگر بخواهیم دوربین‌های DSLR کانن را دسته بندی کنیم نخست به دوربین‌های سری Rebel که ارزان قیمت‌تر و کوچک‌تر هستند بر می‌خوریم.,0,2,train
12246,این دوربین مجهز به پورت USB 2.0 و HDMI است که بوسیله‌ی دومی می‌توان دوربین را به HDTV متصل کرد.,0,2,train
12073,از لحاظ کیفیت حرف نداره ولی از لحاظ گرافیکی با دیگر رقبا یکم عقبه ..,0,2,train
11626,با سلام من این موبایل رو یک ساله که دارم .,0,2,train
3753,فقط چون گرافیکش دو بعدیه، یه جاهایی کم میاره که اونم زیاد محسوس نیست.,0,2,train
12104,بایگانی فیلم ها، توسط یک Share Station DVD انجام می گیرد که با فشار دکمه ی Direct DVD روی دوربین، فیلم ها از دوربین به روی DVD رایتر یا کامپیوتر منتقل می شود تا روی DVD ذخیره گردد.,0,2,train
2833,البته که هست .,0,2,train
4719,((نظر من درمورد این گوشی))نقاط قوت1.,0,2,train
2601,سلام من هم به پیشنهاد یکی از دوستام این دوربین رو خریداری کردم.,0,2,train
10043,البته با توجه به ضخامت بسیار کم و قیمت نسبتا پایین Sleekbook، انتظار زیادی نیز از کیفیت بدنه آن نداشتیم.,0,2,train
12029,امیدوارم کمکی کرده باشم .,0,2,train
3373,در سمت چپ گوشی هیچ شیاری قرار ندارد، اما در سمت مقابل یعنی سمت راست آن، شکاف میکرو سیم کارت، کلید کنترل صدا و کلید شاتر دوربین تعبیه شده‌اند.,0,2,train
1672,در تست BrowserMark که مربوط به سرعت مرورگر می‌شود نیز آیفون در صدر قرار گرفت و Galaxy S III و One X با اختلاف در رده های بعدی ایستادند.,0,2,train
9663,SONY.,0,2,train
6693,رزولوشن آن‌ها نیز 1.9 مگاپیکسل است.,0,2,train
10539,همچنین بر روی این گوشی 4 گیگابایت حافظه داخلی وجود دارد که فقط 2 گیگابایت از آن برای کاربر قابل استفاده است، اما خوشبختانه به لطف پشتیبانی این گوشی از کارت حافظه جانبی microSD، می‌توان تا 32 گیگابایت دیگر به آن افزود.,0,2,train
924,البته همچنان رد کردن عکس ها در Playback مقداری Laggy است.,0,2,train
11550,دوربین نیست.,0,2,train
10474,البته اگه گوشی‌های موجود در بازار رو به عنوان گوشی «ایرانی» قبول داشته باشیم!,0,2,train
2074,وقتی که شما فکرتون به سمت آیفون نرفته و یا حتی اون رو لمس نکردید و با اون کار نکردید، اندروید دنیای جدیدی را به شما نشان میدهد.,0,2,train
3282,سامسونگ همراه با لپ‌تاپ‌های سری3، یک باتری 6 سلولی ارائه کرده است.,0,2,train
8402,کمینه ی نسبت کانونی آن نیز هرچند که بیشتر از SX40 HS است ولی در حد f/3.4-6.5 می باشد.,0,2,train
769,اگر می خواین بازی کنید کنسول بخرید یا لپ تاپ سری گیم یا یه سیستم گیمینگ ببندید !,0,2,train
9370,فقط دکمه های سخت افزاریش.,0,2,train
4450,من الان 1سال که این تلوزیون رو دارم.,0,2,train
482,البته نه فقط در بین گوشی های ارزون قیمت ویندوز فون، که بین تمام سیستم عامل های موجود.,0,2,train
10168,4_ کیفیت ساخت و تراکم پیکسلی متوسط صفحه نمایش.,0,2,train
6131,ممکن است برخی گیمرها، PS3 Sony را برترین کنسول بازی بدانند و برخی دیگر Nintendo Wii یا Xbox 360 را.,0,2,train
5856,هرچی باشه اخرش samsung galaxy sII هستش و سرعتش 1.2 هست.,0,2,train
6862,از لحاض ابعاد.,0,2,train
10037,تمام قسمت های Sleekbook به جز قسمت زیرین دستگاه، دارای روکش براق می باشند.,0,2,train
2401,اما پس از خود گوشی نوبت به داک تبلت آن می‌رسد که همراه با گوشی عرضه می‌شود.,0,2,train
585,مسلما این میزان شارژدهی با مصارف روزانه بسیار کمتر خواهد بود.,0,2,train
7628,از دیگر قابلیت‌های این دوربین می‌توان به لرزشگیر دست، قابلیت تشخیص چهره و قابلیت ثبت موقعیت مکانی و زمانی عکس‌ها اشاره کرد.,0,2,train
5193,این در حالی است که قسمت استراحت مچ نیز از فلز برس شده، یا همان فلز خش‌دار ساخته شده است.,0,2,train
10536,با اینکه در حین کار کردن با منو ها و تصاویر پس زمینه متحرک، گهگاه مکث‌های کمی هم به چشم می‌خورد، اما با وجود سیستم عامل به روز این گوشی، امکان نصب و استفاده از هزاران برنامه موجود برای اندروید بر روی این گوشی وجود دارد.,0,2,train
2776,میدهد.,0,2,train
7083,طراحی و ساختاز نظر طراحی این گوشی می‌توان گفت که HTC در ساخت آن به طراحی‌های قبلی خود تا حدود زیادی وفادار مانده است.,0,2,train
7020,ولی درباره چیپ ست نمیدونم که Exynos قوی تره یا S4 ولی میدونم Intel از هردو بالا تره.,0,2,train
7870,این پردازنده، همانند اکثر پردازنده های ساخت کمپانی Intel، به تکنولوژی انحصاری Hyper Threading نیز مجهز می‌باشد که به کمک آن می‌تواند یک هسته مجازی دیگر تولید کرده و به صورت دو هسته ای عمل کند.,0,2,train
6834,در اکثر گوشی های HTC که دارای باتری اینترنال هستند، برای قطع اتصال لحظه ای ولتاژ ورودی از پاور، یا اصطلاحا ریست کردن، کافیست دکمه های تنظیم صدا + دکمه پاور را برای لحظاتی نگه دارید.,0,2,train
5200,همانطور که گفتیم، N43SM مجهز به پردازنده‌ها‌ی نسل دوم Corei شرکت اینتل، مشهور به Sandy Bridge ساخته شده است.,0,2,train
12584,سلام بر دوستان عزیز .,0,2,train
3092,من با هر دو امتحاد کردم و ایپد بهتر است مخصوصا وقتی در جایی با نور کم عکس می گیرید اختلاف کاملا مشخص استو در فیلم برداری واقعا ایپد کیفیت بهتری داره کیفیت صفحه:کیفیت صفحه ی ایپد فوق العاده است.,0,2,train
7657,هم از روی ال جی کپی میکنن و دوربین 13 و رم 2048 میدن بیرون,0,2,train
2701,اما پس از اینکه عکاسی پیاپی را برای تعداد زیادی عکس انجام دادید مدت نسبتا زیادی دوربین قفل می شود تا عکس ها بر روی کارت حافظه ذخیره شوند.,0,2,train
9972,ولی همه چیز بنچ مارک نیست.,0,2,train
4986,یا علی .,0,2,train
12067,از دیگر امکانات آن می‌توان به USB 2.0، مبدل AV و S-Video اشاره کرد.,0,2,train
7448,من این دوربین رو میخواستم بخرم.,0,2,train
3898,یک دکمه‌ی Rec برای شروع و قطع ضبط ویدیویی در پشت دوربین وجود دارد که در هر مودی که باشید می‌توانید فیلم برداری را شروع و یا خاتمه دهید.,0,2,train
478,نوکیا داره برمیگرده.,0,2,train
1189,ابعاد آن نیز 177×273 میلی متر است که به تنهایی 595 گرم نیز وزن دارد.,0,2,train
4183,معایب!,0,2,train
667,واقعا یک لپ تاپ از هر جهت کامل فقط تنها مشکلش عدم وجود بک لایت بود که خوب شاید اگر بک لایت قرار میدادند دیگر باتری 7 ساعته نداشت!,0,2,train
12396,از رقبای اصلی این دوربین می‌توان به Canon Ixus 220 HS، Casio EX-H15، Fujifilm Finepix F300 EXR، Nikon Coolpix S8100، Olympus Mju 9010، Samsung WB650 و Sony Cybershot HX5 اشاره کرد.,0,2,train
10097,خود درب هم از دو قسمت تشکیل شده که یکی قسمت بالا روشن تر است و دیگری پنل پایینی که خاکستری می باشد.,0,2,train
5466,4- کیبوردش زیاد راه دست نیست، و تایپ باهاش سخته و با نصب یه کیبورد بهتر، خیلی بهتر میشه.,0,2,train
2907,به محض اینکه محاسبات سنگین‌تر (مثال اجرای بازی‌های سنگین) انجام شوند، Infinity به پردازنده چهار هسته ای سوئیچ خواهد کرد.,0,2,train
2211,از نظر طراحی، این گوشی کاملا شبیه به مدل پیشین خود می‌باشد.,0,2,train
9884,از لحاظ مقاومت وقتی شما به گوشی مثل sIII یاone x نگاه میکنید کل جلو گوشی را صفحه ای به ابعاد 4.7 یا 4.8 اینچ اشغال کرده و همچنین با ضخامتی کمتر از 1 سانت.,0,2,train
11153,شما نیز می توانید با استفاده از قابلیت تندرستی - Fitness ورزش کرده و برنامه تمرینات خود را مدیریت کنید.,0,2,train
9181,من 10روزه این دوربین رو خریدم.,0,2,train
10260,من این گوشی رو دیروز خریدم.,0,2,train
5536,زیر کابین گوشی کابین دوم شامل 3 عدد لیبل NFC مخصوص محل کار ، اتومبیل و منزل + هد ست + شارژر و کابل USB + سوزن مخصوص برای اسلات سیم کارت قرار گرفته.,0,2,train
10268,بهتون پیشنهاد میکنم اگه گوشی میخواهید ازاینجابخرید بدون گارانتی هم که باشه اگه روتش کنی گارانتیش میپره جدا ازاین بحث هاپولی که میدید مطمئن خرید میکنید چون ۴۸ ساعت فرصت تست دارید,0,2,train
9052,در کل مقداری هم دستگیره بزرگ شده است.,0,2,train
5123,بازی های این دستگاه بر روی DVD 9 می باشد و به همین دلیل بازی های کپی آن بر خلاف PS3 موجود می باشد.,0,2,train
11668,گفتن مشکلش نرم افزاریه و از اینجور حرفا.,0,2,train
3030,نیز دیگر تبلت های چهار هسته ای هستند که همه آنان به غیر از galaxy note 10.1 از پردازنده tegra3 بهره مند هستند.,0,2,train
4471,البته به جز موقعی که از عکس پس زمینه متحرک استفاده کردیم که کاهش سرعت در آن حالت طبیعیست.,0,2,train
10635,دوستی که میگی دوربینش بعد از آپدیت 12 مگا شده 12 مگا رو حالت HDR هست، بذار رو حالت نرمال میشه 13 لطفا اول مطمئن شو بعد به دیگران توصیه کن که آپدیت نکنن,0,2,train
12272,در انتخاب مموری دقت کنید.,0,2,train
9433,در سمت راست بدنه گوشی، کلید پاور و کلید تنظیم صدا قرار گرفته است.,0,2,train
591,ممنون از دیجی کالا از اطلاع رسانی خوبش.,0,2,train
2040,اصل و بنای طراحی‌اپل روی راحت‌ترین و ساده‌ترین شکل ممکن است.,0,2,train
12436,نکته نگران کننده در مورد xperia v مشکل مرگ ناگهانی در بعضی از آنهاست که این مشکل با ارائه به روز رسانی توسط شرکت سونی قابل حله.,0,2,train
1708,از اضافه شدن قابلیت پانوراما به دوربین تا امکان تعیین زنگ هشدار SMS برای هر کدام از مخاطب‌ها.,0,2,train
11100,البته تراکم پیکسلی آن در مقایسه با تبلت های برتر دنیا مقداری پایین‌تر است، اما در تبلت ها که اکثر افراد از فاصله دور به آن نگاه می‌کنند، تراکم پیکسلی پایین چندان نگران کننده نیست و به چشم نمی‌آید.,0,2,train
6923,حداقل 2500MA.,0,2,train
1351,وزن دستگاه نیز تنها 2 کیلوگرم است.,0,2,train
5211,این نوت‌بوک از نمایشگر 14.1 اینچی LED با رزولوشن 768 × 1366 پیکسل و نسبت تصویر 16:9 بهره می‌برد.,0,2,train
9014,با HDMI می‌توانید دوربین را به تلوزیون‌های HDTV متصل نموده و فیلم‌های گرفته شده را با کیفیت HD و یا Full HD تماشا نمایید.,0,2,train
2204,یه چیز دیگه هم این که اگر تو همین سایت دقت کرده باشید هر گوشی که شما به نقد ها و نظرات نگاه میکنید همه ی بالا پایینش(کجاش داغ میشه - باتریش چجوره - بدنش تو دست چه حسی رو منتقل میکنه و.,0,2,train
6540,بر روی این صفحه نمایش نیز محافظ Corning Gorilla Glass وجود دارد که وظیفه مراقبت از صفحه نمایش در برابر خش را بر عهده دارد.,0,2,train
3535,برای مثال دو حالت عکاسی HDR و Burst shot به حالت‌های عکاسی اضافه شده‌اند.,0,2,train
2292,در زمینه اسمارت فون نیاز به بلوغ دارن.,0,2,train
12153,تازه به نظر ما G5 DSLR تر است!,0,2,train
6968,اگه بیاد حتما میخرم!,0,2,train
5527,اینو باید با نوت1 مقایسش کرد.,0,2,train
677,پس محصول بد نمیسازد .,0,2,train
4321,فقط در یک جمله میتونم بگم.,0,2,train
517,من منتظرم نوکیا خلاقیت خود را بروز دهد و خودم یکی از خریداران آن باشم.,0,2,train
3603,این باتری توانست در سنگین‌ترین تست (حداکثر مصرف پردازنده + حداکثر روشنایی صفحه نمایش) یک ساعت و 10 دقیقه شارژ دهی کند.,0,2,train
4463,در پشت گوشی دوربین 8 مگا پیکسلی با سنسور Exmor R به همراه فلاش LED قرار دارند.,0,2,train
11360,با استفاده از ویژگی Video Snapshot می‌توان از به هم چسباندن کلیپ‌های 2، 4 یا 8 ثانیه‌ای فیلم‌های بلندتر ساخت.,0,2,train
2662,این لنزها با فاکترو 1.6 برابر به ترتیب فواصل کانونی معادل 28، 50 و 90 میلی متر را ارایه می‌دهند.,0,2,train
2279,حرف آخر اینکه موقعیتش پیش بیاد خریدمش.,0,2,train
4525,من 2 ماهی میشه که ray دارم.,0,2,train
5113,سوال: آیا XBOX360 قادر به اجرای بازی‌های نسخه قبلی XBOX می‌باشد؟,0,2,train
5659,در بالای تبلت کلید پاور، کلیدهای کم و زیاد کردن صدا، جک هدفون و شیارmicro SD قرار دارند.,0,2,train
9220,بدنه جالبی نداره ولی امکان فیلمبرداریش در حد خیلی خوبه.,0,2,train
2081,شاید با خودتون میگید که تمام برنامه ها رو اندروید هم داره اما من میگم همیشه چیزی که مختص به یک وسیله است، قائدتا امکانات خاصی داره که شاید محصولات دیگه ندارن.,0,2,train
11670,عیب بزرگ دیگه ای نداره و بقیه خیلی کوچیکن.,0,2,train
9768,به هر صورت از دوربینی در این رده‌ی قیمتی انتظار بیش از این هم نداریم.,0,2,train
3518,همانند Siri، از برنامه S Voice نیز می‌توانید برای انجام کلیه کارهای روزمره (مانند تنظیم کردن ساعت، چک کردن وضعیت آب و هوا، جستجوی مکان و غیره) استفاده کنید.,0,2,train
1641,در بالای گوشی کلید پاور و در قسمت پایینی گوشی نیز جک 3.5 میلی متری هدفون و درگاه جدید رعد(Lightning) قرار گرفته‌اند.,0,2,train
12114,از سایر تجهیزات این دوربین، می توان به خروجی USB، خروجی تلویزیون، میکروفون، بلندگو، کارت حافظه ی Micro SDو باتری یون لیتیوم استاندارد اشاره کرد.,0,2,train
5710,آدیو جک 3.5 میلی متری نیز در لبه‌ی بالا و پورت micro USB در لبه‌ی پایینی گوشی جایگذاری شده اند.,0,2,train
3400,جمع بندی بعد از تصمیم نوکیا برای استفاده از سیستم عامل ویندوز 8 بر روی گوشی‌های خود مانند لومیا 820 و لومیا 920، همینک HTC نیز با معرفی 8X و 8S به بازار، دو مدعی جدید را برای گوشی‌های ویندوزی ارائه نمود تا کار را برای نوکیا که ویندوز 8 را راه احیای خود میدانست سخت‌تر نماید.,0,2,train
804,دوربین دوربین 8 مگاپیکسلی این گوشی قادر است عکس‌هایی با رزولوشن 3264×2448 را ثبت نماید و همچنین می‌تواند با کیفیت 480p و با سرعت 30 فریم بر ثانیه فیلم برداری کند.,0,2,train
2172,طوفان ؟,0,2,train
11329,این دوربین از سیستم فوکوس خودکار 9 نقطه‌ای بهره می‌برد.,0,2,train
4503,یه جورایی میشه گفت xprie arc s کوچیکه.,0,2,train
1921,توی یک فروشگاه موبایلی باهاش کامل کار کردم!,0,2,train
3304,هنگام خرید این لنز با کیت لنز E18-200mm F3.5-6.3 OSS به فروش می رسد.,0,2,train
10525,ضمنا، این گوشی در رنگ‌های مشکی و طلایی تولید گردیده است.,0,2,train
4656,همه از سفیدش خوششون اومد.,0,2,train
10372,طراحی شده برای جلوگیری از گم شدن درپوشآیا تاکنون درپوش USB خود را گم کرده اید یا زمان زیادی را صرف نگرانی در مورد گم کردن آن کرده اید؟,0,2,train
5030,۸٫ قدرت پردازش ۲۴ میلیارد نقطه در ثانیه توسط پردازنده‌ی گرافیکی (در صورت فعالیت هم‌زمان پردازنده‌ی گرافیکی و CPU، کنسول XBOX 360 قادر به پردازش ۳۳٫۶ میلیارد نقطه در ثانیه است.,0,2,train
489,اولین مشکلی که شاید با اون مواجه بشید باز شدن مشکل پشت گوشی برای قرار دادن میکرو سیم کارته که با کمی حوصله این موضوع حل میشه.,0,2,train
5949,مودهای عکاسی مختلفی بر روی این دوربین قرار گرفته اند.,0,2,train
10438,انرژی این دوربین از طریق باتری لیتیوم-یونی NP-85 تامین می‌شود که در هر بار شارژ کامل توانایی پشتیبانی برای گرفتن تا 300 عکس را دارد.,0,2,train
4839,افراد بازی مثل یه واقعیته زنده ی زنده.,0,2,train
4859,"man khodam shakhsan taraf dare PS3 hastam va khaham bood, chon khodam ye gamer e pro hastam  vali jaye goftan dare ke begam X360 dar iran be sarfe tare az hame nazar va ehtemalan khodam ham ye consol e X360 khaham gereft",0,2,train
4351,دقیقا همون جنسی که آیفون 5 داره.,0,2,train
6435,امروز به دستم رسیده و دارم تست می کنم.,0,2,train
12477,در سمت راست گوشی کلید کنترل صدا به همراه کلید پاور قرار دارند.,0,2,train
10794,صدا نیز به صورت استریو ضبط می شود.,0,2,train
10591,در پایین کلید Space، تاچ پد دستگاه قرار دارد که دارای سطحی دانه دانه است.,0,2,train
8034,البته این را هم بگوییم که عکاسی پیاپی 10 فریم بر ثانیه این دوربین می‌تواند فقط تا سقف 8 عکس صورت بگیرد.,0,2,train
7560,ولی اگه دوربین براتون خیلی مهمه خوب میتونید با این پول xperia sl بخرید.,0,2,train
1855,دوم اینکه اینجا به دلیل نبود اینترنت و تحریم‌ها و.,0,2,train
9207,بسم الله.,0,2,train
5697,اگر هم بگید راه اندازی و نرم افزارشو نمی خواین اونوقت بهتون نمی فروشن پس گول قیمتهای کم بازار رو نخورید),0,2,train
3006,وزنشون خیلی فرقی نداره (2 گرم اینفینتی سبک تره )در مورد دوربین حرفی ندارم چون هر دو برای من یکی هستند، به نظره من کسی برای دوربین نمیره تبلت بخره !,0,2,train
4284,اما در پایین قاب پشتی، یک دایره‌ی برجسته از جنس کروم وجود دارد که وظیفه اتصال دستگاه به بند مچی را بر عهده دارد.,0,2,train
9327,بشکه ی لنز آن به دلیل لنز غول پیکری که درون آن قرار گرفته همواره بیرون زده است.,0,2,train
1162,ای کاش تکنولوژیش چند سالی زودتر وارد بازار می شد.,0,2,train
11330,چنین ویژگی‌هایی بر روی این دوربین و همچنین مدل‌های پیشین کاملا عادی هستند به خصوص بیشتر شبیه به دوربین‌هایی چون 550D، 500D و 450D و نیازی به توضیح بیشتر ندارند.,0,2,train
8970,در قسمت بالا و سمت راست لنز هم یک قسمت کوچک برای فعال کردن دستی فلاش Pgr-Up وجود دارد که باید با ناخن انگشت با آن کار کرد.,0,2,train
10508,بنظر من اگه دوربین مکالمه تصویری داشت خیلی خوب میشد چون سونی با این همه قدرتی که توی بازارهای جهانی بدست آورده راحت میتونه تا چند سال دیگه تمامی قدرت فروش گوشی های پیشرفته رو تو سطح دنیا به چنگ بیاره.,0,2,train
8853,کیفیت این دو مدل در مقایسه باهم واقعا متفاوته.,0,2,train
9886,حال با این وجود کدامیک باید مقاومت بیشتری در برابر ضربه داشته باشند؟,0,2,train
7595,این ابعاد بسیار نزدیک به ابعاد گوشی موفق گلکسی اس می‌باشد که نسبت به گلکسی اس 3 حدود 1.5 سانتیمتر در طول و 7 میلی متر در عرض کوچک‌تر شده و همچنین وزن 111 گرمی آن نیز نسبت به گلکسی اس 3 حدودا 20 گرم سبک‌تر شده است.,0,2,train
2271,این رقابت کمپانی ها چه کارا که نمی کنه.,0,2,train
11919,من با این دستگاه تو نمایشگاه کار کردم.,0,2,train
8238,من این رو برای مادرم خریدم .,0,2,train
6933,البته شک نکنید که در ماه های آینده شاهد گوشی های مشابه از برند های دیگه خواهیم بود.,0,2,train
2761,باتری باتری استفاده شده در این تبلت یک باتری لیتیوم پلیمری 3170 میلی آمپر ساعتی است.,0,2,train
1414,آقای فرجی سیستم عامل مک اجازه ی نصب ویندوز رو به کاربرا میده.,0,2,train
87,این فیلم برداری می‌تواند با سرعت 30 فریم انجام شود و امکان استفاده از زوم کامل اپتیکال و ضبط صدای استریو نیز با آن وجود دارد.,0,2,train
134,این دو دوربین از نوع نشانه و عکس یا Point to Shoot می باشند.,0,2,train
5572,این در حالیست که Tipo گوشه های گردتری دارد.,0,2,train
4964,گیرنده مادون قرمز برای ریموت و دو پورت برای مموری وجود دارد.,0,2,train
11151,با قابلیت داستان خانواده - Family Story می توانید عکس ها، پیام ها و رویدادهای ویژه را با عزیزان خود به اشتراک بگذارید.,0,2,train
9235,اکنون دیگر در کنار دکمه ی ISO دکمه ی DISP وجود ندارد و گویی کانن از گذاشتن آن بر روی 600D پشیمان شده است چرا که پیش از آن هم این دکمه در آن قسمت وجود نداشت.,0,2,train
10816,• نرم افزارنسل پنجم iPod Touch از آخرین و جدیدترین نسخه سیستم عامل iOS یعنی iOS 6 استفاده می‌کند.,0,2,train
13043,همون آیفونه بدون جای سیمکارت,0,2,train
8135,نمیدونم.,0,2,train
633,2ماه میشه که این لپ تاپ رو خریدم.,0,2,train
1177,در سمت چپ گوشی، درگاه micro-USB و micro-HDMI قرار دارند.,0,2,train
12002,تازه خریدم.,0,2,train
10449,دیگه رایتل داره میاد,0,2,train
8531,- سرعت شاتر از 1/2000 تا 4 ثانیه - در مورد کارت حافظه به غیر از موارد ذکر شده یعنی SD/SDHC ، کارت های حافظه SDXC را نیز ساپورت می کند.,0,2,train
9262,پیش از این پردازشگر DIGIC 4 بر روی سه نسل یعنی دوربین های 500D، 550D و 600D استفاده شده بود.,0,2,train
4714,همینطور کیفیت ویدیو های ضبط شده با بلک اصلا قابل مقایسه با HD های بازار نیست و خیلی پایینه.,0,2,train
9269,البته این فقط در مود JPEG کار می کند.,0,2,train
10547,از دیگر راه های ارتباطی این گوشی، می‌توان به بلوتوث و DLNA اشاره کرد.,0,2,train
4612,- دارای سنسور های مجاورت و شتاب سنج - دارای رادیو با موج FM- دارای پورتMicroUSBبا قابلیت شارژ گوشی و بلوتوث V2.1- قابلیت شماره گیری صوتی - پشتیبانی ازAdobe Flash 10.2نکات منفی:- زاویه ی دید کم از طرفین- تعبیه نشدن پورت HDMI- اندکی صدایش ضعیف است,0,2,train
12241,حساسیت سنسور یا ISO این دوربین از 100 تا 6400 می‌باشد که البته در 6400 با رزولوشن 3 مگاپیکسل عکاسی می‌کند.,0,2,train
12274,اینو پس از عکاسی و بررسی و زوم کردن تصویر در داخل کامپیوتر متوجه خواهید شد.,0,2,train
8512,البته قبل تر گفته بودیم که مجموع سه سنسور تصویر توانایی ارئه رزولوشن حدود 8 مگاپیکسل را دارند، ولی به هر صورت بوسیله‌ی فرایند داخلی که در دوربین صورت می‌گیرد، این عکس به یک عکس 14 مگاپیکسلی تبدیل می‌شود.,0,2,train
5359,من مدتی پیش این تبلت رو خریدم.,0,2,train
415,نام دیگه این دوربین IXY هست که مخصوص فروش در ژاپن هست .,0,2,train
2659,در حقیقت طبق ادعای فوجی فیلم، توانایی نمایش جزئیات رنگی این سنسور و کیفیت آن چیزی در حد سنسور تصویر 21 مگاپیکسلی دوربین فول فریم Canon 5D Mark II است!,0,2,train
3076,شما مشکلات عدم اجرای بازیها و مسائلی همچون دیتا را در تبلت های IPAD ندارید.,0,2,train
9712,حالا میفهمم چرا اس 3 سامسونگ تو ماه گذشته تو امریکا بیشترین فروش رو داشته .,0,2,train
1786,منظورم IOS هست !,0,2,train
3744,تفاوت قیمتشون فقط 70 هزار تومانه.,0,2,train
3923,این دوربین انتخاب کردم.,0,2,train
7650,هر هسته پردازشگر این تلفن می‌تونه تا سرعت 1.5GHz بالا بره و جالب اینجاست که خود شما می‌تونید به صورت دستی یک جفت از هسته‌ها رو غیر فعال کنید تا باطری بیشتری داشته باشید.,0,2,train
13061,در قسمت لبه ی پایینی دستگاه یک universal dock connector و یک Audio Jack 3.5 میلیمتری مشاهده می شود که بر خلاف iPhone قابلیت پذیرش هر نوع هدفون با فیش 3.5 میلیمتری را دارد.,0,2,train
6122,همچنین این کنسول در پک های مختلفی به بازار عرضه می شود که برخی از آنها بازی اورجینال رایگان هم در خود دارند.,0,2,train
12577,پس از این مدت خود به خود خاموش شد.,0,2,train
9153,HTC Desire V دو سیم کارته است و امکان استفاده از هر دو سیم کارت آن به طور همزمان فعال وجود دارد.,0,2,train
7138,در ضمن، افکت‌ها و مود های بسیاری در دسترس کاربر قرار دارد که بتواند بر طبق نظر خود از آن‌ها استفاده نموده عکس‌های متفاوتی را ثبت نماید.,0,2,train
11739,آندروید جینجربرد روش خوب کار میکنه اما وقتی تبدیلش کنید با آندروید 4 یه کوچولو مصرف باتری رو بالا میبره.,0,2,train
1467,به هر صورت همانطور که گفتیم، A3400 IS دوربین با نمایشگر لمسی سری A سال 2012 کانن محسوب می‌شود.,0,2,train
3220,بعد از خرید میتونید نسخه اندرویدشو ارتقاء بدید قبل از این کار باطری تبلتتون کامل باشه چون کمی طول میکشه تا دانلود کنه و بعد نصب کنه هر دفعه خاموش روشن کردن تبلت سه درصد از شارژ باطری کم میشه.,0,2,train
8073,از دی جی کالا سفارش دادم منتظرم به دستم برسه.,0,2,train
4725,نمی دونم دیگه از یه گوشی چی می خواید.,0,2,train
3878,اما هرچند که رزولوشن سنسور تصویر مقداری بالاتر است، ولی HX200v لنزی کاملا مشابه با لنز HX100v دارد.,0,2,train
2089,") این همه شرکت بالا خره بعد از 6 سال تونستن درصد فروش android رو بیشتر از ios کنن و این در حالی است که اگه بخایم درصد فروش تک تک کامپانی ها رو حساب کنیم در برابر شرکت Apple هیچن .3.شرکت Apple فقط یک استانداردی برای گوشی هایش داشت حالت مستطیلی با صفحه ی 3.5"" یا 4"" با یک دکمه ی گرد پایین صفحه نمایش که در دست واقعا راحت بود .",0,2,train
7618,نوار Notification تغییر زیادی نداشته است.,0,2,train
2278,سی پی یو 1.7gh که دیگه سامسونگ و اپل رو از رقابت خارج میکنه.,0,2,train
10974,حتما می دونید که دستگاه های آندروید روی 4.1 سرعت بیشتری دارند نسبت به 4 .,0,2,train
13054,ولی وقتی با دقت بیشتری نگاه کنید متوجه می شوید که با دستگاه کاملا متفاوتی روبرو هستید.,0,2,train
6247,من حدود 2 ماه در شک و تردید خرید این گوشی بودم و آخرش خریدم.,0,2,train
6639,پس از پر شدن ظرفیت حافظه‌ی داخلی می‌توانید بر روی کارت حافظه‌ی SD/SDHC/SDXC فیلم برداری را ادامه دهید.,0,2,train
10666,ولی این تصحیح خیلی مانند قیمتش به چشم نمیاد و تفاوت چندانی با هم نمی کنن فقط مدل TX از مدل T سبک تره اونم به علت کاهش وزن باطریشه که باعث کاهش زمان مکالمه ، زمان انتظار و ظرفیت باتری شده ولی پیشنهاد من به کسایی که میخوان یکی از این دو مدل رو بخرن خریدن مدلT هست که مقرون به صرفه تره.,0,2,train
4019,تفاوت چندانی با HX100v نداره.,0,2,train
2675,همچنین عکس‌ها و فیلم‌ها بر روی کارت حافظه‌ی SD/SDHC/SDXC ذخیره می‌شوند و باتری لیتیوم-یونی آن نیز در هر بار شارژ کامل توانایی پشتیبانی برای گرفتن تا 300 عکس را دارد.,0,2,train
8713,با سلام و خسته نباشید.,0,2,train
11373,سری دو رقمی مثل 60D، 50D، 40D و حتی 7D سری Prosumer یا نیمه حرفه‌ای هستند که جثه ی بزرگتر و فن‌آوری‌های پیشرفته‌ای دارند ولی در کل از همان سنسورهای APS-C با کراپ فاکتور 1.6X استفاده می‌کنند.,0,2,train
2905,این هسته کم مصرف زمانی فعال می‌شود که Infinity در حال انجام کارهای سبک مثل تماشای ویدئوهای Full HD یا مرورگری اینترنت باشد.,0,2,train
10161,من چند ماهی میشه این گوشی رو خریدم.,0,2,train
9551,حال با گالکسی S3 مقایسه شود که پردازنده ۱۴۰۰ مگاهرتز و ۴ هسته ای با تکنولوژی آرم A9 است می توان مقایسه دقیق تر از قدرت پردازش این دو داد.,0,2,train
3341,۵ برابر بزرگ تر از سنسورهایی است که در دوربین های فیلم برداری معمول به کار رفته است.,0,2,train
1048,دست کم می‌توانست از ویژگی Tap Control دوربین‌های المپوس بهره ببرد تا با زدن ضربه به دوربین می‌توانستیم بعضی عملکردهای آن را کنترل کنیم.,0,2,train
7484,هرچند که در این دوربین می‌توانید نور دهی و تراز سفیدی را تنظیم کنید، ولی اصولا برای این طراحی شده که آن را در مود کاملا اتوماتیک یا Full Auto استفاده نمایید.,0,2,train
636,من یک هفته پیش این لپ تاپ رو خریدم .,0,2,train
3670,مشخصه‌Partial Delete به شما امکان می‌دهد قسمتی از یک فایل ویدیویی را به صورت یک فایل جدید ذخیره کنید.,0,2,train
5870,امکانات و زیباییش حرف نداره ولی بدنش خیلی ضعیفه.,0,2,train
12010,تازه خریدمش.,0,2,train
7734,من از همه نظر تستش کردم.,0,2,train
812,پس اگر شما هم به دنبال یک تلفن همراه دو سیم کارته هوشمند هستید، HTC Desire SV را نیز جزو گزینه های خود قرار دهید.,0,2,train
10875,ممنون از همه,0,2,train
11871,بدین طریق کافی است هر برنامه از بین هزاران برنامه و نرم‌افزار را که خواستید مستقیما برای گوشی خود دانلود کنید.,0,2,train
7784,در قسمت زیرین صفحه نمایش مانند تمامی محصولات ساخت اپل، کلید کاربردی Home به چشم می‌خورد و در بالای صفحه نمایش نیز دوربین 1.2 مگاپیکسلی مکالمات تصویری قرار دارد.,0,2,train
7098,در سمت راست بدنه کلید کنترل صدا به چشم می‌خورد.,0,2,train
3451,درست است که چاپگرهای جوهرافشان سرعت چاپ چندان بالایی به نسبت چاپگرهای لیزری ندارند ولی Pixma MX374 در بین پرینترهای جوهرافشان سرعت به نسبت متوسطی دارد.,0,2,train
5074,البته Region-Free همواره به معنی اجرا روی تمامی ریجن‌ها نیست و امکان دارد که بازی‌ای Region-Free باشد ولی فقط روی کنسول‌های PAL و NTSC-J اجرا شود و روی NTSC-UC اجرا نشود.,0,2,train
9790,ضمنا من این دوربین را از این سایت تهیه کرده ام.,0,2,train
933,چشمی الکترونیکی این دوربین رزولوشن 800X400 پیکسل را ارائه می دهد و از نوع OLED می باشد.,0,2,train
7801,آیا گفتن همین یک نام برای نشان دادن قدرت نرم افزاری آیپد مینی کافی نیست؟,0,2,train
8552,یک ماهی هست این گوشی رو خریدم.,0,2,train
1678,در مورد ظرفیت آیفون جدید نیز باید بگوییم که اپل مدل جدید خود را در سه ظرفیت 16، 32 و 64 گیگابایت تولید نموده است و همانند محصولات قبلی این کمپانی، آیفون 5 نیز از کارت حافظه جانبی پشتیبانی نمی‌کند و کاربر باید بنا بر نیاز خود یکی از این سه مدل را انتخاب نماید.,0,2,train
4281,نسل پنجم iPod Touch در پنج رنگ مشکی، نقره ای، صورتی، زرد و آبی عرضه شده است.,0,2,train
8418,در حالی که بر روی مدل های متوالی این سری دوربین ها از نمایشگرهای 2.7 اینچی 230000 نقطه ای استفاده می شد، این بار کانن ناپرهیزی کرده و از یک نمایشگر 2.8 اینچی 460000 پیکسلی استفاده کرده است.,0,2,train
2532,این موضوع را نخست از توانایی زوم لنز آن می توان دریافت.,0,2,train
9697,با سلام خدمت همه دوستان دی جی کالا.,0,2,train
2705,هیچ خمش یا تکانی در شاسی به چشم نمی خورد و صفحه های بالایی و پایینی هم از فلز آلیاژ منیزیوم ساخته شده اند.,0,2,train
12505,همچنین، یک دوربین VGA نیز برای انجام مکالمات تصویری در قسمت جلوی گوشی تعبیه گشته است.,0,2,train
249,محمد معینی - احمد مجیدی پور - سعید حاجی بنده - بهزاد رمضانی  4 تا دوستی که اسمشونو گفتم از عملکرد بد دکمه های لمسی پایینی حرف زدند .,0,2,train
2436,در آخر می تونم بگم اگه PadFone 2 داک کیبورد رو هم پشتیبانی می کرد می تونست به یک رویا تبدیل بشه.,0,2,train
8911,(من 3 ماهه دارمش),0,2,train
4834,که باعث حسودی و عصبانیت شرکت ps3 شد.,0,2,train
4034,تنها برتری دوربین کنون بر این دوربین رو توانایی زوم اپتیکال بیشتر و صفحه نمایش چرخنده اونه .,0,2,train
7024,آقا سید محمدرضا طباطبایی.,0,2,train
4924,مقایسه xbox با ps3 مثل مقایسه سیب با پرتقاله.,0,2,train
12557,Multitaskingگوشی‌های نسل قبلی iPhone را به یاد می‌آورید؟,0,2,train
6870,که هنوز مشخصات زیادی از m7 در دست نیست .,0,2,train
1388,سخت افزار داخلی اپل در Retina MacBook Pro از نسل سوم پردازنده های چهار هسته ای Intel Core i7 با نام Ivy Bridge استفاده کرده است.,0,2,train
7627,همچنین برای مکالمات تصویری، یک دوربین VGA در جلوی این گوشی قرار داده شده است که دوربین دوم این گوشی محسوب می‌گردد.,0,2,train
1655,چه از لحاظ تراکم پیکسلی، چه از لحاظ وضوح رنگ‌ها و روشنایی و چه از لحاظ کنتراست.,0,2,train
557,لبه جلویی دستگاه شامل ورودی و خروجی صوتی و یک کارت خوان چهار کاره می‌باشد.,0,2,train
11252,اما به جز این مود، HX30v خوشبختانه از مودهای Program و Manual Exposure هم بهره می‌برد.,0,2,train
7943,این دوربین مجهز به لنز 26-130 میلی متر با توانایی زوم 5 برابر می‌باشد.,0,2,train
7548,سلام من 5 اسفند این گوشی رو از نمایندگی سامسونگ جمهوری خریدم.,0,2,train
1014,شرایط سختی که معمولا ماجراجویان و ورزشکاران در آن‌ها قرار می‌گیرند و البته نیاز به ثبت لحظات پر مخاطره‌ی خود را نیز دارند.,0,2,train
5316,من نزدیک به 4 ماه تحقیق کردم تا یک تبلت عالی تهیه کنم که در نهایت به nexus7 رسیدم ولی 3g هم برام مهم بود تا اینکه این تبلت ارائه شد.,0,2,train
1926,سلام به همتون.,0,2,train
4882,در ضمن به فرض هم که ایکس باکس شما همونطور که گفتی بخاطر بازی کردن و داغ شدن بورد و پایه gpu یا cpu سه چراغه بشه براحتی قابل تعمیره و مثل دو سه سال پیس نیست که بلا استفاده بمونه.,0,2,train
1208,در این شرایط دو راه برای مکالمه متصور می‌شوید.,0,2,train
6130,دنیای کنسولهای بازی تا حدی سلیقه ای و مشروط به نوع کاربر است.,0,2,train
5945,بنابراین از کیفیت عکس‌های تولید شده توسط این دوربین انتظار خیلی زیادی داریم.,0,2,train
11929,هرچنددوستان زحمت کش دیجی کالا با معرفی دقیق شون تا حدود زیادی راه انتخاب رو هموار کردند.,0,2,train
4674,پخش فیلمhdتوسط برنامه ی mx video.,0,2,train
12670,حدود 2 ماهه که این گوشی را واسه تولد همسرم خریدم.,0,2,train
653,هر لپ تاپی میبینم دوباره میرسم به این  پرو بوک .,0,2,train
11057,دوستان من از نگاهی منصفانه به قضیه نگاه می کنم در کل دوستانی که از الکترونیک سر در میاورند کاملا متوجه هستند که تفاوتی بزرگ بین نت 10.1 و تب 2 10.1 وجود نداره حتی سامسونگ به خودش زحمت نداده تا قالب بدنه این دو تا تبلت رو تغییر بده و از یه قالب عین هم استفاده کرده حتی شیار های کارت sd یا هدفون و ..,0,2,train
7698,اولین تجربه من از محصولات apple بود.,0,2,train
2192,همه منتظر بودند تا اپل با آیفون 5 دوباره خودی نشان بدهد.,0,2,train
5520,نظر در مورد ظاهرشونو به خود دیجیکالا میسپرم و تو نقد و بررسی کامل میشه پیداش کرد,0,2,train
11839,من این گوشی رو دارم.,0,2,train
7984,نمیدونم چرا خیلی ها اصلا این دو برند رو بایکدیگر مقایسه میکنن .,0,2,train
3599,مسلما برای کسانی که کارهای گرافیکی سنگین انجام می‌دهند، تهیه مدلی که از کارت گرافیک مجزا استفاده می‌کند، پیشنهاد می‌شود.,0,2,train
9324,از دلایل این شباهت نخست می توان به دستگیره ی بزرگ اشاره کرد.,0,2,train
1914,6 ماهی باید صبر کنید که جلیبریکش بیاد ایران,0,2,train
12478,در سمت چپ هم درگاه microUSB و جک 3.5 میلی متری صدا تعبیه شده‌اند.,0,2,train
5792,سلام بچه ها نسخه اندروید 4 براش اومده.,0,2,train
4401,بطور پیش فرض این تبلت از اندروید شانه عسلی نسخه 3.1 استفاده میکند که البته آپدیت نسخه 3.2 نیز برای این تبلت منتشر شده است.,0,2,train
4312,• جمع بندی در کل ممکن است این سوال برای شما پیش آید که آیا نسل پنجم iPod Tocuh می‌تواند یک انتخاب ایده آل برای کسانی باشد که علاقمند به iPhone 5 بوده ولی قدرت پرداخت هزینه آن را ندارند؟,0,2,train
6632,در کل باید گفت، همانطور که گفتیم، و از قیمت این دوربین هم پیداست، HF R206 دوربینی متوسط می‌باشد.,0,2,train
3318,این دوربین فلاش داخلی ندارد ولی فلاش اکسترنال به آن متصل می شود که اتفاقا به هنگام خرید در جعبه موجود است.,0,2,train
12901,سلام صفحه کلیدش سفته بعضی وقتا قاطی میکنه ولی بدنش محکمه,0,2,train
7385,در پخش فیلم DVD، نیز این مقدار 3 ساعت و 51 دقیقه بود.,0,2,train
2439,) رو هم داره از لحاظ سخت افزاری با LG Optimus G E973 تقریبا در یک سطح قرار داره بارزترین ویژگی این گوشی داک اون هست که میتونید گوشی رو تبدیل به یک تبلت بکنید هر چند ممکنه احساس یکپارچگی خوبی در محصولتون نکنید برای کسانی که توانایی مالی تهیه یک تبلت قدرتمند و یک گوشی به روز رو ندارند انتخاب خوبی هست البته دردسر های اشتراک و سینک کردن اطلاعات رو بین تبلت و گوشی رو دیگر با این محصول نخواهید داشت که این ویژگی میتونه کمبود پورت یو اس بی این محصول رو تا حدودی جبران بکنه ظاهر گوشی کمی شبیه گلگسی اس 3 هست خوب بود که از آندرویید 4.1 به طور پیشفرض استفاده کنه برای کسانی که به برند ایسوس علاقه دارند میتونه انتخاب خوبی باشه,0,2,train
457,دوربین دوربین این گوشی یک دوربین 5 مگاپیکسلی است که عکس‌ها را با رزولوشن 1936×2592 پیکسل ثبت می‌نماید.,0,2,train
9048,ظاهرا که سامسونگ تصمیم گرفته در عوض قرار دادن نمایشگر لمسی، این پیچ تنظیم را هم حذف کند.,0,2,train
4105,نیست و تنها محل درج مموری micro SD ، خروجی هدفون ، محل شارژ باتری و پورت micro USB وجود داره.,0,2,train
11353,مود Face detection سعی می‌کند بر روی چهره ی افراد موجود در کادر فوکوس کند.,0,2,train
3194,، پردازنده قوی داره و به راحتی فیلم های فول اچ دی و بازی های اچ دی را پشتیبانی میکنه ، جی پی اس قوی داره ولی افسوس که وای فای یا سخت افزار وایرلسش واقعا ضعیفه !,0,2,train
6868,"(در مقایسه با xperia z , note 2 , one x + ) .",0,2,train
3775,یک درب کشویی نیز بر روی بدنه وجود دارد که با کنار زدن آن متوجه پورت های HDMI، یک پورت USB و شیار کارت حافظه می شویم.,0,2,train
4466,Xperia ray همانند گوشی Xperia arc از سیستم عامل اندروید 2.3 به همراه رابط کاربری Timescape UXP استفاده می‌کند.,0,2,train
10495,نظر نهایی بعد از خرید,0,2,train
8019,حتی لنز این دو نیز با توانایی زوم 35 برابر مشابه می‌باشد.,0,2,train
2394,یکی از تغییرات اصلی ایجاد شده در PadFone 2 مربوط به پورت اتصال آن می‌باشد.,0,2,train
8477,سلام من از نزدیک دیدم - به طور کلی خوب بود ولی با این قیمت و کارایی خوب زوم اپتیک ضعیف میباشد.,0,2,train
12676,سونی بروز رسانی رو بر اساس SL Number که جای اون زیر باطری هست انجام می ده که طبق لیست وب سایت سونی هنوز واسه ما نیومده.,0,2,train
6684,"نباید از این دوربین انتظار عکسبرداری مناسبی داشته باشید در تصاویر گرفته شده در فضای باز با نور کافی کیفیت عکس های گرفته شده خوب است اما در فضاهای بسته کیفیت عکسها رضایت بخش نیست همزمان با فیلمبرداری قابلیت گرفتن عکس دارد , مدت زمان شارژ خوبی را نگه داری می کند در فیلمبرداری در شب کمی ضعیف عمل می کند کیفیت فیلم های گرفته شده بسیار بالا است قابلیت تولید کلیپ را به صورت خودکار دارد.",0,2,train
5256,بیشترین مصرف باتری در وب‌گردی، پخش ویدیو و بازی‌های ویدیویی می‌باشد.,0,2,train
6006,سینی های تغذیه‌ی کاغذ نیز می‌توانند موقعی که به آن ها نیازی نیست در سر جای خود بسته شوند.,0,2,train
7396,فقط 5.4 میلیمتره.,0,2,train
7826,دیروز گرفتم !,0,2,train
7222,پدفون 1 هم همین قیمت بود!,0,2,train
2380,و از لحاظ گرافیک iPhone طی این 7 سال امتحان خودشو پس داده و ثابت کرده که گرافیکش از هر گوشی android ی بیشتر است .,0,2,train
7891,اما تفاوت بزرگ این تبلت نسبت به تبلت های مشابه نظیر Google Nexus 7، در امکان برقراری تماس‌های تلفنی با آن است.,0,2,train
12660,در ضمن گوشیمو روت نکردم و نخواهم کرد فقط مشکل اینه که صدای شاترش بدون روت قطع نمی شه که اونم راه حلش نصب یه برنامه برای دوربینه که عکسبرداری و فیلمبرداریو بدون صدا انجام می ده.,0,2,train
5049,البته به گفته‌ی مدیر فنی کنسول XBOX در بخش ژاپن شرکت مایکروسافت، این شرکت بازی‌های XBOX 360 را در ژاپن، روی دیسک‌های نوری HD-DVD ارایه نمی‌کند و این دیسک‌ها صرفا برای نمایش فیلم و ذخیره اطلاعات کاربرد خواهند داشت.,0,2,train
6337,که اگر رایتل در اسلاید 2 قرار بگیره آنتن نخواهی داشت که این مساله در s duos هم بود پس باید سیم نسل سوم در اسلاید 1 قرار بگیره تا هر دو سیم آنتن داشته باشند .,0,2,train
3061,از عکسهای کتاب های دیگر توی نرم افزار آفیس اون استفاده کرد ، همزمان جزوه نویسی کرد و مطالب رو بصورت مولتی مدیا به اشتراک گذاشت.,0,2,train
3058,این در حالیه که خیلی از توانایی های وکوم سینتیک رو میشه با قلم با حساسیت 1024 سطح فشار این دستگاه که اونم بصورت اختصاصی توسط وکوم ساخته شده رو ، بصورت قابل حمل با خودتون داشته باشید.,0,2,train
11205,Cross Type ها به جزئیات عمودی و افقی حساس است.,0,2,train
6816,چرا با اینکه دوربینش هشته از اکسپریا زد یک میلیون گرونتره؟,0,2,train
1526,سامسونگ در تولید تبلت های سری Note خود، یک رویکرد آموزشی را هم در نظر داشته است .,0,2,train
8358,پیشنهاد میکنم قبل خرید به برند های دیگه هم فکر کنید..,0,2,train
12399,نزدیک به یک ماه این گوشی رو از این سایت خریدم حافظه داخلی در دسترس کاربر 4 گیگ بیشتر نیست و اینکه زود داغ می کنه جوری که می ترسم ازش دیگه استفاده کنم و یکی دو بار هم قفل کرده غیر از این موارد گوشی خوبیه,0,2,train
6606,با باز کردن نمایشگر، پورت های USB، HDMI و شیارهای دوقلوی کارت حافظه‌ی SD دیده می‌شوند.,0,2,train
12552,گوشی و اسپیکراز نظر صدا و کیفیت گوشی و اسپیکر در گوشی‌های قبلی شکایتی نداشتیم، هرچند که بلندی صدای اسپیکر هیچ وقت راضی کننده نبود ولی مطمئنا شرکت بر روی کیفیت و بلندی صدا کار کرده است.,0,2,train
4424,سلام از نظر کیفیت رنگ و کنتراست تا حالا هیچ تلویزیونی به پای پلاسما نرسیده و یا حداقل من ندیدم حتی ال ای دی های سری 5 سامسونگ هم هنوز در داینامیک رنج تصاویرشون به شدت دچار مشکل هستند که باعث می شه تصویر کم کیفیتی حاصل بشه.,0,2,train
130,بسیار خوب، ST68 کمی گران قیمت تر است که به دلیل سنسور تصویر با رزولوشن دو مگاپیکسل بیشتر آن می باشد.,0,2,train
3857,این دوربین‌ها هرچند که از جهات زیادی به دوربین‌های Bridge یا DSLR Like شباهت دارند، ولی با ابعاد 122X87X93 میلی متر و وزن 580 گرم، دوربینی کامپکت و سوپرزوم محسوب می‌شوند.,0,2,train
2389,از لحاظ ظاهری می‌توان گفت که گوشی PadFone 2 مدل بزرگ‌تر شده گوشی PadFone است.,0,2,train
736,در آخر لازم میدونم بگم که 4540 اصلی فقط با هارد 640 عرضه شده.,0,2,train
12251,در کل باید گفت که S2980 تفاوت چندانی با مدل سال پیش S2800HD نداشته است.,0,2,train
9422,البته اکثر گوشی های هوشمند، همینطور هستن.,0,2,train
9011,در زیر آن‌ها نیز دکمه‌های Display و Menu قرار دارند که عملکرد آن‌ها تا حدود زیادی مشخص است.,0,2,train
9913,البته در مورد 4s نمی‌توانیم خیلی زود قضاوت کنیم چرا که این موضوع باید به عنوان بازخورد از تعداد زیادی از مشتریان در طی استفاده‌ی زیاد دریافت شود.,0,2,train
7532,این دوربین مجهز به لنز 24-108 میلی متری با توانایی زوم 4 برابر می باشد.,0,2,train
694,آقای سید سجاد حیدری شما از کجا میدونی؟,0,2,train
4299,در بنچمارک ها و تست‌های انجام شده، iPod Touch نسل پنجم، توانست امتیازی نزدیک به iPhone 4S کسب نمود.,0,2,train
1973,این یه چیز دیگست .,0,2,train
9652,مثلا Nokia Lumia 920 واقعا از ایفون 5 بهتره .,0,2,train
661,حتی لب تاپ قبلیمو که سفارش دادم بدون گارانتی بود که بعد از تحویل متوجه شدم فنش خوب کار نمیکنه که فرداش فرستادم و به کل برام یکی دیگه فرستادن.,0,2,train
338,در لبه جلویی نیز یک کارت خوان با پشتیبانی از کارت‌های حافظه SD و MMC قرار دارد.,0,2,train
823,با اینکه میخواستم اس بگیرم الان منتظر این گوشی میمونم.,0,2,train
6863,زیبایی.,0,2,train
9748,این مقدار انرژی ذخیره شده برای حدود 5 ساعت مکالمه مداوم و یا بیش از 470 ساعت در حالت آماده به کار کافی است.,0,2,train
11003,کافیه که یک طراح چیره دست باشید و بجای حمل مقدار زیادی کاغذ ، ماژیک و لوازم طراحی که معمولا من به شخصه اگه بخوام حملش کنم ، چیزی حدود 5 کیلو گرم میشه رو جایگزین کنید با این تبلت.,0,2,train
8579,برای دفعه های بعدی شارژ گوشی به محض اینکه رسید به 10% بزنید به شارژ و بزارید 100% که شد از شارژ درش نیارید تا یه نیم ساعت بعدش که خوب شارژ بشه چون معمولا این 100% که زود بهش میرسه تنها 88درصد ظرفیت واقعی باتری هست و برای اینکه کاملا شارژ بشه باید مقدار بیشتری بزارید تو شارژ بمونه.,0,2,train
2666,این چشمی توانایی ارایه دو بزرگنمایی متفاوت را دارد.,0,2,train
10295,می تونم بگم از تمام قابلیت های گوشی استفاده کردم.,0,2,train
7476,یک سویچ دستی نیز کاور لنز را باز و بسته می‌کند.,0,2,train
11575,اندازه حسگرش با sx40 هم یکیه,0,2,train
4671,دوربینش 20است.,0,2,train
4432,کلا ذات پلاسما اینطور هست که داغ میکنه ؛ ولی مدل های مختلف سامسونگ بیشتر داغ میکنند به همین خاطر توصیه میکنم دنبال تلویزیون های پلاسما اگر هستید برند پاناسونیک رو انتخاب کنید که معرفی کننده تکنولوژی پلاسما هم هست، و کیفیت مناسبی داره  تنها ایراد پلاسما مصرف بالا حدود 300 وات هست.,0,2,train
3890,ظاهرا که در HX200v هم سونی به این نتیجه نرسیده که کفشک فلاش اکسترنال لازم است.,0,2,train
39,نسبت به کارایی این دستگاه قیمتش خیلی مناسبه ولی یه چیزی یه کم صداش زیادی بلنده.,0,2,train
8692,اول از دیجی کالا ممنونم به خاطر احترام به سلایق مختلف مخاطبینش.,0,2,train
6011,بر روی بدنه‌ی این پرینتر پورت USB 2.0 هم دیده می‌شود.,0,2,train
3990,بعضی ها تعصب دارن رو سونی و بعضی ها هم روی کنون.,0,2,train
7412,من این لپ تاپ دیروز از دی جی کالا خریدم .,0,2,train
3562,گوشی خوبی هست ولی کیفیت بدنه پایینی داره!,0,2,train
7,همانطور که گفتیم، M1132 پرینتری لیزری، تک رنگ و چند کاره است.,0,2,train
13010,در قسمت عقبی دوربین نیز می‌توانید محفظه مخصوص باتری را ببینید.,0,2,train
9907,بنابراین احساسی که با 4s خواهید داشت همان احساسی است که با در دست داشتن 4 به شما دست می‌دهد.,0,2,train
10173,من عاشق دیجی کالا هستم و هر روز واردش میشم.,0,2,train
11258,"اما HX30v مجهز به نمایشگر 3 اینچی با رزولوشن 921,000 پیکسل می‌باشد.",0,2,train
7572,NFC - 4G - DLNA هم اصلا بی خیال بشید.,0,2,train
8231,حالا اگر جمع این دو مورد را خواستید که هم دو سیم باشه هم وای فای 310 را بگیرید .,0,2,train
6080,).,0,2,train
9555,در حالیکه اکثر گوشیهای مدرن ۱ سال گذشته این سنسور را جز اصلی سخت افزار خود منظور کرده اند.,0,2,train
8974,در کنار آن اسپیکر برای پخش صدای فیلم‌های ضبط شده قرار دارد.,0,2,train
1187,اما در مورد طراحی داک آن نیز می‌خواهیم بگوییم.,0,2,train
5882,من 4 ماهه این گوشیو دارم.,0,2,train
1748,3-سوما وقتی که میام از بزرگترین سایت های دانلود یعنی (آسان دانلود، دانلود ها، میهن دانلود و.,0,2,train
3329,آنطور که در اینترنت مشخص است، قیمت این دوربین 2000 دلار یا حدود 2 میلیون تومان است.,0,2,train
10376,*** عملکرد ضد آب بودن آن تا عمق 1 متر برای 20 دقیقه مورد آزمایش قرار گرفته است.,0,2,train
526,در مود Advanced شما می توانید از بین طیفی از رزولوشن، رنگ و ابزارهای برطرف کننده ی خطا انتخاب کنید.,0,2,train
2656,بدنه نیز به طور کاملا از آلیاژ آلومینیوم ساخته شده که در جای جای آن روکش چرمی قرار دارد.,0,2,train
2873,با داشتن ضخامتی معادل 8.5 میلی‌متر، Infinity نزدیک به یک میلی‌متر باریک‌تر از آی پد نسل سوم است.,0,2,train
7071,امیدوارم که تنها رقیبش فقط galaxy s IV باشه.,0,2,train
6532,در قسمت زیرین تبلت درگاه اتصال کابل جهت انتقال اطلاعات و شارژ و دو شکاف که برای اتصال داک است تعبیه گشته‌اند.,0,2,train
7043,Nexus 10 با چیپ 2 هسته ای Exynos 5250 از Nexus 4 با چیپ 4 هسته ای Snapdragon S4 Pro قوی تره.,0,2,train
6746,خیلی خوب و قوی,0,2,train
10734,میشه یه تبلت درست و حسابی خرید.,0,2,train
9635,پردازنده هم که 2 هسته ای.,0,2,train
8203,البته فراموش نکنیم بگوییم که یک مود فیلم برداری 2.7KP هم وجود دارد که بین Full HD و 4K قرار می گیرد و در آن فیلم برداری می تواند با سرعت 30 فریم بر ثانیه انجام گیرد.,0,2,train
8581,البته هنوز به دستم نرسیده.,0,2,train
10970,آپدیت جیلی بین هم داره واسش میاد.,0,2,train
8788,پردازنده این گوشی یک پردازنده دو هسته ای یک گیگاهرتزی از نوع Cortex-A5 به همراه چیپ Qualcomm Snapdragon می‌باشد که به همراه 768 مگابایت رم، در این گوشی به کار گرفته شده است.,0,2,train
3087,اگر قیمت ایپد جدید را زیاد میدانید منتظر ایپد مینی باشید شاید همین روزها نقد وبررسی این تبلت را از دیجی کالا ببینید.,0,2,train
7297,به جز نمایشگر، این دوربین مجهز به رادیو داخلی Wi-Fi نیز هست که بوسیله‌ی آن می‌توانید عکس‌ها و فیلم های گرفته شده‌ی خود را از طریق شبکه‌ی Wi-Fi به صورت بیسیم به لپ تاپ، تبلت و یا گوشی خود منتقل کنید.,0,2,train
2043,در مورد بقیه موارد هم باید بگم که بعد از 1 سال صرف وقت روی طراحی داخلی و ظاهری، انتظار بالاتری میشد داشت.,0,2,train
5210,این نوت‌بوک از پورت HDMI برای اتصال آن به HDTV هم بهره می‌برد.,0,2,train
1651,iPhone 5 دارای یک صفحه نمایش 4 اینچی از نوع LED-Backlit IPS TFT می‌باشد که دارای رزولوشن 1136×640 است.,0,2,train
1754,ساده ترین کارها نیاز به برنامه یا اینترنت داره یه شماره تلفن نمیشه از گوشی ریخت رو سیم کارت بدرد گوشی بازها می خوره نه کاربر عادی که می خواد راحت از همه امکانات گوشی استفاده کنه,0,2,train
2604,قبلا تجربه کار با سری سونی رو داشتم که ارزش خرید و کیفیت عکسهایی که سونی میگیره هزاران برابر بهتر از این دوربینه.,0,2,train
865,4- ضخامت کمتر (با 9.3mm ضخامت، 1.4mm باریک تر است) و وزن کمتر (با 114gr وزن، 17gr سبک تر است).5- دوربین با دیافراگم (Aperture) بهتر (دیافراگم f/2.0 که نور بیشتری را نسبت به دیافراگم f/2.2 وارد دوربین می کند.,0,2,train
3443,رنگ آن نیز مشکی و از نوع مات است.,0,2,train
4348,(از اون انقلاب هایی که بوی استیو جابز بزرگ رو میده : 6.1 میلی متر ضخامت، و 88 گرم وزن)2.,0,2,train
3566,تا بیاد ببینیم قیمتش چطوریه.,0,2,train
12110,و اما صفحه نمایش دوربین فیلمبرداری JVC GZ-MG335، از نوع TFT و در اندازه ی 2.7 اینچ با تعداد 123000 پیکسل و از نوع استاندارد است.,0,2,train
2158,ایا.,0,2,train
1795,بمدت دوسال آیفون 4 و 4اس داشتم.,0,2,train
4688,"برخی از افراد ترجیح میدن یک گوشی با امکانات روز در ابعاد کوچک در عین حال زیبا برای استفاده روز مره داشته باشند به نظر من اکسپریا ری به دلایل زیر یک پیشنهاد ایده آل میتونه باشه:1- قابلیت ارتقا به جدید ترین ورژن از اندروید 42- صفحه نمایش بسیار با کیفیت با نمایش 300 پیکسل در یک اینچ که با دید انسان برابری می کند ( لازم به بیان هست که چشم ما 325 پیکسل در اینچ هست و این یعنی تکنولوژی سونی)3- کیفیت دوربین 8 مگاپیکسل با سنسور exmor r cmos که در دوربین های حرفه ای مورد استفاده قرار میگیره قابلیت تصویر برداری سه بعدی و نمایش آن و همچنین تصویر برداری پانوراما با همراهی فلش قوی led که پیشنهاد میشه در هنگام فلش زدن به دلیل قدرت بالا بهش نگاه نکنین که کوری زمانی میاره4- دوربین دوم با کیفیت 2 مگاپیکسل برای مکالمه تصویری5- کیفیت فیلم برداری hd6- بدنه باریک و زیبا با ضخامت 9.4 mm و وزن 100g7- بالا ترین رزولوشن 845*480 به همراه موتور براویا سونی8- پردازنده قوی9- صفحه نمایش مولتی تاچ و کنترل لمسی حساس و حسگر شتاب سنج و مجاورت سنج، 10- صفحه نمایش ۳٫۳ اینچ لمسی با وضوح بسیار بالا و تفکیک ۱۶ میلیون رنگ11- مسیر یاب جی پی اس، ثبت موقعیت جغرافیایی به همراه تصویر، 12- ۳۰۰ مگابایت حافظه داخلی13- شبکه بیسیم، رادیوی اف ام استریو، بلوتوث استریو14- پشتیبانی از گیم های hd و سنگین15- صفحه ضدخش، نسل ۳٫۵، پردازنده یک گیگاهرتز، قابلیت افزایش کارت حافظه16- پخش موسیقی MP4 (AAC), MP3, M4A, 3GPP, AMR, AMR-WB, WAV, RealAudio, iMelody, XMF, WMA 917- پخش فیلم MP4, 3GPP (H.263, H.",0,2,train
5225,به علاوه از پورت USB 3.0 هم بهره می‌برد.,0,2,train
6588,من این تبلتو دارم.,0,2,train
12423,مقایسه ای بین این گوشی و tx داشتم و به این نتیجه رسیدم که اینو بخرم قابلیت هایی که در این جا ذکر نشده ولی داره: small apps usb on the go dlna --------- برخی مزیت ها و ضعف ها: اندازه صفحه نمایش نسبت به tx کوچک تره و میتونه بسته به نظر هرکس مزیت باشه یا ضعف.,0,2,train
8437,سلام دوستان این تلوزیون من تقریبا 4 ماهه پیش خریدم ..,0,2,train
9015,در زیر دوربین نیز درب جایگاه باتری-کارت حافظه قرار گرفته است.,0,2,train
6878,ولی قبل این یه گلکسی نوت داشتم که کلا نظرمو نسبت به سامسونگ عوض کرد.,0,2,train
7712,face time.,0,2,train
3963,در مورد اون صحبت دوست مهمان که میگه نویز داره و عکس زوم بشه خراب میشه عرض کنم چون صفحه نمایش گردون داره ولی شما فرمودی نداره.,0,2,train
9905,وقتی iPhone 4 در تابستان سال 2010 به بازار آمد واقعا با دیگر گوشی‌های هوشمند موجود متفاوت بود.,0,2,train
7455,"همان طور که گفتیم، دوربین‌های CX190, CX200 و CX210 در حقیقت دوربین‌های یکسانی هستند.",0,2,train
2572,4-باید تمرین زیادی برای گرفتن فیلم و عکس در شرایط مختلف با این دوربین داشته باشین تا خوب بهش مسلط بشین و این رمز گرفتن فیلم و عکسه.,0,2,train
7609,سخت افزارپردازنده این گوشی ، یک پردازنده دو هسته ای یک گیگاهرتزی از نوع Cortex-A9 است که به همراه چیپ NovaThor ، پردازشگر گرافیکی Mali-400 و یک گیگابایت حافظه RAM ، سخت افزار این گوشی را تشکیل می‌دهند.,0,2,train
4857,.حتی بعضی وقت ها هم روشن میزارم میرم بیرون میام.,0,2,train
9175,امروز صبح این دوربین به دستم رسید .,0,2,train
4715,در ضمن این گوشی به اندروید 4 آپدیت نمیشه در حالی که برای اکسپریا ری اندروید 4 به صورت رسمی اومده.,0,2,train
4177,این گوشی چون مارک نامداری نیست خیلی ارزونتره,0,2,train
11660,اعم از خوبی ها و بدی هاش.,0,2,train
8337,من این دوربینو جدیدا خریدم.,0,2,train
11605,دیگر امکانات آن خیلی شبیه به دیگر دوربین‌های Bridge پیشرفته می‌باشد.,0,2,train
12938,صفحه نمایش این گوشی 2.4 اینچی بوده و در پشت این گوشی هم یک دوربین 1.3 مگاپیکسلی قرار داده شده است.,0,2,train
1738,سیستم عاملش که دیگه همه در جریانن .,0,2,train
5602,همچنین عکس‌ها به نظرمان مقداری تمایل به رنگ آبی دارند.,0,2,train
82,بدین ترتیب با این دوربین فقط می‌توانید در فرمت JPEG عکاسی نمایید.,0,2,train
5364,تنها روشی که برای حل این مشکل پیشنهاد شده روت کردن دستگاه و نصب نرم افزار وای فای ایکس است، که البته با این کار دیگر شامل گارانتی نمی شود.,0,2,train
5732,Android 2.3 کاملا با سیستم عامل iOS شرکت اپل در رقابت است.,0,2,train
10327,در سمت چپ گوشی کلید پاور و در بالا کلید پاور و جک هدفون 3.5 میلی‌متری قرار دارند.,0,2,train
1303,من امروز یکی سفارش دادم امیدوارم گوشی خوبی باشه!,0,2,train
9970,در حقیقت امتیازی که 4s کسب کرد در حد Samsung Galaxy Tab 10.1 است.,0,2,train
1276,huawei ascend y300,0,2,train
9974,هرچند که برنامه‌ها نسبت به iPhone 4 زودتر بارگزاری می‌شوند، بازی‌ها راحت‌تر انجام می‌گیرند و بارگزاری صفحات وب نیز سریع‌تر است ولی فکر نمی‌کنیم کاربران عادی فرق چندانی را بین 4s و مدل پیشین احساس کنند.,0,2,train
10054,با این وجود، علاقه مندان به دنیای موسیقی و فیلم، بهتر است که از هدفون و یا بلندگوهای خارجی استفاده کنند.,0,2,train
11268,امروز از بازار خریدیمش.,0,2,train
11313,Miniature Effect نیز کاری می‌کند که یک سوژه همانند یک مدل کوچک مینیاتوری به نظر برسد تا عکسی مشابه آن چه با یک لنز Tilt Shift گرفته می‌شود بدست‌اید.,0,2,train
1733,در مورد صفحه نمایش کوچیکش هم باید بگم که قراره گوشی داشته باشی نه فبلت .,0,2,train
6120,Xbox 360 Slim با ظرفیت های مختلفی به بازار عرضه شده است.,0,2,train
7720,آیپد مینی با قیمت .,0,2,train
2827,من این دوربین رو یک ماهی هست که خریدم.,0,2,train
4383,لبه جلویی آن بسیار نازک است ولی در قسمت بالایی آن ضخیم تر می شود.,0,2,train
6802,بر روی بدنه ی این دوربین دکمه های فیزیکی خیلی کمی قرار گرفته اند و دلیل آن نیز وجود نمایشگر 3.2 اینچی لمسی 460000 نقطه ای بوده است.,0,2,train
7563,سلام این گوشی رو دو روزه گرفتم..,0,2,train
912,اما در سوپر زومهای کانن و پاناسونیک اینقدر این مورد وجود دارد که شما نیاز به رتوش عکس دارید .,0,2,train
549,• طراحی و ساخت بدنه خارجی دستگاه از ترکیبی از فلز آلومینیوم و پلاستیک ساخته شده است.,0,2,train
2212,با همان ابعاد و تنها 5 گرم سنگین‌تر.,0,2,train
2229,این در حالیست که Beats Audio در مدل‌های قبلی به موزیک پلیر استاندارد گوشی محدود بود!,0,2,train
814,با این قیمت می شه یه اکسپریا SL گرفت,0,2,train
2299,همه با نقاط قوتش آشنایی دارین.,0,2,train
1607,البته عدم وجود فتوشاپ بر روی این تبلت یک ایراد برای آن محسوب می‌گردد، اما برنامه های دیگر آن‌را تا حدودی جبران می‌نمایند.,0,2,train
11868,همان‌طور که گفتیم گوشی Xperia Mini از سیستم عامل Android 2.3 معروف به Gingerbread بهره می‌برد.,0,2,train
1076,از رقبای اصلی این دوربین می‌توان به Canon Powershot D10، Casio EX-G1، Fujifilm Finepix XP10، Olympus Mju Tough 6010، Olympus Mju Tough 8000، Pentax Optio W90 و Sony Cybershot DSC-TX5 اشاره کرد.,0,2,train
4967,محل اتصال سیم برق و یک پورت یو اس بی که بیشتر برای اتصال دستگاه وایرلس اکس باکس کاربرد دارد در اختیار است.,0,2,train
1869,با تشکر از سایت خوب دی جی کالا,0,2,train
2404,در زیر تبلت نیز همانند خود گوشی، پورت 13 پینی MHL قرار دارد.,0,2,train
8093,دوستان توجه کنید که اگه قرار بود CPU این گوشی 1GHz باشه قیمتش هم بیشتر میشد..,0,2,train
8973,از بالا که به دوربین نگاه کنیم در قسمت سمت چپ فلاش Pgr-Up را می‌بینیم که در حالت بسته کاملا هم سطح بدنه قرار می‌گیرد.,0,2,train
6187,می‌توان آنرا بزرگ شده گلکسی اس 3 و یا حتی کوچک شده گلکسی نوت 2 دانست.,0,2,train
3074,در پایان اگر بخواهم به شما توصیه کنم که بین تبلت های اندرویدی و ipad یکی را انتخاب کنید صرف نظر از سخت افزار قدرتمند تبلت های ایسوس حتما به شما پیشنهاد میکنم ipad بخرید.,0,2,train
2645,اکنون سعی می‌کنیم که بررسی اجمالی بر روی این دوربین داشته باشیم و پس از آمدن آن به بازار، نقد کاملی با تست کیفیت عکس های آن ارایه خواهیم داد.,0,2,train
4855,نه 3 چراغ برای اون اول ها بود ..,0,2,train
393,انرژی این دوربین از طریق باتری قابل شارژ NB-11L تامین می‌شود که در هر بار شارژ کامل توانایی پشتیبانی تا 170 عکس را دارد.,0,2,train
2957,درود بر همه دوستان اگر به دنبال یک تبلت با ظاهر و کارایی بی نظیر هستید و عجله ندارید صبر کنید تا مدل  Samsung Galaxy Note 10.1 N8000 به بازار ایران عرضه بشه تا مشخص کننده قدرت و کارایی و ظاهر در کنارهم برای کاربرای مثل من و شما باشه,0,2,train
4902,شیره XBOX360 !,0,2,train
720,دوستان توجه کنید که i5 جدید اینتل فرقی با قدیمیا تو سرعت پردازش ندارن فقط یه هسته گرافیکی مجزا تو خود cpu که کارای سبک رو با مصرف انرژی کم میکنه پس اگه شارژ دهی براتون مهم نیست از همون قدیمیا استفاده کنید ارزون تر دستتون رو میگیره.,0,2,train
4093,برای خرید دقت کنین که جای دکمه های کیبردش درست باشه.,0,2,train
8925,ولی از نظر طراحی و عملکرد متفاوت است.,0,2,train
10800,بهترین نه فقط به خاطر زوم قاطعانه ی 30 برابر، بلکه به دلیل بدنه ی کاملا حرفه‌ای و امکاناتی که ارائه می دهد.,0,2,train
4462,در بالای این صفحه نمایش دوربین دوم برای انجام مکالمات تصویری قرار دارد.,0,2,train
7714,icloud..,0,2,train
11002,این درحالیه که خیلی از توانایی های وکوم سینتیک رو میشه با قلم با حساسیت 1024 سطح فشار این دستگاه که اونم بصورت اختصاصی توسط وکوم ساخته شده رو ، بصورت قابل حمل با خودتون داشته باشید.,0,2,train
8894,(مهدی عباسی نژاد از قزوین),0,2,train
11606,به هر صورت با به بازار آمدن این دوربین و بررسی دقیق‌تر آن اطلاعات بیشتری را در اختیار شما قرار می‌دهیم.,0,2,train
6621,یکی از مهم ترین مسائل در دوربین های فیلم برداری، اینترفیس دیجیتالی آن‌ها می‌باشد.,0,2,train
9684,سی پی یو هم هنوز 2هسته ای,0,2,train
12942,این صفحه نمایش با این رزولوشن، تراکم پیکسلی 167ppi را ارائه می‌نماید.,0,2,train
7646,تازه آپدیت رسمی JB هم که همون ماه عرضه اش، ارائه میشه!,0,2,train
12383,این دوربین توانایی ضبط ویدیویی 720p HD با سرعت 30 فریم بر ثانیه را دارد.,0,2,train
6546,هواوی برای تبلت خود از چیپ K3V2 استفاده نموده است که ساخت‌های سیلیکون می‌باشد و در تعدادی از گوشی‌های هواوی نیز استفاده شده است.,0,2,train
4191,امروز به دستم رسید چون قبلا آرک اس داشتم سریع با نرم افزار های حرفه ای تستش کردم!,0,2,train
3514,) خاموش می‌شود و شما مجبورید دوباره گوشی را روشن کنید ولی با این قابلیت، گوشی چون تشخیص می‌دهد که شما در حال تماشای صفحه نمایش هستید، آن را روشن نگه می‌دارد.,0,2,train
3817,سیستم تکامل هوشمند - Smart Evolution سامسونگ ابعاد فنی و مهندسی تلویزیون شما را بطور کامل عوض می‌کند بدون اینکه نیاز به تعویض کل دستگاه باشد.,0,2,train
6188,با همان لبه های گرد و همان استایل همیشگی.,0,2,train
1844,با عرض سلام خدمت دوستان عزیز.,0,2,train
8237,دوربینش در حد معمولی .,0,2,train
11588,اما در آپدیتی که در آینده و با به بازار آمدن این دوربین بر روی نقد و بررسی اعمال خواهیم کرد، کیفیت آن را به دقت مورد بررسی قرار خواهیم داد.,0,2,train
10580,• صفحه نمایش و بلندگوهاG585 دارای یک صفحه نمایش 15.6 اینچی است که دارای نور پس زمینه LED بوده و دقت 1366×768 را ارائه می‌دهد.,0,2,train
5881,2- دوم اینکه در این گوش وقتی می خواهید عکس بگیرید تصاویر نمایش داده شده در صفحه نمایش بسیار زنده و روشن هستند اما وقتی عکس گرفته می شود دیگر تصویر save شده به آن صورت قبل زنده و روشن نیست.,0,2,train
9165,رابط کاربری این دوربین نیز همانند سری HTC One بوده و دکمه های عکاسی و فیلم برداری در کنار هم قابل مشاهده هستند.,0,2,train
5965,ولی اگر همچنان به نظرتان میدان دید کمی می‌آید، می‌توانید از مود عکاسی Sweep Panorama استفاده کنید تا حتی بتوانید میدان دید 180 و یا 360 درجه را ثبت کنید.,0,2,train
10454,هیچ مشکلی در آنتن دهی وجود نداره با رفتن به Setting و About Phone و تاچ بر روی Status و انتخاب سیم کارت، میزان دریافت فرکانس آنتن به شما داده میشه.,0,2,train
10203,واقعا همه چی تمومه فقط اندروید 4 با دردسر میشه,0,2,train
6150,توی نگاه اول شاید قیمت بازی های اصل کمی گرون باشه اما این گرونی بی علت نیست و به کیفیت و دوام کالا بستگی داره و اینکه ارزونی کپی خوری دستگاه همراه با ضرری که در آینده به شما میرسه خیلی گرونه لطفا به این مساله فکر کنید بعد اقدام کنید.,0,2,train
8222,حالا که گفتیم باتری، به این فکر افتادیم که نکند به دلیل کوچک شدن بدنه، و در نتیجه کمتر بودن جا برای باتری، باتری کوچکتری در این دوربین به کار رفته باشد و در نتیجه شارژدهی کمتری را از آن شاهد باشیم!,0,2,train
460,کیفیت فیلم برداری این دوربین نیز HD و با سرعت 30 فریم بر ثانیه می‌باشد.,0,2,train
10073,این امر برای HP قابلیت باریکتر و سبکتر Sleekbook ها از طریق کوچک کردن سیستم خنک کننده و باتری دستگاه فراهم کرده است.,0,2,train
3624,پایه موجود در قسمت پشتی تبلت، تا حدود 22 درجه باز شده و تبلت را نگاه می‌دارد.,0,2,train
441,صفحه نمایش صفحه نمایش به کار رفته بر روی این گوشی، یک صفحه نمایش 3.8 اینچی لمسی خازنی از نوع TFT است که تصاویر را با رزولوشن 800×480 پیکسل به نمایش می‌گذارد.,0,2,train
5748,آیا به انجام بازی های موبایل علاقه دارید؟,0,2,train
8221,دیگری Frame است که در حقیقت قابی برای این دوربین می باشد.,0,2,train
5939,البته در بین سنسورهای 1/2.3 اینچی و نه بعضی سنسورهای بزرگتر که بر روی بعضی از دوربین‌ها به صورت استثناء استفاده شده اند.,0,2,train
3321,یک باتری قابل شارژ لیتیوم-یونی 1650mAh نیز به همراه آن موجود می باشد.,0,2,train
6719,این دوربین به همراه مدل های پیشینش کامپکت هایی هستند که مقداری بزرگتر از مدل هایی چون SX260 HS می باشند.,0,2,train
8924,در نگاه نخست؛ قالب‌بندی SX230 HS به نظر خیلی شبیه به دوربین مدل پیشین یعنی SX210 IS می‌باشد.,0,2,train
6844,اتفاقا باتریشم خوبه بنچمارک ها هم ببینید بد نیست,0,2,train
6955,باید صبر کنیم ببینیم گوشی های فول اچ دی کمپانی های دیگه مثل سامسونگ چجورن.,0,2,train
3933,عکاسی حرفه ای تر یا فیلمبرداری بهتر؟,0,2,train
6237,ولی به هر حال اگر به دنبال داشتن گوشی‌ای با صفحه نمایش بزرگ هستید، یا باید به سراغ گوشی‌های سطح بالای سامسونگ یا HTC بروید و مبلغ زیاد آن‌ها را بپردازید و یا باید به همین گزینه که تنها گزینه ارزان قیمت‌تر است اکتفا نمایید.,0,2,train
6701,XR160 به دلیل هارد دیسک داخلی که دارد بزرگتر و سنگین تر از CX130 و CX160 است.,0,2,train
8766,پیش‌تر و در بررسی گوشی L7 گفته بودیم که ال‌جی برای طراحی آن گوشی، 4 اصل را در نظر گرفته بود که با در نظر گرفتن آن‌ها گوشی را طراحی نموده بود.,0,2,train
11325,مود TV اختیار تنظیم دیافراگم را از شما می‌گیرد و سرعت شاتر اختیار اصلی شما خواهد بود.,0,2,train
6861,sony xperia z بهتر از butterfly هستش.,0,2,train
5925,سالی که در آن به وفور شاهد دوربین هایی با توانایی زوم بالا ولی با بدنه هایی کم و بیش شبیه به دوربین‌های کامپکت معمولی بوده ایم.,0,2,train
3503,در پایین صفحه نمایش، همانند گوشی Galaxy S II کلید سخت افزاری Home به همراه دو کلید لمسی Menu و Back قرار دارد.,0,2,train
5063,• XBOX360 Elite در حال حاضر در تمام ریجن‌ها موجود است، ولی Halo Edition فقط دارای ریجن NTSC-UC می‌باشد.,0,2,train
8998,این مود توانایی این را دارد که تا 4 ثانیه پیش از گرفته شدن هر عکس را ضبط کند.,0,2,train
6629,ویدیوهای Full HD شفافیت و کیفیت خیلی زیادی دارند.,0,2,train
2183,5.,0,2,train
12064,GZ-MG255 تنها سه اینچ ضخامت دارد.,0,2,train
9226,همان ابعاد، همان وزن و همان شکل.,0,2,train
3197,با سلام خدمت دوستان گرامی، بنده این تبلت را حدود یک ماه است که خریداری کرده ام.,0,2,train
3816,هر سال، یک تلویزیون جدیدبه روز نگاه داشتن تلویزیون با جدیدترین فن‌آوری‌ها اینک به یک واقعیت تبدیل شده است.,0,2,train
2196,"آیا بعد از مرگ استیو جابز , اپل هم مرد و یا اینکه پیشرفت رقبا , فعالیت های این برند رو کمرنگ کرده و انتظار کاربران رو بالا برده؟",0,2,train
6857,چندین ساله طرفدار پر و پا قرص اچ تی سی هستم اما قیمت باترفلای فعلا به هیچ وجه رقابتی نیست و بی شک اگه با همین رویه بخواد ادامه بده (که بعیده) بازار خوبی رو نمیتونه به خودش اختصاص بده,0,2,train
3003,پس به جای این حرفها برای ما کاربران و دوستدارن آندروید بهتره که تبلتهای آندرویدی رو با هم مقایسه کنیم تا گزینه ی بهتر را انتخاب کنیم.,0,2,train
2233,دوربین HTC در سری گوشی‌های One خود، یک پردازشگر به نام ImageChip قرار داده است که وظیفه انجام محاسبات مربوط به دوربین گوشی را بر عهده دارد.,0,2,train
212,سولا از این بهتره صد در صد من دو برابر پول سولا رو دادم ولی ارزش نداشت.,0,2,train
5207,اما در تست‌ها‌ی مصرف باتری که انجام دادیم، در دو تست استرس زیاد و استفاده‌ی معمولی، ما به ترتیب توانستیم شارژدهی 2 ساعت و 30 دقیقه و 5 ساعت و 30 دقیقه را از آن شاهد باشیم.,0,2,train
11566,مگا پیکسل بالا باعث نویز بیشتر تو عکسا میشه البته با توجه به اندازه حسگر.,0,2,train
3117,همان‌طور که پیش‌تر گفتیم در دو طرف شیار اتصال تبلت به کامپیوتر، دو بلندگوی استریو قرار دارند.,0,2,train
7571,با کمی هزینه بیشتر یک گوشی سونی در همین رده بگیرید بهتر خواهد بود.,0,2,train
2350,برای همین هست که وفادارترین مشریان یک برند به اون برند ، مشتریان اپل هستند به اپل .,0,2,train
5139,بهمراه دسته های سیم دار!,0,2,train
461,نهایتا، یک دوربین VGA نیز برای انجام مکالمات تصویری در قسمت جلویی گوشی تعبیه گردیده است.,0,2,train
1872,من امروز خریدمش !,0,2,train
2910,Infinity در دو مدل 32 و 64 گیگابایتی عرضه شده است و امکان ارتقا حافظه آن از طریق درگاه کارت حافظه microSD تا 32 گیگابایت دیگر نیز وجود دارد.,0,2,train
6194,بر روی لبه بالایی گوشی فقط جک 3.5 میلی متری هدفون قرار دارد.,0,2,train
5543,اولین آیتمی که به ذهن بنده خطور کرد : تست قلم مخصوص ال جی بود که با اولین تاچ احساس کردم کمی بهتر از گلکسی نوت عمل میکنه ولی متاسفانه با کمی تعامل باز هم همون احساس گلکسی نوت بهم دست داد.,0,2,train
5304,بر روی این تبلت نصب شده‌اند و امکان دریافت برنامه های دیگری نیز از طریق فروشگاه Google Play وجود دارد.,0,2,train
7457,بعلاوه CX210 دارای 8 گیگابایت حافظه‌ی خشک داخلی نیز هست.,0,2,train
7496,نرم افزارLumia 820 جزو اولین گوشی‌های عرضه شده به بازار است که از سیستم عامل Windows Phone 8 بهره می‌برد.,0,2,train
6556,همچنین در سمت مقابل آیکون افزودن به صفحات زمینه قرار دارد.,0,2,train
6253,بی تردید.,0,2,train
3447,در بالای دستگاه و در قسمت وسط آن، یک صفحه نمایش وجود دارد.,0,2,train
3858,بنابراین از نظر دسته بندی در رده‌ی کامپکت‌ها قرار می‌گیرد.,0,2,train
7380,این مورد برای دما هم صادق است.,0,2,train
2066,دوربین قوی تری داشته باشه 2.قدرت بیشتری داشته باشه  3.,0,2,train
12157,نمایشگر 3 اینچی لمسی آن نیز دقیقا همانی است که بر روی 700D و 650D به کار رفته.,0,2,train
11194,البته برخلاف 60D جنس بدنه ی این دوربین از آلیاژ منیزیوم و پلی کربنات است تا از نظر مقاومت و کیفیت در حد Mark III و 7D باشد.,0,2,train
3637,از جمله آن‌ها می‌توان درگاه USB را نام برد که از نوع USB On the Go می‌باشد، یعنی کافیست هر دستگاهی مانند ماوس یا صفحه کلید را از طریق این درگاه به تبلت متصل نمایید تا آماده کار گردد.,0,2,train
4709,CPU بلک هم از ضعیف ترین CPU های تک هسته ای بازاره و در برابر CPU های Scorpion خیلی ضعیف تره.,0,2,train
5492,با سلام آدم میره یه optimus 4x hd میخره چون امکاناتش با این گوشی برابره تازه صفحه نمایشش هم خیلی بهتره و خیلی هم خوش‌دست‌تر,0,2,train
2423,به لطف بهره گیری از این تکنولوژی، به محض قرار دادن گوشی در داک تبلت، هر آنچه را که بر روی گوشی خود مشاهده می‌کردید، بر روی صفحه بزرگ تبلت نیز مشاهده خواهید کرد که در مورد این قابلیت در بخش نرم افزار، توضیحات کامل‌تری خواهیم داد.,0,2,train
9189,مخصوصا اگه مثل من قبلش لنزی نداشته باشید.,0,2,train
11740,مشکل اساسیش نداشتن organizer و ضبط صداس که با نصب نرم افزار حل میشه.,0,2,train
10590,در ضمن در سمت راست کیبورد G585، بخش عددی جداگانه یا Numpad نیز قرار دارد.,0,2,train
5671,همانند اکثر گوشی‌ها و تبلت های کمپانی سامسونگ، GALAXY Tab 2 10.1 نیز از برنامه عکاسی مربوط به رابط کاربری تاچ ویز استفاده می‌کند.,0,2,train
7594,طراحی و ساختمدل جدید سامسونگ با ابعاد 63×121 میلی‌متر طراحی و تولید شده است.,0,2,train
5924,پیش از این و در نقد و بررسی‌های پیشین، سال 2012 را سال دوربین‌های کامپکت سوپرزوم نامیده بودیم.,0,2,train
6185,تصور کنین که 12 تا بازی جلوتون باشه و فقط دو تاشون اونم نصفه نیمه باز بشه!,0,2,train
8961,نکته‌ی جالب این است که به محض روشن کردن دوربین فلاش به بالا می‌پرد.,0,2,train
5372,اگر در حالت خوش‌بینانه بتوانیم بگوییم که افراد دارای دست‌های بزرگ قادر خواهند بود با گلکسی نوت با یک دست شماره گیری نمایند، اما به واقع حتی برای همان افراد هم ما تصوری مبنی بر امکان کار و شماره گیری با یک دست با Optimus VU را نداریم.,0,2,train
5077,خیر، تمام کنسول‌های ۳۶۰ به زبان انگلیسی ارایه شده‌اند و هر کدام بسته به نوع ریجن آ‌ن‌ها زبان‌های دیگری را نیز پشتیبانی می‌کنند.,0,2,train
11932,همین الان به دستم رسید.,0,2,train
2925,بنابراین پیشنهاد می‌کنیم که کسانی که به دنبال حداکثر شارژ دهی هستند، حتما از داک کیبورد دستگاه استفاده کنند.,0,2,train
794,رابط کاربری HTC Desire SV بسیار شبیه به رابط کاربری گوشی‌های خانواده One کمپانی HTC نظیر HTC One X و HTC One S است.,0,2,train
3633,ابعاد این تبلت به دلیل وجود صفحه نمایش 10.6 اینچی آن 172×275 میلی‌متر و حتی بزرگ‌تر از اکثر تبلت های موجود در بازار می‌باشد.,0,2,train
4496,بنظر من به هیچ وجه اندروید 2.3 رو ارتقا ندید.,0,2,train
7802,اما طراحی کلی iOS 6 تنوع جدیدی را در اختیار کاربران قرار نمی‌دهد.,0,2,train
561,صفحه نمایش قرار داده شده بر روی این لپ‌تاپ از دقت 1366x768 بهره می‌برد که تراکم پیکسلی متوسطی را ارائه می‌دهد.,0,2,train
1285,هم از نظر سخت افزاری و هم از نظر نرم افزاری که سیستم عامل آندروید جلی بین روش هست .,0,2,train
7077,همان‌طور که میدانید این اولین گوشی ساخت کمپانی HTC است که دارای صفحه نمایش 5 اینچی با رزولوشن FullHD است.,0,2,train
1963,باز هم اگه وقت کنم نظر میدم.,0,2,train
5105,توجه: ۱٫ بازی‌های XBOX360 همگی بر روی DVD دو لایه (DVD9) می‌باشند و معمولا بین ۶ تا ۸ گیگ از فضای دیسک را اشغال کرده‌اند.,0,2,train
9887,قضاوت با شما,0,2,train
112,در ایزو 100 نویزی مشاهده نمی‌شود ولی در ایزو 200 در هنگامی که بزرگنمایی را 100 درصد می‌کنید مقداری نویز مشاهده می‌گردد.,0,2,train
162,به همین دلیل سونی در نهایت تصمیم به خرید سهام اریکسون گرفت و با هزینه ای بالغ بر 1.47 میلیارد دلار، برند اریکسون را که بیش از یک دهه یدک می کشید حذف کرد و نام بخش مربوط به موبایل خود را از Sony Ericcson به Sony و بطور کاملتر به Sony Mobile Communications تغییر دارد.,0,2,train
1720,باتری از اینکه باتری آیفون 5 از چه نوعی و چند میلی آمپری است اطلاعات موثقی وجود ندارد.,0,2,train
6151,اگر میتونستم خیلی دوست داشتم یک ایکس باکس با کینکت بگیرم.,0,2,train
3275,اکثر کانفیگ‌ها از پردازنده‌های Core و Pentium شرکت اینتل استفاده می‌کنند ولی کانفیگ هایی نیز با پردازنده‌های AMD وجود دارند.,0,2,train
7433,دکمه‌ها شامل Copy، Email و Scan می‌شوند.,0,2,train
5244,به دلیل استفاده از پردازنده گرافیکی Cortex A8 با کنتراست بالا در تبلت GSP-X7 تصویر در مقایسه با تبلت‌هایی با رزولوشن مشابه وضوح بیشتری دارد.,0,2,train
4841,قیمت به پول ایران:یک میلیون و پانصد هزار تومان  من پیشنهاد میکنم حتما این کنسول بازیو حتما بخرین.,0,2,train
6138,ضمن اینکه اگر از کابل HDMI استفاده کنید کیفیت بازی ها به حداکثر خودش میرسه و اونجاست که قدرت Xbox 360 Slim معلوم میشه هرچند PS3 هم خیلی عالی هستش و به نظرم هردو در یک سطح هستند,0,2,train
2060,امیدوارم تو آیفون بعدی با امکانات جدید این مشکل رو رفع کنه.,0,2,train
8893,ضمنا حتما موقع خرید یه باطری اضافه هم تهیه کنید چون عمر باطریش واقعا ناامید کننده ست ولی در کل دوربین خوبیه و از نظر کیفیت عکاسی + سوپر زوم بی رقیبه..,0,2,train
12616,با هم فرق دارن که میشه این ضعف دوربین رو با نرم افزار های مختلف کاملا از بین برد.,0,2,train
6094,حدود 6 ماهی است که با آن کار میکنم .,0,2,train
1312,من این گوشی رو از دیجی کالا سفارش دادم که جدا میشه گفت رضایت مشتری هدف اصلی تیم دیجی کالا هستش.,0,2,train
10212,سلام من تقریبا 5 ماهی میشه که خریدم.,0,2,train
7302,"عکس‌ها و فیلم های گرفته شده بر روی کارت حافظه‌ی micro SD, micro SDHC, micro SDXC ذخیره می‌گردند.",0,2,train
6287,گوشیه خوب و شیکیه / ولی خیلی به صرفه نیست,0,2,train
11091,در قسمت پایینی هم میکروفن و درگاه انحصاری سامسونگ (جهت شارژ و یا انتقال اطلاعات) قرار گرفته‌اند.,0,2,train
2409,ممکن است این نگرانی برای خریداران PadFone 2 پیش آید که آیا احتمال این وجود دارد که بر اثر حرکت دادن داک، گوشی از داخل آن به بیرون پرت شود؟,0,2,train
5341,هفت ویژگی مهم برای نکسوس هفت جدید1.,0,2,train
12950,"فرمت های صوتی قابل پخش این گوشی MP3, AAC, WAV, WMA و فرمت های تصویری قابل پخش نیز MP4, WMV, H.263, H.",0,2,train
3089,شما شرکتی را انتخاب کنید که 70 درصد سهم تبلت ها را به خود اختصاص داده است,0,2,train
6611,ولی اگر می‌خواهید که باتری را خارج از دوربین شارژ کنید باید یک شارژر جداگانه خریداری کنید.,0,2,train
4286,عرض صفحه نسبت به مدل سال گذشته تغییری نداشته و فقط کمی کشیده تر شده است.,0,2,train
119,با سلام خدمت دوستان بعد از شش ماه تحقیق راجع به دوربین به طور ناخواسته اینو خریدم و امروز به دستم رسید.,0,2,train
2777,برای اطلاعات بیشتر میتونید به وب سایت رسمی فوجیتسو سر بزنید,0,2,train
857,"قبل از هرچیز بگم که این دو گوشی از نظر سخت افزار (CPU, GPU, RAM) و حافظه داخلی و جانبی هیچ تفاوتی با هم ندارند.",0,2,train
2130,ولی در هر زمان که گوشی داشتم در یک یا دو آیتم سرآمد زمان خود به شمار می رفت ، تا اینکه از مجموع ارمان های مدنظر تجربه ی شخصی ام در کاربریه ایده آل را در این پیدا کردم که در استفاده روزانه انعطاف پذیری مهم ترین خصیصه ی یک گوشی همراه است!,0,2,train
7424,اسکنر 5600F از جهات زیادی شبیه به 8800F می‌باشد.,0,2,train
645,اگه یکم صفحه شفاف تر و پر نورتر میشد دیگه هیچ نقصی نداشت.,0,2,train
5242,هرچه کنتراست بیشتر باشد رنگ مشکی تاریک‌تر و رنگ سفید روشن‌تری خواهیم داشت، بنابراین تصویر با کیفیت بالا نمایش داده خواهد شد.,0,2,train
2131,لذت بخش ترین زمان وقتی است که در چند دیوایس توانایی سریع در sharing اطلاعات بدون هیچ پروتوکل جانبی(internet) وجود داشته باشد، بتوان به صورت نامحدود و رایگان از storage موجود در دیوایس بهره برد ، امکان ارتقا فضای حافظه وجود داشته باشد تا به مرور به صورت کاملا اقتصادی به اشتهای کاربری پاسخ مثبت داده شود.,0,2,train
3348,این دوربین از ماه سپتامر با قیمتی حدود ۲۰۰۰ دلار ارایه خواهد شد,0,2,train
6329,خیلی هم دنبال گوشی 2 سیم بودم و اس دوز رو بعد از دیزایر وی خریدم و تست کردم .,0,2,train
1437,ولی در هر ویژگی، یکی از آن‌ها خاص است.,0,2,train
2648,بعلاوه این دوربین کاملا و به صورت تمام عیار برای کاربران حرفه ای ساخته شده است.,0,2,train
7777,در مورد آیپد مینی هم همین گونه است.,0,2,train
5798,سلام  من از وقتی که یادم میاد هیچ گوشی جز سونی (سونی اریکسون) نداشتم و طرفدار دو آتیشه سونی بودم تجربه کاری با بهترین های سونی رو هم داشتم از K810 و W990 و Vivaz و X10i و Arc و Xperia S بگیر تا همین آخری T !,0,2,train
6850,دوربین 8 مگا پیکسل باتری ضعیف GPU پایین البته نسبت به قیمتی که پرداخت کردین.,0,2,train
798,اشاره کرد.,0,2,train
8414,این دوربین از همان سنسور تصویر 12 مگاپیکسلی استفاده می کند که بر روی SX40 هم استفاده شده بود.,0,2,train
12352,این دوربین می‌تواند در هنگام فیلم برداری، بدون اینکه مکثی در فیلم ایجاد کند با رزولوشن 12 مگاپیکسل عکس بگیرد.,0,2,train
160,همانطور که می دانید، کمپانی Sony Ericsson در نهم ژانویه سال جاری میلادی، بطور رسمی نام Ericsson را حذف کرد.,0,2,train
8857,چون سیستم gps حتی در زمان خاموش بودن دوربین نیز کار میکنن.,0,2,train
2086,امکانات خاصی که به هیچ وجه در دیگر گوشی ها پیدا نمیکنید.,0,2,train
373,از نظر ظاهری، Ixus 240 HS شباهت زیادی با Ixus 510 HS دارد.,0,2,train
8441,سعی نکنین با سامسونگ یا پاناسونیک یا حتی سونی مقایسش کنین چون واقعا قابل مقایسه نیستن .,0,2,train
10265,با مقایسه امکانات ایس و لایو میشه فهمید که سامسونگ پول مارکش را هم میگیره تفاوتشون در ۰.,0,2,train
9911,از نظر طراحی نیز فقط بعضی کنترل‌ها؛ چند میلی‌متر جابجا شده‌اند و همانطور که پیش از این گفتیم به نظر نمی‌آید که حتی طرفداران پر و پا قرص اپل هم از دور متوجه تفاوت این دو شوند.,0,2,train
3335,این دوربین می تواند از لنزهای سری E-mount مخصوص فیلم برداری استفاده کند.,0,2,train
10083,نتایج تست های انجام شده نیز، این انتظار ما را به واقعیت تبدیل کرد.,0,2,train
4373,یه نکته دیگه که شاید کمتر کسی بهش دقت کرده باشه هندزفری با کیفیت و قدرتمندش که اگه ٢٤ ساعت آهنگ گوش بدید بیشتر مشتاق میشوید که از آن استفاده کنید که میتوان آن را رقیب هندزفری های beat دانست.,0,2,train
9863,البته بدنه پشتی به براقی قسمت جلویی گوشی نیست.,0,2,train
8787,البته به شرطی که از این گوشی توقع اجرای سنگین‌ترین بازی‌های گرافیکی و HD را نداشته باشید.,0,2,train
10994,روز بعد یک دستگاه آکبند مجدد برام فرستادند.,0,2,train
6930,ولی متاسفانه این گوشی دو ایراد اساسی داره.,0,2,train
9386,من مدت زیادی دارمش حدود دو ماه میشه ..,0,2,train
5068,توجه داشته باشید که NTSC-J/Asia با همان نام NTSC-J عرضه می‌شود و کلمه Asia را ندارد.,0,2,train
9042,به طور کلی NX2000 تغییرات ظاهری زیادی نسبت به NX1000 نداشته است.,0,2,train
5632,اکسپریا S سونی، اولین گوشی تولید شده توسط این شرکت پس از جدا شدن اریکسون از آن است.,0,2,train
3525,تغییر اصلی که سامسونگ در این برنامه ایجاد کرده است، لیست ویدئوهای شماست که یک پیش نمایش از تمام ویدئوهای شما نشان می‌دهد و شما می‌توانید قبل از تماشای ویدئوی مورد نظر از محتوای آن مطلع شوید.,0,2,train
11859,یا علی ;,0,2,train
7365,• سخت افزار داخلی و باتری هدف کاربری این نوت‌بوک دقیقا کارهای ساده اداری یا خانگی می‌باشد.,0,2,train
11450,جناب خلیل پور 1 - سامسونگ پردازنده و صفحه نمایش و گرافیکش رو خودش طراحی می کنه حتی صفحه نمایش رتینا رو هم سامسونگ می سازه ( طراحی و نقشه اپل و ساخت سامسونگ ) 2- اپل و نوکیا و بادای سامسونگ و.,0,2,train
2983,مدل 3G و LTE این تبلت سخت افزار ضعیف تری داره مشکل دیگه اینکه سرعت GPRS خیلی کم هست LTE هم امکان استفاده نداریم داخل ایران پس با نظر جناب رضائی موافقم و یه راه دیگه هم هست اونم استفاده از WIMAX هست من از این روش استفاده کردم برای بازکردن صفحه و فایلهای تصویری دیگه هیچ مشکلی نخواهید داشت,0,2,train
1133,بیشتر از یک ماه هست که این هارد رو خریدم.,0,2,train
706,thanks digikala,0,2,train
10946,من این تبلتو دیروز خریدم.,0,2,train
7538,این دوربین فلاش Pop-up هم دارد که بردی برابر 5.3 متر را ارائه می‌دهد.,0,2,train
4393,در سمت چپ تبلت، خروجی هدفن 3.5 میلیمتری، شیار مموری کارت و پورت micro USB قرار دارد که لازم به ذکر است که از این پورت میتوانید به عنوان یک USB Host استفاده کرده و کیبرد، ماوس و یا حتی دسته های مخصوص بازی را به تبلت خود متصل کنید.,0,2,train
1422,"اگه خواستید می تونید تو سایت اپل با USB3 مقایسه اش کنید5-کارت گرافیک GeForce GT 650M , در مورد این کارت گرافیک حرف های زیادی میشه زد ولی به نظرم همین عبارت GDDR5 برای تعریف از این کارت کافیه 6-من به استفاده از حافظه فلش، پردازنده چهار هسته ای i7 و 6 گیگابایت رم یه شماره اختصاص میدم چون شاید اگه تو بازار خوب بگردی با یکم شانس بتونی مشابه 15 اینچی براش پیدا کنی7- ضخامت 1.83 سانتیمتر راستی تا یادم نرفته بگم خروجی HDMI هم داره، فقط نمیدونم چرا یدونه گذاشتن !",0,2,train
1280,چند مدتی بود همسرم به من میگفت که یه گوشی با امکانات عالی تو رنج قیمت پایین اگه بود من میخریدم .,0,2,train
11247,HX30v با ابعاد 107X62X35 میلی متر دقیقا به اندازه‌ی HX30v و با وزن 254 گرم هم وزن آن می‌باشد.,0,2,train
4911,پس شیره.,0,2,train
10341,مسلما مهم‌ترین بخش نرم افزاری این گوشی، برنامه پخش موسیقی یا همان برنامه Walkman آن است.,0,2,train
8860,فلش دوربین دقیقا در محل نگه داشتن دوربین در دست قرار گرفته.,0,2,train
13001,اما برای عکاسی از نمای بسیار نزدیک و محیط تاریک از هیچی بهتر است.,0,2,train
3864,از نظر ارگونومی و طراحی، به دلیل شباهت بسیار زیادی که بین این دو وجود دارد، توضیح بیشتری نمی‌دهیم و برای کسب اطلاعات بیشتر در این زمینه می‌توانید به نقد و بررسی دوربین HX100v مراجعه کنید.,0,2,train
12161,کنترل چهار جهته دیگر همانی نیست که بر روی Rebel ها می دیدیم.,0,2,train
12335,سنسور تصویر دقیقا همان سنسور 1/2.3 اینچی استاندارد است که بر روی دوربین های کامپکت استفاده می‌شود.,0,2,train
4628,من نتونستم فلش گوشی رو پیدا کنم .,0,2,train
3343,این دوربین همچنین می تواند با کیفیت ۱۴ مگاپیکسل عکس برداری کند.,0,2,train
318,)میتونن با کمی هزینه ی بیشتر گزینه های بهتری واستون باشند!,0,2,train
11304,شوتینگ مودهایی وجود دارند که از آن‌ها با نام Creative Zone یا منطقه ی مودهای خلاقانه نام برده می‌شود و شامل مودهای P، TV، AV، M و A-Dep می‌شوند.,0,2,train
6988,اول اینکه من طرفدار htc هستم، ولی نمیتونم چشمامو رو حقیقت ببندم.,0,2,train
5267,3 ساعت باهاش کار کردم خوب جواب داد نسبت بقیه تبلتهای هفت اینچی اینو بیشتر پسندیدم.,0,2,train
841,مشخصات خوبی داره ، حالا باز باید بیاد که دربارش تصمیم بگیریم ، از نظر ظاهر و مشخصات که خوبه ، بیشتر گوشی های اچ تی سی خوبن ، ولی چون دو سیمکارتست بنظر باطریش کمی ضعیف باشه,0,2,train
2082,از همون موقع به فکر خریدن آیفون افتادم تا اینکه آیفون 5 اومد.,0,2,train
2006,خودتون با galaxy note2 مقایسه کنید!,0,2,train
9627,اپل جلو زد؟,0,2,train
8590,حالا خودتون قضاوت کنید .,0,2,train
2293,واسه همینه که محصولاتشون رو با امکانات جالبی به بیرون دادن..,0,2,train
3616,Surface RT با وجود نسخه ویندوز 8 آر تی، فقط قادر به اجرای برنامه‌هایی است که برای پردازنده های ARM ساخته شده باشند.,0,2,train
8934,"Easy Mode بر روی پیچ تنظیم با نشانه‌ی ""قلب"" مشخص شده است.",0,2,train
10896,چون همراه این آپدیت یک سری برنامه ها تحت عنوان پریمیوم براش میاد که قلمش رو بسیار کاربردی تر می کنه.,0,2,train
2259,اگه کسی میدونه حتما خبرم کنه.,0,2,train
4908,تو حق انتخاب نداری!,0,2,train
5257,باتری موجود در این تبلت 3000 میلی‌آمپری بوده و قابلیت شارژدهی 7 الی 8 ساعت را دارد که متناسب با ساعت حضور دانش‌آموزان در کلاس درس می‌باشد.,0,2,train
10983,من اشتباه کردم و کیف گلکسی تب2 رو براش خریدم که از نظر مشخصات ظاهری هیچ فرقی با هم ندارند ولی مسئله اینجاست که کارکرد قلم با وجود میدان مغناطیسی آهن رباهای تعبیه شده در کیف تحت تاثیر قرار میگیره.,0,2,train
8378,البته این نظر شخصیمه، سلیقه ها مختلف.,0,2,train
5402,همچنین، ال جی بر روی این گوشی قابلیت DLNA و NFC را نیز قرار داده که در مورد NFC در بخش نرم افزار بیشتر توضیح خواهیم داد.,0,2,train
2335,سلام به دوستان، من ٩سال Qteck و htc داشتم و تا قبل از این گوشی منتقد جدی اپل بودم اما از عید امسال که این گوشی رو گرفتم واقعا به اشتباهاتم پی بردم.,0,2,train
8992,وقتی قرار گرفت صدای کلیک شنیده می‌شود.,0,2,train
6240,من یک هفته این گوشی رو خریدم.,0,2,train
2375,بهتره چون شرکتهای دیگه سالانه چندین گوشی تولید می کنن و اگه بخوان سالانه یک گوشی تولید کنن مطمئن باشید که گوشیه خیلی خوب (از هر نظر) تولید می کنن اما بخاطر فروش دیگر محصولات این کار رو نمی کنن,0,2,train
9300,البته این تغییرات را بیشتر می توانیم مناسب کسانی که قصد دارند با DSLR خود به فیلم برداری بپردازند و همچنین کاربران آماتورتر بدانیم.,0,2,train
5963,به دلیل وجود لنز 25-400 میلی متر با توانایی زوم 16 برابر، HX10v به یک دوربین کامپکت سوپرزوم تبدیل شده است.,0,2,train
5587,بنابراین درون آن فقط یک شارژر و یک کابل قرار دارد.,0,2,train
7431,کافیست که نرم افزار را نصب کنید، اسکنر را از حالت قفل در بیاورید، آن را از طریق کابل به برق و از طریق کابل USB به کامپیوتر وصل نمایید.,0,2,train
8105,من این گوشیو امروز از سایت گرفتم.,0,2,train
12884,کیفیت صدا در حین مکالمشه.,0,2,train
11661,اگه تو یک کلمه بخوام بگم.,0,2,train
5093,البته در حال حاضر XBOX360 با دو مدل درایو مختلف عرضه می‌شود که هر یک دارای میان‌افزار مخصوص به خود می‌باشند.,0,2,train
2757,همچنین فناوری بلوتوث نیز برای تبادل اطلاعات با دستگاه های دیگر بر روی این تبلت وجود دارد.,0,2,train
7264,فقط کسایی بخرنش که به عکساشون اهمیت میدن اما از آلبوم های عکس خسته شدن و دوست دارن کل عکسایی که دارن رو بریزن توی این دستگاه که مثل یک قاب عکس میمونه.,0,2,train
6806,این دوربین همچنین می تواند فیلم برداری 720p HD را نیز انجام دهد.,0,2,train
8395,چیزی معادل قرار دادن یک لنز 15 میلی متری بر روی یک دوربین DSLR نوع APS-C یا یک لنز 24 میلی متری بر روی یک دوربین فول فریم.,0,2,train
12710,من 2 ماه پیش این گوشیو خریدم.,0,2,train
7906,با توجه به روند بزرگ شدن گوشی‌های هوشمند، ASUS با تولید Fonepad آینده‌ی فبلت ها را به همگان نشان داد!,0,2,train
11202,این سنسور تصویر 20 مگاپیکسل رزولوشن دارد و با ترکیب با پردازشگر تصویر DIGIC 5+ گستره ی ایزوی 100 تا 25600 را ارائه می کند.,0,2,train
6149,توصیه من به دوستان این هست که لطفا کنسولشون رو کپی خور نکنن چون نمی تونن از مزایای آنلاین دستگاهشون استفاده کنن.,0,2,train
6597,دوستان من تا حالا با تبلت های زیادی کار کردم .,0,2,train
969,از کنترل چرخنده ی جلوی دوربین هم دیگر خبری نیست.,0,2,train
1634,این امر را در حین کار کردن با گوشی‌های تولید اپل و راحتی کار با یک دست با آن‌ها احساس خواهید نمود.,0,2,train
4189,سلام خدمت همه عزیزان منم به پیشنهاد یکی از دوستانم این گوشی را خریدم.,0,2,train
2553,سلام من 2 روز پیش این دوربینو از دیجی کالا خریدم امروز رسید دستم .,0,2,train
1965,فقط اپل,0,2,train
12171,کانن بر روی این دوربین از سنسوری هیبریدی استفاده کرده که از آن با نام نسخه ی 2 سنسورهای تصویر هیبریدی نام برده شده است.,0,2,train
9067,این دوربین توانایی فیلم برداری 1920X1080p Full HD با سرعت 30 فریم بر ثانیه در فرمت های MPEG 4 و H.,0,2,train
509,برای استفاده کردن از بسیاری از قابلیتهای گوشی نیاز به اینترنت وجود دارد.,0,2,train
6468,منم این هارد رو دوشنبه سفارش دادم و چهارشنبه رسید دستم .,0,2,train
3196,در کل نه گزینه خیلی تاپی هست نه بد چون من ایپد داشتم میشه گفت امکانات سامسونگ به بعضی از ضعف هاش مثل باطری ، دوربین ، وایرلس شاید بیارزه چون هم قیمت کمتری داره هم امکانات بیشتری.,0,2,train
1611,این تبلت که پردازنده چهار هسته ای 1.6 گیگاهرتزی داره با تبلت 7.7 اصلا قابل مقایسه نیست.,0,2,train
697,قصد اصلی من برای بازی بود.,0,2,train
11055,حالا نظرتون راجبه این تبلت چیه؟,0,2,train
1372,همانند آیفون و آی پد، Retina MacBook Pro نیز از صفحه نمایش IPS استفاده می‌کند.,0,2,train
12800,همان طور که میدانید اسکنرها از ابتدا تا کنون نه فقط در حوزه فنی بلکه در ابعاد و اندازه نیز تغییرات فراوانی داشته اند.,0,2,train
8363,(البته این نظر شخصی من هستش) یعنی دوربینی با این قیمت و این سطح امکانات نباید یه کابل HDMI و USB توی جعبش باشه..,0,2,train
9852,این گوشی رو از دی جی کالا خریدم و امروز رسید دستم.,0,2,train
11769,تنها موبایل با cpu 1ghz هست که قیمتش زیر 300 هزار تومن هست.,0,2,train
7713,.imessage.,0,2,train
8939,بعلاوه یک جلوه‌ی Perspective Fish Eye هم وجود دارد.,0,2,train
765,من خودم مک بوک پرو دارم و امروز فهمیدم که برای من هیچی اپل نمیشه اگه براتون ممکنه تا اونجا که می تونید از سخت افزار های با کیفیت استفاده کنید !,0,2,train
8583,تشکر دیجی کالا,0,2,train
2119,ایا این طراحی توی ایفون 4 و 4s استفاده نشد ؟,0,2,train
7823,را به کار برده است.,0,2,train
3932,لطفا پیش از خرید دوربین از خودتون این سوال رو بپرسید : کاربرد اصلی دوربین برای من چیه؟,0,2,train
1933,فقط یه بار صفحه رو لمس کنید میفهمید من چی میگم.,0,2,train
32,سرعت پرینتش بد نیست و از کیفیت اسکنش هم راضیم اما موقع کپی کردن کیفیت کپی مطلوب نیست و کمی تیره کپی میکنه که به نظر من بهتره اول یه اسکن از متن یا عکسی که میخواید کپی کنید بگیرید بعد پرینت کنید تا کیفیت مناسبی داشته باشه.,0,2,train
7855,کلید های کم و زیاد کردن صدا و پاور نیز بر روی لبه سمتی چپی قرار داده شده‌اند.,0,2,train
11599,P510 توانایی فیلم برداری 1080p Full HD با صدای استریو و سرعت 30 فریم بر ثانیه را هم دارد.,0,2,train
10901,واقعا انتخاب فوق العاده ایه.,0,2,train
2872,طراحی و ساخت همانند Transformer Prime، تبلت Infinity نیز بدنه ای آلومینیومی دارد.,0,2,train
7878,سیستم عامل موجود بر روی این تبلت، اندروید می‌باشد که نسخه 4.1 یا Jelly Bean نسخه منتخب ایسوس برای Fonepad می‌باشد.,0,2,train
2333,بر روی بدنه یک پورت USB 2.0 برای اتصال به رایانه به منظور انتقال فایل ها و شارژ باتری ، خروجی HDMI برای اتصال به تلوزیون های دیجیتال و جک 2.5 میلی متری صدا دیده می شود.,0,2,train
7038,البته باید دید شرکت های دیگه مثل سامسونگ و سونی و ال جی چه محصولی برای رقابت تولید میکنند.,0,2,train
2289,پس گوشی های سامسونگ از دور رقابت خارج میشن.,0,2,train
4265,به همین جهت هنوز ذکر نکردن.,0,2,train
2417,روشنایی این صفحه نمایش 550nit است.,0,2,train
2981,پس فعلا دوستان عزیز,0,2,train
4236,cpu= dual-core armv7  cpu frequency= 196 .,0,2,train
10759,از نظر ظاهری HX50v بر اساس همان فلسفه ای طراحی شده که مدل های پیشین هم به آن صورت بودند.,0,2,train
10918,یه سایت ایرانی هم این کارو انجام داده است.,0,2,train
1192,لازم به ذکر است که این داک به تنهایی کاربردی ندارد و فقط با وجود گوشی است که روشن شده آماده‌ی کار می‌شود.,0,2,train
1658,بلکه تفاوت در جاییست که این صفحه نمایش طیف sRGB را کاملا پوشش می‌دهد و باعث می‌گردد که دقت رنگ‌ها بالا برود.,0,2,train
10852,بطور خلاصه می تونم بگم که اکثر افرادی که از کامپیوتر شخصی استفاده می کنند (به هر دلیل، چه برای فیلم دیدن، چه برای اینترنت و چه برای بازی و یا کار و تحصیل.,0,2,train
2683,عکس هایی که مستقیم از دوربین خارج می شوند کمی سافت هستند و می بایست مقداری شارپنینگ در فوتوشاپ بر روی آن ها صورت دهید.,0,2,train
12810,گردوی چهاردهمویندوز ۸ نسخه نهایی و سازگاری کامل برنامه‌ها با ویندوز ۸ :در این نسخه از مجموعه نرم‌افزاری گردو، نسخه نهایی ویندوز ۸ به همراه اکتیویتور دائمی آن قرار داده شده است.,0,2,train
8400,جالب است بدانید که یک لنز 800 میلی متر سری L کانن با f/5.6 حدود 12 هزار دلار قیمت دارد.,0,2,train
8322,HTC One X شیار مموری کارت ندارد ولی حافظه داخلی 16 گیگابایتی آن، این کاستی را جبران کرده است.,0,2,train
12959,می‌باشد.,0,2,train
3824,* کیت تکامل هوشمند - Smart Evolution که به صورت جداگانه به فروش خواهد رسید در سال 2013 عرضه خواهد شد.,0,2,train
10123,پیشنهاد میکنم به مدل های دیگری هم سر بزنید,0,2,train
2912,البته ASUS وعده داده است که این تبلت به زودی به اندروید 4.1 یا Jelly Bean آپدیت خواهد شد.,0,2,train
8771,در ضمن، این گوشی فاقد کلید فیزیکی می‌باشد و به جای آن، 4 کلید خازنی جهت کنترل‌های مختلف اندروید در زیر صفحه نمایش وجود دارد.,0,2,train
5645,من خریدمش ازهمه نظر عالیه ولی تنها مشکلی که داره سرعت بسیار پایین اونه که اگر مثلا یک جزوه یا کتاب را بخواهید اسکن کنید چند دقیقه ای وقت شما را می گیرد.,0,2,train
8946,هرچند که در این مود کاربر می‌تواند به تنظیمات My Color دسترسی پیدا کند.,0,2,train
268,اگه این مشکلات رو نداشت حرف نداشت .,0,2,train
289,روی صدای گوشی حساب ویژه باز نکنید اسپیکر گوشی یکی از ضعف ها شه نمره 5 از 10 5.آنتنش خوبه 8 از 106.,0,2,train
12757,البته این را هم بگوییم که ما این تست‌ها را با یک مدل Prototype انجام داده‌ایم که محصول نهایی نیست.,0,2,train
5261,میتونی گوشیتو که مودم داخلی داشته باشه رو بهش وصل کنی و بعد با استفاده از اون به GPRS دست رسی داشته باشی.,0,2,train
1884,باید lcd رو خاموش روشن کنم.,0,2,train
6328,من این گوشی رو 3 هفته هست که دارم .,0,2,train
8312,مثل محصولات قبلیش.,0,2,train
8951,معمولا سر و صدای زیاد موتور زوم دوربین‌های مختلف دلیل نخست تولیدکنندگان برای از کار انداختن زوم اپتیکال به هنگام فیلم‌برداری می‌باشد.,0,2,train
6372,Android 4.1 کاملا با سیستم عامل iOS شرکت اپل در رقابت است.,0,2,train
931,در عکسی که با دوربین گرفته اید، می‌توانید با یک لمس بر روی هر جا از صحنه و انتخاب آن قسمت کاری کنید که دوربین به صورت هوشمند یا Context Aware Fill قسمت دیگری از عکس را جایگزین کند.,0,2,train
5516,باتر فلای 1سال جلوتر از نوت2 هستش,0,2,train
2888,این کیبورد کاملا از آلومینیوم ساخته شده و هم رنگ بدنه تبلت است.,0,2,train
5914,یعنی شده مثل تبلت!,0,2,train
12905,} بهتر است کسانی که تمایل به خرید گوشی ارزان نوکیا (!,0,2,train
9291,هر دوی این لنزها فوکوس دستی Focus by Wire دارند که چیزی متفاوت از Focus Ring Mechanical است.,0,2,train
1877,شرکت‌هایی که نام بردید تا قبل از ورود اپل هیچ جایگاهی در طراحی گوشی و سیستم عامل نداشتند و بهترین سیستم عامل سیمبین نوکیا بود که الان طبق گزارش‌ها در رده 7 گوشیهاست و اگر نوکیا هم مثل سامسونگ و ال جی و غیره از سیستم عامل آندروید استفاده می‌کرد چه بسا بالاتر از این رده را به خودش اختصاص میداد.,0,2,train
2512,بر روی این نوت‌بوک‌ها می‌توانید کارت‌های گرافیکی AMD Radeon سری 5000، 6000 و 7000 و یا NVIDIA GeForce سری GT 500M و GT 600M را بیابید.,0,2,train
5152,اما در این حالت صفحه کلید بیش‌تر برای وارد کردن اطلاعات و متن کاربرد دارد و نمی توان از آن برای اجرای بازی استفاده کرد.,0,2,train
5138,xbox 360 core system قابل خریداری در تاریخ 22 نوامبر 2005 بدون فضای ذخیره سازی بصورت هارد دیسک همراه دستگاه سفید رنگ با دیسک درایو سفید.,0,2,train
12451,با سلام گوشی خوبی به نظر می رسه اما من صبر میکنم که اکسپریا زد بیاد بعد تصمیم خرید می گیرم.,0,2,train
9631,دوربین فرق نمیکنه.,0,2,train
4641,و باز هم میگم در خریدنش شک نکنید .,0,2,train
5066,ولی ریجن PAL و NTSC-J/Asia در جعبه‌ی خود دارای پاور آداپتور ۲۲۰ ولت هستند که به هیچ ترانسی احتیاج ندارند.,0,2,train
2361,قابلیت کارکرد تنها با نانو سیم کارت (NanoSIM Card Support Only) با توجه به این که ما در مخابرات ایران تکنولوژی سیم کارت نانو نداریم!,0,2,train
10186,بعد از دیدن باطری بد گوشی لایو پیش خودم گفتم ای کاش گوشی رو از دیجی کالا می خریدم تا به این مشکل برنخورم.,0,2,train
2484,اما تمام مدل‌ها دارای ورودی و خروجی صوتی، خروجی تصویری VGA و یک پورت شبکه LAN می‌باشند.,0,2,train
8899,همه چی عالی ولی باطریش ضعیفه و مدام شارژ میخواد ولی کیفیت عکساش توپه.,0,2,train
4488,کیفیت عکس‌های گرفته شده راضی کننده است ولی در رده دوربین‌های 8 مگا پیکسلی گوشی‌های دیگر نیست.,0,2,train
2016,به کسانی که این گوشی رو با Galaxy S III یا One X مقایسه میکنن یاد آوری میکنم که Apple iPhone 4S یک گوشی با پردازنده دو هسته ای 800MHZ بود و با این حال سرعت اجرای سنگین ترین بازی ها تو اون بالاتر از حتی Galaxy SIII و یا One X با پردازنده های چهار هسته ای 1.5GHZ بود.,0,2,train
5076,سوال: آیا زبان کنسول و بازی‌های ورژن NTSC-J ژاپنی است؟,0,2,train
3012,Mali-400 نیز در عمل از Tegra 3 نتایج بهتری ارائه داده.,0,2,train
8108,برنامه زیاد روش نصب کردم..,0,2,train
2719,چیزی که پیش‌تر در مورد گوشی‌های دارای ویندوز فون 8 مشاهده نموده بودیم.,0,2,train
11289,جایگاه بیشتر کنترل‌ها و دکمه‌ها نیز شبیه به دوربین 550D می‌باشد و اگر هم تغییری رخ داده بیشتر تزئینی بوده است.,0,2,train
12145,به راحتی می توان متوجه شد که کانن بر روی این دوربین کل سیستم شاتر را کوچک کرده و این در حالیست که باید سایز سنسور را در همان حد APS-C نگه می داشته است.,0,2,train
775,دکمه پاور و جک هدفون 3.5 میلی متری نیز فضای لبه بالایی گوشی را به خود اختصاص داده‌اند.,0,2,train
7566,nfc نداره اصلا..,0,2,train
8856,این دوستان درستم میگن و بخاطر اینکه شارژ زود تموم نکنه در مواقعی هم که میخوان دوربین رو خاموش کنن حتما gps دوربینشون رو خاموش کنن.,0,2,train
9290,اما این نخستین باری است که برای DSLR ها طراحی می شوند.,0,2,train
5367,طراحی و ساخت اولین بار که این گوشی را دیدیم به واقع متعجب شدیم.,0,2,train
12840,به عنوان مثال اگر سیستم شما ویروسی باشد و یا دچار مشکلات رجیستری باشد و نتوانید Net Framework را نصب کنید در نتیجه قادر نخواهید بود اصولا اتوران آن مجموعه را ببینید و درنتیجه قادر به نصب هیچ برنامه دیگری از روی دی وی دی‌ها هم نخواهید بود.,0,2,train
2653,برای مثال اکنون دکمه‌ی شاتر دارای یک دکمه‌ی مرکزی قفل است و پیچ تنظیم جبران نوردهی هم کمی در بدنه فرو رفته تا احتمال تغییر تصادفی آن کاهش یابد.,0,2,train
7375,این نوت‌بوک مجهز به دو شیار حافظه RAM می‌باشد که فقط یکی از آن‌ها توسط نسخه‌ی 4 گیگابایت اشغال شده است.,0,2,train
8472,که زیاد دسته من دووم نمی آورد ولی حالا از نمایندگیش یه باتری قوی تر خریدم که شارژدهیش دوبرابر شده و کافیه .,0,2,train
2805,عکس‌ها با صدای مونو ضبط می‌شوند و در فرمت های MPEG4 و H.,0,2,train
1016,در حالی که دو سال پیش دوربین FT1 معرفی شد، رزولوشن سنسور همان 12.1 مگاپیکسل باقی مانده، بدین معنی که طراحان تمرکز بیشتری را فقط بر روی ویژگی مقاومت آن گذاشته‌اند.,0,2,train
11847,GPS، GPRS، فیلمبرداری HD، نصب انواع نرم افزار و بازی آندروید.,0,2,train
5140,premium اولیه عرضه شده هم زمان با مدل core دارای هارد 20 گیگ سفید رنگ با درایو براق فلز نما.,0,2,train
2984,مدل 3G و LTE این تبلت گفته شده به زودی عرضه خواهد شد شاید هم شده باشه به نظرم ارزش صبر کردن داره تا مدل سیمکارت خورش بیاد.,0,2,train
7430,نصب و راه اندازی 5600F درست همانند دیگر اسکنرهای Flatbed است.,0,2,train
6996,((باتشکر از سایت بسیار خوب دیجی کالا)),0,2,train
5079,بازی‌ها نیز همگی دارای زبان انگلیسی می‌باشند، به جز تعدادی محدودی از بازی‌ها که فقط مختص به کشور ژاپن بوده و برای آن‌جا ساخته می‌شوند و در ریجن‌های دیگر موجود نیستند.,0,2,train
1141,برای من اینکه 2 دقیقه برای 20 گیگ بیشتر معطل شم ارزششو داره تا اینکه بخاطر ضد ضربه نبودن و در اثر یک اتفاق احتمالی کل هارد تخریب بشه.,0,2,train
11743,چون عمده ی باتری رو صفحه مصرف میکنه.,0,2,train
3409,من قبلا موتورولا ریزر مکس داشتم الان هم پرادای ال جی دارم.,0,2,train
9007,اثر هر کدام را همان جا می‌توانید به صورت زنده مشاهده کنید تا دیگر نیازی به گرفتن عکس برای تست هرکدام نباشد.,0,2,train
7168,من خودم اگه این رو نمی گرفتم Asus TF300 می خریدم پس برام تفاوت نمی کنه!,0,2,train
11442,فقط دوتا مورد داره که اونم در کنار این همه نکته مثبت مهم نیست اما میگم که کسایی که می خوان بخرن بدونن 1.,0,2,train
11260,با استفاده از فن آوری Dual Record نیز می‌توانید در هنگام فیلم برداری به عکاسی نیز بپردازید.,0,2,train
401,در آینده و با به بازار آمدن این دوربین سعی می‌کنیم آپدیت‌هایی را بر روی این نقد و بررسی اعمال کنیم.,0,2,train
2411,شکافی که گوشی در آن قرار می‌گیرد دارای تعدادی دنده پلاستیکی بوده و همانند سیستم کمربند خودرو عمل می‌کند.,0,2,train
8448,لازم به ذکر است که ابعاد این گوشی 54×110 میلی متر و وزن آن نیز 102 گرم می‌باشد.,0,2,train
525,واسط کاربری اسکنر دارای یک Basic Mode با یک سری تنظیمات از پیش تعیین شده برای اسکن کردن سریع می باشد.,0,2,train
9925,البته تا آن جایی که به نسخه‌های Factory Unlocked مربوط می‌شود، پشتیبانی از 4G وجود ندارد.,0,2,train
10509,من خودم عاشق گوشی های اکسپریا هستم.,0,2,train
3180,و خسته نباشید .,0,2,train
5797,شک نکنید حتا الان!,0,2,train
9247,اما در دوربین های DSLR وقتی که آینه برای مود Live view و یا فیلم برداری بالا می رود، دیگر نور به سنسورهای AF که مسئولیت فوکوس خودکار Phase detection را دارند نمی رسد.,0,2,train
9588,در ضمن سیستم عامل ویندوز فون 8 خیلی جالب تره,0,2,train
2087,در انتها بگم که هیچوقت هیچ گرونی بی علت نیست و امیدوارم تمام کسانی که دوست دارند کار با آیفون رو تجربه کنند قادر به خرید اون باشند.,0,2,train
9008,در زیر پیچ تنظیم می‌توانید دکمه‌ی شروع ضبط ویدیو که با رنگ قرمز مشخص شده است را بیابید.,0,2,train
5188,"این یه کنسول بازیه اما موردهایی شنیدم که مصرف کننده با روزی 3 ساعت بازی تونسته اونو حودودا"" 4 ماهه بسوزونه .",0,2,train
5303,بسیاری از برنامه های اصلی گوگل نظیر جستجوی صوتی، نقشه، ایمیل و.,0,2,train
724,خود شرکت هم در یه مقاله ای گفته بود که باید به برق ارت دار وصل بشه و این نوسان از طریق خروجی ارت حل میشه.,0,2,train
1541,در ضمن، بر روی لبه راست دستگاه نیز، شکاف سیم کارت و کارت حافظه قرار گرفته‌اند که توسط در پوشی پوشانده شده‌اند.,0,2,train
7465,این دوربین توانایی عکاسی 5.3 مگا پیکسلی را نیز دارد.,0,2,train
164,مدت زمان نسبتا زیادی از زمانی که کمپانی Sony (یا همان Sony Ericsson قدیم) گوشی هوشمند تلفن همراهی وارد بازار کرده است، میگذرد و در این میان سایر رقبا، انواع و اقسام گوشی های دو هسته ای با سخت افزار گوناگون را وارد بازار کرده اند.,0,2,train
2913,ASUS یکی از معدود کمپانی‌هایی است که هیچ‌گونه تغییر خاصی در رابط کاربری اندروید ایجاد نکرده است.,0,2,train
6728,SX160 IS همانند مدل های پیشینش از نمایشگر 3 اینچی با رزولوشن 230000 نقطه بهره می برد که هرچند امروزه نمایشگری با رزولوشن نسبتا پایین محسوب می شود ولی به هر صورت بر روی یک دوربین ارزان قیمت قرار گرفته است.,0,2,train
1745,تجربه من به شما برای انتخاب گوشی : هیچ وقت سرعت پردازنده گوشی رو فدای هیچ چیز دیگه ای نکنین,0,2,train
300,و باید توسط کاربر فعال شوند !,0,2,train
12737,امید وارم قیمتش هم مناسب باشه,0,2,train
9540,این سه مدل: RAZR XT909 ، DROID RAZR CDMA و RAZR XT910 در حال حاضر 7.1 میلیمتر ضخامت دارند.,0,2,train
6670,از ویژگی های این دوربین میتونم به موارد زیر اشاره کنم.,0,2,train
11322,بهتر است کمی هم در مورد مودهای عکاسی P، AV، TV و M توضیح بدهیم.,0,2,train
4187,هنوز تا این تاریخ روت نشده!,0,2,train
3883,یک حلقه به دور بشکه‌ی لنز وجود دارد که می‌توانید با چرخاندن آن عمل زوم را انجام دهید.,0,2,train
3266,لازم به ذکر است که بعضی از مدل‌های جدید لپ‌تاپ‌ها سری به پورت USB 3.0 نیز مجهز شده‌اند.,0,2,train
10431,اما همانطور که گفتیم، در قسمت بالای این دوربین یک پیچ تنظیم مشاهده می‌شود.,0,2,train
2441,این دوربین از نظر مشخصات فنی شباهت خیلی زیادی با دوربین W670 دارد، با این تفاوت که W630 مجهز به لنزی با توانایی زوم کمتر ولی سریع تر است.,0,2,train
4854,تقریبا با xbox یکی است اما خوش دست بودن دسته xbox بهتره اما از لحاظ تکنولوژی PS3 برتره,0,2,train
7854,در کنار این پورت، جک هدفون 3.5 میلی‌متری تعبیه شده است.,0,2,train
9488,سویچ های Auto/manual، OIS و پاور هم در کنار نمایشگر هستند.,0,2,train
4885,من یه پلی استیشن 3 داشتم که دادیم رفت الان یه xbox360 elite گرفتم چتد روز هم بیشتر نیست!,0,2,train
225,این گوشی درب پشتش پلم هست و کاربر اجازه دسترسی به باطری رو نداره و برای جا گذاری میکرو سیم یا سیم کارت های معمولی چون هم میکرو میخوره هم معمولی رایج و مموری کارت میکرو یک درب کوچیکی در پشت گوشی که مات تر هست بالای گوشی کنار جک 3.5 میلی متری صدا هست که بعد از برداشتن ان شیار هایه سیم و مموری مشخص میشه.,0,2,train
4624,که من حدود 50 تا نصب کردم .,0,2,train
3667,از مشخصه‌های جدیدی که در GZ-MG555 ارائه شده می‌توان به دست‌رسی مستقیم برای رایت DVD، تهیه آسان فایل‌های پشتیبان، قابلیت‌های ویرایشی تصویر در خود دوربین و پشتیبانی از SDHC اشاره کرد.,0,2,train
2046,سلام گوشیه خوبیه، صفحه ی نمایش رو هم که 4اینچ کردن، اما اینکه نمیتونه به حافظه ی ان دسترسی کامل برای نصب بازی یا کپی و ..,0,2,train
8896,"با این قیمت ها میشه از سایر برندهای مطرح مثل fuji panasonic olympus nikon , .",0,2,train
9013,در قسمت سمت راست دوربین می‌توانید جایگاه پورت‌های AV/USB و HDMI را ببینید.,0,2,train
197,من این حرفو قبول ندارم.,0,2,train
2809,"این دوربین همچنین مجهز به نمایشگر 3 اینچی 460,000 پیکسلی می‌باشد.",0,2,train
2064,آیفون 5 قراره با پردازنده 2هسته و صفحه TFT رقیب S III باشه !,0,2,train
1698,این اتفاق در پی کشمکش‌های اپل و گوگل بر سر سیستم عامل اندروید و اعلام اپل مبنی بر تحریم برنامه های ساخت کمپانی گوگل به وقوع پیوست.,0,2,train
1940,مثلا دوست من برای این گوشی قاب محافظ نخریده بود پس از استفاده ی یک ماهه پشت گوشی خش هایی دیده میشد و اما یک فرد میتونه یک ماه صبر کنه تا دو گوشی قدرتمند تر و با دوربین بهتر یعنی LG Optimus G E973 وAsus PadFone 2 با قیمت کمتر تهیه کنه.,0,2,train
5994,این دوربین چهارمین دوربینیه که من از این سایت برای خودم و آشنایانم میگیرم.,0,2,train
2668,دومی بزرگنمایی 0.6 برابر است که میدان دید لنز 35 میلی متری را در بر می‌گیرد.,0,2,train
11540,گوگل نیز در لیست لوازم جانبی این گوشی یک وسیله به نام Google Wireless Charging Orb قرار داده است که ظاهری شبیه به یک نیم کره دارد و می‌توان با قرار دادن Nexus 4 بر روی آن و از طریق ارتباط بی سیم، باتری گوشی را شارژ کرد.,0,2,train
3025,در این نقد می خواهیم به بررسی تبلت های چهار هسته ای بپردازیم.,0,2,train
6554,همچنین در جهت‌های دیگر نیز میانبر های دیگری مانند دوربین، گالری تصاویر و ایمیل وجود دارد که کافیست انگشتتان را به جهت هر یک از آن‌ها بکشید.,0,2,train
2840,همچنین قاب پشتی آن قابل باز شدن می‌باشد و به کاربر امکان تعویض باتری گوشی را می‌دهد.,0,2,train
10427,فراموش نکنیم بگوییم که همانند بسیاری از دوربین های Bridge دیگر، سنسور تصویر CCD این دوربین هم در ابعاد 1/2.3 اینچ می‌باشد و سنسور تصویر کوچکیست که معمولا بر روی دوربین های کامپکت هم استفاده می‌گردد.,0,2,train
5812,من یه htc sensation داشتم که تازه با galaxy SII عوض کردم.,0,2,train
1665,پردازنده A5 را قبل‌تر بر روی iPad های کمپانی اپل دیده بودیم و وقتی بر روی گوشی 4S به بازار آمد چندان ناشناخته نبود.,0,2,train
1107,حتی مرورگر هم روش نصبه کافیه اینترنت از نوع بریج نباشه فقط با کابل بهش بزنید با 40 اینچ برین توی اینترنت.,0,2,train
7879,درست است که مدتیست که اندروید 4.2 نیز عرضه شده است ولی به دلیل تفاوت‌های اندک آن با نسخه 4.1، نیازی برای گلایه در این قسمت نمی‌بینیم.,0,2,train
10757,مدل های HX30v، HX20v و HX10v.,0,2,train
10713,Xperia TX برای پخش موسیقی از نرم افزار Walkman استفاده می‌کند که پیش‌تر آن را در مدل‌های قبلی خانواده Xperia مانند گوشی‌های Xperia S و Xperia P نیز دیده بودیم.,0,2,train
8996,البته برای شروع فیلم‌برداری نیازی نیست که حتما در Movie Mode باشید و همین که دکمه‌ی Record که به رنگ قرمز است و در زیر آن قرار دارد را بفشارید فیلم‌برداری شروع می‌شود.,0,2,train
7131,دوربیندوربین موجود بر روی این گوشی تفاوت زیادی با دوربین One X ندارد.,0,2,train
5590,همانند بیشتر گوشی‌های سونی که اخیرا به نقد و بررسی آن‌ها پرداخته‌ایم، سیستم عامل این گوشی نیز اندروید نسخه‌ی 4 می‌باشد.,0,2,train
2911,نرم افزار TF700 به طور پیش فرض از اندروید 4.0 یا ساندویچ بستنی استفاده می‌کند.,0,2,train
8399,این یعنی اینکه در حالت زوم و محور X می توانید سه ماه کامل را جای دهید.,0,2,train
7301,علاوه بر توانایی فیلم برداری در این رزولوشن، Ixus 510 HS می‌تواند با رزولوشن های پایین تر هم فیلم برداری را انجام دهد.,0,2,train
4717,با عرض سلام به شما دوستان عزیز.,0,2,train
5824,سلام دوستان .,0,2,train
7881,البته این روان بودن صرفا به دلیل تغییراتیست که گوگل در ظاهر اندروید ایجاد نموده و تاثیری در سرعت دستگاه در هنگام بازی کردن یا کارهای معمولی ندارد.,0,2,train
11469,اگه نسبت تصویرش هم 16:9 بود به نظرم بهتر بود ولی برای وبگردی نسبت 15:9 بهتره.,0,2,train
4898,xbox دار ها اصلا نارحت نباشن چون Xbox 360 Slim داره میاد و م از نظر سخت افزار و هم از نظر قیمت می خواد ps3 رو قوررررررررررررررررررررررت بده,0,2,train
3403,دوستان سلام، این گوشی از دید من هیچ ضعفی نداره، دوستان از حافظه آن ایراد گرفتن و همچنین از عدم وجود گجتی بنام فایل منیجر، برام خیلی عجیبه، این گوشی بمحض لاگین شدن با اکانت مایکروسافت در همان لحظه 7 گیگ فضا بر روی گوشی شما اضافه می کنه از طریق اسکای درایو مایکروسافت و از همه مهمتر بمحض دریافت سیگنال اتصال به اینترنت، از تمامی فایلهای شما بک آپ میگیره و شما براحتی در هر زمانی که نیاز به فضا داشتید می توانید فایلهای قبلی را بدونه هیچ نگرانی حذف کنید چرا که در جای دیگر تمامی فایلهایتان عینا موجود می باشند و از طرفی با توجه به وجود نسخه دسکتاپی اسکای درایو و سینک لحظه ای درایو با کامپیوتر شما، شما تمامی فایل هایتان را بر سیستم خود نیز دارید و در یک کلام، حافظه این گوشی به اندازه ای است که حافظه خالی بر روی سیستم کامپیوتر، لب تاپ و یا حتی تبلت خود دارید برابری می کند فراموش نکنید تمامی صحبتهای من در بالا در مورد اسکای درایو، می توان با توجه به تنظیمات گوشی بدون دخالت شما صورت پذیرد و با وجود چنین فضایی فایل منیجر معنی ندارد چرا که براحتی دقیقا عین سیستم خودتان بر روی آن فولدر سازی کنید و حتی آن فایل را به اشتراک بگذارید و از همه مهمتر سطح دسترسی تعریف کنید.,0,2,train
8035,بدین معنی که در کمتر از یک ثانیه بافر دوربین پر می‌شود.,0,2,train
3100,از لحاظ طراحی، تفاوت محسوسی بین این مدل و مدل سال گذشته یعنی GALAXY Tab 7.0 Plus مشاهده نمی شود.,0,2,train
1645,پشت شیشه ای Gorilla Glass مدل پیشین، جای خود را به آلومینیوم آنودیزه داده است.,0,2,train
9392,پیشنهادهای مشابه و بهتر : sony xperia sola sony xperia u samsung galaxy w lg optimus l7 Sony Xperia Go LG Optimus 3D P920 Huawei U8860 Honor Sony Xperia Miro,0,2,train
12745,این گوشی مجهز به نمایشگر 3.7 اینچی لمسی Capacitive می‌باشد.,0,2,train
567,• بلندگوها در بالای کیبورد، دو بلندگوی استریوی دستگاه قرار دارند که در زیر یک گرید یک تکه تعبیه شده‌اند.,0,2,train
10723,•باتری سونی بر روی پرچم‌دار جدید گوشی‌های خود یک باتری 1750 میلی آمپر-ساعت قرار داده است.,0,2,train
670,خودم یه اچ پی مینی دارم که حدود 5 تا 6 ساعت راحت جواب میده اما اون سخت افزار و صفحه نمایشش به این غولی نیست.,0,2,train
2058,مثل قبل که سیری رو ارائه کرد و بازار و تکون داد.,0,2,train
2221,مدل قبلی با مشخصات سخت افزاری پایین‌تر از این مدل، همواره در Benchmark ها جزو گوشی‌های قدرتمند قرار داشت.,0,2,train
6707,به هر صورت همانطور که گفتیم، CX130، CX160 و XR160 دوربین هایی هستند تا حدود زیادی شبیه به هم که در مقدار حافظه‌ی داخلی با یکدیگر تفاوت دارند.,0,2,train
3073,هیچ لک و اثر انگشتی در پشت تبلت برجای نمی ماند.,0,2,train
12419,۱ رو داش.,0,2,train
4243,پیروز باشید.,0,2,train
3529,به جز این قابلیت‌ها، سامسونگ تغییر خاص دیگری در رابط کاربری تاچ ویز نداده است و نسبت به نسخه‌های گذشته تغییر خاص دیگری نداشته است.,0,2,train
11210,بدین ترتیب که موقعیت دقیق مکانی عکس هایی که می گیرید به همراه آن ها ثبت می شود.,0,2,train
977,اما اگر با دقت بیشتری به این دوربین نگاه کنیم، باید گفت که سنسور تصویر 10 مگاپیکسلی CCD سایز 1/1.7 اینچی P7100 با یک سنسور 12.1 مگاپیکسلی CMOS با همان سایز تعویض شده است.,0,2,train
4133,من امروز این گوشی بدستم رسید .,0,2,train
2157,ایا سرعت منوهایش دو برابره؟,0,2,train
1496,دوام باتریش می تونست بیشتر از این باشه.,0,2,train
250,"منم همین نظر و داشتم و از خرید این گوشی واسه یکی از فامیل ها واقعا به خاطر این عیب ناراحت بودم امروز که تو اینترنت راجب این موضوع سرچ میکردم دیدم نوشته: """""""" این 4 تا دکمه لمسی پایینی ion رو نباید فشار داد بلکه باید انگشتتو بکشی روش یعنی بصورت عمودی نیم سانتی متر از بالا به پایین انگشتتو بکش روش"""""" با این روش دیگه نیازی به فشار دادن رو دکمه لمسی پایینی این گوشی نیست من تست کردم جواب داد .",0,2,train
10291,من یه هفته میشه که خریدم.,0,2,train
12038,من که می خواستم گوشی بخرم دو تا تا انتخاب داشتم xperia sola .,0,2,train
12019,اکثر دو سیمکارته های آندرویدی یا صفحه نمایش ضعیفی و کوچکی دارن یا سخت افزارشون ضعیفه .,0,2,train
9068,عکس های این دوربین نیز بر روی کارت های حافظه ی Micro SD ذخیره می شوند.,0,2,train
11806,دوستانی هم که این گوشی رو دارند و یا خواهند خرید حتما برای آسیب ندیدن تاچ در اولین اقدام فیکس موجود رو نصب کنند.,0,2,train
2307,وقتی 64 Gig ظرفیت موجوده آیا این نیاز احساس میشه!,0,2,train
8183,این در حالیست که به نظر ما خیلی وایدتر می آید.,0,2,train
3917,همچنین در مناطق پر کنتراست مقداری Pixel Fringing مشاهده می‌شود.,0,2,train
588,سلام من باید یک نکته رو تو نظر قبلی اصلاح کنم اونم اینکه بجای درایور اثر انگشت (finger print) به اشتباه نوشتم درایور بلوتوث.,0,2,train
9942,بگذارید یک مثال بزنیم.,0,2,train
327,G580 در رنگ‌های مختلفی در بازار وجود دارد که برای مثال می‌توان به رنگ‌های مشکی، قرمز و آبی اشاره کرد.,0,2,train
5457,فکرکنم با JB هم که براش میاد بیشتر هم بشه,0,2,train
8953,هرچند که ممکن است برای لحظاتی تصویر تار و سپس دوباره واضح شود.,0,2,train
1210,حالت اول سختی‌های خاص خودش را دارد، و حالت دوم باعث می‌گردد که همه‌ی کسانی که در نزدیکی شما قرار دارند کل مکالمه شما را بشنوند.,0,2,train
12929,قیمتش مناسب باشه یه آبیش رو میگیرم,0,2,train
12502,محیط برنامه دوربین، تغییر خاصی نسبت به گوشی‌های قبلی نداشته و گزینه جدیدی در بخش تنظیمات عکس‌برداری و فیلم‌برداری مشاهده نمی‌شود.,0,2,train
4962,در جلوی کنسول درب درایو دی وی دی .,0,2,train
10618,من از این گوشی راضیم تنها مشکلم اینه که شبها نمی تونم باهاش عکس بگیرم ولینم به خاطر نداشتنه فلاشش است.,0,2,train
11594,"همانند بیشتر دوربین‌های Bridge پیشرفته، بر روی این یکی هم پیچ تنظیمی وجود دارد که از طریق آن می‌توانید مودهای عکاسی اتوماتیک و یا مودهای عکاسی حرفه ای P,A,S,M را هم انتخاب کنید.",0,2,train
3333,این نخستین دوربین فیلم برداری HD از این خانواده است که می توانید روی آن از لنزهای مختلف استفاده کنید.,0,2,train
10183,پس از روشن شدن گوشی هم باید تاریخ و ساعتشو تنظیم کنم که البته اینارو میدونستم.,0,2,train
5008,البته دسته‌ی بازی طراحی شده در این کنسول از لحاظ طراحی شباهت فراوانی به دسته‌ی بازی نوع Sکنسول XBOX دارد.,0,2,train
799,علاوه بر این امکان دریافت برنامه های دیگری نیز از طریق اینترنت وجود دارد.,0,2,train
1275,خواستین بخرین یه نگاهی هم به این گوشی بندازین.,0,2,train
3037,البته تبلت Huawei MediaPad 10 FHD نیز از رم 2 گیگابایتی بهره می برد.,0,2,train
3038,با سلام خدمت همه ی دوستان عزیز.,0,2,train
8185,نمایشگر نیز تقریبا همانی است که از مدل نخست وجود داشت.,0,2,train
11908,• و برنامه‌ریزی - توانایی ضبط و دیدن لیست برنامه‌ها دیجیتال و زیرنویس فارسی با گیرنده‌ی دیجیتال جدید فراسو دیگر هیچ برنامه‌ای را از دست نخواهید داد.,0,2,train
6731,مود اتوماتیک هوشمند برای افرادیست که قصد دارند با دوربین خود به صورت اتوماتیک عکاسی کنند.,0,2,train
11203,البته این مقدار در حالت گسترده از 50 تا 102400 می باشد.,0,2,train
2625,به نظرم برای خرید انتخاب کنید.,0,2,train
3825,* کیفیت عملکرد واقعی ممکن است بسته به مشخصات فنی مدل‌ها و محدودیت‌های سخت‌افزاری متفاوت باشد.,0,2,train
12349,این دوربین توانایی عکاسی پیاپی با سرعت 10 فریم بر ثانیه را هم دارد.,0,2,train
11338,به خصوص اینکه این دوربین از سنسور نورسنج جدید iFCL 63 نقطه‌ای بهره می‌برد.,0,2,train
9142,قسمت جلوی دستگاه بیشتر توسط صفحه نمایش 4 اینچی آن اشغال شده است.,0,2,train
9955,بنابراین تفاوتی نمی‌کند که شما چه بگویید و این بیشتر شبیه به یک مکالمه‌ی واقعی می‌باشد.,0,2,train
6351,در قسمت بالای نمایشگر، سنسور سنجش نور محیطی و دوربین جلویی، و در قسمت زیر نمایشگر دو دکمه‌ی لمسی آندرویدی دیده می‌شود.,0,2,train
9098,من اولین گوشی هوشمندی است که گرفتم.,0,2,train
12162,به طوری که دکمه های پیرامونی عملکرد دوم خود را از دست داده اند و دکمه ی میانی Set اکنون نقش Quick Menu را هم ایفا می کند.,0,2,train
2438,هر چند اکنون شاهد گوشی هایی با صفحه تصاویر بزرگ (حتی گاهی بزرگ تر از این پدفون) هستیم دارای سایز مناسبی هست و حمل اون از مینی تبلت های 7 اینچی آسون تر هست و کارایی های یک گوشی هوشمند (تماس صوتی - ارسال پیامک و .,0,2,train
1115,حافظه 800 مگابایت تلویزیون و دانلود نرم افزار های مخصوص تلویزیون از طریق نرم افزار samsung apps که برنامه ها رو از طریق tv دانلود و اتوماتیک خودش نصب میشه و میتونید استفاده کنید5.web browser6.,0,2,train
6497,با توجه به رشد قیمت و ارز و غیره.,0,2,train
11301,حتی اثر لرزش‌گیری تصویر را می‌توان در چشمی هم مشاهده کرد.,0,2,train
8239,خودم اس تری مینی گرفتم 2 ماه قبلا هم نوکیا داشتم .,0,2,train
13066,اندازه و رزولوشن نمایشگر iPod دقیقا همانند iPhone می باشد.,0,2,train
9413,از همین سایت دیجیکالا خریدم.,0,2,train
1950,خدا رحمت کنه استیو جابز رو.,0,2,train
11565,بهترین حالت اینه که این حسگر ها بین 10 تا 12 مگاپیکسل باشند.,0,2,train
4004,بنابراین بیشتر منتظر تغییرات نرم افزاری در این مدل باشید و چشم به اعدادی مانند 18 مگاپیکسل و.,0,2,train
1293,صفحه نمایش هم در حد معمولیه.,0,2,train
2376,منتظرم واردایران بشه میخرمش,0,2,train
5021,واحد پردازش گرافیکی (GPU) Xenos نام اختصاصی پردازند‌ه‌ی‌گرافیکی کنسول XBOX 360 است که شرکت ATI آن را طراحی کرده است.,0,2,train
4237,1008 MHz screen resolation= 480 * 800 gpu render=dreno 203 open gl=open gl ES 2.0 memory available=816 MB camera=5MP ndroid=4.1.1,0,2,train
6894,اچ تی سی هرگز گوشی بد نمیزنه ولی با این حال بازم به پای XPERIA Z نمیرسه سونی توی اکسپریا زد دوربین 13 گذاشته ولی این دوربینش 8 و باتری اکسپریا زد 2330 ولی این 2020 ولی در باقی امکانات سخت افزاری این گوشی همانند اکسپریا زد هستش,0,2,train
9932,نرم افزارمدت زمان زیادی از معرفی iOS 5 نمی‌گذرد، با این حال بر روی iPhone 4s استفاده شده است.,0,2,train
7865,در پایین قاب فلزی، یک بلندگوی مونو تعبیه شده است.,0,2,train
7435,برای اسکن چند سند و تبدیل آن به یک فایل PDF، می‌بایست چند بار همان دکمه‌ی PDF را بفشارید و نهایتا دکمه‌ی Finish را بزنید.,0,2,train
7672,صفحه نمایشدر سال 2010، کمپانی اپل برای اولین بار با تولید گوشی آیفون4، از صفحه نمایش با دقت بسیار بالای خود یعنی Retina پرده برداری کرد.,0,2,train
2687,سرعت فوکوس خودکار این دوربین بهترینی نیست که تا به حال دیده ایم.,0,2,train
9312,همچنین صدای شاتر هم در این دوربین تغییر کرده و دیگر شبیه به دیگر دوربین های سطح Rebel نیست.,0,2,train
5144,سفید رنگ با درایو سفید.,0,2,train
12575,ما در این مدت با آن تماس‌های تلفنی برقرار کردیم، بازی کردیم، بلوتوث، پخش موسیقی، مرورگری اینترنت ارسال و دریافت پیام هم در برنامه‌ی ما بودند.,0,2,train
1758,من این گوشی رو تست کردم.,0,2,train
188,ممنون دیجی کالا,0,2,train
8884,تنها عیبی که میشه از f600 گرفت که در هنگام فیلمبرداری تصویر کمی تار میشه.,0,2,train
3470,رزولوشن فکس در این دستگاه برای حالت سیاه و سفید 300 × 300 dpi و برای حالت رنگی 200 × 200 dpi می‌باشد.,0,2,train
3223,ویژگی های برجسته نکسوس 7 :1.,0,2,train
3452,سرعت چاپ در حالت سیاه و سفید در حدود 8.7 صفحه در دقیقه و برای حالت رنگی 5 صفحه در دقیقه می‌باشد.,0,2,train
12031,من خیلی گوشی هارو تست کردم.,0,2,train
1859,ولی در هر زمان که گوشی داشتم در یک یا دو آیتم سرآمد زمان خود به شمار می رفت ، تا اینکه از مجموع ارمان های مدنظر تجربه ی شخصی ام در کاربریه ایده آل را در این پیدا کردم که در استفاده روزانه انعطاف پذیری مهم ترین خصیصه ی یه گوشی همراه است!,0,2,train
9847,• جمع بندیمی‌توان تقریبا این‌گونه جمع بندی کرد که این تبلت برادر Transformer Pad Infinity محسوب می‌گردد که با سیستم عامل Windows 8 RT ارائه گردیده است.,0,2,train
3455,اسکنر یکی دیگر از قسمت‌های این دستگاه اسکنر آن است.,0,2,train
4889,راه حل چیه واسه جلوگیری از این کار؟,0,2,train
6533,بر روی لبه سمت چپ دستگاه، جک 3.5 میلی متری هدفون و در آخر بر روی ضلع چهارم یا بالایی دستگاه نیز شکاف قرار گیری کارت حافظه ( به همراه سیم کارت در مدل‌های سیم کارت خور ) که البته توسط درپوشی محفوظ گردیده قرار گرفته است.,0,2,train
7139,از جمله این امکانات، قابلیت عکاسی HDR و Panorama می‌باشد.,0,2,train
10755,به خصوص اینکه کانن و نیکون هم کامپکت های این رده ی خود را معرفی کرده اند تا مشخص شود رقبای سال 2013 ی این دوربین زوم بیشتر از 22 برابر ندارند (نیکون S9500 دارای زوم 22 برابر است).,0,2,train
11343,همانند دیگر دوربین‌ها یک Histogram و Grid برای کاربرد مخصوص به خودشان موجود می‌باشد و در ضمن می‌توان تا 10X در تصویر بزرگنمایی کرد.,0,2,train
1392,هنگامی که سیستم در حال انجام پردازش‌های سنگین است، فن‌های خنک کننده فعال شده و هوای خنک را از چپ و راست قسمت پایینی دستگاه به داخل هدایت کرده و از دریچه های خروجی، خارج می‌کنند.,0,2,train
11305,چهار تای نخستین برای حرفه‌ای‌ها توضیح خاصی نمی‌خواهند ولی برای افرادی که با دوربین‌های DSLR کانن آشنا نیستند مود A-Dep باید کاملا جدید باشد.,0,2,train
8308,من این گوشی رو داشتم.,0,2,train
3219,از برچسب شفاف روی صفحه استفاده نکنید حتما از برچسب مات بگیرید که دائم جای دستتون روش نمونه.,0,2,train
6937,کسایی که اندروید رو با اچ تی سی تجربه کردن میدونن من چی میگم.,0,2,train
12146,کل برد الکترونیکی آن نیز مطمئنا آب رفته است.,0,2,train
11810,]چند روزه که این گوشی را خریدم..,0,2,train
4323,اگه یه پخش کننده موسیقی همه کاره می خواهید و هزینه ان را دارید .,0,2,train
8827,این دوربین رو چند ماهیه که با مشورت یکی از فروشندگان قدیمی خریدم.,0,2,train
12492,کیبورد نیز در رابط کاربری Xperia V تغییراتی داشته است.,0,2,train
9443,• دوربیندوربین نصب شده بر روی Neo L با دقت 5 مگاپیکسل، عکس‌هایی با رزولوشن 1944×2592 پیکسل را برای ما ثبت می‌نماید.,0,2,train
1825,با سلام خدمت همه دوستان ، من می خوام نظر خودم رو درباره ی اپل آیفون 5 بدم.,0,2,train
6948,2- دیجی کالا تو معرفی برترین گوشیهای 2012 مقایسش نکرد.,0,2,train
9338,اما در سال 2012 احتمالا دوربین باید کمی در رده ی ارزان قیمت قرار بگیرد تا چنین ترکیبی را بر روی آن ببینیم.,0,2,train
4877,نه عزیز شما نباید تا این اندازه خودت رو از سه چراغه شدن xbox360 اون هم در مدل elite بترسونی.,0,2,train
1193,برای قرار گرفتن گوشی در محل قرار گیری آن، یک درب ضامن دار قرار دارد که به محض بسته شدن آن، تصویر صفحه‌ی نمایش گوشی به داک منتقل شده و آماده‌ی انجام وظایف خود به عنوان تبلت می‌شود.,0,2,train
8897,تهیه کرد .,0,2,train
11036,و چه بهتر که ما کارایی را به پرستیژ نفروشیم.,0,2,train
11315,یک مود CA یا Creative Auto هم وجود دارد که برای مبتدیانی است که نمی‌خواهند از Scene intelligent Auto استفاده کنند.,0,2,train
5299,• نرم افزار همان‌طور که گفته شد Google Nexus 7 اولین تبلتی است که به صورت پیش فرض از نسخه 4.1 یا Jelly Bean اندروید بهره می‌برد.,0,2,train
6784,سینا,0,2,train
9503,این تفاوت رو در رنگ آیکونها هم به راحتی میشه حس کرد.,0,2,train
9783,تنها اشکالی که پیش اومد این بود که من چهارشنبه دوربین رو سفارش دادم و قرار بود که پنجشنبه بیارن اما پنجشنبه صبح در مورد آدرس کار داشتم و تماس تلفنی گرفتم و کسی پاسخگو نبود اما همون ساعتی که قول داده بودن برام دوربین رو آوردن.,0,2,train
12494,مغز متفکر Xperia V، چیپ Qualcomm Snapdragon S4 است که دارای پردازنده دو هسته ای 1.5 گیگاهرتزی Krait و پردازشگر گرافیکی Adreno 225 است.,0,2,train
12156,کنترل هایی چون دایل قسمت بالایی، دکمه ی ISO، جبران نوردهی و AF/AE Lock.,0,2,train
3084,سیستم عامل محصولات اپل بازی ها و برنامه های فوق العاده ای داره و اندروید هم همینطور اما شاید اندروید با اومدن سیستم عامل ویندوز از یاد بره اما سیستم عامل اپل همیشه یک سیستم عامل محبوب خواهد ماند.,0,2,train
1674,در آزمایش Triangle Texture Test که مربوط به قدرت پردازش گرافیکی دستگاه است یک محصول دیگر کمپانی اپل یعنی آی پد 3 با اختلافی ناچیز اول شد.,0,2,train
5752,از نظر شارژدهی بسیار شبیه به گوشی های HTC Incredible S و HTC Desire S می‌باشد.,0,2,train
5337,پس از درخواست های بسیار کاربران آندروید برای چشیدن طعم سیم کارت بر روی تبلتشان ، بالاخره گوگل امکان استفاده از سیم کارت را همراه با فضای ذخیره بشتر (32GB) درون سوگلی محصولاتش فراهم کرد.,0,2,train
10761,بعلاوه ی چیزی شبیه به دستگیره.,0,2,train
4965,در پشت نیز پورت صدا و تصویر .,0,2,train
63,همان‌طور که گفتیم، به جز سه تفاوتی که در لنز، عدم عکاسی در فرمت خام RAW و عدم تجهیز به GPS که بین F660 و F770 وجود دارد، و همچنین مقداری اختلاف جزئی در طراحی بدنه و وزن دوربین، این دو کاملا شبیه به یکدیگر می‌باشند.,0,2,train
2154,تقریبا دو برابره چند تا سوال در مقایسه با S3:ایا پردازنده این گوشی دو برابره S3 قدرت داره؟,0,2,train
5314,),0,2,train
5249,تبلت مذکور از تمام فرمت‌های کتاب الکترونیکی پشتیبانی می‌کند.,0,2,train
4920,به نظر من هرکی که کامپیوتر میخره که فقط باهاش بازی کنه بزرگ ترین اشتباه زندگیشو می کنه.,0,2,train
2807,عکس‌ها و فیلم‌ها نیز بر روی کارت‌های حافظه‌ی Micro SD، Micro SDHC ذخیره می‌شوند.,0,2,train
6090,فقط اچ پی,0,2,train
5133,به این معنا که کاربر خود را در مرکز دنیای ساختگی توسط این کنسول حس خواهد کرد.,0,2,train
4993,بعد از وارد شدن کنسول PlayStation 2 به بازار جهانی در سال ۲۰۰۰میلادی توسط شرکت سونی، شرکت مایکروسافت (Microsoft) که معتبرترین شرکت نرم افزاری در جهان است، در سال ۲۰۰۲ میلادی اولین کنسول بازی خود را با نام XBOX وارد بازار کرد.,0,2,train
10030,نسبت به قیمتش مناسبه اما باتریش به نظر ضعیف میاد,0,2,train
12718,هم چنین ویدیو کال هم داره.,0,2,train
3359,ترین دوربینیه که به عمرم دیدم.,0,2,train
6615,این دوربین با یک سنسور تصویر 1/4.85 اینچی HD CMOS همراه شده است که توانایی عکاسی با رزولوشن 3.05 مگاپیکسل را فراهم می‌کند.,0,2,train
3042,و اینکه ایراد دیگری به جز اون نتونستم بگیرم.,0,2,train
7330,• طراحی و ساختاز نظر ظاهری، این نوت‌بوک شباهت زیادی به HP 1000 دارد.,0,2,train
9252,سپس با استفاده از Contrast detection عمل Fine tune انجام می گیرد.,0,2,train
12733,کیفیت صداشم میخوام بدونم خوبه یا نه و این که فارسی ساپرت میکنه یا نه؟,0,2,train
3411,چون با این بودجه میشه گالکسی اس٣ خرید که امکانات بهتری داره.,0,2,train
7710,برام عجیبه یه جمله ی اشتباه که درمورد اپل جا افتاده اینه که اپل تو ایران کارایی که باید رو نداره ؟,0,2,train
5098,لازم به ذکر است که درایو های Benq که به تازگی کپی‌خور شده‌اند فقط در مدل‌های Halo Edition، سری‌های جدید Elite و هم‌چنین Premium های جدید که دارای ورودی HDMI و heatsink اضافه هستند وجود دارد.,0,2,train
6170,اصلا فکر نکنین که واسه بازی های آنلاین نیاز به سرعت افسانه های دارین.,0,2,train
790,از جمله قابلیت‌های ارتباطی HTC Desire SV می‌توان به پشتیبانی از Wi-Fi، GPRS، 3G اشاره کرد که برقراری ارتباط با اینترنت را به سهولت فراهم می‌کنند.,0,2,train
11,پرینت دورو باید به صورت دستی انجام شود.,0,2,train
10055,• کیبورد و تاچ پدHP بر روی Sleekbook ها یک کیبورد جزیره ای با کلیدهای بزرگ و جدا از هم قرار داده است.,0,2,train
12407,و مرگ ناگهانی در مدل xperia z هست که برطرف شد با آپدیت .,0,2,train
10082,با توجه به ابعاد و ظرفیت این باتری ها، انتظار شارژدهی بالایی از Sleekbook ها نداشتیم.,0,2,train
1649,با اینکه در کل مانند همگی محصولات اپل، این گوشی نیز از بهترین مواد تشکیل شده است اما بدنه آلومینیومی آن به راحتی خراشیده می‌شود و احتیاج به مراقبت بیشتری دارد، که البته با قرار دادن یک محافظ بر روی آن این مشکل به طور کلی برطرف می‌گردد.,0,2,train
107,عکس‌های گرفته شده نیز بر روی کارت حافظه‌ی SD/SDHC/SDXC ذخیره می‌شوند.,0,2,train
821,من فکر میکنم این نقص ها معمول هستند بین شرکتها برای اینکه تنوع محصولی اینطور ایجاب میکنه و در اینده نزدیک مدل دیگه ای با رفع این نواقص عرضه خواهد شد .,0,2,train
4925,ps3 پروسسور 7 هسته ای داره، blu-ray پلیر و WiFi داخلی داره که هیچکدومو xbox نداره و قیمت بالاتر ps3 هم برای همین چیزهاست.,0,2,train
3371,اما کلید های کنترلی Start، Back و Search در قسمت زیرین صفحه نمایش قرار دارند.,0,2,train
1784,هیچ وقت سرعت گوشی رو با هیچ چیز عوض نکنین!,0,2,train
12087,این دستگاه ابعادی با اندازه‌های 28×152×230 میلی‌متر و 900 گرم وزن دارد.,0,2,train
5979,"عکس‌ها و فیلم‌ها می‌توانند بر روی کارت‌های حافظه‌ی SD/SDHC/SDXC/Memory Stick Duo,Pro Duo,Pro HG Duo ذخیره شوند.",0,2,train
12129,L610 همانند بسیاری دیگر از دوربین های هم رده از نوع Point to Shoot یا نشانه و عکس می باشد.,0,2,train
9931,البته سایز این گوشی برای دست‌های متوسط و کوچک سایز مناسبی است ولی به هر صورت هنوز بحث بر سر ابعاد ایده‌آل یک گوشی هوشمند باقیست.,0,2,train
1304,با اینکه گوشی زیاد دارم، ولی با این مشخصات و این قیمت آدم وسوسه میشه که اینم بخره.,0,2,train
5395,بیشترین کاربرد این قلم در هنگام کار با برنامه Memo می‌باشد.,0,2,train
4254,این گوشی رو چند روز هست که خریدم.,0,2,train
3837,قابلیت Wi-Fi داخلی به شما اجازه دسترسی یافتن به تجهیزات سازگار که در نزدیکی قرار دارند، شامل تجهیزات همراه را می‌دهد.,0,2,train
1262,با سلام دوستان gpu به کار رفته در این گوشی از نوع adreno 200 می باشد ، با نرم افزار آنت تست گرفتم cpu : cortex a5 1 ghz ram : 768 gpu : adreno 200 ----------  با یه e dual مقایسه کردم ، بزرگی صفحه e dual بهتره و کی برد e dual برای اس ام اس زدن راحت تر بود ، ولی کیفیت تاچ و رنگ و لعاب صفحه نمایش young بهتر بود در ضمن منو های e dual به نظرم خیلی ساده تر از young بود ( از young بیشتر خوشم اومد )  ---------------------,0,2,train
7964,بقیه مشخصاتش هم که اصلا فرقی با SX50 اونقدر نداره.,0,2,train
11825,نقاط قوت: 1.,0,2,train
3602,• باتری Acer همراه سری E1-531 یک باتری شش سلولی لیتیوم یونی ارائه می‌دهد.,0,2,train
8938,همانند آن چیزی که بر روی آخرین دوربین‌های سری PEN کمپانی Olympus دیده می‌شود، در این دوربین نیز می‌توانیم به جلوه‌ی Diorama (که کانن در منوی Functions و به نام Miniature Effect قرار داده) دسترسی پیدا کنیم.,0,2,train
1890,در مورد صفحه هم اسم این گجت گوشی هست نه فبلت !,0,2,train
11216,شما می توانید از این طریق تصویر Live view را بر روی دستگاه خود مشاهده کنید و تنظیمات نوردهی را در دست بگیرید.,0,2,train
1870,یه LG optimus 4x hd p880 درست یک سوم این آیفون 5 قیمتشه.,0,2,train
9980,ما این دوربین را در خیابان و در حالی که حرکت می‌کردیم و عکس می‌گرفتیم تست کردیم.,0,2,train
13039,می خواستم یه راهنمایی کنید درمورد نرم افزار آی تونز.,0,2,train
7271,اما M41 یک تفاوت اساسی به دو مدل دیگر دارد و آن چشمی الکترونیکی سرخود است.,0,2,train
2406,سیستم قرارگیری گوشی در داک تبلت در مدل جدید به طور کامل تغییر کرده است.,0,2,train
11866,من به این گوشی نمره 9.4 می دهم.,0,2,train
10067,در نهایت می توان به یک کارت خوان چند کاره نیز اشاره کرد که بر روی لبه سمت راستی لپ تاپ تعبیه شده است.,0,2,train
272,یا ال جی 4x,0,2,train
8420,همچنان هم از نوع کاملا چرخنده می باشد.,0,2,train
12916,موفق باشید - التماس دعا.,0,2,train
4803,سوییچ زوم دقیقا زیر انگشت حلقه ی دست راستتان قرار می گیرد.,0,2,train
5349,6.,0,2,train
11770,و همچنین مدل pro.,0,2,train
2391,در کل همان‌طور که از یک محصول ساخت کمپانی ایسوس انتظار می‌رفت، کیفیت ساخت گوشی بسیار خوب بوده و بدنه از استحکام بالایی برخوردار است.,0,2,train
693,در یک کلام به قول دوستمون probook 4540 Is the best choice,0,2,train
8989,سپس به پیچ تنظیم که به اندازه‌ی یک سکه است می‌رسیم.,0,2,train
2657,ولی تغییرات اصلی را می‌توانیم در درون دوربین شاهد باشیم.,0,2,train
11545,این دوربین رو از دیجی کالا گرفتم.,0,2,train
8762,با تشکر از دیجی کالا.,0,2,train
1124,به دستم که برسه یه نقدم من میذارم!,0,2,train
5873,سرعت .,0,2,train
1528,تصور کنید که همه کتاب‌ها و جزوات درسیتان را یکجا در قالب یک دستگاه بتوانید جمع آوری کنید، همیشه و در هر جا همراه داشته باشید و هر زمان که وقت و حوصله دارید به آن‌ها رسیدگی کنید.,0,2,train
12619,یکسانه و تفاوت ها اینقدر کمه که میشه ازشون به راحتی گذشت.,0,2,train
1313,"تا چند روز پیش خیلی گشتم یه گوشی خوب در حد توانم بگیرم ,شک داشتم چی بخرم تا که مشخصات این گوشی رو دیدم.",0,2,train
170,و اما جزئیات.,0,2,train
4689,"264), RealVideo 8, SDP, WMVازهمین سایت بخرید من که خریدم خیلی هم راضیم",0,2,train
6819,ای کاش گوشی‌های هوشمند از ۴.,0,2,train
2730,بر روی لبه بالایی گوشی کلید پاور به همراه جک 3.5 میلی متری صدا قرار دارند.,0,2,train
8931,پیچ تنظیم شوتینگ مودها در قسمت سمت راست و بالای سطح پشتی آپشن‌های زیادی را در خود جای داده است که تعداد آن‌ها در کل به 13 عدد می‌رسد.,0,2,train
11600,ویدیوها می‌توانند در فرمت MPEG 4 و AVI H.,0,2,train
10779,با این حال تصور ما این است که در هنگام استفاده از زوم 30 برابر، به خصوص وقتی که به دلیل شرایط نوری یا هر چیز دیگر، سرعت شاتر پایین است، بهتر است که از سه پایه استفاده کنید.,0,2,train
2780,از نظر ظاهری، DV300F ظاهری کاملا شبیه به دوربین‌های کامپکت دیگر دارد.,0,2,train
2886,در قسمت پایینی تبلت نیز پورت اتصال و شارژ تبلت و شیارهای اتصال به داک کیبورد تعبیه شده‌اند.,0,2,train
12679,سلام قبل از هر چیز به مدیران این سایت خسته نباشید میگم بابت سایت خوبشون من کلیه نقدها رو نسبت به این گوشی و هم رده های خودش خوندم ببینید اگه قراره نقاط ضعف و قوت بزارین باید برای همه ی گوشی ها بزارین این گوشی هیچ فرقی با نئو نداره.,0,2,train
8228,لازم دونستم این مطلب را قرار بدم اولا که این گوشی دو سیم کارتست و مهم تر از اون روی جعبه دقیقا قید شده که 17 ساعت مکالمه باتری حواب می ده یا 25 روز استند بای .,0,2,train
347,• کیبورد و تاچ پد G580 دارای یک کیبورد جزیره ای است که با نام کیبورد AccuType نیز شناخته شده و سمت راست این کیبورد بخش عددی جداگانه (Numpad) قرار دارد.,0,2,train
10633,البته کلا این رابط در ورژن جدید اندروید حذف شده .,0,2,train
11087,ابعاد آن 180×262 میلی‌متر و قطر آن نیز اندکی کمتر از یک سانتیمتر می‌باشد.,0,2,train
6516,داخلش پک نرم افزاری وسترن دیجیتال هست که برای شخصی سازی بیشتر کنترل هارد میتونید نصبشون کنید.,0,2,train
9836,• سخت افزارحال می‌خواهیم مشخصات سخت افزاری این تبلت را شرح دهیم.,0,2,train
1993,در خصوص نوت 2 هم باید بگویم این گوشی چهار هسته ای نیومده در پنجمارک ها از گوشی تازه وارد سونی یعنی Xperia T با پردازنده ی دو هسته ای و چیپست قدرتمند Qualcomm MSM8260A Snapdragon شکست خورد و شانس این گوشی و کلا برند ساسمونگ برای کسب بهترین اسمارت فون سال 2012 از 76 درصد به 12 درصد کاهش یافت.,0,2,train
12096,حسگر JVC GZ-MG335، از نوع CCD می باشد که دقت آن، 0.8 مگاپیکسل و اندازه اش، 1.6 اینچ است و فیلم های شما را در قالب MPEG2 ذخیره می کند و نمایش می دهد.,0,2,train
12266,من دقیقه نود سال 1391 این دورین رو خریدم و باهاش تو عید 92 فیلم برداری و عکس برداری کردم تا اونجا که تقریبا 20 گیگ رم پر کردم.,0,2,train
2020,پردازنده 2 هسته ای.,0,2,train
3627,اما در مورد صفحه کلید این دستگاه که Touch Cover نام دارد هم توضیحاتی لازم است.,0,2,train
3484,در مورد فکس نیز اگر نیاز دارید که دستگاه فکس شما گوشی داشته باشد، باید از انتخاب این چندکاره خودداری کنید.,0,2,train
4615,در خریدنش شک نکنید .,0,2,train
10622,با عرض سلام اول به دیجی کالا و بعد تمام کاربران خوب این فروشگاه من این گوشی را 7 ماه پیش از دیجی کالا خریدم.,0,2,train
3884,البته یک سویچ در کنار آن وجود دارد که می‌توانید انتخاب کنید که با حلقه می‌خواهید زوم کنید و یا عمل فوکوس را انجام دهید.,0,2,train
1622,این واقعیتی است که اپل آن را در مراسم معرفی iPhone 5 اعلام کرد.,0,2,train
2392,در جلوی گوشی صفحه نمایش عریض 4.7 اینچی قرار دارد که در بالای آن دوربین دوم 1.2 مگاپیکسلی تعبیه شده است.,0,2,train
3181,من یه گالاکسی تب 2 _3100 خریدم .,0,2,train
10696,•طراحی طراحی گوشی شباهت بسیاری به گوشی زیبای Xperia arc دارد، به طوری که قسمت پشتی دستگاه دارای یک انحنا بوده و ضخامت قسمت میانی کمتر از بالا و پایین گوشی است.,0,2,train
4663,من هنگام خریدن با اکسپریا ارک مقایسش کردم تقریبا تمامی سیستمش با ارک یکیه.,0,2,train
4769,دوست گرامی همه‌ی فلاش‌ها اگر مستقیم زده‌شوند سایه دارند,0,2,train
5062,• ریجن‌های مختلف از لحاظ کیفیت ساخت هیچ تفاوتی با یکدیگر ندارند و تقریبا تمام کنسول‌های XBOX360 ساخت کشور چین هستند، حتی ورژن‌های آمریکایی آن‌ها.,0,2,train
3297,فیلم برداری 1440 x 1080p در فرمت MPEG4 و کیفیت 9mbps نیز می تواند انجام شود.,0,2,train
10239,اندروید 4 و دوربین 5 مگاپیکسل و.,0,2,train
5127,معرفی xbox360  شاید بسیاری از شما علاقه مندان به بازیهای رایانه ای مالک یکی از چهل میلیون دستگاه xbox 360 در دنیا باشید یا تجربه بازی با آن را داشته باشید و یا اینکه حداقل وسوسه خرید آن تا مدتها ذهن شما را به خود مشغول کرده باشد!,0,2,train
10915,باید کار کنید تا بفهمید.,0,2,train
10445,در آینده سعی می‌کنیم که اطلاعات بیشتری را از این محصولات ارائه دهیم.,0,2,train
664,اما اون رو به یکی از دوستان معرفی کردم و اون تهیه کرد و باهاش کار کردم.,0,2,train
3819,پردازنده دو هسته‌ای تلویزیون خود را به نسل جدید و سریع‌تر فن‌آوری چهار هسته‌ای تغییر دهید.,0,2,train
4685,چون بعضی ها ترجیح میدن که یک گوشی بخرند که راحت تو جیبشون جا بشه و بتونن هرجایی ببرنش و از سوی دیگه اختلاف قیمت زیادی بین این دو مدل است .,0,2,train
10552,دوربیندوربین 3.2 مگاپیکسلی Sony Xperia E قادر است عکس‌هایی با رزولوشن 2048×1536 پیکسل را ثبت نماید.,0,2,train
851,با سلام خدمت همه دوستداران تکنولوژی!,0,2,train
8513,ولی به هر صورت در یک کلام می‌گوییم که انتظاری که از یک دوربین دیجیتال عکاسی دارید را نباید از عکاسی 14 مگاپیکسلی این دوربین فیلم برداری داشته باشید.,0,2,train
12567,سیستم عامل چه کمبودهایی دارد؟,0,2,train
4995,نسل جدید کنسول‌های بازی که در حال حاضر آخرین نسل از کنسول‌های موجود در بازار هستند، ابتدا در سال ۲۰۰۵ میلادی توسط مایکروسافت ارائه شدند.,0,2,train
10331,به همین دلیل مشکلی در کار کردن با این گوشی در فضاهای پر نور و یا در زیر تابش نور آفتاب نخواهید داشت.,0,2,train
925,البته فراموش نکنیم بگوییم که نمایشگر این دوربین با نسبت 3:2 مقداری وایدتر از نمایشگر دوربین G5 که نسبت 4:3 را ارائه می داده است.,0,2,train
7414,) هست که به نظرم حداقل از دید کاربرای ایرانی میتونه یه نقطه ضعف بزرگی برای این لپتاپ باشه که خوشبختانه یا بدبختانه راه حلی هم داره که اون گذر زمانه .,0,2,train
11934,در ضمن نمی دونم از کجا برچسبش رو بخرم,0,2,train
9596,به قول همه بعد از این همه انتظار گوشی آیفون 5 بالاخره از راه رسید.,0,2,train
890,هرچند که واقعا زوم 42 برابر با 50 برابر تفاوت چندانی ندارد.,0,2,train
8063,بدنه، نمایشگر، چشمی الکترونیکی و از همه مهم‌تر لنز بین این دو دوربین مشابه هستند.,0,2,train
4639,مشکل .,0,2,train
1971,هر ورژن جدیدی که از اندروید تولید میشه گوشیهایی که اندروید 2.1 و یا پایینتر استفاده میکنن از رده خارج میشن درحالی که ios این شکلی نیست و با اینکه ios 6 جدیدترین ورژن سیستم عامل هست همچنان دستگاههای قدیمی تر مثل iphone 3gs میتونن ازش استفاده کنن و مجبور نیستید با عرضه شدن هر نسخه از سیستم عامل گوشیتونو عوض کنید.,0,2,train
5663,Samsung GALAXY Tab 2 10.1 به طور پیش فرض از سیستم عامل اندروید 4.0 به همراه رابط کاربری همیشگی سامسونگ یعنی TouchWiz بهره می‌برد.,0,2,train
3048,تنها تبلتی که در تمام زمینه ها حرفی برای گفتن دارد این تبلت است(تا زمان ارائه).,0,2,train
11821,همه از این گوشی تعریف کردن و تقریبا میشه گفت که نظرات همه دقیقه.,0,2,train
2555,فقط در شرایط نوری کم حتما از فلش استفاده کنید .,0,2,train
6608,پورت های Component out، AV out و DC Power در قسمت سمت راست هستند.,0,2,train
9227,وقتی هر دو دوربین را در کنار یکدیگر قرار می دهیم و از جلو به آن ها می نگریم، کاملا از یکدیگر غیر قابل تشخیص می باشند به جز اینکه در بالای لوگوی EOS 600D سوراخ های میکروفون مونو دیده می شوند ولی در بالای لوگوی EOS 650D همچین چیزی وجود ندارد.,0,2,train
429,حدود یک ماهی میشه خریدمش و میتونم مزیت ها و عیب هاش رو بر اساس سلیقه خودم بگم.,0,2,train
9405,گوشی های با دوربین VGA هم زوم میشن.,0,2,train
11777,"به خاطر اسلاید بودن ""مینی پرو"" اول منصرف شدم ، ولی بعد از در نظر گرفتن موارد بالا اسلاید بودن گوشی رو به مشکلات داغ کردن و قدیمی بودن مدل ""مینی"" ترجیح دادم و تصمیم گرفتم از اسلاید گوشی خیلی کم استفاده کنم تا دیر تر خراب بشه، چون من یه گوشی رو بخرم دیگه تا سالها گوشی دیگه ایی نمی خرم و باید با همون بگذرونم!",0,2,train
5088,توجه: به هیچ عنوان گول یک سری از افراد سودجو که برای فروش کنسول های خود می گویند کنسول آنها به طور کامل هک شده است و تمامی ریجن ها را اجرا می کند نخورید چون همچین چیزی وجود ندارد و تمامی مدل ها دارای قفل منطقه ای برای بازی ها می باشند.,0,2,train
8854,با اینکه مدل 210 14 مگاپیکسله و مدل 230 12 مگاپیکسلیه.,0,2,train
2238,در کنار این دوربین، یک دوربین 1.6 مگاپیکسلی جهت انجام مکالمات تصویری نیز در قسمت جلویی این گوشی قرار گرفته است.,0,2,train
6376,از نظر شارژدهی بسیار شبیه به گوشی‌های HTC Incredible S و HTC Desire S می‌باشد.,0,2,train
5056,• PAL‌این منطقه مختص مناطق اروپایی، آفریقای جنوبی، خاورمیانه، استرالیا و نیوزیلند می‌باشد.,0,2,train
2116,بالاخره بعد از شایعات بسیار iPhone 5 هم وارد بازار شدایا این اسمارت فون همونیه که ما انتظارشو داشتیم ؟,0,2,train
10477,دوربینش 3.2 به بالاست به نظرم چون قبلش P1 داشتم که اونم 3.2 هست تقریبا تو یه رده اند.,0,2,train
10786,احتمالا همانی که بر روی مدل پیشین هم قرار داشت.,0,2,train
780,همچنین این صفحه نمایش قادر است 16 میلیون رنگ را نمایش دهد.,0,2,train
8591,کلا فقط قیمت رقابتی است و امکانات - مثلا در فلان گوشی فلان چیز دارد اما در گوشی رقیب با همین امکانات فلان آپشن وجود ندارد .,0,2,train
5276,همچنین در لبه سمت چپ دستگاه نیز درگاه اتصال داک مخصوص آن قرار گرفته است.,0,2,train
4565,بیشتر از یک ماه استفاده :1.,0,2,train
5717,رزولوشن این نمایشگر 800X480 پیکسل می‌باشد.,0,2,train
140,این در حالیست که بیشتر دوربین های موجود در بازار از کارت های حافظه ی بزرگتر SD بهره می برند.,0,2,train
5480,اگر هم بخواید، میتونید با گرفتن دکمه Home میتونید به حالت Wide ببریدش.,0,2,train
3741,من 6ماه این گوشیرو دارم و تازگی به Belle آپدیت کردم.,0,2,train
856,بنابراین برتری های هر کدوم نسبت به دیگری رو ذکر میکنم تا شما هم به حرف من برسید.,0,2,train
6897,سلام به همه ی دوستان من همین امروز این گوشی به دستم رسید.,0,2,train
7101,البته درگاه microUSB توسط درپوشی مخفی گردیده است.,0,2,train
2507,همچنین در کانفیگ هایی از مدل‌های چهار هسته ای سری A پردازنده های AMD نیز استفاده شده.,0,2,train
4504,تمام چیزایی که arc s داره رو این گوشی داره به جز دکمه شاتر دوربین.,0,2,train
5096,سوال:XBOX360 چند مدل درایو دارد و کدام یک بهتر است؟,0,2,train
5073,برای مثال، بازی NTSC-UC برروی ریجن های دیگر نیز اجرا می‌شود.,0,2,train
2562,امروز بدستم رسید.,0,2,train
3988,خوب بابا جان یه بار بگیرید دستتون، باهاش عکس بگیرید و مقایسه کنید.,0,2,train
10693,فرق زیادی با T نداره اما باید دید قیمتش تو این وضعیت در چه حده!,0,2,train
12260,این دوربین بصورت 1080i فیلم میگیره.,0,2,train
2272,اچ تی سی هم با این گوشی ثابت کرد که وقتی شرکتای دیگه داشتن گوشی هاشونو وارد بازار می کردن نقشه ی شومی براشون داشته.,0,2,train
7819,این دوربین با یک سنسور تصویر 1/4.85 اینچی HD CMOS همراه شده است که توانایی عکاسی با رزولوشن 3.28 مگاپیکسل را فراهم می‌کند.,0,2,train
286,از لحاظ استحکام بدنه از 10 8/5 میگیره و اون 1/5 هم که کم داره واسه سطح توقعی هست که htc به بازار تزریق کرده.2.,0,2,train
2004,از کمپانی اپل انتظار بیشتری داشتم .,0,2,train
4043,effectهای مختلف نقاشی، آبرنگ و.,0,2,train
11147,نمیدونم این تلویزیون از صفحه کلید بی سیم پشتیبانی میکنه یا نه!,0,2,train
7981,مخصوصا نسبت به رقبا.,0,2,train
10107,این در حالیست که اسکن با رزولوشن 300dpi می تواند در عرض 44 ثانیه صورت گیرد.,0,2,train
11593,حساسیت سنسور تصویر یا همان ایزو نیز تا 3200 بالا می‌رود.,0,2,train
2280,با این پیش زمینه که اهالی این سایت همه عاشق فناوری هستند و از کار کردن با گجتها لذت می برند می خواهم نقدی بر خرید گوشی هوشمند بنویسم: اگر دارین این نوشته رو میخونین یعنی قصد خرید اسمارت فون دارین و HTC one x plus یکی از گزینه هاتونه.,0,2,train
1045,پس بهتر است در این مورد حواستان جمع باشد.,0,2,train
7768,آیپد فقط 10 اینچی,0,2,train
11665,طوری که اگه بمدت 5 یا 10 دقیقه که باهاش یکسره کار میکردی یا بازی.,0,2,train
10090,پس اگر به دنبال لپ تاپی سبک ولی قوی و با کیفیت می گردید، باید هزینه بیشتری پرداخت کنید و به سراغ آلترابوک ها بروید.,0,2,train
12956,باتریباتری لیتیوم یونی مدل BL-4U با ظرفیت 1100 میلی آمپری که در این گوشی استفاده شده است، تا حدود 20 ساعت مکالمه ممتد و بیش از 680 ساعت در حالت آماده باش را پشتیبانی می‌کند.,0,2,train
546,HP در سال 2009 برای اولین بار لپ‌تاپ‌های بیزینسی ProBook S را معرفی کرد.,0,2,train
12138,از عکس های گرفته شده توسط آن انتظار زیادی داریم.,0,2,train
5859,من 8 ماهه که مدل I9100G این گوشی رو دارم و با مدل I9100 هم کار کردم و برخلاف نظرات برخی کاربران هیچگونه عملکرد ضعیف تری رو نسبت به I9100 حس نکردم و باید این رو هم بگم که مدل جی کمتر داغ میکنه و شارژ باتری رو بهتر مصرف میکنه و در کل بهینه‌تر کار میکنه.,0,2,train
11478,شما رو نمیدونم اما من بین این سوپر اسمارت فون و اپل و سامسونگ شکی ندارم، چون قبلا تجربه اسمارت فون های ال جی رو داشتم .,0,2,train
1088,با قابلیت AllShare Play می‌توانید فیلم، عکس، موسیقی و بسیاری فایل های رسانه ای دیگر را هر دستگاه سازگار، شامل کامپیوترها که در نزدیکی تلویزیون قرار دارند پخش کنید.,0,2,train
11719,کیفیت ساخت خوبی داره ولی یه کم صفحه اش کوچیکه.,0,2,train
8533,"ولی نسبت به قیمتش تقریبا می ارزه ولی میشه گفت دوربین های canon powershot سری A هم رقیب اصلی این دوربین ها هستند، پیشنهاد می کنم قبل از خرید به دوربین های سریA ""کنون "" هم سری بزنید.",0,2,train
5867,گاهی اوقات بسیاری از کاربران هنگامی که دستوری رو صادر میکنند ناخواسته بصورت پیاپی این دستور رو تکرار کرده و این امر موجب صدور دستور وقفه توسط سیستم عامل و حتی CPU در سیستم میشه وگرنه این کاملا مشهوده که عملکرد یک پردازشگر چند هسته ای متقارن با فرکانس 1.2GH به این سادگی دچار وقفه (هنگ) نمیشه!,0,2,train
2999,این موضوع در اینده مشخص خواهد شد اما احتما برد ایسوس بیشتره.,0,2,train
11318,"این ویژگی در حقیقت مدلی ارتقاء یافته از Picture Style می‌باشد و شما می‌توانید از بین مودهای Standard, Vivid, Soft, Warm, Intense, Cool, Brighter, Darker و Monochrome انتخاب کنید.",0,2,train
9933,این جدیدترین نسخه‌ی سیستم عامل اپل می‌باشد که البته در پایه و اساس، با نسخه‌ی پیشین تفاوت چندانی نمی‌کند.,0,2,train
12735,خدا کنه خیلی گرون نباشه,0,2,train
9005,نخستین آپشنی که به آن برخورد می‌کنید Record Mode است.,0,2,train
9229,همچنین در 650D برچسب های کنترل چهار جهته بر روی خود دکمه ها قرار گرفته اند.,0,2,train
9991,اول اینکه آیا 4s بهترین گوشی موجود در بازار تا به این تاریخ است؟,0,2,train
2882,یک نوار پلاستیکی در قسمت بالایی این قاب قرار دارد که بر روی آن دوربین اصلی 8 مگاپیکسلی Infinity به همراه فلاش LED آن تعبیه شده است.,0,2,train
4508,من این گوشی رو یک ساله دارم از نظر سیستم عامل قوی عمل میکنه تنها مشکلی که داره اندازه کوچک صفحه نمایششه که بازی کردن باهاش زیاد لذت بخش نیست البته الان دیگه میخوام گوشیمو عوض کنم note 2 بگیرم.,0,2,train
7453,ولی به هر حال تجربه فیلم برداری باهاش رو ندارم و کسایی که دارن شاید نظر من رو تایید نکنن.,0,2,train
3580,در لبه جلویی لپ‌تاپ نیز یک کارت خوان SD قرار دارد.,0,2,train
776,نهایتا در قسمت پشت گوشی، دوربین 8 مگاپیکسلی این گوشی به همراه فلاش LED خود نمایی می‌کند.,0,2,train
7856,چیدمان کلیدها و پورت‌ها نشان می‌دهد که ایسوس در نظر داشته تا کاربران از این تبلت به صورت عمودی (Portrait) استفاده کنند.,0,2,train
5568,نمی‌دانیم که آیا منظور سونی برای نام نهادن این چنینی دقیقا همین مضمون‌ها بوده‌اند یا خیر.,0,2,train
8519,وقتی آماده شد و شروع به فیلم برداری کردید، نتیجه‌ی سه بعدی کاملا واضح است.,0,2,train
1383,شاید بتوان با کمی اغراق گفت که جزو تنها تاج پدهاییست که بتوان از آن استفاده کرد و آن را به ماوس ترجیح داد.,0,2,train
1682,این کانکتور کاملا دیجیتالی بوده و طوری طراحی گردیده که از هر دو طرف قابل اتصال است.,0,2,train
1029,بدین صورت که لنز در قسمت بالا و سمت راست قرار گرفته و عمل زوم کاملا داخلی صورت می‌گیرد.,0,2,train
9923,"A 900, 1900MHz هم پشتیبانی می‌کند.",0,2,train
671,پروبوک 4530 هم داشتم با سی پی یو core i7 اما 3 ساعت بیشتر شارژدهی نداشت.,0,2,train
7509,رو با همین برند انجام میدم.,0,2,train
11844,گوشی خوب و کاملی هست و نسبت به قیمتش عالیه فقط تنها مشکلی که داره صداشه که خیلی ضعیفه.,0,2,train
7606,همچنین تراکم پیکسلی این صفحه نمایش، 233ppi می‌باشد.,0,2,train
2032,در کل با توجه به نوسانات نرخ ارز به نظر میرسه قیمت واقعی این گوشی در ایران بسیار فراتر ازقیمت جهانی باشد.,0,2,train
7843,• طراحی و ساخت فکر می‌کردیم با توجه به قیمت پایین دستگاه، ایسوس همانند تبلت نکسوس 7، از بدنه ای تماما پلاستیکی برای Fonepad استفاده کند.,0,2,train
1181,نهایتا، بر روی قاب پشتی گوشی نیز، دوربین به همراه فلاش و یک بلندگو به چشم می‌خورند.,0,2,train
3989,اصلا نخواستید، برید تو گوگل Sample Photo های دوربین های مختلف رو با هم مقایسه کنید..,0,2,train
3387,نرم افزار Windows Phone 8X جزو اولین گوشی‌های عرضه شده به بازار است که از سیستم عامل Windows Phone 8 بهره می‌برد.,0,2,train
8274,بررسی اجمالی بر روی این دوربین داشتیم ولی سعی می‌کنیم که به هنگام به بازار آمدن این دوربین نقدی عمیق تر هم بر روی آن ارایه دهیم.,0,2,train
12430,گوشی خیلی خوبی هست هم از لحاظ قیمت و هم از لحاظ بهتر بودن نسبت به t و tx ولی به نظر من یه مشکل کوچک داره، اندازه خود گوشی نسبت به صفحه نمایش اون کمی بزرگتر هست و فاصله از بالای گوشی تا بالا صفحه نمایش کمی زیاد هستش,0,2,train
4219,دوربین 5 مگاپیکسلی خوبی هم داره اما خیلی ایده‌آل نیست.,0,2,train
10098,درون این پنل خاکستری یک Transparency Adapter قرار گرفته که بوسیله ی کابلی خاکستری رنگ به بدنه ی اصلی متصل می گردد.,0,2,train
7039,چون بعد از تولید وان ایکس بود که سامسونگ s3 رو تولید کرد و ال جی هم optimus g رو وارد بازار کرد.,0,2,train
5411,به صورت پیش فرض بیش از 40 برنامه بر روی این گوشی وجود دارد که از مهم‌ترین آن‌ها می‌توان به App Manager، Backup، Google Chrome، File Share، Gmail، LG Tag Plus، Maps ، QuickMemo، PolarisOffice، VideoWiz و Weather اشاره نمود.,0,2,train
5569,به هر صورت، هرچند که Miro یک سری ویژگی‌های مقاومتی Go را ندارد، ولی به طور کلی ظاهر آن شبیه به آن گوشی می‌باشد.,0,2,train
101,سنسور تصویر 16 مگاپیکسلی CMOS این دوربین دقیقا همانی است که بر روی دوربین F600 سال گذشته و دوربین همزمان معرفی شده‌ی F770 هم وجود دارد و از این لحاظ هیچ تغییری بین این سه به چشم نمی‌خورد.,0,2,train
11092,در نمای جلویی تبلت، دوربین 2 مگاپیکسلی جهت مکالمات تصویری به همراه 2 اسپیکر به چشم می‌خورند و در آخر هم دوربین 5 مگاپیکسلی این تبلت به همراه فلاش که در قسمت پشتی آن خودنمایی می‌کند.,0,2,train
8217,یکی از آن ها وسیله ای به نام LCD Touch Bacpac است.,0,2,train
12818,تنها کافیست بعد از نصب ویندوز اکتیویتور را اجرا نمایید.,0,2,train
8786,قدرت متوسط سخت افزاری این گوشی برای اجرای فرامین کاربر کافی هستند.,0,2,train
548,مدل 4540s، یک مدل 15.6 اینچی از این سری جدید است که به تازگی وارد بازار شده است.,0,2,train
3091,سرعت فرستادن اطلاعات در ایپد بیشتر است چون نسخه بلوتوث 4 است دوربین:دوربین این تبلت 8mgp است ولی کیفیت دوربین به این نیست بلکه به لنز ان است.,0,2,train
3019,در مورد کارکرد باطری من خیلی تفاوتی ندیدم.,0,2,train
3034,بنابراین به نقد تبلت های بزرگ تر می پردازیم.,0,2,train
5558,"در تماس های تصویری کیفیت دوربین جلو به مراتب بهتر از HTC Sensation XL , Xperia P , Xperia SL , Xperia Arc S , Xperia Ray هستش ولی احساس میکنم همرده با Galaxy S III , Galaxy Note میشه حساب کرد.",0,2,train
231,این ساختار برای اینه که چون ابعاد گوشی بزرگه موقع کار با اون انگشت به صورت نا گهانی برخورد نداشته باشه و از برنامه بیاد بیرون خروجی MICRO HDMI ، ورودیOTG همون USB خودمون فقط یه مشکل داره تو بعضی از سایت ها مشکل جدا شدن حروف فارسی رو داره که با اپدیت جدید سونی حل شدست,0,2,train
6103,ضمنا برای شارژ مجدد باید از پودر مناسب و استاندارد استفاده شده تا کیفیت چاپ اولیه خود را حفظ کند.,0,2,train
5081,سوال: آیا XBOX360 کپی‌خور شده و دارای مود چیپ می‌باشد؟,0,2,train
12524,بعلاوه یک دوربین VGA در جلو و نیز یک دوربین 5 مگاپیکسلی در پشت به همراه فلاش LED وجود دارد.,0,2,train
1176,دور تا دور بدنه را یک لایه‌ی آلومینیومی در بر گرفته که کلید های کنترلی این گوشی را نیز در خود جای داده است.,0,2,train
11054,خوب اصولا از قضیه شکایت و برنده شدن اپل خبر دارید!,0,2,train
6056,من حدود 2 ساله دارم از این دستگاه تا حالا 3 بار شارژ کردم تونرش رو !,0,2,train
10156,٣- دکمه هدفون جایی قرار گرفته که در صورت استفاده از کیف لپتاپی، امکان بستن در کیف وجود نداره.,0,2,train
3996,نه دوربین های رقیب.,0,2,train
859,اما فیلمبرداری ارتقاء نیافته (480p یا WVGA).,0,2,train
6375,این گوشی از باتری لیتیوم یونی 1650 میلی آمپر ساعتی بهره می‌برد.,0,2,train
3024,در نهایت امیدوارم این نقد منصفانه و برای شما عزیزان کاربردی بوده باشه تا بهترین انتخاب رو داشته باشید.,0,2,train
492,"ویندوزفون 8 یک سیستم عامل ساده و روان بدون هرگونه پیچیدگیه مزایایی که داره: باز بودن استور ویندوز فون برای دانلود برنامه فقط 1 نکته هست وقتی میخواین اکانت hotmail یا live بسازین, باید تو اون قسمتی که میگه در چه کشور یا region هستید, نباید ایران بزنید قابلیت نصب برنامه از طریق استور از روی کامپیوتر بر روی گوشی بر طرف شدن مشکل انتقال فایل ها از طریق بلوتوث معایب: تعریف نشدن vpn conection در ویندوزفون (که قراره در آپدیت بعدی این مشکل حل بشه) نصب برنامه ها بر روی حافظه داخلی گوشی (حدود 5 گیگ از 8 گیگ حافظه داخلی آزاد که میتونه برای نصب برنامه کافی باشه) نداشتن رادیو مشخصا سیستم عامل ویندوز فون با گذشت زمان و ارائه نسخه های جدیدتر بهتر میشه و طرفدارای خودشو پیدا میکند در آخر اگه قصد تجربه یک گوشی خوب با سیستم عامل ویندوز فون رو دارید انتخاب درستی کردید.",0,2,train
2576,با 4 تا باتری پاناسونیک که همراهش بود تا حالا 200 تایی عکس گرفتم .,0,2,train
9243,درست همان فن آوری که پیش از این بر روی دوربین های بدون آینه-با لنز قابل تعویض Nikon 1 J1 و Nikon 1 V1 دیده بودیم.,0,2,train
13002,در سمت چپ دوربین می‌توانید صفحه نمایش 2.8 اینچی دوربین را ببینید که یک صفحه نمایش 270.000 پیکسلی است و تقریبا مانند صفحه نمایشی است که در مدل HD7 به کار رفته است.,0,2,train
2324,هرچند که کمینه ی نسبت کانونی آن در حالت واید f/3.0 می باشد ولی در زوم کامل f/6.9 را ارائه می دهد که لنزی نسبتا کند محسوب می شود.,0,2,train
13012,خروجی A/V و ورودی DC نیز در همین قسمت هستند.,0,2,train
12178,این دوربین هم با کیت لنز جدید 18-55 میلی متری STM کانن عرضه می شود.,0,2,train
11081,سامسونگ در تولید Galaxy Note 10.1 یک رویکرد آموزشی را هم در نظر داشته است.,0,2,train
1970,شما یه نگاه به سریهای اندروید تولید شده بندازید.,0,2,train
456,در ضمن، برنامه نقشه‌ها و مکان یابی نوکیا یعنی Here نیز همراه با Nokia Drive بر روی این گوشی قرار داده شده است.,0,2,train
7761,صفحش رتینا نیست و رمش هم 512 هست که اونم اپل برای محصول بعدیش گذاشته که جای مانور داشته باشه.,0,2,train
834,و کم کم داره سعی میکنه که از راه های دیگه ای(مثل بازار دوسیمکارته ها و یا ویندوز فونها)وارد بازار بشه.,0,2,train
1891,گوشی باید چیز کوچیک و جم و جور باشه که حملش راحت باشه !,0,2,train
11464,همچنین میتوانید به نقد و بررسی دیجی کالا نیز مراجعه کنید!,0,2,train
6265,این مشکل فقط در نمونه های بدون گارانتی وجود داره و من که با گارانتی مایکروتل خریدم هر نوع سیم کارتی رو در هر اسلاتی استفاده می کنم.,0,2,train
2110,نظرات رو که میخونم میبینم کم کم مردم به نقاط ضعف گوشی آیفون دارن پی میبرن.,0,2,train
6259,این یه گوشی دو سیم کارته است و باید با گوشی های دو سیم کارته مقایسه بشه.,0,2,train
1089,فن آوری ابری و ذخیره سازی اینترنتی سامسونگ آزادی عمل و قابلیت حرکت بیشتری به شما می بخشند و به شما اجازه می دهند تا در مواقعی که از خانه دور هستید به برنامه های چندرسانه ای خود دسترسی داشته و آنها را به اشتراک بگذارید.,0,2,train
8147,پورت micro-USB در لبه سمت چپ این دستگاه قرار دارد و در لبه سمت راست آن نیز کلید کم و زیاد کردن صدا تعبیه شده است.,0,2,train
3322,طبق ادعای شرکت این باتری با یک بار شارژ توانایی شارژدهی به مدت 330 دقیقه برای فیلم برداری را دارد.,0,2,train
5091,هکر‌ها با ایجاد تغییرات در این میان‌افزارها توانسته‌اند درایو کنسول XBOX360 را کپی‌خور کنند تا دیسک‌های کپی را اجرا نماید.,0,2,train
4540,خیلی ها این گوشی را با galaxy ace و xperia active مقایسه می کنند که باید بگویم اصلا مقایسه ی عادلانه نیست و ray درحدود 80 درصد موارد از این دو گوشی بهتر است.,0,2,train
4548,(854 × 480)3) این گوشی به زودی قابل ارتقا به نسخه چهاره.,0,2,train
12122,البته از آن دوربین کاملا کوچکتر است ولی به هر صورت این دوربین دارای قوس ها و دستگیره ی نسبتا بارزی می باشد که آن را شبیه به آن مدل می کند.,0,2,train
3747,اگه با این بودجه میخواین گوشی بخری من samsung galaxy fit رو پیشنها میکنم.,0,2,train
6430,ADATA رو حتما مقایسه کنید,0,2,train
3315,بهترین مقدار نور محیط برای فیلم برداری با این دوربین 11 لوکس می باشد تا فیلم های با کیفیت تری بدست آید.,0,2,train
1022,البته مطمئنا رقبایی نیز برای FT3 در بازار وجود دارند که از سرسخت‌ترین آن‌ها می‌توان به دوربین‌های سری Tough کمپانی المپوس و البته مدل TG-810 آن‌ها اشاره کرد که حتی تحمل وارد آمدن فشار 100 کیلوگرمی را هم دارد.,0,2,train
6201,صفحه نمایش موجود بر روی این گوشی یک صفحه نمایش 5 اینچی لمسی خازنی از نوع LCD می‌باشد که قادر است 16 میلیون رنگ را نمایش دهد.,0,2,train
3222,چرا برای به دو هسته ای هزینه کنی که معلوم نیست تاکی آپدیت میشه خوب برید یه نکسوس 7 بگیرید و مطمئن باشید تا 2 سال دیگه هم توسط گوگل ساپورت میشه در ضمن قیمتش هم از این کمتره و بهترین تبلت 2012 هم که شد اگه هم مشکل سیمکارت دارید یه گوشی ساده هم بگیرید دستتون ولی حداقل با خرید نکسوس 7 یه تبلت واقعی گرفتید این فقط یه گوشیه در سایز بزرگ ..,0,2,train
11026,نسخه آفیس موجود در این تبلت بسیار به نسخه ویندوزی این نرم افزار شباهت داره.,0,2,train
10720,محیط برنامه دوربین، تغییر خاصی نسبت به گوشی‌های قبلی (مانند Xperia S) نداشته است و گزینه جدیدی در بخش تنظیمات عکس‌برداری و فیلم‌برداری مشاهده نمی‌شود.,0,2,train
1571,• نرم افزار سیستم عامل منتخب سامسونگ برای این تبلت نسخه 4.1.2 از سیستم عامل اندروید است.,0,2,train
11516,اما بزرگ‌ترین تغییرات ایجاد شده در نسخه 4.2 اندروید را می‌توان مربوط به برنامه دوربین دانست.,0,2,train
12070,مشخصه‌های اصلی دوربین فیلم‌برداری JVC مدل GZ-MG255: • هارد 30 گیگابایتی• CCD کارآمد 1.39 اینچی 2.18 پیکسلی• زوم اپتیکال 10 برابر• فلاش• حداکثر اندازه عکس: 1224×1632 پیکسل• صفحه نمایش 2.7 اینچی وایداسکرین• مدت زمان فیلم‌برداری در حالت Ultra: 7 ساعت• مدت زمان عکاسی در حالت Fine: 10.5 ساعت• مدت زمان عکاسی در حالت Norm: 14 ساعت• مدت زمان عکاسی در حالت Eco: 37.5 ساعت• CyberLink’s PowerCinema NE • Direct DVD/Direct Back-Up • PowerDirector 5 NE Express,0,2,train
1654,همان طور که میدانید صفحه نمایش iPhone 4S یکی از برترین صفحه نمایش‌های موجود در بازار به شمار می‌رفت.,0,2,train
2414,(یعنی تقریبا 200 گرم سنگین‌تر از iPad 4) اما ایسوس در مدل جدید، با تغییر طراحی داک و سیستم قرارگیری گوشی داخل آن، توانسته است وزن داک را بیش از 200 گرم کاهش داده و هنگامی که PadFone 2 را داخل داک آن قرار می‌دهید، وزن کلی دستگاه تنها 649 گرم خواهد بود.,0,2,train
2615,با استفاده از 4 تا باتری قابل شارژ(2700mah) نزدیک به 300تا عکس میشه باهاش گرفت.,0,2,train
5310,• باتری انرژی لازم برای Nexus 7 توسط یک باتری لیتیوم یونی 4325 میلی آمپری تامین می‌شود و با یک بار شارژ آن می‌توان حدودا تا 8 ساعت از این تبلت استفاده کرد.,0,2,train
13011,در سمت راست آن خروجی‌های iLink و HDMI قرار دارند.,0,2,train
9861,انگار نظرات خوانندگان و سایت محبوب دیجی کالا را شنید,0,2,train
5462,فقط وقتی از چپ و راست زاویه رو زیاد میکنی، رنگ هاش کمی عوض میشن.,0,2,train
4884,سلام دوستان عزیزم!,0,2,train
2038,23 شهریور به نظر من در مراسم معرفی آیفون5،‌آیپادها تغییرات بهتری داشتند.,0,2,train
3059,کافیه که یک طراح چیره دست باشید و بجای حمل مقدار زیادی کاغذ ، ماژیک و لوازم طراحی که معمولا من به شخصه اگه بخوام حملش کنم ، چیزی حدود 5 کیلو گرم میشه، رو جایگزین کنید با این تبلت.,0,2,train
6360,هرچند که اکنون نمایشگرهایی با رزولوشن 960×540 پیکسل با نام QHD هم در بازار موجود اند که به عنوان مثال یک نمونه از آن بر روی HTC Sensation استفاده شده، ولی کیفیت نمایشگر آن اصلا به پای Galaxy S II نمی‌رسد.,0,2,train
11591,سایز این سنسور همان 1/2.3 اینچ استاندارد بیشتر دوربین کامپکت و Bridge می‌باشد که سنسوری کوچک است.,0,2,train
8220,دیگری Battery Bacpac است که آن فقط یک باتری اضافی می باشد که پشت دوربین متصل می شود.,0,2,train
7582,قیمت این گوشی به خاطر داشتن 4g و دریافت اینترنت فوق سریع آن (در ایران وجود ندارد ) گران تر است البته 3g تازه تو ایران راه افتاده,0,2,train
4122,گوشی نوکیا asha200 هم با دو سیم کارت میتواند هم ردیف ارزان قیمت این گوشی باشد.,0,2,train
11262,با استفاده از Wi-Fi داخلی نیز می‌توانید عکس‌ها و فیلم هایی که گرفته اید را به صورت بیسیم به لپ تاپ یا وسیله‌ی مشابه دیگر منتقل کنید.,0,2,train
6609,قسمت پشت دوربین هم جایی است که دکمه‌ی Rec دیده می‌شود.,0,2,train
7338,آن قدر محکم که نمی‌توانید با یک دست درب آن را باز کنید.,0,2,train
6264,ضمنا اون دوستانی که میگن روی اسلات دوم سیم کارت رایتل و ایرانسل مشکل داره برن گارانتی اصلی بگیرن.,0,2,train
10421,عمل زوم را نیز می‌توانید از طریق دو اهرم زوم، که یکی از آن‌ها پیرامون دکمه‌ی شاتر و دیگری در کنار لنز قرار دارد انجام دهید.,0,2,train
6652,این دوربین مجهز به فن آوری لرزش گیر اپتیکال intelligent O.,0,2,train
9706,بالاخره بعد از سال ها انتظار اپل گوشی iPhon5 خودش رو ارائه داد!,0,2,train
5565,Miro در حقیقت فضای خالی بین Xperia Tipo و مدل گران قیمت‌تر یعنی Xperia Go را پر می‌کند.,0,2,train
3850,سامسونگ یعنی آینده در حال,0,2,train
10494,البته خودم نخریدمش .,0,2,train
11872,چنین سیستم عاملی به پردازنده‌ای قدرتمند هم نیاز دارد تا گوشی شما مثل یک کامپیوتر خیلی خوب کار کند.,0,2,train
7045,Galaxy S4 با بهره گیری از Exynos 5450 با دقت ساخت 28 نانومتر و 4 هسته با فرکانس 2.0 Ghz و چیپ گرافیکی Mali T658 به همراه DDR3 2GB رم و صفحه 5 اینچ Super AMOLED Full HD بی شک قویترین و پرچمدار اسمارت فونهای آندرویدی خواهد بود.,0,2,train
1318,محصولی دیگر از اپل..,0,2,train
4569,دوربین hd و سه بعدی5.,0,2,train
2605,امروز بعد از 3 روز به دستم رسید ارزشش نسبت به قیمت اولین و آخرین موردی هست که شمارو مطمئن میکنه چیزی که خریدید حتما ارزشش رو داره تنها موارد نا امید کننده که مسلما نباید با این قیمت انتظار بیشتری داشته باشیم نداشتن حافظه ی داخلی (خیلی های دیگه هم ندارن) و باتری غیر شارژی هستش.,0,2,train
1668,بنابراین برای یافتن مشخصات سخت افزاری محصولات این کمپانی، شرکت‌های مختلف بر روی آن‌ها تحقیق و آزمایش‌های مختلفی را انجام می‌دهند.,0,2,train
839,مثل سونیP.,0,2,train
6922,حالا این گوشی با این سخت افزار واقعا 2020MA براش کمه به نظرم.,0,2,train
7555,بازی اچ دی و .,0,2,train
330,هنگامی که نوت‌بوک را باز می‌کنید با یک صفحه نمایش کاملا براق مواجه خواهید شد که دارای یک قاب براق است و کاملا نور را بازتاب می‌کنند.,0,2,train
7636,باید برای یک انتخاب عالی به سلیقه و نیاز هامون نگاه کنیم .,0,2,train
9922,"iPhone 4s یک گوشی چهار بانده‌ی UMTS / HSDPA / HSUPA 850, 900, 1900, 2100MHz و چهار بانده‌ی GSM / EDGE 850, 900, 1800, 1900MHZ است که از دو باند CDMA EV-DO Rev.",0,2,train
11564,1/2.3 اینچ.,0,2,train
11470,فقط میمونه کیفیت صدا و دوربینش، که باید مشخص بشه، بقیه موارد هم که امتحانشونو پیش کارشناس ها پس دادند.,0,2,train
2606,بیاین نظرمون نسبت به فوجی رو عوض کنیم!,0,2,train
3885,بدین ترتیب در حقیقت تقلیدی از زوم و فوکوس دستی دوربین‌های DSLR است.,0,2,train
9487,در قسمت پشتی یک سویچ وجود دارد که با آن می‌توانید بین حالت فیلم برداری، عکاسی و پخش فیلم‌ها سویچ کنید.,0,2,train
13085,این دستگاه از باتری لیتیوم-یونی قابل شارژ بهره می برد که توانایی پخش 22 ساعت موسیقی و 5 ساعت ویدیو در حالت شارژ کامل را به iPod می دهد.,0,2,train
3372,در قسمت بالایی گوشی جک 3.5 میلی متری هدفون به همراه کلید پاور قرار داده شده است.,0,2,train
3296,ضبط ویدیویی Full HD می تواند در کیفیت های 24mbps و 16mbps انجام گیرد.,0,2,train
5142,arcade با 256 و 512 مگابایت حافظه بصورت onboard و مدل دارای کارت حافظه 256 مگابایتی همراه که این مدل وارد ایران شد .,0,2,train
10744,نظر دوستمان جناب منظری ، نزدیک به واقعیته .,0,2,train
6022,در کیفیت FastRes 600 این کار 10 ثانیه طول کشید.,0,2,train
11331,سرعت عکاسی پیاپی این دوربین 3.7 فریم بر ثانیه برای 34 عکس JPEG و 6 عکس RAW می‌باشد.,0,2,train
4655,چون من خودم سفیدش رو دارم و برادرم مشکیشو.,0,2,train
9676,روی کاغذ که چیز خاصی نبود به غیر از طراحی باریک.,0,2,train
11753,ولی راجع به کیفیت و ارگونومی باید از کسی بپرسی که کارش انداخته باشه.,0,2,train
9144,دکمه پاور و جک هدفون در لبه بالایی دستگاه دیده می‌شوند.,0,2,train
871,یعنی کسانی که از این گوشی ها میخرن باید روشون برچسب محافظ بچسبونن!,0,2,train
2602,به نظر من مبلغی که شما دارید پرداخت میکنید فقط بخاطر لنز دوربین هستش!,0,2,train
1638,نحوه قرار گیری شکاف‌ها و کلید های iPhone5 نیز تغییرات زیادی نداشته است.,0,2,train
3519,برنامه پخش موسیقی نیز نسبت به نسخه‌های قبلی تغییرات بسیار داشته است.,0,2,train
5354,از کسانی که این تبلت را می خرند بخش عمده ای که قصد فروش آن را دارند علت این کار را مشکل کمبود فضای ذخیره اعلام کرده اند.,0,2,train
2462,این دوربین ساخت چین هستش,0,2,train
7127,صفحه اصلی را نیز می‌توان به طرق مختلف شخصی سازی نمود.,0,2,train
217,بردمش خدمات موبایل، میگفت مشکل از آندروید ۴.,0,2,train
12750,از نظر پورت‌ها و اتصالات ما یک پورت micro USB را شاهد هستیم و یک آدیو جک 3.5 میلی متری استاندارد و برای اتصال هدفون که در کناره‌ی گوشی قرار گرفته.,0,2,train
3847,من در منزل بیشتر دستگاههای الکترونیکی رو از آخرین نمونه های سامسونگ انتخاب کردم و بیشترشون رو میتونم با سیستم All Share Control در گوشی گالاکسی اس 3 خودم، کنترل کنم.,0,2,train
3289,کاربرهای مبتدی، خانگی، اداری و چه کاربران حرفه ای، هر یک می‌توانند با توجه به نیاز خود، مدل مورد نظر را خریداری کرده و از آن استفاده کنند.,0,2,train
10046,دقت صفحه نمایش تمام مدل ها 1366×768 می باشد که دقت استاندارد و متوسطی محسوب می گردد.,0,2,train
2534,در نظر بگیریم که توانایی زوم لنز دوربین های این رده تا 40 برابر هم رسیده است.,0,2,train
9899,) مواردی که من در این گوشی دیدم میتونم به چند نکته اشاره کنم شاید دوستان عزیز کمی بیشتر با اون آشنا بشن: 1.,0,2,train
3987,شماهایی که میگین سنسور فلانه، ابعاد بیسانه، نویز به امانه..,0,2,train
3036,galaxy note 10.1 با این که صفحه نمایش 10 اینچی داشته این بار هم مانند سری galaxy tab به همان رزولوشن اچ دی بسنده کرده است و تنها مزیتی که نسبت به دیگر تبلت ها داشته رم 2 گیگابایتی آن است.,0,2,train
6903,ایفون 5 هم باتری 1400 داره.,0,2,train
7721,قدرت.,0,2,train
8057,ویدیوها نیز با سرعت 24 فریم بر ثانیه ضبط می‌گردند.,0,2,train
12386,به وسیله‌ی HDMI نیز می‌توانید دوربین را به HDTV متصل کنید.,0,2,train
1440,A810 ارزان قیمت ترین دوربین این سری از دوربین های کانن است.,0,2,train
10571,البته قسمت زیرین دستگاه کاملا مات است ولی بقیه بخش‌ها مانند قاب پشتی و بخش استراحتگاه مچ دست از پلاستیک براق ساخته شده‌اند.,0,2,train
1209,یکی اینکه گوشی را به سرعت از داخل داک در آورده به تلفن جواب دهید و یا اینکه به وسیله‌ی بلندگوی تبلت و میکروفون آن به تماس پاسخ دهید.,0,2,train
209,بعضی ها میگن با آپدیت این گوشی خراب میشه یا مثلا دوربین از کار میوفته و .,0,2,train
3265,تعدادی پورت USB 2.0، پورت شبکه گیگابیتی، VGA و HMDI، کارت خوان و ورودی و خروجی صدا، همگی موجود هستند.,0,2,train
12233,دوربینهواوی در MediaPad 10 یک دوربین 8 مگاپیکسلی قرار داده است.,0,2,train
3060,چونکه کلی کتاب رو میشه توش جا داد.,0,2,train
10789,تکرار می کنیم که اگر سنسور تصویر به این کوچکی نبود دوربین را در رده ی کامپکت های سطح پیشرفته قرار می دادیم.,0,2,train
9044,جایی که، نمایشگر بزرگ لمسی 3.7 اینچی جایگزین نمایشگر 3 اینچی شده است.,0,2,train
1762,امیدوارم اپل برای iphone 5s بیش تر زحمت بکشه.,0,2,train
7428,برخلاف 8800F این اسکنر تنها ظرفیت یک استریپ شش تایی فیلم عکاسی را به جای دو تا دارا می‌باشد.,0,2,train
5080,این بازی‌ها معمولا فقط دارای زبان ژاپنی می‌باشند.,0,2,train
5429,باتری باتری موجود بر روی Optimus VU یک باتری 2100 میلی آمپر ساعتی لیتیوم یونی می‌باشد.,0,2,train
11287,همانند دیگر دوربین‌های کانن با سنسور APS-C این دوربین هم با تمام لنزهای ساخت کانن از جمله لنزهای EF و EF-S سازگار است.,0,2,train
3078,هر برنامه و بازی که خواستید با خیال راحت بریزید و از اجرای آن مطمئن هستید.,0,2,train
5537,تمامی بخش های گوشی از قبیل Screen و پشت و کلید ها با استفاده از برچسب مخصوص پوشیده شدن که میشه گفت به نوعی پلمپ گوشی هستند و بعد از باز شدن تقریبا دیگه نمیشه چسبوند.,0,2,train
4873,و xbox رو مغلوب این رقابت میدونم.,0,2,train
3856,همانطور که گفتیم، HX200v مدل سال 2012 دوربین سال پیش HX100v می‌باشد.,0,2,train
12793,خدایا ممنونم .,0,2,train
11822,اگر میخواید مثل من هر وقت که احساس لذت بردن از گوشیتون رو تجربه میکنید یاد صحنه زمین خوردنش اذیتتون نکنه حتما براش محافظه سیلیکونی بگیرین، تا حدی تو دست سر میخوره,0,2,train
7363,از زاویه‌ی عمودی خیلی زود کیفیت خراب می‌شود ولی از زاویه‌ی افقی وضعیت کاملا بهتر است.,0,2,train
6495,مثلا کانن یا نیکون.,0,2,train
7674,سخت افزار داخلیاپل در Retina MacBook Pro از نسل سوم پردازنده های چهار هسته ای Intel Core i7 با نام Ivy Bridge استفاده کرده است.,0,2,train
127,شاید فوق فوقش تغییرات خیلی جزئی تو مدلهای جدید بدن.,0,2,train
11327,مود P یا Program اختیار همه‌ی تنظیمات را ولی در محدوده‌ای خاص و در صورتی که از تنظیمات درست تجاوز نکنید را به شما می‌دهد.,0,2,train
5972,هم نمایشگر ابعاد بزرگ و خوبی دارد و هم اینکه رزولوشن آن فوق العاده است.,0,2,train
5069,• جهت تشخیص ورژن NTSC-J از NTSC-J/Asia کافی ست به روی جعبه نگاه کنید.,0,2,train
11707,من 5ماهه این گوشی را دارم واقعا ازش راضی هستم، ، ، فقط بعضی مواقع تو اجرای بازی های ساده هم کم میاره، ، در ضمن دکمه ی بازگشتش هم ، ، اگه زیاد باهاش کار کنی، ، هنگ میکنه، ، اندرویدش را هم آپدیت کردم، ، درست نشد,0,2,train
7268,""" هستش.",0,2,train
4785,۳.,0,2,train
1951,وقتی بود اپلی بود که فکرشو نمیتونستی بکنی نیمه گاز زده شده(خورده شده) از لوگو اپل استیو جابز است دنیای دیجیتالی من دیجی کالا,0,2,train
7299,حرفه ای ترین مود عکاسی که بر روی این دوربین ارایه می‌شود و بیشترین اختیارات در تنظیمات نوردهی را به کاربر می‌دهد مود Program است.,0,2,train
6300,کاملا پلمپ بود و هولوگرام های مختلف داره.,0,2,train
2680,"به طوری که در تست های استاندارد؛ عکس ها از ایزو 100 تا 6400 به طور کلی فاقد نویز می باشند و فقط مقداری نویز از ایزو 12,800 مشاهده می گردد.",0,2,train
6566,همچنین نسخه 3 از فناوری بلوتوث و فناوری DLNA نیز بر روی این تبلت وجود دارد.,0,2,train
8187,در کناره ی دوربین نیز می توان پورت هایی چون USB، micro HDMi، جک 3.5 میلی متری میکروفون، آداپتور A/V و البته شیار کارت حافظه ی micro SD را مشاهده کرد.,0,2,train
577,مدل‌های میانی بیشتر از نسل دوم پردازنده های دو هسته ای Intel Core i5 و Intel Core i3 استفاده می‌کنند.,0,2,train
6246,دوستان این اطلاعات روی کاغذ تا واقعیت فاصله زیادی دارد.,0,2,train
7868,• سخت افزار و نرم افزار همان‌طور که در ابتدا گفتیم، Fonepad اولین تبلت اندرویدیست که از پردازنده های کمپانی Intel استفاده می‌کند.,0,2,train
10283,عالی هست فقط pdf نداره کیبورد نامناسب زاویه‌دید کم از نظر دیگر دیدگاه دیگر بی‌نظیره حتی از قیمت بالاتره خود هم بهتره,0,2,train
5005,اما حالا پک های جدیدی از این کنسول بازی ارائه شده که تفاوت های زیادی با هم دارند.,0,2,train
12917,طرحی زیبا و کلاسیکی داره به نظر خوش دست و کاربردی میاد ولی نوکیا حداقل یه دوربین 2 با فلش باید رو گوشی میگذاشت,0,2,train
3965,شما هر عکسی رو زوم کنی تار میشه.,0,2,train
6833,تنها تعداد کمی از مدل های برند HTC باتری اینترنال دارند.,0,2,train
1863,من مشتری آزادی در حق انتخاب را دوست دارم!,0,2,train
11458,تمام شرکتهایی که میشناسین فقط منتاژ کننده ی این گوشی ها هستند چون گرافیک و سی پی یو و سیستم عامل برای شرکت های دیگه هستند و فقط nokia تنها تولید کننده ی سیستم عامل توی شرکت های گوشی سازی هستش.,0,2,train
4398,همانند اکثر این تبلت ها، Sony S نیز از پردازنده دو هسته ای NVIDIA Tegra 2 به همراه یک گیگابایت حافظه RAM استفاده میکند.,0,2,train
8409,هرچند که در کل سری دوربین ها Bridge کانن شباهت نسبتا کمی به DSLR ها دارند.,0,2,train
7546,لطفا اول مشخصاتش رو ببینید بعد نظر بدید.,0,2,train
2243,چه اندرویدی و چه غیر اندرویدی.,0,2,train
504,) برخلاف گوگل پلی، استور ویندوز فون در ایران در دسترس است.,0,2,train
5189,پیش از اینکه وارد مسائل تکنیکی بشویم، بهتر است که نگاهی به طراحی و زیبایی شناسی این نوت‌بوک بیندازیم.,0,2,train
3972,در حالت عادی عکس کیفیت مطلوبی دارد اما وقتی بر روی آن زوم میکنید و یا میخواهید آنرا در قطع بزرگ چاپ کنید متوجه می شوید که عکس محو است یا نویز دارد.,0,2,train
1281,بنده برای روز همسر یعنی روز میلاد حضرت فاطمه زهرا (س) خریدم که به ایشون هدیه بدم .,0,2,train
12057,دوربین فیلم‌برداری JVC مدل GZ-MG255 از مدل‌های سری Everio است که اولین دوربین‌های فیلم‌برداری مبتنی بر هارد را عرضه کرده است.,0,2,train
5911,واقعا گوشیه خوبیه ولی یه مشکل اساسی داره!,0,2,train
4295,• عملکرد سخت افزاری هنگامی که نسل چهارم iPod Touch وارد بازار گشت، قدرت پردازشی بسیار بالایی را ارائه می‌داد و به راحتی تمامی برنامه‌ها و بازی‌های سیستم عامل iOS را اجرا می‌کرد.,0,2,train
11984,من دو هفتس این گوشیو از دیجی کالا گرفتم.,0,2,train
4447,فقط خواستم کمک باشه برای کسایی که می خوان این محصول رو خریداری کنند و بدونن همچین مشکلی ممکنه پیش بیاد.,0,2,train
13034,باور ندارید میتونید در دیجی کالا این دو را مقایسه کنید.,0,2,train
2125,درسته ای او اس.,0,2,train
2650,"بعلاوه در هنگام معرفی، سه لنز ثابت XF 18mm F2 R, XF 35mm F1.4 R, and XF 60mm F2.4 R Macro نیز با آن همراه شده اند.",0,2,train
191,من این گوشی رو گرفتم.,0,2,train
6267,دوستانی که می خوان بخرن به نمایندگی سامسونگ برن و با گوشی کار کنن و به اعداد و ارقام توجه نکنن.,0,2,train
1932,اگر اشکالات اون رو توی وبسایت هایی خونده باشید که میگن به عنوان مثال: روش خط میفته و یا اینکه دوربینش منبع نور رو بنفش نشون میده اصلا اینا روتون تاثیر نمیذاره..,0,2,train
5522,به نظرم اساسا ارزش گوشی به تناسب عملکرد و میزان قیمتش بستگی داره نه تبلیغات گسترده یا امکانات عددی روی کاغذ,0,2,train
6517,موقع خرید گزینه‌های زیادی بود اما با یه سبک سنگین معمولی نتیجه ی قطعی شد که اینو بخرم.,0,2,train
9,این پرینتر بدنه‌ی مشکی استایلیش و البته نه خیلی لوکس دارد و سعی شده که کنترل‌ها و اتصالات کمی هم داشته باشد.,0,2,train
9225,بسیار خوب، بهتر است از این جا شروع کنیم که ظاهر 650D نسبت به 600D تقریبا مو نمی زند!,0,2,train
10587,• کیبورد و تاچ پدG585 همانند اکثر نوت‌بوک های لنوو، از کیبورد جزیره ای انحصاری این کمپانی به نام AccuType استفاده می‌کند.,0,2,train
4005,ندوزید.,0,2,train
1443,اما به ادامه‌ی توضیح درباره‌ی A3400 می‌پردازیم.,0,2,train
10061,در بالا-سمت چپ تاچ پد، یک کلید لمسی تعبیه شده که به کمک آن می توان تاچ پد را فعال یا غیر فعال کرد.,0,2,train
8369,فوکوس روی 0 سانتی متر !,0,2,train
1924,با s3 و onex و sl هم کامل همزمان کار کردم.,0,2,train
9284,طبق استانداردهای CIPA شارژدهی آن تا 440 عکس برای این دوربین می باشد که چندان تغییری نسبت به 600D نداشته است.,0,2,train
11308,خیلی شبیه به مود اتوماتیکی که بر روی دوربین‌های کامپکت وجود دارد.,0,2,train
8224,در آینده و با آپدیتی که بر روی این نقد و بررسی خواهیم داشت سعی می کنیم که اطلاعاتی در این مورد را ارائه دهیم.,0,2,train
4932,گول قیمت play station3 را نخورید!,0,2,train
5491,برای دستان کوچک و خانوم ها (بعنوان گوشی اصلی) پیشنهاد نمیشه و بیشتر باید به چشم تبلت 5 اینچی بهش نگاه کنند.,0,2,train
4654,مخصوصا سفیدش.,0,2,train
6529,اگر وزن این تبلت را با تبلت های مشابه مانند Note 10.1 با 597 گرم، Nexus 10 با 600 گرم، TF700 با 586 گرم و یا حتی آیپد4 با 650 گرم مقایسه نمایید متوجه گفته ما خواهید شد.,0,2,train
1234,از قابلیت‌های این دوربین می‌توان به عکاسی HDR، لرزش گیر دست، تشخیص چهره و عکاسی پیاپی اشاره نمود.,0,2,train
11852,من این گوشی رو چند مدتی هستش که دارم و تقریبا با تمام امکانات گوشی هم کار کردم و آشنا هستم .,0,2,train
2477,به خصوص اینکه در قسمت استراحت مچ و پشت درب، طراحی الگو داری نیز دارد تا با سطحی کاملا صیقلی مواجه نباشیم.,0,2,train
10941,پردازنده چهار هسته ای با فرکانس 1.4 گیگاهرتز 2 گیگا بایت حافظه رم بدرد میخوره ها!,0,2,train
7567,دوربینش هم بد نیست..,0,2,train
12094,دوربین فیلمبرداری JVC GZ-MG335، یک دوربین هارددیسکی (HDD) است که تصاویر و فیلم های شما را روی هارد دیسک 30 گیگابایتی ذخیره می کند.,0,2,train
5168,۲/ واحد منطقی این واحد پردازشی توسط شرکت NEC در ساختار eDRam طراحی شده و وظیفه‌ی آن پردازش قابلیت‌هایی مانند رنگ تصاویر، آمیختن پرتوهای نوری برای افزایش کیفیت و دقت تصاویر و تصحیح سطوح ناصاف می‌باشد.,0,2,train
7266,یه مثال میزنم شاید متوجه بشید، خیلی ها هستن که هم گوشی های مدل بالا دارن هم MP3 Player اما ترجیح میدن موزیک هاشون رو با MP3 Player گوش کنن چون واسه این کاره، چون باهاش راحت ترن، چون.,0,2,train
7824,از نظر کیفیت تصاویر باید گفت که Legira HF R205 خیلی متوسط عمل می‌کند.,0,2,train
4221,من مطمئنم در آینده نه چندان دور هوآوی تمام بازار دنیا رو قبضه میکنه.,0,2,train
2054,من خودم به شخصه از آیفون 5 انتظارات بیشتری داشتم.,0,2,train
11314,همه ی این فیلترها را می‌توان به عکس‌های با فرمت JPEG و RAW پیش و پس از گرفته شدن عکس اعمال کرد.,0,2,train
10424,این سنسور تصویر از نوع CCD است.,0,2,train
1928,دوربین این گوشی را اگر جلو یک منبع نور خارجی بگیرید و عکس بگیرید دور اون منبع نور را هاله ای از نور بنفش میگیرد.,0,2,train
8813,با عرض سلام به تمامی دوستان اینجانب به مدت بیست سال است که تقریبا اکثر دوربینهای تصویر برداری خانگی و حرفه ای را داشته و تست کرده ام .,0,2,train
353,سمت راست تاچ پد، نوار مخصوص اسکرول وجود دارد که توسط دانه های رنگی مشخص شده است.,0,2,train
9009,در سمت راست آن نیز دکمه‌ی Play Back برای تماشای عکس‌ها و فیلم‌های گرفته شده قرار دارد.,0,2,train
265,من 3 هفته میشه این گوشی رو خریدم .,0,2,train
922,با این تفاوت که اکنون فن آوری لمسی این نمایشگر از نوع خازنی و مالتی تاچ است و مقاومتی نیست.,0,2,train
7899,از قابلیت‌های نرم افزاری این دوربین می‌توان به عکاسی پانوراما، قابلیت انتخاب صحنه و چند افکت تصویری اشاره کرد.,0,2,train
7835,"در سال 2011، سامسونگ با تولید و عرضه ابر گوشی Galaxy Note، مفهوم جدیدی را با نام ""Phablet"" یا فبلت تعریف نمود.",0,2,train
5485,17- هندزفری اش، توی سری های اولیه میگن بلوتوثی بوده، اما اینی که من گرفتم، سیمی بود و تقریبا شبیه هندزفری اس 3 و نوت 2 و اینا، با این فرق که روش نوشته الجی و تا حدودی پرزرق و برق‌تره.,0,2,train
915,از جلو که به دوربین نگاه می کنیم بیشتر شبیه به Leica S2 به نظر می رسد.,0,2,train
1944,به نظر من اپل میتونست با کمی تاخیر این گوشی رو بده بیرون تا خیلی پیشرفته ترش کنه.,0,2,train
9051,دایلی که می تواند عمل تغییر تنظیم پارامترهای مختلف را بر عهده گیرد.,0,2,train
70,در ضمن به دلیل عدم تجهیز به GPS؛ آن برآمدگی قسمت بالای دوربین دیگر دیده نمی‌شود.,0,2,train
12184,این باتری 825 میلی آمپری است و طبق استاندارد CIPA می تواند تا حدود 380 عکس را پشتیبانی کند.,0,2,train
5745,اما برای همه اینها نیاز به اتصال به اینترنت دارید.,0,2,train
2249,به امید توفیق روز افزون برای همه.,0,2,train
11285,البته نه به کیفیت دوربین‌های پیشرفته‌تری چون 7D یا 60D.,0,2,train
6308,دو سیمکارت هم کاملا همزمان کار میکنند و حتی از سیم 1 پشت خطی روی سیم2 میاد .,0,2,train
1627,این نشان می‌دهد که هنوز اعتقاد اپل به تنوع ظاهری کمتر برای انتخاب راحت‌تر کاربران وجود دارد.,0,2,train
12982,برای مثال عکسی از یک ظرف پر از میوه را چاپ کردیم و ظاهر سیب ها مقداری تخت به نظر رسید.,0,2,train
10378,کاملا مطابق با استاندارد نظامی US MIL-STD-810F-514.5C-3، سطح بالایی از حفاظت را برای اطلاعات شما در برابر افتادن یا اثرات شوک یا تکان به همراه دارد.,0,2,train
943,این پویشگرهای دستی در دو مدل به بازار معرفی شده اند.,0,2,train
1744,خود من که در کار بازرگانی هستم کلی برنامه مدیریتی ، روزنامه ، مقاله و اپلیکیشن های کاربردی دانلود کردم.,0,2,train
6648,در ضمن شما می‌توانید فیلم هایی که گرفته اید را از طریق پورت و کابل HDMI بر روی HDTV مشاهده کنید.,0,2,train
9150,پردازنده Snapdragon به کار رفته در این گوشی دارای قدرت پردازشی یک گیگاهرتز است و 512 مگابایت حافظه RAM نیز برای آن در نظر گرفته شده است.,0,2,train
789,HTC Desire SV دو سیم کارته است و سیم کارت‌های قرار گرفته بر روی این گوشی می‌توانند باند های مختلف مخابراتی را در شبکه های 2G و 3G پشتیبانی کنند.,0,2,train
4202,گوشی خوبیه ولی نسبت به کارایی به‌صرفه نیست,0,2,train
8165,دوربیندوربین 5 مگاپیکسلی این گوشی قادر است تصاویری با رزولوشن 2592X1944 پیکسل را ثبت نماید.,0,2,train
3010,دلیلش به سخت افزار بهینه تر برمیگرده.,0,2,train
12151,سنسور تصویر و پردازش گر و امثالهم هم که مانند 700D هستند تا احتمالا عکس هایی نظیر آن را نیز از این دوربین انتظار داشته باشیم.,0,2,train
5383,صفحه نمایش صفحه نمایش این گوشی یک صفحه نمایش 5 اینچی از نوع IPS LCD می‌باشد.,0,2,train
8491,در عوض مدل کانن دارای فقط 32 گیگابایت حافظه‌ی داخلی خشک است.,0,2,train
128,به نظرم از همشون بهتر همون f550 هستش.,0,2,train
5097,XBOX360 در حال حاضر با سه مدل درایو مختلف ساخته می‌شود: • Samsung/Toshiba • LG/Hitachi • Benq هر یک از این سه مدل نیز خود دارای ورژن‌های مختلفی هستند که در این‌جا از ذکر آنها خودداری می‌کنیم.,0,2,train
11300,یک تفاوت اساسی دوربین‌های کانن و نیکون با دوربین‌های سونی، المپوس و پنتاکس در این است که این شرکت‌ها سیستم لرزش‌گیر تصویر را درون بدنه قرار می‌دهند در صورتی که شرکت‌های کانن و نیکون لرزشگیر را درون لنز قرار می‌دهند و این باعث شده تا لنزهای لرزش‌گیردار کانن و نیکون اصولا از لنزهای شرکت‌های دیگر کمی گران قیمت‌تر باشند.,0,2,train
4117,شاید گوشیهای چت سامسونگ پیشنهاد بهتری باشد.,0,2,train
1374,نکته بسیار مهمی که باید در نظر داشت این است که اگر برنامه ای برای چنین دقت بالایی طراحی نشده باشد، ظاهر خیلی خوبی بر روی صفحه نمایش نخواهد داشت.,0,2,train
516,اما تا بحال کسی درباره ی قبول نکردن اندروید توسط نوکیا سخن نگفته و یک مسئله ی خصوصی است نزد نوکیا.,0,2,train
3966,والا ما هم زوم کردیم ولی کیفیت عکس خراب نشده.,0,2,train
12107,زوم اپتیکال JVC GZ-MG335، سی و پنج برابر و زوم دیجیتال آن، 800 برابر است.,0,2,train
5975,بدین ترتیب وقتی بر روی مود عکاسی پیاپی می‌روید، کافیست که انگشت خود را بر روی دکمه‌ی شاتر فشار دهید و نگه دارید تا دوربین به صورت خودکار و با سرعت 10 فریم بر ثانیه عکس بگیرد.,0,2,train
11328,برای مثال اگر تصویر روشن‌تر یا تاریک‌تر از مقدار صحیح شد به شما اخطار می‌دهد.,0,2,train
12641,من چهار روز هست که این گوشی رو از دیجی کالا خریدم.,0,2,train
6342,خلاصه دوستان علاقمند به دوسیم کارته ها باید بگم که این گوشی تا چند وقت می تونه نیازهای کامل شما رو مرتفع کنه و راضی نگهتون داره از بابت ال سی دی خیالتون راحته راحت باشه فقط یه مشکل اونم اینه که احساس می کنید آیکونهای گوشی یکم بزرگتره که اونم به خاطره تراکمه که پایینه که عیب محسوب نمیشه .,0,2,train
7307,در آینده و با به بازار آمدن این دوربین سعی می‌کنیم آپدیتی بر روی این نقد و بررسی داشته باشیم.,0,2,train
6667,باتری هم بدک نیست با اینکه قلمی هست اما به نظر من تفاوتی نداره.,0,2,train
12332,این دوربین مجهز به سنسور تصویر 16.1 مگاپیکسلی BSI-CMOS معروف به Exmor-R CMOS می‌باشد.,0,2,train
8483,هر دوی آن‌ها از کارت حافظه‌ی SD/SDHC/SDXC نیز پشتیبانی می‌کنند.,0,2,train
206,این گوشی بعد استفاده زیاد وای فای بعضی از وقت ها خاموش نمیشه !,0,2,train
4896,اون هایی که میگن 360 از ps3 گرافیکش بهتره معلومه اصلا با ps3 بازی نکردن.,0,2,train
5302,در قسمت آگاه سازی، صفحه کلید، جستجوی صوتی و نقشه هم تغییراتی صورت گرفته است.,0,2,train
11039,با تشکر.,0,2,train
11653,تمام برنامه های صفحه کلید فارسی را بر روی این گوشی امتحان کرده ام.,0,2,train
2953,جنس بدنه سامسونگ هم که از پلاستیک ساخته شده  عمر باطری؟,0,2,train
8968,قسمت لنز کمی خارج از مرکز بوده و به سمت تمایل دارد.,0,2,train
8941,یک عملکرد Smart Shutter Mode هم بر روی این دوربین موجود است که به کاربر اجازه می‌دهد تا بدون فشردن فیزیکی دکمه‌ی شاتر، فقط با یک لبخند یا چشمک این کار را انجام دهد.,0,2,train
4276,طول آن بیشتر از مدل سال گذشته بوده و به 123 میلی‌متر می‌رسد، اما عرض آن همچنان ثابت می‌باشد.,0,2,train
9755,به هر صورت نسبت به استانداردهای سال 2012 کمی ابتدایی می‌نماید ولی به هر صورت قیمت را نباید فراموش کنیم.,0,2,train
12847,برخلاف سایر مجموعه‌ها اینکار بدون هرگونه دستکاری در سورس برنامه صورت می‌گیرد.,0,2,train
9824,ساختار ویندوز RT به گونه ایست که به همان اندازه که با دستورات لمسی همگام است، تنظیمات مربوط به استفاده از کیبورد و ماوس را نیز داراست.,0,2,train
3071,فقط دقت نمایید برخی از بازیهای دارای دیتا برای این تبلت قابل اجرا نیستند و حتما باید از بازیهایی استفاده کنید که دارای دیتای tegra 3 باشند.,0,2,train
3763,سنسور تصویر این دوربین از نوع 1/2.88 اینچی Backlit Illuminated CMOS است و لنز آن نیز با توانایی زوم 10 برابر کمینه ی نسبت کانونی f/1.8 را ارائه می دهد.,0,2,train
4087,• باتری باتری لیتیوم یونی 1320 میلی آمپری که در این گوشی استفاده شده است، تا حدود 9 ساعت مکالمه ممتد و بیش از 700 ساعت در حالت آماده باش را پشتیبانی می‌کند.,0,2,train
6726,سنسور تصویر از همان نوع CCD است و پرداشگری هم که در این دوربین استفاده شده از نوع DIGIC 4 می باشد.,0,2,train
11035,در صورتیکه آیپد مشکلات و محدودیت های بسیاری در ایران دارد و این مشکلات در ایران به این زودی ها حل نخواهد شد.,0,2,train
2515,شما می‌توانید از مدل‌هایی بین حافظه‌ی رم 2 تا 8 گیگابایت انتخاب کنید.,0,2,train
12593,قدرت پردازنده متوسط.,0,2,train
1146,گارانتیش 3 ساله بود.,0,2,train
1700,به هر حال اپل مجبور است بهای تصمیم سرسختانه ای که در مقابل گوگل گرفته را بپردازد.,0,2,train
7373,از طریق این دو می‌توان به RAM، هارددیسک، باتری BIOS و کارت Wi-Fi دسترسی پیدا کرد.,0,2,train
9197,به عکس های گرفته شده با این دوربین در سایتهای مختلف نگاه می کردم از نظر خروجی عکس هیچ فرقی با 600d نمی کند و این قیمت به خاطر وجود پردازشگر جدید کانون و میکروفن استریو است,0,2,train
8357,در کل از نظر من زوم بالاتر از 10x بدون سه پایه اصلا کارایی نداره..,0,2,train
4505,فقط ابعادش کوچیکتره.,0,2,train
218,۰۴,0,2,train
4916,ps3 فقط یه کنسول بازی نیست و اگر اسپیکر داشت میشد به عنوان یه دستگاه سینمای خانگی ازش استفاده کرد و از هر نظر از xbox360 خیلی سرتره و اگر تنها مشکلش یعنی همون قیمت blu-ray هاش بر طرف بشه xbox رو تو ایران تو یه چشم بهم زدن کنار میزنه.,0,2,train
4279,همانند iPhone 5، بدنه iPod Touch نسل پنجم نیز از آلومینیوم یکپارچه ساخته شده و تنها در قسمت جلویی دستگاه، یک لایه شیشه ای، برای محافظت از صفحه نمایش قرار داده شده است.,0,2,train
12774,البته آپشنی هم برای این کار وجود دارد.,0,2,train
9829,اما Vivo Tab را به عنوان یک لپ تاپ پیشنهاد نمی‌کنیم و همچنان کیبورد آن‌را یک قطعه از لوازم جانبی آن میدانیم که کارایی‌های بسیاری دارد، اما به عنوان یک لپ تاپ، انتظارات کاربر به سختی برآورده می‌شود.,0,2,train
4445,بعد از تماس با سام سرویس متوجه شدم این مشکل اولین بار نیست که بر روی این مدل مشاهده شده .,0,2,train
7480,هیچ گونه‌ی سویچ پاور بر روی دوربین وجود ندارد.,0,2,train
11592,بعلاوه‌ی اینکه این سنسور با پردازشگر تصویر Expeed C2 همراه شده است که انتظار می‌رود بر کیفیت عکس‌ها بیفزاید.,0,2,train
1597,اما وجود دوربین بر روی تبلت بیشتر در جهت انجام مکالمات تصویری می‌باشد.,0,2,train
13062,یک دکمه ی Select در زیر نمایشگر وجود دارد که به طور واضح از دکمه ی select موجود بر روی iPhone کوچک تر می باشد.,0,2,train
7464,کیفیت ضبط صدا نیز برای دوربینی در این کلاس عادیست ولی کار شما را راه می‌اندازد.,0,2,train
9637,واقعا قدم جدیدی بر نداشته، چرا چرا برداشت نازکتره ، ، ، ، خوب یعنی چی؟,0,2,train
3270,این بخش عددی در مدل‌های کوچک‌تر وجود نداشته ولی در مدل‌های بزرگ‌تر مانند مدل‌های 15.6 اینچی و 17.3 اینچی وجود دارد.,0,2,train
6525,در عین حال خود شما به راحتی میتونین اونو بازیابی کنین) -- فقط موقع فعالیت یه کم لرزش داره و حرارت نسبتا زیادی داره(پس بهتره وقتی دارین کپی میکنین روی یک جای نرم قرارش بدین),0,2,train
1677,لازم به ذکر است که نتایج بدست آمده، حاصل آزمایش‌های متخصصان آناندتک می‌باشد و نتایج اعلامی از طرف کمپانی اپل نیستند!,0,2,train
3788,البته این پیشرفت را می توان در همه ی مدل های سال 2012 ی سونی مشاهده کرد.,0,2,train
1033,مثل این است که یک لنز 18 میلی متر را بر روی یک دوربین DSLR غیر فول فریم گذاشته باشید.,0,2,train
2478,"سری X از یک فن آوری به نام IceCool یا ""سرد یخی"" بهره می‌برد که کمپانی ایسوس تبلیغات زیادی را نیز بر روی آن انجام داده است.",0,2,train
13046,سلام یکی به من بگه چطور میشود با سیم کارت از اینترنت آیپاد تاچ استفاده کنم واما اپل کانکتوری ساخته که سیم کارت درونش بگذارم وازطریق یو اس بی به اینترنت متصل شوم لطفا نام مدل کانکتور را درج کنید راهنمایی ممنون,0,2,train
11578,به نظر من تو این رده دوربینا sx40 کانن بهترینه.,0,2,train
2399,لازم به ذکر است که برای خارج کردن شیار میکرو سیم کارت باید از یک پین یا سوزن استفاده کنید.,0,2,train
5443,هم از نظر ظاهر و طراحی و هم از نظر سخت افزار.,0,2,train
7046,در ضمن Exynos 5 از USB 3 و رم DDR3 پشتیبانی میکنه که هیچ یک از چیپ ست های موجود همچین قدرتی رو ندارن.,0,2,train
8059,فوکوس خودکار و زوم اپتیکال کامل نیز در هنگام فیلم‌برداری انجام می‌شوند.,0,2,train
8252,این گوشی قابلیت پشتیبانی ازGPRS و Edge را داراست که به کاربر امکان مرورگری اینترنت را نیز می‌دهد.,0,2,train
3032,nexus 7 با پردازنده 4 هسته ای با فرکانس 1.3 گیگاهرتز و ZTE T98 باز هم با پردازنده 4 هسته ای ولی این بار با فرکانس 1.5 گیگاهرتز یک رقیب دیگر به شمار می آیند.,0,2,train
10225,صفحه‌نمایش کیفیت پایینی داره ولی عجب اسپیکری داره /,0,2,train
1954,سلام به همه دست اندرکاران دیجی کالا، انصافا خسته نباشید.,0,2,train
8542,می تونست حداقل 1GB باشه.,0,2,train
8045,به خصوص عکس‌هایی که در زیر نور زیاد و با ایزو 100 گرفته می‌شوند کیفیتی DSLR مانند دارند.,0,2,train
12490,هنگامی که کلید مالتی تسک را انتخاب می‌کنید، علاوه بر لیست آخرین برنامه های اجرا شده، تعدادی برنامه در نوار پایینی وجود دارند (مانند ماشین حساب، دفترچه یادداشت، .,0,2,train
4792,دوربین دو کاور یکی در بالا برای پورت accessory و سمت راست برای هدفون و میکروفون دارد.,0,2,train
11071,می خواهم بعد از سالها استفاده از اپل رو به اندروید بیارم.,0,2,train
10010,همانطور که گفتیم، R30 جزو دوربین‌های سری سطح مبتدی کانن به حساب می‌آید.,0,2,train
2874,ایسوس اعلام کرده است که در ساخت این تبلت از شیوه خاصی از قالب گیری آلومینیوم استفاده کرده است که تنها در صنایع هوایی و ساخت اتومبیل‌های مسابقه ای استفاده می‌شود و در آن یک تکه آلومینیوم جامد انتخاب شده و سپس به شکل مورد نظر کمپرس می‌شود.,0,2,train
3512,اولین قابلیت Smart Stay نام دارد که از دوربین دوم دستگاه برای ردیابی چشمان شما استفاده می‌کند و با توجه به اینکه شما به آن نگاه می‌کنید یا نه، صفحه نمایش را روشن یا خاموش نگه می‌دارد.,0,2,train
10978,ایت تبلت رو 1 هفته هست که خریدم.,0,2,train
6682,به طور مثال کانن مدل SX500 با قیمتی بالاتر نصف امکانات این دوربین رو هم نداره.,0,2,train
11349,"در مود Live view سه مود فوکوس خودکار Quick, Live و Face Detectionوجود دارد.",0,2,train
4149,محصولاتش هم از نظر کیفیت واقعا حرفی برای گفتن دارن.,0,2,train
11031,هم فیلم دیدم و هم موسیقی گوش کردم و همچنین وبگردی.,0,2,train
6074,عمر تونرش فقط واسه 800 -900 تا پرینت جواب می ده .,0,2,train
11582,دوربین مدل پیشین؛ یعنی P500 هم مجهز به لنزی با توانایی زوم 30 برابر بود.,0,2,train
11196,به خصوص از پشت که به این دوربین نگاه کنیم، چینش دکمه ها دقیقا مثل 60D می باشد.,0,2,train
7481,هر گاه که نمایشگر را باز می‌کنید دوربین روشن و وقتی آن را می‌بندید خاموش می‌گردد.,0,2,train
7102,اما در لبه بالایی، جک 3.5 میلی متری هدفون و کلید پاور و شکاف سیم کارت که آن هم مجهز به یک درپوش است تعبیه شده‌اند.,0,2,train
3453,امکان چاپ دو رو از خصوصیات دیگر این چاپگر می‌باشد که توانایی چاپ دو رو خودکار تا 30 صفحه را دارد.,0,2,train
9641,میتونید با مقایسه مشخصات این دوگوشی به این نتیجه برسید.,0,2,train
8969,در قسمت بالا و سمت چپ آن یک لامپ کمک فوکوس/تایمر هم دیده می‌شود.,0,2,train
12953,دوربیندوربین این گوشی 1.3 مگاپیکسلی بوده که امکان عکس‌برداری با اندازه 960 × 1280 را فراهم می‌سازد.,0,2,train
9350,مصرف باتریشم در حد متوسطی است.,0,2,train
542,ضمنا کلیدهای کپی ، اسکن، ایمیل و pdf اش کار کردن با برنامه های سخت و سنگین مثل فتوشاپ رو برای یک اسکن ساده حذف کرده .,0,2,train
3581,• صفحه نمایش و بلندگوها با توجه به اینکه E1-531 لپ‌تاپ‌های خیلی گران قیمتی محسوب نمی‌شود، اصلا جای تعجب ندارد که Acer از صفحات نمایشی با رزلوشن های استاندارد در آن‌ها استفاده کرده است.,0,2,train
4053,شاید هم راه حلی داره من پیداش نکردم.,0,2,train
7645,با این قیمت!,0,2,train
2465,امیدوارم قیمت مناسبی داشته باشه.,0,2,train
10796,GPS برای Geo Tagging و Wi-Fi برای ارسال تصاویر به صورت بیسیم به دستگاه های سازگار.,0,2,train
2407,PadFone 2 دیگر دارای یک محفظه با درب جداگانه برای نگهداری گوشی نمی‌باشد.,0,2,train
1533,در کل در طراحی مدل جدید سامسونگ، شباهت‌های بسیاری را با دیگر تبلت های ساخت این کمپانی مشاهده می‌نماییم.,0,2,train
1925,با توجه به قیمتش در ایران فقط یه چیز میتونم بگم : کالایی جهت نشان دادن وضعیت مالی شخصی و به رخ کشیدن!,0,2,train
12358,از جهات بسیاری، TZ18 شبیه به برادر بزرگ‌تر خود یعنی TZ20 می‌باشد.,0,2,train
5574,سخت افزارهای داخلی آن شبیه به Tipo است.,0,2,train
4634,و اینو بیشتر از ایفون پسندیدم .,0,2,train
4039,نسبت به مدل پیشین تغییر پیدا کرده.,0,2,train
11090,کلید پاور، کلید تنظیم صدا، شکاف کارت حافظه microSD، خروجی 3.5 میلی‌متری هدفون، درگاه سیم کارت و البته فرستنده مادون قرمز همه و همه در قسمت بالایی تعبیه شده‌اند.,0,2,train
1274,من این گوشی را از همین سایت خریدم(سایت مطمئن و خوبیه دیجی کالا) دوستم گالگسی مینی 2 داره با یه نرم افزار اونا چک کردیم گوشی من تو همه زمینه ها به غیر از i/o از اون سرتر بود و جالبه بدونید قیمتش از اون کمتر بود هر گوشی برای کار خاصی طراحی شده  بعضیا رو صوتی تصویری بیشتر کار کردن بعضیا هم رو نرم افزاری با توجه به مشخصاتش این گوشی مناسب کارای نرم افزاری است از مزایاش خیلی خوش فرم و رنگ سفیدش معرکه است برند خیلی معروف و خوبی داره(این گوشی جدید و لوازم جانبیش نیامده اما خیلی راحت از لوازم مینی 2 و ایس براش خریدم که مزید برند معروف بودنه در ثانی خرابی سامسونگ از بقیه کمتره) سی پی یو و رم قوی +نسخه نهایی آندروید که هر نرم افزاری را راحت نصب میکنه 2 سیم کارته بودنش صفحه بزرگش(3.27) صفحه نمایشم به نظرم کیفیت خوبی داره از معایبش 1- مصرف زیاد باطری نسبت به مینی 2 2-بلندگوی گوشی صداش یکم بم نسبت به گوشی قبلیم(k800) اما میکروفونش فوق العادس 3-نداشتن فلش در کل با توجه به کارائی و قیمتش از 100 نمره 85 بهش میدم,0,2,train
10777,دقیقا نمی دانیم سه محوری که سونی آن را Super Steady Shot هم می خواند یعنی چه، ولی حدس می زنیم که باید لرزش دست را در هر سه محور X، Y و Z کنترل کند.,0,2,train
10259,دوستان نگران ساپورت نکردن فرمت دایویکس نباشید با این نرم افزاری که معرفی میکنم به راحتی تمامی فرمت های تصویری معتبر از جمله aviرو ساپورت میکنه تازه این نرم افزار قابلیت پخش زیرنویس با فرمتsrt رو هم داره پلیر قدرتمند VLC Direct Pro v5.6,0,2,train
6261,من جزو افرادیم که خیلی زود زود گوشی عوض می کنم و از ویژگی ها و شرایط سایر گوشی ها بی اطلاع نیستم.,0,2,train
3998,تعصب رو بزارید کنار.,0,2,train
3900,این دوربین مجهز به GPS داخلی نیز می‌باشد.,0,2,train
10245,مرسی,0,2,train
4909,تو مجبوری انتخاب کنی!,0,2,train
7456,با این تفاوت که CX200 و CX210 مجهز به نمایشگرهای لمسی می‌باشند و در عوض CX190 دارای یک Joystick کوچک و دکمه‌ی Playback بر روی قاب نمایشگر است.,0,2,train
7437,ولی باز هم بیشتر از مقداری است که عکاسان آماتور جدی را خشنود کند.,0,2,train
4991,اکثر شما با دستگاه‌های بازی‌های کامپیوتری (کنسول‌های بازی) آشنایی دارید و احتمالا با آن‌ها بازی کرده‌اید.,0,2,train
7355,• صفحه نمایش و بلندگوهانمایشگر 15.6 اینچی این نوت‌بوک از نوع براق می‌باشد و رزولوشن 1366×768 پیکسل را ارائه می‌دهد.,0,2,train
1896,هیچ کمپانی نمیتونه با اپل رقابت کنه,0,2,train
4506,تو بازارم مشتری پسنده.,0,2,train
1538,بر روی لبه بالایی دستگاه، جک 3.5 میلی متری هدفون وجود دارد.,0,2,train
1832,در واقع این سیستم عامل تفاوتش با سیستم عامل های دیگر نظیر اندروید خیلی خیلی زیاد است.,0,2,train
8473,2-عکساش اونی نیست که میشه با 1 دوربین عکاسی 14 مگاپیکسلی گرفت ولی واسه یک دوربین فیلمبرداری خیلی خوب ام 14 نیست .,0,2,train
1065,این دوربین مجهز به پورت HDMI برای اتصال به HDTV هم می‌باشد.,0,2,train
7586,چرا S2 نخریم و به جاش اینو بخریم؟,0,2,train
7265,کاری که واستون میکنه حتی یک گوشی هم تا حدودی میتونه بکنه، اما..,0,2,train
9336,چنین ترکیبی را معمولا می توانستیم بر روی دوربین های کانن سال 2010 ببینیم.,0,2,train
11204,سیستم فوکوس خودکار این دوربین 11 نقطه ای است ولی فقط نقطه ی مرکزی از نوع Cross Type می باشد.,0,2,train
321,این یک گوشی دیگه از سونی تقریبا با همون شکل و شمایل گوشی‌های سری Xperia است.,0,2,train
11086,در کل در طراحی مدل جدید سامسونگ، شباهت‌های بسیاری را با تبلت Galaxy Tab 2 مشاهده می‌نماییم.,0,2,train
918,جایی که این دوربین دارای 5 دکمه ی قابل برنامه ریزی Fn است و از این نظر شبیه به دوربین سطح بالاتر GH3 شده است.,0,2,train
3646,حال می‌خواهیم مشخصات سخت افزاری این تبلت را شرح دهیم.,0,2,train
9954,"برای مثال در برنامه‌ی Navigation آندروید شما اگر بخواهید به مکانی بروید باید دستور بدهید: "" Directions To X"" و این در حالی است که در Siri می‌توانید بگویید: "" Get Me Directions To X"" و یا حتی بگویید ""Tell Me How To Get To X"".",0,2,train
9059,در پشت این دوربین هم نمایشگر 3.7 اینچی لمسی قرار گرفته است.,0,2,train
5736,در این جا بد نیست به دعوای حقوقی شرکتهای اپل و سامسونگ که مدتی است در رسانه‌ها خبر‌ساز شده اند اشاره‌ای کنیم.,0,2,train
7349,کلیدهای Wi-Fi و Caps Lock دارای نشانگرهای LED داخلی هستند که فعال بودن آن‌ها را نشان می‌دهند.,0,2,train
1989,من طرفدار سامسونگم و گوشیم اس 2 هست ولی بعضی دوستان فکر می کنن سرعت یک گوشی به تعداد هسته ای و فرکانس بستگی دارد که این کاملا اشتباه است .,0,2,train
166,Sony Xperia Ion اولین محصول کمپانی سونی بعد از جدایی آن از اریکسون است.,0,2,train
12286,کیفت فول اچ دی و اچ دی این دوربین زیاد فرق نمیکنه!,0,2,train
7718,&..,0,2,train
12988,در ضمن این را نیز بگوییم که این پرینتر از طریق Wi-Fi به شبکه متصل می شود.,0,2,train
9664,SAMSUNG حرفی برایه گفتن نداره..,0,2,train
7063,من یکی از طرفداران محصولات شرکت سونی هستم .,0,2,train
4212,سلام من سفارش دادم بیاد جزییاتشو بهتون میگم,0,2,train
3757,من از این گوشی راضیم تنها مشکلم اینه که شبها نمی‌تونم باهاش عکس بگیرم ولینم به خاطر نداشتنه فلاشش است.,0,2,train
3004,من هم اینفینتی ایسوس داشتم هم گلکسی نوت 10.1 (دارم).,0,2,train
10543,اما تغییرات اعمال شده بر روی این رابط کاربری، بیشتر در جهت همگام سازی آن با سایت‌های اجتماعی می‌باشد.,0,2,train
12216,8/10,0,2,train
2091,آیا جابز این گوشی را به عنوان نسلی جدید از ایفون قبول دارد؟,0,2,train
1402,کمپانی‌هایی نظیر Adobe و AutoDesk نیز اعلام کرده‌اند که نسخه Retinaی برنامه های معروف Photoshop و AutoCAD را به زودی منتشر خواهند کرد.,0,2,train
3095,نرم افزار game center:اگه یک بار از این نرم افزار استفاده کنید عاشقش می شوید.,0,2,train
5323,به نظر من ainol venus خیلی بهتره با این که خیلی ارزونتره,0,2,train
6112,حال، چرا Xbox 360 Slim می تواند برترین کنسول بازی موجود باشد؟,0,2,train
5791,الان دوره S2 گذشته,0,2,train
4340,بگذریم.,0,2,train
3811,* برنامه‌ها و محتواهای ارائه شده از طریق Smart Hub ممکن است در طبقه‌بندی محصولات، مدل‌ها و مناطق مختلف با هم تفاوت داشته باشند.,0,2,train
171,صفحه نمایش 4.6 اینچی با تکنولوژی های HD Reality و Mobile BRAVIA Engine و رزلوشن 1280x720 که نیاز به هیچگونه تعریفی ندارد!,0,2,train
7079,پس از این گوشی، گوشی‌های دیگری مانند Sony Xperia Z/ZL و همچنین Oppo 5 نیز با صفحه نمایش‌های مشابه معرفی گردیدند.,0,2,train
3795,به هر صورت طبق ادعای سونی می توان تصویر را تا سایز 100 اینچ هم بر روی دیوار نشان داد.,0,2,train
6612,کیفیت ساخت این دوربین یکی از بهترین هاست.,0,2,train
1972,ممنون از دیجی کالا که ایفون 5 رو با قیمت نجومی روی سایت نیاورده..,0,2,train
5519,در مورد ظاهر این گوشی و مقایسش با نوت 2 برخلاف شما نمیخوام بگم این بهتره یا اون چون این نظر شخصیه و این جمله که ظاهر نوت 2 از این مدل خیلی بهتره وقتی درسته که شما هردو مدلو از نزدیک ببینین و نوت 2 ظاهرش با اس 3 فرق میکرد و جدید و خلاقانه بود!,0,2,train
9707,بهتره این گوشی با S2 سامسونگ یا one S اچ تی سی مقایسه بشه.,0,2,train
26,با این حال برای پایین نگه داشتن قیمت، سعی شده که ظاهر، کنترل پنل و کانکشن های آن ساده باشند.,0,2,train
6989,اونم اینکه سامسونک از لحاظ قدرت یه سرو گردن ازhtc بالا تره، اما در سمت مقابل htc رابط کاربری جالب تری(البته از نظر من)داره ولی سامسونگ رابط کاربریش مثل این میمونه که انگار میخواد رضایت افراد کم سن و سال رو فقط جلب کنه، منظورم رنگارنک بودن آیکوناشه.,0,2,train
1114,از طریق نرم افزار samsung tv که برای اندروید و گوشی های سامسونگ هستش میتونید کنترل tv رو با موبایل تون به دست بگیرید4.,0,2,train
9158,رابط کاربری HTC Desire V بسیار شبیه به رابط کاربری گوشی‌های خانواده One کمپانی HTC نظیر HTC One X و HTC One S است.,0,2,train
5682,در نهایت انتخاب با شماست.,0,2,train
3802,* توصیه می‌شود برای عملکرد کنترل صوتی از کنترل لمسی هوشمند استفاده شود.,0,2,train
5379,در لبه سمت چپ هم شکاف سیم کارت وجود دارد که البته توسط درپوشی مخفی گردیده، و نهایتا کلیدهای کنترل صدا نیز در سمت راست گوشی تعبیه گردیده‌اند.,0,2,train
3679,صفحه نمایش آن نیز یک صفحه نمایش 2.7 اینچی وایداسکرین است که تصاویر را با نسبت 16:9 نمایش می‌دهد.,0,2,train
6880,انشا الله butterfly رو هم میخریم ببینیم این چی بیشتر از one x داره,0,2,train
3467,فکس دستگاه دیگری که در این چندکاره قرار داده شده فکس است.,0,2,train
2256,ناصرجان اول برو به مسیر زیر: setting>language & keyboard>Android keyboard>input language زبان پارسی رو اضافه کن.,0,2,train
8015,خوب همانطور که گفتیم، کانن ترجیح داده که به ابعاد و وزن دوربین موفق خود کاری نداشته باشد و تغییری در آن ایجاد نکند.,0,2,train
2822,خطای رنگی به خوبی کنترل می‌شود و فقط مقداری خطای رنگی بنفش در مناطق پر کنتراست مشاهده می‌گردد.,0,2,train
5061,سوال: کدام منطقه (Region) بهتر و خرید کدام یک به صرفه‌تر است؟,0,2,train
9944,"خوب کافی است که به Siri این طور توضیح دهید: "" به همسرم بگویید که بچه‌ها را فراموش نکند"".",0,2,train
4040,زوم اپتیکال +زوم دیجیتال=120xشخیص رنگهای قرمز، آبی، زرد، سبز و گرفتن عکس سیاه و سفید که درآن فقط رنگ انتخاب شده رنگی میافتد.,0,2,train
1540,اما لبه زیرین محل قرار گیری بلندگوها و درگاه microUSB است.,0,2,train
6128,Kinect که برای بازی حرکتی در Xbox 360 Slim طراحی شده شما را به دنیای خود می برد.,0,2,train
9616,من که فکر میکنم اپل شگفتی های بعدیش رو برای محصولات بعدیش نگه داشته چون تا امروز هم هر چیزی که معرفی کرده توسط کمپانی های دیگه کپی شده مثل طراحی گوشی هاش، Siri، و حتی خود iOS !,0,2,train
7384,در تست استاندارد که شامل مرورگری اینترنت با Wi-Fi و روشنایی متوسط صفحه نمایش بود، عملکرد شارژدهی در حدود 4 ساعت به دست آمد.,0,2,train
11102,• S-Penسامسونگ در طراحی قلم جدید خود تغییراتی ایجاد کرده و آن را بیشتر به قلم‌های واقعی شبیه نموده است.,0,2,train
396,بنابراین کنترل دوربین را باید از طریق لمس نمایشگر انجام دهید.,0,2,train
6635,M50 در رده‌ی دوربین‌های خانگی یا سطح مبتدی کانن است.,0,2,train
7425,8800F گران قیمت تر و سریع تر است و با نرم افزارهای بیشتری همراه شده است.,0,2,train
1520,• ضبط و برنامه‌ریزی - توانایی ضبط و دیدن لیست برنامه‌ها دیجیتال و زیرنویس فارسی با گیرنده‌ی دیجیتال جدید فراسو دیگر هیچ برنامه‌ای را از دست نخواهید داد.,0,2,train
3671,قابلیت Playlist نیز برای مرتب کردن و ترتیب کلیپ‌ها به کار می‌رود که مثلا در مود پخش مجدد به چه صورتی نمایش داده شوند یا آن‌که نحوه رایت شدن آن‌ها بر روی یک DVD به چه صورتی باشد.,0,2,train
12968,این پرینتر توانایی انجام اسکن، کپی و البته پرینت را دارد.,0,2,train
9304,حتما در آینده منتظر به روز رسانی این نقد و بررسی باشید.,0,2,train
6771,سلام بیش از یکسال و نیم هست که این مدل رو دارم.,0,2,train
299,این گوشی کارایی های مانند صدای xLOUD یا تنظیم صدا متناسب با آهنگی که گوش می دهید (Sound Enhancements ) دارد که پیش فرض خاموش هستند !,0,2,train
4575,اما در صورتیکه گوشی شما دارای پردازنده قوی و رم 1 گیگابایت یا حتی بالاتر است در نصب آندروید 4 شک نکنید که شاهد بهبودهای زیادی در گوشی به خصوص سرعت و رابط کاربری خواهید بود از جمله این بهبودها به موارد زیر اشاره میکنم :1- بدون اینکه گوشی خود را از حالا قفل خارج کنید میتوانید موسیقی خود را اجرا و یا متوقف کنید یا وارد منوی دوربین شوید اما برای دستیابی به فایلهای شخصی حتما باید گوشی آنلاک شود.,0,2,train
11778,به دوستان هم پیشنهاد می کنم اگه از اسلاید خوششون نمیاد، بسیار ساده ست، می تونن ازش کمتر استفاده کنن تا خراب نشه!,0,2,train
6015,همچنین درایور Linux هم بر روی سایت HP برای دانلود وجود دارد.,0,2,train
10636,در اندروید نسخه 4.1.2 ، تو تنظیمات حالت نرمال رو انتخاب کنی میشه ۱۳ مگاپیکسل و ۱۲ واسه حالت superior auto هست,0,2,train
12175,یعنی قابلیت نمایش زنده ی اثر Creative Filter ها در Live View.,0,2,train
863,(نسخه بلوتوث هر دو 4.0 است.,0,2,train
3848,برای مثال تمام قابلیتهای این تلویزیون رو میشه با گوشیتون کنترل کنید.,0,2,train
8377,بنظرم sx40 بهتره آخه فقط زومش کمتره تو بقیه موارد از sx50 سرتره.,0,2,train
4319,ولی با اینقدر هزینه میشه گوشی خرید.,0,2,train
8816,سوما :تصویر فیلمبرداری شده در تمام شرایط تصویربرداری به اصطلاح عامی فریم فریم است همانند دوربین گوشیهای موبایل.,0,2,train
4551,دیگه چی میخواین از یه گوشی؟,0,2,train
5847,من اندروید 4.1.3 رو نصب کردم تمام امکانات s3 هم اضافه شد .,0,2,train
10426,هرچند که باید منتظر ورود این دوربین به بازار برای تست عکس های آن در ایزوهای بالاتر بمانیم و ببینیم که عملکرد آن واقعا چگونه است.,0,2,train
2528,من که از همین جا خریدم منتظرم به دستم برسه,0,2,train
10957,ای کاش سامسونگ رزولوشن تصویر را بهتر می کرد تا بتونه با ترانسفورمر ایسوز رقابت کنه ولی به عقیده من از اینفینیتی ایسوز قویتره بدلیل داشتن 2 گیگ رم,0,2,train
215,دوربینشم که جایی برای حرف نذاشته,0,2,train
4068,در سمت چپ گوشی شکاف کارت حافظه، در قسمت بالا خروجی 3.5 میلی متری هدفون به همراه درگاه USB و بالاخره در قسمت پشتی آن دوربین 3.2 مگا پیکسلی به همراه بلندگو قرار گرفته‌اند.,0,2,train
12754,البته آن بدنه های آلومینیومی یکپارچه را باید بر روی گوشی‌های ساخت HTC شاهد باشیم.,0,2,train
4784,۲۴۰ گیگابایت هارد دیسک .,0,2,train
3002,این فقط به نظر شخصی افراد بر میگرده که با چه سیستم عاملی حال میکنن !,0,2,train
8578,ولی این راه حل رو یکی از دوستان تو نت مطرح کردند که روی گوشی من کاملا جواب داد : (برای شارژ اولیه، اول با گوشی کار کنید و بازی کنید تا شارژش برسه به 10% بعد برای مدت 8 ساعت گوشی رو خاموش کنید و بزنید تو شارژ.,0,2,train
10570,• طراحی و ساختG585 از یک بدنه تمام پلاستیکی و مشکی استفاده می‌کند که بر روی آن یک روکش براق قرار داده شده است.,0,2,train
3995,بازم خواهش میکنم نظرهاتونو در مورد خود دوربین بدید.,0,2,train
6347,به همین دلیل سامسونگ به این طراحی دست نزده و مدل جدید خود را نیز با همان ابعاد ارائه نموده است.,0,2,train
2698,این تصویر دقیقا همان تصویری است که توسط سنسور تصویر دریافت می شود و بر روی نمایشگر پشت دوربین هم به نمایش در می آید و بنابراین هیچ گونه اختلاف منظری با عکس شما ندارد.,0,2,train
3088,هردو تبلت شما را نا امید نخواهد گذاشت اما پیشنهاد من به شما ایپد جدید است.,0,2,train
5948,این دوربین فلاش Pgr-up هم دارد که بردی برابر 5.3 متر را ارائه می‌دهد.,0,2,train
6101,بهتر است یک کاتریج یدک هم خریداری شود تا هیچ زمانی دچار مشکل نشوید .,0,2,train
9248,بنابراین نوبت به فوکوس خودکار Contrast detection می رسد.,0,2,train
864,)3- باتری قوی تر به اندازه 30 میلی آمپر ساعت (1650mAh) و به علت کوچکتر بودن صفحه نمایش مصرف باتری کاهش یافته در نتیجه مدت زمان شارژدهی افزایش می یابد.,0,2,train
1819,با سلام خدمت تمامی کاربران گرامی و مدیریت محترم و زحمت کش دیجی کالا .,0,2,train
4633,چون قبلا ایفون داشتم .,0,2,train
1684,نرم افزار iOS 6 !,0,2,train
1539,بر روی لبه سمت راست نیز، کلید پاور، کلید کنترل صدا، شکاف قرار گیری قلم و سنسور مادون قرمز تعبیه شده‌اند.,0,2,train
5125,ویبره دسته هاش هم از PS3 قوی تره اما دسته هاش شتاب سنج نداره.,0,2,train
7062,سلام برهمگی ..,0,2,train
12182,باتری این دوربین از نوع LP-E12 ی می باشد که در EOS M هم به کار رفته بود.,0,2,train
964,P7700 تقریبا همان ابعاد و وزن P7100 را حفظ کرده است و کاملا از G1x سبک تر می باشد.,0,2,train
9729,در لبه بالایی گوشی، جک 3.5 میلی متری هدفون به همراه کلید پاور قرار گرفته‌اند.,0,2,train
2372,و طرفدارانش در همه جای دنیا در صف فروشش ساعتها منتظر می مانند,0,2,train
911,مثلا عکاسی از یک چهره خیلی قرمز یا صورتی یا زرد رنگ نیست .,0,2,train
1810,تو خریدش شک نکنید!,0,2,train
4289,همان‌طور که قبل‌تر گفتیم، در لبه پایینی و در کنار درگاه آذرخش، بلندگوی دستگاه تعبیه شده است.,0,2,train
4874,چون دوتاشونم چندین بار تست کردم.,0,2,train
12742,دکمه های معروف اندرویدی به جز دکمه‌ی Search که سونی اریکسون نشان داده ظاهرا چندان علاقه ای به آن ندارد در قسمت زیر نمایشگر قرار گرفته‌اند.,0,2,train
7656,گوشی قوییه ولی بهترین گوشی سال نمیشه چون دست بالای دست بسیار است همین سونی گوشی جدیدش دوربینش 13 و رمشم 2048 حالا تا چند ماهه دیگه سامسونگو موتورولا و اچ تی سی و.,0,2,train
3556,اگه که بیاد من میخرم.,0,2,train
3949,حالا رفتم تحقیق کردم می خواستم آلفا 99 بگیرم اما هر چی گشتم تو ایران گیر نیامد .,0,2,train
10423,این دوربین‌ها مجهز به سنسور تصویر 14 مگاپیکسلی شده اند.,0,2,train
8179,در قسمت جلو لنزی قرار گرفته که اکنون، از نوع 6 المنتی می باشد و ابیراهی های خیلی کمتری در گوشه های تصویر آن مشاهده می گردد.,0,2,train
5116,بازی‌های XBOXجهت اجرا بر روی ۳۶۰ احتیاج به آپدیت و پچ شدن دارند و تنها آن دسته از بازی‌هایی که توسط خود مایکروسافت مشخص شده‌اند قادر به اجرا شدن می‌باشند.,0,2,train
8576,سلام من این گوشیو خریدم، اما برخلاف نظرات بعضی دوستان: دو سیم کارت همزمان فعال نیست دوربینش در حد 8 مگاپیکسل نیست، نویزش زیاده و کیفیتش در حد 5 یا کمتره فیلم برداریش 720 * 480 و بد نیست ویدیو HD رو پخش نمیکنه 4 کلید خازنی پایین گوشی چراغ نداره بقیه ی چیزاش خوبن,0,2,train
6593,منم یه هفته ست این تبلت رو از دیجی کالا گرفتم.,0,2,train
3209,سلام دوستان من این تبلت رو یک هفت هست که خریدم از اونجایی که خودم تخصص دارم در این موارد باید بدونید که حرارته پشت این تبلت خیلی عادیه باید بدونید دسته شما بیشتر باعث میشه به نظرتون پشت تب گرم باشه چون عریضه و دسته شما گرما رو منتقل میکنه به بدنه تو تاچ گوشی به نظرم یکم مشکل هست چون به نظرم کمی کند عمل میکنه نکته جالب سیستمه بلوتوث این تب بود برام که هوشمنده و اتوماتیک وار به هدست استریو متصل میشه صفحه این تب به نظرم باید AMOLED بود چون واقعا دیگه خسته کنندس پنل هایه تکراری پشت سر هم تولید میشه که کم کاری محسوب میشه از سامسونگ تو سیستم اندرویدش اشکاله کمی دیدم که با اندروید جدید بهتر شده و میشه گفت تبلت رو باید با سیستم عامل جدیدش ارزش گذاری کرد همون طور که یکی از دوستان اشاره کرد نداشتن فلش دوربین و دوربین پیشرفته ضعف محسوب نمیشه مثل نکسوس7 که حتی دوربین هم نداره مطلب بعد طراحیه بدنه این تبه میتونم به جرات بگم عالیه دور تب از رنگ براق پلی استره که خیلی زیباس و پشت گوشی طوریه که لکه به جا نمیمونه موسیقی باش خوبه صدایه نویز وجود نداره که نکته جالبیه حالات موسیقیش چشمگیره یه اشکال تو پخش فایل داره که هر برنامه ای رو اجرا نمیکنه ولی مطمعن باشید این نکات نکاتی نیست که مایوس کننده باشه سخت افزارش خیلی قویه و خیلی شبیه به گوگل نکسوسه شما میتونید رو این تب حساب کنید چون واقعا با این مبلغ با این امکانات بسیار خوبه در واقع شما یه تبی دارید که هم تلفنه هم کامپیوتر.,0,2,train
11791,من این گوشی رو روت کردمو روش بازی های سنگینی رو اجرا کردم و در هر بار بازی کردن تقریبا یک و نیم تا 2 ساعت باهاش بازی کردم.,0,2,train
10577,• پورت‌ها و اتصالات اما جایی که G585 توانست تعجب ما را برانگیزد، پورت‌ها و اتصالات آن بود.,0,2,train
7599,جنس بدنه نیز بر خلاف گلکسی اس 3 که از پلی کربنات بود، از همان پلاستیک همیشگی گوشی‌های سامسونگ می‌باشد که می‌توان گفت در این مورد سامسونگ به اصل خود باز گشته است.,0,2,train
910,بطوریکه حتی با حداکثر زوم ، عکس شاید خیلی شفاف نباشد اما رنگها سر جای خودشان هستند و در حاشیه ها پراکندگی ندارند .,0,2,train
917,بیشتر تغییرات در قسمت پشتی دیده می شوند.,0,2,train
12922,امیدوارم این گوشی به سرنوشت X1-00 دچار نشود.,0,2,train
8189,این در حالیست که مدل های پیشین تنها از کارت های حافظه ی SD پشتیبانی می کردند.,0,2,train
12740,ولی این صفحه کلید QWERTY کشویی است که می‌تواند تفاوت‌هایی را بین Xperia Pro و دیگر هم خانواده‌هایش ایجاد کند.,0,2,train
559,در دو طرف دستگاه چهار پورت USB قرار دارند که دو تای آن‌ها از نوع USB 2.0 بوده و دو تای دیگر از نوع USB 3.0 هستند.,0,2,train
3303,این غبار ممکن است به هنگام تعویض لنز بر روی سنسور بنشیند.,0,2,train
11702,من 2 هفته هست که این گوشی رو خریدم.,0,2,train
6715,همانطور که گفتیم، SX160 IS مدل بعدی دوربین SX150 IS می باشد.,0,2,train
3894,همچنین در این هنگام می‌توانید تنظیماتی چون جبران نوردهی یا همان Exposure Compensation، تراز سفیدی و نورسنجی را هم بر عهده بگیرید.,0,2,train
6431,منم این هارد رو خریدم.,0,2,train
11505,دقت این صفحه نمایش 768x1280 است که تراکم پیکسلی 318ppi را ارائه می‌دهد.,0,2,train
5753,همانطور که اشاره کردیم، Galaxy S II مجهز به دوربین 8 مگاپیکسلی است.,0,2,train
10220,باید بازی های hvga روش نصب بشه تا بیاره چون صفحه‌اش کوچیکه.,0,2,train
6553,برای باز کردن قفل صفحه نمایش، کافیست انگشت خود را بر روی صفحه نمایش به سمت راست بکشید.,0,2,train
10628,اینو با lg optimus 4x hd مقایسه کنید که هم ارزون تره و هم خیلی قدرتمند تره.,0,2,train
293,10.,0,2,train
12491,) که با انتخاب آن‌ها، برنامه مورد نظر به صورت کوچک شده اجرا می‌شود و شما می‌توانید همزمان با کارهای دیگر، همیشه این برنامه را بر روی صفحه خود همراه داشته باشید.,0,2,train
433,این گوشی حتی نسبت به لومیا 820 نیز لبه های گرد تری دارد که به نظر می‌رسد ظاهر آنرا جوانانه تر نماید.,0,2,train
3347,در صورت تمایل می توانید میکروفون عقب دوربین را خاموش کنید تا صدای پس زمینه را کمتر کنید.,0,2,train
10177,نوکیاX2-02گوشی خوبی بود اما لمسی نبود.,0,2,train
5622,باور کنین من قبلا با اس 2 هم فیلم برداری کردم ولی فرق زیادی با این نداشت.,0,2,train
4768,دوست عزیز این دوربین با امکاناتی که دارد صرفا برای فیلمبرداری ساخته شده است .,0,2,train
7351,سطح این تاچ پد دانه دانه است ولی با این حال، این باعث نمی‌شود که از لغزش راحت انگشت شما بر روی آن جلوگیری شود.,0,2,train
1455,A3400 همانند بقیه‌ی دوربین های این سری مجهز به سنسور تصویر 16.1 مگاپیکسلی CCD است.,0,2,train
8547,با سلام لازم دونستم برای اون دسته از عزیزانی که میگن این گوشی فرمت hd رو پخش نمیکنه بگم که فقط کافیه نرم افزار MX Player رو که تو اکثر سایت های دانلود نرم افزار آندروید موجوده دانلود کنید .,0,2,train
9254,همچنین سیستم فوکوس خودکار 9 نقطه ای موجود بر روی این دوربین دقیقا همانی است که بر روی 60D هم استفاده شده بود.,0,2,train
11190,تا زمان نوشتن این نقد و بررسی هنوز از قیمت دقیق 6D خبر نداریم ولی Nikon D600 حدود 2000 دلار قیمت دارد.,0,2,train
987,وجود فیلتر داخلی ND نیز باعث می شود که حتی در شرایط شدید نوری هم بتوانید از دیافراگم بازتر یا سرعت های شاتر پایین تر استفاده نمایید.,0,2,train
10052,در بالای کیبورد دستگاه، یک نوار شبکه ای قرار دارد که در زیر آن بلندگوهای نوت بوک تعبیه شده اند.,0,2,train
2795,DV300F مجهز به سنسور تصویر 16 مگا پیکسلی CCD می‌باشد.,0,2,train
6344,از نظر طراحی، این گوشی تغییرات زیادی نسبت به مدل پیشین خود نداشته است.,0,2,train
5978,پورت HDMI نیز برای انتقال و پخش مستقیم عکس‌ها و فیلم‌های گرفته شده بر روی تلوزیون دیجیتال و HDTV هم وجود دارد.,0,2,train
11756,به نظر من گوشیه خوبیه ولی 3 تا مشکل داره.,0,2,train
2758,دوربین فوجیتسو در Stylistic M532 یک دوربین 8 مگاپیکسلی قرار داده است.,0,2,train
11001,کافیه بدونید که ارزون ترین تبلت وکوم سینتیک در بازار ، بیش از دو میلیون تومن قیمت داره ، ضمن اینکه حجم زیادی داره و حتما هم باید یک سیستم درست و حسابی رو باخودتون همراه داشته باشد.,0,2,train
6195,اما بر خلاف بسیاری از گوشی‌ها، کلید پاور و کلید کنترل صدای این گوشی در کنار یکدیگر نیستند و یکی بر روی لبه سمت چپ و دیگری بر روی لبه سمت راست گوشی تعبیه شده است.,0,2,train
11815,فقط یکم صداش کمه که اونم برام زیاد مهم نیست,0,2,train
4894,من خیلی از ایکس باکس خوشم میاد ولی به نظرم ps3 خریدن ریسک کمتری داره هم از نظره داغ شدن و هم مشکلی مثل سه چراغ شدن ایکس باکس رو نداره .,0,2,train
11344,پیش از دوربین 550D در مود Live view برای فوکوس خودکار می‌بایست از دکمه‌ی * استفاده می‌کردید.,0,2,train
999,در آینده سعی می کنیم که اطلاعات بیشتری را از این دوربین ارائه کنیم.,0,2,train
1371,در حقیقت می‌توانیم به سادگی همین‌جا بگوییم که اگر کیفیت صفحه نمایش لپ‌تاپ برای شما اهمیت ویژه ای دارد، این لپ‌تاپ تنها انتخاب شما باید باشد.,0,2,train
8835,البته اگه پول بیشتر داشتم مدل 260 رو می خریم که زوم اپتیکالش بی نظیره.,0,2,train
3517,این برنامه را می‌توانید با دو بار فشار دادن کلید Home گوشی اجرا کنید.,0,2,train
1490,کیفیت فیلم برداریش هم خوبه ولی بنظرم در حد HD نیست و می تونست بالاتر باشه..,0,2,train
11067,حتی خود من به آن توجه نکرده بودم و دیشب با برادرم راجبه قیمت آن در دیجی کالا صحبت میکردم که میگفت با این قیمت مطمئن باش که سیم کارت نمیخوره که امروز برای چک کردن این موضوع به دیجی کالا سر زدم و متعجب شدم.,0,2,train
9062,سنسوری 20 مگاپیکسلی و در سایز APS-C.,0,2,train
5799,بعد از این همه مدت تعصبم رو این برند رو کنار گذاشتم و اومدم سراغ سامسونگ اس 2 !,0,2,train
2174,خداییش آیفون 4 از این قشنگ تر نیست؟,0,2,train
8564,کلید های پایین روشن نمیشه.,0,2,train
1981,هر دو از قطعات یکسانی استفاده میکنن ولی arc به خاطر رزولوشن بالا ترش در بعضی تست ها مثل Nenamark2 از xperia mini عقب میفته ولی این هم ضعف ارک نیست.,0,2,train
3595,سایر مدل‌ها، از پردازنده های کم مصرف Intel Pentium و Intel Celeron استفاده می‌کنند.,0,2,train
2236,همچنین دوربین این گوشی توانایی فیلم‌برداری Full HD 1080p را دارد.,0,2,train
1664,پردازنده ای که قبل از این بر روی هیچ گوشی دیگری به کار نرفته بود و برای همه کاملا ناشناخته است.,0,2,train
5132,عدد ۳۶۰ با توجه به لگوی رسمی کنسول می‌تواند واحد درجه داشته باشد که می‌خواهد مفهوم دربرگیرنده را برای کاربر خود القا کند.,0,2,train
2129,سال ها از خرید اولین گوشی همراه گذشته (7100 LG) ، در این مدت چند گوشی عوض کردم و با گذر زمان سلایق کاربری ام تغییر کرد ، همیشه به این فکر کردم که چرا همه ی امکانات در یک دیوایس موجود نیست؟,0,2,train
4614,من به این گوشی از 10 ده میدم .,0,2,train
10443,فراموش نکنیم بگوییم که این دوربین مجهز به چشمی الکترونیکی با توانایی پوشش 97% میدان دید هم می‌باشد که البته هنوز اطلاعات زیادی از آن نداریم و سعی می‌کنیم که در آینده اطلاعات بیشتری را ارائه نماییم.,0,2,train
12965,البته در قسمت نقاط قوتش قید شده که من ندیده بودم ..,0,2,train
10802,با سلام من این تلوزیون رو 3هفته است که گرفته ام .,0,2,train
8078,اولین باره که HTC گرفتم.,0,2,train
3522,به علاوه بخش Music Square اضافه شده به برنامه به شما این امکان را می‌دهد که حالت خود (خوشحال، آرام، .,0,2,train
11983,یه روز گوشی دستون باشه.,0,2,train
6334,8: وضوح ال سی دی این گوشی واقعا اونطور که گفته میشد نیست و تنها در زیر نور زیاد یا آفتاب کمی دیدن صفحه نمایش سخت میشه که با افزایش نور زمینه کمی بهتر میشه .,0,2,train
4700,در صورتیکه وایلد فایر راحت 3 روز جواب میداد2- رابط HTC Sence خیلی زیبا تر از رابط ری هست3- ویدجت های HTC بیشتر و کاربردی تر هستند و قابل دانلود ولی برای این که ندیدم قابل دانلود باشه4- وایلد فایر عملکرد ضعیفی تو بازی ها دارد5- امکان قطع صدای زنگ با برعکس کردن گوشی در وایلدفایر بود ولی ری ندارد.6- کیفیت صفحه نمایش ری خیلی بالاتر هست.,0,2,train
241,سلام خدمت دوستان من این گوشی را بعد از کلی تحقیق گرفتم.,0,2,train
10363,همانطور که گفتیم، M500 در رده‌ی دوربین‌های خانگی یا سطح مبتدی کانن است.,0,2,train
5,همچنین عمل اسکن را هم باید خیلی خوب انجام دهد.,0,2,train
9947,خوب شما باید پیش از این اطلاعات خود شامل محل کار، نام خود، نام همسرتان، شماره‌ی تلفن و دیگر اطلاعات را وارد کرده باشید تا Siri بلافاصله این کار را برای شما انجام دهد.,0,2,train
9767,کمینه‌ی فاصله‌ی فوکوس این لنز نیز در مود ماکرو 1 سانتی متر می‌باشد.,0,2,train
1860,لذت بخش ترین زمان وقتی است که در چند دیوایس تواناییه سریع در sharing اطلاعات بدون هیچ پروتوکل جانبی(internet) وجود داشته باشد، بتوان به صورت نامحدود و رایگان از storage موجود در دیوایس بهره برد ، امکان ارتقا فضای حافظه وجود داشته باشد تا به مرور به صورت کاملا اقتصادی به اشتهای کاربری پاسخ مثبت داده شود.,0,2,train
8345,اینکه برای زومهای بالا لزوما به سه پایه نیاز هست صحیح نیست هرچند برای استفاده از حداکثر زوم سه پایه عالیه اما میشه با سرعت بیشتر شاتر و کمک گرفتن از عکاسی پیاپی نبود سه پایه رو جبران کرد.,0,2,train
10211,نظر با شماست.,0,2,train
7722,دنیای ios.,0,2,train
3319,از پورت های خروجی و ورودی می توان به خروجی HDMI برای اتصال به HDTV، USB 2.0، خروجی ویدیو NTSC/PAL، جک هدفون استریو، جک میکروفون استریو اکسترنال و ورودی DC اشاره کرد.,0,2,train
3769,این نمایشگر در ضمن می تواند تا 270 درجه به سمت بالا چرخش کند.,0,2,train
2985,من امروز این تبلت رو سفارش دادم و احتمالا تا 2 روز دیگه به دستم می رسه.,0,2,train
4900,هرکسی یه طرفو داره!,0,2,train
4992,کنسول‌هایی مانند آتاری، میکرو، سگا و در سال‌های اخیر پلی استیشن (PlayStation) از این دستگاه‌ها هستند.,0,2,train
2171,آره!,0,2,train
6180,بالاخره تونستم جایی را در تهران پیدا کنم و از آنها مشاوره گرفتم که مشکل از کجاست؟,0,2,train
3892,همچنین آپشن‌های فیلم برداری 1920x1280 و 1440x1280در 50 فریم بر ثانیه و فرمت AVCHD و همچنین سایزهای 1440x1280، 1280x720 و 640x480در 25 فریم بر ثانیه و فرمت MPEG4 هم برای آن وجود دارد.,0,2,train
4455,Xperia ray یکی از اولین گوشی‌هایی بود که از طراحی جدید گوشی‌های سونی اریکسون استفاده می‌کند که این طراحی بعدتر در گوشی‌های Xperia mini و Xperia mini Pro نیز استفاده شد.,0,2,train
8101,نیست .,0,2,train
11646,یعنی تقریبا هفده هجده ماهه که این گوشی رو دارم!,0,2,train
690,هرچند درایورشو دانلود کردم (باید ویندوزش اوریجینال باشه).,0,2,train
12638,"اینم بگم من خیلی گوشی عوض کردم(galaxy ace,galaxy s,nexus s,xperia x10,wildfire s,...) و این نظراتو با توجه به تجربه ام میگم نه سلیقه و از روی کاغذ..",0,2,train
370,) خریداران خود را در اکثر زمینه‌ها راضی نگاه خواهد داشت.,0,2,train
1805,خریدمش,0,2,train
8672,با سلام خدمت دوستان.,0,2,train
7117,سخت افزارButterfly از چیپ Snapdragon S4 Pro کمپانی Qualcomm بهره می‌برد.,0,2,train
1463,این دوربین همانند دیگر دوربین های سری جدید A کانن، توانایی ضبط ویدیویی 720p HD با سرعت 25 فریم بر ثانیه و در فرمت AVI H.,0,2,train
8136,یه همچین گوشی حداقل به یه cpu 800 Mh نیاز داره.,0,2,train
4948,البته در ابتدا بسیاری از مشکلات سخت افزاری را با خود داشت که بعد ها مایکروسافت با ارائه مدل های جدیدتر مشکلات را بسیار کم کرد.,0,2,train
5260,این تبلت قابلیت GPRS داره.,0,2,train
9069,این دوربین هم با کیت لنز 20-50 میلی متری عرضه می شود.,0,2,train
2371,به همین دلیل است که اپل در صدر جدول قرار گرفته .,0,2,train
8505,به صورتی که HS900 همانند مدل سال پیش، مجهز به سه عدد سنسور تصویر 1/4 اینچی می‌باشد که توانایی ارائه رزولوشن 7.8 مگاپیکسل در عکس با نسبت 3:2 را دارد.,0,2,train
3442,ابعاد این دستگاه 200 × 385 × 458 میلی‌متر بوده و وزن آن نیز 8.4 کیلوگرم است.,0,2,train
8772,همچنین، بالای صفحه نمایش نیز دوربین مکالمات تصویری و سنسورها جای گرفته‌اند.,0,2,train
9301,تصور نمی کنیم که حتی با وجود پردازشگر DIGIC 5 تغییرات زیادی در کیفیت عکس های این دوربین نسبت به مدل پیشین رخ داده باشد.,0,2,train
4864,من XBOX360 ELITE خریدم و الان دم دستمه و دارم باهاش بازی می کنم.,0,2,train
493,چند روزی هست که این گوشی را خریده ام و قبلا گوشیهای مختلف آندرویدی داشته ام.,0,2,train
898,ولی به هر صورت این افزایش رزولوشن را می توانیم نه خوب و نه بد در نظر بگیریم.,0,2,train
12802,کمپانی اسکن زی یکی از تولید کنندگان اسکنرهای دستی یکی دیگر از تولیدات خود را با نام BQS020 و در رنگ های نقره ای، آبی و صورتی به بازار معرفی کرد.,0,2,train
3506,در پشت گوشی لنز دوربین 8 مگاپیکسلی قرار داشته و در دو طرف آن فلاش LED و بلندگوی اصلی آن قرار دارند.,0,2,train
1182,صفحه‌ی نمایش این گوشی، یک صفحه‌ی نمایش 4.3 اینچی از نوع SuperAMOLED می‌باشد.,0,2,train
2506,پردازنده های Core i5 و Core i3 نیز ذاتا دو هسته ای با توان ساختن دو هسته‌ی مجازی دیگر هستند.,0,2,train
11804,به هر حال دکمه های حرارتی علت این مشکله که نباید در چنین گوشی فشرده از آن استفاده می شد و اگر مانند سایر برند ها دکمه ها پایین تر قرار می گرفت مشکلی به وجود نمی آمد الان هم با کالیبره کردن (پایین آوردن حسایت با افزایش دمای گوشی) مشکلی وجود نخواهد داشت.,0,2,train
961,با این حال اصلا از نظر جثه و امکانات نمی توان آن ها را مثلا با دوربین های کامپکتی چون سری Ixus کانن یا دوربین هایی چون نیکون S9300 و حتی پاورشات SX260 HS مقایسه کرد.,0,2,train
6268,متشکرم,0,2,train
4246,فقط میخام تجربه ام رو بگم.,0,2,train
6562,و در نهایت، برنامه‌هایی مانند ماشین حساب، تقویم، صندوق پست الکترونیکی، ضبط صدا، DLNA، بازی Fruit Ninja، بازی جت اسکی، نرم افزار Kingsoft Office، فیس‌بوک، Twitter و چند برنامه دیگر بر روی سیستم عامل MediaPad 10 FHD به صورت پیش فرض قرار دارد.,0,2,train
1722,جمع بندی تا قبل از ورود آیفون 5 به بازار این برای همگان سوال بود که آیا اپل می‌تواند مانند آیفون 4S گوشی‌ای تولید نماید که در زمان خود برترین گوشی لقب گیرد یا خیر؟,0,2,train
4726,این نظر من بود ولی مهم نظر شماست.,0,2,train
9999,واقعا asus پیش روی صنعت کالاهای دیجیتالی هست.,0,2,train
1726,به هر حال از بسیاری لحاظ گوشی‌های دیگری هستند که به iPhone 5 برتری دارند، به طور مثال اگر صفحه نمایش بزرگ‌تر دوست دارید به شما Galaxy Note II را پیشنهاد می‌دهیم، اگر صرفا دوربین برایتان اهمیت دارد Nokia 808 PureView بهترین گزینه برای شماست و اگر شارژدهی باتری ملاک انتخاب شماست فقط می‌توانید به Motorola Razr Maxx اعتماد نمایید.,0,2,train
5523,به نظرم این مدل فقط از نظر قیمت از نوت2 بهتره فقط همین,0,2,train
2425,نوت بوک ها و تبلت های ایسوس به داشتن بلندگوهای با کیفیت و قدرتمند شهرت داشته‌اند و PadFone 2 نیز از این قاعده مستثنی نیست.,0,2,train
8874,حتما باطری اضافه تهیه نمایید .,0,2,train
10176,سامسونگ گالکسی صدای بسیار ضعیفی داره.,0,2,train
12158,با این تفاوت که ثابت می باشد.,0,2,train
12304,من بعد از کلی بررسی این دوربین رو بالاخره خریدم.,0,2,train
2843,صفحه نمایش به کار رفته بر روی این گوشی یک صفحه نمایش 4.5 اینچی لمسی خازنی از نوع True HD IPS می‌باشد که قابلیت نمایش 16 میلیون رنگ را نیز داراست.,0,2,train
13,علاوه بر این ها، اتصالات WiFi و Ethernet هم وجود ندارد.,0,2,train
13008,بر روی بدنه GZ-HD3 نیز دکمه‌های auto/manual، منو، Direct Back Up و play/record به همراه بلندگو و خروجی S-video قرار دارد.,0,2,train
6162,در رابطه با آن موضوع اجرای بازی برای مثال در بازی pes2012 این تفاوت از نظر کیفیت و گرافیک بین این دو محصول احساس می شود.,0,2,train
4783,قابلیت های این دوربین لنز سری G بزرگ .,0,2,train
7494,صفحه نمایشصفحه نمایش به کار رفته بر روی این گوشی، یک صفحه نمایش 3.8 اینچی لمسی خازنی از نوع TFT است که تصاویر را با رزولوشن 800×480 پیکسل به نمایش می‌گذارد.,0,2,train
7853,اگر تبلت را در حالت عمودی در دست بگیرید، در پایین این تبلت، پورت micro USB قرار دارد که شارژ کردن تبلت نیز از طریق همین پورت انجام می‌شود.,0,2,train
1685,آیا گفتن همین یک نام برای نشان دادن قدرت نرم افزاری آیفون 5 کافی نیست؟,0,2,train
1477,کانن تصمیم گرفته که سقف حساسیت را تا 1600 قرار دهد تا وضعیت خراب تر از این نشود.,0,2,train
4571,چهارمین اسمارت فون دنیا در سال 20117.,0,2,train
2416,دقت این صفحه نیز HD یعنی 720x1280 می‌باشد که تراکم پیکسلی بسیار بالای 312ppi را ارائه می‌دهد.,0,2,train
4778,پیش فرض ها تماما در حالت کیفیت و رزولوشن پایین قرار دارند .,0,2,train
4867,چون مهم ترین نکته برای این کنسول ها بازی هاشه !,0,2,train
948,مدت زمان اسکن این دستگاه با وضوح مختلف به صورت زیر است.,0,2,train
572,در پایین صفحه کلید، تاچ پد دستگاه قرار دارد.,0,2,train
385,با اینکه Ixus 240 HS لنز کوچک‌تری نسبت به 510 HS دارد ولی ضخامت آن کمی بیشتر است.,0,2,train
7640,Adreno 320 که تا حالا رو گوشی نزدن .,0,2,train
8480,بنابراین فرصت بسیار خوبی برای کانن است که با مدل Vixia G10 گوی رقابت را از پاناسونیک برباید.,0,2,train
9799,خوب تفاوت را در موارد خیلی جزئی تر می توان مشاهده کرد.,0,2,train
7060,s3 .,0,2,train
3545,"در جواب سوالی که اول نقد و بررسی مطرح کردیم:"" آیا این گوشی می‌تواند جانشین شایسته‌ای برای گوشی Galaxy S II باشد؟",0,2,train
1461,بدین ترتیب که وقتی دوربین را بر روی این مود عکاسی قرار می‌دهید، دوربین شما تبدیل به یک دوربین کاملا خودکار در عکاسی می‌شود.,0,2,train
2067,نرم افزار های مخصوصی داشته باشه(نرم افزار های موجود با صفحه نمایش جور در نمی ایند و برای پرکردن فضای خالی از نوار های سیاه در دو طرف نرم افزار در صفحه استفاده میشه.,0,2,train
12519,تا جایی که به ظرفیت حافظه مربوط می‌شود این گوشی در دو مدل 16 و 32 گیگابایتی به بازار می‌آید.,0,2,train
12293,من جدیدا خریدمش از همین سایت.,0,2,train
6076,تازه گارانتیشم که بخاطر ت ح ر ی م !,0,2,train
3870,با توجه به اینکه تغییرات زیادی در این دوربین نسبت به مدل پیشین وجود ندارد، به احتمال زیاد باید شاهد نتایجی مشابه باشیم.,0,2,train
11030,من با شارژ 50 % نزدیک به دو روز با اون کار کردم.,0,2,train
10758,آن سه دوربین تقریبا شبیه به هم بودند و فقط توانایی زوم بود که میانشان تفاوت ایجاد می کرد.,0,2,train
10274,جیو حتی یه کلیپه 720 و نمیتونه باز کنه!,0,2,train
3570,من اس۳ میخواستم ولی رم۱ واسم کم بود.,0,2,train
6631,یک کارت حافظه‌ی 8 گیگابایتی می‌تواند تا 3 ساعت زمان فیلم برداری را پشتیبانی کند.,0,2,train
3441,یکی از تولیدات این کمپانی Pixma MX374 است که یک چاپگر چهار کاره بوده و جزو دستگاه های رده متوسط کانن می‌باشد.,0,2,train
1575,امکانات نرم افزاری مختلف سامسونگ مانند Pop Up Play و Smart Stay نیز بر روی این تبلت وجود دارد.,0,2,train
6877,من خودم one x دارم و هنوز اینو نخریدم.,0,2,train
1885,من این گوشی رو به تازگی خریدم .,0,2,train
5700,سامسونگ Galaxy S II دارای قطری در حدود 8.5 میلی متر است و در ضخیم ترین مکان هرگز این قطر از 1 سانتی متر تجاوز نمی‌کند.,0,2,train
1918,صفحه نمایش هم نسبت به نسخه های قبلی زیاد فرقی نداره.,0,2,train
8196,تایم لپس نیز همچنان موجود می باشد.,0,2,train
1723,با وجود رقبای سر سختی مانند Samsung Galaxy S III و HTC One X ، به نظر می‌رسید اپل برای تبدیل شدن به بهترین، کار بسیار سختی را در پیش دارد.,0,2,train
7740,با این قیمت میشه tf300 خرید هم قدرتش بیشتره، هم امکاناتش و هم صفحه بزرگتر و با کیفیت تری داره مگر اینکه جزو کسانی باشی که بدون بررسی دیگر برندها گجتهای اپل رو میخرن,0,2,train
5147,تنها تفاوت آن‌ها در لوازم جانبی آن‌هاست (البته یک سری از آن‌ها دارای خروجی HDMI می‌باشند که در مدل‌های دیگر وجود ندارد).,0,2,train
11136,باید تو تست ببینیم چی میشه,0,2,train
5607,همچنین یک دوربین با کیفیت VGA نیز برای انجام مکالمات تصویری در قسمت جلویی گوشی تعبیه شده است.,0,2,train
2895,حتی هنگامی که صفحه نمایش Infinity را در کنار صفحه Retinaی آی پد نسل سوم قرار دهید، هر دو صفحه نمایش کیفیت تقریبا یکسانی را ارائه می‌دهند و تشخیص تفاوت این دو، بسیار مشکل است.,0,2,train
8403,این در حالیست که SX40 HS کمینه ی نسبت کانونی f/2.8 را ارائه می داد.,0,2,train
2732,در لبه سمت راست کلید کنترل صدا، درگاه microUSB و شکاف‌های سیم کارت و microSD که البته توسط درپوشی محافظت شده است قرار گرفته‌اند، و بر روی لبه زیرین تبلت، محل اتصال کابل شارژر تعبیه گشته است.,0,2,train
10332,در مورد قسمت نرم افزاری این گوشی، پیش از هر چیز نگاهی به مرورگر اینترنت آن می‌اندازیم.,0,2,train
5900,بعد از آپدیت مشکل داغ شدن به نظرم بیش از 70 درصد حل شده است.,0,2,train
11515,Gesture Typing همانند تایپ کردن با کیبورد معروف Swype می‌باشد و بدین صورت است که برای نوشتن لغات مورد نظر، به جای انتخاب کردن حروف به صورت جداگانه، کافیست که انگشت خود را بر روی حروف مربوطه حرکت دهید.,0,2,train
12165,میکروفون های استریو نیز جای خود را به میکروفون مونو داده.,0,2,train
7441,اگر همین عکس را بخواهید با رزولوشن 400ppi اسکن کنید زمانی در حدود 48 ثانیه نیاز دارد.,0,2,train
8976,به جز پیچ تنظیم و پیچ اسکرول پشتی، این بزرگترین کنترل بر روی دوربین است و همچنان مانند دیگر دوربین‌ها دو مرحله‌ای می‌باشد.,0,2,train
11082,تصور کنید که همه کتاب‌ها و جزوات درسیتان را یکجا در قالب یک دستگاه بتوانید جمع آوری کنید، همیشه و در هر جا همراه داشته باشید و هر زمان که وقت و حوصله دارید به آنها رسیدگی کنید.,0,2,train
11367,سرعت عکاسی پیاپی هم در کلاس خود بالاتر از حد متوسط است ولی بافر 6 عکس RAW یعنی اینکه نسبت به مدل‌های پیشین هیچ پیشرفتی حاصل نشده است.,0,2,train
8481,این دوربین از نظر طراحی به جز به مدل پیشین خود، به دوربین HDC-TM900 هم خیلی شبیه است.,0,2,train
2798,این دوربین هم دوربینی نشانه و عکس یا Point to Shoot است.,0,2,train
6019,در تست 5 صفحه پرینت متن و گرافیک به سرعت 13 صفحه در دقیقه رسیدیم.,0,2,train
8372,٢ تا ایراد بد داره ١:کمینه دیافراگمش خیلی زیاده یا به نوعی لنزش کنده ٢: استایل تو دست خوبی نداره، دوربین تو دستی نیست اما در نظر داشته باشین کانن تو ایزو بالا تو این رنج بهتر از فوجی یا نیکون عمل میکنه,0,2,train
11577,چون اندازه حسگرش 1/2.3 بعدش اینکه مگاپیکسلش بالاست.,0,2,train
1049,توانایی عکاسی را که کنار بگذاریم، این دوربین قابلیت فیلم برداری 1920X1080p Full HD در فرمت AVHCD و Motion JPEG را نیز دارد.,0,2,train
12668,قیمتشم داره میره بالا.,0,2,train
10756,از نظر طراحی بدنه این دوربین شباهت خیلی زیادی به سه مدل سال پیش دارد.,0,2,train
4356,قابلیت اتصال بند به پشت دستگاه !,0,2,train
4813,برای این قیمت باید انتظار دوربین بهتری داشت .,0,2,train
8948,مود Smart Auto در هنگام ضبط ویدیویی فعال می‌باشد و بدین طریق می‌توانند هر لحظه صحنه‌ی فیلم‌برداری را با 18 مود صحنه‌ی داخلی خود دوربین (در کل 22 مود صحنه وجود دارد ولی برای فیلم‌برداری 18 مود صحنه) تطبیق دهد و از آن‌ها استفاده کند.,0,2,train
3457,این اسکنر قادر به تهیه اسکن با وضوح 2400 × 1200 dpi می‌باشد.,0,2,train
5055,• NTSC-J/Asia این منطقه مختص کشورهای آسیای شرقی مثل تایوان، سنگاپور و... است.,0,2,train
4598,در این رده قیمت تا کنون هیچ گوشی بهتر از این پیدا نکردم!,0,2,train
6655,"همچنین مجهز به نمایشگر 3 اینچی لمسی با رزولوشن 230,000 پیکسل است و بیشتر کنترل‌های دوربین را می‌بایست از طریق همین نمایشگر بر عهده بگیرید.",0,2,train
9205,به نظر من تفاوت زیادی بین 600 دی و 650 دی وجود نداره که بخوایم بگیم خیلی ملموس باشه اگه 600دی رو با یه لنز خوب و مرغوب بگیرین یا اندکی اضافه بودجه و دی60بگیرین بهتره .,0,2,train
7874,این دقیقا همان باتریست که بر روی Nexus 7 نیز قرار داده شده بود.,0,2,train
6828,من حتما میخرم.,0,2,train
7392,لازم به توضیح است قیمت دستبند نایک برابر با قیمت این مدل ipod می باشد .,0,2,train
2133,مجوز فعالیت بیشتر بدافزار ها با تائید ناآگانه از سوی کاربر صادر می شود!,0,2,train
9426,البته برای کسانی که کارهای روزانه و معمولی رو انجام میدن، مهم نیست.,0,2,train
9240,خوب حقیقت این است که تغییرات فراتر از این ها بوده اند.,0,2,train
13056,قطر نمایشگر این دستگاه 3.5 اینچ و رزولوشن آن 480X320 پیکسل می باشد.,0,2,train
8192,توانایی عکاسی 5 مگاپیکسلی را نیز که بیفزاییم، این دوربین تقریبا عملکردی شبیه به Hero ی اولیه دارد.,0,2,train
6278,منم این گوشی رو خریدم!,0,2,train
3474,این یعنی امکان ذخیره و نگهداری تا 50 برگ را دارد.,0,2,train
1444,"دوربینی که مشخصه‌ی بارز آن، نمایشگر 3 اینچی لمسی با کیفیت 230,000 پیکسل است.",0,2,train
3652,اما به هر حال برای ویندوز RT به اندازه ویندوز سون برنامه و بازی وجود ندارد و برای لذت بردن از آن، باید کمی صبر کرد تا به مرور بر تعداد برنامه های سازگار با ویندوز آر تی اضافه گردد.,0,2,train
8336,• نرم افزار و دوربین PadFone 2 به طور پیش فرض از نسخه 4.0 سیستم عامل اندروید با نام بستنی حصیری استفاده می‌کند ولی ایسوس وعده داده است که تا پایان سال جاری میلادی، این گوشی به اندروید 4.1 نیز آپدیت خواهد شد.,0,2,train
4947,بازی آنلاین نیاز به پرداخت پول دارد اکس باکس ۳۶۰ اولین کنسول نسل جدیدی بود که در سال ۲۰۰۵ به بازار آمد یک سال زودتر از wii و PS3 .,0,2,train
4954,اصلی ترین مشکل و پاشنه ی آشیل اکس باکس احتمال خراب شدن کامل یا چراغ قرمز (RedRingOfDeath) آن بوده البته این مشکل در کنسول های جدید تولید شده بسیار کم شده و حتی به حد معمول دستگاه های این چنینی رسیده.,0,2,train
12614,با اینکه اون 5MP و این گوشی 8MP ولی تفاوت چندانی تو کیفیت ندارن.,0,2,train
11376,همانطور که دوربین 550D را می‌توانستیم 7D کوچک بنامیم و دوربین 500D را 50D کوچک.,0,2,train
6402,گوشی گلکسی اس 2 پلاس که کد I9105 را دارد دارای مشخصات زیر است: اندروید 4.1.2 آبنبات ژله‌ای پردازشگر 2 هسته‌ای با سرعت 1.2 گیگاهرتز رم 1 گیگابایتی صفحه نمایش 4.3 اینچی سوپر آمولد پلاس دوربین 8 مگاپیکسلی با قابلیت ضبط ویدئویی 1080p حافظه داخلی 8 گیگابایتی مجهز به NFC باتری 1650 میلی آمپری جنس بدنه مشابه جنس بدنه گوشی گلکسی اس 3 (پلاستیک لعاب کاری شده),0,2,train
11362,این دوربین از باتری لیتیوم-یونی قابل شارژ LP-E8 بهره می‌برد که توانایی شارژدهی به میزان 400 تا 440 عکس در مود چشمی و 150 تا 180 عکس در مود Live view و حدود یک ساعت و نیم فیلم برداری را دارد.,0,2,train
1679,اما به یکی دیگر از تغییرات اساسی آیفون 5 می‌رسیم، یعنی تغییر در کانکتور.,0,2,train
817,آدم با پولش میتونه دو تا گوشی هم سطح desire x بخره!,0,2,train
9538,آنها می گویند همین الان چندین مدل تلفن هوشمند در بازار وجود دارند که ضخامت شان کمتر از آیفون 5 است.,0,2,train
4611,در اینجا می خواهم نکات مثبت و منفی این گوشی را بررسی کنم نکات مثبت:- پشتیبانی از 4 باند GSM /GPRS / EDGE- قابلیت3Gبا سرعت 7.2 مگابیت بر ثانیه HSDPAو 5.76 مگابیت بر ثانیه HSUPA- صفحه نمایش 3.3 اینچی با قابلیت نمایش 16 میلیون رنگ و رزولوشن WVGA ( 854×480 پیکسل ) با موتور نمایش BRAVIA- سیستم عامل آندروید 2.3 Gingerbread که قابلیت اپدیت به android 4 (ice cream sandwich)- پردازنده ی1GHz Scorpion CPU و شتاب دهنده ی گرافیکی Adreno 205 - 512 مگابایت حافظه به صورت RAM- دوربین 8 مگاپیکسلی با فوکوس اتوماتیک و فلاش LED و قابلیت برچسب گذاری جغرافیایی- قابلیت فیلم برداری با کیفیت HD- دوربین دوم 2 مگاپیکسلی با قابلیت تماس های تصویری- دارایGPS - دارای درگاه کارت حافظه ی خارجی از نوع MicroSDکه همراه گوشی 4 گیگابایت عرضه می شود و قابلیت ارتقا تا 32 گیگابایت را دارا می باشد .,0,2,train
463,همچنین، در حالت آماده باش نیز این گوشی تا 300 ساعت روشن می‌ماند که عملکرد مناسبی برای یک باتری 1300 میلی آمپری محسوب می‌شود.,0,2,train
3217,vice city کم میاره اما خیلی نه تبلت 16 گیگ حدود 12 گیگ در دسترس داره مال من که اینطور هدر صورت استفاده مداوم سمت راست پشت تبلت داغ میشه ظاهرا جای سی پی یو و رمش هست فول اچ دی رو خیلی خیلی روون پخش میکنه من با برنامه جداگانه تونستم فرمت های dat و vob رو پخش کنم با تشکر حمید اکبری,0,2,train
3381,سخت افزار پردازنده این گوشی یک پردازنده دو هسته ای با فرکانس 1.5 گیگاهرتز از نوع Krait به همراه چیپ Snapdragon S4 می‌باشد، یعنی تقریبا مشابه پردازنده ای که بر روی دیگر غول‌های بازار مانند لومیا 920 و یا HTC One X و حتی Galaxy SIII مشاهده کرده بودیم.,0,2,train
5940,این سنسور از نوع BSI-CMOS می‌باشد و رزولوشن 18.1 مگاپیکسلی را ارائه می‌دهد.,0,2,train
2168,Apple iPhone 5 یه گوشی هوشمند !,0,2,train
1879,شد.,0,2,train
806,کیفیت تصاویر ثبت شده خوب و قابل قبول هستند، اما کیفیت فیلم برداری این دوربین می‌توانست بهتر باشد.,0,2,train
2294,واسه جذب مشتری.,0,2,train
2052,پردازنده چهار هسته ای، دوربین 8 مگا، صفحه 4 اینچی، دوربین مکالمه hd ، 1 گیگ رم و فقط 7.6 میلیمتر!,0,2,train
11009,اما بازم تاکید میکنم ، فقط بدرد کسانی میخوره که بتونند سنجیده عمل کنند و درست از این گجت استفاده کنند.,0,2,train
4712,همین طور لنز این دوربین در برابر خراشیدگی بسیار آسیب پذیره و خیلی جالبه که حتی یه کلید اختصاصی واسه دوربین نداره.,0,2,train
230,کار کرد این دکمه ها به این صورت که انگشت شصت رو رویه شکل ها گذاشته و به مقدار نیم اینچ به بالا کشیده.,0,2,train
4642,من تقریبا 1.5 ماهه که این گوشی رو از دیجی کالا خریدم.,0,2,train
9513,ایفون رو همه با اندک مشکلاتش میبینن نمیگن چقدر در طراحیش ابتکار عمل بکار رفته - سرعت پردازندش 2 برابر شده دوربینش هم که ایفون4 از کل نوکیا و سونی و .,0,2,train
7081,حال یا نسخه جهانی این گوشی که با نام Butterfly عرضه گردیده آشنا می‌شویم که با تغییراتی جزیی نسبت به مدل‌های مخصوص آمریکا و ژاپن تولید گردیده است.,0,2,train
4176,این گوشی امکاناتش دقیقا برابری میکنه با samsung galaxy s advance.,0,2,train
3497,البته سامسونگ دلیل این کار را وجود صفحه نمایش بسیار عظیم 4.8 اینچی آن دانسته است.,0,2,train
2429,ولی چیپ snapdragon موجود روی این گوشی از نوع 4 هسته ای snapdragon e.,0,2,train
902,بعلاوه ی اینکه اکنون قطر این نمایشگر بیشتر شده و به 3.2 اینچ افزایش یافته است.,0,2,train
414,IXUS نامی هست که در اروپا فروش میره و خیلی از زبان ها رو داره .,0,2,train
6229,به علاوه این گوشی می‌تواند با کیفیت Full HD 1080p فیلمبرداری کند.,0,2,train
5649,از لحاظ طراحی تفاوت خاصی بین GALAXY Tab 2 10.1 و مدل سال گذشته وجود ندارد ولی با ضخامت 9.7 میلی‌متر، این تبلت نسبت به مدل سال گذشته که تنها 8.6 میلی‌متر ضخامت داشت، کمی قطورتر شده است.,0,2,train
9781,اگر در آینده تغییری دیدم و عکس ها بهتر شد، حتما اینجا اعلام می کنم.,0,2,train
6838,پس باتری اینترنال این گوشی نمی تواند بعنوان یک ضعف و عاملی برای عدم خرید آن باشد.,0,2,train
2197,امیدوارم اپل باز هم بتونه خودی نشون بده و به سرنوشت BlackBerry دچار نشه.,0,2,train
11119,در توضیح تعدادی از برنامه های پیش فرض سامسونگ باید بگوییم که برنامه S Note برنامه ایست که به شما در طراحی کارت با تعدادی قالب پیش فرض کمک می‌کند که می‌توانید آنها را در قالب فایل PDF ذخیره نمایید.,0,2,train
7954,به هر صورت همانطور که گفتیم، دو دوربین JX550 و JX510 دوربین هایی دقیقا شبیه به هم و با امکانات یکسان می‌باشد که یکی از آن‌ها رزولوشن 16 مگاپیکسل و دیگری رزولوشن 14 مگاپیکسل را ارائه می‌دهند.,0,2,train
11447,امروز شرکت گوگل شارژر بیسیم مربوط به این گوشی را برای فروش روی سایت گذاشت.,0,2,train
1013,اما در این میان، دوربین‌های کامپکتی نیز وجود دارند که با هدف سالم ماندن و عکاسی کردن در شرایط سخت ساخته شده‌اند.,0,2,train
8571,ممنون از دیجی کالا .,0,2,train
6294,گوشی خوبیه ولی S2 بهتره,0,2,train
403,در تست‌هایی که انجام دادیم این دوربین توانایی تولید عکس‌هایی بدون نویز در ایزوهای 100، 200 و 400 را داشت و فقط مقداری نویز و کاسته شدن از غلظت رنگ‌ها و مقدار جزئیات از ایزو 800 مشاهده می‌شود.,0,2,train
5446,چه از لحاظ دوربین چه از لحاظ سخت افزار و چه از لحاظ قیمت.,0,2,train
9606,واقعا فکر نمیکردم اپل همچین گوشی رو بزنه.,0,2,train
10125,شبیه اکسپریا play میمونه.,0,2,train
9121,جزو گوشی های متوسطه.,0,2,train
3982,حدود یک هفته ای از طریق اینترنت تحقیق کردم و عکساشون رو با هم مقایسه کردم .,0,2,train
6398,سامسونگ راه را برای آپدیت نرم افزاری گلکسی اس 2 هموار کرد.,0,2,train
1385,کیبورد Retina MacBook Pro شباهت بسیاری به کیبورد استفاده شده در MacBook Air دارد.,0,2,train
11019,من 5 روز پیش این تبلت رو خریدم.,0,2,train
4713,چیزی که اکثر شرکت ها حتی روی گوشی ها قیمت پایینشون هم میذارن.,0,2,train
7923,محبوب باز هم در حالی که گوشی های هوشمند پر طرفدار است.,0,2,train
7181,یکی از اقوام من این رو داره!,0,2,train
10210,ولی در نهایت میشه گفت گوشی خوبی هست یا گوشی خوبی نیست .,0,2,train
6843,برخلاف نظر یکی از دوستان؛ موقع هنگ کردن به آسونی میشه ریست کرد کافیه دکمه ی ولوم بالا رو با دکمه ی پاور بگیری.,0,2,train
8501,البته این دوربین، همانند دوربین های دیجیتال عکاسی پاناسونیک، از فن آوری intelligent Auto نیز بهره می‌برد.,0,2,train
105,در زیر آن می‌توانیم شاهد یک پورت استاندارد HDMI و یک پورت AV/USB هم دیده می‌شود.,0,2,train
2330,این مدل دارای تجهیزاتی تکمیلی برای اتصال به فرمان، داشبورد، کلاه و بدنه خارجی انواع وسائط نقلیه از قبیل اتومبیل، موتورسیکلت، دوچرخه و جت اسکی است است.,0,2,train
2498,در این جا نیز شاهد یک فن آوری جدید به نام Palm Proof هستیم.,0,2,train
5308,• دوربین در قسمت پشت Nexus 7 دوربینی وجود ندارد.,0,2,train
9917,اپل این بار تصمیم گرفته که از پردازنده‌ی A5 استفاده کند.,0,2,train
2972,می خوام بگم اولین کاری که باهاش انجام دادم، همون کاری بود که از نشدنش نگران بودم.,0,2,train
9575,ظاهرا این گوشی از نوع بخصوصی از سیم کارت که با فناوری نانو ساخته می شود پشتیبانی می کند.,0,2,train
3424,محدود بودن برنامه های ویندوزفون هم به مرور زمان حل میشه .,0,2,train
5365,من هنوز این کار رو نکردم و منتظرم تا راه حل ساده تر و بهتری ارائه شود البته تا آن زمان نمیتونم از سیم کارت استفاده کنم در واقع فعلا این مدل با مدل وای فای تفاوتی نداره.,0,2,train
3891,همانطور که در مورد مدل پیشین توضیح دادیم، HX200v هم توانایی ضبط ویدیویی 1080p Full HD در 30 فریم بر ثانیه با صدای استریو را دارد.,0,2,train
4613,مزایا:1)کیفیت تصویر فوق العاده در حدود 300ppi2)وجود پردازنده s2 که با پردازنده ی xperia arc برابر است3)طراحی ساخت عالی به طوریکه ضخامت بدنه تنها 9.4 میلیمتر است4)وجود دوربین 8 مگاپیکسلی باسنسور Exmor R CMOS موجود در خود دوربینهای شرکت سونی5)معایب: 1)نبود پورت HDMI2)مقدار شارژ دهی گوشی متوسط میباشد البته معایب دیگر این گوشی با وجود برنامه های آندروید قابل حل میباشد,0,2,train
11011,سلام بچه ها من 19 /6 خریدم.,0,2,train
5003,اما تفاوت‌های اساسی در قسمتهای دیگر آن است.,0,2,train
7426,هر دو بیشینه‌ی رزولوشن 4800ppi را ارائه می‌دهند و از لامپ LED برای نور پس زمینه بهره می‌برند.,0,2,train
8282,در ضمن به طور کلی در گوشه های تصویر نیز وجود دارد.,0,2,train
4161,در کل صحبتم اینه که این گوشی رو بخرید که مطمئنا گرون میشه!,0,2,train
8082,می خرمش.,0,2,train
11178,همانطور که در نقد و بررسی D600 هم گفتیم، تاریخچه ی دوربین های DSLR فول فریم تقریبا به سال 2002 و Canon EOS 1Ds بر می گردد.,0,2,train
5070,برای NTSC-J نوشته شده: Only For Japan • سری‌های اولیه XBOX360 های مدل Premium ورژن ژاپن (NTSC-J) دارای دو وسیله‌ی اضافی می‌باشند سوال: منظور از ریجن فری(Region-Free) چیست؟,0,2,train
2213,اما فقط در یک رنگ یعنی مشکی موجود خواهد بود.,0,2,train
7163,من این دیوایس رو 4 روز میشه که دارم!,0,2,train
1695,برای گفتن جزئیات تمامی تغییرات و عملکرد های iOS 6 نیاز به نوشتن یک نقد و بررسی جداگانه می‌باشد.,0,2,train
4842,خوشحال شدم از سایت خوبتون خداحافظ.,0,2,train
7498,باتریباتری این گوشی یک باتری 1300 میلی متری آمپر ساعتیست که از باتری مدل‌های 820 و 920 بسیار ضعیف‌تر است، با این حال بیش از 14 ساعت مکالمه ممتد را پشتیبانی می‌نماید.,0,2,train
9967,دیگر کمیت‌ها در شارژدهی باتری مثل 14 ساعت زمان مکالمه‌ی GSM، 10 ساعت تماشای ویدیو و 40 ساعت گوش داده به موسیقی همانند مدل پیشین ثابت باقی مانده‌اند.,0,2,train
10045,• صفحه نمایش و بلندگوهاهمانطور که در ابتدا گفتیم، Sleekbook ها در دو مدل 14 و 15.6 اینچی عرضه شده اند.,0,2,train
970,آن را هم خیلی دوست داشتیم.,0,2,train
6018,ولی افزایش پرینت ها به 20 صفحه باعث شد که بتوانیم به سرعت 15.8 صفحه در دقیقه برسیم که این چیزی در حدود 75 درصد سرعت ادعایی HP است.,0,2,train
3445,تکنولوژی چاپ در این دستگاه از نوع جوهرافشان بوده و امکان چاپ رنگی ویژگی دیگر این پرینترهای چندکاره است.,0,2,train
10465,من برای اولین بار دارم از سایت دیجی کالا خرید می کنم و بدون اینکه بخوام برم تو بازار بگردم این گوشی رو انتخاب کردم فقط با توجه به مطالبی که شما دوستان نوشته بودید و خود دیجی کالا در مورد این گوشی نوشته بود حتما حتما بعد استفاده از این گوشی میام در مورد نقاط ضعف و قوتش می نویسم .,0,2,train
7805,از دیگر برنامه های موجود بر روی آیپد مینی می‌توان به Newsstand، iBooks، Photo Booth و برنامه های همیشگی iOS اشاره کرد که در نسخه 4G آیپد برنامه های Messages و Contacts نیز قرار دارند.,0,2,train
7889,لازم به ذکر است که گیرنده aGPS این تبلت، قابلیت دریافت امواج ماهواره های GLONASS را نیز دارد.,0,2,train
10729,از رقبای اصلی این گوشی می‌توان به Samsung Galaxy S III و LG Optimus 4X HD اشاره کرد که هر یک از آن‌ها مزایا و معایب خاصی نسبت به این گوشی دارند.,0,2,train
11230,در مورد فیلم برداری هم باید گفت که خیلی نکته ی خاصی وجود ندارد.,0,2,train
7836,فبلت به محصولاتی گفته می‌شود که همانند گوشی‌ها، سیم کارت خور بوده و قابلیت ایجاد تماس‌های تلفنی را دارند ولی ابعاد آن‌ها بزرگ‌تر از استاندارد گوشی‌ها بوده و به تبلت ها تشابه دارند.,0,2,train
6634,از نظر امکانات جانبی نیز همانطور که گفتیم دوربینی سطح مبتدی می‌باشد.,0,2,train
6694,فیلم‌ها در این دوربین بر روی هارد دیسک 160 گیگابایتی ذخیره می‌شوند، همچنین اگر باز هم به حافظه‌ی بیشتری نیاز داشتید می‌توانید از کارت های حافظه‌ی SD/SDHC/SDXC استفاده کنید.,0,2,train
8168,همچنین این دوربین قادر است با رزولوشن VGA و با سرعتی نزدیک به 30 فریم بر ثانیه فیلم برداری نماید.,0,2,train
5290,به محض اینکه محاسبات سنگین‌تر (مثل اجرای بازی‌های سنگین) انجام شوند، Nexus 7 به پردازنده چهار هسته ای سوئیچ خواهد کرد.,0,2,train
5386,تراکم پیکسلی آن نیز 256ppi می‌باشد که باعث می‌گردد که پیکسل‌ها را حتی با دقت فراوان نیز مشاهده ننمایید.,0,2,train
3476,کارتریج این چندکاره دارای 4 کارتریج می‌باشد.,0,2,train
984,این در حالیست که دو مدل پیشین دارای کمینه ی نسبت کانونی f/2.8-5.6 بودند.,0,2,train
12931,طراحی و ساختابعاد این گوشی 116 × 49.4 × 12.4 میلی متر بوده و وزن آن 91 گرم می‌باشد.,0,2,train
4892,با سلام به نظر من ps3 از همه لحاظ چه گرافیک چه قدرت و غیره باید بره جلو سوت بزنه,0,2,train
10122,اما اگر میتوانید هزینه بیشتری صرف کنید .,0,2,train
7155,من کمتر از 1ماه این گوشی رو داشتم.,0,2,train
11974,از هر نظر تستش کردیم.,0,2,train
8007,به صورتی‌که فوکوس دستیش که تا ۰ سانتی متر هست حتا باعث می‌شه که دیگه سایه دوربین روی سوژه بیفته!,0,2,train
8270,"عکس‌ها و فیلم های گرفته شده بر روی کارت‌های حافظه‌ی microSD, microSDHC, microSDXC ذخیره می‌گردند.",0,2,train
8226,به خصوص در نسخه ی Black که کاملا بارزتر است.,0,2,train
8928,گوشه‌های قوس‌دار آن باعث می‌شوند که نسبت به چیزی که واقعا هست کمتر مستطیلی شکل به نظر بیاید.,0,2,train
3098,من هم new ipad و هم TF700T را تجربه کرده ام و قاطعانه به شما می گویم که ایپد یک چیز دیگه است از لحاظ قیمت با هم تقریبا برابر هستند و به نظر من اگر می خواهید پول خرج کنید به نظر من ایپد بهترین تبلت جهان است و از TF700T یا هر تبلت دیگری خیلی بهتره و این را یادتون باشه که اندروید برای گوشی موبایل خوبه و به نظر من در موبایل از ios بهتره ولی در مورد تبلت خیلی بهتره زیرا در تبلت استاده بیشتری از سخت افزار می کنید و در تبلت تنوع و کیفیت نرم افزار ها خیلی مهمه.,0,2,train
10119,این گوشی هم مثل بقیه گوشی ها مزایا و معایب خودشو داره که به چندتایی اشاره میکنم تادوستانی که قصد خرید دارند بتونن بهتر تصمیم بگیرند: مزایا: 1-آندروید2.3وقابلیت آپدیت به آندروید4.0.3(که خودم الان آپدیت4 شو دارم).,0,2,train
12598,یه کم از گوشی براتون میگم.,0,2,train
9203,تا حالا تستش نکردم.,0,2,train
11561,درآینده نزدیک هم احتمال اینکه آپدیت نرم افزاری براش بیاد تا عکاسی با فرمت RAW هم بتونه بگیره زیاده.,0,2,train
12242,کیفیت عکس‌های گرفته شده را بعدا در نقد و بررسی کامل دوربین بررسی می‌کنیم.,0,2,train
12267,چند نکته برای کسانی که قصد خرید این دوربین رو دارند دارم.,0,2,train
944,گروهی از آنها نیاز به اتصال به کامپیوتر برای کارکرد دارند ولی برخی دیگر این نیاز را ندارند و با داشتن کارت حافظه می توانند اسکن های تهیه شده را بر روی این کارت ها ذخیره کنند و در مواقع مورد نیاز استفاده کنند.,0,2,train
11942,مزایا 1.,0,2,train
3999,ممنونم.,0,2,train
9211,تنها نکته مهم در فیلمبرداری استفاده از لنزهای خاص صامت و بیصدا مانند سری USM یا مدلهای پیشنهادی جدید که برای این دوربین و سری مشابه طراحی و ساخته شده مانند سری SLM که بسیار سریع و بیصدا هستند مناسب میباشد و با استفاده از لنزهای سری IS متاسفانه آن سرعت قابل انتظار وجود ندارد و همچنین صدای لنز در هنگام فیلمبرداری شنیده و ضبط میشود که زیاد خوب نیست.,0,2,train
503,(اگر چه به اندازه تنوع نرم افزارهای اندروید نیست اما در حال حاضر رشد بسیار سریعی در آن دیده می شود و حتا ممکن است در آینده از اندروید هم پیشی بگیرد.,0,2,train
8685,دیروز خریدم.,0,2,train
11183,بنابراین مدل 5D را بیرون داد.,0,2,train
7800,در ضمن، آیپد مینی در سه ظرفیت 16، 32 و 64 گیگابایتی به بازار ارائه گردیده، همچنین دو مدل Wi-Fi و Wi-Fi+4G از آن تولید و در اختیار کاربران قرار داده شده است.,0,2,train
882,با این حال جایگزاری دکمه ها و کنترل ها عمدتا شبیه به مدل پیشین است.,0,2,train
12439,سلام این گوشی از نظر پردازنده و دوربین و صفحه نمایش و اندروید4 و زد آب بودن و ..,0,2,train
10414,SL300 مجهز به لنز 24-720 میلی متر با توانایی زوم 30 برابر، و SL260 مجهز به لنز 24-576 میلی متر با توانایی زوم 24 برابر است.,0,2,train
1822,اگه میتونید بگیرید در توانتون هست حتما تهیه کنید .,0,2,train
2134,من مشتری ، آزادی در حق انتخاب را دوست دارم!,0,2,train
4901,سخت از مواضع خود دفاع میکنه!,0,2,train
6333,7: در مد عکاسی هم عکسای خوبی داره ولی در فوکوس مثل محصولات اچ تی سی نیست و ضعف داره اما نه انقدر که دوربین زیر سوال بره چون اکثر محصولات سامسونگ این ضعف رو دارند.,0,2,train
756,اعم از داغ شدن غیر عادی و .,0,2,train
10607,این موبایل برای یک کاربر و استفاده کننده معمولی عالیه فقط باطری نسبتا ضعیفی دارد، در عرض 2ساعت شارژ میشود و در حالت استفاده معمولی(پیامک و تلفن) تا سه روز کار میکند.,0,2,train
12166,با این حال این دوربین دارای جک ورودی میکروفون استریو اکسترنال هست.,0,2,train
3673,به این صورت برای کلیپ‌های خود یک نام یا آیکن انتخاب می‌کنید.,0,2,train
6630,هیچ گونه حافظه‌ی داخلی یا هارد دیسک وجود ندارد و ویدیوها همگی بر روی کارت حافظه‌ی SD/SDHC/SDXC ذخیره می‌شوند.,0,2,train
10288,فقط توصیه میشه کمه کم یه رم 8 سرعت بالا روش بندازید.,0,2,train
13015,سیستم ضبطی که در دوربین‌های JVC به کار رفته‌است از نوع MPEG-2 TS است نه AVCHD که در مدل‌های ساخت پاناسونیک، سونی و کانن می‌بینید.,0,2,train
8824,امروز بعد از 3 روز به دستم رسید ارزشش نسبت به قیمت اولین و آخرین موردی هست که شمارو مطمئن میکنه چیزی که خریدید حتما ارزشش رو داره تنها موارد ناامیدکننده که مسلما نباید با این قیمت انتظار بیشتری داشته باشیم نداشتن حافظه ی داخلی (خیلی های دیگه هم ندارن) و باتری غیر شارژی هستش.,0,2,train
12803,این مدل قادر است که با وضوح 300 و 600 DPI اسکن تهیه کند و با فرمت های PDF و JPG ذخیره نماید.,0,2,train
1409,اگر بخواهیم رقیبی برای این دستگاه معرفی کنیم، تنها می‌توان به لپ‌تاپ‌های فوق باریک و زیبای سامسونگ سری 9 اشاره کرد که در کیفیت ساخت نیز با Retina MacBook Pro برابری می‌کنند.,0,2,train
6987,با سلام خدمت دوستان دیجی کالا.,0,2,train
3242,وجود پورت usb میتونست خوب باشه.,0,2,train
7894,• دوربین نکته جالب در مورد تبلت های هفت اینچی این است که به جز چند استثنا، اکثر آن‌ها، فقط دارای دوربین‌های جلویی می‌باشند.,0,2,train
5275,در لبه سمت راست آن دکمه پاور و همچنین کلیدهای کنترل صدا قرار دارند و در لبه پایینی آن نیز پورت Micro USB و خروجی هدفون 3.5 میلی متری تعبیه شده‌اند.,0,2,train
4159,(واقعا چیزی دیده نمیشه!,0,2,train
6020,اما عکس 15X10 سانتی متر بر روی یک صفحه‌ی A4 حدود 13 ثانیه به طول انجامید.,0,2,train
2023,من حتی گلکسی نوت 1 رو هم بهش ترجیح میدم.,0,2,train
12952,در نهایت این گوشی توانای نصب و اجرای بازی‌های که با فرمت جاوا هستند را دارد.,0,2,train
12895,من برای مادرم خریدم.,0,2,train
1731,من قبل از این گوشی HTC One X داشتم و خیلی ازش راضی بودم .,0,2,train
2835,خوب طبق معمول تو ایران کاربرد آنچنانی ندارد چون مردم ایران دنبال این نوع تنوع گرایی ها نیستند ولی به نظر من کاربرد خواهد داشت.,0,2,train
1283,حقیقتش از یک هفته پیش تا حالا که من از دیجی کالا این گوشی را گرفتم دائما به مشتری های خودم این گوشی را پیشنهاد میدم .,0,2,train
10223,این یه گوشی با امکانات معمولی و قیمت متوسط .,0,2,train
9377,من مدتی هستش این گوشی رو دارم.,0,2,train
12779,اونم اینه که اگر صفحه ی این گوشی حد اقل 4 اینچ بود هیچ کدوم از گوشی های سامسونگ به پاش نمیرسیدن.,0,2,train
5196,هرچند که این مسئله و نداشتن صفحه کلید عددی در قسمت سمت راست؛ سبب شده است که کلیدها به صورت جداگانه کاملا بزرگ ساخته شوند.,0,2,train
2850,اما حافظه داخلی این گوشی 16 گیگابایت است که با پشتیبانی گوشی از کارت حافظه microSD تا 32 گیگابایت دیگر نیز می‌توان به آن افزود.,0,2,train
1756,برای فعال کردن بلوتوث باید هزینه پرداخت کنید!,0,2,train
2402,این داک دارای یک صفحه نمایش 10.1 اینچی بوده و داخل آن یک باتری 5000 میلی آمپر-ساعت قرار داده شده است.,0,2,train
1057,علاوه بر آن مود Program هم وجود دارد که بیشترین اختیار در تنظیمات نور دهی را در این دوربین به شما می‌دهد.,0,2,train
9705,بله..,0,2,train
5057,توجه: • Region-Lock مختص کنسول ۳۶۰ نیست و کنسول‌های قدیمی‌تر از قبیل PS2، XBOX ، GC و... نیز دارای قفل منطقه‌ای بودند.,0,2,train
8267,اما Elph 520 HS نیز همانند بیشتر دوربین های هم رده، یک دوربین Point to Shoot است.,0,2,train
11044,فقط نشون میداد با این S pen میره هی متن کپی میکنه بعد یه چیزی مینویسه و بعد دوباره عین همین!,0,2,train
1270,به دوستانی که می خوان بخرن و 2دلن توصیه میکنم بخرن.,0,2,train
4958,میتوان هم به صورت ایستاده و هم خوابیده از آن استفاده کرد.,0,2,train
12571,آیا این از Apple خواسته‌ی زیادی است؟,0,2,train
903,چشمی الکترونیکی نیز مثل مدل پیشین است و در حالی که رزولوشن نه چندان بالای 201000 پیکسلی دارد، 100 درصد میدان دید را پوشش می دهد.,0,2,train
2868,شاید بهتر بود که ال‌جی بر روی این گوشی از نسخه 4 سیستم عامل اندروید استفاده می‌نمود.,0,2,train
9266,چند دوربین قبلی عکاسی پیاپی با سرعت حدود 3.7 فریم بر ثانیه را ارائه می کردند.,0,2,train
4070,• صفحه نمایش صفحه نمایش به کار رفته در این گوشی یک صفحه نمایش 2.4 اینچی رنگی ولی با رزولوشن 240×320 می‌باشد.,0,2,train
7644,این گوشی؟,0,2,train
10526,صفحه نمایش صفحه نمایش به کار رفته در این گوشی یک صفحه نمایش3.5 اینچی لمسی خازنی از نوع TFT می‌باشد که قابلیت نمایش 256 هزار رنگ را نیز داراست.,0,2,train
12236,این دوربین مجهز به سنسور تصویر 14 مگاپیکسلی 1/2.3 اینچی CCD می‌باشد و توانایی ضبط ویدیویی 720P HD با سرعت 30 فریم بر ثانیه را هم دارد.,0,2,train
5180,با تشکر فوق تخصص سخت افزار بهروز اسماعیل پور فارغ التحصیل از ..,0,2,train
7286,سنسور تصویر به کار رفته در Ixus 510 HS نیز همانی است که پیش از این بر روی 500 HS به کار رفته بود.,0,2,train
12177,بعلاوه باز هم انتخاب مود فیلم برداری در جایگاه سوم سوییچ پاور قرار گرفته است.,0,2,train
3953,همین دوربین تو شیراز با قیمت خیلی بالاتری میدن,0,2,train
11946,بنظر من اپدیت میشه چون اکثر گوشی های هواوی با رم 512 وحافظه 4گیگ به روز شدن.,0,2,train
2132,در زمینه انعطاف پذیریه os همین بس که در مرور زمان کاربر بتواند از حداکثر توانایی سخت افزار بهره مند شود، و با نگاه تخصصی تر بتواند مشکلات دیوایس خود را رفع و رجوع کند!,0,2,train
4966,پورت HDMI .,0,2,train
7331,بدنه کاملا از پلاستیک مشکی براق و صیقلی ساخته شده است.,0,2,train
10412,SL300 و SL260 نیز از این قواعد مستثنی نیستند.,0,2,train
1028,همانند تقریبا همه‌ی دوربین‌های مقاوم، لنز FT3 از نوع پریسکوپی می‌باشد.,0,2,train
8106,قبلا گوشیهایی مثل xperia x10 - Desire HD - Sensation رو داشتم..,0,2,train
9586,بنابراین یا هنوز به این گوشی امید هست یا اینکه پس از مرگ steve jobes باید با برند اپل خداحافظی کرد .,0,2,train
2383,اپل در واقع یک سر وگردن از شرکت های مقابل خود بالاتر است.,0,2,train
6523,-- یک ترابایت فضا بدون نیاز به آداپتور -- حداکثر سرعت انتقال داده پنج گیگابیت در ثانیه = ۶۲۵ مگابایت در ثانیه(دقت کنید که اکثر هارد اکسترنال های موجود در بازار حداکثر سرعت حدود ۶۰۰ مگابیت دارند که معادل ۷۵ مگابایت در ثانیه است.,0,2,train
1834,درصورتی که در سیستم عامل حرفه ای IOS اصلا اینگونه نیست.,0,2,train
5957,این دوربین از مود Sweep Panorama که زمان زیادی است آن را بر روی دوربین‌های سونی می‌بینیم هم بهره می‌برد.,0,2,train
12811,ویندوز ۸ این مجموعه شامل نسخه‌های Pro و Enterprise در هر دو ساختار ۳۲ و 64 بیتی است.,0,2,train
11503,در پشت نیز لنز دوربین 8 مگاپیکسلی در کنار فلاش LED و یک لوگوی بزرگ nexus قرار دارد.,0,2,train
1999,پس قرار نیست کم بیاورد.,0,2,train
4309,• باتری در زیر قاب پشتی این دستگاه، یک باتری لیتیوم یونی تعبیه شده که طبق ادعای اپل می‌تواند 40 ساعت به طور مداوم موسیقی پخش کرده و یا 8 ساعت ویدئو نشان دهد.,0,2,train
12848,دستکاری در سورس برنامه هرچند ممکن است باعث راحت‌تر شدن کار بشود ولی در کنار آن باگ‌های بسیاری نیز به برنامه اضافه می‌کند.,0,2,train
5935,بدنه فلزی می‌باشد و سطح دستگیره از جنسی لاستیکی پوشانده شده.,0,2,train
978,این سایز سنسور بزرگتر از سایز 1/2.3 اینچی است که بر روی دوربین های کامپکت معمولی استفاده می شود و سازی در حد 7.4X5.5 میلی متر دارد.,0,2,train
3874,"بعضی از این مودها شامل مود عکاسی intelligent Auto یا اتوماتیک هوشمند برای عکاسی تماما اتوماتیک، مودهای عکاسی P,A,S,M برای عکاسی خلاقانه و حرفه‌ای و مود عکاسی Sweep Panorama و 3D می‌شوند که باز هم توضیح بیشتری نمی‌دهیم تا شما را به نقد و بررسی دوربین HX100v ارجاع داده باشیم.",0,2,train
298,ولی چون دکمه ها یکم نزدیک lcd هستند و اکثرا افراد یکم پایین تر رو لمس میکنند برای همین فکر میکنند که دکمه ها ضعیفند !,0,2,train
850,فکر نکنم تو شرایط فعلی زیاد استقبال بشه.,0,2,train
301,( این ها را می توانید در WalkMan (کلید منو رو بزنید )و از آن ها استفاده نمایید .,0,2,train
4008,پس بیاییم بیشتر دقت کنیم و این مگاپیکسلایه بالا با توجه به اندازه سنسور چشمون و نگیره.,0,2,train
7989,سلام من یک ماهی میشه این دوربین رو خریدم.,0,2,train
5083,البته نه به فراوانی کنسول های نسل قبلی!,0,2,train
606,واقعا لپ تاپ خوبی هستش ولی هر چی میگردم نمی تونم درایور finger printش رو پیدا بکنم از سایت hp هم دانلود نمیشه.,0,2,train
11250,این دوربین فقط به رنگ مشکی ساخته شده است.,0,2,train
5767,این حرکت هم می‌تواند با کج کردن دستگاه صورت گیرد.,0,2,train
3486,سلام پس از خرید، هنوز استفاده نکرده ام.,0,2,train
9734,سخت افزارپردازنده به کار رفته بر روی Tipo یک پردازنده 800 مگاهرتزی می‌باشد که به همراه چیپ Qualcomm و یک پردازشگر گرافیکی Adreno 200 ، سخت افزار این گوشی را تشکیل می‌دهند.,0,2,train
3821,قابلیت‌های جدید اضافه کرده و تلویزیون خود را با محتواهای جدید از نو بسازید.,0,2,train
12326,همانطور که گفتیم، WX50 کاملا شبیه به WX70 می‌باشد.,0,2,train
257,زیباست اما بعد یه مدت رنگ و روش میره.,0,2,train
5240,به عبارت دیگر در نمایشگرهای با رزولوشن کم تصاویر به صورت شطرنجی دیده می‌شوند.,0,2,train
3449,رزولوشن چاپ در این چاپگر 4800 × 1200dpi می‌باشد که کیفیتی متوسط دارد.,0,2,train
6137,پس اینطور نیست که بگیم گرافیک این از اون بالاتره و.,0,2,train
13069,شاید تنها در مقایسه ی خیلی دقیق بتوان این تفاوت را مشاهده کرد.,0,2,train
6590,نمیدونم چرا باتریش جزو نقاط ضعفش اومده.,0,2,train
8932,پیچ تنظیم SX230 HS خیلی شبیه به پیچ تنظیم دوربین‌های DSLR سطح مبتدی می‌باشد چرا که شوتینگ مودهای دستی با شوتینگ مودهای اتوماتیک در یک جا قرار گرفته‌اند.,0,2,train
12947,برای ارسال پیام کوتاه نیز امکان انتخاب دستی و یا انتخاب سیم کارت پیش فرض وجود دارد.,0,2,train
2395,ایسوس در پایین این گوشی یک پورت ترکیبی قرار داده که آن را MHL می‌نامد.,0,2,train
4826,کلا بهتره هر دوشو داشته باشید.,0,2,train
10486,من امروز تو پیشنهاد ویژه خریدمش ببینم چطوره بعدا نقد میکنم!,0,2,train
12109,فوکوس این دوربین، فقط از نوع خودکار است.,0,2,train
12409,منم قصد دارم تا چند روز آینده این مدل رو از دیجیکالا خریداری کنم,0,2,train
3665,دوربین فیلم‌برداری JVC مدل GZ-MG555 از مدل‌های سری Everio است که اولین دوربین‌های فیلم‌برداری مبتنی بر هارد را عرضه کرده است.,0,2,train
12172,همان سنسوری که نخست بر روی 650D و EOS M دیده بودیم.,0,2,train
1982,ترجیح میدم صبر کنم تا OPTIMUS G بیاد، طبق گفته خبرگذاری هایی و بسیاری از سایت های اطلاع رسانی تلفن همراه اپتیموس جی قدرتمند ترین تلفن خواهد بود، اما خب کلاس آیفون 5 بیشتر هست و من صبر میکنم تا هر دوی این گوشی بیاد و بعد راجع به خریدشون نظر بدم.,0,2,train
6659,من چند روزی میشه از دیجی کالا خریداری کردم.,0,2,train
914,به جز گوشه‌های نسبتا گردتر، G6 خیلی شبیه به مدل های پیشین خود به نظر می رسد.,0,2,train
8069,عملکرد دوربینش هم اگرمحیط شرایطش خوب باشه بهترین عکس رو واستون میگیره وگرنه عکس زیاد درجه یک درنمیاد.,0,2,train
12338,بدین ترتیب که برای کاربرانی ساخته شده که عکاسی اتوماتیک را ترجیح می‌دهند.,0,2,train
12331,هیچ گونه دستگیره ای بر روی بدنه مشاهده نمی شود و عملا اگر دستان بزرگی داشته باشید همه‌ی دوربین می‌تواند در کف دست شما پنهان شود.,0,2,train
1846,من هم 5 داشتم هم با اس3 کار کردم و نوت2 ولی از نظر قدرت سیستم عامل و سخت افزاری دو گوشی سامسونگ اصلا به پای 5 نمیرسن.,0,2,train
2045,این گوشی را خواهیم خرید .,0,2,train
565,در بالای این صفحه نمایش یک وب کم 2 مگاپیکسلی HD قرار دارد.,0,2,train
6279,رزولوشن صفحه اونطوری هم که میگن ضعیف نیست!,0,2,train
2019,خودتون قضاوت کنید.,0,2,train
6359,رزولوشن این نمایشگر 480×800 پیکسل می‌باشد.,0,2,train
2920,در حقیقت می‌توان به جرات گفت که کمتر تبلتی در بازار وجود که دوربینی به خوبی دوربین Transformer Pad Infinity داشته باشد.,0,2,train
5194,برخلاف بسیاری از نوت‌بوک‌های دیگر ایسوز، صفحه کلید این یکی از نوت Chiclet با کلیدهای جداگانه و جزیره‌ای بر روی شاسی نیست.,0,2,train
6249,ولی بعد از خرید چنان شگفت زده شدم که به اطلاعاتی که قبلا از این گوشی داشتم شک کردم که اگه اون اطلاعات هست پس این گوشی چیه؟,0,2,train
8601,من این گوشیو چند روزه از دیجی کالا خریدم.,0,2,train
1692,به طور مثال از طریق نوار Notification شما می‌توانید مطلبتان را بر روی فیس‌بوک و یا توییتر ارسال نمایید.,0,2,train
8182,طبق ادعایی که گوپرو کرده، این لنز از نوع واید معادل 35 میلی متری می باشد.,0,2,train
1643,در کل، تنها تفاوت در چیدمان در مورد خروجی هدفون به چشم می‌خورد که این بار در قسمت پایینی گوشی و در کنار درگاه رعد قرار گرفته است.,0,2,train
3109,در بالای این صفحه نمایش، وب کم 0.3 مگاپیکسلی تبلت قرار دارد که برای انجام مکالمات تصویری استفاده می شود.,0,2,train
6603,این دوربین فیلم برداری، با طراحی به رنگ خاکستری همراه شده است.,0,2,train
10373,طراحی خاص و کاربردی S007 اجازه می دهد که به راحتی درپوش را در داخل قسمت انتهایی آن برای جلوگیری از گم شدن قرار دهید، و به شما این امکان را می دهد که دیگر نگران گم شدن آن نباشید.,0,2,train
5094,این میان‌افزارها مرتبا توسط هکرها آپدیت، و هر بار قابلیت‌های بیش‌تری در زمینه‌ی خواندن دیسک‌های کپی به آن‌ها اضافه می‌شود.,0,2,train
2664,در ضمن همه‌ی آن‌ها دارای حلقه‌ی فوکوس دستی نیز هستند.,0,2,train
12709,فارسی هم نسخه گوشی من واسه تایپ اسمس داره منتها منوی فارسی نداره.,0,2,train
1800,ولی دوست داشتم آنقدر اپل برای مشتریان ارزش قائل شود که رضایت آنها را مهم تصور کند.,0,2,train
9951,"برای مثال یک پیامی برای شما ارسال شده و شما به Siri می‌گویید: ""پاسخ بده، شما را خواهم دید"" Siri دیگر از شما نمی‌پرسد که به چه کسی پاسخ دهم چرا که فرستنده معلوم است.",0,2,train
5690,بلوتوث .,0,2,train
10640,دوستان اپدیت نکنید,0,2,train
155,زوم 5 برابر اپتیکال هم داره که حتی میتونیم در هنگاه فیلم برداری ازش استفاده کنیم.,0,2,train
13071,به محض روشن کردن دستگاه، با همان تصویری مواجه می شوید که بر روی iPhone دیده می شود.,0,2,train
3993,نمیاد محصول جدیدی رو بدون تغییر و بهتر شدن بعد 2 سال روانه بازار کنه.,0,2,train
3711,بهتره با Nokia PC suite به سیستم BELLE آپدیت کنین که اون هم رایگانه,0,2,train
5287,Nexus 7 دارای یک پردازنده NVIDIA Tegra 3 چهار هسته‌ای است که با فرکانس 1.2 تا 1.3 گیگاهرتز کار می‌کند.,0,2,train
5880,(اما در برخی گوشی های سایر مارک ها ، بلند گو در لبه گوشی است که باعث می شود این اتفاق نیافتد).,0,2,train
3007,کار اصلی تبلت چیزهای دیگه هست !,0,2,train
8588,برای مثال عرض میکنم که همین سی پی یو در محصولات سونی - اچ تی سی - سامسونگ - موتورولا -و غیره استفاده می شه .,0,2,train
11117,قسمت Notification تقریبا مشابه گوشی‌های اندرویدی طراحی گردیده که شامل GPS، BlueTooth، Wi-Fi، Auto Rotation، Sound و Flight mode می‌شود.,0,2,train
10617,فقط چون گرافیکش دوبعدیه، یه جاهایی کم میاره که اونم زیادمحسوس نیست.,0,2,train
11083,محتوای درس را به صورت ویدئویی نگاه کنید، در مورد آن نظرتان را به صورت کامنت ارائه دهید، همزمان با نوت برداری در اینترنت هم گشت و گذار و جستجو نمایید و در حین مطالعه کتاب‌های الکترونیکیتان، در همان کتاب نت برداری نیز انجام دهید.,0,2,train
12680,سلام من این گوشی رو دارم و امکاناتش هم خیلی زیاده ولی یه سری معایب داره : سخت باز شدن درب گوشی که بعد از مدتی لق میزنه ، رم گوشی زیر باتری هستش و برای عوض کردن باید گوشی رو خاموش کرد ، کیبوردش هم بعد از مدتی شروع به لق زدن میکنه ، بدنه ی زخیم این گوشی به خاطر کیبوردش هست ولی اگر دوربین و کیبورد براتون اهمیت نداره برید xperia neo v بگیرید,0,2,train
5780,چند وقتی میشه که این گوشی رو به آندروید 4.1.2 یا همون Jelly Bean آپدیت کردم.,0,2,train
12741,به دلیل همین صفحه کلید QWERTY، گوشی کاملا ضخیم ساخته شده است؛ هرچند نه به ضخامت گوشی چون LG Optimus 3D.,0,2,train
5119,چنان‌چه درایو شما مدل LG / Hitachi یا Benq باشد و یا این‌که از ورژن ۵ میان‌افزار درایو Samsung /Toshiba استفاده نمی‌کنید برای اجرای بازی‌های XBOXباید آن‌ها را حتما روی DVD9 دو لایه کپی کنید.,0,2,train
4248,(من با گوشی آیفون 5 هم کار کردم.,0,2,train
3991,نیاید روی سلیقه خودتون نظر بدید و بقیه رو به شک بندازید.,0,2,train
7813,"می‌توان این تبلت را هم در نوع خود "" آیپد جدید "" نامید چرا که اولین تبلت 7.9 اینچی اپل است.",0,2,train
6938,من سامسونگ و سونی هم داشتم و الان هم تب 7.7 دارم پس تعصبی رو مارک ندارم.,0,2,train
955,عرض قابل اسکن این دستگاه 21 سانتی متر و طول قابل اسکن نیز 100 سانتی متر می باشد.,0,2,train
2122,ولی ایا تفاوتی با نسخه های قبلی داره ؟,0,2,train
3954,با سلام، من به تازگی این دوربین رو خریدم.,0,2,train
8047,در حقیقت بین دوربین‌های Canon SX40 HS و Panasonic Lumix FZ150 رقابت تنگاتنگی وجود دارد.,0,2,train
7876,در تست استاندارد مرورگری اینترنت از طریق Wi-Fi و با روشنایی متوسط صفحه نمایش، Fonepad توانست نزدیک به هفت ساعت شارژدهی کند که تقریبا مشابه برادر چهار هسته ای خود می‌باشد.,0,2,train
10057,کیبورد مدل های 15.6 اینچی دارای بخش عددی جداگانه می باشند ولی متاسفانه مدل های 14 اینچی از این قسمت بی بهره اند.,0,2,train
10437,عمل زوم اپتیکال در هنگام فیلم برداری مقدور می‌باشد و نیز دوربین را می‌توانید با استفاده از پورت mini HDMI به HDTV متصل کنید.,0,2,train
2842,البته عرض گوشی به گونه ایست که شاید بسیاری افراد نتوانند با یک دست با آن کار کنند.,0,2,train
11436,از 16 گیگ 12 تا برای کاربر در دسترسی هست.,0,2,train
3005,یک تفاوتی که بین این تبلتها خیلی به چشم میاد کیفیت بالاتر صفحه ی نمایش و بدنه ی اینفینیتی هست که برای کسانی که به ظاهر تبلتشون بها میدن این نکته مهمه.,0,2,train
3033,البته به عقیده خیلی ها (از جمله خودم) تبلت های 7 اینچی کوچک هستند و 9 یا 10 اینچ کاربرد بیشتری دارد.,0,2,train
12168,چشمی اپتیکال این دوربین دقیقا همانی می باشد که بر روی دیگر دوربین های Rebel به کار رفته تا نه از سایز و نه از میدان دیدش کاسته شود.,0,2,train
2313,امیدوارم استفاده کرده باشین.,0,2,train
11008,خرید این تبلت میتونه پس اندازی باشه که دیگه از حمل لبتاپ ، موبایل ، تبلت وکوم ، مدیا پلیر ، دوربین فیلم برداری و عکاسی جلوگیری کنید و همه را در قالب یک دستگاه همراه خود داشته باشید.,0,2,train
8921,یا علی.,0,2,train
1956,راستش من هیچکدوم از محصولات اپل یا اندروید رو ندارم.,0,2,train
4961,که تا ۱۲۰ یا ۲۵۰ گیگابایت در دسترس است البته برای ارتقاء حافظه از مموری های مخصوص اکس باکس نیز استفاده می شود که تا ۵۱۲ مگابایت ساخته شده انتخاب دیگر استفاده از مموری های فلش معمولی است که آپدیت جدید قابلیت استفاده از آنها داده شده که تا ۱۶ گیگابایت پشتیبانی می شود.,0,2,train
8846,من مدت یکساله این مدل رو دارم.,0,2,train
6717,ابعاد و وزن تقریبا همان باقی مانده و تغییرات ظاهری نسبتا کمی هم بین این دو مشاهده می شود.,0,2,train
2544,چینش دکمه ها و ارگونومی هم طبق سنت بیشتر دوربین های فوجی فیلم هم رده می باشد.,0,2,train
359,مدل‌هایی که از کارت گرافیک مجزا بهره می‌برند، دارای یکی از کارت‌های سری GeForce GT 600M کمپانی NVIDIA می‌باشند.,0,2,train
1369,به همین دلیل، حسی که هنگام کار کردن با صفحه Retinaی MacBook Pro به شما انتقال می‌شود، با صفحه Retinaی آیفون4 برابری می‌کند.,0,2,train
8687,حافظه در دسترس 2گیگه.,0,2,train
9578,توصیه میکنم حتما ویدئو رسمی رو از قسمت ویدیو های دیجی کالا یا سایت اصلی مشاهده کنید.,0,2,train
5018,پردازنده‌ی مرکزی (CPU) پردازنده‌ی مرکزی در کنسول XBOX 360 به نام رسمی Xenon توسط شرکت مایکروسافت و نام Waternoose توسط شرکت IBM نامیده می‌شود.,0,2,train
12132,با این حال توصیه می کنیم که از انواع گران قیمت تر آن ها تهیه کنید تا قابل اعتماد تر باشد.,0,2,train
7061,4s اما از apple و htc خیلی راضی بودم از نظر من سامسونگ برتریش فقط امکانات بالای اندرویدش هست,0,2,train
358,از لحاظ پردازش محاسبات گرافیکی نیز، G580 همانند اکثر نوت‌بوک های مالتی مدیا، در دو مدل با پردازشگر گرافیکی آنبورد Intel HD و با کارت گرافیک مجزا وجود دارد.,0,2,train
4395,در قسمت پایینی تبلت، داک شارژ کردن تبلت به همراه دو بلندگوی استریو آن وجود دارد.,0,2,train
5471,8- اندرویدش حیفه که 4.0.3 هست، اما میگن تو 3 ماهه اول 2013 قراره براش JB بیاد و بوت لودرش هم باز بشه.,0,2,train
12528,بنابراین باید در این موارد انتظارات بیشتری از iPhone4 داشته باشیم.,0,2,train
2672,"X-Pro1 طبق معمول یک دوربین حرفه ای، توانایی عکاسی در فرمت RAW را دارد و از شوتینگ مودهای P,A,S,M هم بهره می‌برد.",0,2,train
6935,البته هنوز تو بازارهای جهانی به صورت عمده عرضه نشده.,0,2,train
5561,"جمع بندی :مزایا :1- LCD بسیار جذاب و کاملا متفاوت 5 اینچی 4:32- کیفیت دوربین بسیار عالی در شرایط نور طبیعی 3- زیبایی ساخت فوق‌العاده 4- سخت‌افزار بسیار عالی 5- قیمت بسیار مناسب در مقایسه با رقبا معایب :1- نداشتن شیار مخصوص قلم که یک ضعف بسیار بزرگه 2- نداشتن کلید میانبر سیستم عاملی جهت استفاده قلم برای کلید های Back , Home و غیره.",0,2,train
3613,مایکروسافت، تبلت جدید خود را در دو مدل RT و Pro معرفی نموده است که می‌خواهیم به بررسی مدل RT بپردازیم.,0,2,train
869,نکته: داشتن بلوتوث سریع نسخه 4.0، قابلیت عکاسی حین فیلمبرداری و البته بهره مندی از Beats Audio، سه برتری نسبی به این دو گوشی نسبت به رقبای هم ترازشون داده، ولی متاسفانه هر دوی این گوشی ها فاقد دوربین جلو (دوربین مکالمه ویدیویی) هستند.,0,2,train
10340,لازم به ذکر است که کمپانی سونی (سونی اریکسون) وعده داده است که این گوشی در نیمه اول سال جاری میلادی به اندروید 4.0 آپدیت خواهد شد.,0,2,train
6649,M50 مجهز به لنز با توانایی زوم 10 برابر است.,0,2,train
6557,جالب است که خبری از صفحه برنامه‌ها نیست و برای دیدن همه برنامه های موجود بر روی تبلت، باید در همین صفحات اصلی به جستجو بپردازید.,0,2,train
2202,اما که حالا که جابزی در کار نیست دیگر شاهد این نوآوری های ضعیف هم نیستیم البته چیز های جدیدی هست مثل Maps و 4G و..,0,2,train
3377,تفاوت اصلی صفحه نمایش‌های SuperLCD با SuperAMOLED ها در رنگ‌های تولید شده توسط آن‌هاست.,0,2,train
7716,game center..,0,2,train
7082,نمی‌خواهیم با تعدد نام‌های این گوشی خسته‌تان کنیم، اما یکی دیگر از نام‌های این گوشی نیز HTC Deluxe می‌باشد.,0,2,train
451,در ضمن، لومیا 620 دارای 8 گیگابایت حافظه داخلی است که با توجه به پشتیبانی این گوشی از کارت حافظه جانبی، تا 32 گیگابایت دیگر نیز می‌توان به آن اضافه نمود.,0,2,train
2738,همچنین محافظ Gorilla Glass موجود بر روی این صفحه نمایش نیز وظیفه محافظت از صفحه در مقابل خش را دارد.,0,2,train
8765,در واقع می‌توان این گوشی را شبیه به گوشی‌های ساخت کمپانی سامسونگ دانست.,0,2,train
8208,به جز این مواردی که گفتیم، تفاوت دیگری بین سه نسخه وجود ندارد.,0,2,train
12756,فن آوری نمایشگر لمسی از نوع Capacitive می‌باشد که بسیار حساس است ولی در عمل برای انتقال به صفحات خانگی بعدی به کمی فشار مضاعف احتیاج است.,0,2,train
10044,در ضمن Sleekbook ها در سه رنگ مشکی، قرمز و آبی تولید و عرضه گشته است.,0,2,train
1563,قبل‌تر و در نقد و بررسی برادر بزرگ‌تر این تبلت یعنی Note 10.1 در مورد قابلیت لمس شناور توضیح دادیم، بر طبق این قابلیت، شما برای اینکه به دستگاه بفهمانید که به کدام نقطه اشاره می‌کنید لازم نیست که حتما آن‌را لمس نمایید و با مقداری فاصله نیز دستورات را درک می‌نماید.,0,2,train
365,میزان شارژدهی این باتری بسته به نوع پردازنده و پردازشگر گرافیکی متفاوت است ولی به طور متوسط، در تست مرورگری اینترنت از طریق Wi-Fi و با روشنایی متوسط صفحه نمایش، می‌توان انتظار سه تا سه و نیم ساعت شارژدهی را از این نوت‌بوک ها داشت.,0,2,train
11454,در آینده احتملا مدل LTE و 64GB آن وارد بازار میشود.,0,2,train
9006,"این همان جایی است که می‌توانید جلوه‌های Fisheye, Miniature, Toy Camera, Monochrome, Super Vivid, Poster, Colour accent و Colour Swap را بیابید.",0,2,train
2610,من این دوربین و خریدم.,0,2,train
2178,فیلم ها رو با کیفیت HD تماشا کنید!,0,2,train
12719,سرعتش فوق العادست فقط ویدئو-کال نداره.,0,2,train
1632,عرض iPhone 5 نسبت به مدل پیشین هیچ تغییری نداشته است، یعنی 58.6 میلی‌متر.,0,2,train
4514,بیشتر تو دید از کنار..,0,2,train
7260,کلا ذات پلاسما اینطور هست که داغ میکنه ؛ ولی مدل های مختلف سامسونگ بیشتر داغ میکنند به همین خاطر توصیه میکنم دنبال تلویزیون های پلاسما اگر هستید برند پاناسونیک رو انتخاب کنید که معرفی کننده تکنولوژی پلاسما هم هست، و کیفیت مناسبی داره تنها ایراد پلاسما مصرف بالا حدود 300 وات هست.,0,2,train
4946,عدم اجرای فیلم های بلوری .,0,2,train
7372,به قسمت زیرین نوت‌بوک که نگاه کنیم می‌توانیم شاهد دو پنل دسترسی باشیم.,0,2,train
1268,اگه مشخصات gpu مشخص بود خیلی خوب میشد,0,2,train
5162,3-پردازنده‌ی مرکزی (CPU) پردازنده‌ی مرکزی در کنسول XBOX 360 به نام رسمی Xenon توسط شرکت مایکروسافت و نام Waternoose توسط شرکت IBM نامیده می‌شود.,0,2,train
2360,این گوشی شاید یک ماه در صدر باشد .,0,2,train
12353,"عکس‌ها و فیلم‌ها در ضمن می‌توانند بر روی کارت های حافظه‌ی SD/SDHC/SDXC/Memory Stick Duo/Memory Stick Pro Duo, Memory Stick Pro-HG Duo نیز ذخیره شوند.",0,2,train
7585,یعنی طیف وسیعی از کاربران رو نشونه میگیره.,0,2,train
929,اما به مشخصات فنی می رویم.,0,2,train
3611,نقد و بررسی این محصول به واقع کار ساده ای نیست.,0,2,train
2059,البته نانو سیم کارت ایده جدیدی بوده ولی خیلی صدا نکرد.,0,2,train
8001,روندارن کارایی بیشتر نسبت به دوربین های جیبی رو میخوان میکنم,0,2,train
4936,نقاط قوت: خروجی HDMI با کیفیت Full HD .,0,2,train
310,سلام فقط ایرادای این گوشی رو میگم چرا که مزایا رو همه جا نوشتن!,0,2,train
2179,هرچه قدر سعی کنید پکسلی را نمیبیند!,0,2,train
5741,آیا شما یک طبیعت گرد هستید و یا به تازگی به یک شهر بزرگ سفر کرده اید؟,0,2,train
7033,.ممنون از سایت بزرگ دیجی کالا,0,2,train
3062,در مورد تماس های تلفنی هم ساعت های مچی ای ارائه شده که سیستم اندروید دارند و یک نمونه از اون رو شرکت سونی ارائه داده که میتونید بدون درآوردن تبلت از کیفتون ، پیام های ارسالی رو مطالعه کنید ، شماره بگیرید ، موسیقی مورد نظرتون رو روی تبلت کنترل کنید و..,0,2,train
2127,.در ایفون جدید نیز اپل نقشه های گوگل رو حذف کرده و نقشه خودش رو جایگزین کرده که قطعا به گوگل نمیرسه ولی از حق نگذریم اپلیکشن های این سیستم عامل واقعا زیاد و جالبه من نمیتونم نظری بدم که ای او اس بهتره یا اندروید ولی اندروید هم واقعا پیشرفت خیلی زیادی داشته پس اونو دست کم نگیرید دوربین :این گوشی یه دوربین معمولی داره ولی نه معمولی معمولی بین سطح بالاها ولی به Lumia 920 نوکیا قطعا نمیرسه ولی شاید بعضی چیزای اون در عکسبردای بهتر از اس3 باشه ولی مشکل رنگ بنفش نور هم همونطور که اطلاع دارید توی عکسا وجود داره پس دوربین اون شگفت انگیز نیست یه دوربین 8 معمولی با قابلیت فیلم بداری 1080نکات تکمیلی :شارژ این گوشی تغییر کرده و از کابل رعد استفاده شده خب این بده چون هرجایی که خواستید برید باید کابل شارزتون رو هم ببرید حتی جاهایی که محصولات دیگه ی اپل رو هم داشته باشند در حقیقت معلوم نیست چرا اپل از کابلای معمولی استفاده نکرده شما از اس دی کارد نمیتونید استفاده کنید این واقعا یه ضعفه بزرگه و توی تمام محصولات اپل هم وجود داره پس باید از بین محصولات حافظه ای رو که احتیاج دارید استفاده کنید ایفون قبلا که رقیبی نداشت یه طوفانی بود برای خودش ولی اندروید که اومد اپل یه رقیب جدی پیدا کرد و الان هم این محصول جدید اپل : ایفون 5 یه اسمارت فون کاملا همه نظر ولی در برابر رقبا شاید در بعضی جاها کم بیاره ولی قیمت این اسمارت فون خیلی بالاست و قطعا میشه با این قیمت یه لپ تاب با قدرت خیلی بالاتر خرید و برای یه گوشی زیاده با این قیمت شما میتونید 2 تا وان ایکس بگیرید در حقیقت به نظر من این گوشی بیشتر برای کلاس تا کار به عنوان اسمارت فونممنون از توجه,0,2,train
10764,اما پیچ تنظیم مودهای عکاسی کاملا به قسمت بالا تغییر مکان یافته تا جای خود را به پیچ تنظیم جبران نوردهی یا Exposure Compensation دهد.,0,2,train
8566,سلام من این گوشی رو یک هفته ای هست که خریدم.,0,2,train
10070,• سخت افزار داخلی و باتریبا توجه به ابعاد و ضخامت باریک Sleekbook، جای تعجب ندارد که HP مجبور به استفاده از پردازنده های ولتاژ پایین در این لپ تاپ ها شده است.,0,2,train
6306,اگر این حرف من باورش سخته براتون میتونید یه سر به بازار موبایل نمایندگی سامسونگ بزنید و این سه گوشی رو که کنار هم گذاشتن مقایسه کتید تا پی به حرف من ببرید .,0,2,train
12545,البته فوکوس خودکار عملکرد خیلی بدی نداشت و ما توانستیم عکس‌های ماکرو خوبی نیز تهیه کنیم.,0,2,train
10776,اکنون HX50v مجهز به لرزش گیر تصویر اپتیکال سه محوری است.,0,2,train
6939,ولی واقعا سنس یه چیزه دیگست.,0,2,train
7210,البته پیشنهاد میدم صبر کنین.,0,2,train
3465,همچنین در حالت غیر ADF، زمان سپری شده برای هر برگ در حدود 23 ثانیه می‌باشد.,0,2,train
7597,حتی ابعاد این گوشی از موتورولا Razr M با صفحه نمایش 4.3 اینچ نیز بزرگ‌تر است.,0,2,train
2854,طبق اعلام کمپانی ال‌جی، به زودی نسخه 4 اندروید نیز برای این گوشی ارائه خواهد شد.,0,2,train
12163,فکر می کنیم که آخرین بار چنین چیزی را بر روی 500D دیده بودیم.,0,2,train
1434,نخست بهتر است که به توضیحی کلی درباره‌ی سری 6 تایی دوربین های کامپکت A کانن بپردازیم.,0,2,train
8975,در سمت راست می‌توانیم دکمه‌ی فلزی و بزرگ شاتر را مشاهده کنیم که به طور طبیعی در زیر انگشت اشاره قرار می‌گیرد.,0,2,train
8188,این دوربین توانایی پشتیبانی از کارت حافظه ی micro SD تا سقف 64 گیگابایت را دارد.,0,2,train
1782,خودم ال جی l7 دارم.,0,2,train
9224,کارایی لازم رو هم دارد یا نه,0,2,train
5048,هدف از ارایه‌ی این درایو، مقابله با فن‌آوری Blu-ray شرکت سونی است که این روزها به عنوان رقیب اصلی HD-DVD شناخته می‌شود.,0,2,train
1112,موسیقی ) خودتون رو استریم کنید روی تلویزیون با نرم افزار all share که روی گوشی های سامسونگ گلکسی هستش2.از طریق نرم افزار all share میتونید فیلم ها.,0,2,train
12543,عکس‌های گرفته شده کیفیت خوبی داشتند ولی بعضی مشکلات در فوکوس و نیز عکاسی در نور کم دیده می‌شد.,0,2,train
3536,همچنین Galaxy S III قابلیت فیلم‌برداری Full HD 1080p با 30 فریم بر ثانیه را دارد.,0,2,train
1850,هست.,0,2,train
3721,سلام ، من چند وقته این گوشیو دارم .,0,2,train
2412,بدین صورت که اگر گوشی را به آرامی از این شکاف به بیرون بکشید، می‌توانید آن را بدون هیچ‌گونه مشکلی از داک خارج کنید ولی اگر با حرکات سریع این کار را کرده و یا ضربه ای به بدنه داک وارد کنید، گوشی در جای خود محکم باقی خواهد ماند.,0,2,train
9817,حال می‌خواهیم به طور جداگانه تبلت جدید ساخت کمپانی ایسوس را بررسی نماییم.,0,2,train
12515,هرچند که کمپانی اعلام نکرده که سرعت این پردازنده چقدر است ولی حدس می‌زنیم که برای iPhone چیزی کمتر از 1GHz باشد.,0,2,train
11995,من دو روزه که گوشی رو خریدم.,0,2,train
8387,حالا باید منتظر بود که ببینیم این SX50 چکار میکنه.,0,2,train
1204,همچنین این گوشی در سه مدل 16، 32 و 64 گیگابایتی به بازار ارائه شده است که البته با قابلیت پشتیبانی آن از کارت حافظه‌ی جانبی، می‌توان تا 32 گیگابایت دیگر به آن افزود.,0,2,train
849,اگه زودتر میومد خیلی بهتر بود.,0,2,train
5618,سلام، چند روزی میشه که این گوشی رو خریداری کردم.,0,2,train
6820,۷ اینچ بیشتر نشه صفحشون..,0,2,train
5915,تو این مدت هم تعداد زیادی از این گوشی دیدم که همین طوری شده.,0,2,train
7347,سطح و آستانه‌ی عملکرد کلیدها کاملا عادی و استاندارد است.,0,2,train
9779,سعی می کنم که با تغییر منو ش ببینم که آیا این حالت آبرنگی بودنش تغییر می کنه یا نه .,0,2,train
8979,به محض فشردن آن دوربین در عرض یک ثانیه روشن و آماده‌ی عکاسی می‌شود.,0,2,train
4997,شرکت سونی اخیرا کنسول PlayStation 3 خود را با اختلاف بیش از یک سال نسبت به مایکروسافت وارد بازار کرده است که رقیب اصلی XBOX 360 محسوب می‌شود.,0,2,train
11500,در بالای صفحه نمایش دوربین دوم 1.3 مگاپیکسلی با قابلیت فیلم‌برداری HD به همراه سنسورهای دستگاه قرار دارند و در پایین صفحه نمایش تنها نشانگر LED مربوط به پیغام‌ها وجود دارد.,0,2,train
1436,دوربین های هر دسته، شباهتی بسیار زیاد و تفاوت های ظاهری خیلی کم با یکدیگر دارند، حتی ابعاد و وزن آن‌ها نیز خیلی نزدیک به یکدیگر است.,0,2,train
4178,با عرض سلام و خسته نباشی به دست اندرکاران دیجی کالا.,0,2,train
3496,لبه‌های گوشی انحنای بیشتری گرفته‌اند و گوشی دیگر آن حالت مستطیلی را ندارد.,0,2,train
6660,زبان فارسی رو هم خوب ساپورت میکنه و من مشکلی ندیدم تا اینجا.,0,2,train
12729,//.,0,2,train
10515,٢ قدیمی شده,0,2,train
314,البته منهای زمانی که موتور براویاش موقع تماشای ویدئو روشن میشه.,0,2,train
11209,GPS داخلی این دوربین دقیقا همان عملکردی را ارائه می کند که در دوربین های کامپکت این شرکت هم ارائه می شود.,0,2,train
5507,جالب اینه بعد از من 3 نفر از بچه های دانشگاه رفتن بدون تردید خریدنش.,0,2,train
3521,علاوه بر آن شما می‌توانید در صورت تمایل به صورت دستی اکولایزر ساخته و از آن استفاده کنید.,0,2,train
5904,من این گوشی رو 2 ماه هست که دارم گوشی فوق‌العاده و کاملی هستش ولی یه مشکل کوچیک داره وقتی بیشتر از 1 ساعت باهاش کار میکنی داغ میکنه,0,2,train
10466,همه چیش خوبه خواهرم داره راضیه ولی دوربینش واقعا ضعیفه,0,2,train
12228,سلام به دوستان.,0,2,train
2661,این لنزها شامل یک لنز واید 18 میلی متر f/2.0، لنز نرمال 35 میلی متری f/1.4 و لنز 60 میلی متر f/2.4 ماکرو تلفوتو می‌شوند.,0,2,train
1441,A2300 به دلیل باریکی که دارد، خیلی شبیه به دوربین های سری Ixus می‌باشد.,0,2,train
9489,کاور لنز دارای یک سویچ فیزیکی است.,0,2,train
499,مثلا فیش خروجی هندز فری که معمولا استهلاک بالایی دارد به شکلی طراحی شده که قابل تعویض است و امکان نفوذ گرد و خاک از آن وجود ندارد و .,0,2,train
6323,سلام من میگم که سامسونگ اگه می خواد تو دل مردم جا باز کنه باید مثل سونی اریکسون گوشی های زیبا تری بزند,0,2,train
11350,در مود Quick برای لحظه‌ای Live view قطع می‌شود، اینه بالا می‌رود و نور به سنسورهای اصلی AF برخورد می‌کند و سپس دوباره اینه پایین می‌آید.,0,2,train
7860,صفحه نمایش 7 اینچی این تبلت از نوع IPS بوده و قادر است تصاویر را با دقت 800×1280 پیکسل نمایش دهد.,0,2,train
5647,من خریدمش ازهمه نظر عالیه ولی تنها مشکلی که داره سرعت بسیار پایین اونه که اگر مثلا یک جزوه یا کتاب را بخواهید اسکن کنید چند دقیقه ای وقت شما می گیرد از مزایای ان هم می توان به فتوکپی مستقیم با دکمه ی تعبیه شده در جلوی بدنه ان اشاره کرد که من انتظار ان را نداشتم .,0,2,train
11692,در آپدیت این گوشی به اندروید 4 اکثر بازی ها روش اجرا نمیشن و کسایی که بیشتر فکر بازی هستن اندروید 2.3 بهترین انتخابه.,0,2,train
12801,اگر شما یک دانشجو باشید حتما می دانید که به دفعات برایتان پیش آمده که نیاز به گرفتن کپی و یا عکس از یک کتاب و یا جزوه داشته اید، مهندسین عمران معمولا نیاز دارند که نقشه های خود را همراه داشته باشند، و کلا همیشه مدارک زیادی را حمل می کنند و چندین مورد دیگر که در تمامی این ها یک پویشگر دستی می تواند به راحتی و در زمانی بسیار کوتاه از این مدارک ، نقشه ها و متون اسکن تهیه کرده و بر روی یک حافظه ذخیر کند و درمواقع مورد نیاز در اختیار شما قرار دهد.,0,2,train
291,8.,0,2,train
1445,"هرچند که این دوربین مجهز به نمایشگر لمسی است، ولی دکمه های فیزیکی از قسمت پشتی حذف نشده اند و دقیقا به همان شکلی که بر روی دوربین های A4000,A2300 و A2400 قرار داشتند بر روی این دوربین هم دیده می‌شوند.",0,2,train
12935,خشاب سیم کارت دوم در این مدل در سمت راست گوشی قرار گرفته است .,0,2,train
4557,همچنین به اندروید4رو آپدیت میشه!,0,2,train
8962,ما تا به حال شاهد چنین پدیده‌ای نبودیم و معمولا هرگاه به فلاش احتیاج بود خود آن به صورت خودکار بالا می‌آمد.,0,2,train
8234,مثلا همه نوت ها .,0,2,train
3967,به هر حال تو خانواده دوربین کامپکت حرف اول رو میزنه.,0,2,train
2596,با این دوربین هم میشه عکسهای عالی گرفت هم عکسهای خیلی ضعیف..,0,2,train
9492,ولی به هر صورت توانایی ارائه‌ی مودهای دستی یا Manual را دارند.,0,2,train
12583,iPhone 4 انتخاب هوشمندانه‌ای می‌باشد.,0,2,train
1345,باید بگم هدفونش 60% قیمت خود دستگاه .,0,2,train
6676,قابلیت نصب فلاش.,0,2,train
13041,اگر نیست از کجا باید گرفتش ؟,0,2,train
726,بالاخره وقتی همه شرکتها روی محصولاتشون کابل ارت دار میذارن به فکر خنثی کردن این نوسانات هستن دیگه و خیلی مشکل ساز نیست.,0,2,train
8450,باتریباتری آشا 309 یک باتری لیتیوم یونی 1110 میلی آمپر ساعتی است که در استفاده مداوم بیشتر از 1.5 روز به راحتی شارژ دهی می‌کند.,0,2,train
1763,من 2 ماه هست که این ایفون 5 -16 گیگ را خریدم.,0,2,train
6214,از نظر قدرت سخت افزاری این گوشی یک گوشی سطح متوسط محسوب می‌گردد که از پس همه کارهای روزمره کاربرانش بر خواهد آمد، به شرط اینکه اجرای بازی‌های سنگین گرافیکی را جزو برنامه های روزمره خود محسوب ننمایید.,0,2,train
2962,تو رزولوشن هم از اپل بالاتر نباشه، کمتر هم نیست.,0,2,train
1395,اپل در Retina MacBook Pro برای اولین بار به طور کامل از حافظه های خشک (SSD) به جای هارد درایوهای همیشگی استفاده کرده است.,0,2,train
6349,فریم دور نمایشگر هم کاملا از پلاستیک ساخته شده و این بدنه‌ی پلاستیکی یکی از تفاوت‌های بارز بین این گوشی و گوشی‌های هوشمند ساخت HTC و یا آیفون است.,0,2,train
7416,احتمالا بعد نصب ویندوز 8 و تست بقیه سخت افزاراش نظر کلی خودم رو در مورد این لپ تاپ مینویسم .,0,2,train
11832,ارتقای حافظه تا 32 گیگ و .,0,2,train
11845,این گوشی رو 6 ماهه تقریبا که دارم.,0,2,train
4204,من از بازار موبایل اصفهان گرفتم.,0,2,train
9102,به خصوص اگه Wifi داشته باشید.,0,2,train
6736,عکس ها و فیلم ها بر روی کارت حافظه ی SD/SDHC/SDXC و همچنین کارت های حافظه ی Eye-Fi ذخیره می شوند.,0,2,train
12851,با این حال CM1315FN نخستین پرینتری است که به غیر از نمایشگر لمسی تقریبا هیچ کنترل فیزیکی دیگری ندارد.,0,2,train
2010,اپل یک سال تلاش کرد و آیفون 5 رو بیرون داد.,0,2,train
7762,میشه گفت تغییرات بعدی آیپد مینی اضافه شدن رتینا و NFC باشه.,0,2,train
7686,قدرت ipad 2 و اما کوچکتر,0,2,train
1675,جالب است که One X با امتیاز کمتر از نصف آیفون5 در رده چهارم و Galaxy S III در رده پنجم ایستاند.,0,2,train
4045,امکان تغییرات دستی:تغییر بازشدگی دیافراگم، سرعت شاتر و ایزوافزایش ایزو تا 12800 که در مدل پیشین 3200 بود.,0,2,train
8356,زوم بالا شاید هیچ وقت بدردتون نخوره چون شما همیشه سه پایه دنبالتون نیست.,0,2,train
3657,سنسور Ambient Light برای تنظیم خودکار نور صفحه نمایش، سنسور شتاب سنج، سنسور ژیروسکوپ و نهایتا سنسور قطب نما.,0,2,train
12578,باتری آن بزرگتر از مدل‌های قبلی است ولی در عوض از پردازنده‌ی A4 IPAD نیز بهره می‌برد.,0,2,train
436,همچنین درگاه microUSB نیز در قسمت زیرین گوشی قرار دارد.,0,2,train
1059,عکس‌های سه بعدی را سپس می‌توانید بر روی سینمای خانگی سه بعدی خود مشاهده نمایید.,0,2,train
6706,بنابراین این دوربین بیشتر برای این ساخته شده که در مود اتوماتیک مورد استفاده قرار گیرد.,0,2,train
2946,بالاخره بعد از یک ماه تبلت ما آماده شد دوازدهم شهریور تحویل گارانتی هماهنگ دادم سیزدهم مهر تحویل گرفتم.,0,2,train
1348,طراحی و ساخت طراحی MacBook Proی جدید (که Retina MacBook Pro نیز نامیده می‌شود) را می‌توان تلفیقی از MacBook Air و سری MacBook Pro سال گذشته دانست.,0,2,train
11887,این نمایشگر 3 اینچی همان‌طور که گفتیم 0.5 اینچ از نمایشگر Xperia X10 Mini بزرگ‌تر می‌باشد.,0,2,train
3776,در قسمت بالای دوربین هم دربی وجود دارد که با کنار زدن آن می توانید به کفشک تجهیزات اکسترنال دسترسی یابید.,0,2,train
12678,این کار باعث افت سرعت گوشی می شه پس باید صبر کنیم که با نرم افزار PC Companion به موقع خودش به روز رسانی بشه.,0,2,train
8198,یعنی دست کم 4 برابر رزولوشن بیشتر نسبت به 1080p Full HD.,0,2,train
3564,من خودم میخواستم از دیجی کالا S III I9300 خرید کنم ولی تا این رو دیدم نظرم عوض شد منتظرم دیجی کالا این گوشی رو بیاره تا از همین سایت خرید کنم منتظریم.,0,2,train
3791,شما با استفاده از یک پیچ فوکوس دستی در قسمت زیر لنز می‌توانید عمل فوکوس خودکار را انجام دهید.,0,2,train
2900,بلندگودر پشت لبه چپی تبلت، بلندگوی دستگاه تعبیه شده است.,0,2,train
3813,com مراجعه نمایید.,0,2,train
5166,5-حافظه‌ی EDRam در کنار واحد پردازش گرافیکی، حافظه‌ی ۱۰ مگابایتی eDRam وجود دارد که با سرعت ۳۰۰ مگاهرتز فعالیت می‌کند.,0,2,train
10049,کنتراست و کیفیت رنگ های تولید شده نیز در حد متوسطی قرار دارند.,0,2,train
11138,منم تازه خریدمش.,0,2,train
4192,فقط می تونم بگم از همش نمره قبولی رو گرفت فقط در اجرای فیلم های اچ دی کمی کند عمل می کنه ولی اگه تنظیمات پلیر رو دست کاری کنین درست میشه!,0,2,train
753,من تست کردم با نرم افزار سندرا، دمای سی پی یو گاهی اوقات راحت تا 90 درجه هم میره !,0,2,train
8303,گوشی خوبیه اما حافظه اش خیلی کمه باید میکرو کارت می خورد.,0,2,train
1173,ابعاد این گوشی 65×128 میلی متر است که 9.2 میلی متر نیز ضخامت دارد.,0,2,train
11282,600D همانند دیگر دوربین‌های سری Rebel یک دوربین نسبتا کوچک با بدنه‌ی پلاستیکی و دستگیره‌ای نسبتا کوچک است.,0,2,train
8764,با همه این‌ها، تفاوت عمده ای بین طراحی آن با بسیاری از مدل‌های هوشمند موجود در بازار مشاهده نگردید.,0,2,train
455,در عمل باید گفت که اگر پیش‌تر کاربر گوشی‌های مبتنی بر ویندوز فون 7.0 و 7.5 بوده‌اید، تغییرات زیادی در محیط سیستم عامل احساس نخواهید کرد.,0,2,train
4374,ممنون از اینکه متن رو کامل خوندید.,0,2,train
3345,دوربین NEX-VG10 با رزولوشن ۱۹۲۰ در ۱۰۸۰ با سرعت ۲۴ مگابیت در ثانیه فیلم برداری می کند و به همراه یک لنز E-mount از نوع 18-200mm با زوم اپتیکال ۱۱ برابر ارایه می شود.,0,2,train
323,به هر حال این گوشی Xperia ion است و معایب و مزایای خاص خودشو داره.,0,2,train
11048,برای مهندسها اره ولی برای کاربر ها نه!,0,2,train
4708,صدای Optimus Black واقعا ضعیفه و اگه گوشی رو از پشت بذارید روی یک سطح هموار صداش خفه میشه.,0,2,train
7022,"فکر نکنم این گوشی پرچمدار htc باشه , حداقل نه برای زمان زیادی.",0,2,train
7565,صدای این گوشی موقع مکالمه عالی نیست ولی قابل قبوله.,0,2,train
10688,فرقش با T در این موارد هست : صفحه نمایش TX تا 10 انگشت رو ساپورت میکنه.,0,2,train
8166,دوربین این گوشی بهترین یا سریع‌ترین دوربین 5 مگاپیکسلی موجود نیست و همان‌طور که از گوشی با این مشخصات انتظار می‌رود دوربین آن کیفیت متوسطی دارد.,0,2,train
2567,البته اگه انتظار خیلی بالا نداشته باشید..,0,2,train
868,)8- و اما مهمترین برتری: قیمت این گوشی نصف HTC Desire SV است.,0,2,train
10737,تقریبا هیچ فرقی با یه تبلت 7.0 اینچ نداره..,0,2,train
10397,طراحی و ساختاز لحاظ طراحی، Galaxy S III کمی تغییر نسبت به دو برادر کوچک‌تر خود یعنی Galaxy S و Galaxy S II داشته است.,0,2,train
5118,البته، بازی‌های XBOXی که در حال حاضر در بازار وجود دارند بر روی کنسول اجرا نخواهند شد و باید تغییراتی بر روی آن‌ها ایجاد شود و مجددا رایت شوند.,0,2,train
448,همچنین حافظه رم این دستگاه نیز 512 مگابایت است.,0,2,train
3366,به هر حال کمپانی HTC همواره بر روی جنس بدنه گوشی‌های خود وسواس زیادی به خرج می‌داده که در مورد این گوشی نیز همان رویه را ادامه داده است.,0,2,train
919,به جز همه ی این ها، یک دکمه ی Wi-Fi/Fn4 هم وجود دارد.,0,2,train
1976,به نظر من هر چقدر هم عالی باشه کیفیتش بی همتا باشه سریعترین گوشی دنیا باشه و .,0,2,train
12991,دوربین فیلم‌برداری JVC مدل GZ-HD3 از دیگر مدل‌هایی است که در این‌جا مورد نقد و بررسی کوتاه دیجی‌کالا قرار می‌گیرد.,0,2,train
5141,premium با هارد 60 گیگ عرضه شده در اول دسامبر2007 دارای خروجی HDMI همراه با کابل شبکه و هدفون داخل کارتن (که البته هیچ گاه داخل کارتن های ایکس باکس های خریداری شده در ایران دیده نشد!,0,2,train
9496,این رو برای دوستانی گفتم که فکر میکنن قطر سیم کارت مهمه.,0,2,train
6434,با سلام  من این هارد رو توی تخفیفات سفارش دادم .,0,2,train
5634,دکمه‌های کنترل به کار رفته در اکسپریا اس، به‌طور لمسی طراحی شده‌اند و به شکل نقطه‌های کوچکی در بالای نوار شفاف رنگ قرار گرفته‌اند.,0,2,train
5704,فریم دور نمایشگر هم کاملا از پلاستیک ساخته شده و این بدنه‌ی پلاستیکی یکی از تفاوت های بارز بین این گوشی و گوشی های هوشمند ساخت HTC و یا آیفون است.,0,2,train
1006,مسئله که در دوربین ها بسیار مهم هست، سرعت عکس برداری است ، یعنی دوربین قادر به عکس برداری چند فریم در ثانیه هست؟,0,2,train
11149,با آخرین فن آوری تصویرپردازی 3 بعدی در جذبه دنیای جدید تصاویر زنده و حقیقی تلویزیونی غرق خواهید شد.,0,2,train
8353,سه سال پیش از همین سایت یدونه دوربین پاناسونیک fz-100 خریدم ..,0,2,train
8511,اما این دوربین توانایی عکاسی در رزولوشن 14 مگاپیکسل را نیز دارد.,0,2,train
1793,.با تشکر,0,2,train
9409,فقط کمی سنگین وضخامتش کمتربودعالی بود,0,2,train
858,***برتری های Desire SV نسبت به Desire X:***1- دو سیم کارته بودن2- دوربین 8 مگاپیکسلی با قابلیت فوکوس لمسی.,0,2,train
10217,گوشی خوبیه ولی صفحه‌نمایشش ضعیف است,0,2,train
6197,نهایتا بر روی قاب پشتی گوشی نیز دوربین، فلاش LED، بلندگو و لوگوی سامسونگ به چشم می‌خورد.,0,2,train
1403,بر خلاف Windows، برنامه های سیستم عامل OS X باید برای این رزلوشن بالا طراحی شوند در غیر این صورت اصلا ظاهر خوبی نخواهند داشت.,0,2,train
2223,نرم افزار از لحاظ نرم افزاری، HTC One X Plus به طور پیش فرض از اندروید 4.1 یا JellyBean استفاده می‌کند.,0,2,train
11259,اما HX30v توانایی ضبط ویدیویی 1920X1080p Full HD با سرعت 60 فریم بر ثانیه و صدای استریو را نیز دارد.,0,2,train
809,جمع بندی به هر حال، به نظر می‌رسد تجربه تولید اولین گوشی دو سیم کارته HTC برای این کمپانی نتایج قابل قبولی را در بر داشته است و این کمپانی می‌خواهد به راهی که شروع کرده، ادامه دهد.,0,2,train
11132,البته مسلما همین امکانات باعث شده که شاهد قیمت بالای این تبلت باشیم، چرا که تبلت هایی مانند Apple iPad 3 و یا Asus TF700 با رزولوشن تصویر بسیار بهتر قیمتی مشابه همین تبلت را دارند.,0,2,train
7342,دقیقا همان‌طوری است که انتظار داشتیم.,0,2,train
11623,بعضی نرم افزارها روش نصب نمیشه نه که برای ضعف سخت افزاریش باشه بلکه سخت افزارش خیلی هم قویه.,0,2,train
9328,لنز SX500 فواصل کانونی 24-720 میلی متر را پوشش می دهد.,0,2,train
9080,"با این قیمت تو سونی و سونی اریکسون مدل هایی چون xperia s,xperia arc sو حتیxperia ray بسیار برترن.",0,2,train
2042,رزولوشن هم تغییر کرده که باعث میشه در بسیاری از نرم‌افزارها و بازی‌ها خط سیاهی در دو طرف نمایشگر قرار بگیره، البته اعلام شده که نرم‌افزارها به روز خواهند شد.,0,2,train
5054,• NTSC-J این منطقه فقط به کشورهای ژاپن و کره مربوط می‌باشد.,0,2,train
10157,٤- مموری جایی قرار داره که برای تعویضش باید باتری رو درآورد.,0,2,train
12021,بعضی از دوستان گفته بودن نگران آپدیت این گوشی در آینده هستن.,0,2,train
10522,در لبه سمت چپ نیز، درگاه micro USB تعبیه گردیده است.,0,2,train
5053,XBOX360 دارای ۳ نوع منطقه‌ی مختلف (جمعا ۴ نوع) می‌باشد که عبارت‌اند از: • NTSC-UC این منطقه مختص قاره‌ی آمریکا (امریکای شمالی و جنوبی) است.,0,2,train
2161,پس یکی بگه چرا باید 2 برابر پول این گوشی رو داد؟,0,2,train
9801,با این حال بزرگترین تفاوت در سایز و رزولوشن نمایشگر است.,0,2,train
12237,فیلم‌ها در فرمت AVI یا همان Motion JPeg ذخیره می‌شوند.,0,2,train
3035,Iconia Tab A700، سری infinity و تبلت Huawei MediaPad 10 FHD همگی با صفحه نمایش 10 اینچی و رزولوشن فول اچ دی کاربرد زیادی داشته که در بین آن ها تبلت acer از همه ارزان تر است.,0,2,train
2861,دوربین اصلی این گوشی دارای یک سنسور 8 مگاپیکسلی می‌باشد که قابلیت فیلم برداری با کیفیت FullHD با سرعت 30 فریم بر ثانیه را نیز داراست.,0,2,train
7757,مقایسه کردن این محصول با نکسوس 7 و کیندل فایر کار اشتباهی هست.,0,2,train
9531,در یک قسمت (معمولا دوربین ) ضخیم تر هستند,0,2,train
5203,این در حالی است که می‌توانید کانفیگ‌هایی با حافظه‌ی RAM تا 8 گیگابایت را نیز انتخاب نمایید.,0,2,train
10391,به نظر من خریدن HTC ONE X PLUS ارزشش بیشتره چون سخت افزاره قوی تری داره,0,2,train
4294,همانند iPhone 5، نرم افزار Siri در این دستگاه نیز می‌تواند کلیه سوال های شما را پاسخ داده، برای شما پیغام‌های متنی ارسال کرده و حتی قرار ملاقات‌های شما را مدیریت کند.,0,2,train
12975,برای مثال برای چاپ یک عکس رنگی 6X4 با این پرینتر حدود 2 دقیقه و 13 ثانیه زمان لازم است و همین زمان برای چاپ یک عکس 8X10 حدود 5 دقیقه و 46 ثانیه زمان می برد.,0,2,train
7558,من بین این و گوشی های سونی هم قیمت این شک داشتم که اینو گرفتم.,0,2,train
7664,Quad-Core1.5+2 G RAM میدونی با اینا میشه چی کار کرد !,0,2,train
2302,من هر شب گوشی رو شارژ میکنم..,0,2,train
8589,یا جی پی یو ان هم همینطور است .,0,2,train
11558,"یک مود اضافه بر M,S,A,P داره که U هست و این مود رو میتونید تنظیم دلخواه کنید و برای عکاسی مورد علاقه تون آماده به کار قرار بدید.",0,2,train
4957,با ۴ کیلوگرم وزن و از اکس باکس قدیمی کوچکتر است.,0,2,train
4301,بر خلاف مدل‌های گذشته، نسل پنجم iPod Touch دارای مدل‌های 8 و 16 گیگابایتی نبوده و ارزان‌ترین مدل، دارای حافظه داخلی 32 گیگابایت می‌باشد.,0,2,train
7666,توانایی زوم آن کاملا معمولی است و حال واید 28 میلی‌متر هم نه خیلی خوب است و نه خیلی بد.,0,2,train
768,نباید توقع اجرای بازی رو با بالاترین گرافیک رو داشته باشیم.,0,2,train
2689,اما X-Pro1 از سیستم فوکوس خودکاری 49 نقطه ای بهره می برد که در گریدی 7X7 قرار گرفته اند و در ضمن سایز هر نقطه ی فوکوس قابل تغییر است.,0,2,train
8906,من چهار ماه است که خریداری کردم کیفیت عکس وفیلم بالایی دارد فقط در حالت فیلم STOP ندارد و در هنگام روشن شدن فلش آن ناخواسته بیرون میآید .,0,2,train
3388,در عمل باید گفت که اگر پیش تر کاربر گوشی‌های مبتنی بر ویندوز فون 7.0 و 7.5 بوده اید، تغییرات زیادی در محیط سیستم عامل احساس نخواهید کرد.,0,2,train
10328,صفحه نمایش 3.2 اینچی این گوشی دارای دقت 320x480 است که تراکم پیکسلی متوسط 180 پیکسل در هر اینچ را ارائه می‌دهد.,0,2,train
1429,اگه موافق هستین تایید رو بزنید حتما,0,2,train
9552,تعداد هسته *‌فرکانس پردازش *‌ضریب افزایش کارایی نسبت به A9 گالسی S3: تعداد هسته =۴ فرکانس = ۱۴۰۰ ضریب افزایش =۱ ==> ۴*۱۴۰۰*۱= ۵۶۰۰ ابقون ۵: تعدا هسته = ۲ فرکانس= ۱۲۰۰ ضریب افزایش= ۱٫۴ ==> ۲* ۱۲۰۰*۱٫۴= ۲۴۰۰ نتیجه: ۵۶۰۰÷۲۴۰۰=۲٫۳۳ با این حساب قدرت پردازش S3 بیش از دو برابر آیفون ۵ است.,0,2,train
11715,باتری مشکل اصلی این گوشی نیست بلکه اکثر گوشی های xperia این مشکلو دارند ..,0,2,train
11357,یک ویژگی Movie Crop هم وجود دارد که با کراپ کردن سنسور فقط می‌تواند از قسمت میانی سنسور برای فیلم برداری بهره ببرد و با رزولوشن 640X480 پیکسل ضبط ویدیویی را انجام دهد تا بزرگنمایی 10X بدست‌اید.,0,2,train
303,درضمن این گوشی پیش فرض از Android 4.0 استفاده می کند .,0,2,train
11726,اندروید 4 هم که کردم درست نشد، اگه این مشکل رو نداشته باشه گوشی خیلی خوبیه.,0,2,train
4647,تا حالا نشده بازی یا برنامه ای بریزم که اجرا نکنه.,0,2,train
8705,البته این مشکلات احتمالا به زودی حل میشه!,0,2,train
11192,بیش از اینکه 6D یک 5D کوچک باشد، آن را می توان یک 60D فول فریم شده دانست.,0,2,train
8347,اما داشتن زوم بالا گاهی باعث میشه عکسهایی گرفت که در صورت نبودش نمیشد حالا 50 برابر هم نبود 35 هم عالیه,0,2,train
11964,نیست.,0,2,train
1550,• صفحه نمایش صفحه نمایش 8 اینچی تبلت جدید سامسونگ از نوع TFT می‌باشد که تصاویر را با دقت 800×1280 پیکسل نمایش می‌دهد.,0,2,train
5726,درحقیقت Galaxy S II جزو نخستین گوشی‌های هوشمند با پردازنده‌ی دو هسته‌ای می‌باشد و در ادامه باید منتظر گوشی های بیشتری با چنین پردازنده هایی باشیم.,0,2,train
8032,در قسمت پشت دوربین یک چشمی الکترونیکی و نمایشگر 2.7 اینچی دیده می‌شوند.,0,2,train
3444,مات بودن رنگ این دستگاه باعث می‌شود که هنگام کار با آن اثر انگشتتان رویش نماند و گرد و خاک بر رویش مشاهده نشود.,0,2,train
8978,دکمه‌ی پاور یا همان دکمه‌ی روشن و خاموش به قسمت پشتی دوربین انتقال یافته است.,0,2,train
7968,البته خب، ایزو انتخابی در SX50 و لرزشگیر اون یکمی بهتر از این هست و شایدم فاکتور زوم بیشترش از این بهتر باشه اما باور کنید فرق بین 35 و 50 برابر زوم اونقدر تو چشم نمیاد..,0,2,train
1680,پس از سال‌ها استفاده از کانکتور 30 پین برای محصولات اپل، این کمپانی دست به تغییر آن زد و کانکتور رعد را جایگزین آن‌ها نمود.,0,2,train
3269,وجود بخش عددی مجزا به مدل و سایز صفحه نمایش لپ‌تاپ بستگی دارد.,0,2,train
6345,سامسونگ Galaxy S II دارای قطری در حدود 8.9 میلی متر است و در ضخیم‌ترین مکان هرگز این قطر از 1 سانتی متر تجاوز نمی‌کند.,0,2,train
8870,عالی و باقدرت زوم بسیار بالا و لرزش گیرش خیلی قوی نیست,0,2,train
2665,چشمی هیبریدی اپتیکال/الکترونیکی دوربین X100 در این جا هم دیده می‌شود.,0,2,train
9151,چیپ گرافیکی Adreno 200 نیز عملکرد متوسطی در هنگام اجرا و پردازش گرافیک‌ها و بازی‌ها دارد.,0,2,train
5721,هرچند که رزولوشن آن پایین‌تر از نمایشگر Retina‌ی iPhone 4 است ولی با وجود بزرگتر بودن، کیفیتی تقریبا برابر را ارایه می‌دهد.,0,2,train
9147,صفحه نمایشصفحه نمایش 4 اینچی HTC Desire V قادر است تصاویر را با رزولوشن 480X800 پیکسل به نمایش بگذارد.,0,2,train
11645,من مهر پارسال این گوشی رو خریدم و اون موقع کلی هم دنبالش گشتم تا پیداش کردم، چون تازه یک ماه بود که وارد ایران شده بود!,0,2,train
3979,در حالی که دوربین های کامپکت و همچنین hx100 دارای dpi 72 می باشند که از لحاظ تعداد پیکسل و کیفیت عکس به پای این دوربین نمی رسند,0,2,train
12150,از نظر ابعاد نیز این دوربین 117X91X69 میلی متر است و 700D در حدود 133X100X79 میلی متر.,0,2,train
8219,این وسیله به پشت دوربین متصل می شود و می تواند به عنوان نمایشگر آن عمل کند.,0,2,train
6030,دست کم بر روی عکس باندهای تاریک و روشن دیده نمی شود.,0,2,train
3376,دقت این صفحه نمایش 1280×720 یا به عبارتی HD می‌باشد.,0,2,train
8862,من حدود یکساله این دوربین رو خریدم همه چیزش عالیه فقط بالا اومدن خودکار فلاشش یه کم نامناسبه,0,2,train
3281,به علاوه بر روی کانفیگ‌های مختلف می‌توانید مقادیر حافظه‌ی RAM مختلفی از 2 تا 8 گیگابایت را و حافظه‌ی هارد دیسک از 320 تا 640 گیگابایت هم بیابید.,0,2,train
11438,دو روزه این گوشیو خریدم.,0,2,train
9497,اصلا مهم نیست.,0,2,train
5718,هرچند که اکنون نمایشگرهایی با رزولوشن 960X540 پیکسل با نام QHD هم در بازار موجود اند که به عنوان مثال یک نمونه از آن بر روی HTC Sensation استفاده شده، ولی کیفیت نمایشگر آن اصلا به پای Galaxy S II نمی‌رسد.,0,2,train
7495,سخت افزاراز لحاظ سخت افزار داخلی تفاوت‌هایی بین لومیا 620 با مدل‌های بالاتر خود وجود دارد.,0,2,train
2167,خوب این جا چی می بینیم؟,0,2,train
10364,فیلم‌ها و عکس‌ها فقط می‌توانند بر روی کارت حافظه‌ی SD/SDHC/SDXC ذخیره شوند و هیچ گونه حافظه‌ی داخلی وجود ندارد.,0,2,train
4860,BE NAZARE MAN PS3 KHEILI BEHTARECHON BAZY HAYE ENHESARI FOGHOLADE DARE MAGE IN NIST X BOX JOZ ALON WAKE VA MASS EFECT VA CRACK DAWN2 CHI DARE,0,2,train
11982,اگه شما هم مثل من دو دل بودین.,0,2,train
2716,طراحی و ساخت با دیدن این تبلت در همان نگاه اول به اختلاف ظاهر آن با تبلت های اندرویدی موجود در بازار که اکثرا بسیار شبیه به یکدیگر طراحی شده‌اند خواهید شد.,0,2,train
10985,و باید منتظر ارائه کیف مخصوص در ایران بخصوص از طریق دیجی کالا باشیم.,0,2,train
10665,در حقیقت اون چیزی که همه میدونن اینه که مدل TX تصحیح شده ی T است.,0,2,train
3475,همچنین امکان شماره گیری خودکار از دیگر ویژگی‌های این دستگاه است.,0,2,train
5122,این دستگاه رنگ محیط بازی ها را بسیار بهتر از ps3 نشان داده اما در سایه های صورت کمی دچار مشکل شده و به صورت مربع مربع نشان می دهد.,0,2,train
10218,چیزی که تازگی ها متوجه شدم درباره این نوع گوشی ها اینه که باید برای نصب بازی ها و برنامه ها زبانشو بگذارید روی اینگلیسیواینطوری 99% بازی ها روش نصب میشوند.,0,2,train
7005,سلام دوستان گلم .,0,2,train
5526,LG به نظر من باید رو این گوشی بیشتر کار میکرد اگه بخوام با نوت 2 مقایسش کنم باید بگم نوت2 خیلی از این بهتره هم صفحه نمایشش هم سخت افزارش از این بهتره تازه از نظر ظاهر هم نوت 2خیلی قشنگ تره.,0,2,train
11952,بازی های سنگین نصب نکردم.,0,2,train
777,علاوه بر دوربین، بلندگوی گوشی و لوگوی Beats Audio نیز در این قسمت قابل مشاهده هستند.,0,2,train
8439,تقریبا 20 روز تو بازار همه ی تلوزیون هارو زیرو رو کردم .,0,2,train
4368,ممنونم که تا آخرش خوندین.,0,2,train
12180,به صورتی که از نظر طولی کاملا بلندتر است.,0,2,train
5173,چون معمولا گیمها در حدود 4 یا نهایتا 9گیگ میباشند!,0,2,train
9393,گوشی خوبیه ولی به قیمتش نمی‌ارزه.,0,2,train
391,264 را دارد.,0,2,train
11051,صفحه نمایششم که قابل مقایسه با ایپد و ترنس نیست!,0,2,train
3945,سلام من این دوربین رو تیرماه از همین سایت خریدم .,0,2,train
7711,این حرف در صورتی درسته که دسترسی به نت پرسرعت نباشه که در این صورت دیوایس های آندرویدی و امکاناتشون تو ایران کارایی نداره .,0,2,train
8774,بر روی لبه سمت چپ گوشی نیز کلید کنترل صدا و Quick Memo وجود دارند که دومی را بر روی برخی دیگر از گوشی‌های ال‌جی از جمله Optimus VU دیده بودیم.,0,2,train
2783,اما تفاوت اصلی این دوربین با مدل‌های معمولی، در نمایشگر دوم 1.5 اینچی آن است.,0,2,train
1862,مجوز فعالیت بیشتر بدافزار ها با تائید ناآگاهانه از سوی کاربر صادر می شود!,0,2,train
12350,WX50 می‌تواند با کیفیت 1920X1080p Full HD و سرعت 60 فریم بر ثانیه و صدای استریو فیلم برداری کند.,0,2,train
8936,پیچ تنظیم شوتینگ مودها جایی است که می‌توانید Scene Mode‌یا مودهای صحنه را هم در آن جا بیابید.,0,2,train
6786,توصیه میکنم اگه قصد خرید دارید این مورد رو تو اولویت هاتون قرار بدین با تشکر گریوانی,0,2,train
9000,کمی هم به Effect Mode بپردازیم.,0,2,train
6336,10: من رایتل و خط ثابت همراه اول استفاده میکنم و مشکل و مساله مهم اینجاست .,0,2,train
796,به راحتی امکان پذیر است.,0,2,train
10924,به خصوص برای استفاده از سیم کارت دیتای رایتل که اینترنت پرسرعت رو تو تهران همه جا دارید.,0,2,train
742,من تقریبا یک سالی میشه که 4520 این سری رو دارم .,0,2,train
4244,من این گوشی رو امروز خریدم.,0,2,train
4951,اکس باکس تنها جایی است که می توانید از بازی های Halo3 .,0,2,train
8148,نهایتا در قسمت پشت گوشی، دوربین 5 مگاپیکسلی این گوشی خود نمایی می‌کند.,0,2,train
3804,* عملکرد واقعی ممکن است بسته به زبانی که بدان صحبت می‌شود متفاوت باشد* برای بهره‌مندی از برخی قابلیت‌ها و ویژگی‌های تعامل هوشمند ممکن است نیاز به دسترسی اینترنتی باشد.,0,2,train
12032,بقول معروف هرچی پول بدی آش میخوری.,0,2,train
10745,بهرحال تا با این دوربین تستی بعمل نیاد ، نمیشه به اعداد و ارقام مربوط به آن اعتماد کرد .,0,2,train
8016,بنابراین ابعادی که SX40 HS ارایه می‌کند 123 × 92.4 × 107.7 میلی‌متر و وزن آن هم 600 گرم است.,0,2,train
5239,هرچه رزولوشن بالاتر باشد تعداد پیکسل‌های مورد استفاده در صفحه نمایشگر تبلت بیشتر بوده و در نتیجه تصویر واضح‌تر دیده می‌شود.,0,2,train
1417,نسل جدید لپ تاپ های MacBook Pro با قابلیت Retina Display که تنها در سایز 15.4 اینچ عرضه می شود دارای مشخصات رویایی یک سیستم قابل حمل می باشد.,0,2,train
7016,در کل سخت افزار مشابه نکسوس 4,0,2,train
10406,همانطور که گفتیم، SL300 و SL260 دو دوربین جدید از یک سری جدید در بین دوربین های Bridge یا DSLR Like شرکت فوجی فیلم می‌باشند و از نظر فن آوری می‌توان آن‌ها را جایی در بین دوربین HS30 EXR و X-S1 جای داد.,0,2,train
6619,"کانن بر روی این دوربین مودهای فیلم برداری مختلفی چون Portrait, Sports, Snow, Beach, Sunset, Night, Low Light, Spotlight, Fireworks را به کار برده است.",0,2,train
9164,از جمله قابلیت‌های این دوربین می‌توان به فوکوس خودکار و ژئو تگینگ اشاره کرد.,0,2,train
2454,همچنین امکانات دیگر چون باتری قابل شارژ لیتیوم-یونی، پورت PictBridge، پشتیبانی از کارت‌های حافظه‌ی SD/SDHC/Memory Stick و موجود بودن در رنگ‌های مختلف را نیز باید به آن افزود.,0,2,train
5159,۱۴ گیگابایت از فضای این هارددیسک برای کاربر قابل استفاده است، زیرا حدود ۶ گیگابایت از فضای این هارد دیسک توسط نرم افزار و امکانات جانبی موجود در کنسول استفاده شده است.,0,2,train
1697,یکی از تغییرات مهم در این نسخه، قرار گرفتن برنامه Maps به جای برنامه Google Maps می‌باشد.,0,2,train
11121,برای اینکه شما به راحتی با طرز کار فتوشاپ لمسی آشنا شوید یک آموزش در 13 مرحله برای شما قرار داده شده.,0,2,train
12939,صفحه نمایشصفحه نمایش بکار رفته در این گوشی یک LCD در اندازه 2.4 اینچ و با رزولوشن 240×320 می‌باشد که قابلیت نمایش 65 هزار رنگ را داراست.,0,2,train
847,فقط باطریش با توجه به دوسیم بودنش.,0,2,train
12343,این دوربین مجهز به لنز 25-125 میلی متر با توانایی زوم 5 برابر می‌باشد.,0,2,train
6832,آقای abozar ameri، در مورد باتری اینترنال (داخلی) : 1.,0,2,train
7298,اما Ixus 510 HS نیز همانند بیشتر دوربین های هم رده، یک دوربین Point to Shoot است.,0,2,train
5463,2- میگن پیکسل صفحه 1024*768 هست.,0,2,train
1729,۱ چه جیل شده یا نشده قابل فعالسازیه!,0,2,train
1296,حافظه داخلی در دسترس کاربر این گوشی کمتر از 4 هست.,0,2,train
5288,این هسته کم مصرف زمانی فعال می‌شود که Nexus 7 در حال انجام کارهای سبک مثل تماشای ویدئو یا مرورگری اینترنت باشد.,0,2,train
2838,گوشه های منحنی دار، کلید های خازنی مخصوص اندروید و دوربین دوم در قسمت جلویی به همراه دوربین اصلی و فلاش و لوگوی کارخانه در قسمت پشتی گوشی، باعث گردیده که طراحی این گوشی برای کاربر بسیار آشنا به نظر برسد.,0,2,train
9823,همچنین همانند تبلت های Transformer، این تبلت نیز دارای داک کیبورد می‌باشد.,0,2,train
9003,سپس در پیچ اسکرول پایینی دکمه‌ی Set/Function را بفشارید.,0,2,train
10710,مغز متفکر Xperia TX، چیپ Qualcomm Snapdragon S4 است که دارای پردازنده دو هسته ای 1.5 گیگاهرتزی Krait و پردازشگر گرافیکی Adreno 225 است.,0,2,train
4564,xperia rayمنتظر شماست!,0,2,train
5176,چون هرچقدر فرکانس و پردازش بالا باشد دمای آن دستگاه بالاتر میرود!,0,2,train
11525,این گوشی از چیپ Qualcomm Snapdragon S4 Pro استفاده می‌کند.,0,2,train
7914,همون psp go بهترین انتخابه هم از نظر دانلود بازی هاش و هم هزینه اش .,0,2,train
3827,* ممکن است کیت تکامل هوشمند - Smart Evolution در زمان عرضه متفاوت باشد.,0,2,train
7934,نرم افزاراز لحاظ نرم افزاری، HTC One X Plus به طور پیش فرض از اندروید 4.1 یا JellyBean استفاده می‌کند.,0,2,train
11805,امیدوارم سونی درس گرفته باشه که هر فناوری رو روی هر پلتفرمی نمیشه بکار برد.,0,2,train
6940,و جنس اچ تی سی.,0,2,train
9206,من که میگم خیلی فرق نداره با این تفاوت قیمت.,0,2,train
11096,• صفحه نمایش صفحه نمایش 10.1 اینچی تبلت جدید سامسونگ از نوع PLS LCD می‌باشد که تصاویر را با دقت 800×1280 نمایش می‌دهد.,0,2,train
4275,• طراحی و ساخت از لحاظ طراحی، iPod Touch نسل پنجم نیز همانند گوشی iPhone 5، نسبت به مدل قبلی کشیده تر شده است.,0,2,train
9122,ترجیح میدم اس 2 رو بخرم .,0,2,train
537,این اسکنر دارای چهار دکمه ی ShortCut یا میانبر بر روی آن می باشد که شامل دکمه های PDF، COPY، PHOTOو E-Mail می شوند.,0,2,train
639,منم چند روزی میشه که گرفتم.,0,2,train
4431,برخلاف گفته یکی از دوستان: تحمل ضربه تلویزیون های پلاسما تا 80 برابر ال سی دی هست.,0,2,train
3312,برای حرفه ای ترها نیز باید بگوییم که سیستم نورسنجی این دوربین Multi-segment، Center-weighted و Spot که بسیار شبیه به DSLR ها است عمل می کند.,0,2,train
10965,راجب قلم.,0,2,train
12990,بارزترین ویژگی آن نیز همان EPrnt می باشد.,0,2,train
1542,در نمای جلویی تبلت، دوربین 1.3 مگاپیکسلی جهت مکالمات تصویری به همراه سنسورها و البته کلید فیزیکی Home و دو کلید خازنی در طرفین آن به چشم می‌خورند و در آخر هم دوربین 5 مگاپیکسلی این تبلت که به همراه لوگوی سامسونگ در قسمت پشتی آن خودنمایی می‌کند.,0,2,train
2314,خوشحال میشم نظرهای متفاوت رو ببینم.,0,2,train
9744,دوربیندوربین 3.2 مگاپیکسلی این گوشی، تصاویری با کیفیت متوسط نسبت به انتظار کاربر از چنین دوربینی به ما ارائه می‌دهد.,0,2,train
8373,من رو ی هر دوربینی تحقیق میکنم به این نتیجه میرسم کمی پولمو افزایش بدم مدل بالا تری بخرم باز اون مدل هم یه سری ضعف ها داره، نباید محو زومش شد، باید موارد دیگه رو هم در نظر داشت،,0,2,train
3605,این مقدار در مقایسه با رقبای 15.6 اینچی دیگر در این بازه قیمتی، میزان متوسطی محسوب می‌شود.,0,2,train
4856,"دیگه جدیدا اصلا همچین اتفاقی نمیوفته , خود من xbox360 elite خریدم 1 ماه پیش دقیق روزی 8 ساعت با برادرم بازی میکنم.",0,2,train
3533,دوربین برخلاف تصور خیلی از کاربران، دوربین این گوشی نسبت به مدل پیشین یعنی Galaxy S II، تغییرات بسیاری داشته است.,0,2,train
3391,اما HTC در این گوشی نیز همانند گوشی‌های سری One خود یک پردازشگر قرار داده است که وظیفه انجام محاسبات مربوط به دوربین گوشی را بر عهده دارد.,0,2,train
7637,مثلا من زیاد به صفحه نمایش و دوربین اهمیت نمیدم چون صفحه نمایش با رزولوشن بالا و دوربین ١٣ مگاپیکسل زیاد مورد استفاده ی من نیست و من بیشتر نوت ٢ رو به خاطر بزرگی بین موبایل و تبلت و مداد بی نظیرش به Optimus G ترجیح میدم چون که هم بیشتر به سلیقم میخوره و هم بیشتر مورد نیازمه و امکاناتش مورد استفادمه .,0,2,train
9043,با این حال عمده ترین دگرگونی ها را می توانیم در قسمت پشتی دوربین شاهد باشیم.,0,2,train
4094,من یکی دارم ولی جای حروف q w با a z جابه جاست بعد جالب اینجاست که وقتی q رو بزنی a عمل میکنه و z هم بزنی w عمل میکنه,0,2,train
10099,سه دکمه بر روی پنل سفید رنگ قرار گرفته اند که عملکردهای Scan، Copy و PDF را بر عهده می گیرند.,0,2,train
13073,بر روی صفحه ی اصلی 11 آیکون دیده می شود.,0,2,train
10642,برتری های xperia v نسبت به tx بلوتوث4 ضد اب بودن Sony Mobile BRAVIA Engine 2 دوام باتری بیشتر وزن کمتر سایز مناسب تر صدای اسپیکر بهتر تراکم پیکسلی بالاتر,0,2,train
11299,ما این دوربین را با لنز 18-55mm IS II تست کردیم.,0,2,train
6442,موردی که باید در مورد هاردها دقت کنیم استفاده درست از کابل اینگونه هاردهاست .,0,2,train
2296,در حال حاضر با توجه به گوشی های موجود و قیمت نجومی HTC Butterfly سه گزینه میماند:Lumia 920iphone IVHTC One X plusهر کدوم مزایا و معایب خودشون رو دارن و البته سه OS متفاوت.,0,2,train
6581,من این تبلت رو از طریق همین سایت خریدم.,0,2,train
11681,در کل اگه دنبال یک گوشی آندرویدی خوب با سخت افزار قوی و قیمت پایین هستین.,0,2,train
510,برای مقایسه ی قدرت واقعی ویندوز فون 8 با اندروید باید منتظر ارایه رامهای جیلبرک شده بود که احتمالا تا اوایل تابستان 92 طول خواهد کشید.,0,2,train
8656,من امروز تحویل گرفتم.,0,2,train
8521,برای دیدن تصاویر سه بعدی حتما به یک تلوزیون سه بعدی احتیاج خواهید داشت.,0,2,train
3818,کافی است کیت تکامل هوشمند - Smart Evolution سامسونگ را در تلویزیون خود قرار دهید و بگذارید جادوی خود را اجرا کند.,0,2,train
1923,رنگ سفیدش باز بهتر بود.,0,2,train
3951,خدا وکیلی این مدت هر چی تحقیق کردم هیچی سونی نمیشه.,0,2,train
4245,همتون مشخصات این گوشی رو میتونین بخونین.,0,2,train
1460,همانند بیشتر دوربین های امروزی و همه‌ی دوربین های سری A، این دوربین هم مجهز به مود عکاسی Smart Auto یا همان intelligent Auto یا اتوماتیک هوشمند می‌باشد.,0,2,train
3249,• طراحی و ساخت از طراحی سری 3 شروع می‌کنیم که همان‌طوری که گفتیم، به هیچ عنوان ظاهر لپ‌تاپ‌های ارزان قیمت را ندارند.,0,2,train
9283,انرژی این دوربین از همان باتری LP-E8 تامین می شود که بر روی 600D هم استفاده شده بود.,0,2,train
1073,به هر صورت همان‌طور که گفتیم، FT3 دوربینی است مناسب ماجراجویان، ورزشکاران یا همه‌ی کاربرانی که در شرایط مخاطره آمیزی برای وسایل الکترونیکی قصد عکاسی دارند.,0,2,train
3389,دوربین HTC بر روی 8X از یک دوربین 8 مگاپیکسلی همراه با سنسور BSI استفاده نموده است.,0,2,train
12473,چیزی که اینجا بهش اشاره نشده زد اب بودن این گوشیه,0,2,train
6790,به سایت مراجعه کردم با ناموجود بودن آن مواجه شدم .,0,2,train
1712,دوربین یکی دیگر از قسمت‌هایی که در آیفون 5 تغییرات زیادی نداشته است دوربین آن است.,0,2,train
5950,این مودهای عکاسی را معمولا بر روی دوربین‌های پیشین سونی سایبرشات هم دیده بودیم.,0,2,train
1198,همچنین یک دوربین 1.3 مگاپیکسلی در قسمت جلویی آن برای انجام مکالمات تصویری تعبیه شده است.,0,2,train
2194,.بزرگ کردن صفحه نمایش و یا ارتقای پردازنده!,0,2,train
12438,سلام این گوشی قابلیت DLNA هم دارد که به آن اشاره نشده است,0,2,train
1229,• دوربین دوربین به کار رفته بر روی پدفون، یک دوربین 8 مگاپیکسلی می‌باشد.,0,2,train
9536,در مراسم معرفی آیفون 5، اپل ادعا کرد این تلفن با ضخامت 7.6 میلیمتر باریک ترین تلفن هوشمند بازار است.,0,2,train
10842,با سلام اگه واقعا کیفیت پایین صفحه نمایش و جنس بدنه پلاستیکی این تبلت از نظر شما عیب محسوب نمیشه مشکلی نیست بخریدش فقط قبلش کمی جستجو کنید شاید با این قیمت یا کمی بالاتر بتونید یه تبلت بهتر بگیرید از نظر من تبلت Sony experia z که به زودی وارد بازار ایران میشه یکی از بی نقص ترین هاست شاید بهتر باشه.,0,2,train
9123,جالبه دوستانی که نظر دادند هیچ کدوم به دو سیم کارته بودن این گوشی اشاره ای نکردند!,0,2,train
2509,اما مدل‌های ارزان‌تری نیز با پردازنده های دو هسته ای ضعیف‌تر و کم مصرف‌تر Intel Pentium و Intel Celeron وجود دارند.,0,2,train
7858,صفحه نمایش این تبلت یکی از مواردیست که شما را کاملا متعجب خواهد نمود.,0,2,train
926,از قسمت بالا، این دوربین تقریبا همان G5 است.,0,2,train
11771,دوستان گرامی نتیجه یکی دو هفته تحقیقاتم در مورد خرید مینی یا مینی پرو به شرح زیر می باشد: 1.,0,2,train
22,ولی در نظر داشته باشید که با رزولوشن پیشفرض 150dpi، سرعت اسکن به بیش از 4 صفحه در دقیقه نمی‌رسد.,0,2,train
10981,منتظر ارائه learning Hub هم از طرف سامسونگ هستم که کاربرد آموزشی و علمی داره و برای گلکسی نت طراحی شده.,0,2,train
2750,نسخه 4.0.3 نسخه استفاده شده بر روی این دستگاه است.,0,2,train
6353,جک 3.5 میلی متری هدفون نیز در لبه‌ی بالا و پورت micro USB در لبه‌ی پایینی گوشی جایگذاری شده‌اند.,0,2,train
1357,همانند سایر لپ‌تاپ‌های مدرن، MacBook Pro 2012 نیز تنها از یک پورت ترکیبی برای خروجی و ورودی صدا استفاده می‌کند.,0,2,train
4878,دستگاه شما مخصوصا در این تابستون داغ اگر فضای کافی برای حرکت جریان هوا و خنک شدن داشته باشه احتمالش بسیار ضعیفه که سه چراغه بشه.,0,2,train
2736,صفحه نمایش صفحه نمایش موجود بر روی این تبلت یک صفحه نمایش 10.1 اینچی لمسی خازنی از نوع IPS LCD می‌باشد که دارای رزولوشن 800×1280 می‌باشد.,0,2,train
7884,همچنین با کشیدن انگشت به جهات دیگر، میانبرهایی به دیگر بخش‌های تبلت خواهید داشت.,0,2,train
4912,اقا چرا به خودتون سختی میدین xbox از نظر سخت افزار خیلی بهتر از ps3 ست فقط بازی های اختصاصی ps3 ممکنه معروف تر باشه چون ps قدیمی تره از نظر داغی مشکلی نداره من از 3 ماه پیش که خریدم دارم بدون فن بازی می کنم,0,2,train
701,باهاش کار کردم درسته که داغ میکنه ولی با این امکاناتی که روش داره باید داغ کنه اگه این طور نباشه باید بهش شک کرد .,0,2,train
10197,در کل خریدش رو به همه شما توصیه می کنم..,0,2,train
5456,360 مگ حافظه آزاد داره.,0,2,train
4120,دست اخر باید گفت این یک گوشی برای پیامک و چت است.,0,2,train
3065,( اگه همیشه یک لبتاپ 2.5 کیلویی با مخلفاتش روی کولتون باشه میفهمید که حذف حداقل 2 کیلو در اثباب و لوازم شما چقدر در سلامت شما و خسته نشدنتون میتونه تاثیر گذار باشه),0,2,train
852,جدیدا کمپانی تایوانی HTC مدل جدیدی از خانواده Desire به نام Desire SV را معرفی کرد.,0,2,train
5818,به نظر من i9100g.,0,2,train
2055,ولی اپل سعی کرده امکانات فعلی رو بهتر کنه بجای اینکه امکانات جدید بهش اضافه کنه.,0,2,train
4638,ارور داد .,0,2,train
12821,این آموزش‌ها به صورت کامل و گام به گام، شما را برای کار با این نرم‌افزارها راهنمایی و آماده‌می‌کند.,0,2,train
8194,نسخه ی Silver یا همان نقره ای، در فیلم برداری تقریبا عملکردی شبیه به نسخه ی سفید دارد با این تفاوت که سرعت فیلم برداری 960p آن 48 فریم بر ثانیه است و WVGA را نیز می تواند با سرعت 120 فریم بر ثانیه ضبط کند.,0,2,train
8986,تقریبا چهار پنجم قسمت پشت دوربین توسط نمایشگر در بر گرفته شده است.,0,2,train
2674,"گستره‌ی حساسیت سنسور آن نیز از 100 تا 25,600 است.",0,2,train
10884,تبلت خوبیه ولی واقعا قلم و کارایی خوبی داره میشه گفت بهترین تبلت سامسونگ هستش ولی در بین رقبا ضعف های زیادی داره,0,2,train
12832,تناسب در تعداد و انتخاب نرم‌افزار :بسیاری از مجموعه‌های موجود در بازار با اینکه دارای تعداد دیسک‌های زیادی هستند ولی متاسفانه با قراردادن نرم‌افزارهای تکراری و یا حتی قراردادن نرم‌افزارهای حجیم و تخصصی که عملا کاربرد چندانی برای اکثریت افراد ندارند، تنها به دنبال پر کردن فضای دیسک‌ها هستند و دیگر به این مساله نمی‌اندیشند که آیا این نرم‌افزارها برای کاربر مفید است و یا خیر.,0,2,train
3919,البته برای دور ماندن از نویز شدید در عکس بهتر است که از ایزو نویز شدید در عکس بهتر است که از ایزو 3200 و پایین تر استفاده کنید.,0,2,train
6710,این‌ها دوربین هایی هستند اصولا اتوماتیک و برای کاربرانی ساخته شده اند که ترجیح می‌دهند بر روی مود هوشمند خودکار (iA) از دوربین خود استفاده کنند.,0,2,train
6021,این عکس در بالاترین رزولوشن این پرینتر یعنی FastRes 1200 چاپ شد.,0,2,train
10489,سخت افزارش متوسط ..,0,2,train
13055,قطر iPod touch بسیار کمتر از iPhone می باشد و حدود 1mm نیز عریض تر می باشد.,0,2,train
9604,فقط بزارید بیاد تو بازار بهتون می گم چیه.,0,2,train
4793,دو کاور هم در بالا ی کلید ریکورد برای خروجی AV و برق و یکی هم روی ال سی دی برای mini HDMI و USB قرار دارند.,0,2,train
360,با این وجود، حتی مدل‌هایی که از کارت‌های گرافیکی مجزا استفاده می‌کنند، خیلی مناسب اجرای بازی‌های سه بعدی سنگین نبوده و بیشتر برای کارهای گرافیکی سبک مثل ویرایش عکس مناسبند.,0,2,train
4362,.4.,0,2,train
5804,گوشی خوبیه اما مشکلاتی هم داره اما هنوز هم بهترینه مخصوصا حالا که به اندروید 4.1 هم آپدیت میشه مشکلات آن: 1-سبک 2-هنگ دوربین در بعضی موارد اندک 3-نفرستادن اس ام اس بیش از یک کاراکتر,0,2,train
6017,تست پرینت 5 صفحه ای ما 27 ثانیه به طول انجامید که برابر با چیزی در حدود 11.1 صفحه در دقیقه است.,0,2,train
3427,همان طور که میدانید پرینترها، اسکنرها و دستگاه های فکس و کپی جزو دستگاه‌هایی هستند که امروزه به عنوان یکی از وسایل خروجی یا ورودی اطلاعات کامپیوتر مورد استفاده قرار می‌گیرد.,0,2,train
1044,هرچند که از جنس شیشه‌ی مقاوم ساخته شده، ولی اگر حواستان نباشد می‌تواند اثر انگشت را به خود جذب کند.,0,2,train
1561,اما شگفتی‌های این قلم به همین‌جا خلاصه نمی‌شود.,0,2,train
11181,1Ds در زمان ورود به بازار حدود 8000 دلار قیمت داشت.,0,2,train
729,ضمنا خرابی هارد هم که میگفتن و یا داغ کردن واسه من که اصلا اتفاق نیافته.,0,2,train
7955,در آینده سعی می‌کنیم اطلاعات بیشتری را از این دوربین‌ها ارائه دهیم.,0,2,train
2298,و اما سخن آخر:نزدیک به سه ماه است که دارم با HTC One X plus کار میکنم.,0,2,train
7187,دوستی که میگه بعد دوماه فلان میشه این که تازه اومده تو بازار کشور چطوری این حرفو میزنید؟,0,2,train
9030,کیفیت بالای دیگر دوربین‌های سری ایکسوس کانن را باید از این دوربین هم انتظار داشته باشیم.,0,2,train
11658,با سلام خدمت همه دوستان گرامی.,0,2,train
11555,همچنین تنظیم 8 ثانیه هم داره.,0,2,train
77,ابعاد دقیقا آن نیز 104 x 59 x 33 میلی متر است که تا حدودی از F770 هم باریک‌تر و هم کوچک‌تر می‌باشد.,0,2,train
9257,فیلم برداری با همان رزولوشن 1920X1080p Full HD با سرعت 30 فریم بر ثانیه انجام می گیرد و فیلم ها در فرمت های H.,0,2,train
475,نوکیا دوباره برگشت..,0,2,train
1252,موضوع اینجاس که فقط به اسمارت فون محدود نمیشه یه وسیله ی همه کارس پس کی میاد دیگه,0,2,train
2011,که به گفته ی خیلی ها تغییری نکرده.,0,2,train
9760,به هر صورت طراحان تصمیم گرفته اند که رزولوشن آن از 10 مگاپیکسل هم بالاتر نرود چرا که تراکم پیکسل بیش از حد زیاد می‌شد.,0,2,train
9766,بنابراین باید دقت کنید که در هنگام عکاسی دست شما لرزش نداشته باشد.,0,2,train
1955,کارتون در همه زمینه ها مخصوصا نقد و بررسی ها بسیار عالی و کاربردیه.,0,2,train
4861,چرا اینقدر پشت سر elit من حرف میزنین ؟,0,2,train
8476,ممنون که وقت گذاشتین .,0,2,train
1693,نوار Notification نسبت به نسخه قبلی تغییر دیگری نداشته است.,0,2,train
4669,"بازی hdمانند tna wrestling,samurai,gta3,gangaster rio,six gun,.",0,2,train
8213,شما می توانید از طریق اپلیکیشن مخصوص GoPro و دستگاه های با سیستم عامل iOS دوربین خود را کنترل کنید.,0,2,train
9997,به نظر ما تفاوت بین 3G و 3GS خیلی بیشتر از 4 و 4s بوده است.,0,2,train
11473,اگه یکم تحقیق کنید و بنچ مارکشو ببینید متوجه میشین s3 با چهار هسته ای که داره تنها نصفه قدرته cpu این گوشی رو داره .,0,2,train
4211,کلا شبیه دیزایر ایکسه ولی خیلی ارزونتره.,0,2,train
3882,به هر صورت در مورد لنز هم می‌توانید به نقد و بررسی HX100v مراجعه کنید.,0,2,train
4011,خروجی عکسها در این دوربین و مدل قبلی بیش از اندازه دستکاری و از حالت طبیعی خارج میشود.,0,2,train
2050,بالاخره تموم شد!,0,2,train
3396,باتری این گوشی انرژی لازم خود را از یک باتری 1800 میلی آمپری تامین می‌نماید.,0,2,train
3015,(Multitasking) باز میزاره علاوه بر اینکه در بهبود عملکرد کلی سیستم هم نقش بسزایی داره.,0,2,train
8261,بدنه فلزی ساخته شده و استحکام خوبی دارد.,0,2,train
5269,• طراحی و ساخت کمپانی گوگل تخصص خاصی در زمینه طراحی و تولید سخت افزاری ندارد، به همین جهت برای تولید گوشی‌های خود نیز از کمپانی‌های دیگر مانند سامسونگ و HTC کمک گرفت و با شرکت‌های معتبر و متخصص همکاری نمود.,0,2,train
4513,سلام؛ من این گوشی رو 8 ماهه دارمش رنگ دور قابش رفته+کیفیت تصویرش نسبت به هر گوشی ای که میذارمش کیفیت اونا بالاتره.,0,2,train
6722,البته در حالت واید هر دو فاصله ی کانونی 28 میلی متر را ارائه می دهند که به اندازه ی کافی واید هست و می تواند میدان دید گسترده ای را در بر بگیرد.,1,3,train
9870,گوشی عالیه فقط یکم سنگینه کاش سبک تر بود .,1,3,train
10893,اون زمانی که من اینو خریدم آیپد 3 از این ارزونتر بود ولی هیچ وقت کارایی و امکانات این تبلت رو نداره برای همین من این تبلت رو خریدم و از خریدم هم کاملا راضی هستم.,1,3,train
4102,اگرچه وزن گوشی نسبتا کم هست (99گرم) ولی وقتی اونو تو دست میگیرید حس خوبی به شما میده.,1,3,train
8703,گوشیه خوبیه به نسبت کاراییش+2 سیمکارته بودنش!,1,3,train
10476,من گوشی رو 1ماهه دارم: 1باطریش1500 با توجه به دوسیم بودنش باطری خوبی محسوب میشه2.,1,3,train
4607,فلاش led هم قدرت زیادی نداره که از سونی اریکسون بعیده ابعادش هم واسه کسایی که مث من گوشی رو تو جیب شلوارشون میذارن خیلی مناسبه و اصلا اذیت نمیکنه.,1,3,train
4956,طراحی ۳۶۰ زیباست.,1,3,train
11768,به همه توصیه میکنم در خریدش شک نکنید.,1,3,train
3325,دوربینی مناسب کار های معمولی است,1,3,train
6899,لازمه که اشاره کنم برخلاف عقاید برخی ازدوستان باتری این گوشی درحد بسیارخوبی عمل میکنه من ازصبح تا حالا دارم باهاش کار میکنم ولی باتری هنوز نصف نشده.,1,3,train
179,با سلام  من حدودا دو ماهه که خریدمش و گوشی خیلی خوبیه و دوستی که گفته بودن صدای اهنگش در محیط باز کمه برن هر گوشی دیگه ای رو میخوان امتحان کنن امکان نداره کیفیت صداش به پای ایون برسه .,1,3,train
8758,مخصوصا باتریش که خیلی قویه ..,1,3,train
7487,اگر فکر می‌کنید که این مقدار از کیفیت فیلم برداری به کار شما می‌آید، بنابراین انتخاب‌های مناسبی برای شما می‌باشند.,1,3,train
5541,در اینجا میتونم بگم که لذت صفحه نمایش واقعا متفاوت 5 اینچی 4:3 رو شخصا چشیدم و پیشنهاد میکنم از این لذت ساده رد نشید.,1,3,train
4820,اگر این دوربین رو با یه لنز واید بخرید عالیه .,1,3,train
9233,در عوض به مودهای عکاسی اتوماتیک، دو مود Hand held night scene و Backlit HDR نیز افزوده شده اند.,1,3,train
3134,در مجموع نمی توان گفت که GALAXY Tab 2 یک تبلت شگفتی آفرین است ولی با این وجود، یکی از بهترین تبلت های هفت اینچی موجود در بازار است.,1,3,train
12941,به هر حال باید پذیرفت که از صفحه نمایش آن نمی‌توان انتظار تصویر چندان خوبی در مقابل صفحه نمایش‌های Super AMOLED و یا Super Clear LCD را داشت اما می‌توان این‌گونه استنباط نمود که این صفحه نمایش برای این مدل در این سطح، کاملا قابل قبول محسوب می‌شود.,1,3,train
11785,من که واقعا راضیم و باید بگم که توی تولیدات سال 2012 به بعدش هیچ کدوم از این مشکلاتی که دوستان گفتن رو نداره، ورژن نرم افزار اندروید گوشی منکه 2.3.4 هست و اصلا مشکلات اینجوری رو ندیدم!,1,3,train
11520,برنامه Gmail نیز کمی تغییر کرده و امکاناتی مانند زوم دو انگشتی و حرکت Swype برای حذف کردن ایمیل‌ها به آن اضافه شده است.,1,3,train
4346,نازک تر و سبک تر!,1,3,train
7537,در کل همانطور که گفتیم، VG-150 دوربین کامپکتی مناسب افراد با بودجه ی محدود می باشد که کیفیت و امکانات خیلی خوبی را ارائه می دهد.,1,3,train
9544,ولی بازم ازش خوشم میاد البته نه به اندازه noteII,1,3,train
9646,فقط کیفیت ساختش عالیه .,1,3,train
11905,• دریافت بالای سیگنال با آنتنیکی از امکاناتی که گیرنده دیجیتال در اختیار کاربر قرار می‌دهد امکان گیرندگی شبکه‌های دیجیتال با بهترین کیفیت تنها با استفاده از آنتن رومیزی می‌باشد و دیگر نیازی به آنتن‌های قدیمی در پشت بام نیست .,1,3,train
8695,با سلام به دوستان هموطن من این گوشی رو چند روز میشه گرفتم با توجه به قیمتش گوشیه خوبیه و شارژ رو هم خوب نگه میداره البته چون قبلا گوشی اندروید نداشتم نمیتونم مقایسه ای انجام بدم .,1,3,train
10350,باتری لیتیوم-یونی 1200 میلی آمپری این گوشی نسبت به سایر گوشی‌های اندرویدی، شارژ‌دهی خوبی داشته و شما می‌توانید نزدیک به 17 ساعت به طور متوالی به موسیقی گوش کنید که میزان بسیار خوبیست.,1,3,train
13089,برای جمع بندی باید بگوییم که کار کردن با این دستگاه ساده است.,1,3,train
3893,زوم کامل اپتیکال در هنگام فیلم برداری مقدور می‌باشد.,1,3,train
6514,اصلا کند نیست.,1,3,train
12673,از فیس بوک گرفته تا قابلیت 3D Panorama که این گوشی به راحتی انجامش می ده.,1,3,train
8742,باسلام من امروز این گوشی رو سفارش دادم با توجه به امکانات گوشی قیمتی واقعا منصفانه و رقابتی هستش.,1,3,train
6217,بنابراین وجود این نسخه برای این گوشی در این سطح یک مزیت و برتری محسوب می‌گردد.,1,3,train
8869,من 1ساله این دوربین رو دارم ، خیلی ازش راضیم.,1,3,train
143,در کل همانطور که گفتیم، دوربین های سامسونگ ST64 و ST68 دوربین هایی ارزان قیمت و مناسب استفاده های معمولی هستند.,1,3,train
7140,کیفیت عکس‌ها و فیلم‌های این دوربین کاملا خوب و راضی کننده هستند.,1,3,train
2754,البته با توجه به تراکم پیکسلی نسبتا پایین صفحه نمایش شاید برای خواندن متن‌های بسیار ریز مقداری دچار دشواری شوید که با کمی زوم قابل حل خواهد بود.,1,3,train
409,با توجه به کمینه‌ی سرعت شاتر 15 ثانیه‌ای نیز این دوربین کاملا مناسب عکاسی در شب می‌باشد.,1,3,train
1589,در سمت چپ رابط کاربری نیز یک منو وجود دارد که با استفاده از آن می‌توان به راحتی به تعدادی از برنامه‌ها دسترسی داشت.,1,3,train
2370,هرچند باید بگویم هم سخت افزار و هم بهترین سیستم عامل را در دست دارد.,1,3,train
7237,قیمت بالایی داره اما با توجه به کارایی خاصش.,1,3,train
8759,این گوشی نسبت به مدل قبل پیشرفت های زیادی داشته از جمله دوربین8مگا پیکسلی .,1,3,train
4090,با اینکه صفحه نمایش این گوشی لمسی نیست، ولی کیبورد Qwerty این گوشی می‌تواند تا حدودی باعث شود که لمسی نبودن صفحه کلید چندان شما را نا امید نکند.,1,3,train
7251,همین الان گوشی HTC به تنهایی همین قیمته !,1,3,train
3239,از برتری های اصلی این تبلت حساب میشه.,1,3,train
10677,گوشی بسیار باریک و سبکی هست.,1,3,train
12533,به نظر ما نیز این طور بود و واقعا این نمایشگر از هر نمایشگر دیگری که تا به حال دیده بودیم با کیفیت‌تر بود.,1,3,train
10545,اما با وجود پشتیبانی این گوشی از Wi-Fi، 3G و GPRS و همچنین به لطف سخت افزار مناسب و سیستم عامل به روز، مرورگری اینترنت در این گوشی لذت بخش صورت می‌پذیرد.,1,3,train
12005,کلی کار کردم 10 درصدش تموم شد.,1,3,train
1502,صفحه لمسیش هم کار رو باهاش راحت کرده و هر نقطه ای از تصویر هم که میخوای فوکوس کنی با لمس اون نقطه فوکوس به سادگی انجام میشه..,1,3,train
5910,من خودم این گوشی رو دارم 100 درصد راضی هستم.,1,3,train
11637,این گوشی رو حدود 6 ماهه دارم فوق العاده است فقط یک چیز بد داره که کوچیکه وگر نه من روش اندروید 4.0.4 نصب کردم هیچ مشکلی هم پیدا نکرد دوربینشم فوق العاده است,1,3,train
12040,.به نظر من که باصرفه تره درضمن تمام بازیهای hd وgame loft رو جواب میده بدون هنگ و تیک,1,3,train
9432,بدنه تمام پلاستیکی این گوشی باعث گردیده که وزن آن از 131.5 گرم بیشتر نشود و در مقایسه با ابعاد آن، وزن متناسبی را دارا باشد.,1,3,train
5163,البته مایکروسافت با بکارگیری پردازنده‌ی با فن‌آوری ۶۵ نانومتری برای کنسول XBOX 360 باعث کاهش گرمای تولیدی این پردازنده و افزایش کارایی آن شد.,1,3,train
8050,SX40 HS نیز مانند هر دوربین دیگری در کلاس خود مجهز به یک پیچ تنظیم DSLR مانند در قسمت بالا، برای سویچ کردن به مودهای عکاسی مختلف می‌باشد.,1,3,train
6096,یکی از ویژگی های جالب آن سینی جلوی کاغذ است که با داشتن فضای باز استفاده از سایزهای مختلف کاغذ را فراهم میاورد .,1,3,train
8121,یک هفته میشه این گوشی رو خریدم، از نظر نرم افزاری به واسطه اندروید 4 عالیه(رابط کاربری بسیار زیبایی دارد)، از نظر سخت افزاری هم در حد مطلوبه ، اگه میخواهید از نظر cpu مشکلی پیدا نکنید برنامه های در حال اجرای قبلی را با کلید پایین صفحه سمت راست(recent apps)ببندید و برنامه های در حال اجرا را به حداقل برسانید، در این صورت فضای رم اشغال شده هم کاهش پیدا می کند.,1,3,train
8299,بعد از یه مدت که از هیجان خریدش بیفتید میبینید که برای کارهای متوسط 2 روز شاردهی میکنه,1,3,train
7120,همچنین با وجود پشتیبانی این گوشی از راه های مختلف ارتباطی مانند Wi-Fi، 3G و شبکه پر سرعت 4G، ارتباط با دنیای اینترنت با بالاترین سرعت ممکن میسر خواهد بود.,1,3,train
541,بخصوص که نیاز به پاور برق شهر نداره.,1,3,train
12080,هم اکنون 1400 بازی متفاوت برای این سیستم در بازار وجود دارد.,1,3,train
10781,این یعنی اینکه مقدار خیلی اندکی نسبت به لنز مدل پیشین کندتر شده است.,1,3,train
103,این دوربین مجهز به یک فلاش Pgr-up قدرتمند با برد موثر 3.7 متر نیز هست.,1,3,train
8761,به نظر من تو این قیمت انتخاب مناسبیه.,1,3,train
6233,با هر مرتبه شارژ باتری قادر خواهید بود تا بیش از 10 ساعت به صورت ممتد با آن مکالمه انجام دهید.,1,3,train
11298,همچنین برای عکاسی در شرایطی که دوربین در زوایایی ناجور نسبت به چشم قرار دارد هم مناسب است.,1,3,train
9762,این دوربین مجهز به لنز 29-87 میلی متر با توانایی زوم 3 برابر می‌باشد.,1,3,train
3698,البته بهبودهایی نسبت به N8 بر روی آن مشاهده می‌شود.,1,3,train
7840,اما فقط قابلیت ایجاد تماس نیست که تبلت Fonepad را به محصولی خاص و جالب تبدیل کرده است.,1,3,train
7816,به هر حال، ما که از کار کردن با این محصول خسته نشدیم، نرمی و روانی iOS مزیتیست که در هیچ دستگاه دیگری از کمپانی‌های غیر از اپل پیدا نخواهید کرد، که البته به دلیل همین انحصار طلبی اپل هم باید هزینه بیشتری را متحمل شد.,1,3,train
12222,هارد خوبیه مخصوصا نسبت به قیمتش.,1,3,train
12776,در کل باید گفت که Xperia Pro گوشی اندروید QWERTY خوبی است و می‌تواند هم رده‌ی HTC Desire Z قرار بگیرد.,1,3,train
8411,اکنون در قسمت پشتی دکمه ی Record به جایی منتقل شده که به راحتی در زیر انگشت شست قرار می گیرد.,1,3,train
6950,زیبا ولی بزرگ,1,3,train
8174,پس اگر به دنبال یک گوشی اندرویدی جمع و جور و زیبا می‌گردید گوشی HTC Desire C را به شما پیشنهاد می‌کنیم.,1,3,train
11587,چنین نسبتی باعث می‌شود که بتوانید به راحتی در شرایط ضعیف نوری هم عکاسی کنید.,1,3,train
3952,دیجی کالا همه چیز رو از همه جای ایران ارزون‌تر میده .,1,3,train
4357,این دومین ایراد مهمی بود که برطرف شد.,1,3,train
8302,دوستان میگن باتری گوشی ضعیفه ولی من این گوشیو دارم اگر power saver را روشن کنید خیلی خوب شارژ نگه می داره,1,3,train
1394,البته نمی‌توان گفت که سیستم خنک کننده کاملا بی صدا است ولی مسلما صدای آزار دهنده ای تولید نمی‌کند.,1,3,train
10307,باتریشم تو کار زیاد کم میاره که با نصب برنامه مدیریت انرژی خیلی بهتر شده و بین گوشی های آندروییدی قابل‌قبوله.,1,3,train
6842,سخت افزار گوشی فوق العاده ست اگه سیستم عامل این گوشی ios بود دیگه معرکه بود .,1,3,train
9318,این همه گشتم تو این رنج قیمت بهترینه حتما تو اولین فرصت می خرمش,1,3,train
4935,این دستگاه با ps3 رقابت میکند ولی قیمت پایین تری دارد,1,3,train
7940,اگر در شرایط نوری خوب با آن عکاسی کنید جزئیات خیلی عالی نمایش داده می‌شوند.,1,3,train
1055,احتمالا این مود عکاسی است که بیشتر علاقه دارید دوربین را بر روی آن بگذارید و عکاسی کنید.,1,3,train
4846,به نظر من حرف نداره.,1,3,train
11589,اما به جز لنز فوق‌العاده ای که بر روی این دوربین قرار دارد، بقیه‌ی ویژگی‌ها خیلی خاص نیستند.,1,3,train
94,همچنین برای عکاسی از محیط‌های داخلی و یا جمع بزرگ دوستان هم مناسب است.,1,3,train
1600,اما در مورد دوربین اصلی دستگاه باید بگوییم که کیفیت عکس‌های قابل قبولی را ارائه می‌دهد و حتی در مقایسه با دیگر دوربین‌های 5 مگاپیکسلی به کار رفته در گوشی‌های هوشمند و تبلت ها نیز عملکرد مناسب‌تری را از آن شاهد بودیم که می‌توان آن‌را در بین برترین دوربین‌های قرار گرفته بر روی تبلت ها دانست.,1,3,train
6038,به صرفه میشه,1,3,train
989,این دوربین طبق معمول و انتظار توانایی عکاسی در فرمت RAW را نیز دارد تا برای حرفه ای ترها و ویرایش عکس ها مناسب تر باشد.,1,3,train
12984,علاوه بر ePrint که به آن اشاره کردیم، این پرینتر توانایی پرینت مستقیم از وب با استفاده از WebApps را دارد.,1,3,train
7208,از طرفی معتاد سریال هستم و بسیار اهل بازی، وبلاگ هم مینویسم، از طرفدارای برند اسوس هم هستم (دقت کنین تلفظ ایسوس غلطه!,1,3,train
3758,اما از هر نظر گوشیه خوبیه و کار کردن باهاش راحته,1,3,train
8539,.با توجه به قیمت آن گوشی خیلی خوبی است فقط اگه یه اسپیکر کوچک داشت بهتر بود.,1,3,train
1499,ولی کم کم دستم بهش عادت کرد و الان دیگه مشکلی با این قضیه ندارم و اتفاقا به نظرم خیلی خوب و جمع و جور هست!,1,3,train
5479,خصوصا اینکه خیلی خیلی باریکه 14- قابلیت جالبی که داره اینه که هر نرم افزاری بخواید روش نصب کنید، مشکلی نخواهد داشت، چون خودش نرم افزار ، و بازی ها رو متناسب با صفحه اش میکنه؛ درحالی که به نسبت طول و عرض صفحه بر نمیخوره.,1,3,train
12297,دوربینی که من دیدم چیزی کم نداشت .,1,3,train
10290,45 روزه دارم عالیه!,1,3,train
11474,"به همه ی دوستانم پیشنهاد میکنم وقتی اومد بگیرنش چون از s3 , htc one و .",1,3,train
3726,این گوشی خوبیه به نظر من ارزش خرید رو داره ولی متاسفانه فلاش نداره ولی ارزش خرید رو داره,1,3,train
10795,HX50v مجهز به GPS و Wi-Fi داخلی هم هست.,1,3,train
10897,این قلم تحولی در ارائه استفاده چند کاره از تبلت ایجاد کرده و دیر یا زود بقیه برند ها رو هم مجبور به استفاده از این قابلیت بر روی تبلت هاشون میکنه.,1,3,train
10277,کاهش مصرف باتری بدون نرم افزار !,1,3,train
7378,همچنین به راحتی می‌توانید هارددیسک را نیز با یک مدل پرظرفیت تر جایگزین کنید.,1,3,train
5134,xbox 360 تازه واردی بود که با همه حرف و حدیث ها و تمام شایعات تا به امروز به حیات مقتدرانه خود ادامه داده و به گفته مایکروسافت با آمدن مدل باریک تر آن، تا سال 2015 به حیات خود ادامه خواهد داد!,1,3,train
10163,از معایبش فقط هنگ کردن خیلی جزئی در ورژن اندروید4 هستش که اگه تموم برنامه ها رو انتقال بدین به اس دی کارت هنگش خیلی خیلی کم میشه در ورژن 4 فیس آنلاک یا قفل چهره رو هم ساپورت میکنه که کارایی بالایی داره و کارمو خیلی راحت کرده تنها عیبش دکمه مدیا پلیر در بالای گوشیه که در بعضی از برنامه ها مانند گولوکر مشکل ایجاد میکنه ولی اگه تصمیم به خریدش دارین شک نکنید و برید با گارانتی پارس کامتل بخرید,1,3,train
11340,دکمه‌ی Live View (نمایش زنده ی تصویر بر روی نمایشگر) به راحتی زیر انگشت شست دست راست قرار می‌گیرد.,1,3,train
4369,من یه هفتست ipod 5 خریدم، من قبلش ایپاد ٤ داشتم که توی بعضی بازیها هنگ میکرد و میپرید بیرون، دوربین ضعیفی داشت و حجمش پایین بود ولی توی این یکی دیوایس اپل عالی کار کرده، صفحه ی بزرگ تر، دوربین ٥ و از همه مهم تر پردازشگر A5 که همونیه که تو iphone 4s وجود داره اما با یه تفاوت کوچیک که پردازشگر 4s 800mh هست ولی آیپاد 1GH هست که فوق العادست.,1,3,train
1525,وجود قلم در کنار این تبلت به شما این امکان را می‌دهد که استفاده از قلم و کاغذ را کنار گذاشته و تمامی نیاز های خود به نوت برداری را، با همین تبلت بر طرف سازید.,1,3,train
11274,من این دوربین رو چند وقتی هست که از این سایت بسیار خوب دیجی کالا خریداری کردم دوربین بسیار خوبیه فقط یکم تو شب عکسبرداری رو مشکل میکنه,1,3,train
8681,من همین الان سفارش دادم چون با این مشخصات قیمت واقعیش بالاتر از اینا باید باشه.,1,3,train
4103,البته درب پشت گوشی که محل قرارگیری باتری و سیم کارت است از جنس آلومینیوم مقاوم است که خود اون هم احساس خوبی هنگام در دست گرفتن گوشی دارد.,1,3,train
1239,• جمع بندی ایسوس با این ایده، تحول جالبی را در دنیای گوشی‌ها و تبلت ها ایجاد نمود.,1,3,train
6585,و در مورد عملکرد و سرعت اجرا برنامه ها هم فعلا خوبه در کل نسبت به قیمتش واقعا می ارزه,1,3,train
11444,با چند ساعت کار صفحه و پشت گوشی گرم میشه ( در برخی گوشی ها با سخت افزار مشابه این مشکل کمتره ) اما روی هم رفته عالیه,1,3,train
4686,از نظر قیافه واقعا شاهکاره .,1,3,train
7966,ارزون ترم هست..,1,3,train
9490,کنترل های دستی شاتر، دیافراگم و فوکوس نیز عملکردهای خیلی خوبی هستند که بر روی یک دوربین به نسبت ارزان قیمت به کار گرفته شده اند.,1,3,train
2025,با تشکر از سایت بسیار خوب دیجی کالا که اینقدر سریع وقایع تکنولوژی رو پوشش میده.,1,3,train
10371,بر طبق تست درجه نظامی عایق پلاستیکی آن کاملا ضدضربه و ضدآب است.,1,3,train
12843,مجموعه گردو دارای قفل نیست و کاربران در صورت نیاز می‌توانند نرم‌افزارها را کپی و در جاهای دیگر استفاده نمایند.,1,3,train
10005,• سخت افزاربر روی این گوشی جذاب، یک پردازنده‌ی دو هسته ای با فرکانس 1.5 گیگاهرتز از نوع Krait به همراه چیپ Qualcomm Snapdragon S4 قرار دارد.,1,3,train
7550,من دنبال یه گوشی با ابعاد و کارایی مناسب بودم و حتی میتونستم خود s3 یا sony ion و یا T و TX رو بگیرم ولی S3 MINI بیشتر نظرم رو جلب کرد.,1,3,train
11080,از دیجی کالا به خاطر قیمت های منصفانش سپاسگذارم.,1,3,train
10524,نهایتا بر روی قاب پشتی گوشی نیز دوربین و بلندگو به چشم می‌خورند که همراه با یک لوگوی Xperia به زیبایی گوشی افزوده‌اند.,1,3,train
2961,از نظر ظاهر و شیک بودن و مخصوصا بدنه آلمینیومی خوب از اپل زیباتر به نظر می رسه.,1,3,train
10471,هیچوقت هنگ نمیکنه.,1,3,train
1120,این هارد از همه نظر عالیه فقط یه موردی داره اونم اینه که قسمت اتصال کابل به هارد سریع لق میشه و کابل خوب جا نمی خوره بعد موقع کار قطع و وصل میشه .,1,3,train
8845,من به کسی این دوربین رو توصیه می کنم که بخواهد عکاس حرفه ای بشه ولی پول کمی داره.,1,3,train
4806,مشکلی در مورد کارایی این دوربین وجود ندارد .,1,3,train
745,البته خوب با وجود گرافیک قوی میشه گفت حیفه !,1,3,train
505,برنامه آفیس روی گوشی کارایی مناسبی دارد.,1,3,train
10715,وجود بلندگوی با کیفیت به یکی از نقاط قوت گوشی‌های خانواده Xperia تبدیل شده است و Xperia TX نیز این قاعده مستثنا نیست.,1,3,train
792,نرم افزار یکی از نقاط قوت این گوشی دو سیم کارته، بهره گیری آن از نسخه 4 یا Ice Cream Sandwich سیستم عامل اندروید است.,1,3,train
12825,شرکت گردو با قراردادن آموزش مالتی‌مدیای ویندوز۸ در این نسخه از مجموعه نرم‌افزاری گردو سعی نموده تا این مشکل را به طور کامل حل نماید.,1,3,train
5836,هسته قوی آن است.,1,3,train
6775,به نظر من اسکنر خوبی هست.,1,3,train
8071,حسگر نوری که داره تو مصرف باطری صرفه جویی میکنه.,1,3,train
4832,xbox بازی ساخته بود Gears of ware که خیلی خیلی دوسش دارم بلکه همه دوسش دارن یکی از پر طرفدار ترین بازی در دنیاست.,1,3,train
11429,یه چیزی داره که هیچ گوشی ای نداره و اون هم یه اسم گوگل هست.,1,3,train
4049,من تازه این دوربین رو گرفتم در نوع خودش دوربین خوبیه تفاوت چندانی با مدل قبل خودش hx100 نداره.,1,3,train
3906,همچنین این دوربین از کارت‌های Eye Fi نیز پشتیبانی می‌کند که امکان انتقال عکس‌ها و فیلم‌ها به صورت بیسیم به لپ تاپ را میسر می‌سازد.,1,3,train
5046,این درایو نوری از کارایی بالاتر و نویز کمتری نسبت به نسخه قبلی برخوردار است.,1,3,train
11069,حتی از new ipadوasus transformer pad infinityهم بهتره,1,3,train
2041,"یکی از دلایلی که صفحه نمایش تمام آیفون‌ها ""3.5 بود اینه که با یکدست به راحتی میشه با اونها کار کرد.",1,3,train
6221,مرورگر موجود بر روی این دستگاه، مرورگر استاندارد سامسونگ است که عملکرد مناسبی دارد.,1,3,train
5327,در نوع خودش تبلت خوبیه,1,3,train
6115,پلاستیک ماتی که ما Xbox 360 را با آن می شناختیم؛ اکنون دیگر وجود ندارد و به جای آن پلاستیکی با جلای بالا و براق را مشاهده می کنیم که یک پیشرفت خیلی مهم از لحاظ ظاهری و زیبایی برای Xbox 360 Slim را باعث شده.,1,3,train
2120,درسته، از همون طراحی قبلی استفاده کرده ولی نازکتر سبکتر و درازتر ولی مراقب باشید چون واقعا ظریفه و به خاطر جنس بدنش خیلی زود باهاش مشکل پیدا میکنید و اگه یه بار از دستتون افتاد خصوصا رنگ مشکیش رنگای دورش ممکنه بریزه سخت افزار :فعلا یکی از مشکلاتی که از اپل میگیرن اینه که چرا سخت افزاری مثل اس3 و وان ایکس و سی پی یو 4 هسته ای استفاده نکره خب اپل خوب میدونه داره چیکار میکنه همونطور که اطلاع دارید بیشتر از کلاک و هسته نوع سی پی یو مهمه که اپل از A6 استفاده کرده که ظاهرا دو هسته ای با کلاک حداکثر 1.2 هست درسته خیلی از اس3 و وان ایکس پایینتره ولی از اونا قطعا کمتر نیست چون ای او اس واقعا به سی پی و سخت افزار قوی احتیاج نداره پس اینو نمیتونیم مشکل بدونیم صفحه نمایش :این گوشی از یه صفحه نمایش 4 اینچی استفاده کرده البته نه 4 اینچی معمولی از یه 4 اینچی درازتر از همه گوشی ها این صفحه نمایش اصولا برای دیدن عکس زیاد مناسب نیست چون اندازه اون با اندازه معمولی عکسا تطابق نداره ولی برای دیدن فیلم وقعا عالیه و میتونه حتی نقش یه صفحه نمایش 0.5 اینچ از خودش بزرگتر و بازی کنه چون تمام فیلم های جدید با رزولوشن واید ریلیز میشه البته در مورد فیلم های 4:3 این امر صادق نیست این صفحه نمایش HD نیست و ppi اون از خیلی گوشی ها هم پایینتره ولی واقعا ساختار خیلی خوبی داره و رنگ ها زنده ترند ولی صفحه نمایش های بهتر از این گوشی خیلی هست سیستم عامل :iPhone OS 6 !,1,3,train
502,برنامه های موجود برای ویندوز فون از تنوع مناسبی برخوردار است.,1,3,train
11345,ولی از دوربین 550D این کار آسان شده و با فشردن دکمه‌ی شاتر تا نیمه می‌توانید فوکوس خودکار را انجام دهید.,1,3,train
7029,به این میگن سوپر اسمارت.,1,3,train
9857,بهترین گوشی نوکیا سری آشا .,1,3,train
9445,فیلم برداری این دوربین نیز با کیفیت HD و سرعت 30 فریم بر ثانیه صورت می‌پذیرد.,1,3,train
5202,پردازنده‌هایی ذاتا 2 هسته‌ای و 4 هسته‌ای که با انجام عمل Hyper Threading توانایی دو برابر کردن هسته‌ها‌ی خود از طریق ساختن هسته‌ها‌ی مجازی را دارند.,1,3,train
2365,واقعا حرف نداره، و اینو استقبال مردم در پیش خرید، ثابت کرد.,1,3,train
2794,اما برای اینکه لرزش دست شما منجر به تارشدگی تصویر نشود، همانند هر دوربین امروزی پیشرفته‌ی دیگری، DV300F هم مجهز به لرزش گیر اپتیکال تصویر می‌باشد تا همواره بتوانید عکس‌هایی شارپ بگیرید.,1,3,train
74,پیچ تنظیم شوتینگ مودها هم مثل مدل‌های پیشین رو به عقب ساخته شده ولی طراحی آن خیلی تمیز تر می‌باشد و احساس نمی‌کنیم که گویی آن قسمت از دوربین بر اثر گرما ذوب شده باشد.,1,3,train
7557,در کل تو این رنج قیمت فکر نمیکنم گزینه ای بهتر از اس 3 مینی داشته باشید,1,3,train
11118,در قسمت پایین صفحه نمایش سمت چپ هم دکمه عکس برداری از صفحه قرار دارد که به شما کمک می‌کند که با اشاره قلم از صفحه نمایشتان عکس بگیرید که در مواقع مختلف کاربردهای بسیاری را داراست.,1,3,train
11413,به نظرم در خریدش شک نکنید .,1,3,train
12912,3- فونت های درشت و خوانای منوی کاربری دستگاه مناسب افراد عینکی است تا بدون عینک هم بتوانند به راحتی از آن استفاده کنند.,1,3,train
4015,دوربین یک دوربین عکاسی است اما امکانات فیلم‌برداری آن قوی‌تر است که این هم به ذات سونی باز می گردد که در دوربینهای فیلم برداری حرف اول را می زند.,1,3,train
4067,به هر حال درست است که نوکیا در چند سال اخیر عرصه را در بسیاری از موارد به کمپانی‌های دیگر باخته است، ولی هنوز در زمینه طراحی جزو پیشتازان و سردمداران صنعت گوشی محسوب می‌گردد.,1,3,train
8496,در مود عکاسی به راحتی می‌توانیم از سرعت های شاتر پایین هم استفاده نماییم.,1,3,train
8415,سنسوری که از فن آوری BSI بهره می برد و منجر به حساسیت بیشتر آن به نور می شود.,1,3,train
9580,ادم لذت میبره.,1,3,train
9452,سخت‌افزار مناسب شامل پردازنده یک گیگاهرتزی و پردازشگر گرافیکی 245 مگاهرتزی، سیستم‌عامل به‌روز اندروید 4، صفحه نمایش 4 اینچی لمسی با امکان نمایش 16 میلیون رنگ، دوربین 5 مگا پیکسلی بکار رفته در گوشی و در نهایت یک گیگا بایت حافظه داخلی به همراه امکان افزایش تا 32 گیگا بایت به واسطه کارت حافظه MicroSD، این گوشی را به مدلی به‌صرفه و مناسب نسبت به هزینه پرداختی تبدیل کرده است.,1,3,train
88,به نظر می‌رسد که F660 واقعا فیلم بردار خوبی باشد.,1,3,train
2691,همانطور که اشاره کردیم، چشمی این دوربین یک چشمی اپتیکال معمولی نیست بلکه یک چشمی هیبریدی اپتیکال/الکترونیکی است.,1,3,train
9851,برای نوشتن پیام و مکالمه گوشی خوبی می تونه باشه,1,3,train
8360,دوربین خوبیه .,1,3,train
10740,واقعا قشنگه.,1,3,train
8119,با این قیمت میشه یه GALAXY ACE خرید که هم پردازنده قویتری داره و هم دوربینش فلاش داره,1,3,train
9868,با اینکه سیستم عامل S40 بسیاری از امکانات اندروید را ندارد، اما کارایی آن به عنوان یک سیستم عامل برای گوشی‌های سطح متوسط بسیار خوب است.,1,3,train
4876,ولی گیم فقط با دسته ی xbox حال میده.,1,3,train
5708,اندودی که سامسونگ بر روی شیشه‌ی نمایشگر به کار برده وظیفه‌ی خود را به خوبی انجام می‌دهد.,1,3,train
7888,همچنین چندین ویجت زیبا و کاربردی نیز بر روی دستگاه موجود است.,1,3,train
12620,با این قیمت گوشی حتی نزدیک به این پیدا نمی کنید.,1,3,train
2652,ولی چیزی که کاملا مشهود است، اعمال تغییرات مثبتی بوده که بر اثر نظرات کاربران درباره‌ی نقاط ضعف X100 اعمال شده.,1,3,train
6965,مثل موتور براویای سونی میمونه که گوشی های سونی دارن و تجربه بهترین تصاویر رو میده و اگه باهم ترکیب بشن چی میشه.,1,3,train
7099,در سمت چپ اما با یک لبه کاملا صاف مواجه هستیم.,1,3,train
1626,همان لبه های منحنی و همان کلید دایره ای Home در قسمت پایین و البته نهایتا همان صفحه نمایش رتینای دوست داشتنی، البته کمی بزرگ‌تر.,1,3,train
11798,رضا رسولی نژاد گوشی خوبی است و نسبت به گوشی های دیگه که نسبت به این گوشی قیمت بالایی دارند از لحاظ سخت افزاری خوب است اما حیف که صفحه نمایش کوچکی دارد و دوربین دوم هم ندارد اما به اندروید 4 اپدیت میشه,1,3,train
8621,با سلام من گوشی رو از سایت خوبتون خریدم واقعا کارتون خوبه ولی در مورد گوشی باید بگم هم سرعت خوبی داره هم وضوح تصویر عالی واقعا انتظارم خیلی کمتر از چیزی بود که دیدم ممنون,1,3,train
9753,S30 را شاید بتوان ارزان قیمت ترین دوربین ضد آب و ضد ضربه‌ای که تا به حال معرفی شده بنامیم.,1,3,train
6410,ولی خوشبختانه هارد سالمه ولی با این کلک از گارانتی خارج میکنن پس مواظب باشید هنگام خرید هاردو باز کنید حتی اگر توی پکشون باشه.,1,3,train
2329,این دوربین ایده آل برای ورزشهای از قبیل پرواز، دوچرخه سواری، اسکی و اسکیت، سنگ نوردی، کوه نوردی، غار نوردی، بانجی جامپینگ، قایق رانی و دیگر ورزشهای از این دست می باشد. 2- مدل HD MotorSports HERO که مناسب برای علاقه مندان اتومبیل رانی، موتور سواری، دوچرخه سواری، کارتینگ و جت اسکی می باشد.,1,3,train
3458,این وضوح در اسکن خوب بوده و نسخه ای که در اختیار شما قرار می‌دهد از کیفیت مناسبی برخوردار بوده و می‌تواند جزئیات زیادی از متن و یا عکس اسکن شده به شما بدهد.,1,3,train
6576,جمع بندی کمپانی چینی هواوی یک بار دیگر با ارائه این محصول به بازار، قدرت و توانایی خود در ارائه محصولات با کیفیت را به اثبات رسانید.,1,3,train
12209,من به تازگی این هارد رو تهیه کردم واقعا از نظر کوچک بودن و ظرافت حرف نداره از نظر سرعت وامنیت هم خیلی خوب هست و تا حالا همچین هاردی نخریده بودم که اینقدر منو راضی کنه اونقدر کوچیکه که اگه بزاری تو جیب معلوم نیست خیلی باحاله ممنون دی جی کالا,1,3,train
99,اما کمینه‌ی نسبت کانونی آن در حالت واید و زوم، f/3.5-5.6 می‌باشد که عالی نیست ولی خوب است تا در عکاسی شرایط نوری ضعیف هم مشکل زیادی نداشته باشید.,1,3,train
2727,این استاندارد بدین معناست که این دستگاه در برابر رطوبت، ضربه، شوک الکتریکی و ارتعاشات از دیگر تبلت های اندرویدی مقاومت بیشتری دارد.,1,3,train
12760,فضای خوبی بین کلیدهای صفحه کلید QWERTY وجود دارد و حتی بعضی مشکلاتی که در صفحه کلید گوشی اندرویدی چون Motorola Milestone شاهد آن‌ها بودیم بر روی این یکی مشاهده نمی‌شود.,1,3,train
5369,با اینکه سامسونگ با تولید گوشی‌های سری Note قصد داشت یک دستگاه مابین گوشی و تبلت ها را تولید نماید، اما در واقع این LG است که با تولید Optimus VU به این هدف نائل گشته است.,1,3,train
9828,همچنین با وجود باتری در کیبورد، با اتصال آن به تبلت، شارژدهی آن نیز به میزان چشم گیری افزایش می‌یابد.,1,3,train
483,سایت اکسپرت ریویوز به این گوشی ۵ ستاره داده و اون رو بهترین گوشی با توجه به قیمت معرفی کرده.,1,3,train
5988,حتی در زوم های بالا هم کیفیت عکس ها کاملا حفظ میشن.,1,3,train
6772,"کاملا"" راضی هستم.",1,3,train
11737,من حدود یه ماهه که این گوشی رو دارم و کاملا ازش راضی هستم.,1,3,train
333,لولاها نیز بسیار با کیفیت هستند و به راحتی صفحه نمایش را در جای خود محکم نگاه می‌دارند.,1,3,train
10351,در نهایت گوشی سونی اریکسون Live with Walkman با توجه به قیمت بسیار خوبی که دارد، یک گوشی فوق‌العاده محسوب می‌شود.,1,3,train
11514,قابلیت دوم، Gesture Typing نام دارد که به کیبورد سیستم عامل اضافه شده است.,1,3,train
11310,برای مثال فیلتر Soft Focus منجر به خفیف شدن هرگونه رفلکس و بازتاب نور در عکس می‌شود و اثر دراماتیکی به آن می‌دهد.,1,3,train
1958,واین یعنی برتری ios به اندروید/ضمن اینکه رابط کاربری این سیستم عامل بسیار روانتر و کاربر پسند تر از اندرویده/ از نظر ساختاریم که خب مثلا آیفون4s البته اگر باهاش کار کرده باشید متوجه میشید که مثلا نسبت به خیلی از گوشیهای اندرویدی برتر بازار تاچش روانتر و لذت بخش تره مثلا نسبت به گلکسی اس3 یا 2 یا اچ تی سی وان ایکس/یا مثلا سنسور ژیروسکوپش بهتر از اندروید یا کار میکنه یا از نظر صفحه نمایش مثلا سونی اکسپریا اس تراکم پیکسلی342ppiداره اما آیفون 4s تراکمش 336ppi هست در حالیکه عملا در دیدن تصاویر یا بازیها یا منو در صفحه آیفون متوجه برتری اون میشید.,1,3,train
1558,با چهار گوش کردن این قلم، در دست گرفتن و کار کردن با آن بسیار راحت‌تر شده و خیلی دیرتر از کار کردن با آن احساس خستگی خواهید نمود.,1,3,train
4507,من الان خیلی وقته دارم یک رم 8گیگ ریختم 5 گیگو سیستم عامل گرفت و تازه من وقتی هر چی برنامه داشتم رو دیلیت کردم تازه 287مگابایت می تونم استفاده کنم صفحه اش خوبه.,1,3,train
10598,این پردازشگرها قدرت اجرای بازی‌های سه بعدی را ندارند ولی دکودر ویدیویی آن‌ها به شما کمک می‌کند تا بتوانید به راحتی به تماشای ویدیوهای Full HD بپردازید.,1,3,train
4203,سلام اول از ارسال سریع و خدمات خوبتون تشکر میکنم و دوم اینکه با توجه به این قیمت گوشی فوق‌العاده‌ای هست البته من که دو روز پیش این گوشی رو خریدم این قیمت نبود گوشی های دیگه افت قیمت داشتن ولی این افزایش که این خودش یکی از دلایل کیفیت و استقبال مردم میتونه باشه,1,3,train
1978,دلیلی که این گوشی با پردازنده دو هسته ایش در تست ها بهتر از SIII و one X عمل کرده یکی سیستم عامل IOS هست که خیلی با این گوشی خوانایی داره و فقط برای چند دستگاه عرضه میشه و یکی دیگه هم این که رزولوشنش نسبت به گوشی های روز بازار مثل SIII و xperia sl و one x پایین تره که به پردازنده اجازه رندر کردن با سرعت بالاتر رو میده.,1,3,train
4625,همشون رو اجرا می کنه بدون افت سرعت گوشی .,1,3,train
405,حتی عکس‌ها در ایزو 3200 هم خیلی اوضاع بدی ندارند.,1,3,train
12065,وزن سبک، قابلیت‌های خوب، کاربری‌آسان و تکنولوژی پیش‌رفته از ویژگی‌هایی هستند که GZ-MG255 را به دوربین مناسبی تبدیل کرده‌اند.,1,3,train
11467,اگه نسخه 8 گیگش، 6گیگ در دسترس کاربر باشه من مشکلی باهاش ندارم.,1,3,train
5614,هنگ نمیکنه.,1,3,train
12529,نمایشگرنخست باید گفت که Apple 4 از نمایشگری کاملا نوین بهره می‌برد.,1,3,train
3629,این صفحه کلید بسیار باریک که بصورت جداگانه به آن متصل می‌گردد، یکی دیگر از جذابیت‌های آن محسوب می‌گردد.,1,3,train
11978,در حالت استفاده عادی دو یا سه روز دووم میاره.,1,3,train
10215,من که خیلی راضیم,1,3,train
9481,همچنین فوکوس خودکار هم عملکرد خوبی را از خود نشان می‌دهد.,1,3,train
8087,من این گوشی رو با قیمت بسیار مناسب از همین سایت خریدم (خرید از دیجی کالا برام عادت شده) در مدتی که دارم ازش استفاده می کنم هیچ مشکل خاصی باهاش نداشتم (هنگ و ریبوت و ..,1,3,train
11874,بدین ترتیب دستورات شما به سرعت و راحتی اجرا می‌گردند.,1,3,train
1567,پردازنده 1.6 گیگاهرتزی 4 هسته ای به کار رفته در آن که مانند مدل‌های قبلیش از نوع Exynos می‌باشد و البته 200 مگاهرتز قوی‌تر است به همراه 2 گیگابایت حافظه رم به شما این قابلیت را می‌دهد که از تمامی امکانات نرم افزاری موجود برای سیستم عامل اندروید به راحتی استفاده نمایید.,1,3,train
9292,این باعث می شود که حتی وقتی لنز بر روی مود AF قرار دارد بتوانید عمل فوکوس دستی را هم انجام دهید.,1,3,train
10707,) که با انتخاب آن‌ها، برنامه مورد به صورت کوچک شده اجرا می‌شود و شما می‌تواند همزمان با کارهای دیگر، همیشه این برنامه را بر روی صفحه خود همراه داشته باشید.,1,3,train
12943,سخت افزاراز نظر سخت افزاری Nokia 206 با دارا بودن64 مگابایت حافظه داخلی و قابلیت پشتیبانی از کارت حافظه‌ی MicroSD تا 32 گیگابایت و همچنین دارا بودن سیستم عامل جاوا، شرایط قابل قبولی را برای یک گوشی در این سطح به وجود آورده است.,1,3,train
5771,بدین صورت که تا به حال چنین صفحه‌کلید خوبی را بر روی هیچ تلفن همراهی مشاهده نکرده بودیم.,1,3,train
4270,گوشیه خوبیه با نرم افزار Antutu benchmark تست گرفتم امتیاز 6100 داد تازه چیپست qualcomm msm8225 snapdragon رو تو سایت خود کوالکام پیدا کردم سی پی یو رو زده بود 1 تا 1.2 گیگاهرتز dual core cortex A5 و جی پی یو هم adreno 203 و اینکه رو جعبه اش هم زده بود دوهسته ای.,1,3,train
1647,و شاید بتوان یکی از دلایل اصلی وزن کم این گوشی را نیز همین جنس بدنه آن به شمار برد.,1,3,train
12012,با توجه به قیمت سایر گوشی ها با همین سخت افزار در حدود 30% ارزانتر می باشد.,1,3,train
11682,من این گوشی رو به شما پیشنهاد میکنم.,1,3,train
8474,3-یکم قیمتش زیاده ولی مطمئن باشین اگه بتونین بخرین ارزششو خواهد داشت.,1,3,train
8054,اما برخلاف مدل SX30 IS که فقط می‌توانست با کیفیت HD فیلم‌برداری کند، به مدد سنسور HS دوربین SX40 HS فیلم‌برداری Full HD نیز میسر شده است.,1,3,train
6116,هر چند روی این پلاستیک براق و زیبا که جنس خیلی خوبی هم دارد؛ اثر انگشت می ماند اما خب چه کسی نیاز دارد که هر لحظه به کنسول بازی خانگی خود دست بزند؟,1,3,train
7833,سیم کارت میخوره,1,3,train
8724,ضمنا خیلی سبک و نازک ساخته شده و کیفیت ساخت آن عالیست و باتری خیلی قوی دارد و رابط کاربری بسیار عالی-زیبا و راحتی دارد و دارای اپ استور ال جی هم می باشد که می توانید از آن کلی نرم افزار و بازی دانلود کنید.,1,3,train
7032,پادشاه اچ تی سی .,1,3,train
12341,در مود Program AE شما بیشترین اختیار را بر روی نوردهی خواهید داشت.,1,3,train
10009,• جمع بندیایسوس با این ایده، تحول جالبی را در دنیای گوشی‌ها و تبلت ها ایجاد نمود.,1,3,train
5832,بنده غریب به یکساله که این گوشی رو در اختیار دارم و هیچگونه عملکرد ضعیفی رو شاهد نبودم و با بروزرسانی سیستم عامل اون به آندروید 4 عملکرد اون بسیار بهبود پیدا کرد.,1,3,train
6698,هرچند که این دوربین هم مجهز به مود فیلم برداری iA یا اتوماتیک هوشمند می‌باشد ولی هر موقع که خواستید می‌توانید این مود را خاموش کنید و بوسیله‌ی لمس بر روی نمایشگر، فوکوس و نوردهی را انجام دهید.,1,3,train
8068,سلام منم وارد خانواده htcشدم این گوشی رو حدود یک روزمیشه که دارمش قرمزشو خریدم که با این امکانات موجود ارزششو داشت.,1,3,train
2722,در ضمن، نگران به جا ماندن اثر انگشت بر روی قاب پشتی نیز نباشید که خوشبختانه استعداد بسیار کمی در جذب اثر انگشت دارد.,1,3,train
7829,گرم نمیکنه !,1,3,train
11896,همچنین از لرزش‌گیر دست هم بهره می‌برد تا عکس شما بر اثر لرزش دستتان تار نشود.,1,3,train
6160,ولی با طراحی بی نظیرش و یا طراحی سفارشی که دارد میتواند انتخاب خوبی برای کاربران نوجوان خود باشد.,1,3,train
7224,همین الان می تونید گوشی هایی رو پیدا کنید که از این تبلت و گوشی گرون ترن!,1,3,train
4468,از لحاظ گرافیکی نیز، این رابط کاربری از افکت‌های تصویری متنوعی بهره می‌برد به همین دلیل کسل کننده نخواهد شد.,1,3,train
6370,اما بر خلاف Galaxy S II که در دو مدل 16 و 32 گیگابایتی تولید شده بود، این گوشی فقط در یک مدل 8 گیگابایتی معرفی گردیده که در عوض قابلیت پشتیبانی از کارت حافظه تا 64 گیگابایت را داراست و خیال کاربر را از نظر حافظه برای ذخیره اطلاعات راحت می‌نماید.,1,3,train
6907,محض اصلاع دوستان اس3 امتیاز 50 ساعت داره و نکسوس 4 32 ساعت!,1,3,train
8940,همه‌ی این‌ها می‌توانند جلوه‌های بسیار زیبا به عکس‌های گرفته شده بدهند.,1,3,train
2677,چنین دوربینی کاملا می‌تواند استفاده‌ی حرفه ای داشته باشد و مورد علاقه‌ی بسیاری از عکاسان قرار گیرد.,1,3,train
11585,همچنین در حالت واید 24 میلی متر هم می‌تواند میدان دید بسیار وسیعی را در بر گیرد تا عکس چشم اندازهای گسترده‌ی طبیعی یا فضاهای داخلی را نیز به راحتی و در یک کادر ثبت کنید.,1,3,train
4364,، وای فای ، آی او اس 6 ، و دیگر برابری هایی که واقعا این دستگاه رو به یک جایگزین خوب برای تمام گوشی های هوشمند غیر آیفونی بدل می کنه.,1,3,train
10611,حرف نداره با توجه به اینکه دوربینش فلش نداره ولی تو روز عالیه,1,3,train
12585,از سامسونگ بیشتر توقع میرفت ولی تو این رنج قیمت نسبتا قابل قبوله .,1,3,train
7501,به نسبت قیمت کارایی بسیار بالا و ظاهر بسیار مناسبی داره.,1,3,train
1157,خیال آدم راحته که حداقل با یکم آب ریختن روش و چندتا ضربه، به این زودیها خراب بشو نیست.,1,3,train
5842,الان سیستم‌عامل 4.1.1 Jelly Bean رو روش نصب کردم که بشدت روونه و اکثر قابلیت‌های نرم افزاری Galaxy SIII رو (اعم از صفحه ویدیو کوچک در کنار سایر صفحات، تماس سریع با شخص پیامک زده و..,1,3,train
3040,تمام مشخصاتی که داره واقعا همان گونه هستش.,1,3,train
6539,در ضمن، در شرایط نوری قوی و در زیر نور مستقیم آفتاب نیز برای کار با MediaPad 10 مشکلی نخواهید داشت.,1,3,train
1702,اما اگر شهر بزرگی را جستجو نمایید، نقشه 3 بعدی آن شما را بسیار هیجان زده خواهد کرد.,1,3,train
1660,حتی رنگ‌های تولید شده در مقایسه با iPhone 4S نیز طبیعی‌تر هستند.,1,3,train
12410,دوستان من این گوشیرو حدود یک هفتست که دارم و تا الان ایرادی ندیدم ازش..,1,3,train
6799,اگر که شما از مشکل کمبود فضا رنج می برید و به اسکن کردن نگاتیو هم احتیاجی ندارید LiDE 110 اسکنر خوبی برای شما می باشد.,1,3,train
3190,من یک هفتست که این تبلت رو از دیجی کالا خریدم از نظر کیفیت ساخت بدنه و اجزا خیلی خوبه و عالی نیست چون دکمه های ولوم و قفل صفحه گاهی سهوا فشرده میشن هنگام کارکردن البته با کمی عادت کردن دیگه مشکلی پیش نمیاد صفحه نمایش هم کیفیت بالایی داره و رنگ ها بسیار طبیعی ظاهر میشن و از کار کردن با اون لذت می برید برای فیلم دیدن و کتاب خوندن واقعا کارایی داره و جزئیات به خوبی نمایش داده میشن اما انتظار معجزه هم نداشته باشید و صفحه نمایشش در میان رقبا کیفیت متوسطی داره از نظر وزن جزء سبک وزن ها محسوب میشه ولی بازم با یک دست نگه داشتن طولانی باعث اذیت شدنتون میشه پس اگر قصد مطالعه و فیلم دیدن به مدت طولانی دارید حتما به وزن تبلت توجه داشته باشید (از نظر من بهترین سایز 7 اینچ برای کتاب خوندن )کیفیت صدا بدون تعصب یکی از بالاترین کیفیت صداها بوده که در بین دستگاه ها دیدم از نظر بلندی هم مطمئن باشید که ناامیدتون نمیکنه .,1,3,train
11797,دوستان مشکل داغ کردن با آپدیت حل میشه,1,3,train
3459,شاید این ویژگی در هنگام اسکن متن چندان به چشم نیاید ولی در هنگام اسکن عکس می‌توان عملکرد مناسب این اسکنر را مشاهده کرد.,1,3,train
8110,.ولی تو اجرای برنامه ها مشکله خاصی ندارم.,1,3,train
7358,میزان عمق رنگ مشکی نیز برای این نمایشگر خوب است و در سطح نوت‌بوک لنوو قرار می‌گیرد.,1,3,train
7827,خوش دسته !,1,3,train
12645,در کل بگم با اینکه تو این دو سه ماه قیمتها بالاتر رفته اما باز هم نسبت به قیمتش امکانات زیادی داره.24/8/91,1,3,train
8255,به هر حال، اگر به دنبال داشتن یک گوشی خوش ساخت دو سیم کارته با امکانات مناسب هستید، آشا 308 می‌تواند یکی از انتخاب‌های خوب برای شما باشد.,1,3,train
9952,هرچند که Siri هم می‌تواند کامل‌تر از این باشد، ولی تا حدودی کار کردن با آن از چیزی که بر روی سیستم عامل Google Android می‌بینیم راحت‌تر است.,1,3,train
12998,دکمه‌ای هم برای فوکوس کمکی (Focus Assist) در نظر گرفته شده که در مود تنظیمات دستی کارآمد خواهد بود.,1,3,train
3809,با برنامه‌های کاربردی برای تندرستی - Fitness سامسونگ می‌توانید برنامه‌های ورزشی و تمرینی خود را در منزل اجرا کنید و با قابلیت برنامه‌های کاربردی برای خانواده - Family Story سامسونگ می‌توانید مطمئن باشید که لحظات و خاطرات ارزشمند خانوادگی نه تنها ذخیره می‌شوند بلکه توسط تلویزیون هوشمند شما به اشتراک گذاشته خواهند شد.,1,3,train
10673,خوشگل ترم هست,1,3,train
2108,یعنی اینکه شما عملا نمی توانید از سی پی یو قدرتمند خود استفاده کامل رو ببرید و تمام اپلیکیشن های شما بر روی یک دو هسته ای نیز قابل اجرا شدن هستند، و این مهمترین موضوعی است که اپل نه تنها به آن توجه میکند بلکه آن را به بهترین شکل ممکن در اسمارت فون های خودش بکار می برد، تا شما پول خود را بر باد نداده باشید.,1,3,train
11021,دقیقا مانند یک گوشی از سیم کارت پشتیبانی میکنه و هیچ مشکلی با سیم کارت نداره.,1,3,train
11684,متوجه میشید که قیمتش خیلی پایین تره از بقیه.,1,3,train
306,صفحه ی نمایشی که در این گوشی استفاده کردند از نوع LED-Backlit lcd هست که این صفحه با رزولوشن اچ دی روی این صفحه قرار گرفته که بنظر من مناسب ترین سایز صفحه و بهترین تناسب بین سایز و رزولوشن هست رنگهای مشاهده شده از نمایشگر این گوشی هم زنده و لذت بخش هستن با توجه به اینکه اسمارت فون قبلیم گلکسی اس 2 بود و جز بهترین صفحه ها بود فکر میکردم صفحه ی این گوشی خیلی بد باشه ولی اینطور نبود واقعا کم نداشت از گلکسی به جز چند مورد نا محسوس .,1,3,train
12804,مدت زمان اسکن یکی از پارامترهای مهم در اسکنرها می باشد مدت زمان اسکن با وضوح 600DPI حدود 13 ثانیه مدت زمان اسکن با وضوح 300DPI حدود 5 ثانیه این اسکنر با توجه به اطلاعاتی که بیان شد می توان برای کارهای معمولی و حتی تا حدودی حرفه ای مناسب باشد.,1,3,train
4163,بعضی از مزایا و معایبشو میگم : مزایا: قیمت ارزان در مقابل امکاناتی که داره.,1,3,train
11826,دوربین قدرتمند.,1,3,train
1061,سپس وقتی دکمه‌ی شاتر را بفشارید به سرعت فوکوس خودکار انجام و عکس گرفته می‌شود.,1,3,train
2696,همچنین یک مستطیل نشان دهنده ی اختلاف منظر هم وجود دارد که می تواند حدود عکس واقعی که توسط سنسور تصویر ثبت می شود را با دقتی نسبتا خوب به شما نشان دهد.,1,3,train
12861,چه در متن، چه گرافیک و چه عکس این برتری دیده می شود.,1,3,train
6111,اکنون شاید بتوان Xbox 360 Slim را برترین کنسول بازی موجود دانست مخصوصا با وجود Kinect Microsoft اکنون لذت استفاده از بازیهای Xbox چند برابر شده است.,1,3,train
12435,با سلام دوستانی که قصد دارن گوشی تو این رنج قیمت بخرن میتونن بین این گوشی و LG optimus 4x HD مقایسه ای را انجام بدن که در این مقایسه به طور کلی xperia v از جهت داشتن دوربین 13 مگاپیکسل و ضد آب و گرد و غبار بودن و 4x HD از جهت داشتن CPU قدرتمندتر پیروزه و به نظر بنده هر دو از ظاهر قابل قبول و خوبی برخوردارن.,1,3,train
8749,5-واز همه جالبتر دو سیم کارته بودن گوشی هست که هیچ گوشی دیگری با این قیمت و مشخصات نمیتونه باهاش رقابت کنه.,1,3,train
6856,شاید مصرفش خیلی پایینه!,1,3,train
12879,صدای اسپیکرش خوبه و خروجی هندزفریش عالیه فقط باید برایش یک هندزفری استریو تهیه کنید چون هندزفری های خودش جالب نیستن و یه مورد که تنظیمات اکولایزر فکر نکنم داشته باشه، من که پیدا نکردم.,1,3,train
2445,برای عکاسی هم دیگر نیازی نیست که نگران تنظیمات دوربین باشید، کافیست که آن را بر روی مود عکاسی Intelligent Auto یا اتوماتیک هوشمند قرار دهید، دوربین را به سوی سوژه نشانه بروید، دکمه‌ی شاتر را بفشارید تا سپس دوربین خود همه‌ی تنظیمات نوردهی و دیگر پارامترها را بر روی بهترین مقادیر تنظیم کند تا با کیفیت ترین عکس بدست آید.,1,3,train
8595,"این گوشی رو خریدم چون: 1- دو سیم کارته 2- اندرویده جلی 3- کیفیت خوب تاچ و رزولوشن صفحه 4- باطری خوب (در مقایسه با بقیه) 5- دوربین نسبتا خوب یک مشکل خیلی جدی: به طور کلی وسایل جانبی مثل کیف و سایر چیزها خیلی سخت پیدا میشه حتما اگه براتون مهمه مدنظر قرار بدید جای انگشت میمونه پشتش درسته, دوربینش خیلی خوب نیست، دکمه‌های زیرش تو تاریکی مشکل داره که بعد از یک مدت برات عادت میشه و اذیت کن نخواهد بود",1,3,train
6463,ظریف و دوس داشتنی.,1,3,train
5382,در کل، از نظر کیفیت ساخت عملکرد ال جی در مورد این گوشی رضایت‌بخش بوده است و از لحاظ طراحی نیز، به نظر ما طراحی Optimus VU زیبا و شکیل است، با این حال نظر در مورد زیبا بودن یا نبودن این گوشی را به شما می‌سپاریم.,1,3,train
8235,تاچش خیلی خوبه .,1,3,train
8658,واقعا سایت خوبی برای خرید است.,1,3,train
12698,این گوشی رو به راحتی می تون به آندروید 4 آپدیت کرد,1,3,train
3399,پس می‌توان این‌طور پیش بینی کرد که با استفاده معمولی از این گوشی، به راحتی می‌توانید با هر مرتبه شارژ کردن آن، بیش از یک روز از آن استفاده نمایید.,1,3,train
2709,نمیدونم چطوره که حرفه ای های عکاسی در سایت درباره این شاهکار فوجی چیزی نگفتند اما کافیه عکس های این دوربین رو در همه ایزوهای بالا با دوربینی مثل کنون 5 دی مقایسه کنید تا فقط از قدرت این دوربین متعجب بشید.,1,3,train
6520,راحت میشه گذاشتش تو جیب داخلی کت یا کاپشن و اینور و اونور بردش.,1,3,train
4797,رزولوشن چشمی دوربین بیشتر از مدل های قبلی است ارچه اندازه اش کوچکتر شده.,1,3,train
208,البته جدیدا آپدیت 4.0.4 این گوشی اومده که با آپدیت کردن گوشی کاملا این مشکل رفع میشود .,1,3,train
10035,وزن مدل 14 اینچی نزدیک به 1.8 کیلوگرم بوده و مدل های 15.6 اینچی وزنی معادل 2.1 کیلوگرم دارند که باعث شده تا Sleekbook ها به یکی از باریکترین و سبکترین نوت بوک های ساخته شده تا امروز تبدیل گردند.,1,3,train
9255,به صورتی که هر 9 نقطه از نوع Cross Type هستند و نقطه ی مرکزی نیز دقت بالاتری را اعمال می کند.,1,3,train
6761,فوق العاده است هم از لحاظ قیمت و هم از لحاظ کیفیت,1,3,train
8778,دور تا دور قاب را نیز یک لایه نقره ای رنگ تشکیل داده که به کاربر حس یک قاب فلزی را القا می‌نماید.,1,3,train
9838,در تست‌های انجام شده، عملکرد این تبلت از نظر سرعت اجرای مرورگر و باز کردن صفحات وب، کاملا مشابه سرفیس و در واقع جزو برترین‌ها قرار گرفت.,1,3,train
7105,صفحه نمایشاما می‌رسیم به مهم‌ترین بخش نقد و بررسی‌مان در مورد این گوشی، یعنی صفحه نمایش آن که باعث گردیده این گوشی را از دیگر گوشی‌ها متمایز نماید.,1,3,train
3994,ایزو و سنسور داخلی، تکنولوژی آی فای و بیسیم که بهش اضافه شده ارزش محصول رو بالاتر از مدل قبلی میکنه.,1,3,train
8901,من هم یه ماهه این دوربینو خریدم کار باهاش آسون و اگه بخوای عکس های بهتر بگیری کمی باهاش ور برید و دفترچشو بخونید عکس های جالبی می تونید بگیرید .,1,3,train
5254,از جمله امکانات پرکاربرد می‌توان به موارد ذیل اشاره نمود :قابلیت پشتیبانی 3G و درنتیجه استفاده از اینترنت همراه، مکالمه تلفنی، GPS و GPRS حافظه حافظه داخلی 512 کیلوبایت و رم 8 گیگابایت با قابلیت ارتقا تا 32 گیگابایت، فضای کاربردی بالایی را در اختیار کاربران تبلت GSP-X7 قرار می‌دهد.,1,3,train
6146,با سلام من این کنسول رو از دیجی کالا گرفتم فقط قبل از هر چیزی بگم فقط و فقط از دیجی کالا این کنسول رو بگیرید اطمینان داشته باشید بهترین انتخاب رو کردید.,1,3,train
13016,البته اگر با نرم‌افزارهای و امکانات JVC کار می‌کنید به مشکلی برنخواهید خورد.,1,3,train
8696,ولی اگه بخواین با sola مقایسه کنید به نظر من تو کل موارد این سرتر هست .,1,3,train
11849,یه بار هم از دستم افتاد و هیچیش نشد.,1,3,train
8715,قابل توجه افرادی که به قابلیتهای چندرسانه ای گوشی اهمیت میدهند: 1- کیفیت عکس دوربین عالی است.,1,3,train
4653,هر جا دستم دیدن گفتن خیلی قشنگه.,1,3,train
12192,این دوربین می تواند تا حد زیادی مناسب عکاسان نجومی هم باشد چرا که بستن یک دوربین کوچکتر و سبک تر به تلسکوپ می تواند مشکلات کمتری را در بالانس ایجاد کند و در کل ست آپ سبک و کوچکتری را برای شما به ارمغان آورد.,1,3,train
8679,این مشکلی نیست که قابل حل نباشه حالا اگه کلا سیم کارت رایتل رو جواب نمیداد یه چیزی ولی اینجوری نیست این گوشی رایتل رو جواب میده ولی به گفته خود سایت رایتل امکان مکالمه تصویری توسط نرم افزار رو داره,1,3,train
10227,کیفیت صفحه‌نمایشش هم بر خلاف عقیده واقعا خوبه.,1,3,train
6140,به نظر من کنسول خیلی خوبیه ولی کاش درایو بلوری داشت.,1,3,train
4181,) روان بدون هنگ نرم‌افزار دوربین حرفه‌ای!,1,3,train
8644,این گوشی از رایتل و مکالمه تصویری پشتیبانی میکنه، تو سایت رایتل اعلام کردن.,1,3,train
12926,امیدوارم نسخه تک سیمکارته این گوشی که شارژ بیشتری نگه میدارد ، آنهم در رنگ های متنوع مخصوصا سفید وارد کشور شود.,1,3,train
9253,در ضمن این را هم بگوییم که 650D نخستین دوربین DSLR کانن است که از Subject Tracking بهره می برد تا در صورت حرکت سوژه به طور خودکار فوکوس بر روی آن حفظ شود.,1,3,train
6929,در امکانات جانبی و حافظه رم هم که هیچی کم و کاستی نداره.,1,3,train
7907,اگر جزو کسانی هستید که به گوشی‌های با صفحه نمایش بزرگ مانند Samsung Galaxy Mega و یا Huawei Ascend Mate علاقه دارید، حتما نگاهی هم به Fonepad بیندازید.,1,3,train
2967,پردازنده تک هسته ای تقریبا خوب عمل می کنه ولی نه در حدی که همون کار رو پردازنده ای دو هسته ای اپل انجام می ده ولی برنامه هایی که باعث می شن پردازنده ای 4 هسته ایش راه بیفته دیگه جایی رو برای شک باقی نمی زاره که شما بهترین تبلت اندرویدی رو تو دستاتون دارین.,1,3,train
12319,زوم مناسب 9.,1,3,train
9309,به احتمال زیاد این افزایش کیفیت تصاویر به دلیل بهره گیری از پردازشگر DIGIC 5 بوده است.,1,3,train
2614,دوربینی هستش که قیمت پایین در مقابل امکانات خوبی رو داره و ارزش خرید رو داره.,1,3,train
2099,آیفون5 با صفحه ی رتینا با دقت 640*1136 16:9شاید آن چیزی نبوده که هواداران اپل انتظارش را می کشیدند؛آیفون جدید با بهره گیری از چیپ A6جدید اپل با دوبرابر سرعت بیشتر نسبت 4s با چیپست A5 800MHz عملکردی بهتر از S2سامسونگ 1.2MHzدارد، استفاده کرده است که می تواند رضایت شما را تا حد زیادی نسبت به این مورد جلب کند.,1,3,train
5418,فقط امیدواریم ال جی در مورد Optimus VU سنت شکنی نماید و نسخه 4.1 سیستم عامل اندروید را برای این گوشی دوست‌داشتنی ارائه کند.,1,3,train
4048,خیلی ها بهم گفتن از بین دوربین های کنون و سونی ، کنون رو انتخاب کنم اما امتیازاتی از جمله 1-سرعت فیلم برداری 2-لنز قوی کارل زایس آلمانی 3- ارگونومی و طراحی ، باعث شد که سونی رو به کنون ترجیح بدم ..,1,3,train
11631,"من سه ماهه که دارمش تاچش خیلی خوبه,دوربینش عالیه,بازی ها رو راحت اجرا می کنه (سنگین ترین بازی ها یی که روش اجرا کردم:GTA3,Modern combat 2,Asphalt6,Sport car challeng)من از همه نظر ازش راضیم بجز صفحه نمایشش که یه کمی کوچیکه ولی مطمعن باشید از خریدش پشیمون نمیشید.",1,3,train
6970,یه گوشی فوق العاده با امکانات عالی که در اختیار کاربر میزاره اونو از سایرین متمایز کرده.,1,3,train
11808,وووواقعا گوشی خوبیه.,1,3,train
7959,من خودم این کار رو نمی کنم فقط جهت اطلاع گفتم البته عکاسی با RAW و Time lapes و هزار تا قابلیت دیگه باعث هنگ کردن دوربین نمی شن و از نظر من جالب هم هستن.,1,3,train
6068,من حتی روی مقوا هم چاپ کردم.,1,3,train
5744,شما حتی می‌توانید تصویر محل خود را به صورت واقعی و ماهواره‌ای مشاهده کنید!,1,3,train
2220,سخت افزار در قلب این گوشی چیپ NVIDIA Tegra 3 AP37 قرار دارد که یک نسل از چیپ مدل One X جدید تر است و به کمک پردازنده چهار هسته ای 1.7 گیگا هرتزی و یک گیگابایت حافظه RAM، قدرت پردازشی بی نظیر گوشی را تضمین می‌کند.,1,3,train
10430,بدین ترتیب حتی در بزرگنمایی های بالا نیز می‌توانید از سرعت های شاتر پایین تر استفاده کنید.,1,3,train
3259,در مجموع می‌توانیم بگوییم که سامسونگ از صفحات نمایشی فراتر از انتظار ما از یک لپ‌تاپ ارزان قیمت، در ساخت سری 3 استفاده کرده است.,1,3,train
11375,در کل 600D را می‌توان همان 60D کوچک شده دانست چرا که بسیاری از ویژگی‌های آن از جمله نمایشگر چرخنده و ویژگی‌های کاربر دوستانه را به ارث برده است.,1,3,train
9001,این جا جایی است که می‌توانیم جلوه‌های تصویری جالب کانن را بیابیم.,1,3,train
2832,این یک دستگاه ضبط کننده است که قابلیت پخش ام پی تری هم داره,1,3,train
11242,سلام من این دوربین رو تازه خریدم ولی خیلی بررسی کردم توی این حدود قیمت عالیه,1,3,train
2721,این جنس پلاستیک، علاوه بر اینکه مقاومت نسبتا خوبی در برابر ضربه و خش پذیری دارد، به دلیل اصطکاک زیاد سطح آن، احساس امنیت خوبی را نیز بابت لیز خوردن از دست به کاربر می‌دهد.,1,3,train
10002,این کالا برای اونایی که می خوان همه وسایل دیجیتالیشون یه جا باشه بهترین گزینه است.,1,3,train
10928,با قیمت بالای کتاب ها راحت می تونید PDF کتاب های رشتتون رو گیر بیارید بریزیدش روی تبلت و استفاده کنید.,1,3,train
12007,بعد از خرید خاموش کنید و 6-5ساعتی بزنید شارژ تا خازناش پر بشه و بالا بیاد.,1,3,train
1251,به نظر من بی نظیره-فقط منتظرم بیاد همون روز اول میگیرمش,1,3,train
6003,HP LaserJet P1102 مدل جدید پرینتر تک رنگ لیزری این شرکت از سری سطح مبتدی است که توانایی ارایه‌ی کیفیت خیلی خوب به همراه سرعت بالا دارد.,1,3,train
6199,در ضمن، قاب پشتی گوشی به راحتی توسط کاربر قابل باز شدن است و قابل تعویض نیز می‌باشد.,1,3,train
11529,به علاوه این گوشی دارای 2 گیگابایت حافظه RAM است که به لطف آن می‌توانید به راحتی چندین برنامه را به طور همزمان اجرا کنید.,1,3,train
12306,بهترین خرید که میتونین داشته باشین.,1,3,train
4804,دقت زوم مناسب است و میتوان به نرمی زوم کرد.,1,3,train
12460,در جواب اقا مصطفی باید بگم که تقریبا همه کمپانی ها گوشی بی نقص درست نمی کنن بدلیل این که گوشی های دیگرشون هم به فروش برسه مثلا xperia T عالیه ولی باطریش قابل تعویض نیست ولی xperia v که مدل ضد آب همین گوشی هست باطریش قابل تعویضه ولی هر دوی این گوشی ها میزان شارژ دهی کمی دارند پس هدق از نساختن بهترین گوشی و بی نقص، نه تنها بد نیست بلکه موجب خوشنام شدن کمپانی ها میشود البته من از این گوشی بسیار خوشم اومده و همونطور که قبلا گفتم اینو میخرم,1,3,train
9800,مثل اینکه WX170 مقدار خیلی کمی حافظه ی داخلی دارد ولی WX100 فاقد آن است.,1,3,train
285,من این گوشی رو 1 ماهه دارم قرمزش رو و خیلی قشنگه 1.,1,3,train
3845,اگر نداشته باشید تلوزیون اصلا کاربرد نداره 2.این تلویزیون بسیار خوبی است ولی تو ایران زیاد کارآمد نیست زیرا بیشتر برنامه های کاربردیش مثل برنامه اصلی ورزش تلوزیون فیلتر است و نمی تونید از برنامه های کاربردی ان استفاده کنید (البته ایران خودش چند تا برنامه و بازی عالی در سامسونگ اپس گذاشته است) در پایان باید به مرورگر خود تلوزیون بپردازم که واقعا عالیه و من از اون راضی بودم ولی اگر کاربران بتوانند برای راحتی خودشون یک کیبرد و موس بی سیم هم بگیرند راحت‌تر می توانند از مرورگر استفاده کنند و کیفیت تلوزیون که برای شبکه های ایران کیفیت خوبی ندارد ولی برای فیلم های فول اچ دی عالیه  امیدوارم تونسته باشم راهنماییتون کرده باشم,1,3,train
4003,"تغییراتی که باعث خواهد شد تا از محصولی با عنوان دوربین ""دیجیتال"" نهایت بهره را ببرید و واقعا احساس کنید پدیده دیجیتال به کمکتان آمده است تا تصاویر بهتری ایجاد کنید.",1,3,train
8614,صداش هم متوسطه بد نیست.,1,3,train
10408,از جمله‌ی این شباهت‌ها می‌توان به بدنه‌ی بارز و نسبتا بزرگ، دستگیره‌ی بزرگ و راحت، پیش تنظیم مودهای عکاسی، فلاش Pgr-up، کفشک فلاش اکسترنال و در کل ظاهر جدی و حرفه‌ای اشاره کرد.,1,3,train
2585,فیلم برداری قابل قبولی هم داره.,1,3,train
6544,سخت افزار هواوی برای تبلت خود، سخت افزاری قدرتمند را در نظر گرفته است.,1,3,train
8139,htc در ارائه گوشی های میتنی بر اندرید 4 از رقبا داره میزنه جلو تا حالا شرکت دیگری اندرید 4 ارزان قیمت نداده,1,3,train
10151,همه تعریف هارو دوستان کردن، فقط میتونم بگم تو این رنج قیمت بهتر از این گیر نمیارین .,1,3,train
8959,از دیگر فن‌آوری‌های به کار رفته در SX230 می‌توان به i-Contrast (کیفیت جزئیات مناطق سایه در عکس را افزایش می‌دهد)، Smart Flash Exposure (میزان نور فلاش را بسته به شرایط تنظیم می‌کند تا زیاد یا کم نباشد)، فن‌آوری تشخیص چهره که می‌تواند تا 35 چهره‌ی انسان را در یک فریم تشخیص دهد و Face Self Timer که برای در عکس قرار گرفتن خود عکاس خیلی مناسب است اشاره کرد.,1,3,train
3301,همانند دوربین های DSLR، سنسور این دوربین فیلم برداری نیز از امکانات ضد گرد و غبار بهره می‌برد.,1,3,train
2342,به نظر من واقعا کار شرکت اپل متفاوت هست و بسیار کارامد!,1,3,train
8091,با اینکه cpu پایین هست ولی به اندازه یه cpu 1ghz کار انجام میده.,1,3,train
9914,با این حال به نظرمان می‌آید که 4s عملکرد بهتری نسبت به 4 دارد به خصوص که نشانگر آنتن ما در موقعیت‌هایی که iPhone 4 یک ستون کم دارد تا آخر پر است.,1,3,train
4032,در قسمت عکس برداری هم جلوه‌های مختلف و زیبایی وجود داره که با کمی سلیقه عکس های خیلی زیبایی میشه گرفت .,1,3,train
2704,از نظر کیفیت ساخت، همانند دیگر دوربین های سری X فوجی فیلم، این دوربین هم به طرز خیلی عجیبی متسحکم و خوش ساخت است.,1,3,train
4310,در واقعیت نیز این ادعا تا حد زیادی صحت دارد.,1,3,train
12389,عکس‌ها در ایزو 100 و 200 بدون نویز هستند و فقط مقداری نویز و کاسته شدن از غلظت رنگ‌ها در ایزو 400 مشاهده می‌شود.,1,3,train
3212,دوستان من تقریبا بیستو پنج روزه این تب رو دارم قبلش دو مدل رو داشتم هم پی 1000 هم پی6200 پلاس میخواستم یکباره برم سراغ تب پی6800 که به نظرم بهترین و خوش دست ترین تبلته دنیاس ولی یه ضعف کوچیک که به نظرم مهمه دلمو زد اندروید 4 ولی در کل میگم محشره.,1,3,train
10846,واقعا تبلت خوبی واسه اسمس دادن یا زنگ زدن و وبگردی خیلی حال میده اما رزولوشنش پایین است قیمتش یکم بالا است,1,3,train
12015,که در حدود دوبرابر قیمت آن می باشند بالاتر است.,1,3,train
5289,در این حالت، چهار هسته دیگر غیر فعال می‌شوند و این کار باعث افزایش شارژ دهی باتری می‌شود.,1,3,train
12261,ولی بازم کیفیت فیلمش عالیه.,1,3,train
6579,ضمن اینکه برای این تبلت امکان تهیه داک کیبورد به صورت جداگانه نیز وجود دارد که این نیز یک مزیت دیگر این دستگاه به شمار می‌آید.,1,3,train
7143,باتریButterfly دارای یک باتری لیتیوم-پلیمری 2020 میلی آمپر-ساعتی می‌باشد.,1,3,train
12564,در عوض iMovie چیز کاملا جدیدی می‌باشد.,1,3,train
1629,با این حال باید بگوییم که این گوشی شکیل‌تر نیز شده است.,1,3,train
5292,حافظه RAM این دستگاه نیز یک گیگابایت است که برای اجرای روان چند برنامه به طور همزمان، بسیار مناسب است و البته چیپ گرافیکی به کار رفته در آن نیز از نوع NVIDIA GeForce است.,1,3,train
12587,البته اگه در حالت عکاسی اتوماتیک نباشه و تنظیم دستی بشه واسه عکاسی در شب و روز قابل قبوله.,1,3,train
10482,باز هم از دیجی کالا بخاطر مشاوره و ارایه مناسبش متشکرم,1,3,train
8690,در کل عالیه بخرید که ازدستتون نره,1,3,train
11886,این در حالی است که صفحه نمایش این گوشی مجهز به فن‌آوری Bravia می‌باشد که کیفیت بالای تصویر را نیز تضمین می‌کند.,1,3,train
10484,سلام این گوشی بهترین چیزش اینه که از اندروید 4 پشتیبانی میکنه و نیاز به آپدیت نداره صفحه نمایش این گوشی از نوع tft اما با موتور bravia این صفحه نمایش کیفیت نسبتا خوبی داره.,1,3,train
647,بخوام تو یه جمله بگم به هیچی نه نمیگه .,1,3,train
3135,این تبلت امکانات فراوانی دارد که مطمئنا خریداران خود را نا امید نخواهد کرد.,1,3,train
9387,تقریبا همه چیزش خوبه ..,1,3,train
1594,موزیک پلیر و ویدئو پلیر این دستگاه نیز پلیر استاندارد سامسونگ است که کیفیت متوسطی را داراست و عملکرد قابل قبولی دارد.,1,3,train
3792,البته همواره حلقه ی دور لنز را بیشتر دوست داریم.,1,3,train
12111,JVC GZ-MG335، مجهز به تنظیمات از پیش تعیین شده ای مثل تنظیم سفیدی در حالت های مختلف، حالت های تصویربرداری از پیش تنظیم شده، مثل ساحل، نور شمع، طلوع و غروب آفتاب، آتش بازی، منظره، ورزش و .,1,3,train
4002,اگرچه به نظر از نظر سخت افزاری و مشخصات فنی تغییرات خاص و محسوسی در این مدل نسبت به مدل قبلی یعنی HX100V اعمال نشده است، اما به نظر می رساند تغییرات نرم‌افزاری مطلوبی به آن افزوده شده باشد.,1,3,train
5787,من سری G دارم که نسبت به نسخه معمولی گرافیک قوی‌تری هم داره و هر بازی بخواین بدون مشکل میاره.,1,3,train
997,در کل باید گفت که P7700 جهش خیلی خوبی نسبت به P7100 بوده است.,1,3,train
5301,مرورگر قرار گرفته بر روی این تبلت به صورت پیش فرض Google Chrome است که مخصوص اندروید 4.1 طراحی گردیده است و دارای مزایای بسیاری است.,1,3,train
12429,تو این رنج قیمت هیچ گوشی با این قابلیت ها وجود نداره.,1,3,train
1569,لازم به ذکر است که Note 8 در دو ظرفیت 16 و 32 گیگابایتی تولید گردیده که البته آن‌ها نیز قابلیت پشتیبانی از کارت حافظه microSD را دارند، بنابراین هیچ نگرانی بابت حافظه جهت ذخیره اطلاعات نخواهید داشت.,1,3,train
9242,سنسور تصویری هیبریدی، بدین معنی که در آن پیکسل هایی وجود دارد که به فن آوری فوکوس خودکار Phase Detection اختصاص یافته اند.,1,3,train
11856,من که مشکلی ندارم.,1,3,train
10279,به نظر من برای کسانی که دنبال یک گوشی با امکانات کافی و قیمت مناسب هستند بهترین انتخاب است در سرعت پردازنده سری galaxy سامسونگ اصلا در حد این گوشی نیستند برای خریدش شک نکنید.,1,3,train
9674,با این حال که خیلی هم فرق نکرده(البته از لحاظ ظاهری) ولی بازم ارزش خرید داره!,1,3,train
10555,به طور کلی دوربین این گوشی عملکردی متوسط و پاسخ دهی سریعی دارد و عکس‌های گرفته شده توسط آن دارای کیفیت متوسطی هستند، میزان جزئیات و غلظت رنگ‌ها نیز در حد قابل قبولی قرار دارند.,1,3,train
8777,لازم به ذکر است که قاب پشتی دارای یک بافت ریز نیز می‌باشد که با وجود این بافت، نگهداری گوشی در دست بسیار راحت‌تر و امن‌تر صورت می‌پذیرد.,1,3,train
12426,4G داره که tx نداره.,1,3,train
7311,در پایین ترین حساسیت، یعنی حساسیت 100 اثری از نویز دیده نمی شود.,1,3,train
9782,البته این دوربین رو از این سایت تهیه کردم به توصیه یکی از دوستانم، از کارشون واقعا راضی بودم و ممنونم.,1,3,train
8743,در کل همه گوشی های ال جی نسبت به قیمتشون کارایی بالاتری دارند و مشتری رو از خریدش پشیمون نمیکنه .,1,3,train
1235,در نهایت، همان‌طور که در توضیحات داک گفتیم، دوربین 1.3 مگاپیکسلی موجود بر روی داک به کاربر در ایجاد مکالمات تصویری کمک می‌نماید.,1,3,train
11379,عکس‌های RAW نویز رنگی کمتری نسبت به عکس‌های JPEG دارند.,1,3,train
11101,به هر حال باید پذیرفت که صفحه نمایش Galaxy Note 10.1 در مقابل iPad 3 و یا Asus TF700 با رزولوشن های بالای آنها، ضعف دارد، اما در کل عملکرد آن کاملا قابل قبول و مناسب است.,1,3,train
6152,واقعا لذت بخشه بازی کردی وقتی عملی بازی کنی..,1,3,train
6675,زوم 30 برابر و فوکوس سریع حتی در زوم 30x.,1,3,train
1336,مطمئن باشید از خرید این ipod پشیمون نمیشید,1,3,train
10952,کیفیت صفحشم خوبه.,1,3,train
10185,و قیافشه که خوشم میاد مخصوصا سفید چون از مشکی تکراری خوشم نمیاد.,1,3,train
1343,من چند روزه خریدمش قبلا پلیر سونی داشتم اون کیفیتش خوب بود اما این کیفیت صداش محشره کسایی که به جزئیات آهنگ اهمیت میدن من این پلیرو پیشنهاد میکنم فقط تنها عیبی که میشه گرفت ازش اینه که صفحه نمایش نداره که فکر میکنم عادت میکنید به کار باهاش البته یه دکمه داره که با فشار اون دونه دونه پوشه ها رو اسم میبره میتونید پوشه مورد علاقتونو این جوری انتخاب کنید.,1,3,train
11622,چون توی سری جدید این مشکل رفع شده.,1,3,train
148,فقط در قسمت عکاسی پاناروما زنده کیفیت خیلی پایینی داره ولی در کل من از عکاسی باهاش مخصوصا در شب لذت میبرم,1,3,train
1354,عدم حضور این دو، نه تنها باعث باریک‌تر شدن لپ‌تاپ شده است، بلکه به اپل کمک کرده که باتری بزرگ‌تر و قوی‌تری را در دستگاه جای دهد.,1,3,train
8445,اگه 3d میخواین تو خریدش شک نکنین .,1,3,train
11967,ولی قابل تحمل .,1,3,train
10542,همچنین چندین ویجت کاربردی برای استفاده کاربران به صورت پیش فرض بر روی گوشی قرار داده شده است.,1,3,train
688,اسپیکراش صدای مطلوبی دارن چون SRS دارن.,1,3,train
7941,ایزو نیز تا 3200 بالا می‌رود تا برای عکاسی در شرایط نوری ضعیف تر مناسب شود.,1,3,train
12944,جهت کار با 2 سیم کارت، توضیحات زیر بیشتر شما را با عملکرد خوب این گوشی آشنا می‌سازد.,1,3,train
5305,گوگل قصد دارد خواندن کتاب‌ها و مجلات الکترونیکی را به یکی از کاربرد های مهم تبلت خود تبدیل کند به همین دلیل تعدادی از کتاب‌ها و مجلات مطرح و پرطرفدار را در فروشگاه خود عرضه کرده است و به طور کلی می‌توان گفت که خواندن کتاب‌های الکترونیکی بر روی صفحه نمایش هفت اینچی Nexus 7 تجربه خوبی خواهد بود.,1,3,train
11017,البته از قیمت که صرف نظر کنیم تبلت بسیار مناسب و توانمندی هست,1,3,train
6478,ممنون digikala,1,3,train
7454,مناسب برای فیلم برداری معمولی,1,3,train
8605,فیلم های اچ دی هم براحتی پخش میکنه.,1,3,train
788,با این میزان حافظه می‌توان تعداد مناسبی فایل نظیر عکس، موسیقی و ویدیو را بر روی این گوشی ذخیره کرد.,1,3,train
4626,همه ی برنامه ها رو هم به راحتی اجرا میکنه .,1,3,train
11813,مشکل بک خوردن گوشی به هنگام داغ شدن با آپدیت کردن گوشی برطرف شد,1,3,train
6239,پس اگر به دنبال داشتن یک گوشی دو سیم کارته بزرگ هستید بدون شک Galaxy Grand Duos انتخاب شماست، نهایتا مدل تک سیم کارته آن هم برای طرفداران گوشی‌های بزرگ ولی با قیمت ارزان تر تولید شده است.,1,3,train
6983,نمیدونم htc کی میخواد روی گوشیهاش باتری قوی بذاره,1,3,train
5947,همچنین کمینه‌ی سرعت شاتر آن نیز تا 30 ثانیه می‌باشد که دلیلی بر توانایی‌های این دوربین برای عکاسی در شب است.,1,3,train
10146,به اندروید 4 اپ گرید کنید عالی میشه,1,3,train
5182,اگر به دنبال لذت بردن از بازی ها به خصوص بازی های اکشن هستید xbox 360 انتخاب مناسبی است هر چند شایعاتی در مورد سه چراغ قرمز وجود دارد اما با آمدن مادربرد فالکان و جاسپر این مشکل حل شده است به هر حال قیمت مناسب بازی یکی از عواملی است که در ایران به ps3 ترجیح داده می شود .,1,3,train
11215,با این حال یک ویژگی که می تواند خیلی کاربردی تر باشد، قابلیت کنترل کامل دوربین از طریق گوشی هوشمند یا تبلت و با استفاده از نرم افزار EOS Remote App است.,1,3,train
3915,بزرگترین مزیت دوربین‌های سوپرزوم این چنینی، قابلیت‌های فراوانی است که به شما در عکاسی از چشم اندازهای گسترده تا مناظر بسیار دوردست می‌دهند.,1,3,train
227,LCD4.56 و بدنه یک پارچه فلزی مشکل لقیه درب پشت SONY S را حل و زیبایی دو چندانی رو به ION هدیه داد کیفیت LCD نسبت به SONY S میشه گفت گرم تر هست.,1,3,train
5205,به کمک این کارت گرافیکی، نوت‌بوک شما به راحتی می‌تواند نوت‌بوکی مناسب برای انجام بازی‌ها‌ی رایانه‌ای و اجرای برنامه‌ها‌ی سنگین گرافیکی باشد.,1,3,train
5020,به طور کلی، سه هسته موجود در این پردازنده به صورت موازی و در فرکانس ۲/۳ گیگاهرتز فعالیت می‌کنند که این عامل باعث افزایش کارآیی این واحد پردازشی در محاسبات پیچیده می‌شود.,1,3,train
3879,همان لنز 27-810 میلی متری با توانایی زوم 30 برابر و f/2.8-5.6 که لنزی کاملا سریع و خوب برای عکاسی در شرایط ضعیف‌تر نوری است.,1,3,train
7604,لازم به ذکر است که همانند مدل Galaxy S III قاب پشتی این گوشی نیز قابل باز شدن است و باتری توسط کاربر قابل تعویض می‌باشد.,1,3,train
1848,از نظر طراحی و صفحه نمایش هم معرکه هست.,1,3,train
3662,اما با همه این اوصاف، بجز وجود برنامه های محدود برای نسخه RT از سیستم عامل ویندوز، نمی‌توان ایراد عمده دیگری به این دستگاه وارد نمود و پیش بینی ما این است که تبلت Surface Pro با وجود پشتیبانی ویندوز 8 پرو از تمامی برنامه های ویندوز های پیشین، توفیق زیادی را عاید مایکروسافت نماید.,1,3,train
12431,این گوشی ضد ابه,1,3,train
8754,به نظره من که خوبه مخصوصا نسبت به قیمتش عالی,1,3,train
1396,این حافظه‌ها از سرعت بینهایت بالایی برخوردارند و به هیچ عنوان قابل مقایسه با هاردهای استاندارد قبلی نیستند.,1,3,train
4470,تقریبا هیچ‌گاه هنگام کار کردن با گوشی، کاهش سرعت یا به اصطلاح Lag مشاهده نکردیم.,1,3,train
12875,بزرگی دکمه هاش و فاصله مناسبش باعث لذت بخش بودن تایپ پیامک میشه.,1,3,train
6404,اولین قابلیت مهم این نرم‌افزار، شناسایی و پیشگیری از نفوذ ویروس‌های بسیار جدید و ثبت نشده، از طریق هوش مصنوعی یا سیستم حفاظت پیشگیرانه می‌باشد.,1,3,train
4427,از نظر فنی میزان مقاومت تلویزیون پلاسما چندین برابر ال سی دی و ال ای دی ها است.,1,3,train
10205,من در حدود دو ساله که پیگیر مدل های مختلف گوشی هستم ولی گوشی تو این رنج قیمت رو دست این ندیدم.,1,3,train
10680,صفحه نمایش گوشی خیلی عالی و رنگها رو کاملا زنده و طبیعی نشون میده تنها عیبی که داره زاویه دید پایین هست که اونم البته باید 160 تا 170 درجه گوشی رو بچرخونید که تاثیر گذار باشه و البته برای من که هیچوقت به صفحه گوشی از کنار نگاه نمیکنم و این مورد تو زندگیم حتی یک بارم به کار نیومده زاویه دید پایین هیچ فرقی نمیکنه.,1,3,train
4298,این چیپ از پردازنده ARM Cortex-A9 استفاده کرده و به راحتی جوابگوی تمامی برنامه‌ها و بازی‌های سیستم عامل iOS می‌باشد.,1,3,train
9366,گوشی خوشدستیه.,1,3,train
1206,این قلم علاوه بر کارایی اصلی خود در حین کار با تبلت، یک کارایی شگفت انگیز دیگر نیز دارد.,1,3,train
1564,تمامی این قابلیت‌ها در کنار طراحی مناسب و البته کاربرد های فراوان آن، قلم Note 8 را به بزرگ‌ترین مزیت آن تبدیل نموده است که این محصول را در بازار نسبت به دیگر 7 یا 8 اینچی‌ها متمایز می‌کند.,1,3,train
8617,با توجه به هم قیمت بودن با گلکسی اس دووس (دوسیم کارت) نسبت به اون امکانات بالاتری داره و به صرفه تره,1,3,train
308,و در کل حس مثبت و خوبی بهش دارم .,1,3,train
8475,من که ازش راضیم ، خدا ازش راضی باشه .,1,3,train
2550,فیلمش قابله قبوله.,1,3,train
7275,دیگر تفاوتی که M41 با دو مدل دیگر دارد در این است که این دوربین از طریق جک مخصوص امکان پذیرایی از میکروفون اکسترنال را دارد.,1,3,train
4476,همانند اکثر گوشی‌های خانواده Xperia، بلندگوی Xperia ray کیفیت بسیار خوبی دارد و از نقاط قوت اصلی آن محسوب می‌شود.,1,3,train
5232,این لپ تاپ بر طرف میکنه.,1,3,train
7094,برای اثبات حرفمان، وزن گوشی‌هایی مانند Note II و یا لومیا 920 را با حدود 180 گرم یاد آوری می‌نماییم.,1,3,train
5907,ولی سری G که گرفتم اصلا تا حالا داغ نکرده..,1,3,train
10080,حتی هنگامی که بار محسباتی سنگینی بر روی سیستم قرار گرفته و دستگاه تحت استرس می باشد، دمای بدنه زیاد گرم نشده و سیستم خنک کننده، صدای آزار دهنده ای ایجاد نمی کند.,1,3,train
292,از لحاظ زیبایی گوشی شیک و مردونه ایه و کلاس خاصی داره و البته یه کم سنگین 9.لازم به ذکر هست که موقعی که من خریدم روش آندروید 4.0.4 نصب بود.,1,3,train
3229,صفحه نمایش با کیفیت با پنل IPS و رزولوشن HD7.,1,3,train
10742,هم زیباست و هم تمامی امکانات رو با هم داره,1,3,train
6952,چقدر خوبه که میکرو اس دی هم میخوره.,1,3,train
12987,بنابراین هر ایمیلی که به این پرینتر ارسال کنید و فایلی الحاق شده با یکی از فرمت های قابل پشتیبانی را داشته باشد، فورا توسط این پرینتر چاپ می گردد.,1,3,train
10689,T تا 4 انگشت سرعت انتقال داده در TX هنگام استفاده از EDGE - GPRS و 3G کمی سریعتر از T هست که البته به اپراتور هم بستگی داره!,1,3,train
7314,اگه تو همین قیمت ها بخوای و از برند سامسونگ خوشت بیاد بهتره Samsung NP300E5X-A08-B بگیری نسبت به Samsung NP300E5X-A0A بهتره,1,3,train
6981,مخصوصا تراکم پیکسلی بسیار بالایی که داره.,1,3,train
8587,زیرا تمام قطعات بکار برده در اکثر موبایل ها محصول یک شرکت می باشد و فقط قدرت ان ها کم و زیاد است .,1,3,train
12082,بدنه‌ی این دستگاه طوری طراحی شده که بتواند جدیدترین تکنولوژی روز را در خود جای دهد.,1,3,train
3756,دوربین این گوشی مجهز به تشخیص چهره است و فوکوس ثابت داره سیستم عاملش هم به گفته نوکیا تا سال 2012 به سیستم عامل بل آپدیت میشه .,1,3,train
12421,۳ اینچی بازار به حساب میاد مشکل مرگ ناگهانی با ارایه آپدیت به کلی حل شد اما باتری این گوشی در شرایط کاری شدید تنها ۱ روز دوام داره که یک نقطه ضعف هست راستی به خاطر ضد آب بودن با آرامش زیر بارون از گوشی استفاده کنید و لذت ببرید یک ویژگی بسیار خوب دیگری هم که داره بسیار سبک بودنشه که خیلی احساس خوبی موقع کار منتقل میکنه وقتی کار کردین باهاش متوجه تمام حرف هام میشید، موفق باشید,1,3,train
1984,اپل هر سال یک گوشی و تبلت میده بازار ولی هر سال بهتر از سال دیگه,1,3,train
5540,با فشار دادن کلید پاور اولین ویبره گوشی دست رو میلرزونه و مارک LG در بین صفحه نمایش 5 اینچی این فبلت زیبا ظاهر میشه و در عرض حدود 20 ثانیه اولین Startup گوشی تموم میشه و صفحه تنظیمات سیستم عامل اندروید ظاهر میشه.,1,3,train
10216,گوشی خوبیه از همه نظر در سطح بالایه اما تنها مشکلش قطر زیادشه اما به نظر من اگه در همین رنج قیمت پول دارین بخرینش چون گرون تر میشه,1,3,train
885,حقیقتا زمانی که آن دوربین معرفی شد توانایی زوم 42 برابر مقدار بسیار زیادی بود به طوری که آن را بالاتر از هر دوربین هم رده ی دیگری قرار می داد.,1,3,train
9351,فکر کنم برای کسایی که نمیخوان کارای سنگین انجام بدن مثلا اجرای سنگین ترین بازی های اچ دی گوشی مناسبی باشه.,1,3,train
2152,همچنین به مراتب شارژ باطری آیفون از دیگر گوشی های خوب بازار بهتر است.,1,3,train
13059,با توجه به ساخت باریک و بدنه ی یک دست؛ به راحتی در جیب شما سر می خورد.,1,3,train
2718,این زیبایی زمانی بیشتر به چشم می‌آید که تبلت را روشن می‌نمایید و هماهنگی بین قالب قرمز رنگ منتخب فوجیتسو با بدنه دستگاه را مشاهده می‌نمایید.,1,3,train
9859,از نظر دوربین امکان داره ضعیف باشه ولی بستگی داره چه نوع کارهایی که میخوای با یه گوشی انجام بدی من منتظر میمونم تا بیاد,1,3,train
5011,نوع بی‌سیم این دسته بازی نیز، فاصله‌ی ۹ متر را با باتری AAاز نوع NimH پشتیبانی می‌کند که این فاصله برای یک دسته بازی بی‌سیم فاصله‌ی مناسبی است.,1,3,train
9382,کلی هم برنامه دارم.,1,3,train
7088,در کل می‌توان این گوشی را با وجود ابعاد بزرگ آن یعنی 70×143 میلی متر، گوشی خوش دستی نامید.,1,3,train
7175,ولی با این حال اگه بخوام موبایل بگیرم حتما پدفون 2 میگیرم,1,3,train
6767,سرعت خوب.,1,3,train
5809,دوربین خوب .,1,3,train
7356,میانگین میزان روشنایی این نمایشگر در سطح رضایت بخشی می‌باشد که بیشینه‌ی آن نیز در قسمت مرکزی پنل است.,1,3,train
6425,اگر بخوام این هارد رو با محصولات و برندهای دیگه مقایسه کنم بدون شک این محصول رو در رده اول قرار میدم.,1,3,train
2839,ال‌جی با طراحی بافت دار قاب پشتی این گوشی، علاوه بر زیبایی آن، باعث افزایش اصطکاک سطح گوشی با دست و در نتیجه کاهش احتملا لیز خوردن گوشی از دست شده است.,1,3,train
8309,وقتی میخریش، به عظمتش پی میبری.,1,3,train
10342,این برنامه علاوه بر اینکه یک برنامه قدرتمند برای پخش موسیقی با رابطی ساده است، یک سری قابلیت‌های جالب مانند جستجو کردن سایت Wikipedia برای پیدا کردن مشخصات خواننده یا جستجو کردن سایت گوگل برای پیدا کردن متن موسیقی نیز دارد.,1,3,train
12612,سلام به همگی از مرداد که من این گوشی رو خریدم ، تا حالا مشکلی باهاش نداشتم.,1,3,train
9261,همان پردازشگر جدیدی که بر روی دوربین های سال 2012 این شرکت مثل S100 و G1 X به کار رفته.,1,3,train
6829,به نظرم خوبه,1,3,train
958,همچنین پرتابل بودن این دستگاه و عدم نیاز به کامپیوتر برای تهیه اسکن یک امکان ویژه ی دیگر را در اختیار شما قرار می دهد و آن تهیه اسکن از سطوح مختلف از جمله اعلامیه های روی دیوار که اسکنرهای معمولی چنین امکانی را ندارند.,1,3,train
7059,حتی galaxy sIV هم به این گوشی نمیرسه one x هم بخاطر اندروید با سنس که موجب سنگین شدن سیستم عامل میشد از s3 کم اورد ولی الان تو اپدیت 4.1 تو بنچمارک حرف اول میزنه دیگه چه برسه به htc Butterfly تا به امروز گوشیهای قدرتمند جهان رو باهاشون کار کردم مثل one x .,1,3,train
7129,در ضمن، یک میانبر به قسمت تنظیمات و قسمت ذخیره انرژی نیز وجود دارد.,1,3,train
5423,البته این دوربین امکانات متنوع و خوبی را در اختیار کاربر قرار می‌دهد.,1,3,train
4410,البته با ویدئوهای 720p هیچ مشکلی ندارد.,1,3,train
375,هرچند که ابعاد آن کمی بزرگ‌تر از Ixus 510 HS است ولی وزنی کمتر دارد.,1,3,train
10819,در کل در مقایسه با قیمتش خیلی عالیه و امکانات خوبی داره.,1,3,train
6945,گوشیه فوق العاده ایه هم از لحاظ ظاهر و هم از نظر قطعات و رقیب تازه ای به نام XPERIA Z هم پیدا شده براش ولی برند HTC یه چیز دیگست,1,3,train
4739,وقتی این گوشی را به هدفون متصل می کنیم ، صدای ها و نویز های اضافی صدا کمی افزایش پیدا می کند اما باز هم در مجموع می توان نمره ای بالاتر از حد میانگین به آن اختصاص دارد .,1,3,train
5656,این میزان تراکم پیکسلی بر روی تبلت های 10.1 اینچی مقدار استانداردی است و برای انجام کارهای مختلف، بسیار مناسب است.,1,3,train
7791,اما با اینکه این صفحه نمایش در مقابل رقبا کنتراست رنگ کمتری دارد اما کماکان دید در زوایای مختلف آن از رقبای خود بهتر است و برای کار کردن با آن در زیر نور مستقیم آفتاب هیچ مشکلی نخواهید داشت.,1,3,train
10056,به استثنای چهار کلید جهات، بقیه کلیدها بزرگ و مناسب طراحی گشته اند و به همین دلیل، خطاهای تایپی کم است.,1,3,train
3835,فایل‌ها و برنامه‌های خود را به اشتراک گذاشته، ذخیره ساخته و از آن‌ها لذت ببرید – راحت‌تر از همیشه به یمن وجود قابلیت‌های ارتباطی هوشمند می‌توانید تجربه مشاهده لذت‌بخش‌تر و هوشمندانه‌تری داشته باشید.,1,3,train
5989,در کل در خرید این دوربین شک نکنید.,1,3,train
2987,اما خیلی راحت اگه گوشی موبایلتون hotspote داشته باشه، مثل آب خوردن می تونین gprs و edge رو روی تبلت تون داشته باشین.,1,3,train
2800,در مود Program اختیار بیشتری برای انجام تنظیمات نور دهی خواهید داشت.,1,3,train
3836,با AllShare Play می‌توانید فیلم، عکس و موسیقی و سایر فایل‌های چندرسانه‌ای را مستقیما در تلویزیون خود پخش کرده و از آنها روی صفحه نمایش بزرگ لذت ببرید.,1,3,train
10797,طبق معمول دوربین های سونی، علاوه بر کارت های حافظه ی SD از کارت های حافظه ی Memory Stick Duo نیز پشتیبانی می شود.,1,3,train
3454,متاسفانه این دستگاه امکان چاپ بر روی CD را ندارد که اگر این ویژگی را نیز داشت می‌توان گفت دیگر چیزی کم نداشت ولی با این حال باز هم یکی چاپگر بسیار مناسب از لحاظ کارکرد و همچنین قیمت است.,1,3,train
3650,مرورگری اینترنت در مرورگر استاندارد ویندوز یعنی Internet Explorer با وجود پشتیبانی آن از Wi-Fi با سرعتی مبهوت کننده صورت می‌پذیرد.,1,3,train
8289,از رقبای اصلی این دوربین می‌توان به Fujifilm Finepix F600 EXR، Nikon Coolpix S8200، Olympus VR320، Panasonic Lumix DMC-TZ20، Samsung WB750 و Sony Cybershot DSC-HX9V اشاره کرد.,1,3,train
10807,تعامل هوشمندانه با کنترل صدا و حرکتفن‌آوری جدید و پیشرفته تعامل هوشمند به شما اجازه می‌دهد تا بدون نیاز به فشار دادن دکمه با تلویزیون خود کار کنید.,1,3,train
2554,بعد از تنظیمات چند تا عکس گرفتم و ریختم رو PC عکسا از کیفیت قابل قبولی داره .,1,3,train
13067,ولی تراکم پیکسل های نمایشگر iPod کمی بیشتر است.,1,3,train
7665,در ضمن این دوربین ضدنفوذ ذرات ریز مثل گرد و خاک هم می‌باشد.,1,3,train
2748,در کل، از حرکت در بین منوها و دیدن روان بودن آن بسیار لذت خواهید برد و می‌توان گفت که با این تبلت، قادر خواهید بود از اکثر برنامه های موجود برای سیستم عامل اندروید استفاده نمایید.,1,3,train
6995,بنظر من مشکلاتی مانند باتری در این محصول دیده میشه و اینکه بهتر است منتظر s4 یا مدل جدید تر اچ تی سی باشیم.,1,3,train
9397,من حدود 2ماهه که از دیجی کالا خریدم خیلی خوبه بلندگوش عالیه وقتی هندزفری رو بزاری تو گوشت حتی اگه صداش هم کم باشه هیچ صدایی رو از بیرون نمی شنوی فقط دوربینش زوم نداره که اونو هم با برنامه camerazoom میشه حل کرد,1,3,train
11098,شفافیت رنگ‌ها بسیار مناسب و رنگ مشکی بسیار عمیق و خوب نمایش داده می‌شود.,1,3,train
527,"همچنین این دستگاه توانمندی اسکن با رزولوشن اپتیکال 4,800X2,400dpi و رزولوشن دیجیتال 19,200X19,200dpi را دارد.",1,3,train
7842,در ضمن این تبلت از نسخه 4.1 سیستم عامل اندروید بهره می‌برد.,1,3,train
9033,این لنز خیلی واید است و توانایی زوم آن نیز کاملا در حد یک دوربین کامپکت سطح متوسط است.,1,3,train
5860,به تازگی اندروید 4.0.4 که برای خود ایران هم منتشر شده رو روش نصب کردم که ماندگاری شارژ باتری افزایش چشمگیری پیدا کرده و سرعت گوشی هم به نسبت اندروید 2.3.6 نیز بهتر شده.,1,3,train
9306,این موضوع را می توان هم از نظر میزان کمتر نویز و هم گستره ی بیشتر دینامیکی مد نظر قرار داد.,1,3,train
5128,در این نقد و بررسی می خواهیم با هم نگاهی تخصصی تر و البته واقع بینانه تر به xbox 360 بیاندازیم و با بررسی معایب و مزایایی که در xbox 360 نهفته است گامی استوار تر برای خرید آن برداریم یا اگر صاحب یک xbox 360 هستیم به xbox خود افتخار کنیم.,1,3,train
3926,تو این 2 هفته که داشتم ازش راضی هستم.,1,3,train
4170,بی‌نظیر و عالی باورم نشده یه گوشی میتونه با این قیمت این کیفیت رو داشته باشه فقط لوازم جانبیش گیر نمیاد مثل قاب از هر نظر عالی,1,3,train
8944,که همه‌ی این مودها بسیار جالب هستند.,1,3,train
2980,ولی فعلا تا این لحظه که خیلی ازش راضیم مخصوصا از صفحه نمایشش.,1,3,train
4179,من این گوشی رو تازه سفارش دادم با این مشخصات موجود درسایت و نظرات دوستان مطمئنم گوشی خوبی باشه به محض دریافت نکته و نظرات خودمو برای دوستان میذارم ولی مطمئنم میشه به دیجی کالا اعتماد کرد.,1,3,train
2841,ابعاد مناسب True HD یعنی 68×133 میلی متر به همراه وزن 135 گرمی آن، راحتی خاصی را به کاربر در حین کار کردن با آن می‌دهد.,1,3,train
12725,صدای خوبی هم داره,1,3,train
6960,جزو معدود گوشی های با رم2 گیگ که اجرای عالی فرامین رو تضمین میکنه.,1,3,train
10339,به این ترتیب دیگر نیازی به پر کردن صفحات با آیکون‌ها نداشته و می‌توانید از ویجت‌های مختلف لذت ببرید.,1,3,train
5670,بر خلاف مدل 10.1 اینچی پیشین که قابلیت پخش ویدئوهای Full HD 1080p را نداشت، GALAXY Tab 2 10.1 به لطف پردازنده قوی‌تر می‌تواند این ویدئوها را به راحتی و بدون هیچ‌گونه کاهش سرعتی پخش کند.,1,3,train
3255,• صفحه نمایش و بلندگوها صفحات نمایشی که بر روی این لپ‌تاپ‌ها قرار دارد، واقعا خوب است.,1,3,train
2210,با اینکه One X Plus از صفحه نمایش غول آسای 4.7 اینچی استفاده می‌برد، تنها 135 گرم وزن دارد.,1,3,train
7124,به لطف وجود پروژه کره بر روی نسخه 4.1 اندروید، حرکت در بین منوها واقعا نرم و روان صورت می‌پذیرد، طوری که می‌توانید علت نام گذاری پروژه کره را لمس نمایید.,1,3,train
543,با کلید کپی اگر پرینتر وصل باشه راحت و بدون هیچ عملکرد اضافی کپی شیک و تمیز میگیره.,1,3,train
3404,از دیگر قابلیتهای این گوشی سازگاری کامل اکانت شما با این گوشی است یعنی شما از طریق سایت می توانید مکان گوشی را پیدا کنید، در صورت مفقود شدن برای آن پیغام و زنگ بفرستید و از همه مهمتر در صورت دزدیده شدن می توانید با ارسال پیام برای سارق، او را به برگرداندن گوشی مجبور کنید و در صورت تمکین بطور کل گوشی را قفل نموده و یا گوشی را فرمت کرده و از کار بطور کامل بیاندازید در حالی که تمامی اطلاعات شما کاملا قابل دسترس بوده و .,1,3,train
3360,طراحی و ساخت HTC در طراحی مدل جدید خود، تا حدودی تحول ایجاد نموده.,1,3,train
8245,در ضمن جاوا بودنش برای افرادی که از جوانی فاصله گرفتند و فرصت گریز به اندروید و آی او اس را ندارن ساده و راحت .,1,3,train
11973,میگه معرکست.,1,3,train
6387,به هر حال برای طرفداران گوشی‌های سری Galaxy S سامسونگ، ورود این گوشی به بازار می‌تواند یک خبر خوشحال کننده باشد.,1,3,train
11025,اولین تبلتی است که آفیس رو به این خوبی پشتیبانی میکنه.,1,3,train
6029,حتی چاپ عکس نیز با این پرینتر با کیفیت خوبی صورت می‌گیرد.,1,3,train
4453,راستش من یه 42 اش رو دارم ازش راضی‌ام اما به قول دوستمون مصرفش بالاست یه کم و صد البته گرمای روی سطح تلویزیون و پشتش هم زیاده بطوریکه در ایام تابستان اگه کولر نباشه و زمستان که بخاری روشنه این گرما زیاد احساس میشه ولی کیفیت تصویرش به نظر من خیلی خوبه,1,3,train
12202,دوم اینکه اگر هارد بر اثر مجاورت با یک منبع گرمایی مانند گیرنده های دیجیتال بیش ازحد گرم بشه به طور اتوماتیک خودش از کارمیفته و ازسوختن و گرمای بیشترجلوگیری میکنه.,1,3,train
12546,در کل ما از دوربین راضی بودیم و به کمک پردازنده‌ی A4 عکاسی واقعا سریع شده است.,1,3,train
5103,مهم‌ترین برتری میان‌افزار درایوهای Samsung در حال حاضر این است که به شما اجازه می‌دهد از دی وی دی معمولی نیز برای اجرای بازی‌ها استفاده کنید.,1,3,train
12846,تنها کافیست برنامه را نصب کنید و سپس دکمه Keygen را برروی اتوران بزنید تا بدون هرگونه مشکلی کرک‌ها نصب شوند و برنامه اکتیو شود و شما از نسخه کامل برنامه لذت ببرید.,1,3,train
4066,البته این بدان معنا نیست که با دیدن این گوشی شگفت زده می‌شوید، ولی به هر حال نمی‌توان زیبایی این مدل در عین سادگی آن را کتمان نمود.,1,3,train
9678,نلفن هوشمند با امکانات بالا در عین حال سبک و نازک.,1,3,train
6461,از اصلاح کردن قیمت ممنونم.,1,3,train
1082,حالا می توانید در حالی که راحت در منزل خود نشسته اید از پخش محتواهای گوناگون در تلویزیون خود لذت ببرید.,1,3,train
354,دو کلید هم به صورت مجزا در پایین تاچ پد قرار دارند و بسیار خوب ساخته شده‌اند.,1,3,train
7019,ظاهرا htc تو این ضعیف عمل کرده، قدرت S IV بی شک از این بالا تر میشه چون واقعا Adreno هیچوقت به پای Mali نمیرسه همین Mali 400 به نظرم از Adreno 320 قوی تره.,1,3,train
9114,تشکر از دیجی کالا,1,3,train
10121,معایب: 1-پایین آمدن سطح‌دید در نور زیاد 2-باتری(البته در اندروید4بهترشده) در کل در این سطح قیمت گوشیه مناسبیه..,1,3,train
6054,برای خرید این پرینتر شک نکنید.,1,3,train
12105,دوربین فیلمبرداری JVC GZ-MG335، مجهز به لنزی با محدوده ی کانونی 2.2-77 میلی متر و از نوع JVCاست که لرزش گیر تصویر دیجیتال دارد و لرزش های دوربین را جبران کرده و از محوشدگی تصاویر، جلوگیری می کند.,1,3,train
4209,صدای اسپیکرشم کمه ولی هدفن صداش فوق‌العادست.,1,3,train
8112,نمی تونم بگم عالیه ولی راضی کنندست.,1,3,train
957,در مجموع کوچکی دستگاه این امکان را به شما می دهد که به راحتی آن را درون کیف خود گذاشته و حمل کنید و هر جا که نیاز به تهیه کپی یا اسکن از صفحات یا مدارکی داشتید استفاده کنید.,1,3,train
3733,گوشی خوبی برای کسایی هست که انتظار یک گوشی معمولی با سیستم عامل خوب رو دارن.,1,3,train
10518,جنس قاب پشتی گوشی به گونه ایست که اثر انگشت را جذب نمی‌نماید و کاربر می‌تواند به راحتی و با یک دست با گوشی کار کند.,1,3,train
9303,در آخر نیز باید بگوییم اکنون که کانن به فن آوری فوکوس سریع و دقیق با استفاده از سنسور تصویر دست یافته و همچنین لنزهای STM را نیز ابداع کرده است، به نظر می رسد که در آینده ای نه چندان دور شاهد نخستین دوربین بدون آینه-با لنز قابل تعویض نیز از آن باشیم.,1,3,train
1166,چند بار از دست ام افتاد ولی واقعا مثل اولش کار میکنه ضد آب بودنش رو تجربه نکردم ولی اطمینان میدم مشکلی پیش نمیاد .,1,3,train
8144,طراحی و ساختگوشی Desire C از جنس پلاستیک ساخته شده است و طراحی جمع و جور، گوشه های انحنا دار و وزن کم این گوشی موجب می‌شود که استفاده از آن تنها با یک دست به راحتی امکان پذیر باشد.,1,3,train
2818,تا ایزو 400 نویز در عکس‌ها مشکل ساز نیست.,1,3,train
6815,فکر کنم الان ارزش خرید رو داشته باشه قیمتش مناسب تر شده باتشکر از دیجی کالا,1,3,train
7108,پیشتر و در نقد و بررسی صفحه نمایش گوشی‌های ساخت اپل با تراکم پیکسلی 326ppi، از واژه شگفت انگیز استفاده نمودیم.,1,3,train
7517,گرافیکش هم خیلی پایین و ضعیف نیست .,1,3,train
9270,تغییر بارز دیگر این دوربین نسبت به مدل پیشین، استفاده از نمایشگر لمسی است.,1,3,train
3656,مایکروسافت برای این تبلت جذاب سنسور های مختلفی را استفاده نموده است.,1,3,train
11776,اگر به مشخصات فنی مدل مینی و مینی پرو در خصوص باتری توجه کنید، میبینید که تاک تایم مدل مینی پرو حدود یک ساعت بیشتره، یعنی یک ساعت بیشتر دوام میاره، که این خودش مزید بر علت هست!,1,3,train
8326,Sense 4.0 نسبت به نسخه های پیشین بسیار ساده تر ولی در عین حال کاربردی‌تر شده است.,1,3,train
2100,وزن کم و ضخامت 7.6میلیمتری این گوشی با طراحی زیبا از دیگر موارد کاربر پسندی هستند که میتوان به آنها نیز اشاره کرد.,1,3,train
2928,داک کیبورد نیز، این تبلت را به یک نت بوک ایده آل تبدیل می‌کند.,1,3,train
4132,من همین امروز گوشی رو خریدم گوشی واقعا عالیه دوربین با کیفیت بالا و اینکه نسبت به قیمتش اندوریدش  خیلی بالاست ولی بدیش اینه که منو نداره نمی خوام به خاطر همین یک ایراد ازش امتیاز کم کنم ولی گوشی ای که این همه امکانات داره نسبت به قیمتش واقعا مناسبه توصیه میکنم این گوشی رو بگیرین,1,3,train
10511,خیلی گوشی خوبیه,1,3,train
1852,در مجموع اگر که میخواهید گوشی ای برای 4 یا 5 سال داشته باشید که قدیمی نشه ساپورت بشه برنامه های متنوع و با کیفیت بالا داشته باشه این گوشی رو از دست ندید!,1,3,train
6234,جمع بندی همان‌طور که گفتیم، سامسونگ برای در دست داشتن بازار به تولید مدل ارزان‌تر گوشی موفق خود یعنی گلکسی نوت دست زد و با تولید گلکسی گرند، آرزوی بسیاری برای داشتن یک گوشی بزرگ با قیمتی کمتر را بر آورده نمود.,1,3,train
8927,دوربین در دست کاملا مستحکم احساس می‌شود و به نظر می‌رسد که توانایی تحمل ضربات وارده‌ی معمول روزانه را داشته باشد.,1,3,train
5793,یکی‌از بی‌نقص‌ترین گوشی‌هایی‌که تا حالا داشتم.,1,3,train
2639,روی هم رفته خوبه خوبه.,1,3,train
10147,نسبت به قیمتش خیلی گوشی جمع‌و‌جوری,1,3,train
10926,بازهم تاکید میکنم اگه دانشجو هستید مثل من یا سرو کارتون با کاغذ و دفتر است شک نکنید بخرید.,1,3,train
6783,متن تبدیل به پی دی اف می کند و بعد امکان رمز نگاری داره .,1,3,train
4258,یک پک خوب و ارزان قیمت.,1,3,train
6048,چون خیلی زیاد ازش استفاده نکردم و در حد مصرف خونگی برام واقعا بصرفه بود.,1,3,train
7882,به هر حال، وجود نسخه 4.1 اندروید بر روی هر دستگاهی برای آن یک مزیت را ایجاد می‌نماید.,1,3,train
12115,مشخصه های اصلی دوربین فیلمبرداری JVC GZ-MG335 • ابعاد: 76*68*113 میلی متر• وزن: 310 گرم، بدون باتری• صفحه نمایش TFT به اندازه ی 2.7 اینچ و تعداد 123000 پیکسل• زوم اپتیکال 35 برابر و زوم دیجیتال 800 برابر• لرزش گیر تصویر دیجیتال• باتری یون لیتیوم استاندارد• مجهز به کنترل از راه دور• ذخیره سازی فیلم در قالب MPEG2 • مجهز به خروجی کامپیوتر و تلویزیون• دوربین مجهز به فوکوس خودکار,1,3,train
12647,هر روز که میگذره من بیشتر به قابلیت های این گوشی پی میبرم .,1,3,train
9461,آیپاد نانو نشان می دهد در حداقل فضا می توان امکانات یک پلیر خوب و با کیفیت را در اختیار داشت و دیگر نیازی به فضای زیاد برای تعبیه ی دکمه های گوناگون نیست.,1,3,train
6724,تغییر دیگر در سنسور تصویر بوده که از 14 مگاپیکسل به 16 مگاپیکسل افزایش یافته است.,1,3,train
7611,از دیگر قابلیت‌های خوب این گوشی، پشتیبانی آن از NFC و DLNA می‌باشد.,1,3,train
35,من یک سالی شده که این پرینتر خریدم ولی تا به حال هیچ مشکلی باهاش نداشتم.,1,3,train
10312,بنده این گوشی رو خریدم و واقعا ازش راضی هستم .,1,3,train
7368,HP در سری Presario CQ58 از پردازنده‌های رده پایین Intel Pentium و AMD سری E استفاده کرده است که با وجود اینکه قدرت پردازشی بالایی ندارند، از عملکرد عمومی نسبتا خوبی برخوردارند.,1,3,train
10357,من که راضیم.,1,3,train
2726,باریکی این تبلت در حالیست که فوجیتسو موفق شده برای این دستگاه استاندارد نظامی STD-810G را نیز کسب نماید.,1,3,train
11116,سامسونگ همچنین برنامه های زیادی را به صورت پیش فرض بر روی تبلت خود قرار داده است، برنامه‌هایی مانند S Memo ، S Note ، S Planner ، شبکه های اجتماعی، Pulse Reader ، شبکه های موزیک ، آفیس ، ویدیوپلیر، سازنده ویدیو، All Share و سرآمد همه آنها فتوشاپ لمسی.,1,3,train
3384,چرا که با وجود مدیریت حافظه بسیار خوب ویندوز که عملکرد فوق‌العاده ای را ارائه می‌نماید، گوشی‌های ویندوزی حتی با رم پایین‌تر نیز نسبت به گوشی‌های اندرویدی، ضعفی احساس نخواهند کرد.,1,3,train
12684,قیمت مناسب.,1,3,train
3931,به هر حال امکاناتی که سونی به کاربرش ارائه می‌کنه واقعا بیشتره و دوربینهای سونی عملا دوبینهایی عامه پسندتر و خانوادگی و کانن دوربینهایی حرفه‌ای‌تر از لحاظ کیفیت ثبت تصاویر شناخته میشن.,1,3,train
3202,از لحاظ باتری که نسبت به هم رده هاش سره.,1,3,train
6154,به نظرم فعلا xbox بهتره چون بازی هاش هم بیشتره هم ارزونتره .,1,3,train
3876,باتری لیتیومی این دوربین در یک بار شارژ کامل می‌تواند برای گرفتن تا 450 عکس را پشتیبانی کند و این در حالیست که باتری HX100v تنها توانایی گرفتن تا 300 عکس را داشت.,1,3,train
12805,بسیار عالی ، من این مجموعه را دیروز سفارش دادم و امروز به دستم رسید با پست!,1,3,train
11157,رنگ های زنده تر برای تصاویری بهترت بهبود دهنده گسترده رنگ ها پلاس - Wide Color Enhancer Plus سامسونگ با بهره گیری از یک الگوریتم پیشرفته ارتقای کیفیت تصویر، می تواند کیفیت هر تصویری را بهتر ساخته و جزییات پنهان را آشکار سازد.,1,3,train
6845,گوشی خوبیه از لحاظ کیفیت ا چ دی.,1,3,train
12291,در این رنج قیمت مشخصاتش رو با هر دوربین دیگه ای مقایسه کردم یه سر و گردن بالاتر بوده.,1,3,train
9083,سلام گوشی خوبیه ولی یه مشکلی که داره مصرف باطریش یکم بالاست ولی به قیمتش می ارزه من که ازش راضیم با این که مصرف باطریش بالاست.,1,3,train
1292,گوشی خوش دستیه.,1,3,train
8647,هم باتری خوبی داره هم صفحش زیاد بزرگ نیست که تو جیب جا نشه.,1,3,train
8364,ولی در کل دوربین خوبی هستش..,1,3,train
106,F660 مجهز به باتری لیتیوم-یونی قابل شارژ NP-50A می‌باشد که در هر بار شارژ کامل توانایی شارژ دهی به اندازه‌ی گرفتن 300 عکس را دارد.,1,3,train
5190,از نگاه نخست، معلوم است که N43SM نوت‌بوکی زیباست که ایسوز به طراحی آن اهمیت زیادی داده است.,1,3,train
27,بنابراین اگر به دنبال پرینتری با این ویژگی‌ها هستید، M1132 گزینه‌ی مناسبی است.,1,3,train
3691,ابعاد این گوشی خیلی جمع و جور است که این نیز بر سادگی حمل و نقل آن می‌افزاید.,1,3,train
131,به هر صورت هر دو رزولوشن کاملا بالا هستند تا به خوبی جوابگوی نیازهای عکاسی روزانه باشند.,1,3,train
8622,تو این قیمت گوشی خوبیه، وزن کمی داره و بطور کلی با توجه به قیمت مناسبترین گوشی دوسیمکارته موجود در بازاره با تشکر از دیجی کالا این گوشی در زمان کمتر از 24 ساعت به دستم رسید,1,3,train
4042,دوام باتری تا 300 دقیقه به صورت آماده به کار افزایش پیدا کرده است.,1,3,train
144,دوربین خوبیه.,1,3,train
9200,فیلم برداری خوب و سریع انجام میشه و اصطلاحا دوربین هنگام فوکوس روی سوژه متحرک تار نمیشه و فقط صدای لنز 55-18 IS در هنگام فیلم برداری کمی ازار دهنده هست که با خرید لنزهای STM بر طرف میشه.,1,3,train
7828,سرعتش خوبه !,1,3,train
7737,با اینکه از همه نظر شبیه به آیپد 2 هست اما تو gaming اصلا کم نمیاره .,1,3,train
9862,طراحی و ساختاز نظر طراحی و ساخت این گوشی کاملا شبیه به Asha 308 می‌باشد و می‌توان این گوشی را در بین گوشی‌های جمع و جور و خوش دست قرار داد که به راحتی در دست جای می‌گیرد.,1,3,train
2148,جواب این سوال این است که این پردازنده از چیپ A6 پشتیبانی میکند قدرت این پردازنده را از دو برابر هم بیشتر میکند و البته صفحه نمایش RETINA هم از صفحه نمایش های SUPER AMOLED و SUPER LCD2 بسیار با کیفیت تر است نتیجه را به خودتان واگذار میکنم!,1,3,train
11673,بازیهایی که من روش نصب کردم Need For Speed Most Wanted و PES 2012 و Dead Trigger FullHD و خیلی بازیهای دیگه که راحت اجرا میکنه.,1,3,train
1887,بابت خش پذیری قاب پشتش هم کلی راه حل هست ..,1,3,train
5955,اما به جز این مود، HX10v خوشبختانه از مودهای Program و Manual Exposure هم بهره می‌برد.,1,3,train
3596,این پردازنده‌ها قدرت کمتری نسبت به پردازنده های Intel Core دارند، ولی در عوض، مصرف انرژی آن‌ها نیز بسیار پایین‌تر است.,1,3,train
11937,نه هنگ میکنه و نه به نصب نرم افزارهای زیاد حساسه.,1,3,train
55,کاملا کوچک است و به راحتی در کف دست جای می گیرد.,1,3,train
3644,این صفحه نمایش قابلیت دریافت و درک چندین لمس همزمان( تا 5 لمس ) را داراست و درک لمس در این صفحه نمایش بدون نقص صورت می‌پذیرد.,1,3,train
11475,بهتره .,1,3,train
5730,این گوشی در نسخه هایی با حافظه‌ی داخلی 16 و 32 گیگابایت عرضه می‌شود و در از کارت حافظه‌ی Micro SD تا سقف 32 گیگابایت هم پشتیبانی می‌کند که تقریبا بی‌نظیر است.,1,3,train
9297,لنز دوم، لنز 40mm f/2.8 STM Pancake می باشد که مقام کوچکترین لنز کانن را به خود اختصاص می دهد.,1,3,train
468,با مشخصات خوبی که داره ، قیمت مناسبی داره ( البته توی این گرونی !,1,3,train
4033,صفحه نمایش خیلی با کیفیتی هم داره فقط کاش مثل دوربین کنون قابلیت چرخش کامل داشت .,1,3,train
9408,ازسامسونگ تواین قیمت بهتره.,1,3,train
10510,یکی از خصوصیات گوشی که ذکر نشده اینه که آندرویدش قابل آپدیت به 4.1 است.,1,3,train
3423,بعدشم همه میدونن که htc تو دوربین و صدا کم نمی ذاره یکی از نمونه هاش هم همین گوشی که بهترین دوربین جلو رو در بین گوشیها داره که با کیفیت Full HD فیلمبرداری میکنه، در مورد صدا هم که اسم Beats Audio همه چیز رو میگه.,1,3,train
3839,با قابلیت‌های ارتباطی بهتر می‌توانید فایل‌ها و برنامه‌های چندرسانه‌ای خود را آسان‌تر به اشتراک گذاشته و از آنها لذت ببرید.,1,3,train
6644,وقتی دوربین را بر روی این مود قرار می‌دهید، دوربین شما به یک دستگاه کاملا خودکار تبدیل می‌شود.,1,3,train
7167,تنها چیزی که شاید بشه ازش ایراد گرفت، تراکم پیکسلی نسبتا پایین استیشن هست، بنده راضیم چون Galaxy Note 10.1 و TF300 هم دقیقا همین مشخصه رو دارن!,1,3,train
822,در کل به نظر من گزینه مناسبی برای دو سیم کارت هست مخصوصا اینکه از رقیبایی مثل سامسونگ اس دو اس برتری قطعات و برندی خوبی داره .,1,3,train
332,در مدت زمانی که این دستگاه را تست کردیم، متوجه شدیم که بدنه به خوبی ساخته شده و طی فشارهای روزمره، دچار خمش نمی‌شود.,1,3,train
8569,به قول یکی از دوستان برند دیگه مهم نیست مهم امکانات گوشیه .,1,3,train
8107,به نظرم این گوشی، گوشی خوبیه.,1,3,train
4573,مشکلش اینه که زود شارژش تموم میشه ولی بقیه امکاناتش خیلی عالی هست و قیمتشم مناسبه.,1,3,train
5458,با تشکر از دیجی کالا گوشیه خوبی است اما ظاهر زیبایی ندارد متاسفانه اما از نظر سخت‌افزاری قوی است,1,3,train
406,این دوربین به خوبی از پس خطای رنگی بر می‌آید.,1,3,train
2728,حتی می‌توان گفت که در مقابل قطرات باران نیز مقاوم است و می‌توان در مواقع لزوم در زیر بارش باران نیز با آن کار کرد.,1,3,train
2745,در ضمن، با وجود پردازنده Tegra 3، قادر خواهید بود از TegraZone بازی‌های بسیاری که برای این پردازنده‌ها طراحی شده‌اند را دریافت کرده اجرا نمایید.,1,3,train
6541,با وجود قابلیت پشتیبانی صفحه نمایش این تبلت از دستورات چند لمسی نیز، برای انجام چندین لمس همزمان با تاخیری مواجه نخواهید شد.,1,3,train
12333,به دلیل اینکه مدارات این سنسورها در قسمت پشتی آن‌ها به کار رفته، در ایزوهای بالا عملکرد خیلی بهتری را از خود نشان می‌دهند و نویز کمتری تولید می‌کنند.,1,3,train
4604,کیفیت صفحه نمایشش هم خوبه البته اونقدر که توی تبلیغاتش مینویسن خوب نیست.,1,3,train
7064,اما این مدل اچ تی سی غوغا کرده.,1,3,train
5156,نوع بی‌سیم این دسته بازی نیز، فاصله‌ی ۹ متر را با باتری AA از نوع NimH پشتیبانی می‌کند که این فاصله برای یک دسته بازی بی‌سیم فاصله‌ی مناسبی است.,1,3,train
12425,البته مطمئن نیستم ولی وزن این گوشی واقعا سبک هست و وقتی در دست میگیرید لذت میبرید.,1,3,train
7052,گوشی خیلی خوبیه,1,3,train
12428,دوستان دقت کنید که CPU این گوشی از نوع معماری Cortex-A15 هست و قوی تر از Tegra 3 با معماری Cortex-A9 هست.,1,3,train
5695,من آدم سخت گیر و نکته سنجی در مورد خرید وسایل مورد نیازم هستم، شاید دوربین این دستگاه در نور کم عملکرد خوبی نداشته باشه ولی در نور روز عالیه و این موضوع در برابر تمام خوبی هایش به هیچ وجه چیز مهمی نیست.,1,3,train
10850,دو ماهه که این تبلت رو خریدم، تمام نیازهای من رو در زمینه اینترنت، برنامه های آفیس و نیز برقراری تماس تصویری چه از طریق اینترنت و چه از طریق سیم کارت رایتل برآورده کرده.,1,3,train
4814,ویدیو شفاف تر و رابط کاربری بهتر ولی Sony Handycam HDR-XR550V در میان رقبا جایگاه خوبی دارد.,1,3,train
8626,ارزش خریدو داره.,1,3,train
11141,در ضمن میتونین اگه گوشی اندروید دارین یه برنامه سامسونگ کنترل از بازار بگیرین و با گوشیتون عین کنترل خودش کنترلش کرد.,1,3,train
2600,من بین Nikon Coolpix L870 و این گیر افتادم اما دارم پولامو جمع و جور میکنم که این رو بخرم فکر میکنم گزینه بهتریه,1,3,train
12062,دوربین فیلم‌برداری MG255 به مجموعه نرم‌افزاری خوبی مجهز است.,1,3,train
4056,با سلام خدمت دوستان این دوربین رو به تازگی خریدم البته قبلش میخواستم g12 کنون رو بخرم اما در واقع موقع خرید فروشنده لطف کرد و یک تست از هردو دوربین گرفتم عکس کنون بد نبود اما در بزرگنمایی خیلی بهم ریخته شد اما سونی وضوح خوبی داشت و زوم اون هم غیرقابل تصور بود و مهمترین قسمتش لرزش دست بود که عالی عمل میکرد و خلاصه نقاط قوت : مگاپیکسل بالا با این اندازه سنسور در دوربین های هم قیمت .,1,3,train
9764,البته کمینه‌ی نسبت کانونی آن f/3.3-5.9 می‌باشد که باعث می‌شود در شرایط نوری ضعیف بتوانید بهتر عکاسی کنید.,1,3,train
5968,این دوربین مجهز به فن آوری لرزش گیر اپتیکال Steady Shot می‌باشد تا بدین ترتیب لرزش دست شما اثر کمتری در عکسی که می‌گیرید داشته باشد و حتی در صورت استفاده از زوم بالا یا سرعت شاتر پایین هم بتوانید عکس هایی شارپ داشته باشید.,1,3,train
5883,از خوبیش هرچی بگم کمه.,1,3,train
5258,حسگر تبلت GSP-X7 دارای تکنولوژی حسگر جاذبه (Gravity) می‌باشد که با قابلیت چرخش در چهار جهت هنگام چرخش دستگاه، جذابیت بالایی هنگام کار با تبلت را ایجاد می‌کند.,1,3,train
1566,• سخت افزار از نظر سخت افزاری این تبلت بی نقص به نظر می‌رسد.,1,3,train
12263,تنظیمات داخلیش هم خیلی متنوع.,1,3,train
10116,نمی خوام زیاد در موردش حرف بزنم فقط خلاصه می خوام بهتون بگم که من خودم این گوشی رو 1 ساله که خریدم فقط بگم اگه دوباره برگردم سر نقطه اول شک نکنید همین گوشی رو میخرم و این رو بگم که تنها بدی که داره قطرشه که زیاد مهم نیست و در آخر بگم که تا الآن هر بازی رو که روش نصب کردم به راحتی اجرا کرد و صدایی که داره رو فقط وقتی خریدین می تونین بفهمین که چقدر زیاده.,1,3,train
5157,همچنین در صورت کاهش توان باتری گیم پد بی سیم، چراغ اطراف پاور به صورت چشمک‌زن به کاربر هشدار خواهد داد.,1,3,train
8628,سلام این گوشی تو این رنج قیمت بهترین گوشی دوسیم کارته هستش من چند روز پیش از همین سایت خرید کردم خیلی عالیست فقط کیفیت فیلمبرداریش 480*720 میباشد,1,3,train
3669,این دوربین از حساسیت خوبی بهره می‌برد که در مواردی از مدل‌های مشابه خود بهتر شده است.,1,3,train
1704,برنامه های Find My iPhone و Find My Friends همان‌طور که از نامشان پیداست به شما برای یافتن دوستان قدیمی و البته گوشیتان در صورت مفقود شدن کمک می‌نمایند.,1,3,train
1412,اپل همیشه بهترین کیفیت رو داره,1,3,train
8798,و اکثر امکانات آن، قابلیت‌های استاندارد سیستم عامل اندروید می‌باشد.,1,3,train
5894,گوشی خوبیه,1,3,train
3614,به هر حال این تبلت اولین تبلت ساخت کمپانی مایکروسافت به شمار می‌رود و مایکروسافت شدیدا امیدوار است که با این محصول و در اولین تجربه، از صفر به صد در تولید تبلت برسد.,1,3,train
3569,آفرین به سامسونگ همون چیزی که مشتری میخاد میده بازار .,1,3,train
1686,شاید یکی از اصلی‌ترین برتری‌های محصولات کمپانی اپل که باعث گردیده همه آن‌ها با استقبال فراوانی مواجه گردند، وجود سیستم عامل انحصاری این کمپانی است که در بین سیستم عامل‌های موجود بر روی گوشی‌های موبایل و تبلت ها، به واقع تا به امروز بی رقیب است.,1,3,train
11084,همه این کارها در Galaxy Note 10.1 مقدور می‌باشند که به همراه قلم تعبیه شده بسیار راحت‌تر و لذت بخش تر صورت می‌پذیرند.,1,3,train
9785,منوی صفحه نمایش این دوربین زبانهای مختلف رایج دنیا و همچنین زبان فارسی را دارد .,1,3,train
4327,با توجه به اختلاف قیمت با آیفون ارزش خرید رو دارد..,1,3,train
6756,این دوربین از فن آوری iAuto در فیلم‌برداری اتوماتیک بهره می برد که همان اتوماتیک هوشمند است و باعث می شود که دوربین به صورت خودکار بتواند نوع صحنه را تشخیص دهد و نوردهی و دیگر تنظیمات را متناسب با آن قرار دهد.,1,3,train
1516,• دارای ورودی پرسرعت USB یکی از امکانات منحصر به فرد گیرنده‌های دیجیتال امکان پخش آن‌ها می‌باشد که شما می‌توانید با اتصال فلش و هارد اکسترنال تا حجم 500 گیگابایت به گوش دادن موسیقی، نمایش عکس و همچنین پخش فایل‌های فیلم با فرمت‌های گوناگون و با کیفیت فول اچ دی بپردازید.,1,3,train
5584,اما در کل عملکرد آن برای یک گوشی در این سطح کاملا رضایت‌بخش به نظر می‌رسد.,1,3,train
1829,سیستم عاملی که واقعا کار باهاش لذت بخش است.,1,3,train
3051,به درستی که دوربین بسیار قدرتمندی شرکت asus بر روی آن تعبیه کرده است ، فیلم برداری full HD با ترکیب رنگ های بسیار عمیق و اغوا کننده (تنها در شرایط نور کم کمی از قدرت این دوربین حین فیلم برداری کاسته می شود و فلاش قدرت زیادی ندارد) ، در مقوله عکس برداری هم شما با این تبلت کمبودی حس نخواهید کرد.,1,3,train
4366,میشه گفت این محصول، انقلاب امسال اپل بود.,1,3,train
394,"Ixus 240 HS مجهز به نمایشگر بزرگ و عریض 3.2 اینچی لمسی 460,000 پیکسلی می‌باشد.",1,3,train
1509,این دوربین تقریبا تکمیل شده ی سری A می باشد که می توان بهترین مزیت آنرا استفاده همزمان از صفحه ی لمسی و صفحه کلید دانست.,1,3,train
1602,• باتری سامسونگ با قرار دادن یک باتری 4600 میلی آمپری بر روی تبلت جدید خود، خیال کاربران را از جهت شارژ دهی آن تا حدودی راحت نموده است.,1,3,train
7877,نکته مثبت اکثر محصولات اندرویدی ASUS به روز بودن سیستم عامل آن‌هاست.,1,3,train
8156,نرم افزار و قابلیت‌هایکی از نقاط قوت گوشی Desire C ارائه آن به همراه نسخه 4 سیستم عامل اندروید یا Ice Cream Sandwich است.,1,3,train
3783,تقریبا همه ی این عملکرد خوب در فیلم برداری شرایط ضعیف محقق شده است.,1,3,train
3248,ولی خیلی راحت میتونین از بازار و جاهای دیگه هم این تبلت رو قیمت بگیرین و متوجه بشین توی این سایت از همه جا ارزونتر میتونید بخریدش.,1,3,train
12186,به هر صورت همانطور که گفتیم، 100D کوچکترین دوربین DSLR ی است که ساخته شده و از نظر قواره تفاوت زیادی نسبت به بدون آینه- با لنز قابل تعویض های سطح حرفه ای ندارد.,1,3,train
4561,)صدای تولیدی توسط این گوشی همچون دیگر مدل های xperia در حد خوبیست و با روشن کردن xloud بهتر هم می شود!,1,3,train
11236,بعلاوه ی اینکه عکاسی پیاپی آن نیز با سرعت 5.5 فریم بر ثانیه از 4.5 فریم بر ثانیه ی 6D برتر است.,1,3,train
6601,و در اخر بگم تا تاریخ ثبت این نظر هیچ تبلتی از مدیاپد ارزش خرید بیشتری نداره.,1,3,train
5175,در ضمن سی پی یو و کارت گرافیک و رم ایکس باکس در ازمایشگاههای تست سخت افزاری از لحاظ قدرت پیشی گرفته است و به همین علت سری های اولیه ایکس باکس ها 360 سه چراغه میشودند!,1,3,train
5774,این ویژگی Voice to Speech در جاهای دیگر گوشی مثل جستجو در گوگل یا در مروگر برای نوشتن آدرس های اینترنتی هم کاربرد دارد.,1,3,train
6505,اگر دنبال یک هارد دیسک برای انتقال داده هاتون با اندازه خیلی مناسب و کوچک و امنیت بالا هستین وسترن رو بگیرید.,1,3,train
1736,کیفیت ساختش تکه.,1,3,train
6757,در کل همانطور که گفتیم، PJ600 یکی از بهترین دوربین های مجهز به پروژکتوری است که تا به حال دیده ایم.,1,3,train
6967,من آیفون 5 دارم اما شیفته این شدم!,1,3,train
6895,گوشی فوق العادیه ولی امان از اچ تی سی و داستان دنباله دار باطری .,1,3,train
10287,این گوشی نصبت به قیمت از همه رقیباش یه سروگردن بالاتره شک نکنید!,1,3,train
12325,در کل عالیه.,1,3,train
9231,بدین ترتیب در هر مودی که باشید می توانید سریعا به مود فیلم برداری سویچ کنید و سپس با فشردن دکمه ی Record در قسمت بالا و سمت راست نمایشگر ضبط ویدیویی را آغاز نمایید.,1,3,train
7087,قطر کم آن که در بیشترین حد تنها به 9.1 میلی متر می‌رسد باعث می‌گردد که نگهداری آن در دست و کار با گوشی راحت‌تر گردد.,1,3,train
4220,به نظر من هوآوی یه انقلابه تو گوشی ها، به نظر من این گوشی با توجه به گارانتی یک سالش بیشتر از اینا می‌ارزه.,1,3,train
9208,به نظر دوربین 650d به جهت کارآیی در عکاسی با دوربین 600D تفات خاصی ندارد ، و فقط مزیت ها در مود فیلمبرداری است ، پیشنهاد می کنم اگر علاقه به فیلمبرداری های پورتابل دارید و نمی خواهید هزینه هایی سنگین برای خرید دوربین های مثل 5d بدهید ، این دوربین می تواند برای شما جذاب باشد,1,3,train
5405,با وجود این سخت‌افزار قدرتمند و البته نسخه 4 سیستم عامل اندروید، می‌توان گفت که تقریبا همگی برنامه های موجود برای اندروید را می‌توان به راحتی بر روی Optimus VU نصب و اجرا نمود.,1,3,train
9533,ولی appleخوب تونسته بوده از سال 2007 جای پاشو تثبیت کنه طوری که هنوز اینقدر طرفدار داشته باشه..,1,3,train
5729,چنین سخت‌افزارهایی باعث شده که ذره‌ای مکث و تاخیر در عملکردهای گوشی دیده نشود.,1,3,train
4735,گوشی ظریفیه موقع خریدش کاور فراموش نشه.,1,3,train
12835,در مجموعه گردو، نرم‌افزارها متناسب انتخاب می‌شوند و تمام نیازهای تخصصی و عمومی کاربران را پوشش می‌دهد.,1,3,train
3253,وزن این لپ‌تاپ‌ها بسته به ابعاد مانیتور بین 1.2 تا 2.6 کیلوگرم متغیر است ولی در کل وزن‌ها استاندارد هستند.,1,3,train
12989,در کل باید گفت که به جز بعضی کمبودها چون ظرفیت کم سینی ورودی، D110a پرینتر کاملا خوب و مناسبیست که می تواند پرینت هایی کاملا با کیفیت با سرعتی قابل قبول تولید کند.,1,3,train
5653,وزن این تبلت تنها 588 گرم است و جزو سبک‌ترین تبلت های بازار محسوب می‌شود.,1,3,train
4235,با این امکاناتی که این گوشی داره، این قیمت خیلی مناسبه بنچ مارکی که با نرم افزار antutu benchmark گرفتم رو براتون مینویسم.,1,3,train
7673,بلندگوهااپل بلندگوهای MacBook Pro 2012 را به طور کامل از نو طراحی کرده است و می‌توانیم بدون اغراق بگوییم که این بلندگوها یکی از بهترین بلندگوهاییست که تا به امروز بر روی لپ‌تاپ‌ها دیده بودیم.,1,3,train
12771,وقتی نوبت به عکاسی می‌شود، حتما انتظار دارید که Xperia Pro مانند پسر عمویش یعنی Vivaz عکس‌های خیلی خوبی تولید کند، که البته این حدس درست است.,1,3,train
8769,البته این سادگی به معنای زیبا نبودن گوشی نیست، اما در کل طراحی L7 II با L7 هیچ شباهتی ندارد.,1,3,train
10544,صفحه کلید این گوشی نیز یک صفحه کلید کاربردی و ساده است که تایپ با آن به سادگی صورت می‌پذیرد.,1,3,train
2163,از لحاظ کیفیت هم همه میدونن(مخصوصا سامسونگیها) اپل حرف اول رو تو دنیا میزنه نوت2 رم 2 گیگ داره و میتونه صفحه رو دو قسمت کنه و دو تا برنامه رو باهم اجرا کنه که واقعا این یکی از چیزای استثناییشه.,1,3,train
8392,در دوربین های کولپیکس نیکون ، هیچگونه حاشیه رنگی وجود نداره و عکسها کاملا واضح و شفاف تر هستند .,1,3,train
4077,باید اذعان داشت که با توجه به قیمت این مدل، سخت افزار بسیار خوبی در Asha 302 قرار داده شده است.,1,3,train
11918,با سلام همواره صبر داشته باشید تا بهترین ها را داشته باشید سونی عالیه یکی از بی‌نقص‌ترین تبلت های سونی,1,3,train
10127,از Ace و Xperia mini بهتره.,1,3,train
11391,چون چنین گوشی با چنین قدرتی 16gb واقعا کمه به نظره من,1,3,train
5177,که در حال حاضر این مشکل در ورژنها جدید برطرف شده است!,1,3,train
7583,با نگاهی به مشخصات فنی میشه گفت سعی کرده بازار اونایی رو داشته باشه که میخوان گوشی که انتخاب کردن به زودی قدیمی نشه.,1,3,train
12084,این دستگاه در دو رنگ مشکی و نقره‌ای عرضه شده است.,1,3,train
12469,من پسندیدم,1,3,train
4089,• جمع بندی نوکیا Asha 302 یک گوشی خوش استیل و با پرستیژ محسوب می‌شود که اگر به دنبال یک سیستم عامل به روز نباشید می‌تواند انتخاب بسیار مناسبی برای شما محسوب گردد.,1,3,train
4747,باتریشم خوبه,1,3,train
2300,شارژدهی باتری مناسب است.,1,3,train
552,لبه های لپ‌تاپ کاملا انحنا داشته و این امر کمک قابل توجهی به کار کردن و حمل و نقل لپ‌تاپ می‌کند.,1,3,train
8150,اگرچه این صفحه نمایش از لحاظ کیفیت عالی نیست و وضوح آن در زیر نور مستقیم آفتاب می‌توانست بهتر از این هم باشد اما به طور کلی کیفیت متوسطی دارد و رنگ‌ها و زوایای دید این صفحه نمایش مناسب هستند.,1,3,train
7121,در ضمن، وجود نسخه 4 از فناوری بلوتوث و قابلیت‌های NFC و DLNA نیز ارتباط این دستگاه را با دیگر دستگاه های دیجیتالی راحت‌تر می‌نماید.,1,3,train
12346,البته با فن آوری Clear Image Zoom می‌توان بیشینه‌ی زوم اپتیکال را بدون کاهش محسوس در کیفیت تصویر به صورت مجازی تا 10 برابر افزایش داد.,1,3,train
4998,هدف از نام‌گذاری این کنسول به نام XBOX 360 این است که این کنسول نه تنها نیازهای مربوط به بازی را برای کاربر مرتفع می‌سازد، بلکه این توانایی را دارد که به عنوان یک مرکز چند رسانه‌ای یا Multimedia Center در خانه مورد استفاده قرار گیرد و به صورت ۳۶۰ درجه (جامع) نیازهای دیجیتال کاربر را مورد پوشش خود قرار دهد.,1,3,train
8745,1-صفحه نمایش 4.3 اینچی بزرگ.,1,3,train
6637,ویدیوها در دو فرمت AVCHD و MPEG4 ضبط می‌شوند که دومی برای کار کردن بر روی کامپیوتر و وب آسان تر است.,1,3,train
497,به قدری ظرافت در طراحی این گوشی به کار رفته که تصور میکنم نوکیا در ساخت این گوشی نهایت تجربه و تخصصش را به کار گرفته تا مشتری را از این خرید راضی نگهدارد.,1,3,train
4292,محیط رابط کاربری تغییر خاصی نسبت به iOS 5 نکرده ولی تعدادی امکان و قابلیت جدید مانند یکپارچگی با شبکه اجتماعی فیس‌بوک، مارکت بهبود یافته و برنامه ناوبری Apple Maps، به آن اضافه شده است.,1,3,train
2470,از مشخصاتش معلومه که گوشیه خوبیه .,1,3,train
3237,کافیه از جدول مقایسه همین سایت استفاده کنین تا متوجه برتری های این تبلت بشید.,1,3,train
8957,کمپانی کانن برای تضمین عملکردهای سریع و با کیفیت Canon SX230 HS این دوربین را به پردازنده‌ی تصویر DIGIC 4 مجهز نموده قابل ذکر است که این پردازنده‌ی تصویر اکنون بر روی جدیدترین DSLR‌این کمپانی نیز دیده می‌شود.,1,3,train
3593,این پردازنده های به لطف بهره گیری از تکنولوژی Hyper-Threading قابلیت ایجاد دو هسته ای مجازی دیگر را داشته و می‌توانند به صورت چهار هسته ای کار کنند.,1,3,train
12551,در مورد دوربین VGA دوم نیز باید گفت که برای مکالمه‌ی تصویری کار خود را خوب انجام می‌دهد و حتی در نور کم نیز عملکرد خوبی دارد، ولی نباید انتظار داشته باشید که با آن بتوانید برنده‌ی جشنواره‌های عکاسی شوید!,1,3,train
1996,cpuی آیفون 5 هیچ کمبودی ندارد.,1,3,train
7423,همه چیز در این لپ تاپ عالیه فقط یک نکته داره و اون اینه که آیا باتری 4 سلولی میتونه این سخت افزار رو ساپورت کنه؟,1,3,train
10206,به قول قائم نقوی صفحه‌نمایش زیاد عالی نیست چون در هر اینچ حدود 180 پیکسل هست و زاویه‌دید کمی داره ولی در Sony Ericsson Xperia Neo V این مشکل حل شده در هر اینچ حدود 250 پیکسل و زاویه دید خیلی بالا داره و میتونم بگم از تکنولوژی Bravia که در تلوزیون های شرکت سونی ساخته میشن استفاده میکنه.,1,3,train
568,این بلندگوها به تکنولوژی SRS Premium Sound PRO مجهز بوده و کیفیت صدای رضایت بخشی را ارائه می‌دهند.,1,3,train
10947,تبلت خوبیه.,1,3,train
7577,به نظر من قیمتش خیلی بالا نیست .,1,3,train
12255,برای دیجی کالا پسش فرستادم اونا هم بررسی کردن و یا یک دوربین سالم تعویضش کردن و برام فرستادن.,1,3,train
2118,طراحی :اول از همه طراحی رو بررسی میکنیم ایفون 5 گوشی خیلی زیبا، خوش دست، سبک و نازکه ولی ایا این طراحی برای شما تکراری نیست ؟,1,3,train
6158,سلام به همه دوستان به نظر من خوبی های این محصول خیلی چشمگیر تر از بدی های آن می باشد.,1,3,train
8212,شما این ریموت ضد آب و قابل اتصال به لباس را می توانید به طور جداگانه برای نسخه های مشکی و سفید خریداری کنید.,1,3,train
3778,خوشبختانه جای باتری این دوربین از نوع باز است و بدین ترتیب می‌توانید از باتری های بزرگتر و پرظرفیت تر چون FV70 و FV100 هم بر روی آن استفاده کنید.,1,3,train
1642,بالاخره پس از سال‌ها اپل درگاه انحصاری خود را کنار گذاشت و یک درگاه جدید کوچک‌تر و البته سریع‌تر برای تبادل اطلاعات با نام درگاه رعد رونمایی نمود.,1,3,train
11244,سلام دوستان من از همین سایت خریدم به نظرم دیگه بهتر از این نمیشه همه خصوصیات یه دوربین عالی رو یه جا داره از خریدش پشیمون نمیشید,1,3,train
6766,دکمه های فوق العاده کاربردی روی دستگاه..,1,3,train
12198,حالا میخوام چندتا از بهترین مزیتاشو واستون بگم: 1-از سرعت بسیار عالی برخوردار(به دلیل استفاده از usb3) 2-موقع عدم انتقال داده هارد به صورت standbye درمیاد که میشه گفت تنها هاردیه که این مزیتو داره 3-به دلیل نرم افزاری که روش نصبه امکان رمزگذاری فراهمه 4-درسته که این هارد ضد‌ضربه نیست ولی من تا الان بیشتر از7تا8 بار روی زمین سخت افتاده وتا الان هیچ مشکلی براش پیش نیومده بطور کل باید بگم که اگه دنبال یه هارد کامل و خوب میگردید بدون شک همین رو انتخاب کنید,1,3,train
7115,از آنجائیکه کلا عملکرد SuperLCD ها در زیر نور مستقیم آفتاب و زوایای مختلف نیز خوب ارزیابی می‌گردد، در مورد این صفحه نمایش هم می‌توان گفت که افت عملکرد خاصی را مشاهده ننمودیم.,1,3,train
9071,به خصوص از نظر امکانات هوشمند و آن نمایشگر بزرگ لمسی و قابلیت های ارتباطی.,1,3,train
9180,مدل جدید 700 d کانن هم تازگیها به بازار اومده و تفاوت چندانی با این مدل 650 d نداره فقط نسخه بروز شده همون 650 d هست به نظر من و با توجه به مقایسه ای که بین 650 و 60 d کانن کردم برای کسانی که برای فیلمبرداری میخوان به نظر گزینه بهتری میاد با توجه به پردازشگر digic 5,1,3,train
6725,این مقدار رزولوشن بیشتر هم هرچند که کم می باشد ولی به هر صورت پیشرفت خوبیست.,1,3,train
13072,البته اگر تصویر کره ی زمین که پیش فرض آن است را دوست نداشتید می توانید آن را عوض کنید.,1,3,train
11877,این گوشی از رابط کاربری سونی اریکسون TimeScape بهره می‌برد که اخیرا ویژگی‌ها و ویجت‌های بسیار جذاب و خوبی به آن اضافه شده است.,1,3,train
11504,• صفحه نمایشNexus 4 از یک صفحه نمایش عریض 4.7 اینچی با پنل True HD IPS+ استفاده می‌کند.,1,3,train
12472,آره درست میگه گوشی ضد آبه,1,3,train
11602,انرژی این دوربین از باتری لیتیوم-یونی EN-EL5 تامین می‌شود که در هر بار شارژ کامل توانایی شارژ دهی برای گرفتن تا 200 عکس را به دوربین دارد.,1,3,train
23,کاربرانی که به مصرف انرژی اهمیت می‌دهند حتما خوشحال می‌شوند که این پرینتر دارای ویژگی به نام Auto on/Auto off است که باعث می‌شود وقتی پرینتر احساس می‌کند که مورد استفاده قرار نمی‌گیرد به صورت خودکار به مود Sleep برود.,1,3,train
2336,البته پیشنهادم به همه دوستان اینکه حتما گوشی رو با سیم کارت رایتل تست کنن تا لذت واقعیه کارکردن با این گوشی رو بچشن.,1,3,train
4274,نسبت به قیمتش خوب است.,1,3,train
10261,خیلی ازش راضیم.,1,3,train
7146,البته، با این حال در مصارف عادی باتری این گوشی بین یک تا دو روز دوام می‌آورد که چندان هم عملکرد بدی نیست، اما اگر HTC بر روی Butterfly یک باتری قوی‌تر نیز قرار می‌داد، همین یک ایراد کوچک نیز به آن وارد نمی‌شد و می‌شد آن‌را یک گوشی بدون ایراد نامید.,1,3,train
12813,در ویندوز ۸ نسخه Pro این مجموعه، قابلیت Media Center به ویندوز اضافه شده است و شما به راحتی می‌توانید از امکانات آن استفاده نمایید.,1,3,train
6773,بهترین انتخاب در حال حاضر این اسکنر هست.,1,3,train
6500,از لحاظ پرفرمنس و سرعت و دمای کاری سیگیت بهتره.,1,3,train
10619,اما از هر نظر گوشیه خوبیه وکار کردن باهاش راحته,1,3,train
2090,و از لحاظ گرافیک iPhone طی این 7 سال امتحان خودشو پس داده و ثابت کرده که گرافیکش از هر گوشی android ی بیشتر است .2.,1,3,train
11179,این دوربین 11 مگاپیکسلی عکاسان دیجیتال را از بند میدان دید محدود دوربین های کراپ سنسور رهانید.,1,3,train
7250,چون هم گوشیه قوی ایه و هم میتونه یه تبلت قوی باشه!,1,3,train
6455,در کل مرسی دیجی کالا,1,3,train
10399,سخت افزارگلکسی اس 3 از چیپ (Exynos 4 (4412، پردازنده چهار هسته‌ای قدرتمند Cortex A9 با فرکانس 1.4 گیگاهرتز و پردازشگر گرافیکی Mali-400MP به همراه دو گیگابایت حافظه رم بهره می‌برد که تفاوت سخت‌افزاری آن نسبت به برادر خود یعنی Galaxy S III I9300 همین دو برابر شدن حافظه رم و مدل چیپ آن می‌باشد که این گوشی را به یکی از سریع‌ترین گوشی‌های موجود در بازار تبدیل کرده است.,1,3,train
10656,گوشی جالبی است به خصوص سفیدش.,1,3,train
4705,هیچ گوشی این امکانات رو در اختیارتون نمی گذاره پس میشه گفت بی رقیب است.,1,3,train
4320,واقعا از گوشی بالاتر است سیستم عامل فوق العاده کیفیت بسیار عالی و ظاهر زیبا اما واقعا قیمتش مناسب  نیست با این قیمت به راحتی می شه یه گوشی یا حتی یه تبلت 7 اینچی اندرویدی خرید.,1,3,train
2084,اما یک واقعیت، بدون بزرگنمایی بگم که یک ایرادش اینه که نمیشه ازش ایراد گرفت و یک گوشی به تمام معناست.,1,3,train
240,در ضمن، از کارکرد کلی‌گوشی و دوربین و قدرت پردازش و خصوصا دقت صفحه نمایش و حساسیت بالای اون خیلی‌راضی‌هستم.,1,3,train
11166,شما می توانید با استفاده از کنترل از راه دور تلویزیون خود اشتراک های جدید Skype ایجاد کنید و به اشتراک های موجود دسترسی یافته و با آنها کار کنید.,1,3,train
11224,یکی از جاذبه های بزرگ DSLR های فول فریم چشمی اپتیکال بزرگ و روشن آن هاست.,1,3,train
9968,از نظر سرعت و قدرت عملکرد گوشی، به هر صورت به دلیل وجود پردازنده‌ی سریع‌تری که بر روی آن وجود دارد، انتظارات بالاتری را نیز از آن داریم.,1,3,train
8039,"هرچند که انتظار داشتیم کیفیت آن بهتر می‌شد و دست کم به 460,000 پیکسل افزایش می‌داد ولی به هر صورت نمایشگر روشن و خوبی است.",1,3,train
9749,جمع بندیXperia Tipo یک گوشی موجه در بین گوشی‌های هوشمند سطح پایین محسوب می‌گردد که با قابلیت‌های مناسب، به یک گوشی کاربردی تبدیل می‌شود.,1,3,train
12932,این گوشی ظاهری زیبا داشته و با توجه به رنگ بندی متنوع آن می‌تواند توجه سلیقه های مختلف را به خود جلب کند.,1,3,train
355,و در آخر لازم به ذکر است که تاچ پد G580 به طور کامل از فرمان‌های چند-لمسی یا Multi-touch پشتیبانی می‌کند.,1,3,train
4110,نکته جالب در مورد این گوشی اینه که سوراخی برای ورودی صدای شما در حین مکالمه (میکروفن) قابل مشاهده نیست بلکه میکروفن گوشی در بین صفحه کلید آن پنهان و مخفی است.,1,3,train
4818,از نظر کیفیت فیلمبرداری عالیه و حافظه داخلی خیلی زیادی هم داره اما کیفیت عکاسی اش خوب نیست که با توجه به وظیفه اش که فیلمبرداریست فکر می کنم خیلی مهم نباشه .,1,3,train
10991,سلام دوستان من این تبلت رو امروز خریدم خیلی خوبه فقط قبل از خرید در مورد صفحه نمایشش دو دل بودم اما الان که دارم باهاش کار میکنم خیلی هم خوبه هیچ مشکلی هم نداره.,1,3,train
6524,این یکی از بهترین نقاط قوتشه) -- دارای سیستم امنیت نسبتا قوی (پسورد انتخابی شما هش میشه تا توسط دیگران قابل بازخوانی نباشه.,1,3,train
7040,ولی در کل کیفیت محصولات اچ تی سی بهتر از سامسونگ و ال جی هست.,1,3,train
10322,اگه قیمت خوبی داشته باشه جزو پرفروشترین ها میشه,1,3,train
9854,وزن کمی هم داره و مهمتر از همه تاچش هست که عالی جواب میده,1,3,train
6254,این گوشی رو یکی از دوستام داره واقعا صفحه بزرگه و کار کردن باهاش راحته (البته بستگی به اندازه دستاتون داره) کیفیت فیلم برداریشم خوبه بنظرم نسبت به قیمتش می ارزه,1,3,train
9834,این صفحه نمایش قابلیت دریافت و درک چندین لمس همزمان) را داراست و درک لمس در این صفحه نمایش بدون نقص صورت می‌پذیرد.,1,3,train
4530,گوشی خوبیه(قوی و شکیل و زیبا و بی رقیب)البته تو تیپ وگروه خودش عالیه!,1,3,train
536,اگر که شما از مشکل کمبود فضا رنج می برید و به اسکن کردن نگاتیو هم احتیاجی ندارید LiDE 100 اسکنر خوبی برای شما می باشد.,1,3,train
8822,باعرض سلام وخسته نباشید به شرکت دی جی کالا دوربین فوجی به دستم رسیده واقعا دوربین خوب و با کیفیت هست .,1,3,train
1560,بدین ترتیب که میزان فشاری که شما با قلم بر روی صفحه نمایش ایجاد می‌نمایید کاملا توسط دستگاه درک می‌شود و در موارد مختلف مزیت‌های بسیاری را برایتان ایجاد می‌نماید.,1,3,train
1570,در ضمن، با وجود پشتیبانی این تبلت از سیم کارت، می‌توانید با آن مکالمه و ارسال SMS را نیز انجام دهید که مزیت بسیار بزرگیست.,1,3,train
9849,به هر حال تا به امروز یکی از مشکلاتی که برای تبلت های دارای سیستم عامل Windows 8 RT وجود دارد، کمبود نرم افزار مطابق با آن است که به صورت روزانه در حال افزایش هستند و شاید تا چند ماه دیگر به تعداد قابل توجهی تولید گردند.,1,3,train
4380,این بدین معنیست که این تبلت مانند گوشی Xperia Play توانایی اجرای بازی های PlayStation را توسط برنامهء شبیه ساز خود، دارد.,1,3,train
12834,گردو همیشه سعی می‌کند در مجموعه‌های نرم‌افزاری تعادل منطقی برقرار کند و در عین حال که نرم‌افزارهای مفید و عمومی بسیاری در مجموعه قرار می‌دهد، از قرار دادن نرم‌افزارهای تخصصی نیز غافل نشود.,1,3,train
7649,من فکر میکردم SIII بهترین گوشیه اما مثل اینکه اشتباه کردم الجی از همشون جلو زده!,1,3,train
4467,این رابط کاربری درست است که به زیبایی و تکامل رابط کاربری Sense کمپانی HTC نیست ولی در کل بسیار روان بوده و کار کردن با آن بسیار راحت است.,1,3,train
1889,جناب اقای abozar ameri تمام ضعف هایی که گفتین به غیر از یکیشون تا حالا واسه من پیش نیومده: باطری این گوشی واقعا فوق العاده هست که من تا 2 روز می تونم کارام رو انجام بدم!,1,3,train
5028,۵٫ امکان پردازش ۵۰۰ میلیون مثلث در ثانیه، که اجرای سریع تصاویر سه‌بعدی پیچیده را میسر می‌سازد.,1,3,train
6551,نرم افزار سیستم عامل به کار رفته بر روی این تبلت نسخه 4.0 از سیستم عامل قدرتمند اندروید می‌باشد.,1,3,train
12199,بسته‌بندی خیلی عالی از دیجی کالا شده بود.,1,3,train
3735,من گوشی نوکیا E7 دارم و با سیستم عامل سیمبین بل تقریبا ازش راضی هستم.,1,3,train
4031,راهنمای فارسی خوبی هم روش نصب شده و کلا از زبان فارسی هم پشتیبانی می‌کنه.,1,3,train
12280,-wx50 رو با a810 کانن از نزدیک مقایسه کردم به هیچ وجه کیفیت wx50 به عنوان یه کامپکت شوخی بردار نیست و خجالت زدتون نمیکنه!,1,3,train
7241,با در نظر گرفتن قیمتش و امکانات فوق العادش خیلی از HTC Buttrfly ارزش بیشتری داره.,1,3,train
5829,تو این چند مدتی که دارمش فقط باتریش اذیتم کرده که شاید به خاطر عکس و فیلم‌های عالیه که باهاش میگیرم و واقعا میشه گفت که با امکاناتی که اپراتورها تو ایران ارائه میدن چیزی کم نداره.,1,3,train
12136,این دوربین همچنین مجهز به پورت USB 3.0 هم می باشد تا بتوانید عکس ها و فیلم هایی که می گیرید را با سرعت بیشتری باه رایانه منتقل کنید.,1,3,train
4379,اولین نکته ای که میخواهیم در رابطه با این تبلت بگوییم این است که این اولین تبلتیست که دارای گواهی PlayStation است.,1,3,train
642,من سه ماهی میشه که این لپ تاپ رو خریدم میشه گفت لپ تاپ کم نقصیه.,1,3,train
6934,یکی از اونا asus padfone 2 هست که مزیت اون وجود تبلت مجزا و ضمیمه شدن گوشی به اون هست.,1,3,train
33,در کل پرینتر خوبیه!,1,3,train
7967,و البته ارزشش بیشتر از این هاست!,1,3,train
4812,کیفیت تصویر برای این کلاس خوب است و در محیط های کم نور دوربین خوب عمل می کند.,1,3,train
10968,قابلیت smart stay رو هم داره.,1,3,train
4741,سونی اریکسون Xperia Ray از سنسور Exmor R استفاده می کند که از نظر تئوری آن را برای ثبت عکس در فضاهای کم نور توانمندتر می سازد.,1,3,train
10330,کنتراست و زاویه‌دید صفحه نمایش مناسب و نسبتا خوب است و روشنایی صفحه‌نمایش بسیار بالاست.,1,3,train
10775,اما سونی برای این مورد نیز چاره اندیشیده تا از این مشکل بکاهد.,1,3,train
8250,گوشی بسیار خوبی به نظر میرسه من منتظر ورود به بازار هستم تا بخرمش,1,3,train
11235,با این حال باید گفت که رقیب مستقیم این دوربین یعنی Nikon D600 از نظر مشخصات فنی چند نکته ی برتر دارد که از مهم ترین آن ها می توان به چشمی اپتیکال با توانایی پوشش 100 درصد میدان دید و سیستم فوکوس خودکار 39 نقطه ای اشاره کرد.,1,3,train
5294,این میزان قدرت پردازشی، بستر مناسبی را برای قدرت نمایی رابط کاربری سیستم عامل اندروید فراهم می‌آورد و حرکت بین قسمت‌های مختلف سریع ، روان و لذت بخش صورت می‌گیرد.,1,3,train
7014,من خودم میخوام بگیرم بخاطر صفحه نمایشش دو دلم آخه هر روز پیشرفت میکنه دیگه واقعا lcd هیچ کاربردی نداره حیف این همه آیتم های خوبش نیست که super Amoled نمیزنه درکل منتظرم که بیاد.,1,3,train
9299,در کل همانطور که گفتیم، بر خلاف شباهت های ظاهری 650D به 600D، تغییرات نسبتا زیادی در آن رخ داده است.,1,3,train
3534,همچنین تنظیمات بسیاری نیز به برنامه دوربین گوشی اضافه شده است.,1,3,train
11243,من از این دوربین خوشم اومده فعلا دارم تحقیق میکنم ولی hx30 یکی از گزینه های اوله,1,3,train
10798,در ضمن انرژی این دوربین از باتری لیتیومی NP-BX1 تامین می شود که می تواند پشتیبانی لازم برای گرفتن تا 400 عکس در یک شارژ کامل را فراهم آورد.,1,3,train
7379,این نوت‌بوک یکی از آن‌هایی است که عملکردی کاملا کم سر و صدا دارد.,1,3,train
5772,سرعت تایپ‌کردن ما با آن؛ از صفحه کلید هر گوشی دیگری بهتر بود.,1,3,train
7619,دسترسی سریع به Wi-Fi، GPS، Silent Mode، Screen Rotation و Power Saving بر روی این نوار قرار دارند.,1,3,train
4239,گرافیک خوب .,1,3,train
4112,شاید گوشی asha302 برای آن دسته از کسانی که تا به حال با گوشیهای پیشرفته کار نکرده اند پیشنهاد مناسبی باشد.,1,3,train
8467,در کل باید گفت که NEX-3N نسبت به مدل پیشین خود پیشرفت خیلی خوبی محسوب می شود و بزرگترین نقاط قوت آن را می توان در ابعاد بسیار کوچک، کیت لنز جدید 24-75 میلی متری، اهرم زوم و قابلیت زوم با موتور به همراه کیت لنز جدید و نمایشگر چرخنده ی جدید دید.,1,3,train
3143,به نظرم ظاهر قشنگی داره ارزش خریدن داره,1,3,train
5296,همچنین با بهره گیری از فناوری Wi-Fi امکان اتصال به اینترنت با سرعت بالا بر روی این تبلت وجود دارد.,1,3,train
1196,در ضمن، با انتخاب حالت Outdoor، کار کردن با آن در زیر نور آفتاب نیز به راحتی و بدون مشکل خاصی صورت می‌پذیرد.,1,3,train
3732,از nokia belle خوشم اومد,1,3,train
9844,• باتریبسیاری از تبلت های ساخت ایسوس، به دلیل بهره گیری از داک کیبورد، از باتری موجود در داک نیز استفاده می‌نمایند که این موجب شارژدهی بهتر آن‌ها می‌گردد.,1,3,train
6368,این حافظه‌ی RAM، جزو بالاترین مقادیری است که تا کنون بر روی یک گوشی هوشمند قرار گرفته و پردازشگر گرافیکی هم توان تولید قدرت فراوانی دارد.,1,3,train
11736,عالیه حرف نداره فقط باتریش مشکل داره,1,3,train
3382,همچنین یک پردازشگر گرافیکی Adreno 225 نیز برای اجرای بی نقص پردازش‌های گرافیکی بر روی این گوشی قرار دارد.,1,3,train
4500,توی قیمت بهترین گوشی هست.,1,3,train
4602,gps رو خیلی سریع شناسایی میکنه و روی ماهواره قفل میشه.,1,3,train
8956,دوربین Canon SX230 HS توانایی ضبط ویدیویی با کیفیتFull HD 1080p با سرعت 24 فریم بر ثانیه را دارد که آن را به یکی از معدود دوربین‌های کامپکت ( جمع و جور) بازار با چنین توانایی در فیلم‌برداری با کیفیت تبدیل کرده است.,1,3,train
4223,کیفیت بدنش متوسط رو به خوب.,1,3,train
9089,یک کلام خوب,1,3,train
10976,من این تبلت رو برای قلمش و نرم افزار قلمش که سامسونگ در اون تعبیه کرده دوست دارم.,1,3,train
7376,بنابراین به دلخواه خود می‌توانید یک 4 گیگابایت دیگر را نیز استفاده کنید.,1,3,train
10803,تلوزیون خوبی است بهترین قابلیتی که خودم هم متعجب کرد دوربین واقعا عالی است که روی هوا دست آدم رو تشخیص میده و کیفیت خوبی داره که این واقعا من رو متعجب کرد البته باید بگم که توی نور زیاد عملکرد عالی داره ولی چند نکته ای است که به عزیزانی که می خواهند این تلوزیون را بگیرند بگویم: 1.اگر برای قابلیت های این تلوزیون می خواهید اون را بگیرد باید بگویم که حتما باید شبکه بی سیم اینترنت مثل: وایمکس و وایرلس داسته باشید .,1,3,train
3686,خوب، همانطور که گفتیم Nokia 500 جزو نخستین گوشی‌های هوشمند نوکیا با پردازنده‌ی 1 گیگاهرتزی است که البته پیش از آن شاهد Nokia N9 به عنوان نخستین هم بوده‌ایم.,1,3,train
10329,این میزان درست است که به خوبی گوشی‌های گران قیمت نیست ولی برای نشان دادن جزئیات دقیق و شفاف بر روی این صفحه 3.2 اینچی، بسیار مناسب است.,1,3,train
279,من این گوشی رو پنجشنبه 91/9/2 خریدم گوشی خوبیه  اثر انگشت روی بدنه می مونه برای یه مدت کوتاه سرعتش عالیه و چیزی که برای من مهمه و این گوشی هم داره: باتریش زود خالی نمیشه به لطف پردازنده گوشی تو بازی و پردازش سنگین مشکلی نداره,1,3,train
7076,سلام تنها گوشی کیفیت فول اچ دی فوق العاده هست منتظریم که بیاد .,1,3,train
8807,اما از نظر کیفیت عکس‌ها، وضوح عکس‌ها مناسب به نظر می‌رسد و رنگ‌ها شفاف و دلنشین هستند.,1,3,train
8333,در نهایت می‌توان گفت که HTC One X یکی از بهترین گوشی‌های موجود در دنیاست.,1,3,train
6251,شک نکنید.,1,3,train
10790,مودهای عکاسی دوربین که از طریق پیچ تنظیم قسمت بالایی قابل انتخاب هستند، شامل همان اتوماتیک هوشمند یا iAuto و مودهای دستی Av، Tv و M می شوند.,1,3,train
12806,جای تعجب داشت!,1,3,train
3705,درون این گوشی یک باتری 1110 میلی‌آمپری جای داده شده که توانایی شارژدهی نسبتا خوبی را به گوشی ارایه می‌دهد به طوری که می‌تواند تا 7 ساعت زمان مکالمه، 500 ساعت زمان انتظار و 35 ساعت زمان پخش موسیقی را پشتیبانی کند.,1,3,train
11621,برای من که اتفاق داغ کردنش نیفتاده.,1,3,train
7913,با سلام من فکر میکنم vita بازی هاش درسته که پر‌حجم‌تر از بازی های psp های دیگه باشه ولی قابل‌دانلود هستند.,1,3,train
3402,مشخصات سخت افزاری مناسب در کنار سیستم عامل ویندوز 8، این گوشی را به یک گوشی مناسب برای طرفداران گوشی‌های ویندوزی تبدیل نموده است.,1,3,train
6536,صفحه نمایش موجود بر روی MediaPad 10 یک صفحه نمایش 10.1 اینچی از نوع IPS می‌باشد که قابلیت نمایش 16 میلیون رنگ را داراست و در کمال شگفتی، رزولوشن 1200×1920 را ارائه می‌نماید که تا به این تاریخ در بین تبلت های اندرویدی بی رقیب است.,1,3,train
9777,بنابراین اگر به دنبال دوربینی با این ویژگی‌ها و قیمت فوق العاده ارزان هستید، گزینه‌ی مناسبی است.,1,3,train
8081,به نظرم گوشی باحالیه.,1,3,train
9924,بدین معنی که iPhone 4s تقریبا از تمامی شبکه‌های 3G در هر جایی که باشید می‌تواند پشتیبانی کند.,1,3,train
2575,باتریشم خوبه.,1,3,train
10586,در قسمت زیرین دستگاه دو بلندگوی استریو قرار دارند که کیفیت مناسبی دارند و از رقبای هم قیمت G585، بهتر می‌باشند.,1,3,train
12488,این بدین معناست که Xperia V یکی دیگر از گوشی‌های مقاوم در برابر آب از کمپانی سونی می‌باشد که بعد از Xperia Acro S و Xperia Go، سومین از خانواده Xperia محسوب می‌گردد.,1,3,train
5032,این حافظه متعلق به شرکت سامسونگ می‌باشد و قادر به تامین اطلاعات مورد نیاز پردازنده‌ی گرافیکی با حداقل تاخیر است.,1,3,train
11647,بدون اغراق، تا حالا مشکلی نداشته!,1,3,train
4566,خوش دست و باریک (9.4)2.,1,3,train
7724,به نظر من ایپد مینی بهتر از دیگر تبلت های اندرویدی هستش چون اولا به خاطر سیستم عاملش که ios 6 و ثانیا برنامه های این سیستم عامل که نسبت به اندروید با کیفیت تره ثالثا طراحی اپل است که واقعا نسبت به تبلت های دیگر سر تره فقط تنها ایرادی که میتونم بگیرم قیمتشه.,1,3,train
9057,Wi-Fi هم می تواند همین نقش را بر عهده گیرد، هرچند که با استفاده از Wi-Fi می توانید به شبکه هم متصل شوید و خیلی سریع تصاویری که گرفته اید را ایمیل یا بر روی شبکه های اجتماعی آپلود کنید.,1,3,train
4422,موفق و پیروز باشید,1,3,train
5722,یکی از بهبودهای رخ داده در این صفحه نمایش این است که در نمایشگر گوشی های پیشین، رنگ‌ها غلظتی بیش از حد داشتند.,1,3,train
6381,حتی در فیلم برداری 1080p Full HD نیز فیلم برداری روان و بدون هرگونه مشکل انجام می‌شود.,1,3,train
5026,سایر مشخصات پردازنده گرافیکی XBOX 360 عبارتند از: ۱٫ وجود ۴۸ مسیر پیشرفته‌ی موازی برای محاسبات پیشرفته‌ی گرافیکی ۲٫ معماری سایه‌زنی مشترک که امکان پردازش دستورالعمل‌های سایه‌زنی پیکسلی و راسی را در هر یک از لوله‌ها میسر می‌سازد (در این حالت هر یک از لوله‌های پردازشی، قابلیت اجرای انواع سایه‌زنی پیکسلی و راسی را دارد).,1,3,train
7089,کیفیت ساخت آن نیز همانند اکثر گوشی‌های ساخت HTC بسیار خوب و امیدوار کننده است.,1,3,train
2345,به هر حال من فکر می کنم کمپانی اپل از تمام کمپانی های حال حاظر جهان به شخصیت کاربرانش بیشتر اهمیت می ده.,1,3,train
11133,اگر داشتن با کیفیت‌ترین صفحه نمایش در بین تبلت ها برای شما اولویت محسوب نمی‌شود، و یا اگر به دنبال تبلتی برای انجام کارهای گرافیکی می‌گردید، Samsung Galaxy Note 10.1 یک انتخاب بسیار خوب برای شماست که مسلما از خرید آن پشیمان نخواهید شد.,1,3,train
3717,ولی کیفیت خود دوربینش خوبه,1,3,train
8929,با اینکه از یک دوربین کامپکت عادی کمی بزرگتر است ولی همچنان خوش دست بوده و به خوبی در کف دست جای می‌گیرد و با کارت حافظه و باتری تنها 215 گرم وزن دارد.,1,3,train
7188,با قیمت این میشه یه گوشی و یه تبلت خرید اما هر دوش در سطح متوسط اما گوشی با امکانات سخت افزاری مشابه این به تنهایی همین قیمت رو دارند درحالی که با خرید این گجت علاوه بر داشتن یکی از بهترین گوشی های اندرویدی تا حالا یه پد 10 اینچی دارید که با وجود استفاده از سخت افزار گوشی مبدل به یکی از بهترین تبلت های موجود میشه چه از نظر کیفیت صفحه چه از نظر طراحی و چه از نظر سخت افزاری و همینطور برند معتبر فقط چون کارت حافظه نمیخوره کاش 64 گیگش هم بیاد که بشه با خیال راحت تر اطلاعات روش ریخت,1,3,train
13090,نه خیلی ساده، ولی با این حال لذت بخش است.,1,3,train
8278,در ایزو 800 نویز بیشتری پدیدار می‌گردد ولی همچنان عکس‌ها کاملا قابل استفاده هستند.,1,3,train
5282,همچنین اگرچه این صفحه نمایش از نظر کیفیت به خوبی صفحه نمایش رتینای نسل سوم آی پد نیست، اما میزان غلظت رنگ‌ها و وضوح جزئیات بسیار مناسب هستند.,1,3,train
9070,در کل باید گفت که NX2000 آپدیتی مناسب نسبت به NX1000 می باشد.,1,3,train
6759,مخصوصا اینکه احتیاج به برق اضافی و آداپتور نداره,1,3,train
7289,این لنز در حالت واید 28 میلی متر میدان دید نسبتا باز و خوبی را در بر می‌گیرد.,1,3,train
666,حدود 3 ساعت به طور مداوم کار گرافیکی و مونتاژ سنگین باهاش انجام دادیم و به خوبی از پس پردازش اون بر اومد.,1,3,train
2867,قدرت سخت افزاری مناسب آن، برای اجرای اکثر پردازش‌ها کافیست.,1,3,train
9288,این گونه لنزهای با موتور استپر پیش از این معمولا در دوربین های بدون آینه- با لنز قابل تعویض استفاده می شدند و فوکوس سریع تر و بی سر و صدا تری را ارائه می دهند.,1,3,train
5417,در کل، از نظر نرم افزاری نیز مشکل خاصی با این گوشی نخواهید داشت.,1,3,train
5985,اگر نگم از کانن بهتره باید گفت چیزی هم کم نداره.,1,3,train
10078,اما یکی از نقاط قوت Sleekbook ها، سیستم خنک کننده آنهاست.,1,3,train
10662,با این قیمت مناسبترین گوشی اینه در خریدش تردید نکنین,1,3,train
10132,من در دیجی کالا باهاش آشنا شدم، اول قصد خرید ace 2 را داشتم که قیمتش رفت بالا مثل ray سونی، این گوشی تنها بدیش نرخ جذب امواجش یه مقداری بالاست، نسبت قیمت خارج کشور و داخل کشور هم ارزونه بقیه مقایسه ها را دوستان انجام دادن.,1,3,train
10792,از یاد نبریم که این دوربین توانایی عکاسی پیاپی با سرعت 10 فریم بر ثانیه را دارد که این نیز دوربین را یک سر‌و‌گردن بالاتر از کامپکت های هم رده قرار می دهد.,1,3,train
7305,به هر صورت همانطور که گفتیم، Canon Ixus 510 HS همانند Ixus 500 HS دوربین کامپکتی بسیار زیبا با ظاهر خاص مستطیلی شکل و گوشه های تیز می‌باشد.,1,3,train
7623,دوربیندوربین اصلی این گوشی یک دوربین 5 مگاپیکسلی است که به کمک فلاش LED عکس‌های با کیفیت و با رزولوشن 1944×2592 را ثبت می‌نماید.,1,3,train
12507,در نهایت، باید بگوییم که Xperia V تقریبا همان Xperia T است که قابلیت مقاومت در برابر نفوذ مایعات و همچنین پشتیبانی از اینترنت پر سرعت 4G نیز به آن افزوده شده است.,1,3,train
12214,فوق‌العاده بود.,1,3,train
3838,با فن‌آوری ابری می‌توانید در مواقعی که خانه نیستید نیز بیشترین بهره را از فایل‌ها و محتواهای خویش ببرید.,1,3,train
12380,که البته شما همچنان می‌توانید به عکاسی ادامه دهید.,1,3,train
10492,من بدی ازش ندیدم، واقعا ازش خوشم اومده شبیه به گوشی هنوز معرفی نشده ی Xperia L هستش که نشون میده طراحی بروزی داره.,1,3,train
11898,این دوربین دارای یک فن‌آوری به نام Geo-Tagging است، به طوری که در هر کجا که باشید دوربین به کمک GPS موقعیت مکانی دقیق شما را به همراه عکس ثبت می‌کند تا همانند زمان بدانید این عکس دقیقا در کجا گرفته شده است.,1,3,train
1299,من که ازش راضی ام,1,3,train
2969,فقط ایسوس با خودش یه داک قدرتمند داره که آزادی عمل بیشتری به شما برای انجام کاراتون می ده و اپل هم gprs، edge، 3G و 4G داره که همون طور که تو پست قبلی بهش اشاره کردم این مشکل با hotspot به راحتی قابل حله.,1,3,train
7296,حتی اگر سوژه حرکت کرد هم دوربین آن را در فوکوس نگه می‌دارد.,1,3,train
7817,اگر خواهان داشتن تبلت 7 اینچی با قیمت مناسب هستید، 7 اینچی‌های Nexus و Amazon را به شما پیشنهاد می‌کنیم، اما اگر مقداری هزینه بیشتر برایتان قابل قبول است، حتما آیپد مینی را نیز بررسی نمایید تا برتری‌های آن‌را متوجه شوید.,1,3,train
7086,در کل، طراحی این گوشی زیبا و راضی کننده به نظر می‌رسد.,1,3,train
9773,استفاده از این باتری‌ها تا حد زیادی بر وزن دوربین اضافه کرده است به طوری که علی رغم ابعاد کوچک، وزن آن به 214 گرم می‌رسد که نسبتا زیاد است.,1,3,train
2990,بی شک روند سریع پیشرفت تکنولوژی باعث شده تا شاهد تولید چنین دستگاه های بی نظیری باشیم.,1,3,train
11943,اولین چیزی که بعد از بالا امدن سیستم گوشی جلب توجه میکنه شفافیت و کیفیت صفحه نمایش گوشی هستش.,1,3,train
10616,عکسهای خیلی خوبی میگیره و فیلمبرداریش درسته که 15فریمه ولی خوبه.,1,3,train
9770,این فوق العاده است چرا که از چنین دوربینی در این سطح قیمت و همچنین سنسور تصویر کوچک این توانایی ضبط ویدیویی بعید بود.,1,3,train
8796,رابط کاربری Optimus UI نیز با طراحی ساده و کاربردی خود، به کاربر کمک می‌کند که به راحتی از امکانات گوشی استفاده نماید.,1,3,train
5309,زیرا گوگل معتقد است که عکاسی و فیلم برداری با تبلت چندان مورد توجه و استقبال کاربران قرار نگرفته است و بیشتر آن‌ها تمایل به استفاده از تبلت خود برای برقراری تماس‌های ویدیویی دارند به همین دلیل یک دوربین 1.2 مگاپیکسلی در قسمت جلوی این دستگاه قرار گرفته است که برای این منظور کافی به نظر می‌رسد.,1,3,train
5509,گوشی خوبیه، الان دو هفته میشه که خریدم و تا الان راضیم ازش.,1,3,train
5361,کار کردن با این تبلت احساس خوشایندی دارد.,1,3,train
10914,این قابلیت برای دانشجویان و افرادی که می خواهند یک پرزنتیشن ارایه بدهند خیلی پر کاربرد است به خصوص وقتی میخواید یک کتاب رو خلاصه کنید.,1,3,train
3704,این گوشی مجهز به WLAN برای اتصال به شبکه از طریق سرویس‌های وایرلس محلی و GPS داخلی برای استفاده از انواع اپلیکیشن‌های GPS محور هم می‌باشد.,1,3,train
3632,اما صفحه کلید دیگری نیز برای این تبلت ساخته شده که Type Cover نام دارد و بر خلاف مورد قبلی که صفحه کلید مجازی و در واقع خازنی را در اختیار کاربر قرار می‌دهد، این یکی یک صفحه کلید واقعی با کلید های فیزیکی است که کار با آن کاملا حس کار با یک لپ تاپ را به کاربر منتقل می‌نماید.,1,3,train
8157,در این نسخه از سیستم عامل اندروید، بهینه سازی‌های فراوانی صورت گرفته است و گوشی‌های متعددی هستند که علی رغم دارا بودن سخت افزاری قدرتمند تر از سخت افزار به کار رفته در Desire C، هنوز در انتظار دریافت این نسخه از سیستم عامل اندروید هستند.,1,3,train
8449,همچنین، این گوشی قابلیت پشتیبانی از Wi-Fi، GPRS و Edge را داراست که به کاربر امکان مرورگری اینترنت را نیز می‌دهد.,1,3,train
11217,6D قابلیت Silent Shooting یا عکاسی بی صدا را نیز از 5D Mark III به ارث برده است.,1,3,train
7901,• جمع بندی گرچه Fonepad یک گوشی نیست، ولی می‌تواند تمام وظایف یک گوشی را به خوبی انجام دهد.,1,3,train
2831,خلاصه دوربین جالبیه,1,3,train
7911,مخصوص که فول اچ دی هست بهره گیری از لنز واید با کمینه‌ی نسبت کانونی f/2.7 مخصوص عکس برداری در نور کم و شب هستش که کیفیت خوبی به عکس میده در کل دوربین خوبی هست و منو کاملی داره .,1,3,train
10506,گوشی خوبیه تواین قیمت بابرندمعروف سونی دوسیمکارت معقولی میباشد,1,3,train
11767,با توجه به قیمتش امکانات کاملی داره.,1,3,train
12798,از هر لحاظ عالی,1,3,train
1873,از این بهتر تو دنیا وجود نداره واقعا !,1,3,train
398,با استفاده از Wi-Fi می‌توانید به راحتی عکس‌ها و فیلم‌هایی که گرفته‌اید را به لپ تاپ، گوشی، تبلت و یا حتی دوربین دیگری که این قابلیت را دارد به صورت بی‌سیم منتقل کنید.,1,3,train
10348,عکس‌های گرفته شده با دوربین 5 مگا پیکسلی این گوشی در فضاهای بیرونی از کیفیت خوبی برخوردارند ولی عکس‌های گرفته شده در فضاهای داخلی به خصوص در شرایط نوری ضعیف جزئیات خیلی دقیقی نداشته و کمی نویز دارند.,1,3,train
1290,.در ضمن قیمت مناسبش و خوشدستی و زیباییش هم جای خودشو داره فقط هنوز براش ضد خش و کیف نیومده که ایشالله اونم می یاد,1,3,train
8479,همانطور که گفتیم، HS900 نسبت به مدل پیشین خود که یکی از بهترین دوربین های فیلم برداری در رده‌ی خود در سال 2010 بود، و دوربینی بهبود یافته و نه انقلابی می‌باشد.,1,3,train
791,همچنین بهره گیری از نسخه 4.0 فناوری بلوتوث به اشتراک گذاری فایل بین دستگاه های مختلف را با سرعت بالا ممکن می‌سازد.,1,3,train
7598,اما به هر حال، برای کسانی که ظاهر گلکسی اس 3 را می‌پسندیدند ولی با ابعاد آن چندان خشنود نبودند، این گوشی یک ایده آل محسوب می‌گردد.,1,3,train
7130,با وجود برنامه استاندارد پخش موسیقی بر روی این گوشی که از اکثر فرمت های رایج پشتیبانی می‌نماید و همچنین وجود فناوری BeatsAudio بر روی این گوشی، Butterfly می‌تواند نقش یک مدیاپلیر همراه بسیار خوب را نیز بازی نماید.,1,3,train
7111,کافیست آن‌را در کنار یک صفحه نمایش با رزولوشن HD قرار دهید تا به راحتی تفاوت را متوجه شوید.,1,3,train
2929,صفحه نمایش این دستگاه واقعا جای تقدیر و تمجید دارد.,1,3,train
5688,هم شیکه هم کار راه انداز.,1,3,train
9467,در قلب این دوربین سنسور تصویر 16 مگاپیکسلی CCD قرار گرفته که با توجه به رزولوشن بالایی که دارد می تواند عکس های با کیفیت بالایی را در شرایط نوری خوب تولید کند.,1,3,train
1364,و اینک اپل دقت صفحه نمایش MacBook Pro را از 1440x900 به 2880x1800 افزایش داده که این میزان تراکم پیکسلی کم نظیر 221ppi را ارائه می‌دهد.,1,3,train
3895,یا اینکه بین مودهای لرزش گیری Standard Steady Shot یا Active Mode انتخاب کنید که تا 10 برابر بدون هیچ گونه عارضه‌ی جانبی موثر تر است.,1,3,train
5611,سونی با معرفی این گوشی به خوبی فضای خالی بین Go و Tipo را حل کرده و احتمالا همین نمایشگر بزرگ‌تر آن نیز هرچند که رزولوشن به نسبت پایینی دارد، منجر به استقبال گسترده از آن خواهد شد.,1,3,train
2480,در حقیقت ASUS یک طراحی نوین را در این جا به کار برده که از MotherBoard دو قسمتی استفاده می‌کند و به کمک لوله‌ها و پنجره‌های تهویه گرمای تولید شده را خیلی سریع دفع می‌نماید.,1,3,train
2731,لبه چپ دستگاه کاملا صاف و صیقلی است.,1,3,train
7811,باتری باتری این مدل با توجه به کوچک‌تر بودن صفحه نمایش آن نسبت به مدل‌های پیشین اپل، عملکرد بهتری دارد و در تست‌های انجام گرفته، با کارکرد متمادی بیش از یک و نیم روز شارژدهی خواهد نمود.,1,3,train
8707,ارزش خرید دارد.,1,3,train
4313,جواب این سوال مثبت است.,1,3,train
9853,از نظر ظاهری عالی و خوش دسته.,1,3,train
9447,با اینکه دوربین دوم این گوشی دوربین خیلی با‌کیفیتی نیست، اما وجود آن برای انجام مکالمات تصویری بسیار ضروری و مفید است.,1,3,train
6139,به نظر من ایکس باکس با کینکت یعنی ورزش کامل,1,3,train
4519,رم هم نمیگم عالیه اما کافی هستش و در ضمن بعضی گوشی های دوهسته هم رمشون اینقدره.,1,3,train
1398,باتری با وجود تمام سخت افزارهای فوق‌العاده به کار رفته شده در Retina MacBook Pro، انتظار می‌رفت که باتری آن نتواند شارژ دهی خیلی بالایی داشته باشد ولی در عمل خلاف این امر ثابت شد.,1,3,train
5131,در ابتدا تیم توسعه‌دهنده کنسول‌های بازی در شرکت مایکروسافت تصمیم داشت کنسول XBOX ۳۶۰ را با نام زنون (Xenon) یا XBOX 2 به بازار معرفی کند، اما شرکت مایکروسافت برای این‌که طیف اثر گذاری این محصول را بیشتر برای مردم نمایان کند، نام ایکس‌باکس ۳۶۰را بر آن نهاد.,1,3,train
7459,البته کاربران عادی مطمئنا این کیفیت را قابل قبول می‌دانند.,1,3,train
12465,حسین جان، IP57 به معنی اینه که گوشی ضد آبه,1,3,train
1670,در آزمون سرعت اجرای جاوا اسکریپت، آیفون 5 حدود 50% سریع‌تر از غول LG یعنی Optimus G عمل نمود.,1,3,train
4135,دوربینش اونقدر که میگن ضعیف نیست به نظر من خوبه خلاصه سرعت بالایی داره در خریدش شک نکنید .,1,3,train
7054,مطمئنم تجربه ی متفاوتی رو برای کاربران رقم میزنه .,1,3,train
7531,سنسور تصویر 12 مگاپیکسلی در شرایط نوری خوب می تواند نتایج قابل قبولی را تولید کند.,1,3,train
5033,پهنای باند حافظه پهنای باندی که در حافظه‌ی موجود وجود دارد، حدود ۲۵۶ گیگابایت در ثانیه است که ارتباط سریع میان واحدها را با کمترین تاخیر مهیا می‌کند.,1,3,train
11128,البته در مقایسه با iPad 3 یا TF700 چندان شانسی برای برتری دوربین Note 10.1 وجود ندارد اما در کل عملکرد دوربین بسیار خوب توصیف می‌شود.,1,3,train
12936,با توجه به ابعاد و وزن مناسب این گوشی، می‌توان گفت که جزو گوشی‌های خوش دست می‌باشد.,1,3,train
10748,منتظرم تا بیاد و حتما از دی جی کالا میخرمش,1,3,train
1621,طراحی و ساخت باریک‌ترین و سبک‌ترین iPhone تولید شده تا به امروز.,1,3,train
10393,اپل فقط تو کاره فانتزی بودنه ولی سامسونگ داره روز به روز به کارایی هاش اضافه می کنه,1,3,train
8401,جالب تر از آن این است که لنز این دوربین در حالت ماکرو توانایی فوکوس خودکار بر روی سوژه هایی به نزدیکی 0 سانتی متر را دارد!,1,3,train
2781,این دوربین ابعاد 95X57X18 میلی متر را ارائه می‌دهد که علاوه بر فوق‌العاده کوچک بودن، با قطر تنها 18 میلی متر یکی از باریک‌ترین دوربین‌های ساخته شده تا به این تاریخ نیز هست.,1,3,train
1494,قابلیت ها و افکتهای زیادی برای عکس برداری داره که کاملا کاربردی و بعضا جالب هستند.,1,3,train
12785,گوشیه خوبیه هر کی میگه بده چرت میگه پوله خریدشو نداره اینجوری میگه من آیپاد تاچ داشتم تمام کارای اینترنتیو باهاش انجام میدادم الان iphone 4دیگه ترکونده واقعا من گوشی رو دستش ندیدم چون هم کار باهاش راحته هم امکاناتش کامله منرو واقعا ارضا میکنه ممنون از این نقد مفصل شما کلی به معلوماتم اضافه شد در مورد این گوشی و باعث شد که هر چه سریعتر بخرمش تا الان 3gs داشتم همه محصولات apple رو اوجه,1,3,train
8732,سلام من که تازه خریدم بنظر گوشی خوبیه,1,3,train
10620,شاید سیستم عامل سیمبین به خصوص از نظر اپلیکیشن‌ها عقب‌تر از iOS و Android قرار بگیرد ولی به هر صورت سیستم عاملی کاملا دوست داشتنی به خصوص برای کاربرانی که پیش از این هم به این سیستم عامل عادت کرده‌اند می‌باشد.,1,3,train
3887,"ترکیب بیشینه‌ی گشودگی دهانه‌ی f/2.8، لرزش گیر تصویر اپتیکال و بیشینه‌ی حساسیت سنسور یا ایزو 12,800 این دوربین را کاملا مناسب عکاسی در شرایط نوری ضعیف کرده است.",1,3,train
4491,اندازه ی خوبی داره .,1,3,train
3701,این را هم بگوییم که سیستم عامل سیمبین از قدیم الایام از Multi Tasking یا اعمال چند وظیفه‌ای و Copy & Paste نیز پشتیبانی می‌کند.,1,3,train
12581,شاید بسیاری از کاربران سیستم عامل‌های Android یا Symbian را به iPhone ترجیه بدهند یا صفحه کلیدهای QWERTY فیزیکی را بیشتر بپسندند، ولی از دیدگاه کلی نرم‌افزار، سخت‌افزار، کیفیت ساخت و قدرتمندی iPhone برتری دارد.,1,3,train
11694,با روت کردنش هم مشکل بک زدنش به کل قطع میشه.,1,3,train
10276,همه چیزش درحد عالیه فقط یه چیزی کم داره اونم از lcd شه که از نوعه tft اگه backlight ledبود محشر میشد,1,3,train
5689,تبلت بسیار خوبیه با اینکه دوربینش ضعیف تره اما کارایی زیادی داره.,1,3,train
11686,اما من بهتون اطمینان میدم که اون مشکلش حل شدنیه و اصلا نگران نباشید.,1,3,train
12927,در کل در خارج کشور گوشی های تک سیمکارت گرانترند و طرفدارن بیشتری دارند، آنهم به خاطر شارژ بیشتر و ضرر تشعشع کمتر.,1,3,train
9274,در عمل همه چیز را می توانید از طریق نمایشگر لمسی کنترل کنید تا تقریبا هیچ نیازی به کنترل های فیزیکی نداشته باشید.,1,3,train
4413,همچنین بطور پیش فرض از Flash پشتیبانی میکند.,1,3,train
2593,قبل از همه چیز باید بگم از خرید راحت و بسته بندی شکیل دی جی کالا بیشتر از خود دوربین خوشم اومد البته اینو باید بگم که دلیلش اینه که من قبل از خرید این دوربین نیکون دی 7000 و کانن1100 و چند مدل دیگه رو تست کرده بودم و یه ذهنیت و انتظار بالایی داشتم اما از حق نگذریم به غیر از باتریهای قلمی و درپوش باتری و رم که کمی آزار دهنده است همه چیزش قابل قبوله (با توجه به قیمت),1,3,train
5999,"تبریک به تمام کسانی که دوربین sony hx10 دارن این دوربین یه مزیت خیلی بزرگ نسبت به hx20,30 داره که لنز این دوربین 24 میلی متری هستش .",1,3,train
2337,سلام، اول از هم درپاسخ به رضای عزیز باید بگم غیر از محصولات اپل بعضی از محصولات دیگه هم از نانو سیم استفاده میکنند که مشکل نیست و حل میشه، اما آیفون..,1,3,train
4755,اگر هدفتون فیلمبرداری با کیفیت هست روی این دوربین میشه حساب کرد .,1,3,train
1451,کمینه‌ی نسبت کانونی این لنز در حالت واید و زوم، f/2.8-6.9 است که دست کم در حالت واید لنزی بسیار سریع می‌باشد تا بتوانید در شرایط نوری ضعیف تر هم از سرعت های شاتر بالا استفاده کنید.,1,3,train
12726,گوشی الان خودمم سونی اریکسونه صداشم خوبه!,1,3,train
4360,بدون اشکال!,1,3,train
4157,باتریش هم خوبه.,1,3,train
7326,• سخت افزار داخلی و باتریهمان‌طور که گفتیم این لپ‌تاپ‌ها در کانفیگ‌های بسیار متنوعی ساخته شده‌اند.,1,3,train
11104,کارکرد جالب‌تر آن جاییست که از قابلیت لمس شناور آن بهره می‌برید.,1,3,train
3703,همچنین مجهز به سنسورهای شتاب سنج برای چرخش خودکار تصویر، قطب نمای دیجیتالی، سنسور پروکسیمیتی و سنسور سنجش نور محیطی هم می‌باشد.,1,3,train
10653,xperia tx نسخه ی تصحیح شده ی xperia t است پس حتما نقص های xperia t برطرف شده.,1,3,train
25,توانایی عملیات اسکن و کپی هم باعث می‌شوند که بتوانید دست کم در سه مورد از این پرینتر استفاده کنید.,1,3,train
3450,سرعت چاپ یکی از مهم‌ترین ویژگی‌ها در این دستگاه‌ها است.,1,3,train
4449,واقعا ممنون,1,3,train
9739,همچنین رابط کاربری انحصاری سونی با نام Timescape به کاربر در کارکردن راحت‌تر با گوشی کمک خواهد نمود.,1,3,train
9515,کیفیت صدای این گوشی بهتر شده با طراحی متفاوتش - تنوع برنامه هاش نسبت با اندروید .,1,3,train
6889,گوشی خوبی هستش ولی cpu 1.5-ولی HTC ONE X PLUS 1.7 هستش,1,3,train
4587,فقط یه کم صدای زنگش ضعیفه و تو مکانهای شلوغ و پر سر و صدا احتمالا یک تماس رو از دست بدین ولی کیفیت و بلندی صدای مکالمه اش حرف نداره.,1,3,train
9860,"آخر نوکیا به گوشیهای WLAN , ASHA اضافه کرد .",1,3,train
12124,لنز 25-350 میلی متری این دوربین مجهز به لرزش گیر اپتیکال تصویر نیز می باشد تا لرزش دست شما را تا حد زیادی جبران کند و از تاثیر آن در عکس گرفته شده تا حد ممکن جلوگیری نماید.,1,3,train
12493,ظاهر کیبورد بسیار ساده بوده و کلیدها بزرگ و با فاصله مناسب از هم قرار دارند.,1,3,train
8488,قسمت دستگیره‌ی این دوربین اینک دارای سطحی الیافی برای در دست گیری ایمن تر است و پیچ تنظیم یا همان mode dial نیز با سویچ dial تعویض شده است.,1,3,train
10890,من یک ماهه که خریدمش بجز بدنه ضعیف اون مشکلی نداره و فعلا به نظر من بهترین گزینه در تبلت ها هست فقط اندروید .,1,3,train
6781,به نظر من در این رنج قیمت خیلی مناسبه.,1,3,train
4632,صفحه لمسیش هم به نظر من از ایفون خیلی بهتره .,1,3,train
9466,این دوربین طراحی و ظاهر خیلی شیک و سنتی دارد.,1,3,train
10131,این گوشی نسبت به گوشی های هم تراز خود در بازار از کیفیت و کارایی بالاتری بر خوردار است و ارزش خرید بالایی دارد .,1,3,train
2640,وقتی که فوجی فیلم در نمایشگاه فوتوکینا سال 2010 دوربین مدل X100 خود را معرفی کرد، با ظاهر قدیمی و کیفیت عالی عکس های خود توانست نظر عکاسان حرفه ای را کاملا به خود جلب کند.,1,3,train
10997,سلام-من 3 روزه این تبلت رو از سایت فوق خریداری کردم-من با تمامی تبلت ها از جمله - اپل - ایسوز - موتورولا و گیگابایت کار کردم با اینکه صفحه نمایش این دستگاه کمی نا امید کننده هست اما کار با این تب احساسی که به آدم میده هیچ تبلت دیگری نمیده این دستگاه به جرات میتونم بگم قویترین سخت افزاری را داشته که تا به امروز من دیدم - کمبود سرعت به هیچ عنوان نداره - در بازی های سنگین کم نمیاره - قلمی که روی اون هست بدون شک واقعا بینظیر چون 70% کارهارو دارم با اون انجام میدم واقعا لذت بخشه نکته آخر بدون شک هرچیزه دیگری برداشته بودم پشیمون میشدم.,1,3,train
4567,سبک و زیبا فقط 100 گرم3.,1,3,train
4096,نسبت به پولی که دارین میدین یه چیز رویایی میده .,1,3,train
8451,جمع بندیدر کل، آشا 309 یک گوشی مناسب و خوش قیمت است که به نسبت قیمتش، کارایی و عملکرد مناسبی را داراست.,1,3,train
10207,Sony Ericsson Xperia Neo V همون Sony Ericsson Live With Walkman که یکم صفحه نمایش بزرگتر(نیم اینچ) وکیفیت تر و قیمت بالا تر هست.,1,3,train
9407,من6روزه خریدم بدون گارانتی نسبت به قیمت خیلی کارایی داره.,1,3,train
6678,استفاده از باتری قلمی به جای باتری لیتیومی (البته با خرید باتری قابل شارژ این مشکل حل میشه) در کل ازش راضی هستم و پیشنهاد میکنم در خریدش شک نکنید تو این رنج با این قیمت محاله گزینه بهتری پیدا کنید.,1,3,train
6958,واقعا از htc چیزی کمتر از این انتظار نمیرفت.,1,3,train
1577,این قابلیت که عملکردی بسیار قابل ستایش دارد بدین صورت است که می‌توانید صفحه نمایش را به 2 تکه تقسیم نمایید و از هر تکه جهت اجرای یک برنامه استفاده کنید.,1,3,train
6238,مخصوصا که در مدل دو سیم کارته، تا به این تاریخ این گوشی بی رقیب است.,1,3,train
1328,با باتری لیتیومی قابل شارژ آیپاد شافل؛ می توانید تا 15 ساعت موسیقی گوش کنید.,1,3,train
9757,اگر خیلی سریع بخواهیم به سراغ ویژگی های عکاسی برویم، نخست به سنسور تصویر می‌رسیم که رزولوشن 10 مگاپیکسل را ارائه می‌دهد و سایز آن تنها 1/3 اینچ می‌باشد.,1,3,train
10060,تاچ پد دستگاه ابعاد مناسبی دارد و سطح آن دارای یک بافت دانه دانه است که نه تنها دقت دستگاه را بالا می برد، بلکه باعث می شود تا عرق و چربی دست، از دقت تاچ پد نکاهد.,1,3,train
7176,سلام من ازش راضی ام البته چندتا اشکال عجیب داره **اولا بسیار بسیار سره و از دست راحت لیز می خوره **گاها بی هیچ دلیلی خش خش می کنه!,1,3,train
758,خوب تقریبا این لپ تاپ از همه لحاظ عالیه اما هیچ چیز بی عیب و نقصی وجود نداره و من می خوام ناگفته هاشو بهتون بگم !,1,3,train
11586,اما باز هم از خوبی‌های این لنز بگوییم که، کمینه‌ی نسبت کانونی آن در حالت واید و زوم، f/3.0-5.6 می‌باشد که عالیست.,1,3,train
8918,من حدود دو هفته میشه که خریدمش واقعا نسبت به قیمتش عالیه.,1,3,train
9280,این دوربین با آخرین سیستم کنترل رادیویی فلاش که با 5D Mark III معرفی شد را دارد.,1,3,train
11142,من راحت فایلامو از موبایل بهش انتقال میدم بدون اتصال سیم با all share,1,3,train
9812,عالیه فقط کمبود نرم افزار,1,3,train
5808,پر کار .,1,3,train
1130,خاصیت ضد ضربه بودن آن باعث دریافت شوک و خنثی کردن آثار ناشی از آن است.,1,3,train
3234,باتری مناسب و خوب برای تبلت 12.,1,3,train
8740,من این گوشی رو سفارش دادم ولی هنوز بدستم نرسیده روی کاغذ مشخصاتش نسبت به قیمتش با توجه به دوسیم کارت بودن ، cpu دوهسته ای ، صفحه 4.3 اینچی ، دوربین 8 مگ، حافظه داخلی 4 گیگ و.,1,3,train
5734,به نظر خودمان تا به حال گوشی آندرویدی با چنین سرعت و روانی را تجربه نکرده ایم.,1,3,train
10769,در حالی که مدل HX30v دارای لنز معادل 24 میلی متری با توانایی زوم 20 برابر بود، اکنون این دوربین توانایی زوم 30 برابر را دارد.,1,3,train
251,واقعا تجربه جالبی بود با تشکر,1,3,train
8785,سخت افزارسخت افزار متوسط این گوشی، Optimus L7 II Dual را در بین گوشی‌های هوشمند سطح پایین قرار می‌دهد.,1,3,train
12957,جمع بندیدر مجموع نوکیا با توجه به ابعاد و اندازه صفحه نمایش و رنگ بندی متنوع، توانسته گوشی تقریبا زیبایی را به ارمغان بیاورد.,1,3,train
11997,ویدیو تا 720p راحت پخش میکنه اما 1080p رو نه.,1,3,train
7269,من این دستگاه رو دارم و ازش راضی هستم.,1,3,train
1126,همین امروز خیلی ناجور از دستم افتاد، ولی مثل روز اول کار می کنه!,1,3,train
3992,سونی یه شرکت بزرگ و پیشرفته ست.,1,3,train
11741,تا حالا مشکل گیر کردن باهاش نداشتم مگه اینکه همزمان درحال پیامک زدن و آهنگ گوش کردن و گشتن تو اینترنت و دانلود بوده باشم!,1,3,train
11636,واقعا گوشیه خوبیه.,1,3,train
10032,• طراحی و ساختدر اولین نگاه، ضخامت و ابعاد بسیار باریک Sleekbook، نظر شما را کاملا به خود جلب خواهد کرد.,1,3,train
210,که کاملا  اشتباه میکنند من حدود 3 هفته است که آپدیت کردم هم مشکل وای فای رفع شد هم منو و  کیفیت ویجت ها و Wallpaper ها بالا تر رفت !,1,3,train
12667,هیچ گزینه ای بهترازاین پیدا نکردم هرگوشی رو بااین مقایسه کردم یه نقصی داشت.,1,3,train
11549,تو رنج خودش واقعا حرفه ایه,1,3,train
2015,واقعآ این بار هم مثل همیشه حرف نداره.,1,3,train
4949,آخرین مدل آن شامل خروجی HDMI و همچنین آپدیت نرم افزاری جدید نیز میشود که در مدل های اولیه وجود نداشت.,1,3,train
10302,سیستم اندروید عالی.,1,3,train
2998,همون طور که میدونید این تبلت از پردازنده بسیار قدرتمند NVIDIA Tegra 3 با فرکانس 1.6 گیگاهرتز چهار + یک هسته ای استفاده می‌کنه که نسبت به سخت افزار ایپد بسیار قوی تره اما ایپد جدید بدلیل وجود سیستم عاملش به سخت افزار کمتر نیاز داره و بخاطر همین است که اپل ios 6 رو برای 3gs آفون قرار داده وگرنه گالکسی ایس از پردازنده قدرتمند از اون داره ولی به آندروید 4 آپدیت نمیشه دلیلش بخاطر همین موضوع است و قریبا نمی شه گفت که ایپد بهتر از تبلت تی اف 700 باشه.,1,3,train
3264,• پورت‌ها و اتصالات از لحاظ پورت‌ها، سری 3 از تمام پورت‌های لازم برای مصارف روزمره بهره می‌برد.,1,3,train
5969,کمینه‌ی نسبت کانونی این لنز f/3.3-5.9 است که برای عکاسی در شرایط ضعیف نوری نسبتا خوب است.,1,3,train
4354,""" ( برخلاف آیپاد 4، این مدل پشتش کاملا ضد خشه و این یعنی برطرف کردن یکی از مهم ترین ایرادات !",1,3,train
7344,اما دست کم نسبت به مدل Compaq Presario CQ57 یک مزیت دارد و آن برخورداری از پورت HDMI است.,1,3,train
5723,در Galaxy S II برنامه‌ای وجود دارد که از طریق آن می‌توانید غلظت رنگ نمایشگر را به صورت دلخواه تنظیم کنید.,1,3,train
1086,واقعیت جدید را با تصاویر وضوح بالای کامل تجربه کنید.,1,3,train
4091,از نظر سخت افزار هم که می‌توان ادعا کرد این مدل در بین رقبای خود در این بازه قیمت بسیار خوب عمل کرده است.,1,3,train
4690,بعداز 2ماه تحقیق به این نتیجه رسیدم که تارنج 450 تومن این گوشی بهترین انتخابه به دلایل زیر:دارای دومین صفحه نمایش از نظر تراکم پیکسل بعد از آیفون.,1,3,train
4250,رم خوب.,1,3,train
5992,از دیجی کالا هم تشکر می کنم که مشتری مداری را محور فعالیت خودش قرار داده و یقین دارم هروز بهتر از دیروز خواهد بود,1,3,train
4895,سلام دوستان به جای بحث اگه سخت افزار رو مقایسه کنید متوجه میشید که xbox از ps3 خیلی بهتره GPU قوی تری داره ps3 Cpu قوی تری داره و خیلی داستان های دیگه هستن من هر دو تا رو دارم ولی واقعا xbox خیلی از ps3 سر تره شما رو یه LCD دو تا کنسول رو با HDMI وصل کنید و تفاوت رو ببینید با تشکر از همه دوستان,1,3,train
233,گوشی خوبی نسبت به قیمتش.,1,3,train
920,در همان قسمت پشتی، نمایشگر بزرگ و با کیفیت لمسی این دوربین قرار گرفته است.,1,3,train
12103,JVC GZ-MG335، مزیت سه گانه ای دارد که کار فیلمبرداری، ویرایش و بایگانی را ساده تر می کند.,1,3,train
5280,با اینکه این صفحه نمایش بهترین صفحه نمایش موجود بر روی تبلت ها نیست، اما در میان تبلت های هم رده خودش و با این قیمت، بدون شک بهترین است.,1,3,train
10305,اینترنت عالی ساپورت میکنه.,1,3,train
9104,مزایا: سرعت خوب در اجرای برنامه ها صفحه لمسی خیلی خوب ( به سرعت به دستورات پاسخ می ده ) وزن مناسب مجهز بودن به آندروید 4 سنسور GPS و شتاب سنج عالی معایب: کیفیت عکس دوربین در حد ویواز قبلی من هست که اون هم 5 مگا بود ( در حالی که انتظار داشتم کیفیتش بالاتر باشه ) جهت تست گرم شدن دو ساعت تمام گذاشتم صفحه گوشی روشن باشه .,1,3,train
1636,و در نهایت قطر اعجاب انگیز آن که تنها 7.6 میلی متر می‌باشد.,1,3,train
5352,در خرید این تبلت اندکی شک نکنید .,1,3,train
11750,من با آپدیت آن به اندروید 4.0.4 و غیر فعال کردن بازخورد ویبره برای لمس آن توانستم از سد این مشکل که شاید بعضی ها رو از خریدش منصرف کرده بگذرم .,1,3,train
6866,بدون شک بهترین گوشی اندرویدی تولید شده تا به امروز.,1,3,train
8877,من این دوربین رو الان یک سال دارم و ازش خیلی راضی ام.,1,3,train
11265,با سلام چند روزی میشه دارمش خوش دسته و کاربردی,1,3,train
12534,نه تنها رنگ‌ها و به خصوص رنگ سیاه عمیق و قدرتمند هستند، بلکه شما نمی‌توانید هیچ کدام از پیکسل‌ها را بر روی نمایشگر مشاهده کنید.,1,3,train
1397,به علاوه از آنجایی که این حافظه‌ها از نوع Flash هستند، بر خلاف هاردهای معمولی بر اثر لرزش و ضربه های کوچک ایجاد شده بر اثر مصارف روزمره، دچار آسیب نمی‌شوند.,1,3,train
10998,براحتی میشه گفت که این یه تبلت درست و حسابیه.,1,3,train
4853,منم ایکس باکس دارم و به نظر من ایکس باکس بیشتر حال میده,1,3,train
1469,بنابراین اگر به دنبال همچین ویژگی هایی هستید، A3400 IS برای شما گزینه‌ی مناسبی است.,1,3,train
3810,این قابلیت‌های جدید Smart Hub تلویزیون هوشمند سامسونگ بر غنای زندگی شما افزوده و شریک و مشاور سبک زندگی شما خواهند بود.,1,3,train
6977,سلام اگه باطریش قابلیت تعویض باشه میخرمش,1,3,train
6573,در کل، با اینکه عکاسی با تبلت را همواره جزو موارد غیر ضروری نامیده‌ایم، ولی در مورد این دستگاه برای کسانی که علاقه‌مند به عکاسی نیز هستند، هواوی شرایطی را فراهم نموده است که کاملا آن‌ها را راضی خواهد نمود.,1,3,train
7030,این گوشی یک شاهکار از HTC است اما شاید نتونه به خوبی GALAXY S4 سامسونگ فروش بره چون سامسونگ با ساخت گلکسی S3 یک اعتبار بدست آورده و یک پله از اون بالا تره آیفون هم مثل گلکسی S3 خیلی عالیه اما سیستم عاملش درسته خیلی سریع هست اما خسته کننده و تکراری است,1,3,train
3146,تبلت خوبیه .,1,3,train
6916,نمیگم باتریش خیلی خوبه ولی بد هم نیست.,1,3,train
1615,من 2روزه خریدمش واقعا حرف نداره,1,3,train
1323,آیپاد شافل تنها یک پلیر قابل حمل نیست، بلکه به راحتی می توانید آن را به لباستان یا کیفتان وصل کنید و از شنیدن موسیقی لذت ببرید.,1,3,train
2784,نمایشگری که می‌تواند برای عکاسی از چهره‌ی خود عکاس استفاده شود که کاملا کاربردی است.,1,3,train
1508,اگر بزرگنمایی اپتیکال یه کم بالاتر بود گزینه بسیار مناسبی بود,1,3,train
10361,به قیمتش می ارزه.,1,3,train
1202,در تست‌های سخت افزاری، عملکرد این گوشی در حد برترین گوشی‌های اندرویدی یعنی Galaxy S III و HTC One X قرار داشت که ما را متعجب نمود.,1,3,train
10530,در ضمن، این صفحه نمایش قابلیت دریافت دو لمس همزمان را نیز داراست که شاید در حین انجام بازی با این گوشی، اینکه فقط دو لمس همزمان درک می‌گردند مقداری کاربر را برنجاند.,1,3,train
5703,همچنین به نظر ما از نظر مقاومت در برابر خراش و آسیب های احتمالی مقاوم‌تر از کاور پشتی Galaxy S اصلی است.,1,3,train
12279,-یکی از ابهامات که دارم در رابطه با ساخته که دقیقا در هیچ کجا اشاره نشده این دوربین در چه کشوری ساخته شده هر چی هست تقلبی نیست.,1,3,train
7948,این دوربین از مودهای عکاسی خوبی چون SR Auto، Auto و Program بهره می‌برد.,1,3,train
1728,بزرگترین مشکل این گوشی یعنی بلوتوث حل شد و روی ورژن ۶.,1,3,train
5850,سرعت گوشی هم واقعا رفته بالا .,1,3,train
1009,ناگفته نماند که P7700 حتی میتواند یک رقیب واقعی برای D-SLR های کلاس آماتور باشد.,1,3,train
1752,به نظر من بهترین گوشیه فقط یه عیب داره اونم بلوتوثشه,1,3,train
8236,کیفیت صفحه نسبت به قیمت خوبه .,1,3,train
2457,دوستموم آرمین چهار لنگ گفته لرزشگیره بقدری عالی که در حال دویدن هم عکس خوبی میده ولی برای من اینگونه نیست و تصاویر تاری میده فیلمبرداریش عالیه,1,3,train
3688,این در حالی است که درون آن یک حافظه‌ی 2 گیگابایتی وجود دارد و از کارت حافظه‌ی Micro SD تا سقف 32 گیگابایت نیز پشتیبانی می‌کند.,1,3,train
9819,ابعاد این تبلت مقداری از TF700 کوچک‌تر شده و 262.5×171 میلی متر می‌باشد.,1,3,train
9521,هر گوشی که میاد تو بازار اول با اپل مقایسه میشه.,1,3,train
5811,سلام دوستان عزیز واقعا گوشی فوق‌العاده‌ای هستش حتی الان توی قیمت خودش یه‌دونست ولی لطفا با گارانتی بخرید  دوست من همین گوشی رو شب تا صبح به شارژ زد تاچ ال سی دیش سوخت  خلاصه دقت کنید توی خرید سامسونگ  با این حال من هنوز عاشق سامسونگم ولی اگه بخوام بخرم حتما با گارانتی معتبر میخرم,1,3,train
4844,من خودم هم ایکس باکس الایت دارم هم ps3 به نظر من ایکس باکس حالش بیشتر,1,3,train
1335,جالب اینجاس که Beats رو به هر سیستم دیگه ای وصل کرده بودم شاهد همچین کیفیتی نبودم Volume این کوچولو معلوم نیست تا چه حدی زیاد میشه اصلا حاضر نیست کم بیاره !,1,3,train
3425,اگر windos phone 8 قابل پیشرفت باشه این گوشی یکی از بهترین انتخاب هاست .,1,3,train
9419,ولی از این گوشی کیفیت دوربینش به مراتب بالاتر و روون تره.,1,3,train
6392,این گوشی هم یکی دیگر از شاهکارهای سامسونگ است که اندازه ی ان نسبت به S2 هیچ فرقی نکرده .,1,3,train
4386,وزن این تبلت نیز، بسیار کم است.,1,3,train
9437,به هر حال با اینکه صفحه‌نمایش Neo L شما را شگفت زده نمی‌کند، ولی در کل کاملا رضایت‌بخش به نظر می‌رسد.,1,3,train
8803,با وجود یک برنامه مالتی مدیا پلیر کارآمد، می‌توان از LG Optimus L7 II به عنوان یک مدیا پلیر خوب و با کیفیت نیز استفاده نمود.,1,3,train
8031,در قسمت بالای بدنه‌ی این دوربین که از جنس پلاستیک مرغوب ساخته شده، یک کفشک فلاش اکسترنال برای نصب فلاش‌های خارجی دیده می‌شود.,1,3,train
10124,یک موزیک‌پلیر قدرتمند .,1,3,train
9846,هنگامی که داک کیبورد را به دستگاه متصل کردیم، این میزان به بیش از 13 ساعت افزایش یافت و باعث گردید که بتوانیم با اطمینان بگوییم عملکرد باتری‌های این دستگاه نیز بسیار خوب ارزیابی می‌گردد.,1,3,train
3618,اما ویندوز Pro تمامی برنامه‌هایی که تا به حال برای ویندوز نوشته شده است را پشتیبانی و اجرا می‌نماید، چرا که بر مبنای پردازنده های 32 و 64 بیتی ( Intel و AMD ) ساخته شده است.,1,3,train
7283,این دوربین ها همگی برخلاف دوربین های سری R دارای لرزش گیر تصویر اپتیکال می باشند.,1,3,train
9703,از نظر من پردازنده های arm اپل هر چند که دوهسته هستن ولی از پردازنده های چهار هسته ای samsung و lg و htc قوی تره البته باید دید قیمت این گوشی چقدر تعیین میشه,1,3,train
5392,اما در مجموع، صفحه نمایش Optimus VU نیز عملکرد مناسبی را داراست.,1,3,train
5100,البته مدل Benq و Samsung از نظر اجرای دیسک‌های کپی کیفیت بهتری دارند و درایو LG هنگام خواندن دیسک‌ها صدای بیشتری دارد، در صورتی که آن دو دیسک ها را تا اندازه‌ای نرمتر و آرامتر می‌خوانند.,1,3,train
8984,این دوربین توانایی عکاسی پیاپی با سرعت 3.2 فریم بر ثانیه با رزولوشن کامل و با سرعت 8.1 فریم بر ثانیه ولی با رزولوشن 3 مگاپیکسل را دارد.,1,3,train
5706,اما بعد از اینکه مدتی با آن کار می‌کنید، می‌بینید که آن طور هم که قبلا به نظر می‌آمد نیست و حس خوبی با آن خواهید داشت.,1,3,train
12690,نقاط قدرتی که در حدود دو ماه بررسی از Xperia Pro متوجه شدم: 1.GPU یا همون پردازنده گرافیکی داره (Adreno 205) 2.,1,3,train
6577,این تبلت در کنار سه تبلت دیگر 7 و 10 اینچی هواوی، همگی نمایندگانی شایسته برای هواوی در بازار هستند که از اعتبار این کمپانی چینی دفاع می‌نمایند.,1,3,train
2626,خیلی کار کردن باهاش جالبه فقط مشکلش قلمی بودن باطریه که نیاز به شارژر جدا داره.,1,3,train
6493,عاشق پیشنهاد های ویژه هستم ممنون,1,3,train
10022,این دوربین هم همانند M52 مجهز به مودهای فیلم برداری مختلفی می‌باشد که از آن جمله می‌توان به مود intelligent Auto اشاره کرد.,1,3,train
5277,در میان قاب پلاستیکی پشت این تبلت علاوه بر بلندگو، لوگوی Nexus با اندازه ای بزرگ و همچنین لوگوی ASUS با اندازه ای کوچک‌تر خودنمایی می‌کنند و جلوه بهتری به این تبلت بخشیده‌اند.,1,3,train
921,همانند مدل پیشین، نمایشگر این دوربین هم کاملا چرخنده و لمسی است.,1,3,train
8371,زوم اپتیکال: 50X بسیار جالب,1,3,train
6780,سرعتش خوب و با باتری لپ تاپ من 50 دقیقه اسکن مداوم انجام می دهد.,1,3,train
5158,2-امکانات کلی XBOX 360 • هارددیسک پرتابل این دستگاه به یک هارددیسک بیست گیگابایتی SATA مجهز می‌باشد که امکان ذخیره‌ی بازی، موسیقی و دموهای مختلف را به کاربر می‌دهد.,1,3,train
1147,از خریدم راضیم.,1,3,train
13093,به هر حال iPod touch محصول Apple است و دیگر نیازی نمی دیدیم که درباره ی کیفیت پخش ویدیویی یا موسیقی آن نقد و بررسی کنیم، چرا که بدون توجه به قیمت یک سر و گردن از محصولات دیگر برندها بالاتر می باشد.,1,3,train
6762,من تقریبا دو سال است که این اسکنر رو خریدری کردم و عالیه چون هم قیمت پایین داره و هم باریک و کم حجم است و بر روی یک میز فضای زیادی را اشغال نمی کند مناسب برای میز مدیران و کارمندان ادارات,1,3,train
3860,این در حالیست که بر روی بدنه‌ی آن یک دستگیره‌ی بارز وجود دارد که در دست نگه داشتن دوربین را کاملا ساده می‌کند.,1,3,train
8674,اما تنها مشکلی که داره اینکه (پوشه android/data) در حافظه گوشی نصب میکنه نه در کارت حافظه و از اونجایی که حافظه گوشی 4گیگ و از 4گیگ حدود 1.7 گیگ در دسترس داره و اگه یک بازی HD که DATA بازی حدود 1.5 گیگ باشه نمیشه در پوشه android کپی کرد.,1,3,train
12766,نمایشگر ابعاد مناسبی دارد.,1,3,train
3687,بنابراین نوکیا 500 با وجود قیمت ارزانی که دارد، حتی از Nokia N8 معروف هم سریع‌تر است.,1,3,train
6374,سرعت این نسخه از اندروید به نسبت نسخه های پیشین بسیار بیشتر شده و در واقع، اصلی‌ترین تفاوت این گوشی با مدل پیشین نیز در وجود همین نسخه از اندروید به صورت پیش فرض بر روی آن است.,1,3,train
309,سلام من 15 روزه خریدمش از نظر ظاهری دکمه پاورش جای خوبی نیست و اون روکش روی یو اس بی اگه نبود بهتر بود از نظر سخت افزاری مشکلی تا الان نداشته در کل گوشی عالی هست از نظر کیفیت یک مقدار از اس پایین تره خیلی کم در ضمن در دو نوع است که مدل 3g در ایران عرضه میشه اندرویدشم 4.0.4 می باشد گوشی به هیچ عنوان هنگ نمی کند حتی اگر چند روز مدام با گوشی کار کنید.,1,3,train
10551,همچنین این پلیر تمامی ویدئوهایی که QuickTime پشتیبانی می‌نماید را پخش خواهد نمود.,1,3,train
5490,و با رابط مناسبش ، و سخت‌افزاری قویش، گزینه ی خوبی برای تازه کارها، و حرفه ای هاست.,1,3,train
1504,یه دوربین خوب و کامل و مناسب برای ثبت لحظات خاطره انگیز زندگی..,1,3,train
10921,7-سیستم عامل اندروید 4 بسیار یوزرفرندتر از اسلاف قبلیش است.,1,3,train
3499,به علاوه این گرد بودن لبه‌های گوشی باعث می‌شود که در دست راحت‌تر جای گیرد و کار کردن با آن راحت‌تر شود.,1,3,train
8738,حداقل روی کاغذ که این رو به وضوح میبینیم ، به زودی برای خریدش اقدام میکنم و در عمل هم توضیح کامل میدم.,1,3,train
6936,به نظر من بهترین گوشیه لمسیه ..,1,3,train
2815,"توانایی ضبط ویدیویی 720p HD، نمایشگر 3 اینچی 460,000 پیکسلی و مودهای عکاسی گوناگون و کارآمد را نیز به آن بیفزایید.",1,3,train
236,برای خریدش شک نکنید.,1,3,train
12746,صفحه کلید QWERTY را که به صورت کشویی بیرون می‌کشیم با کلیدهای بزرگ و مناسبی روبرو می‌شویم که برای تایپ کردن و نوشتن کاملا مناسب هستند.,1,3,train
12556,صدای اسپیکر نیز در حالت ماکزیمم خوب بود و دچار اغتشاش نشد.,1,3,train
12596,گوشی با کیفیت و مناسبیه و ارزش خرید بالایی داره به نظر من دوربینش کیفیت مناسبی داره و همچنین کیفیت ساخت بدنه ی گوشی های سونی اریکسون هم خوبه یه کم قطرش زیاده و اون هم با امکانات زیادی که داره میشه نادیده گرفت,1,3,train
9938,شاید بسیاری بگویند که این به دلیل پردازنده‌ی خود گوشی بوده است و اینکه پردازنده‌های ضعیف‌تر نمی‌توانند عمل تشخیص و پردازش صدا را به سرعت انجام دهند، ولی عمل پردازش و جستجو جایی در بانک اطلاعاتی عظیم اپل رخ می‌دهد و گوشی‌های با پردازنده‌ی ضعیف‌تر هم می‌توانند از پس آن برآیند.,1,3,train
10561,همچنین، دو سیم کارته بودن آن باعث می‌گردد که به یکی از برترین گوشی‌های دو سیم کارته بازار تبدیل گردد.,1,3,train
6560,موزیک و ویدیو پلیر موجود به خوبی فایل‌های مورد نظر شما را در اکثر فرمت ها پخش خواهد کرد.,1,3,train
4732,به کمک موتور براویا رنگ ها رو طبیعی تر نشون میده.,1,3,train
3708,به هر صورت همانطور که گفتیم، Nokia 500 مناسب کاربرانی است که اولا علاقه‌مند به گوشی‌های نوکیا و سیستم عامل سیمبین هستند، دوما اینکه یک گوشی هوشمند پر سرعت لمسی با بدنه‌ی مستحکم و نه چندان باریک می‌خواهند و در ضمن می‌خواهند قیمت معقولی را هم بپردازند.,1,3,train
11675,یکی از بهترین تغییری که کرد این بود که شارژ بیشتر نگه میداره.,1,3,train
5375,اما اگر بزرگی این گوشی یک نکته منفی برای شما محسوب نمی‌گردد باید بگوییم که سبکی و باریکی آن بسیار کاربردی و خوش‌آیند است.,1,3,train
11635,از خریدنش پشیمون نمیشید مطمئن باشید,1,3,train
2095,"اگر شما به گوشی کوچک ولی با امکانات خوب نیاز دارید آندروید برای شما گزینه های خوبی دارد (ازجمله گوشی های مینی, x10mini , xperia mini , galaxy mini) اگر صفحه بزرگ دوست دارید بازهم گزینه هایی وجود دارد.",1,3,train
4610,البته روشنایی صفحه روی 40%در کل تو این رنج قیمت گوشی خوب و مناسبیه,1,3,train
1075,همچنان که با آن به راحتی می‌توانید به عکاسی زیر آب نیز بپردازید.,1,3,train
2706,همچنین از چیزی که در نگاه نخست ممکن است به نظر برسد هم سبک تر است و با وزن تنها 450 گرم هم وزن X100 می باشد.,1,3,train
9078,به نظر من با توجه به قیمتش و اینکه 2 سیم کارتست شیک ترین و بهترین گوشی میان رقیب های مشابهشه.,1,3,train
9379,باطریش هم خیلی قویه:من با استفاده ی زیاد از وای فای و پیامک و کمی مکالمه و استفاده از برنامه و .,1,3,train
78,مودهای عکاسی که از طریق پیچ تنظیم می‌توانند انتخاب شوند واقعا متنوع هستند.,1,3,train
5629,در مورد پخش فیلم نیز خوب عمل می کنه.,1,3,train
5698,انصافآ تبلت خوبیه.,1,3,train
570,• صفحه کلید و تاچ پد صفحه کلید 4540s از نوع Chiclet یا جزیره‌ای می‌باشد که هر کلید به صورت مجزا بر روی شاسی قرار گرفته تا کار تایپ کردن با آن آسان‌تر شود.,1,3,train
11981,در کل نظر من در موردش خوبه و نسبتا عالیه.,1,3,train
6646,در ضمن قابلیت تغییر سرعت شاتر و گشودگی دیافراگم نیز وجود دارد که این برای فیلم برداری خلاقانه تر و حرفه‌ای تر می‌باشد.,1,3,train
13023,زوم 10 برابر، فوکوس سریع و دقیق، کار در حالت دستی و فوکوس کمکی از دیگر قابلیت‌های کارآمدی هستند که در این دوربین در نظر گرفته شده است.,1,3,train
10385,نرم افزار امنیتی نورتون 2011 (نسخه آزمایشی 60 روزه) از اطلاعات شما در برابر ویروس ها و دیگر فرآیندهای مضر محافظت می نماید.,1,3,train
10275,بدنه ی ضدخش این گوش وقتی اونو تو دست میگیری احساس خیلی خوبی به آدم میده.,1,3,train
5285,• سخت افزار از نظر سخت افزاری این دستگاه استثنایی است.,1,3,train
11108,پردازنده 1.4 گیگاهرتزی 4 هسته ای به کار رفته در آن که مانند مدل‌های قبلی‌اش از نوع Exynos می‌باشد به همراه 2 گیگابایت رم به شما این قابلیت را می‌دهد که از تمامی امکانات نرم افزاری موجود برای سیستم عامل اندروید به راحتی استفاده نمایید.,1,3,train
11607,به روز رسانی: کیفیت عکس‌های گرفته شده توسط P510 برای دوربینی در این رده‌ی قیمتی و سنسور تصویر کوچک خوب است.,1,3,train
5549,حافظه رم 1024 مگابایتی تقریبا یکی از نیاز های اصلی هر گوشی همرده فبلت هست که با وجودش این نیاز رو هم برآورده کرده.,1,3,train
12034,تو برند های دیگه که رقیب نداره.,1,3,train
9138,فرقش با گوشی های هم رده باطری بهتر و سیستم عامل اندروید 4 هست,1,3,train
4495,به نظر من یک انتخاب برتر در گوشی های با این قیمت می باشد.,1,3,train
8256,• نرم افزار و دوربینPadFone 2 به طور پیش فرض از نسخه 4.0 سیستم عامل اندروید با نام بستنی حصیری استفاده می‌کند ولی ایسوس وعده داده است که تا پایان سال جاری میلادی، این گوشی به اندروید 4.1 نیز آپدیت خواهد شد.,1,3,train
10938,5- قابلیت استفاده از micro-SD داره در نتیجه خیلی راحت می تونی حجمش رو بالا ببری 6- با دانگل های مختلف می تونی خیلی راحت خروجی HDMI و USB on the GO رو استفاده کنی.,1,3,train
656,که از پس همه کاری بر می آید !,1,3,train
5624,اونایی که دنبل خرید گوشی با قیمت مناسب باشن.,1,3,train
8103,من که راضی ام ولی تنها عیبش به نظر من اینه که شارژ گوشی دوام زیادی نداره ، حداکثر دو روز براتون کار میکنه و اغلب یه روز کامل که استفاده کردی تمام میشه و باید دوباره شارژ بشه اگه دوست ندارید و نمیتونید مدام هرشب گوشی تون رو شارژ کنید این گوشی مناسب شما نیست در غیر این صورت عالیه,1,3,train
8428,با استفاده از مود HDR می توانید جزئیات بیشتری را در مناطق سایه و روشن نمایان کنید.,1,3,train
8167,وجود تنظیمات مختلف در رابط کاربری دوربین و قابلیت ژئوتگینگ یکی از نقاط قوت دوربین این گوشی هستند.,1,3,train
4875,ولی ps3 خیلی بی صداست.,1,3,train
4702,1GHz در مقابل 528MHz12- دوربین دوم در ری امکانات خوبی رو ارائه میدهد13- امکان آپدیت ری به آندروید 4 یک مزیت بزرگ هست که برای خیلی از گوشی ها حتی سامسونگ های بالای میلیون و HTC ها ارائه نشده است.,1,3,train
815,سیستم عاملش خوبه,1,3,train
5625,توصیه می‌کنم حتما بخرن.,1,3,train
11014,من شک داشتم بین آیپد و این مدل الان از انتخابم راضیم.,1,3,train
10942,به نظر من این از ipad هم بهتره.,1,3,train
5626,ظاهرا امکانات جدید و ویژه ایی هم داره که فعلا امتحانش نکردم.,1,3,train
9022,بسیار خوب، این دوربین نیز مثل دیگر دوربین‌های سری ایکسوس زیباست.,1,3,train
5905,سلام به همه دوستان من 2 ماه اس2 دارم واقعا حرف نداره سری G به نظر من خیلی خیلی بهتره.,1,3,train
11958,البته برای کسانی که استفاده عادی میکنن در حد متوسط رو به بالا هستش.,1,3,train
8950,موتور زوم بسیار کم سر و صدا است و تقریبا صدای آن در هنگام فیلم‌برداری توسط میکروفون‌های استریو ضبط نمی‌شود.,1,3,train
673,خریدم یکبارم به مشکل نخوردم) همیشه هم از قیمت بازار پایینتره پس با خیال راحت کالاتون رو خریداری کنید,1,3,train
12661,هیچ مشکلی هم برای نصب برنامه بدون روت ندارم.,1,3,train
11380,عکس‌ها تا‌ایزو 1600 نویز ندارند و در‌ایزو 3200 مقدار خیلی کمی مشاهده می‌شود.,1,3,train
9835,با اینکه در کل عملکرد صفحه نمایش آیپد جدید در بین تبلت ها هنوز هم برترین است، اما به واقع در یک نگاه کلی به هر دو آن‌ها، باید بگوییم که عملکرد صفحه نمایش VivoTab هم بسیار خوب است و حتی نسبت تصویر آن که 16:9 است در مقایسه با نسبت 4:3 آیپد، ابعاد بزرگ‌تری از تصاویر را نمایش می‌دهد.,1,3,train
6049,رنگ اولیه با شارژ مجددش خیلی متفاوت نبود (چون آشنا داشتم کیفیت جوهرش بعد از شارژ هم بسیار خوب بود).,1,3,train
11830,صفحه ضدخش.,1,3,train
5853,من خودم خیلی رو خرید گوشی حساس هستم اما واقعا s2 هیچ چی کم نداره .,1,3,train
8691,با سلام من یک هفته میشه که این گوشی رو گرفتم از هر نظر عالی هستش تو خریدش شک نکنید,1,3,train
5248,تبلت GSP-X7 با بهره‌گیری از سیستم عامل اندروید ورژن ICS 4.0.4 محیط کاربری آسان با زبان فارسی را در اختیار کاربر قرار می‌دهد.,1,3,train
709,توی خریدش شک نکنید  ممنون دیجی کالا,1,3,train
12128,همچنین یک فلاش بالا جهنده نیز در بالای آن وجود دارد که بتوانید در فقدان نور هم عکاسی کنید.,1,3,train
9965,اپل قول داده که باتری این گوشی در حالی که به شبکه‌ی 3G وصل باشد می‌تواند تا 8 ساعت شارژدهی کند که این حدود 1 ساعت بیشتر از نسخه‌ی پیشین است.,1,3,train
6424,من حدود هفت ماهی هست که این هاردو از دیجی کالا تهیه کردم وتا الان بدون هیچ عیب و نقصی برام کار کرده.,1,3,train
11988,استفاده عادی دو روز جواب میده.,1,3,train
7006,من الان گوشی one x دارم خداییش معرکه هست تا حالا اذیتم نکرده هرچی خواستم برنامه روش ریختم و لذت بردم ولی فقط میگم باتریش منو اذیت میکنه روزی دوبار شارژ می کنم حتی شارژرشو با خودم همه جا میبرم میخوام بگم این باتری واسه این گوشی خیلی ضعیفه حداقل 2500 میذاشت دیگه گوشی بهترین بود .,1,3,train
8272,به هر صورت همانطور که گفتیم، Canon Elph 520 HS محصول دیگری از دوربین های بسیار کوچک و جمع و جور این شرکت است که لنز آن توانایی ایجاد بزرگنمایی تا 12 برابر را دارد.,1,3,train
4347,در حد انقلابی!,1,3,train
5437,اما به نظر می‌رسد که این گوشی نیز جزو گوشی‌های موفق کمپانی ال جی قرار بگیرد.,1,3,train
3699,شاید سیستم عامل سیمبین به خصوص از نظر اپلیکیشن‌ها عقب‌تر از iOS و Android قرار بگیرد ولی به هر صورت سیستم عاملی کاملا دوست‌داشتنی به خصوص برای کاربرانی که پیش از این هم به این سیستم عامل عادت کرده‌اند می‌باشد.,1,3,train
6928,"گرافیک Adreno 320 به کار رفته در اون دو برابر گرافیکهای معمول مانند Mali400, Tegra 3 کارایی داره و سی پی یو 4 هسته ای با معماری جدید Krait اون فراتر از نیاز این دوره زمانی هست.",1,3,train
7109,اما به واقع واژه خوبی برای توصیف تراکم پیکسلی 441ppi نیافتیم.,1,3,train
10747,بهترین امکانات در برابر ابعاد مناسب از سری کامپکت مارک محبوب من سونی .,1,3,train
10367,برای کسانیکه زمان زیادی از فلش استفاده می کنند، اکنون فلش درایوی وجود دارد که برای زندگی پرتحرک شما مناسب است.,1,3,train
1901,یکی از بهترین گوشی های حال حاضر است.,1,3,train
2495,شاسی آن در هیچ جا تحت فشار خم نمی‌شود و خود کلیدها نیز آستانه و عمق عملکرد خوبی دارند.,1,3,train
5675,حتی در مصارف سنگین‌تر، GALAXY Tab 2 10.1 می‌تواند حداقل یک روز کامل را شارژ دهی کند.,1,3,train
2735,در اطراف صفحه نمایش به اندازه کافی قاب وجود دارد که در هنگام نگه داشتن تبلت در دست، به طور اتفاقی لمسی با صفحه نمایش صورت نگیرد که این مورد نیز در هنگام کار با آن، راحتی بیشتری را ایجاد می‌نماید.,1,3,train
3407,من این گوشی را خریدم ولی از هزینه ام راضیم و ممکن نبود دستگاه دیگری بتواند اینگونه بنده را ارضاء نماید.,1,3,train
7731,یه تبلت اپل با سخت افزار رم 256 و پردازنده تک هسته ای 1 گیگاهرتز از TF700 شرکت ASUS سریعتر کار میکنه.,1,3,train
2139,استفاده از المینیوم در بدنه که حس خوبی به دست می ده٥.,1,3,train
4385,بدنه Sony S مانند گوه، یک حالت شیب داری دارد به همین دلیل وقتی آنرا روی میز قرار میدهید، به راحتی قابل استفاده است.,1,3,train
8708,از هر لحاظ از galaxy s duos بهتر است,1,3,train
3028,"کمپانی asus با تولید سری های prime, nexus و infinity نقش زیادی در تولید تبلت های چهار هسته ای داشته است.",1,3,train
12243,"این دوربین علاوه بر شوتینگ مود Full Auto از شوتینگ مودهای P,A,S,M می‌باشد که مخصوص حرفه‌ای‌ترها و کسانی که می‌خواهند خلاقانه‌تر عکاسی کنند و تسلط بیشتری بر روی تنظیمات نوردهی دوربین خود داشته باشند مناسب است.",1,3,train
9964,باتری و عملکرد باتری گوشی iPhone 4s کمی از باتری iPhone 4 بزرگتر و پرظرفیت‌تر است و این در حالی است که 4s تجهیزات داخلی به صرفه‌تری نیز در مصرف انرژی دارد.,1,3,train
10727,•جمع بندیXperia TX ممکن است که در دریای گوشی‌های هوشمند موجود در بازار، یک گوشی خارق‌العاده نباشد اما در مجموع یک بسته‌ی کامل است و کاربران خود را در تمام زمینه‌ها راضی نگاه خواهد داشت.,1,3,train
8131,از نظر کارایی بنظر من بهترین گوشی هست که فعلا میشه استفاده کرد همچنین قیمتش بسیار مناسبه ولی فقط باتری ضعیفی داره,1,3,train
12061,با دوربین فیلم‌برداری JVC مدل GZ-MG255 دیگر برای ثبت فایل‌ها بر روی DVD یا ویرایش آن‌ها مشکلی نخواهید داشت.,1,3,train
11792,یه ذره داغ میشه، ولی بک و منوش تا حالا قاطی نکرده.,1,3,train
6447,پشتیبانی دیجی‌کالا خیلی خوب در مورد خرید راهنماییم کرد و این هارد رو خریدم.,1,3,train
6458,بدون دردسر تو جیبم جا میشه,1,3,train
11949,در تست برنامه an tu tu benchmark v 3.3 رنکینگ به 6290 رسید که در قسمت bar chart بین Samsung galaxy nexus و amazon kindle fire قرار گرفت.,1,3,train
1245,یه وسیله ی بدرد بخور که باعث ایجاد یک دسته بندی جدید در دنیای فناوری شد.,1,3,train
9995,اما برای جواب سوال دوم باید بگوییم که، بله اگر تا به حال iPhone 4 نداشته‌اید و تازه قصد خرید یک iPhone را دارید و یا اینکه از iPhone 3GS می‌خواهید یک مدل بالاتر بخرید، ارزشش را دارد.,1,3,train
6904,تست گوشی رو در سایتهای خارجی ببینید میفهمید که اصلا هم باتری ضعیفی نداره.,1,3,train
8342,برای کسی که ، هم دوست داره از طبیعت عکسای جالب بگیره هم اینکه یه دوربین کامپکت خیلی خوب داشته باشه ارزش خرید داره شاید زیادی هم باشه .,1,3,train
8683,مشخصاتش نسبت به قیمتش عالیه و کیفیت ساخت بالایی هم داره.,1,3,train
10870,اون دوستی که میگفتن برنامه ها رو میبنده یا به اصطلاح force close میده ، باید بگم که اصلا اینجوری نیست و برای من که تا حالا پیش نیومده با اینکه حدود 150 تا برنامه هم روش نصب کردم..,1,3,train
10422,به خصوص اهرم زوم دومی می‌تواند باعث شود که دوربین را همانند DSLR‌ها در دست بگیرید و در ارگونومی عکاسی به شما کمک کند.,1,3,train
6250,اگه قصد خرید دارید خیالتونو راحت کنم.,1,3,train
2774,به نظر می رسه با توجه به امکاناتش قیمتش مناسبه,1,3,train
4404,تایپ کردن با کیبرد این تبلت در حالت عمودی با دو دست بسیار راحت است ولی در حالت افقی نیاز به کمی تمرین دارید تا به آن عادت کنید.,1,3,train
5542,صفحه نخست با بارگذاری ویجت های مخصوص و آیکن های برنامه ها زیباتر شد و با حرکت در صفحات Home این زیبایی بیشتر جلوه کرد.,1,3,train
4858,من 2 ماهه که xbox360 elite خریدم و روزی هم حدود 5 ساعت بازی می کنم هیچ مشکلی هم نداشته به اندازه ی کافی هم ps3 بازی کردم به نظر من xbox خیلی بهتر از ps3 هست چون با وجود کمتر بودن قیمت بازی هاش گرافیک بازی هاش اصلا پایین تر از ps3 نیست حداقل تو ایران xbox360 اون هم مدل elite خیلی به صرفه تره مگه اینکه شما پول زیاد داشته باشی اون موقع آره,1,3,train
6502,مصرف برق در وسترن در حالت بیکار کمتره و همچنین از لحاظ نرم افزاری که روی خود هارد هست وسترن 1 سر و گردن بالا تر از سیگیته!,1,3,train
3155,من حدود یک سال پیش این تب دوست داشتنی رو خریدم .,1,3,train
1465,البته خبری از پورت HDMI نیست ولی به هر صورت وجود چنین امکان فیلم برداری برای دوربینی در این رده‌ی قیمت واقعا خوب است.,1,3,train
3440,مشخصات کلی کمپانی کانن که شهرت خود را بیشتر بابت دوربین‌هایش دارد، در زمینه تولید دستگاه های اداری نیز فعال بوده و جزو برترین کمپانی‌ها در این زمینه می‌باشد.,1,3,train
12119,رزولوشن 16 مگاپیکسل هم کافیست تا جزئیات به خوبی تفکیک بشوند.,1,3,train
453,همچنین به کمک فناوری‌های بلوتوث، NFC و درگاه USB نیز می‌توان به راحتی با دیگر دستگاه‌ها تبادل اطلاعات نمود.,1,3,train
1380,بلندگوها اپل بلندگوهای MacBook Pro 2012 را به طور کامل از نو طراحی کرده است و می‌توانیم بدون اغراق بگوییم که این بلندگوها یکی از بهترین بلندگوهاییست که تا به امروز بر روی لپ‌تاپ‌ها دیده بودیم.,1,3,train
7318,یکی از اصلی ترین ویژگی های این سری لپ تاپ های سامسونگ سبک بودنشونه که حدود 600 - 700 گرم سبکتر از برندهای دیگه هست.,1,3,train
2459,لرزشگیر اپتیکالش برای من زیاد تاثیر ندارد و برخلاف گفته آرمین چهارلنگ که گفتن در حین حرکت هم عکس بدون تاری میده برای من اینطور نیست و تار است  ولی عکاسی ماکرو (نمای نزدیک) با کیفیتی میده در کل برای من به غیر اون لرزشگیر باقی مواردش عالیه,1,3,train
12342,ولی به جز این‌ها مودهای صحنه‌ی بسیار متنوع و زیادی هم بر روی این دوربین وجود دارند که می‌توانید به صورت دستی از بین آن‌ها انتخاب کنید.,1,3,train
8248,برای آنهایی که می خواهند با بودجه کمتر گوشی 2 سیم کارته و با کیفیت قابل قبول داشته باشند پیشنهاد می کنم و البته LG c 199 نیز انتخاب خوبی است,1,3,train
9157,نرم افزار یکی از نقاط قوت این گوشی دو سیم کارته، بهره گیری آن از نسخه 4.0 (Ice cream Sandwich) سیستم عامل اندروید است.,1,3,train
12940,میزان روشنایی آن در زیر نور خورشید خوب و زوایای دید آن نیز مناسب ارزیابی می‌شود.,1,3,train
9794,سنسور تصویر 18 مگاپیکسلی CMOS این دو دوربین باعث می شود که بتوانید جزئیات خیلی زیادی را در شرایط نوری خوب با آن ثبت کنید.,1,3,train
5685,سیپیوشم اصلا کم نمیاره اونم با بازیهایی مثل modrn combat4 و..,1,3,train
13007,گزینه Function نیز تنظیمات دستی متعددی را شامل می‌شود که به کمک آن‌ها به راحتی به گزینه‌های Program AE (عکاسی پرتره، ورزشی و مانند آن)، مشخصه جبران نوردهی، فاصله‌یابی ناحیه‌ای و مود عکاسی در شب و تاریکی دست‌رسی خواهید داشت.,1,3,train
13080,بدین صورت که به شما اجازه می دهد تا با اشاره های کوچک نوک انگشتان هر عملی را به خصوص بزرگ یا کوچک کردن مقاطع مختلف صفحه انجام دهید.,1,3,train
3641,اما در نهایت با همه این اوصاف باید بگوییم که صفحه نمایش این تبلت برای کارایی‌های آن مناسب و کافیست.,1,3,train
263,دوربینش هم که عالی صفحه ی نمایشی که در این گوشی استفاده کردند از نوع LED-Backlit lcd هست که این صفحه با رزولوشن اچ دی روی این صفحه قرار گرفته که بنظر من مناسب ترین سایز صفحه و بهترین تناسب بین سایز و رزولوشن هست رنگهای مشاهده شده از نمایشگر این گوشی هم زنده و لذت بخش هستن با توجه به اینکه اسمارت فون قبلیم گلکسی اس 2 بود و جز بهترین صفحه ها بود فکر میکردم صفحه ی این گوشی خیلی بد باشه ولی اینطور نبود واقعا کم نداشت از گلکسی به جز چند مورد نا محسوس .,1,3,train
4107,صفحه کلید Full QWERTY گوشی امکان تایپ سریع SMS رو فراهم می کنه.,1,3,train
7688,به نظر من به نسبت قیمتش عالیه.,1,3,train
2085,تمام مشکلاتی که گفتم رو از ذهن خودتون پاک کنید و با یک دستگاه اسمارت واقعی کار کنید و لذت ببرید.,1,3,train
5552,همچنین شارژ بسیار سریع باطری هم جایی برای گفته شدن داره.,1,3,train
10015,"این دوربین هم از همان نمایشگر 3 اینچی 230,000 پیکسلی لمسی بهره می‌برد که نمایشگر خیلی خوبی است.",1,3,train
12767,به خصوص در مود Landscape یا افقی مرورگری اینترنت با آن لذت بخش می‌باشد.,1,3,train
9509,اگه پولش را دارید در انتخابش شک نکنید,1,3,train
12792,تنها درمان به درد بی درمان گوشی بازی من .,1,3,train
2267,خوشم اومد دنبال یکی بهتر از one x بودم که پیدا کردم به احتمال اینو بخرم,1,3,train
4478,محیط کاربری دوربین Xperia ray دقیقا مشابه مدل Xperia arc است و به قابلیت‌ها و امکانات نسبتا زیادی مجهز است.,1,3,train
12106,با فشار دکمه ی Direct Backup، دوربین، فیلم ها را از طریق کابل USB به کامپیوتر منتقل می کند تا حافظه ی دوربین خالی شود.,1,3,train
7364,اسپیکرها در قسمت پایین بدنه قرار گرفته‌اند و حقیقتا صدای بلند و خوبی دارند تا برای گوش دادن معمولی به موسیقی یا دیدن فیلم در یک اتاق نسبتا ساکت، مناسب باشند.,1,3,train
6405,هم چنین این برنامه، دارای ابزاری اختصاصی برای حفاظت از اطلاعات شخصی و جلوگیری از جعل اینترنتی هویت شماست، نرم‌افزارهای جدید پاندا، یکی از بهترین روش‌های موجود برای پیشگیری از کلاهبرداری‌های آنلاین حملات هک،‌نفوذهای غیرمجاز و آلودگی‌های ویروسی محسوب می‌شود.,1,3,train
941,این دستگاه ها پرتابل ( قابل حمل ) بوده و این خصوصیت، امکان زیادی را به شما میدهد.,1,3,train
12644,حساسیت صفحه لمسیشم بالاست.,1,3,train
6216,این نسخه که به دلیل وجود پروژه کره نسخه بسیار روان تری نسبت به نسخه 4 محسوب می‌گردد، بر روی کمتر گوشی هوشمندی در حال حاضر موجود است.,1,3,train
2857,به لطف سخت افزار مناسب و قابلیت‌های ارتباطی مختلف این گوشی مانند Wi-Fi، GPRS، HSDPA و..,1,3,train
10859,به راحتی به کامپیوتر وصل میشه.,1,3,train
11214,همچنین آپلود مستقیم بر روی شبکه های اجتماعی چون فیس بوک و ایمیل آن ها نیز مهیا شده است.,1,3,train
6312,قیمتش هم الان در فروش نوروزی دیجیکالا واقعا منطقی و به صرفه هست .,1,3,train
10917,این مورد رو می تونید با جستجو در سایت هایی که این کار رو انجام می دهند و همشون تایید کردن که راحت باز میشه و تعمیر میشه ببینید.,1,3,train
12808,خیلی از این خرید و سرویس و آفر های سایت دیجی کالا راضی هستم تشکر میکنم,1,3,train
11004,در مورد تماس های تلفنی هم ساعت های مچی ای ارائه شده که سیستم اندروید دارند و یک نمونه از اون رو شرکت سونی ارائه داده که میتونید بدون درآوردن تبلت از کیفتون ، پیام های ارسالی رو مطالعه کنید ، شماره بگیرید ، موسیقی مورد نظرتون رو روی تبلت کنترل کنید و.,1,3,train
5517,به نظر من این فبلت بعد از ال جی نکسوس بهترین گوشی سال ال جی خواهد بود,1,3,train
2309,ضعف دوربین هم مربوط به نرم افزار بوده و با آندروید 4.1 مشکل One x حل شده.,1,3,train
8560,صداش از بقیه اندروید ها بلندتره.,1,3,train
2548,فقط خوشگله و زومه بالایی داره و خوش دسته.,1,3,train
235,نظر خودم اینه که به مارک سونی اعتقاد کامل دارم و محصولاتش و با اطمینان می خرم حتی اگه گارانتی نباشه که در مورد این گوسی هم منو راضی کرده.,1,3,train
11156,تلویزیون هوشمند سامسونگ شما به دلیل دارا بودن دقت تصویری دو برابر تلویزیون های اچ دی معمولی، تجربه دیداری شگرفی می آفریند که شما را از مرز صفحه تلویزیون فراتر برده و در تصاویر نفس گیر خود غوطه ور خواهد ساخت.,1,3,train
11882,این گوشی از شبکه‌های 3G و 2G پشتیبانی می‌کند و همان‌طور که انتظار می‌رود از فن‌آوری‌Wi-Fi نیز جهت اتصال به دنیای اینترنت بهره می‌برد.,1,3,train
6014,HP به همراه این پرینتر درایورهای 32 و 64 بیت برای سازگاری با ویندوز XP، Vista، 7 و OS X 10.4 را نیز فراهم کرده است.,1,3,train
12193,در کل اگر با خیلی کوچکی این دوربین مشکلی ندارید، 100D واقعا دوربین خوبیست.,1,3,train
3561,من بیشتر از کاربردهای زیادی که داره خوشحال هستم.,1,3,train
7701,قیمت بالاتر نمیتونه نقطه ضعف باشه چون همیشه باید برای داشتن بهترینا، هزینه بیشتری داد,1,3,train
12703,این گوشی برای انگشتان بزرگ مناسب است,1,3,train
400,این دوربین هم ویژگی‌های خوب و شاخص خود را ارائه می‌دهد که می‌تواند به نوعی آن را از دیگر دوربین‌های هم رده متمایز سازد.,1,3,train
7488,به خصوص اینکه علاوه بر قیمت ارزان، وزن و ابعاد این دوربین‌ها نیز خیلی کم است.,1,3,train
7411,من که راضی ام.,1,3,train
8199,البته فیلم برداری 4K با سرعت 15 فریم بر ثانیه انجام می گیرد که شاید برای صحنه های سریع ورزشی چندان مناسبت نداشته باشد، ولی 1080p آن با سرعت 60 فریم بر ثانیه انجام می گیرد که عالیست.,1,3,train
3759,گوشی مناسب، خوب و کارایی است.,1,3,train
6528,ابعاد 176×257 میلی متری برای یک تبلت 10.1 اینچی ابعاد کاملا متناسبیست و وزن 580 گرمی آن به همراه قطر 8.8 میلی متری یک مزیت.,1,3,train
6456,کوچک.,1,3,train
3055,تنها ایرادی که به این تبلت وارد است نبود قابلیت نصب سیم کارت است ولی به نظر می رسد که این ایراد با تعریف کاربریه تبلت و گوشی همراه از بین خواهد رفت!,1,3,train
1041,این قفل به شما اطمینان می‌دهد که در صورت ورود ضربه درب باتری هیچ گاه باز نمی‌شود.,1,3,train
195,ولی مطمئن شدم که ion بهتر از acro s هست.,1,3,train
10533,سخت افزاربرایDual Xperia E از یک پردازنده Cortex-A5 با فرکانس 1 گیگاهرتز به همراه یک چیپ Qualcomm Snapdragon S1 و همچنین پردازشگر گرافیکی Adreno 200 استفاده شده است تا به همراه 512 مگابایت حافظه رم، سخت افزار این گوشی را تشکیل دهند.,1,3,train
6440,یکی ازمزایای هاردهای WD usb3 اینه که موقع عدم انتقال داده، هارد به حالت sleep میره که مزیت بزرگیه و باعث عدم استهلاک و مصرف پایین انرژی میشه.,1,3,train
12270,البته یادتون نره در داخل کامپیوتر به یک نرم افزار خوب برای پخش با کیفیت نیاز دارید.,1,3,train
9548,به چند دلیل زیر برای این منظور اکتفا می گردد: سخت افزار: ۱ - سرعت پردازنده: ایفون ۵ مطابق با بررسی های انجام شده حدود ۱۱۰۰ الی ۱۲۰۰ مگاهرتز و دو هسته ای است و از تکنولوژی پردازنده آرم A15 که ۴۰ درصد سریعتر از پردازنده آرم A9 است بهره می برد.,1,3,train
6067,کیفیت چاپش خوبه.,1,3,train
93,این لنز در حالت واید 24 میلی متر به راحتی می‌تواند میدان دیدی کاملا گسترده را پوشش دهد تا در یک عکس بتوانید تصویر یک چشم انداز طبیعی پهناور را ثبت کنید.,1,3,train
2284,شما می تونین با روت کردن گوشی هر کاری میخواهید باهاش بکنین (و اگر نخواهید این کارو بکنین واسه چی دارین اسمارت فون میگیرین!,1,3,train
5598,این گوشی از دوربین 5 مگاپیکسلی در قسمت پشتی بهره می‌برد.,1,3,train
11109,یک پردازشگر گرافیکی ARM Mali هم به این سخت افزار قدرتمند کمک می‌کند که حتی کارهای گرافیکی و سنگین‌ترین بازی‌ها را هم به راحتی پردازش کند.,1,3,train
10644,سونی با تولید این گوشی ها برای همه ی برندهای اندروید خط و نشون می کشه .,1,3,train
11213,شما می توانید عکس هایی که گرفته اید را به صورت بیسیم به گوشی هوشمند، تبلت یا لپ تاپ خود منتقل کنید و یا اینکه برای پرینت مستقیم به یک پرینتر ارسال نمایید.,1,3,train
11452,زیبای دوست داشتنی .,1,3,train
6485,من تهیه کردم ، هم کوچک و هم زیبا.,1,3,train
3749,در ضمن fit برنامه های آفیس رو هم پشتیبانی میکنه و پی دی اف رو هم میخونه.,1,3,train
6521,اصلانم نگران آویزون شدن جیبتون نباشید چون سبکه.,1,3,train
5595,خوشبختانه این گوشی نیز از 4 گیگابایت حافظه‌ی داخلی بهره می‌برد که البته حدود نیمی از آن برای کاربر قابل استفاده می‌باشد.,1,3,train
1267,تو این قیمت به نظر من بهترینه و من از 10 بهش 9 میدم اونم فقط به خاطر دوربینش,1,3,train
9176,راستش اول که از جعبه درآوردمش بخاطر کیفیت بدنش خیلی تو ذوقم خورد و از انتخابم پشیمون شدم ولی وقتی عکس گرفتن رو باهاش شروع کردم احساسم کاملا عوض شد !,1,3,train
8757,به نظر گوشی خیلی خوبی میاد ..,1,3,train
204,افت قیمت Acro s و افزایش قیمت Xperia Ion خودش گواه بر اینه که این گوشی توی بازار هم استقبال بیشتری ازش شده نسبت به Acro s ..,1,3,train
11195,البته قسمت بالایی این دوربین به خاطر آنتن GPS و Wi-Fi از پلاستیک ساخته شده تا گیرندگی بهتری داشته باشند.,1,3,train
2522,• جمع بندی به هر صورت همان‌طور که گفتیم، ASUS X سری نوت‌بوکی در رده‌ی کاربری عام، با مشتری‌های متنوع با نیازهای متفاوت و قیمت مناسب است.,1,3,train
8694,با این مشخصات قیمت کاملا مناسبی داره از همه مهم تر به روز بودن گوشیه با آخرین ورژن آندروید و باتری قوی,1,3,train
12290,با درود منم این دوربین رو از همین سایت خریدم، کیفیت عکس ها (حتی در تاریکی مطلق با فلاش) آدم رو به وجد میاره.,1,3,train
3320,"این دوربین از کارت های حافظه ی Memory Stick Pro Duo, Pro-HG Duo، SD/SDHC و SDXC پشتیبانی می‌کند.",1,3,train
10016,اما با این وجود R30 اصولا دوربین کوچکتری نسبت به M52 است.,1,3,train
4075,• سخت افزار پردازنده یک گیگا هرتزی که در این گوشی به کار رفته، سبب جلب رضایت کامل کاربر در هنگام کار با گوشی، استفاده از برنامه های مختلف و یا گشت زنی در اینترنت گشته است.,1,3,train
12563,چیز زیادی برای گفتن درباره‌ی آن وجود ندارد به جز اینکه امکان خوبی بوده است و می‌توانید بهترین تجربه‌ی خواندن کتاب‌های الکترونیکی را با آن داشته باشید.,1,3,train
6770,همه چیز رو با هم داره,1,3,train
737,این لپ تاب رو من چند روز پیش از دیجی کالا خریداری کردم در نگاه اول طراحی اون بسیار جالب و شیکه و بدنه آلومنیومی اون مقاومت خوبی داره کیبورد و تاچ واقعا عالیه و یکی از نقاط قوته این مدله صفحه نمایش کیفیت متوسط رو به بالا داره و چون ماته توی محیط های خارج از منزل کاملا جواب میده تنها نکته منفی نبود سی دی درایور دستگاه بود که واقعا اذیت شدم (سایت HP خیلی گنگ و سرعت پایینه!,1,3,train
10804,اگر نداشته باشید تلوزیون اصلا کاربرد نداره 2.این تلوزیون بسیار خوبی است ولی تو ایران زیاد کار آمد نیست زیرا بیشتر برنامه های کاربردیش مثل برنامه اصلی ورزش تلوزیون فیلتر است و نمی تونید از برنامه های کاربردی ان استفاده کنید (البته ایران خودش چند تا برنامه و بازی عالی در سامسونگ اپس گذاشته است) در پایان باید به مرورگر خود تلوزیون بپردازم که واقعا عالیه و من از اون راضی بودم ولی اگر کاربران بتوانند برای راحتی خودشون یک کیبرد و موس بی سیم هم بگیرند راحت تر می توانند از مرورگر استفاده کنند و کیفیت تلوزیون که برای شبکه های ایران کیفیت خوبی ندارد ولی برای فیلم های فول اچ دی عالیه امیدوارم تونسته باشم راهنماییتون کرده باشم,1,3,train
11063,این تبلت در جواب new ipad اومده و به نظرم بد جوری اونو شکست داده.,1,3,train
11891,همانند گوشی Xperia X10 Mini، این گوشی هم از دوربین 5 مگاپیکسلی ولی با امکانات بیشتر بهره می‌برد.,1,3,train
610,وزنشم نسبت به اندازه صفحه نمایش خوبه.,1,3,train
6373,پاسخگویی عمومی گوشی واقعا مثال زدنی ست.,1,3,train
9268,وقتی انتخاب می شود دوربین به طور خودکار چهار عکس پشت سر هم می گیرد و سپس با میانگین گرفتن از آن ها از نویز تا حد زیادی می کاهد.,1,3,train
12547,بعلاوه امکان زوم دیجیتال 5X نیز وجود دارد.,1,3,train
5786,البته یکم قیمتش بالاست که با توجه به قابلیت هایی که داره می‌ارزه.,1,3,train
12206,اما با همه ی بی‌صداییش وقتی دست روش میذارم تق تق میکنه که اینم مربوط به هد میشه و فکر نکنم مشکل بزرگی باشه.,1,3,train
5101,در زمینه‌ی مقایسه میان‌افزارهای هر سه درایو می‌توان گفت که میان‌افزار درایوهای Samsung سریعتر آپدیت شده و در حال حاضر از ویژگی‌های بیشتری برخوردار می‌باشند، به طوری که جدیدترین میان‌افزار درایو Samsung ورژن ۵٫۳ است.,1,3,train
8159,برنامه های متنوعی از قبل بر روی این گوشی نصب شده‌اند که از جمله آن‌ها می‌توان به برنامه های نقشه، ایمیل، چت، مرورگر اسناد آفیس و.,1,3,train
11309,بعلاوه برای اینکه به ویژگی کاربر دوستانه بودن 600D افزوده شود، این دوربین از یک سری Creative Filter یا فیلتر خلاقانه بهره می‌برد.,1,3,train
1468,سنسور با رزولوشن بالا، توانایی فیلم برداری 720p HD و طراحی و ساخت زیبا و باریک نیز جزو ویژگی همه‌ی دوربین های سری A امسال محسوب می‌گردند.,1,3,train
12504,شاید تنها نقطه ضعف فیلم‌برداری این گوشی، سیستم فوکوس ممتد آن باشد که کمی با تاخیر عمل می‌کند ولی در مجموع می‌توانیم بگوییم که در مقایسه با دوربین گوشی‌های رده بالای دیگر، دوربین Xperia V بسیار خوب و رضایت بخش عمل می‌کند.,1,3,train
189,یک ماهه این گوشی رو دارم صفحه نمایشش از اس 3 سامسونگ بهتره با قیمت پایین تر هیچ ایرادی نمی تونم بهش بگیرم تمام نیازهای من رو برطرف کرده یک دوربین با کیفیت - کامپیوتر - اسکنر - جی پی اس و ..,1,3,train
5510,من الان 1 هفتست این گوشی رو خریدم خوب شاید نوت 2 بهتر باشه اما باید تفاوت قیمت رو هم در نظر بگیریم کلا گوشی خیلی خوبیه با اینکه بزرگه اما بر خلاف نظر دوستان صحبت کردن باهاش راحته، کیفیت صدای مکالمش عالیه، دوربینش خوبه، کیفیت ال سیدیش هم خوبه اما عیب‌هاش اینه: عدم وجود شکاف برای قرار گیری قلم، پشتیبانی ضعیف ال جی، باطری ضعیف اما کلا گوشی خوبیه فوق‌العاده روان و سریع هستش و تمام بازی هارو بدون لگ بالا میاره، البته طراحی زیباشو نباید نادیده گرفت من که ازش راضیم,1,3,train
13082,همچنین یک سنسور شتاب سنج خودکار داخلی نیز برای چرخاندن صفحه ی نمایشگر به دو مود افقی و عمودی وجود دارد.,1,3,train
12143,دستگاه خوبی است و از کیفیت مناسبی برخوردار است فکس را سریع ارسال ودریافت میکند,1,3,train
7922,از نظر من بهترین کنسول همراهه.,1,3,train
2917,همه چیز بسیار سریع و بدون هیچ‌گونه کاهش سرعتی بوده و از Flash نیز به طور کامل پشتیبانی می‌شود.,1,3,train
5953,سپس تنها کاری که برای عکاسی لازم است انجام دهید این است که آن را به سوی سوژه نشانه بروید و دکمه‌ی شاتر را بفشارید تا بهترین و با کیفیت ترین عکس گرفته شود.,1,3,train
3225,طراحی زیبا 3.,1,3,train
9238,اما اگر بیشتر تامل کنیم شاید در پس این تغییرات، به خصوص افزودن میکروفون استریو و مود ویدیو بر روی سویچ پاور چیز بیشتری نهفته باشد.,1,3,train
5684,تبلت خوبیه و باهاش مشکلی ندارم,1,3,train
2749,نرم افزار سیستم عامل موجود بر روی تبلت جدید فوجیتسو همان طور که گفتیم سیستم عامل محبوب و قدرتمند اندروید می‌باشد.,1,3,train
3801,شیوه کاملا نوین تعامل با تلویزیون را تجربه کنید.,1,3,train
5421,دوربین اما از نظر قابلیت عکاسی، ال‌جی برای این مدل چیزی کم نگذاشته است.,1,3,train
7410,در مورد درایور هاش هم باید بگم درسری های جدید دی وی دی درایور ها رو گذاشتن.,1,3,train
10791,در ضمن مودهایی چون عکاسی سه‌بعدی و پانوراما هم بر روی آن وجود دارد.,1,3,train
9624,گوشی که با سرعت پردازش بالا، سبک، باریک و زیبا.,1,3,train
9356,صفحه نمایش 4 اینچی-دوربین با‌کیفیت قابل‌قبول و سیستم‌عامل اندروید 4.,1,3,train
8368,ولی اگر دنبال زوم زیاد هستید و دیافراگم خیلی برایتان مهم نیست این دوربین بهتر از P510 با رنج 1000 میلی متر هست.,1,3,train
7447,در کل همانطور که گفتیم، 5600F اسکنری ارزان قیمت با توانایی اسکن با کیفیت بسیار بالای عکس و فیلم عکاسی است که البته سرعت بالایی را در این کار ارائه نمی‌دهد.,1,3,train
343,در مورد زوایای دید نیز همان‌طور که انتظار می‌رفت، اگر کمی از بالا یا پایین به صفحه نمایش نگاه کنید، تغییر بسیاری در کیفیت تصویر مشاهده خواهید کرد ولی زاویه دید افقی بسیار خوب است.,1,3,train
1090,حالا می‌توانید از تمام برنامه های دلخواه خود در تلویزیون یا از دور لذت ببرید.,1,3,train
9364,هرچی بازی و نرم افزار آندرویده به راحتی باز میکنه!,1,3,train
8323,در قلب این گوشی چیپ NVIDIA Tegra 3 قرار دارد که به کمک پردازنده چهار هسته ای 1.5 گیگا هرتزی و یک گیگابایت حافظه RAM، قدرت پردازشی بی نظیر گوشی را تضمین می‌کند.,1,3,train
2618,بدست که میگیری حس حرفه ایه عکاسی بهت دست میده مخصوصا وقتی از چشمیش استفاده میکنی.,1,3,train
2713,این مدل دارای تجهیزاتی تکمیلی برای اتصال به فرمان، داشبورد، کلاه و بدنه خارجی انواع وسائط نقلیه از قبیل اتوموبیل، موتورسیکلت، دوچرخه و جت اسکی است است.,1,3,train
6079,از ویژگیاش هم اینکه قطعات یدکی و تونرش همه جا هست و راحت گیر میاد( مثل سامسونگ نیست!,1,3,train
5699,سامسونگ با این روند یکه تاز عرصه دیجیتال خواهد شد,1,3,train
10949,اونم خوب بود.,1,3,train
8710,بسیار به صرفه است .,1,3,train
7503,با توجه به اینکه گرافیک خیلی قوی نداره ولی برای کارهای روزمره بسیار خوبه.,1,3,train
6385,این ویژگی Voice to Speech در جاهای دیگر گوشی مثل جستجو در گوگل یا در مرورگر برای نوشتن آدرس‌های اینترنتی هم کاربرد دارد.,1,3,train
6156,یکی از بهترین کنسول های موجود در ایران هست چون قیمت بازی های نسبت به ps3 کمتره و همون کیفیت رو داره و می تونم بگم که بهتر هم هست!,1,3,train
4458,در جلوی Xperia ray صفحه نمایش 3.3 اینچی لمسی خازنی با رزلوشن 480x854 قرار دارد که تراکم پیکسلی بسیار بالای 297ppi را ارائه می‌دهد.,1,3,train
80,"به خصوص اینکه مجهز به مودهای عکاسی حرفه ای تر P,A,S,M هم می‌باشد.",1,3,train
6507,در آخر میگم اگر هارد دیسک اکسترنال نیاز دارین، شک نکنین و بخریدش!,1,3,train
7007,من که حتما این گوشی رو میخرم منتظرم فقط بیاد تو بازار میخواستم اپل بگیرم ولی از محدودیت خوشم نمیاد,1,3,train
5616,باریکه.,1,3,train
2742,می‌توان گفت که در این حدود قیمت صفحه نمایش‌های با رزولوشن بیشتری نیز وجود دارند، اما در کل صفحه نمایش Stylistic M532 رضایت بخش می‌باشد.,1,3,train
276,از لحاظ ارگونومی این گوشی با این که هم وزن نسبتا زیادی داره و هم صفحه نمایش بزرگی داره ولی به لطف قوسی که گوشی داره و جنس فلزی پشت گوشی داره ولی توی دست فوق العاده حس خوبی میده و خیلی خوش دست می باشد.,1,3,train
7912,دوربین خوب و خوش دستیه امکانات خوبی هم داره من از سایت خریداری کردم و تا الان ازش راضی هستم,1,3,train
6341,از بابت آنتن دهی خوبه اجرای برنامه خوبه .,1,3,train
5851,ازش راضی هستم ..,1,3,train
2165,اپل در واقع یک سر و گردن از شرکت های مقابل خود بالاتر است.,1,3,train
44,در مجموع نسبت به قیمت خوب است.,1,3,train
6788,با سلام ودرود فراوان، جدیدا یک دستگاه از همین مدل (110 ) برای محل کارم خریده اند که خیلی از آن راضیم، پورت USB و جمع وجور بودن آن از مزیت ها دیگر آن است.,1,3,train
1240,صرف نظر از عملکرد این گوشی-تبلت، باید بگوییم که ایده‌ی ایسوس بسیار خلاقانه و قابل احترام است.,1,3,train
8559,تاچش عالیه.,1,3,train
2001,به نظر خود من که هیچ گوشی بهش نمیرسه در حال حاضر و اینکه مثل همیشه یه سر و گردن از بقیه ی گوشیها بالا تره.,1,3,train
3780,درون این دوربین 32 گیگابایت حافظه ی داخلی وجود دارد که برای 2 ساعت ضبط ویدیویی در بیشترین کیفیت کافی است.,1,3,train
9505,از همه نظر به روز و فوق العادست اما رقیب قدرتمندی هم داره.,1,3,train
6165,بازی های زیادی داره که کرک شده اند و با قیمت مناسب قابل خریداری هستند.,1,3,train
7340,به هر صورت در این سطح قیمتی که نوت‌بوک قرار دارد، چنین بدنه ای کاملا استاندارد است.,1,3,train
1300,امروز این گوشی رو که تو پیشنهاد ویژه از دیجی کالا خریده بودم به دستم رسید ، جدای تعریف سرویس دهی و سرعتشون برای منی که تو تهران زندگی میکنم عالی بود ؛ تو پک گوشی فقط شارژر و کابل اتصال به کامپیوتر بود و یه برگه گارانتی شرکت همراه سرویس خاورمیانه که اطلاعات گارانتی رو وارد کردم تا برج 2 سال 93 اعتبار داشت ، گوشی روون کار میکنه ، همه چیزش خوب بود نسبت به پولی که میخوای بدی (البته xperia e dual گوشی بدی نیست ) اگه نمی خواید پول زیادی بابت گوشی بدید این یکی از بهترین انتخاب ها تو دو سیم ها است ( دو سیم بودن برای من خیلی مهم بود ) دوربین تعریف چندانی نداره ولی قدرت سیگنال wifi و gps خوب بود.,1,3,train
731,لذت ببرید .,1,3,train
12783,از محسنات این گوشی میشه علاوه بر موارد ذکر شده، عدم هنگ کردن موقع کار با انواع نرم افزارهاوسرعت بسیار بالای اون دونست ضمن اینکه علاوه بر دوام و ساختار محکم گوشی، ظرافت بسیار بالا و صفحه بسیار حساس آن همواره موجب خرسندی و رضایت کاربر میباشد.,1,3,train
11639,به اندرویید 4 هم ارتقاء دادم و مصرف باطریش بهتر شده و میزان حافظه داخلی و RAM بهینه تر شده و باعث شده که سرعتش بالاتر بره چون من با یکی از همین مدل گوشی با اندرویید 2.3 مقایسه کردم.,1,3,train
1771,ممنون از مسئولان دیجی کالا واقعا دیجی کالا بهترین فروشگاه اینترنتی است,1,3,train
8735,فعلا تو دوسیم کارته ها حرف اول رو میزنه از نظر قیمت و کارایی.,1,3,train
8244,اگر دنبال یک گوشی زیبا با قیمت مناسب و دو سیم هستید یکی از بهترین پشنهادات .,1,3,train
11518,به علاوه امکان عکس‌برداری HDR به طور پیش فرض به برنامه دوربین اضافه شده است.,1,3,train
7832,دوربینش خوبه !,1,3,train
1420,1- وزن 2.02 کیلویی این مدل در این سایز بسیار مناسب و سبک محصوب می شود، این در حالی است که اغلب مدل های موجود در بازار وزن سیستم خود را بدون احتساب باتری اعلام میکنند.,1,3,train
5278,در کل، ایسوس برای این تبلت سفارش گوگل، در طراحی و ساخت چیزی کم نگذاشته و با توجه به قیمت بسیار مناسب آن، می‌توان مشخصات ظاهری آن را بسیار فراتر از انتظار دانست.,1,3,train
3148,تازه از دیجیکالا خریدم و امروز به دستم رسید ، واقعا حرف نداره  تنها دوربینش کیفیتش چنگی به دل نمیزنه و این که فلاش نداره اما از نظر سرعت و رزولوشن و ظاهر عالیه,1,3,train
10336,سونی اریکسون Live with Walkman به طور پیش فرض از سیستم عامل اندروید 2.3 (نان زنجبیلی) استفاده می‌کند که به رابط کاربری مخصوص این کمپانی یعنی Timescape مجهز شده است.,1,3,train
11842,امکاناتش عالیه البته خود ورژن گوشی 4 نیست ولی برنامه هاش آپدیت شده.,1,3,train
1083,کشف واقعیت جدید با کیفیت فول اچ دی سطح جدید و برتر واقعیت سرگرمی های خانگی را تجربه کنید که تاکنون مشابهی نداشته است.,1,3,train
9772,اگر دو باتری نو و خوب را درون آن قرار دهید می‌توانند تا 240 عکس را پشتیبانی کنند.,1,3,train
5596,در ضمن از آن جایی که توانایی پشتیبانی از کارت حافظه‌ی خارجی را دارد، باعث می‌شود که در این مورد برتری قابل توجهی نسبت به یک گوشی مثل Xperia U که از کارت حافظه‌ی خارجی پشتیبانی نمی‌کند بیابد.,1,3,train
2461,من این دوربین خریدم  کیفیت تصویر واقعا عالیه لرزشگیر دست اش هم در حالت حرکت هم عکس های خوبی می گیره با یک بار شارژ کامل 463 تا عکس با بالاترین کیفیت می گیره البته فیلم برداریش هم مانند دیگر دوربین های کامپکت صدای زوم رو ضبط می کنه  با رم 2 گیگ 281 عکس میگیره,1,3,train
7320,اما بازم نسبت به قیمتش خوبه,1,3,train
2536,توانایی زوم 24 برابر هم تا حد زیادی کفایت می کند.,1,3,train
10895,بی صبرانه منتظره آپدیت 4.1.1 براش هستم که با این آپدیت دیگه بی نظیر میشه.,1,3,train
1254,امیدوارم که هر چه زودتر بیاد.,1,3,train
8972,نوار قسمت بالایی کمی جذاب‌تر است.,1,3,train
6839,نمیدونم چرا بعضی ها نظر اشتباه میدن تمام اسمارت فون هایی که باتری غیر قابل تعویض دارن اگر یک درصد هم هنگ بکنند سیستمی دارند که اتوماتیک موبایل رو ری استارت میکنه این مورد رو برای htc مطمئنم.,1,3,train
8791,حافظه داخلی Optimus L7 II چهار گیگابایت است که با وجود قابلیت پشتیبانی این گوشی از کارت حافظه جانبی microSD، می‌توان تا 32 گیگابایت دیگر نیز به آن افزود.,1,3,train
803,امکان باز کردن چندین تب و پشتیبانی از فناوری‌های Flash و HTML5 و قابلیت استفاده از حرکات مالتی تاچ، مرور وب را بر روی صفحه 4 اینچی این دستگاه به تجربه ای لذت بخش بدل خواهد کرد.,1,3,train
12711,نصبت به قیمتش امکاناتش واقعا عالیه و به نظر من تنها ایرادش صداشه که بدون هدفون اصلا به درد گوش کردن موسیقی نمیخوره.,1,3,train
7708,طراحی سخت افزاری، گوشه‌های گرد و دکمه‌های فلزی به جای پلاستیکی، باعث می‌شود آن را بهتر و شیک‌تر از آیپد رتینا بدانم، نمایشگرش رتینا نیست ولی ارائه رزولوشن نمایشگر 9.7 اینچی در قابی 7.9 اینچی به معنای بالا رفتن تراکم پیکسل است؛ از 132 در آیپد 2 به 163 پیکسل در اینچ ولی هنوز از آیپد رتینا با 264 پیکسل در اینچ عقب است.,1,3,train
829,امیدوارم زودتر وارد عرصه رقابت بشه من میخواستم tipo dual از شرکت سونی رو خریداری کنم حالا صبر می کنم این شاهکار رو دستم بگیرم,1,3,train
6944,تا قبل از دیروز این گوشی بهترین بود ولی از امروز به بعد رقیب سر سختی چون xperia Z است که انصافا هر دوی اونها عالی اند.,1,3,train
3914,به روز رسانی: باتری لیتیوم یونی قابل شارژ این دوربین در هر بار شارژ کامل توانایی شارژدهی برای 400 تا 490 عکس را دارد که مقدار نسبتا خوبی است.,1,3,train
8557,سرعتش عالیه.,1,3,train
4670,.همورو به راحتی اجرا می کنه.,1,3,train
12099,یکی از مشخصه های JVC GZ-MG335، نوار لغزنده یا Scroll bar است: محدوده ی مستطیلی شکل در کنار پنجره که به کاربر اجازه می دهد تا با بالا و پایین کردن آن، اطلاعات صفحه نمایش را مرور کند.,1,3,train
1038,در ضمن در ساخت این دوربین از لاستیک، شیشه‌ی مقاوم و صمغ کربن هم استفاده شده است.,1,3,train
5749,پیش روی شما دریایی از انواع بازی هایی قرار خواهد داشت که در بین آن‌ها بازی‌های 3D و کاملا مهیج و گرافیکی هم وجود دارد.,1,3,train
1497,در کل با توجه به سنسور 16 مگاپیکسلی و صفحه نمایش 3 اینچی لمسی و لرزشگیر اپتیکال و فیلمبرداری HD در رده ی دوربین های ارزان قیمت گزینه ایده آلیست و با توجه به ابعاد کوچکش میتونید همیشه یه همراه خوب و با ارزش برای ثبت زیباترین لحظات زندگیتون داشته باشید.,1,3,train
6789,"من با لاید100 که کارکردش تقریبا"" مشابه این کالا (110) هست حدود یکسالی است کارکرده ام ودرمدرسه محل خدمتم تمامی کارهای اسکن ازقبیل اسکن سوالات امتحانی همکاران واسکن عکسهای فعالیتهای پرورشی چه قدیم وچه جدید وسایرکارهای اداری را با لاید100 انجام میدهیم وبا رضایت از کارکرد آن تصمیم به خرید این محصول یعنی لاید110 دارم.",1,3,train
4411,یکی از نقاط قوت این تبلت وجود قابلیت بی سیم Infrared است که همراه با برنامه مربوط به آن، میتوانید از تبلت خود به عنوان یک کنترل از راه دور همه کاره استفاده کنید.,1,3,train
8279,حتی کیفیت عکس‌ها در ایزو 1600 هم بد نیست.,1,3,train
5807,باریک .,1,3,train
9504,بدون غرض و بیطرفانه، اگر انقدر میخواهید هزینه کنید i5 بخرید و لذت ببرید مخصوصا از عکسهایی که میگیرید.,1,3,train
4599,با اطمینان میگم این بهترینه.,1,3,train
4241,صفحه نمایش باکیفیتی هم داره جالب‌تر از این ها این که من بازی اسفالت hd 6 رو ریختم و بدون هیچ مشکلی بازی رواجرا کرد حتی خودم هم باورم نشد.,1,3,train
9036,تفاوت این دوربین با Ixus 240 HS مجهز بودن آن به Wi-Fi داخلی می‌باشد.,1,3,train
8316,گوشی‌های کمپانی تایوانی HTC همیشه به کیفیت ساخت بالا معروف بوده‌اند و گوشی One X نیز از این قاعده مستثنی نیست.,1,3,train
10012,با این حال RF32 مجهز به لنزی با توانایی زوم 32 برابر می‌باشد که از بزرگنمایی 10 برابر دوربین M52 بیشتر است.,1,3,train
5433,با اینکه این محصول یک گوشی از کمپانی ال جی است، اما به واقع بی شباهت به یک تبلت نیست و با قابلیت‌های خوب سخت افزاری و نرم افزاری خود، می‌تواند خود را در بین گوشی‌های بازار مطرح نماید.,1,3,train
4344,(و دوربین آیفون که 8 مگا پیکسله و این، 5 )پردازشگر A5 استفاده شده در این دستگاه، نسبت به مدل استفاده شده در آیپاد 4 ، دو برابر پردازش سریع تر و با بهره گیری از گرافیک دو هسته ای، تا هفت برابر قدرت پردازش تصویر بهتری ارائه میده.,1,3,train
10898,در آخر این رو بگم که سامسونگ پیشتاز در صنعت فناوریست.,1,3,train
13029,فیلم‌های آن کیفیت خوبی دارند.,1,3,train
4510,اندازه اش کوچیکه یکی هم زود هنگ میکنه اما گوشی با قدرتی هستش,1,3,train
2935,این تبلت مزیتهای خوبی داره ولی!,1,3,train
10320,بعد از w810 من منتظر همچین گوشی باقابلیت والکمن بودم که انگار این گوشی همونه ظاهر و کارایی عالی داره ببنیم قیمتش چقدر باشه,1,3,train
7091,با اینکه صفحه نمایش این گوشی از صفحه نمایش موجود بر روی Galaxy S III بزرگ‌تر است، ولی به علت طراحی باریک اطراف صفحه نمایش، این گوشی از S III عریض‌تر نیست و عرض مشابهی دارد.,1,3,train
6610,این دوربین فیلم برداری با باتری لیتیوم-یونی قابل تعویض همراه شده است.,1,3,train
10453,با تشکر از دیجی کالا این گوشی رو چند روزه از دیجی کالا گرفتم اگر از کیفیت متوسط دوربین اون بگذریم دیگه هیچ مشکلی نداره 1 آنتن دهی عالی 2 صفحه نمایش با کیفیت مناسب 3 طراحی عالی و ارگونومیک 4 ..,1,3,train
8602,واقعا کیفیت تصویرش بهتر از اون چیزیه که فکرشو بکنی.,1,3,train
11809,من به همه توصیه میکنم,1,3,train
10149,واقعا همیشه کارم رو راه انداخته و به شدت ازش راضی هستم.,1,3,train
1286,ضمن تشکر از سایت دیجی کالا به خاطر کیفیت بالا در ارائه خدمات، من این گوشی رو یک هفته پیش از سایت دیجی کالا خریدم.,1,3,train
5366,از لحاظ نرم افزاری در این قیمت بدون رقیب هست بنده این نظر را با همین تبلت درج کردم ولی نباید انکار کرد که این تبلت عیب بزرگی دارد آنهم پشتیبانی نکردن از حافظه ی جانبی هست ولی از لحاظ سرعت و قدرت نرم افزاری از تبلت های گران قیمتی مانند 7plus بسیار بالاتر است صفحه ی نمایش آن هم با اینکه سوپر امولد نیست کیفیت بالا و نور دهی بسیار مناسبی دارد و رنگ ها بسیار زنده اند و در آخر بدنه ی پشتی آن مورد برسی قرار می گیرد که موقع کار کردم حس بسیار خوبی را منتقل می کند و از عرق دست هم جلو گیری می کند درمورد حافظه هم می توان گفت که با وجود کمی حافظه ی ان راه حل هایی مانند استفاده از حافظه هایی که با استفاده از یو اس بی به تبلت وصل می شوند استفاده کرد مثل فلش ها یا هارد های اکستر نال و یا استفاده از حافظه های مجازی مانند گوگل درایو یا دراپ باکس پس برای خرید یک تبلت لزومی به توجه به حافظه ی آن نیست زیرا که می توان آن اطلاعات را در جای دیگری ذخیره کرد,1,3,train
427,دوربین خوب و خوش دستیه  امکانات خوبی هم داره  من از سایت خریداری کردم و تا الان ازش راضی هستم,1,3,train
7857,• صفحه نمایش و بلندگوها رنگ‌های طبیعی و دقت بالا!,1,3,train
5637,کلا بسیار گوشی جمع و جور و خوش دستی هست!,1,3,train
6063,اما در مورد کیفیت رنگش باید بگم که تا قبل از تمام شدن رنگ اولیه، کیفیت فوق العاده بود متاسفانه بعد از شارژ مجدد از کیفیت رنگ اولیه کاسته شده است ولی در کل چاپگر مناسبی هست و از خریدش پشیمون نمیشید.,1,3,train
11007,اما در سخت افزار اون نمیشه شکی کرد.,1,3,train
7053,فعلا یکه تاز..,1,3,train
9727,طراحی و ساختTipo یک گوشی جمع و جور و خوش دست به شمار می‌رود که به دلیل ابعاد و طراحی مناسب، نگهداری و کار کردن با یک دست با آن به راحتی صورت می‌پذیرد.,1,3,train
6969,واقعا باریک، تو جیب جا میشه به راحتی صفحه نمایش رو نمیگم خودتون ببینید، بهترین صفحه نمایشه!,1,3,train
10866,حتی بعد از این که شما گفتید jetaudio رو هم زدم و چند تا هم آهنگ باز کردم ولی هیچ مشکلی نداشت.,1,3,train
12204,فقط میتونم بگم فوق‌العاده ست.,1,3,train
2964,مثل اپل اصلا تو اجرای برنامه های سنگین هنگ نمی کنه.,1,3,train
1721,اما کمپانی اپل ادعا کرده که کارکرد آن نسبت به 4S بسیار بهتر شده است و احتمالا در حالت استفاده عادی حدود 1 روز می‌توانید از آن استفاده نمایید.,1,3,train
4897,تنها برتری xbox قیمت بازیهاشه.,1,3,train
8646,این گوشی هم دو سیمکارته .,1,3,train
2486,• صفحه نمایش و بلندگوها نوت‌بوک‌های ASUS X، در هر سایزی که باشند، نوت‌بوک هایی مناسب برای انجام وظیفه به عنوان یک مرکز مالتی مدیا هستند.,1,3,train
602,به قول دوستمون دیجی کالا یک e bay در سطح ملیه که رو دستش نیومده .,1,3,train
12339,کافیست که دوربین را بر روی مود عکاسی iAuto قرار دهید تا کار عکاسی شما به نشانه رفتن دوربین به سوی سوژه و فشردن دکمه‌ی شاتر ختم شود.,1,3,train
9815,در رابطه با مشخصات سخت‌افزاری دستگاه البته با تجربه متفاوتی روبرو می‌شویم و نه‌تنها در کیفیت ساخت، طراحی بدنه، کیفیت صفحه‌نمایش، دوربین، صفحه‌کلید و دوام باتری عملکرد TF600‌بسیار مناسب است بلکه چیپ‌ست پردازشی نسبتا قدرتمند در کنار حافظه RAM مناسب تاخیر خاصی را در بازگشایی صفحات مختلف سیستم‌عامل (البته بجز اپلیکیشن آفیس) نشان نمی‌دهد.,1,3,train
10137,مشکل باتریش هم همینطور که دوستان گفتن با آپدیت به اندروید 4 برطرف میشه بلندی و کیفیت صداش هم که واقعا تکه ، از تکنولوژی xLoud استفاده شده کیفیت صفحه‌نمایش کمی پایینه که اگه به قیمتش یه نگاهی بندازین میبینین که طبیعیه و بیشتر از این انتظار نمیره.,1,3,train
4921,سلام  من الان 1سال هست xbox360 خریداری کردم کاملا از اون راضی هستم  یکی از برتریهای این کنسول نسبت به ps3 این هست که کپی خور شده قیمت بازیهای این کنسول نهایت 4000 تومان هست ولی بازیهای ps3 رو شما باید 70000 تومان بخرید یعنی 6 تا بازی ps3 مساوی میشه با یک کنسول xbox360,1,3,train
6702,اگر دستان بزرگی داشته باشید این خیلی خوب است.,1,3,train
10771,یادمان نمی رود که دوربین SX40 HS کانن که حدود یک سال و نیم پیش معرفی شد توانایی زوم 30 برابر را دارد.,1,3,train
10877,تقریبا 2 ماهه این تبلت رو خریدم خب من دنبال صفحه نمایش خیلی با کیفیت نبودم دنبال کارایی بالا بودم احساس میکنم به تمام خواسته هام رسیدم .,1,3,train
11723,"من 4 ماهه این گوشی رو گرفتم , اول مشکل بک و منو رو داشت بردم گارانتی فلشش کرد دیگه اصلا مشکل نداره.",1,3,train
12618,من از مقایسه دوربین این گوشی با گوشی های دیگه متوجه شدم که تا رنج 1-1.2 میلیون تومن تنها گوشی سر تر Xperia S هستش و دوربین این گوشی با Xperia P و Xperia Arc-Arc S و.,1,3,train
2354,سلام به نظره من اپل با ساخت این گوشی پیشرفت چندانی نکرده که بگیم ارزشش رو داره بگیریم البته بیشتر کسایی که میرن سراغ اپل بخاطر ظاهر خاص و تکش هست ولی با این حال iphone 5 گوشی خوب و کارامدی هست.,1,3,train
7027,گرافیکش هم احتمالا Adreno 320 بهینه شده یا Adreno 325 هستش.,1,3,train
2586,در کل همانطور که بیشتر دوستان اشاره کردن عکاسی با این دوربین زیبا و خوش ساخت حس یک عکاس حرفه ای رو به شخص منتقل میکنه و میشه گفت در برابر قیمت ارزش خرید رو داره.,1,3,train
6473,بدون شک یکی از کوچیک ترین هارد های اکسترنالیه که تا حالا داشتم.,1,3,train
5814,یه سر و گردن از htc sensation بالاتره و اصلا قابل مقایسه نیستن.,1,3,train
11155,کشف واقعیت جدید با کیفیت فول اچ دیسطح جدید و برتر واقعیت سرگرمی های خانگی را تجربه کنید که تاکنون مشابهی نداشته است.,1,3,train
12561,اینک در iPhone 4 قابلیت Multitasking یا چند کاره‌ای مهیا شده است و می‌توان دو برنامه‌ی Third Party را به صورت همزمان اجرا کرد.,1,3,train
1150,من رنگ آبیشو گرفتم اگه بتونم یه زردشم بگیرم خیلی جالب میشه.,1,3,train
3337,در کنار اینها می تواند از لنزهای G سونی و لنزهای کارل زایس هم بهره ببرد.,1,3,train
9282,اما همچنان این دوربین با سیستم ارزان قیمت تر وابسطه به IR کانن هم کار می کند.,1,3,train
11917,با سلام این تبلت یکی از بهترین هاست,1,3,train
2927,افزایش فرکانس سرعت پردازنده نیز عملکرد بی عیب و نقص تبلت را در این دقت بالاتر، تضمین می‌کند.,1,3,train
1610,تبلت خوبیه ولی سامسونگ از لحاظ نرم افزاری برای این تبلت نسبت به تبلت 10 اینچی 8000 کم گذاشته ولی از نظر سخت افزاری کیفیت خوبی داره و سرعت پردازش بسیار بالایی داره و حتی اگر تعداد زیادی برنامه سنگین نصب بشه برنامه ها راحت باز میشه.,1,3,train
5773,بر روی این صفحه کلید یک کلید جدید Voice input وجود دارد که به محض فشردن آن می‌توانید صحبت کنید تا گوشی صحبت های شما را به صورت نوشته درآورد.,1,3,train
12232,با وجود فلش پلیرکه به صورت پیش فرض بر روی آن قرار دارد، مشکلی برای مشاهده فیلم‌ها و بازی‌های فلش نخواهید داشت.,1,3,train
11160,دسترسی به اینترنت بدون نیاز به سیمبا قابلیت LAN بیسیم داخلی می توانید امکانات ارتباطی تلویزیون خود را بدون نیاز به افزودن تجهیزات بیرونی توسعه داده و زیبایی طراحی جذاب آنرا حفظ کنید.,1,3,train
11996,صفحه نمایش و تاچش اولین چیزیه که هرکی میبینه تعریف میکنه.,1,3,train
4643,واقعا تو قیمتش بی رقیبه.,1,3,train
10537,تقریبا همه بازی‌های موجود برای اندروید بر روی این گوشی اجرا می‌شوند، فقط ممکن است در بعضی از بازی‌های با گرافیک بسیار بالا، ناهنجاری‌هایی مشاهده نمایید که قابل چشم پوشی است.,1,3,train
2858,مرورگری اینترنت نیز در این گوشی با سرعت بالا انجام خواهد پذیرفت.,1,3,train
6765,بدون نیاز به کابل برق.,1,3,train
2446,این دوربین در ضمن توانایی فیلم برداری HD با سرعت 30 فریم بر ثانیه را هم دارد که برای دوربینی در این سطح قیمت عالیست.,1,3,train
11405,اندروید هم که همیشه به روز هست .,1,3,train
8967,وقتی دوربین خاموش است این لنز قدرتمند کاملا درون بدنه فرو می‌رود.,1,3,train
12196,"من 1 هفته قبل عید این هارد رو از digikala خریدم قبل خرید از هر فروشنده ای سوال کردم , گفتن : اول وسترن نشد سیگیت ( البته از نظر سرعت ) بعد با بخش مشاوره برای فروش digikala تماس گرفتم ایشون هم گفتن از نظر سرعت وسترن عالیه حالا که من حدود 1 ماهه دارمش از نظر خودم عالیه ( سرعت ( فوق‌العاده ) اندازه و کیفیت و وزن ( مناسب) امنیت و زیبایی ( عالی ) فقط ضد آب نیست.",1,3,train
7612,در کل، این گوشی در بین غول‌های چهار هسته ای بازار حرفی برای گفتن ندارد، اما در بین گوشی‌های همرده خود، عملکرد بسیار خوبی دارد و می‌توان گفت از پس اجرای اکثر دستورات، برنامه‌ها و بازی‌ها بر خواهد آمد.,1,3,train
3621,جنس بدنه فلزی این تبلت کاملا مقاوم و با دوام است.,1,3,train
9374,گوشی بسیار خوبیه ولی اگه پردازنده اش دو هسته ای بود عالی بود,1,3,train
8160,همچنین امکان دریافت و نصب برنامه های مختلف نیز برای این گوشی وجود دارند.,1,3,train
5763,شما می‌توانید با کج کردن گوشی به یک طرف در آن Zoom IN و یا Zoom Out کنید.,1,3,train
3828,تجربه مشاهده خود را با کیفیت برتر تصویر ارتقا بخشید لذت مشاهده را با کیفیت برتر تصویر ارتقا داده و تجربه بسیار واقعی‌تر و واضح‌تر و جذاب‌تری از سرگرمی‌ها داشته باشید.,1,3,train
12392,کنترل خطای رنگی خیلی خوب صورت می‌گیرد و فقط مقداری رنگ بنفش در مناطق پر کنتراست مشاهده می‌گردد.,1,3,train
5576,از نظر قیمتی این گوشی در سطحی قرار گرفته که به خوبی می‌تواند با رقبای هم رده رقابت کند.,1,3,train
1556,با اینکه صفحه نمایش Note 8 در مقایسه با بسیاری از رقبایش خیلی فوق‌العاده نیست و حتی از Note 10.1 نیز ضعیف‌تر است، اما در کل عملکرد آن بسیار خوب و مناسب است که رضایت کاربر را جلب می‌نماید.,1,3,train
9820,همچنین قطر آن نیز به 8.3 میلی متر رسیده که آن‌را به یکی از باریک‌ترین تبلت های موجود تبدیل نموده است.,1,3,train
7278,اگر باتری استاندارد خود آن را قرار دهید می تواند تا بیش از 2 ساعت فیلم بردرای را برای شما پشتیبانی کند ولی اگر باتری بزرگتری بخرید که تمام جایگاه را در بر گیرد این مقدار می تواند به بیش از 7 ساعت افزایش یابد.,1,3,train
8080,با توجه به قیمتش گوشی خیلی خوبیه میتونه نیاز های یه کاربر عادی رو کامل برطرف کنه.,1,3,train
9796,از نظر فیلم برداری نیز عملکردی مشابه را از این دو شاهد هستیم به طوری که به خوبی از پس فیلم برداری Full HD بر می آیند.,1,3,train
11254,بزرگنمایی 20 برابر نیز کاملا برای ثبت سوژه‌های دوردست مناسب می‌باشد.,1,3,train
1514,• قدرت دریافت بالای سیگنال با آنتنیکی از امکاناتی که گیرنده دیجیتال در اختیار کاربر قرار می‌دهد امکان گیرندگی شبکه‌های دیجیتال با بهترین کیفیت تنها با استفاده از آنتن رومیزی می‌باشد و دیگر نیازی به آنتن‌های قدیمی در پشت بام نیست .,1,3,train
10410,این دوربین‌ها اصولا مناسب افرادی هستند که ظاهر و همچنین عملکردهای حرفه‌ای DSLR‌ها را می‌پسندند، ولی لنز همه کاره‌ی این دوربین‌ها را به لنز قابل تعویض و معمولا گران قیمت DSLR‌ها ترجیه می‌دهند.,1,3,train
4434,بنده خودم از نزدیک این تلویزیون را مشاهده نکردم ولی در حالت کلی تلویزیون های پلاسما با اینکه مصرف برق بالاتری دارند اما وضوح بیشتری داشته و جزییات در آنها بهتر نمایش داده می شود از طرفی تلویزیون هایی مانند ال سی دی و ال ای دی پس از چندین دقیقه مشاهده مداوم چشم را خسته میکنند اما تلویزیون های پلاسما این گونه نیستند و خستگی چشم در آنها بسیار کمتر است از طرفی سرعت تصاویر در پلاسما بیشتر از مدل های دیگر است برای مثال در مشاهده یک بازی فوتبال حرکت توپ در تلویزیون ها ی ال سی دی چندان واضح نیست اما در تلویزیون های پلاسما کاملا مشهود است,1,3,train
1584,مسلما وقتی همچین تبلتی می‌خرید یکی از لذت بخش ترین کارها با آن برای شما می‌تواند گشت و گذار در اینترنت باشد.,1,3,train
6384,بر روی این صفحه کلید یک کلید جدید Voice input وجود دارد که به محض فشردن آن می‌توانید صحبت کنید تا گوشی صحبت‌های شما را به صورت نوشته درآورد.,1,3,train
9166,امکان اضافه کردن افکت‌های مختلف و همچنین تغییر تنظیمات در حین عکاسی و فیلم برداری دست کاربر را برای ایجاد و ثبت صحنه های خلاقانه باز می‌گذارد.,1,3,train
3273,""" و هنگامی که با این لپ‌تاپ کار می‌کنید، به راحتی این موضوع را متوجه خواهید شد.",1,3,train
12597,در کل گوشی خوبی هست.,1,3,train
2186,اپل همیشه به ایده های نو و به نوآوری شهرت داشته.,1,3,train
10574,درست است که نمی‌توان G585 را جزو باکیفیت ترین نوت‌بوک های موجود در بازار دانست ولی بدنه آن کاملا مقاوم بوده به راحتی دچار خمش نمی‌شود.,1,3,train
11532,خوشبختانه این مشکل به طور کامل در مدل جدید حل شده است.,1,3,train
10126,قابل‌ارتقاء به اندروید4.,1,3,train
12282,من حدود بیست روز میشه این دوربینو خریدم البته بعد از کلی تحقیق در مورد برندهای موجود در بازار و البته نسبت کارایی به قیمت .,1,3,train
1020,در حالی که باتری بسیاری از دوربین‌ها، در دماهای زیر صفر دیگر رمقی برای شارژ دهی ندارد، باتری FT3 به راحتی تا دمای منفی 10 درجه‌ی سانتی‌گراد پشتیبانی و شارژ دهی می‌کند.,1,3,train
2860,اما از نظر قابلیت عکاسی، ال‌جی برای این مدل چیزی کم نگذاشته است.,1,3,train
9482,کیفیت ضبط صدای میکروفون نیز خیلی خوب است هرچند که گاهی اوقات به نظر می‌رسد فقط صدای جلو را ضبط می‌کند و کاری به طرفین ندارد.,1,3,train
3694,این گوشی در رنگ‌های بسیار متنوعی طراحی شده و در جعبه‌ی آن دو قاب رنگی قابل تعویض هم وجود دارند تا به راحتی بر این تنوع بیفزایید.,1,3,train
4934,اگه شما کامپیوتر خودتون رو برای بازی ارتقا میدید اشتباه میکنید چون میتونید با قیمت کمتر یه xbox بخرید و همون بازیهارو با گرافیک بهتر بازی کنید  من حتما یه xbox میخرم,1,3,train
9302,عمده ی پیشرفت ها را می توانیم در به کار گیری سنسور تصویر هیبریدی، نمایشگر لمسی و سیستم جدید شاتر بدانیم.,1,3,train
11976,بدون لگ و تیک.,1,3,train
5615,باطری قوی داره.,1,3,train
3039,من این تبلت رو یک ماهی میشه خریدم از همه لحاظ نسبت به تبلیغی که شده می ارزه .,1,3,train
8662,من امروز سفارش دادم برسه دستم نظر میدم - من کلی سرچ کردم یه گوشی با این مشخصات تو این بازار قیمتش مناسب تر و به صرفه تر هستش گوشی هایی با این مشخصات و کارایی تو برند های دیگه مثل سامسونگ و اچ تی سی و .,1,3,train
10468,گوشی خوبیه خیلی هم سبکه و خوشدست دوربینش فقط یکم ضعیفه در مقابل هم cpu قوی داره (البته توی این قیمت),1,3,train
11985,تشکر میکنم از سایت خوب دیجی کالا که بهترین فروشگاه تو ایرانه.,1,3,train
1305,حتما این گوشی رو به دوستان معرفی خواهم کرد.,1,3,train
7512,با توجه به قیمتش و برند ایسوس لب تاب خوبیه مخصوصا که قسمت بیرونی و استراحتگاه مچ از فلز هست اما بنظرم نسبت به مشخصاتش یه مقدار کند عمل میکنه مخصوصا از لحاظ گرافیکی ولی به دوستانی که به ظاهر و باکلاس بودن لب تاب خیلی اهمیت میدن انتخاب بسیار خوبیه الانم با همین لب تاب کامنت مینویسم برای دوستانی که حروف فارسی روی کیبوردو ازحفظ نیستن یه مقدار سخته تایپ کردن فارسی برچسب حروف هم که بزنید از زیباییش کاسته میشه,1,3,train
6575,این باتری تا حدود 7 ساعت کار ممتد با دستگاه را پشتیبانی می‌نماید.,1,3,train
1050,فرمت نخست برای تماشا بر روی سینمای خانگی مناسب است و فرمت دوم فرمت مناسب‌تری برای استفاده بر روی رایانه می‌باشد.,1,3,train
3586,این بلندگوها برای مصارف اولیه، کیفیت و بلندی صدای قابل قبولی را ارائه می‌دهند ولی علاقه‌مندان به گوش کردن به موسیقی و یا تماشای فیلم، بهتر است از بلندگوهای خارجی و یا هدفون استفاده کنند.,1,3,train
11679,اگر هم ، فضا کم آوردین میتونید خیلی راحت برنامه ها و بازی ها رو به مموری کارتتون انتقال بدین.,1,3,train
12126,این دوربین در ضمن توانایی ضبط ویدیویی 1080p Full HD را دارد که آن را در بین دیگر دوربین های سری L متمایز و منحصر بفرد می کند.,1,3,train
12681,گوشی خوبیه مخصوصا این که کیبردش زبون فارسی هم داره,1,3,train
10187,من 7 ماه این گوشی رو دارم از همه نظر عالیه فقط کیفیت‌نمایش ضعیفی داره اما اصلا مهم نیست,1,3,train
6869,ولی htc این گوشی را به عنوان پرچمدار نمیشناسد و پرچمدار خود را بعد از onex+ به M7 تغییر داد.,1,3,train
3494,سرعت چاپ خوبی دارد - کیفیت چاپ خوب است - تنها ایرادی که دارد بسیار زود جوهر تمام می کند,1,3,train
7859,با اینکه این صفحه نمایش بهترین صفحه نمایش موجود بر روی تبلت ها نیست، اما در میان تبلت های هم رده خودش و با این قیمت، بدون شک اگر بهترین نباشد، جزو بهترین‌هاست.,1,3,train
8947,از این طریق برای مثال می‌توانید مودهایی چون Colour Swap یا Colour Accentرا انتخاب کنید تا جلوه‌های رنگی خاصی را به تصاویر بدهید و بعضی از آن‌ها می‌توانند عجیب و غریب باشند به طوری که ممکن است بتوانید فیلم‌های گرفته شده را مانند فیلم‌های ویدیویی اوایل دهه‌ی 1990 در بیاورید که کیفیت خاصی داشتند.,1,3,train
5724,روشنایی نمایشگر به وسیله‌ی سنسور سنجش نور محیطی می‌تواند به صورت خودکار تنظیم شود و این کار تا جایی که ما دیدیم کاملا درست انجام می‌گیرد.,1,3,train
10485,پردازنده اون تک هسته ای هست و برای کسانی که می خواهند بازی سنگین اجرا کنند در اون کندی سرعت نشان داده می شود و دوربین اون هم 3.2 هست اما به نظر من گوشی رو نباید برای دوربینش خرید مگه چقدر می خواید با اون عکس بگیرید اما در کل برای کسانی که یک گوشی دو سیم کارته لازم دارن خیلی خوبه.,1,3,train
1366,پاسخ این سوال مثبت است.,1,3,train
9174,ولی در کل دوربین خوش دست و خوبی هست,1,3,train
1616,خیلی تبلت خوبیه و پردازندش از 2 مدل قبلی یکم بهتره اما بازم قیمتش نسبت به نوت 10.1 یکم بالاست.,1,3,train
10059,این امر ممکن است در ابتدا باعث شود که احساس خوبی از تایپ کردن با کیبورد این لپ تاپ ها نداشته باشید ولی طبیعتا با مرور زمان و هنگامی که به کلیدها عادت کنید، می توانید با سرعت بالا و خطاهای تایپی کم با Sleekbook خود تایپ کنید.,1,3,train
793,همچنین نسخه 4.0 رابط کاربری زیبای HTC یعنی Sense نیز در کنار رابط کاربری استاندارد اندروید خودنمایی می‌کند و تجربه ای لذت بخشی را به کاربر می‌دهد.,1,3,train
10162,نسبت به قیمت خیلی کمش کارایی واقعا بالایی در حد ری یا بالاتر داره.,1,3,train
8600,گوسی خوبی به نظر میاد منم پس از بررسیهای زیاد بالاخره سفارش دادم,1,3,train
12446,cpu v مدلش بالاتره .,1,3,train
6785,برای کاربران خانگی و ادارات کوچک و مدارس خیلی کاربردی و مقرون به صرف است.,1,3,train
4492,خیلی راضیم تقریبا 1ساله خریدم پیشنهاد من اینه که اگر اینو می خرین سفید و سیاه رنگ خوبی برای این گوشیه و برای این کیف لپ تاپی از موبایل فروشی ها بخرین,1,3,train
9160,همچنین برنامه های متنوعی از قبل بر روی این گوشی نصب شده‌اند که از جمله آن‌ها می‌توان به برنامه نقشه گوگل، Dropbox، ایمیل، نمایشگر فایل‌های آفیس و ..,1,3,train
5570,ابعاد و وزن این گوشی تقریبا شبیه به Go است و در کل گوشی سبکی نیز محسوب می‌شود.,1,3,train
1618,فقط اسمش و نمیشه بذاری تبلت ولی میشه گفت یه گوشی بزرگ حرف نداره..,1,3,train
10284,سلام به نظر من کیفیت صفحه‌نمایش این گوشی عالیه و اندازه‌اش هم مناسبه و با یه دست راحت میشه باهاش کار کرد,1,3,train
12208,پر‌سرعت,1,3,train
1010,مطمئن باشین به پولی که بابت این دوربین پرداخت می کنید می ارزه,1,3,train
5345,صفحه نمایش کم نظیر ( از نوت 10 بهتره )4.,1,3,train
7945,زوم 5 برابر هم برای گرفتن عکس های پرتره مناسب است.,1,3,train
10148,من یک سالی میشه این گوشی رو دارم و واقعا خوشحالم که خریدمش.,1,3,train
7937,با قطر کمی که دارند به راحتی می‌توان آن‌ها را در جیب جای داد و کاملا در کف دست قرار می‌گیرند.,1,3,train
3565,اپل فقط تو کاره فانتزی بودنه ولی سامسونگ داره روز به روز به کارایی‌هاش اضافه می کنه,1,3,train
7915,ایفای نقش به عنوان یکی از بهترین مدیا‌پلیر قابل حمل جهان با کیفیت نمایشگر فوق‌العاده OLED و اسپیکر های استریو.,1,3,train
4517,من روی همین xperia ray که بعضی از دوستان گفتن موقع بازی گیر میکنه و رمش پایینه بازی های:modern combat NFS MostWanted2012 و بسیاری از بازی های دیگه رو بدون لگ اجرا کردم.,1,3,train
7047,واقعا میشه گفت بهترین حریف برای گلکسی اس 3 و گلکسی نوت 2 سامسونگ هست ..,1,3,train
3380,اما در کل باید بگوییم که از دیدن کیفیت صفحه نمایش این گوشی هیجان زده خواهید شد.,1,3,train
1004,از موارد برتری P7700 به G1X میتواند زوم اپتیکال بالاتر (7.1) نسبت به (4) در کنون باشد، که این امر نیکون را جلو میبرد.,1,3,train
7902,شاید تعداد افرادی که یک تبلت هفت اینچی را کنار گوش خود گرفته و به مکالمه بپردازند بسیار کم باشد ولی به هر صورت، ایسوس بار دیگر محصولی خلاقانه تولید کرده و Fonepad را روانه بازار کرد.,1,3,train
4692,دارای کرنل قدرتمند Doom lord که امکانات بسیار زیادی به گوشی اضافه میکنه وخیلی چیزهای دیگه.,1,3,train
6911,گوشی بسیار خوبی هستش چه از نظر سخت افزاری و چه از نظر زیبایی و.,1,3,train
5933,این هم دقیقا به دلیل بهره گیری از لنزی کوچکتر می‌باشد.,1,3,train
1310,گوشی خوش دستیه و قیمت مناسب داره ولی من اکسپریا تیپو رو پیشنهاد میکنم,1,3,train
7486,در کل باید گفت که CX190، CX200 و CX210 دوربین‌های فیلم برداری خیلی ارزان قیمتی هستند که کیفیت فیلم برداری کاملا در حد قیمت خود را ارائه می‌دهند.,1,3,train
13070,iPod تصویر شارپ تر و رنگ های روشن تری را به نمایش می گذارد.,1,3,train
10980,داشتن قلم یه مزیت عمده برای تبلت محسوب میشه و کاربرد ان رو از یه وسیله سرگرم کننده واقعا بالاتر میبره.,1,3,train
5266,بسته بندی زیبایی داشت و یکعدد فلش مموری با آرم کمپانی با روکش فلزی هم بعنوان اشانتیون تو بسته بود .,1,3,train
8620,گوشی خوش دست با سرعت خوب کیفیت تصویر در حد مناسب در کل خیلی خوشم اومد دیروز خریدمش از علاء الدین، در ضمن اونایی که سیم کارت رایتل دارن نگران نباشن من روی این گوشی رایتل گذاشتم و به اینترنت وصل شدم البته به شرطی که سیم کارت رایتل رو روی اسلات 1 نصب کنید بدون نگرانی به اینترنت وصل بشید راستی دوربینش عالیه، در کل خیلی راضیم.,1,3,train
6963,ولی هیچ چیز باعث نمیشه که این اسمارتفون محبوبیت وکاراییش رو ازدست بده.,1,3,train
5817,به نظر من صفحه نمایش super amoled plus گلکسی اس 2 البته i9100 هیچ چیزی از صفحه نمایش galaxy s3 و galaxy note کمتر نداره.,1,3,train
5608,باتری به کار رفته در این گوشی یک باتری لیتیوم یونی 1500 میلی آمپر-ساعتی است که عملکرد خوبی را ارائه می‌نماید.,1,3,train
1129,این هارد دیسک در مقایسه با یکسری از هارد دیسک های موجود در بازار از نقاط قوت خوبی بهره میبرد.,1,3,train
10919,6-برخلاف نظر دوستان من بازی های گرافیک بالا مانند battlefield 2 و six guns روبه راحتی اجرا می کنه.,1,3,train
246,سلام خدمت دوستان گل من 3 روزه دارمش، همه چیزش عالیه فقط دوربین با اینکه 12 هست ولی زیاد در حد 12 نیست همین وگرنه هیچ عیبی نداره,1,3,train
6200,صفحه نمایش این قسمت گوشی جائیست که سامسونگ با تغییر عمده آن توانسته قیمت گوشی را کاهش دهد.,1,3,train
10603,درست است که کاربران G585 نمی‌توانند جدیدترین بازی‌های کامپیوتری را اجرا کرده و یا به راحتی به تدوین ویدیو بپردازند، ولی در عوض نوت‌بوکی مناسب برای انجام کارهای روزمره خواهند داشت که سیستم خنک کننده ای کم صدا و موثر دارد و طول عمر باتری آن نیز بالاست.,1,3,train
5740,و نقش خلاقیت و ایده‌های مبتکرانه کلیدی‌تر شده است.,1,3,train
13025,کیفیت فیلم‌های این دوربین نسبتا خوب هستند و رنگ‌های آن نیز دقیق و طبیعی به نظر می‌رسند.,1,3,train
11730,سلام باتری گوشی من خیلی زود شارژ خالی میکنه و فقط از باتریش رضایت ندارم در ضمن روی باتری 1160میلی آمپر نوشته شده کیفیت دوربینش خوبه رضایت بخشه کوچیک وخوش دسته نرم افزار ضبط صدا که نصب میکنی مشکلش حل میشه,1,3,train
7128,با باز نمودن نوار Notification نیز می‌توان از آخرین تماس‌ها و یا پیام‌ها و همین طور هشدار های برنامه های مختلف مطلع گردید.,1,3,train
12323,هوشمندی دوربین آدمو شگفت زده میکنه!,1,3,train
6437,تا به امروز هر چی از دیجی کالا خریدم با کیفیت بوده و راضی بودم .,1,3,train
12877,خوبی این نسبت به C2-03 یا Asha 200 و x2 و دیگر مدل های مشابه اینه که نور صفحه نمایش رو میشه تنظیم کرد ولی این مدل هایی رو که اسم بردم نه !,1,3,train
12211,بدون شک یکی از کوچیک‌ترین هارد های اکسترنالیه که تا حالا داشتم.,1,3,train
5954,دوربین خود با تشخیص نوع صحنه، شرایط نوری و دیگر پارامترها، تنظیمات را بر روی بهترین حالت قرار قرار می‌دهد تا بهترین عکس‌ها گرفته شود.,1,3,train
3680,سرعت شاتر این دوربین نیز نسبتا خوب است.,1,3,train
6163,اما در کل کنسول Microsoft Xbox 360 Slim 250GB Console with Kinect بخاطر چند ویژگی دیگرش بازی با آن لذت بخش خواهد بود.,1,3,train
10565,در کل، به نظر می‌رسد Xperia E Dual به توفیق بسیاری دست پیدا کند.,1,3,train
408,فلاش در محیط‌های داخلی عملکرد خوبی دارد و می‌تواند روشنایی کافی را بدون ایجاد اثر سرخی چشم ایجاد نماید.,1,3,train
1986,به نظر من هم قدرت گوشی بیشتر به چیپست بستگی دارد و این گوشی قدرتی فراتر از note2 داره ولی شاید به xperia t یا optimus g نرسه ولی در کل گوشی خیلی خوبیه,1,3,train
10646,دوسش دارم,1,3,train
5785,تو کارهای معمولی و حتی سنگین چیزی از چهار هسته ای ها کم نداره.,1,3,train
6110,شاید اگر 10 سال قبل می گفتید که شرکت مایکروسافت بزرگترین نقش را در دنیای بازیهای ویدیویی بازی می کند حرفتان بی معنا به نظر می رسید اما اکنون مشاهده می کنیم که این موضوع یک واقعیت است و دیگر سونی انحصار تولید کنسولهای بازی پر طرفدار را در اختیار ندارد.,1,3,train
6782,دقت اسکن در عکس ها بسیار واضح و از امکاناتی شبیه آداب ریدر پرو برخوردار .,1,3,train
2456,بنابراین اگر به دنبال دوربینی با این ویژگی‌ها هستید، W630 گزینه‌ی مناسبی است.,1,3,train
9349,"باسلام من 5ماهی میشه که این گوشی رو دارم سرعت گوشی درحد متوسطی است ودکمه های سخت افزاریش از سرعت کار کم می کنه دوربینش هم بدنیست بازی ها رو هم خوب اجرا میکنه مثلا من بازیهای DEAD TRRIGER ,DON 2,REAL RACING2وچند تا بازی اچ دی دیگه هم روش ریختم اونارم خوب اجراکرد.",1,3,train
13031,به طور کلی، اگر به این دو مسئله، یعنی نویز حاصل از کار در نور کم و عدم تجهیز دوربین به سیستم لرزش‌گیر اپتیکال اهمیت نمی‌دهید، می‌توان گفت که دوربین فیلم‌برداری JVC مدل GZ-HD3 ارگونومی خوبی دارد و می‌توانید به آن اعتماد کنید.,1,3,train
4129,این گوشی در رنگ ها و استایل های مختلفی نیز عرضه می شود که در زیر نمونه ای از این رنگ ها را مشاهده می کنید.,1,3,train
7405,آنچنان هم داغ نمی کنه با furmark تست کردم بیشتر از 80 نرفت .,1,3,train
8834,بیش از 1000 تا عکس و فیلم باهاش گرفتم.,1,3,train
8752,نسبت به قیمتش عالیه، دوربین 8 مگاپیکسلی، دوسیم کارته، صفحه نمایش 4.3 اینچ، دوهسته ای..,1,3,train
4609,برخلاف خیلی ها که میگفتن یه روز بیشتر دوام نداره من با حدود2 ساعت استفاده gps و wifi و تماس معمولی و sms و یه مقداری هم کار با نرم افزارهای مختلف حدود 2 روز و نیم باتری دووم داشت که به نظرم خیلی عالیه.,1,3,train
10480,تو رده دو سیمها گوشی معقولیه.,1,3,train
3631,بنابراین، مایکروسافت کاربران را راحت نموده و نوید تایپ با صفحه کلید را بر روی این تبلت به کاربران داده است.,1,3,train
5612,بنابراین اگر به یک گوشی اندرویدی با قیمت مناسب احتیاج دارید و در ضمن خیلی قصد ماجراجویی و محول کردن وظایف سنگین نرم افزاری را به آن ندارید، Miro می‌تواند برای شما گزینه‌ی مناسبی باشد.,1,3,train
2963,من که خیلی از صفحه نمایشش راضیم.,1,3,train
1203,عملکرد فوق‌العاده‌ی پردازنده، این گوشی را در بین برترین‌ها قرار داد، اما پردازشگر گرافیکی این دستگاه، عملکردی خوب و البته نه چندان فوق‌العاده دارد.,1,3,train
7149,در کل، این گوشی دوست داشتنی یک بار دیگر در سکوت و بدون هیاهو به بازار وارد گردید، اما مسلما تبلیغات کم HTC نیز جلوی موفقیت این گوشی را نخواهد گرفت و کاربران حرفه ای دنیای گوشی‌های هوشمند، آن‌را حتی بدون تبلیغات نیز کشف خواهند نمود.,1,3,train
12054,قابل مقایسه نیستند اما بازم اینم تو این رنج قیمتی گوشی خوب و راضی کننده ای هست.,1,3,train
7070,این یک ابر گوشی هستش,1,3,train
4541,اکسپریا ری بدنه باریک و بسیار شیک داره که در عین حال باید از آن محافظت بسیار کرد به دلیل این که:1- لنز دوربین آن هیچ محافظی ندارد.,1,3,train
10133,به نظر من این گوشی از هر لحاظ خوبه ولی حیف که صفحه‌نمایش کوچیکی داره,1,3,train
8329,HTC در سری گوشی‌های One خود، یک پردازشگر به نام ImageChip قرار داده است که وظیفه انجام محاسبات مربوط به دوربین گوشی را بر عهده دارد.,1,3,train
10971,در آخر اگر دنبال یه تبلت برای بازی ، اینترنت و پخش فیلم و موزیک میگردید اصلا توی خریدش شک نکنید.,1,3,train
8792,در کل، این گوشی از نظر سخت افزاری، عملکرد مناسبی را ارائه می‌کند که می‌توان گفت برای همچین گوشی با این قیمت، قابل قبول به نظر می‌رسد.,1,3,train
2242,جمع بندی در نهایت می‌توان گفت که HTC One X Plus یکی از بهترین گوشی‌های موجود در دنیاست.,1,3,train
12276,عکسا در حالت 16 مگا پیکسل به صورت مربع هستند ولی در حالتی میشه رو 12 مگاپیکسل به صورت واید عکس گرفت.,1,3,train
1264,کارایی از نظر من اندرویدش 4.1.2 هست gpu:Adreno 200 هست رایتل رو هم که ساپورت میکنه اما واقعا نمیصرفه چون خرجش بالاست(تعرفه هاش بالاست) از همه مهمتر رمش 1گیگ هست(768 مگ) به نظر من بهترین گوشی 2 سیمکارت هست به دلایل زیر: 1.اندوریدش جیلی بیلی هست 2.,1,3,train
12219,نسبت به قیمت بسیار خوب و از لحاظ ظاهر هم بسیار زیبا است.,1,3,train
9953,به طوری که لزومی ندارد دقیقا دستورات را به یاد بیاورید و عین آن را بگویید.,1,3,train
8805,ابعاد عکس‌های ثبت شده با این گوشی 2448×3264 پیکسل می‌باشد.,1,3,train
5291,این پردازشگر به قدری قدرتمند است که هیچ‌گونه کاهش سرعتی حتی هنگام اجرای بازی‌های سه بعدی و یا انجام پردازش‌های سنگین، مشاهده نخواهید کرد.,1,3,train
5284,همچنین در زاویه های مختلف عملکرد آن بهتر از حد انتظار است.,1,3,train
12016,در خصوص گارانتی گویا شرکت مایکروتل وارد کننده گوشی می باشد، اما گارانتی گوشی تعویض نبوده و فقط جهت تعمیر می باشد.,1,3,train
810,بدون شک Desire V و برادر آن یعنی HTC Desire SV جزو بهترین گوشی‌های دو سیم کارته موجود در بازار هستند زیرا سایر آن‌ها اکثرا بسیار ساده و ابتدایی هستند.,1,3,train
12403,با تشکر از دیجی کالا بخاطر معرفی دقیق و حرفه ای تمام محصولاتش به نظر من این گوشی از لحاظ طراحی از تمام مدل های گوشی سونی قویتر می باشد.,1,3,train
11590,این دوربین مجهز به سنسور تصویر 16 مگاپیکسلی از نوع BSI-CMOS است که نسبت به سنسورهای تصویر معمولی CMOS عملکرد بهتری را در شرایط نوری ضعیف ارایه می‌دهد.,1,3,train
4069,درب فلزی پشت بدنه گوشی به زیبایی آن افزوده است.,1,3,train
5143,در اکتبر 2007 به طور انبوه عرضه شد.,1,3,train
5192,قسمت پشت نمایشگر از جنس آلومینیوم خش‌دار و به رنگ نقره‌ای ساخته شده و دیگر قسمت‌ها‌ی بدنه نیز ترکیب رنگی زیبایی از سایه‌ها‌ی مشکی دارند.,1,3,train
7696,"صفحه نمایشش خوبه, دوربین خوب, واقعا نسبت به قیمتش عالیه .",1,3,train
95,هرچند که این دوربین از داشتن لنز با توانایی زوم 20 برابر F770 محروم است، اما توانایی زوم 15 برابر آن نیز باعث می‌شود تا بتوانید سوژه‌هایی کاملا دوردست را هم با کیفیتی کاملا بالا ثبت کنید.,1,3,train
5518,دوستان از روی تصویر نمی توانید به زیباییش پی ببرید باید ببینیدش,1,3,train
8382,من چون قصد خرید یه سوپرزومه عالی رو دارم خیلی در مورد این دوربین تحقیق کردم کیفیت عکس های گرفته شده خیلی خوبه حتی بهتر از یه دوربین 12 مگاپیکسلی در مورد سرعت لنز هم فکر نمی کنم سرعتش کم باشه آخه تو یه سایت خارجی زده بود تا 13 عکس در ثانیه میگیره نمایشگر هم که مشکلش حل شده.,1,3,train
1074,با FT3 دیگر در کوهستان، جنگل و یا کنار دریا، نگران خیس شدن، زمین خوردن و یا یخ‌زدگی دوربین خود نخواهید بود.,1,3,train
5967,بزرگنمایی 16 برابر نیز کاملا برای ثبت سوژه‌های دوردست مناسب می‌باشد.,1,3,train
5410,در این گوشی هم ویجت‌های متنوعی وجود دارد.,1,3,train
12188,اکنون کانن هرچند که EOS M را معرفی کرده بود، ولی 100D هم دقیقا همان رسالت را می تواند بر عهده گیرد.,1,3,train
11747,2012 بخرید ( از همین دیجی کالا که فوق العادس) هیچ مشکلی نداره .,1,3,train
6964,و یک چیزه دیگه که شاید اول به چشم نیاد ولی خیلی جذابه تکنولوژی صوتی Beats Audioهست که واقعا محشره تا یکبار باهاش موسیقی یا فیلمhd تماشا نکنید متوجه حرفم نمیشید.,1,3,train
8753,با سلام منتظرم زودتر دستم برسه فکر کنم گوشی خوبی باشه من خانواده ال جی رو دوست دارم از همه لحاظ مناسبه,1,3,train
11615,از لحاظ نرم افزاری در این قیمت بدون رقیب هست بنده این نظر را با همین تبلت درج کردم ولی نباید انکار کرد که این تبلت عیب بزرگی دارد آنهم پشتیبانی نکردن از حافظه ی جانبی هست ولی از لحاظ سرعت و قدرت نرم افزاری از تبلت های گران قیمتی مانند 7plus بسیار بالا تر است صفحه ی نمایش آن هم با اینکه سوپر امولد نیست کیفیت بالا و نور دهی بسیار مناسبی دارد و رنگ ها بسیار زنده اند و در آخر بدنه ی پشتی آن مورد برسی قرار می گیرد که موقع کار کردن حس بسیار خوبی را منتقل می کند و از عرق دست هم جلو گیری می کند,1,3,train
12553,واقعیت این است که شفافیت صدا نسبت به مدل‌های قبلی کاملا افزایش یافته است.,1,3,train
439,یکی از نکات جالب بدنه این گوشی، جنس دو لایه قاب پشتی آن است که از دو رنگ متفاوت تولید گردیده و به گوشی جلوه جالبی بخشیده است.,1,3,train
6733,این در حالیست که در مودهای خلاقانه اختیار بیشتری را در تنظیمات نوردهی خواهید داشت.,1,3,train
8582,سلام گوشی خوبیه من یک هفته پیش در زمان پیشنهاد شگفت انگیز خریدم ، قاب پشتش درست بسته نمی شد بردمش دیجی کالا گوشی رو عوض کردند.,1,3,train
11649,چه اون موقع و چه الان، جزو معدود گوشی های با قیمت مناسبه که واقعا کارکردش بالاست!,1,3,train
5099,از مزیت‌های این درایو نسبت به دو مدل دیگر می‌توان به صدای نسبتا کمتر و کیفیت بهتر ساخت اشاره کرد؛ اما دو مدل قبلی یعنی Samsung / Toshiba و LG / Hitachi در کل کیفیت ساخت یکسانی دارند.,1,3,train
31,با توجه به قیمتش پرینتر خوبیه.,1,3,train
4570,پردازنده خوب با سرعت مناسب6.,1,3,train
10141,اندازش هم خوبه.,1,3,train
9064,البته بیشینه ی ISO به 25600 افزایش یافته تا احتمالا این دوربین برای عکاسی در شرایط نوری ضعیف مناسب تر باشد.,1,3,train
5806,صدای خوب .,1,3,train
8434,من این تلویزیون رو از دیجی کالا خریدم اول از دیجی کالا قیمت کردم رفتم بازار دیدم بازار گرونتره اومدم از دیجی خریدم تازه حملش هم رایگان بود به نظرم صفحش کوچیکتر از اون چیزی که تصور می کردم بود یه ضعف هم داره اینه که وقتی تلویزیون رو مثلا با کانال 2 خاموش کردی دفعه بعد برای روشن شدن کانال یک کنترل رو فشار میدی باز هم همون کانال 2 رو میاره کیفیت صداش هم عالی بود بقیه چیز هاش رو هنوز تست نکردم امیدوارم چیز خوبی از آب در بیاد,1,3,train
2258,سلام من این گوشی رو دارم اما هر جا میبرمش فارسی نمیشه نمیدونم مشکل چیه اما دوربینش حرف نداره,1,3,train
6390,سخت افزار کمی بهبود یافته و جنس بدنه ان براق میباشد ودارای nfc هم هست.,1,3,train
2658,جایی که سنسور تصویر 16 مگاپیکسلی APS-C Xtrans ساخت خود فوجی فیلم قرار گرفته و این بار فیلترهای سنتی Bayer برای تولید عکس رنگی با فیلتری کاملا پیچیده تر تعویض شده اند که طبق ادعای فوجی فیلم کیفیت رنگ را به طور چشمگیری افزایش داده است و دیگر به Low Pass Filter احتیاجی نیست.,1,3,train
10253,در ضمن سفیدش هم قشنگ‌تره.,1,3,train
1725,اما وقتی نتایج آزمایش‌های سخت افزاری و کارکرد گوشی را بررسی می‌کنیم، متوجه می‌شویم اپل با ارائه iPhone 5 ، مجددا به برترین گوشی تا زمان ورود خودش به بازار تبدیل گردیده است.,1,3,train
7625,رابط کاربری دوربین بسیار ساده و کاربردی است و امکانات خوبی را در اختیار شما قرار می‌دهد.,1,3,train
8133,گوشی خوب و جم جوریه.,1,3,train
6208,در کل، می‌توان گفت که این افت کیفیت برای ارزان کردن گوشی ارزشش را دارد، چرا که عملکرد صفحه نمایش به صورت کلی مناسب است و برای کسانی که خواهان داشتن صفحه نمایش‌های بزرگ هستند، راضی کننده خواهد بود.,1,3,train
421,مخصوص که فول اچ دی هست  بهره گیری از لنز واید با کمینه‌ی نسبت کانونی f/2.7 مخصوص عکس برداری در نور کم و شب هستش که کیفیت خوبی به عکس میده  در کل دوربین خوبی هست و منو کاملی داره .,1,3,train
12271,-با یک مموری 16 گیگ میشه 90 دقیقه فیلم با بالاترین کیفیت گرفت.,1,3,train
5872,خیلی گوشی خوبیه  دوستام داشتن ازش راضی بودن فقط با این که I9100G هم بود بازم داغ می‌کرد که با یه بک کاور انداختن مشکل حل میشه کیفیت صفحه .,1,3,train
9648,iphone 5 فقط از نظر کیفیت ساخت از رقبای خودش برتر هست .,1,3,train
12541,در WWDC آقای Jobs اظهار کرده بود که کیفیت دوربین به افزایش مگاپیکسل نیست بلکه به افزایش فوتون‌های دریافتی می‌باشد که فن‌آوری آن در این دوربین به کار رفته است.,1,3,train
5481,15- من نمیدونم بعضیا چی از گوشی میخوان، ولی بنظر هرکس که گوشی رو دیده، و به نظر خودم صدای اسپیکرش خیلی مناسبه.,1,3,train
1084,تلویزیون هوشمند سامسونگ شما به دلیل دارا بودن دقت تصویری دو برابر تلویزیون های اچ دی معمولی، تجربه دیداری شگرفی می آفریند که شما را از مرز صفحه تلویزیون فراتر برده و در تصاویر نفس گیر خود غوطه‌ور خواهد ساخت.,1,3,train
5204,اما ویژگی مشترک بین همه‌ی کانفیگ‌ها‌ی این نوت‌بوک، بهره‌گیری از کارت گرافیکی مستقل با ظرفیت حافظه‌ی 2 گیگابایت است.,1,3,train
1282,تو این چند روزی که به دستم رسیده و باهاش کار کردم ( تصمیم گرفتم قبل از اینکه به ایشون بدم تعدادی نرم افزار و فایل برای ایشون روی گوشی بریزم ) متوجه شدم که این گوشی تو رنج تلفن های همراه تو این رنج قیمت بهترین انتخاب هست .,1,3,train
377,این دوربین از سنسور تصویر 16 مگا پیکسلی BSI-CMOS و پردازشگر تصویر DIGIC 5 بهره می‌برد.,1,3,train
5679,با این وجود بهبودهای ایجاد شده را نمی‌توان نادیده گرفت.,1,3,train
6386,به عنوان یک گوشی تلفن همراه با چنین ویژگی‌ها و فن آوری های خیره کننده ای، Galaxy S II Plus گوشی آسانی برای جمع بندی و اظهار نظر است.,1,3,train
9295,این لنز کمی کوچکتر از 18-135 IS پیشین است و در حالت 18 میلی متر هم قفل زوم دارد تا تحت وزن خود عمل زوم انجام نشود.,1,3,train
10165,من قبلا خودم لایو داشتم ولی الان اکسپریا دارم و باید بگم گوشیه عالیه اما با در نظر نگرفتن چند نکته : 1_ باتری کم‌توان برای این سیستم.,1,3,train
2369,ایفون 5 عالی هست ولی کامل نیست.,1,3,train
8673,من این گوشی رو حدوده 3 روزه از سایت خوب دیجی کالا خریدم و از گوشی راضیم واقعا گوشی خوبیه نسبت به قیمت و امکاناتش.,1,3,train
1093,تجربه چندرسانه ای کامل در منزل تلویزیون سامسونگ با ورودی های واسط چندرسانه ای وضوح بالا (HDMI) نشیمن خانه شما را به یک مرکز سرگرمی های چندرسانه ای تبدیل خواهد کرد.,1,3,train
12696,Ray فقط یکم کنتراست صفحه نمایشش بیشتره همین ؛ به نظر من یه سر و گردن از اینها هم بالا تره.,1,3,train
2502,به طوری که با استفاده از فن آوری نوین Palm Proof، این تاچ پد توانایی تشخیص بین ضربات انگشت برای کلیک و ضربات انتهای کف دست را دارد تا به ضربات انتهای کف دست ترتیب اثر ندهد.,1,3,train
8089,با نصب کیبورد فارسی مشکل کاملا حل شد.,1,3,train
9187,البته اگر مقداری بیشتر هزینه کنین میشه 60 کنون خرید که بدنه حرفه ای تری داره ولی از نظر کیفیت خروجیش با 60 فرقی نداره چون از یک سنسور استفاده شده/فقط 60 ال سی دی دوم داره که واسه حرفه ای ها یه امتیاز به حساب میاد,1,3,train
10113,با Scanjet G2710 به راحتی می‌توانید اسناد، عکس‌، نگاتیو، اسلاید، اشیای سه بعدی و مانند آن را به فایل‌های دیجیتال تبدیل کرده، با دیگران به اشتراک بگذارید، آرشیو دیجیتال داشته باشید یا آن‌که فایل‌های اسکن شده‌ی خود را ویرایش و چاپ کنید.,1,3,train
7119,همچنین این گوشی دارای 16 گیگابایت حافظه داخلی است که البته امکان افزایش آن به میزان 32 گیگابایت دیگر توسط کارت حافظه microSD نیز وجود دارد.,1,3,train
3901,GPS کاری می‌کند که به همراه هر عکسی که می‌گیرید، اطلاعات مکانی عکس همانند عرض و طول جغرافیایی و نام آن محل به همراه عکس ثبت شود و در ضمن بعدا برای آپلود آن‌ها بر روی مکان‌های خاصی مثل Google Earth و Google Maps راحت‌تر خواهید بود.,1,3,train
6242,خوبه.,1,3,train
8130,با عرض سلام من این گوشی را 3 روز است که خریده ام اندروید 4 به خوبی به روی ان کار میدهد درباره ی پردازنده ام من تا به حال مشکلی ندیدم من توصیه میکنم که این گوشی را بخرید رنگ سفیدش قشنگ تره ممنون,1,3,train
9027,این دوربین مجهز به سنسور تصویر 16 مگاپیکسلی BSI-CMOS است.,1,3,train
11494,مواد اولیه به کار رفته در ساخت Nexus 4 از کیفیت بالاتری نسبت به Galaxy Nexus برخوردارند.,1,3,train
452,با پشتیبانی این گوشی از راه های مختلف ارتباط با شبکه جهانی اینترنت از جمله 3G، GPRS، Edge و سرآمد همه آن‌ها Wi-Fi، امکان مرورگری اینترنت نیز بر روی این گوشی با سرعت بالا فراهم است.,1,3,train
8781,استفاده ال‌جی از تکنولوژی Floating Mass باعث گردیده که فاصله بین صفحه نمایش و محافظ Gorilla Glass آن کمتر شود و در نتیجه علاوه بر باریک‌تر شدن گوشی، رنگ‌های صفحه نمایش زنده تر و روشن‌تر نمایش داده شوند.,1,3,train
1026,شاید استفاده‌ی روزمره‌ی آن چندان معنی دار نباشد، ولی به هر صورت برای افرادی که مثلا به کوهنوردی می‌روند و قصد دارند مختصات دقیق خود یا مکان با نام خود را بدانند حتما مناسب است.,1,3,train
10736,به نظر من تبلت خوبیه!,1,3,train
6231,از امکانات دوربین می‌توان به عکاسی پانوراما، قابلیت تشخیص چهره و لبخند، لرزش گیر دست و ثبت موقعیت مکانی و زمانی اشاره نمود.,1,3,train
12484,همچنین صفحه نمایش این گوشی قادر به درک چندین لمس همزمان می‌باشد.,1,3,train
6616,همچنین مجهز به لنز با توانایی زوم اپتیکال 20 برابر نیز می‌باشد.,1,3,train
12313,بهترین دوربین با این سایز و این قیمت,1,3,train
8096,باید بگم که با توجه به قیمتش امکانات خوبی را فراهم کرده و در کل گوشی خوبی است,1,3,train
12240,لرزش‌گیر تصویر این دوربین از نوع Sensor Shift می‌باشد که با انجام عمل مکانیکی لرزش دست شما را جبران می‌کند تا احیانا در استفاده از زوم زیاد و یا سرعت‌های شاتر پایین باعث تار شدن عکس نشود.,1,3,train
6475,من این هارد رو 4 روزه خریدم سرعتش خوبه.,1,3,train
621,البته این نظر شخصی منه چون کلا خیلی از محصولات اچ پی راضیم.,1,3,train
12657,خلاف نظرات دوستان به ورژن 4 آندروید از طریق وای فای و بطور مستقیم بدون هیچ واسطی آپدیتش کردم و هیچ مشکلی هم نه برای وای فایش و نه برای جای کیبوردش و نه سرعتش پیش نیومد شما هم آپدیت کنید هیچ مشکلی پیش نمیاد.,1,3,train
12174,این دوربین نیز از همان برتری 700D نسبت به 650D بهره می برد.,1,3,train
1935,براستی که ارزش خرید را دارد چون کاربری ان با تمام برندها متفاوت بوده و چیزی کم ندارد.,1,3,train
6932,گرچه اگر بخواید بهترین رو داشته باشید(نه یکی از بهترینا ، بهترین منظورمه) این گوشی انتخاب اول و آخره.,1,3,train
11552,من این دوربینو خریدم ازش راضیم ولی دفترچه راهنما نداره,1,3,train
372,من رنگ قرمز این لپ تاپ رو از دیجی کالا خریدم نسبت به قیمتش و همرده هاش توی برند های دیگه واقعا می ارزه نقاط قوت یو اس بی 3 و تاچ پد مولتی تاچ و فن بی صدا ، باطری خیلی خوب ، صفحه نمایش و کیبورد با کیفیت ، کیفیت بسیار خوب اسپیکر ها و بلندی صدا عالی که با لپ های رده بالاتر برابری میکنه نقاط ضعفش با اینکه بدنه و کیبورد و رنگ بسیار با کیفیتی داره اما در بعضی قسمت ها زیاد جالب نیست مثلا شیار دی وی دی درایو خیلی خوب با بدنه هماهنگ نیست مشکل بعدی که داشت با اینکه به همراه لپ تاپ یک سی دی شامل درایور های دستگاه بود اما کارت وای فای دستگاه به هیچ عنوانی راه نمیفتاد تا اینکه بعد از دست چرخیدن بین چند متخصص نرم افزار راه اندازی شد حتی درایور موجود در سایت لنوو هم مفید نبود و پیشنهاد میکنم از بسته خدمات نصب ویندوز توسط دیجی کالا استفاده شود تا هزینه رفت و امد و هدر شدن وقت رو مثل من پرداخت نکنید در کل با این سی پی یو و رم لپ تاپ فوق العاده مناسب و پر سرعت برای مولتی مدیا ، اینترنت و آفیس و نرم افزار های سبک می باشد و نسبت به امکانات و همرده هاش امتیاز کلی 9 بسیار مناسبش هست,1,3,train
3485,در مجموع این دستگاه برای مصارف خانگی و تا حدودی اداری بسیار مناسب است و می‌تواند تمامی نیازهای شما را به دستگاه های پرینتر، کپی، اسکن و فکس برطرف سازد.,1,3,train
1742,اگر کمی حوصله به خرج بدین و برنامه itunes رو به خوبی پیاده و اجرا کنین هیچ مشکلی برای نصب APPs در ایران نخواهید داشت .,1,3,train
6924,عالیه فقط حیف که باطریش تعویض نمیشه,1,3,train
5916,خلاصه که واقعا گوشیه معرکه‌ایه ولی قبل از آپدیت باید یه بک آپ اساسی ازش بگیرین.,1,3,train
8271,این دوربین از باتری شارژی لیتیوم-یونی NB-9L بهره می‌برد.,1,3,train
10806,طراحیش هم حرفه ایه .,1,3,train
8634,من این گوشی رو تو تخفیف ویژه که 7 اردیبهشت دیجی کالا گذاشته بود خریداری کردم ، گوشی بی نظیریه چراکه من وقتی روشنش کردم اگر درست خاطرم باشه حدود 36 % شارژ داشت و هرچی خواستم باهاش کار کنم تا شارژش بشه 15% و خالی بشه نشد ( از عکس گرفتن و بازی کردن بگیر تا هر کار ی که بشه فکرش رو کرد ) و با شارژ 28% زدمش برای شارژ و این برام جالب بود.,1,3,train
11662,میگم:گوشی خوبیه.,1,3,train
665,گذشته از ظاهر شیک و سنگینش کیفیت بدنه موقعی که اون رو در دست دارید احساس میشه.,1,3,train
2556,در کل دوربینه خوبیه با این قیمت اگه میخوای بخری شک نکن,1,3,train
747,البته این موضوع رو بگم که تمام بازی ها رو راحت بالا آورد و بدون لگ و هنگ اجرا کرد.,1,3,train
203,واسه استفاده زیادم راحت 20 تا 24 ساعت من که خیلی از خریدم راضی هستم.,1,3,train
11551,تلسکوپه!,1,3,train
7591,باسلام بنظر من گوشی بسیار خوش دستیه از نظر سایز عالیه البته بنظر من سخت افزارشم برای یک اسمارت فون امروزی عالیه چون هنوز 4 هسته و فرکانس بالا برای سی پی یو زیاد در حال حاضر کاربردی نیست مگه برای بازی بخوای ویرایش 4.1.1 که بیس رامش خلاصه تنها چیز اینه که خیلی بصرفه نیست.,1,3,train
7401,اصلا در خریدنش شک نکنید.,1,3,train
6906,در مجموع هم امتیاز 49 ساعت کسب کرده.,1,3,train
11389,این خودش یه مزیت میتونه حساب بشه!,1,3,train
9389,که با task killer ها درست میشه .,1,3,train
1215,تصور کنید که دیدن یک فیلم را بر روی گوشی PadFone آغاز کرده‌اید، پس از چند دقیقه احساس می‌کنید که دیدن آن فیلم در صفحه‌ی نمایش 10.1 اینچی لذتی مضاعف دارد، فقط کافیست گوشی را در داک آن قرار دهید تا بقیه‌ی فیلم را بر روی تبلت مشاهده نمایید.,1,3,train
1311,اگر از گوشی که قصد خرید اون رو دارید انتظار دوربین خیلی با کیفیت و صفحه نمایش سطح بالا رو ندارید ، و جز اون دسته از آدم هایی هستید که نیاز به یه سیم کارت کاری و یه سیم کارت برای تماس های شخصی دارید ؛ با توجه به امکانات و قیمت ، این گوشی واقعا انتخاب مناسبی است.,1,3,train
12009,در حد عالیه,1,3,train
1576,اما قابلیت اجرای همزمان دو برنامه در این تبلت به بهترین شکل به اجرا در آمده است.,1,3,train
11056,ولی خوب در هر صورت تبلت خوب و با کاربردیه!,1,3,train
4127,این گوشی دارای مسنجر QWERTY بوده و همچنین از 2 سیم کارت پشتیبانی می کند.,1,3,train
6837,تجربه نشان داده که باتری های اینترنال از عمر بیشتری برخوردار هستند.,1,3,train
13092,ولی در کل از آن نارضایتی خاصی نداریم.,1,3,train
7090,به واقع وقتی آن‌را در دست می‌گیرید، کیفیت و مقاومت خوب گوشی را حس خواهید نمود و از آن لذت خواهید برد.,1,3,train
501,محاسن: استفاده از ویندوز فون هشت یک تجربه عالی و لذت بخش است و به نظر می رسد که باعث خلاص شدن از دست بسیاری از مشکلات آندروید است.,1,3,train
443,قابلیت دریافت چندین لمس همزمان نیز، کار با آن را برای کاربر راحت‌تر می‌نماید.,1,3,train
8952,فوکوس به طور خودکار انجام می‌شود و وقتی عمل زوم یا زوم بک را انجام می‌دهید هم به خوبی می‌تواند این کار را انجام دهد.,1,3,train
10396,آفرین به سامسونگ همون چیز ی که مشتری میخاد میده بازار .,1,3,train
6401,اکنون مانند گلکسی اس پلاس که در سال گذشته معرفی شد و نسخه بهبود یافته اولین نسل گلکسی بود، امروز سامسونگ گوشی گلکسی اس 2 پلاس را که نسخه بهبود داده شده گلکسی اس 2 است و سیستم عامل جدید به همراه پردازشگر جدیدی را بر روی خود دارد معرفی کرد.,1,3,train
2481,دمای صفحه کلید و قسمت استراحت مچ همواره پایین‌تر از قسمت‌های دیگر بدنه است.,1,3,train
4426,هنوز هم یه وقت هایی وسوسه می شم بیخیال مصرف برقش بشم و از کیفیت بهتر رنگ و داینامیک رنج عالی اون بهره ببرم.,1,3,train
10085,• جمع بندیSleekbook ها جزو باریکترین و سبکترین نوت بوک های ساخته شده تا به این تاریخ است.,1,3,train
8599,از دیجی کالا ممنونم به دستم رسید - تا حالا وقت نکردم خیلی باهاش کار کنم اما خیلی ازش راضی هستم - فقط جهت اطلاع بعضی دوستان شارژش عالیه من که راضیم با این مشخصات و قیمت تو این بازار,1,3,train
8466,علی رغم سایز کوچکی که NEX-3N دارد، ولی به دلیل دستگیره ی نصفه و نیمه و روکش های لاستیکی که روی بدنه قرار گرفته در دست نگه داشتن آن کار سختی نمی باشد.,1,3,train
5321,با سلام بی نظیره دو ماه باهاش کار کردم از نظر من تنها عیبش نداشتن شیار کارت حافظه است و بس.,1,3,train
4724,((اصلا در موردش شک نکنید))از گوشی های گلکسی یانگ - ایکس 10 و حتی سونی ایکس پریا یو خیلی برتره.,1,3,train
2044,ولی در کل تغییرات در جهت بهتر شدن و بهبود عملکرد بوده و این همان چیزیست که همه انتظار داشتند.,1,3,train
6454,اما با همه ی بی صداییش وقتی دست روش میذارم تق تق میکنه که اینم مربوط به هد میشه و فکر نکنم مشکل بزرگی باشه.,1,3,train
8733,به نظر من این گوشی با توجه به مشخصات و قیمت یکی از بهترین گزینه های دو سیم کارته آندروید بازاره.,1,3,train
10787,ایزو می تواند تا 12800 بالا رود که نشان دهنده ی اعتماد به نفس سازندگان و البته اعتماد به این سنسور تصویر و پردازشگر و متعلقاتشان است.,1,3,train
6302,در خریدش شک نکنید,1,3,train
5815,واقعا از این گوشی راضی هستم و هر کسی در خریدش شک داره اصلا شک نکنه بره بخره,1,3,train
10608,نسبت به قیمتش گوشی خیلی خوبیه ، سرعت خیلی خوب تاچ عالی داره جی پی اسش هم خیلی خوب و کارآمده تنها ضعفش دوربینشه که لنزش ثابته و عکس هاش کیفیت خوبی نداره باطریش هم خوبه سبک و خوش دسته در کل ارزش خریدش رو از 10 من 8 میدم(2نمره رو هم به خاطر دوربینش ازش کم میکنم),1,3,train
1247,عالیه فقط خدا کنه مثل بقیه محصولات ایسوس قیمتش خیلی بالا نباشه,1,3,train
10575,لولاها نیز صفحه نمایش را محکم در جای خود نگاه می‌دارند.,1,3,train
11870,با این سیستم عامل که توسط گوگل طراحی شده شما امکان دسترسی به Android Market که فروشگاه بزرگی از برنامه‌های آندروید می‌باشد را خواهید داشت.,1,3,train
8597,سلام این گوشی از رایتل و مکالمه تصویری پشتیبانی میکنه، تو سایت رایتل اعلام کردن.,1,3,train
10189,من که پنج ماه که دارم ازش استفاده می کنم خیلی راضی‌ام,1,3,train
6133,برای کسانی که چاق هستند خوب است!,1,3,train
7490,بزودی بازار برمیگرده به سمت نوکیا این گوشی هم از هر نظر عالیه هم سخت افزار نرم افزار زیبایی منتظرشم بیاد، خیلی دوست دارم بخرمش,1,3,train
7335,این نوت‌بوک در کل بدنه مستحکمی دارد و در بیشتر نقاط فقط کمی بر اثر فشار دچار خمش می‌شود.,1,3,train
6032,جزئیات در قسمت های مشکی عکس هم به خوبی دیده می‌شوند.,1,3,train
12433,اگه همین گوشیو با این امکانات شرکتای دیگه مثل سامسونگ میزدند قیمتش خیلی بیشتر از اینا بود و این بازاریابی سونی را میرسونه که گوشی با این امکانات تو این رنج قیمت می سازه.,1,3,train
5942,تا به حال چنین رزولوشن بالایی را بر روی هیچ دوربین کامپکتی ندیده بودیم.,1,3,train
2241,باتری با قرار گرفتن یک باتری 2100 میلی آمپری، شارژ دهی این گوشی نسبت به مدل پیشین آن، که از یک باتری 1800 میلی آمپری استفاده می‌نمود، تا چند ساعت بهتر شده است.,1,3,train
12466,من بالاخره این گوشیو می خرم قیمتشم برام مهم نیست.,1,3,train
6023,این سرعت ها برای پرینتری در سطح مبتدی خیلی خوب هستند و نسبت به مدل های ML-2525 و ML-1915 شرکت سامسونگ عملکرد بهتری را از خود نشان می‌دهد.,1,3,train
11276,به نظرم با بررسیهایی که انجام دادم تو این رنج قیمت بهترین انتخاب 600d است مخصوصا اگه فیلمبرداری براتون مهم باشه مثل خودم.,1,3,train
352,سطح تاچ پد کمی دانه دانه است و به راحتی می‌توان بدون نگاه کردن، آن را در بین استراحتگاه دست پیدا کرد.,1,3,train
361,سیستم خنک کنندگی G580 یکی از نقاط قوت اصلی آن است.,1,3,train
5324,واقعا حیف که دوربین نداره ولی نسبت به قیمش خیلی خوبه,1,3,train
3647,یک پردازنده چهار هسته ای از نوعCortex-A9 که میزان فرکانس آن توسط مایکروسافت اعلام نشده است ولی احتمالا 1.3 یا 1.4 گیگاهرتز خواهد بود، به همراه یک چیپ Nvidia Tegra 3 و 2 گیگابایت رم ، به اجرای بی عیب و نقص فرامین کمک خواهد نمود.,1,3,train
11223,کانن ادعا می کند که نمایشگر این دوربین کوچکترین سایز و بیشتر دوام را دارد.,1,3,train
5476,12- 32 گیگ حافظه داره که به نظر من زیاد هم هست، ولی .,1,3,train
11412,خودم واقعا لذت بردم.,1,3,train
10651,یک ماهه گرفتمش همه چی تمومه فقط باطریش یکم ضعیفه,1,3,train
10826,به طور کلی مزایا: 1-سایز کوچک و سبکی 2-حسگر CCD با کیفیت 16 مگاپیکسل که و کیفیت عکس مناسبی را ایجاد می نماید 3-حالات مختلف عکس برداری به خصوص پانوراما یا تمام نما معایب: 1-کیفیت فیلم که full HD نمی باشد.,1,3,train
2466,گوشی جالبیه.,1,3,train
11538,این باتری بسیار قدرتمندتر از باتری استفاده شده در Galaxy Nexus است و در مصارف عادی و روزانه (تماس، پیام کوتاه، مرورگری اینترنت و گوش کردن به موسیقی) می‌تواند به راحتی یک روز کامل شارژدهی کند.,1,3,train
10766,در کل این دوربین خیلی شبیه به دوربین رده ی بالاتر کامپکت های سطح پیشرفته شده است.,1,3,train
6338,و مشکل اینطوری میشه که همراه بانکهای نصب شده به طور پیش فرض از سیم 1 برای ارسال و دریافت داخلی استفاده میکنند که اگر سیم 1 ثبت بانک نباشه کاری از پیش نمیره. 11: خروجی صدای خوبی داره مخصوصا با بیتس و هندفری s2 samsung که از هندفری خودش بهترن 12: سرعت مرورگر چه با وای فای چه با اینترنت رایتل خوبه البته به سرعت نت هم بستگی داره اما در قسمتهایی که فونت خیلی ریز باشه دیدن صفحه نمایش با فاصله سخت میشه که باید زوم کرد یا نزدیکتر شد.,1,3,train
1447,نمایشگر لمسی امکانات خیلی خوبی را چون Touch to Focus یا فوکوس لمسی فراهم می‌آورد.,1,3,train
7499,جمع بندییکی از معایب گوشی‌های ویندوز فون 8 نوکیا یعنی لومیا 920 و 820، قیمت بالای آن‌ها بود که امکان خریدشان را از بسیاری از کاربران سلب نموده بود.,1,3,train
2519,عملکرد این باتری در مدل‌های مختلف بسته به سایز صفحه نمایش و نوع سخت افزار داخلی، متفاوت است اما در کل از شارژدهی باتری راضی بودیم.,1,3,train
9023,زیبا، باریک و خوش ساخت با جنسی فلزی که در رنگ‌های متنوع هم موجود می‌باشد.,1,3,train
11070,به نظر تبلت خوبی می آید.,1,3,train
10488,گوشی خیلی خوبی میتونه باشه واسه کسانی که در حد توان گوشی ازش کار میکشن طراحی این گوشی خیلی خوبه !,1,3,train
11455,مشتاقانه در انتظار اومدن این گوشی در دیجی کالا هستم..,1,3,train
1562,کارکرد جالب‌تر آن، جائیست که از قابلیت لمس شناور آن بهره می‌برید.,1,3,train
326,• طراحی اکثر بخش‌های بدنه دستگاه از پلاستیک مات ساخته شده و به همین دلیل بازتاب نور کمی دارد و در مجموع ظاهر نوت‌بوک بسیار مناسب است.,1,3,train
10369,مورد تائید استاندارد US MIL-SPEC است و نگرانی از دست دادن اطلاعات در اثر عوامل محیطی وجود ندارد.,1,3,train
9441,هماهنگی خوب سخت‌افزار و نرم‌افزار در این مدل، باعث گردیده که در هنگام کار با آن، سرعت عمل انجام دستورات را احساس کنید.,1,3,train
12264,من از خرید این دوربین کاملا راضیم,1,3,train
3438,دستگاه های چند کاره در بین این گروه از ماشین‌ها، بسیار پرطرفدارتر می‌باشد.,1,3,train
2427,پدفون 2 دوربین خوبی داره,1,3,train
1231,همچنین، وجود فلاش LED نیز به ثبت عکس‌های با کیفیت‌تر کمک می‌نماید.,1,3,train
6636,این دوربین مجهز به سنسور تصویر 2.37 مگاپیکسلی می‌باشد که توانایی ضبط ویدیویی Full HD را به آن داده است.,1,3,train
5264,من تبلت 8 رو خریدم و 7 اینچ را هم دوستم برای پسرش خریده با توجه به قیمت و امکاناتش از تبلت راضیه,1,3,train
8419,این نمایشگر کیفیتی کاملا بالاتر دارد.,1,3,train
9111,به نظر من نسبت به سایر گوشی های سری desire این برند جالب تره و فکر میکنم ارزشش بیشتر از سایر هم نوع هاش باشه,1,3,train
6885,نتایج مصرف این گوشی که کاملا قابل قبوله.,1,3,train
10436,در ضمن این دوربین توانایی ضبط ویدیویی 720p HD با سرعت 30 فریم بر ثانیه و با فرمت Motion JPEG و H.264 را دارد.,1,3,train
11860,اگر به دنبال یک گوشی با طراحی زیبا و امروزی با امکانات و جم وجور و دارای سیستم عامل اندروید هستید برین این گوشی رو بگیرین .,1,3,train
11708,این گوشی گوشیه خیلی خوبیه ولی مشکل دکمه بک مشکل بزرگیه ولی اصلا نگران نباشین واسه من اول این مشکل بود ولی بردم دادم به گارانتی پارس کامتل حالا 9 ماهه گوشیو دارم و هیچ مشکلی بعد از دادن به گارانتی پیدا نکرده ولی توصیه من به شما اگه این گوشیو میخواین بخرین حتما با گارانتی معتبر بخرین و در ضمن این گوشی دوربین خیلی خوبی داره و در اجرای بازیهای hd اصلا کم نیاورده,1,3,train
1450,در حالت واید 28 میلی متر به راحتی می‌توانید میدان دیدی کاملا گسترده داشته باشید و عکس یک چشم انداز طبیعی بزرگ را ثبت کنید.,1,3,train
6378,از نظر کیفیت عکس‌های گرفته شده، دوربین این گوشی یکی از بهترین دوربین‌هایی است که بر روی گوشی‌های تلفن همراه مشاهده کرده‌ایم.,1,3,train
5036,در عین حال، پل جنوبی در این کنسول، با پهنای باند یک گیگابایت در ثانیه با پردازنده‌ی گرافیکی در ارتباط می‌باشد که این عامل ارتباط سریع بین دسته‌های بازی و سایر قطعات جانبی را با پردازنده‌ی مرکزی میسر می‌سازد.,1,3,train
238,من حدودا ۱ ماهی‌که می‌شه این گوشی رو دارم، راضی‌هم هستم، در مورد دکمه‌های لمسی پایین گوشی باید گفت که حساسیت این دکمه‌ها کم نیست، بلکه قسمت حساس این دکمه‌ها خیلی‌ریز طراحی‌شده، واسه همین یا باید دستتون رو روش بکشید یا اینکه نقطه حساس رو پیدا کرده و طبقه عادت بتونین دقیق اون نقطه رو لمس کنین (دقیقترش می‌شه یه ذره بالاتر از علامت روی دکمه ها، تقریبا نوک علامت ها)، اینطوری دیگه نیازی به کشیدن هم نداره.,1,3,train
1355,علاوه بر این، پورت‌های شبکه Ethernet و FireWire نیز حذف شده‌اند ولی در عوض پورت‌های پرسرعت USB 3.0 و Thunderbolt وجود دارند.,1,3,train
10091,اما اگر به دنبالی لپ تاپی ارزان قیمت و در عین حال سبک و باریک برای انجام کارهای سبک روزمره می گردید، سری Sleekbook کمپانی HP جزو بهترین انتخاب های شما خواهد بود.,1,3,train
1195,کیفیت این صفحه‌ی نمایش در مقایسه با SuperAMOLED ها، چندان چشم گیر نیست اما با این قیمت، عملکرد آن کاملا مناسب ارزیابی می‌گردد.,1,3,train
243,سلام دوستان در مورد دکمه های لمسی پایین ion باید بگم اصلا یک ضعف نیست اگر به مقدار تحقیق کنید متوجه میشید.,1,3,train
1775,از هر لحاظ، شارژدهی، انتن دهی، طراحی و ظرافت، سرعت و کیفیت، قبلش هم گلکسی نکسوس داشتم اونهم فوق العادست ولی خیلی مونده به اپل برسه,1,3,train
1911,گرافیکش یکم از قبلی بهتره - سرعتش یک ثانیه بهتره -دوربینش هیچ فرقی با 4s نداره و دوربین جلوش واقعا HD هست- صفحه نمایش با حالی داره - خوش دست تر از مدل قبلیه-سبک تره (وقتی بیوفته آسیب اون چنانی نمیبینه)    معایب : خیلی روش خط میوفته.,1,3,train
3976,دوربین خیلی خوبیست و دوستان مزایای او را گفته اند فلذا من به معایب میپردازم چندتا مشکل دارد .,1,3,train
9731,صفحه نمایش صفحه نمایش 3.2 اینچی این گوشی یک صفحه نمایش لمسی خازنی از نوع TFT می‌باشد که با رزولوشن 480×320 و تراکم پیکسلی 180ppi، عملکرد مناسبی را برای یک گوشی در این سطح ارائه می‌نماید.,1,3,train
7072,همون چیزیه که میخواستم.,1,3,train
4482,از طرفی فیلم‌های گرفته شده با دوربین این گوشی در کیفیت HD 720p با سرعت 30 فریم بر ثانیه بسیار روان هستند و کیفیت قابل قبولی دارد.,1,3,train
12831,معمولا نرم‌افزارهایی انتخاب می‌شوند که در عین سادگی واجد امکانات حرفه‌ای باشند و کاربران در کار با آن‌ها راحت باشند.,1,3,train
1828,اما واقعیت چیز دیگری است؛ در واقع برتری اپل اول از همه در سیستم عامل منحصر به فرد اوست.,1,3,train
10735,گوشی خوب و خیلی بزرگ نهایت 4.7 هستش به نظر من.,1,3,train
3151,میتونم بگم با این آپدیت جدید از نکسوس 7 هم بهتر شده.,1,3,train
10019,خوشبختانه ویدیوها در دو فرمت AVCHD و MP4 ذخیره می‌شوند.,1,3,train
12716,کلا نسبتا گوشی واقعا خوبیه.,1,3,train
8780,صفحه نمایشصفحه نمایش این گوشی، یک صفحه نمایش از نوع IPS LCD با سایز 4.3 اینچ می‌باشد که از تکنولوژی NOVA بهره می‌برد.,1,3,train
12689,من الان خیی وقته این گوشی رو دارم ، پیام نوشتن نگو بگو آب خوردن-کیفیت صدا عالی-از لحاظ سخت افزاری هم که اصلا کم نمیاره-فقط درش یک کم لقس داره ولی نسبت به کوشی های مشابه که من باهاش کار کردم لقی اون در حد صفره-آپدیت به آندوید 4 هم ساده وهم زود انجام میشه حالا هر کی سرعت اینترنتش زیاده تو خونه آپدیت کنه یا مثل من 30تومن بده براش آپدیت می کنن من که به همه پیشنهاد میکنم برن این گوشی رو بگیرن,1,3,train
767,اما لازمه که بگم این لپ تاپ کاری نیست که نتونه براتون انجام بده !,1,3,train
8298,.باتریش هم اونقدرا بد نیست .,1,3,train
5692,به نظر من این تبلت با صفحه بزرگ قیمت پایین می تونه رقیب بزرگی برای ایسوز eee pad transformer tf 300 tg باشه و این دو واقعا از اپل با قیمت بالا و سیستم عاملی با عناوین کم (نرم افزار و بازی ) محدود بهترن,1,3,train
8755,قیمت این گوشی نسبت به مشخصاتش بد نیست.,1,3,train
6921,GALAXY S3 با این که سخت افزارش از این کمتره و مخصوصا صفحه نمایشش بسیار کم مصرف تر از این هست باتری 2100MA داره.,1,3,train
7926,دوست‌داشتنیه..,1,3,train
5844,ظاهرش هم به نظر من از SIII بهتره!,1,3,train
6037,نسبت به قیمتش دستگاه خوبی هست و در شبکه هم جواب خوبی داده کارتریج هم اگر اصل استفاده بشه نسبت به کاتریج های تقلبی که قیمت پایین تری دارن .,1,3,train
2121,شگفت انگیزه نه ؟,1,3,train
9775,به هر صورت همانطور که گفتیم، Nikon Coolpix S30 دوربین مقاوم ضد آب و ضد ضربه‌ی خیلی ارزان قیمتی است که ویژگی هایی کاملا در سطح مبتدی‌ها را ارائه می‌کند.,1,3,train
12447,پس فکر کنم V باید بهتر باشه..,1,3,train
518,این گوشی هم از گوشی های عالی نوکیا است و خود من در حدود یک هفته است که تجربه ی استفاده از آن را دارم.,1,3,train
3164,به نظر چیز خوبی میاد ..,1,3,train
8823,قبل از همه چیز باید بگم از خرید راحت و بسته بندی شکیل دی جی کالا بیشتر از خود دوربین خوشم اومد البته اینو باید بگم که دلیلش اینه که من قبل از خرید این دوربین نیکون دی 7000 و کانن1100 و چند مدل دیگه رو تست کرده بودم و یه ذهنیت و انتظار بالایی داشتم اما از حق نگذریم به غیر از باتریهای قلمی و درپوش باتری و رم که کمی ازاردهنده است همه چیزش قابل قبوله (با توجه به قیمت),1,3,train
9743,در نهایت، با توجه به سیستم عامل بروز این گوشی و قدرت مناسب سخت افزاری، می‌توانید از هزاران برنامه کاربردی موجود برای اندروید استفاده نمایید.,1,3,train
4590,من خودم گوشی روبه اندروید4 اپدیت کردم واقعا با حال شده بعضی از برنامه ها روی اندروید 2.3 جواب نمی داد ولی الان همه ی برنامه هارو ساپورت می کنه و واقعا ازش راضیم فقط یه مشکل داره اونم صداش خیلی کمه من خودم قبلا HD7داشتم که در کیفیت صدا این دو تا رو نمیشه باهم مقایسه کرد در هذفری صدا واقعا زیاد میشه ولی اگه میتونین با این مشکل کنار بیاین توخریدنش شک نکنین حتما بخرین!,1,3,train
12014,البته در تست هایی که از خود گوشی گرفته شده از قبیل an tu tu benchmark 3.0.3 کارایی این دستگاه معادل کارایی sumsung galaxy nexus می باشد(6600) و از کارایی بسیاری از htc های موجود در بازار از قبیل desire sv و .,1,3,train
11948,زیاد باریک باریک نیست ولی 11.4 مناسب این گوشی هست و توی دست خوش دست به نظر می رسه.,1,3,train
7367,البته در پخش ویدیوهای HD و Full HD نیز که آن را تست کردیم به مشکل خاصی برنخوردیم.,1,3,train
7321,• طراحی و ساختاز طراحی سری 3 شروع می‌کنیم که همان‌طوری که گفتیم، به هیچ عنوان ظاهر لپ‌تاپ‌های ارزان قیمت را ندارند.,1,3,train
3214,در کل کار باش لذت بخشه شاید یکی دو تا ایراد مثل نداشتن صفحه super amoled full hd کاربر رو مایوس کنه ولی نسبت به قیمتش انتخابه خوبیه / باتشکر,1,3,train
4535,باسلام اکسپریا ری یکی از بهترین گوشی ها در مقایسه با قیمت آن است.,1,3,train
2105,نقد دیگری که به آیفون 5وارد است عدم وجود NFC است، (البته اپل گفته است که این مشکل را با نرم افزار Passbookحل کرده و کاربران برای دریافت و پرداخت پول مشکلی نخواهند داشت؛)و اما سیستم عامل آیفون 5، این گوشی ازiOS6 استفاده می کند که بسیار فراتر از نسخه قبلی خود میباشد مانند استفاده از نقشه های سه بعدی وافزودن زبان به Siriوبسیاری قابلیت جالب دیگر.,1,3,train
3302,با استفاده از فن آوری لرزش فراصوت فیلتر سنسور غبار احتمالی نشسته بر روی آن برطرف می شود.,1,3,train
1801,من این ایفون را از دجی کالا خریدم اسپیکر ایفون 5 خیلی با کیفیت بالا هست که از مدلهای قبلی ایفون یه سر و گردن بالاتر هست در ضمن جالبه که بدونید که ایفون 5 یک اسپیکر دارد سمت راست اسپیکر و سمت چپ فقط میکروفون هست.,1,3,train
994,یکی دیگر از تحولات این دوربین نسبت به مدل پیشین هم عکاسی پیاپی آن بوده است به طوری که این دوربین اکنون توانایی عکاسی پیاپی با سرعت 8 فریم بر ثانیه را دارد و این در حالیست که P7100 تنها می توانست با سرعتی در حد 1.2 فریم بر ثانیه عکاسی کند.,1,3,train
7095,مورد دیگری که به نظر جالب است این است که بر خلاف طراحی دوربین One X که مقداری از بدنه بیرون بود، قاب دوربین این گوشی کاملا هم سطح بدنه است.,1,3,train
11140,موس و کیبورد هم وایرلس و هم سیمی میشه بهش وصل کرد.,1,3,train
1266,فقط یه خورده نمیتونه فیلمای اچ دی رو پخش کنه 5.صداش عالیه هم با هندزفری هم بدون هندزفری(داخل جعبه اش هندزفری نداره) و.,1,3,train
11858,من ار دیجی کالا گرفتم، حافظه 2گیگ هم رو گوشی داره و امکان نگارش فارسی رو هم داره خلاصه من که پشیمون نیستم .,1,3,train
9756,ظاهر آن نیز در نوع خود خاص است و اتفاقا برخلاف بسیاری از دوربین های هم رده لنز آن در قسمت میانی قرار گرفته است.,1,3,train
8737,بدون شک در حال حاضر بهترین گوشی دو سیم کارت موجود در بازار هست.,1,3,train
9055,با استفاده از NFC وقتی این دوربین را به دستگاه های سازگار، مثل گوشی یا تبلت های مجهز به این فن آوری می زنید، (عمل Tapping)، می توانید انتقال فایل های تصویری را با سرعت زیاد و به صورت بیسیم با آن ها به انجام برسانید.,1,3,train
3254,نه خیلی سنگین و نه خیلی سبک.,1,3,train
6854,در ضمن باتریش خیلی هم خوبه!,1,3,train
7023,عالیه من اگه بیاد سریع میخرمش,1,3,train
10951,چون با سیم کارتش میشه مکالمه و اس ام اس زد میگم بهتره.,1,3,train
7068,بهتر از این نمیشه,1,3,train
5273,همچنین به دلیل طراحی مناسب و بافت دار قاب پلاستیکی پشت این دستگاه، امکان لیز خوردن آن از دست بسیار کم است و احساس امنیت خوبی را در حین کار کردن به شما خواهد داد.,1,3,train
11366,فوکوس خودکار در مود استفاده از چشمی بسیار سریع است و در مود Live view هم چندان کند نیست.,1,3,train
8808,در کل، دوربین عملکرد قابل قبولی را در حد یک دوربین 8 مگاپیکسلی ارائه می‌نماید که با توجه به پیشرفت قابل توجه آن نسبت به مدل پیشین یعنی L7، می‌توان این مورد را یکی از مزایای این گوشی دانست.,1,3,train
5562,در آخر از خواننده عزیز کمال تشکر رو دارم و همچنین از دیجی کالا به خاطر محیطی که ایجاد کرده.,1,3,train
7568,شاید نقطه قوت این گوشی سیستم عاملش باشه..,1,3,train
5271,ایسوس هم در زمینه طراحی و ساخت Nexus 7 بسیار خوب و راضی کننده عمل نموده است.,1,3,train
117,دوربین خوبیه عکس های که باهاش گرفتم خیلی خوبه اما در فیلم برداری سوژه رو چند لحظه گم می کنه و بعد از چند ثانیه فوکس می کنه اما در عکس گرفتن می تونم بگم بی نظیره.,1,3,train
1710,اما نباید فراموش کنیم که این نسخه در تمامی برنامه‌ها نسبت به نسخه پیشین پیشرفت‌هایی داشته است.,1,3,train
8269,علاوه بر توانایی فیلم برداری در این رزولوشن، Elph 520 HS می‌تواند با رزولوشن های پایین تر هم فیلم برداری را انجام دهد.,1,3,train
1985,چند روز پیش کمپانی سامسونگ تبلیغ جالبی علیه جدی ترین رقیبش آی فون 5 منتشر کرد تو این تبلیغ تعدادی از امکانات سخت افزاری و نرم افزاری sIII رو با I Phone مقایسه میکنه و تیتر این تبلیغ خیله جالبه که نوشته ( It Doesen`t Take Genius ) که میگه نیازی نیست باهوش باشید تا بتوانید تشخیص دهید یا برای تشخیص هوش زیادی لازم نیست حالا قضاوت با شما,1,3,train
12791,بهتر از هر چیزی که فکرشو بکنی.,1,3,train
10560,با اینکه این گوشی از نظر سخت افزاری خیلی قدرتمند نیست، اما عملکرد مناسبی دارد.,1,3,train
7522,این دستگاه در مقابل قیمتش بی نظیره و شارژدهی فوق العاده ای داره و بسیاری از بازی های روز را با همین گرافیک اینتل می توان انجام داد.,1,3,train
10145,ازش راضیم,1,3,train
12807,در این سری 31 دی وی دی هست و من سفارشم را در آفر سایت خریدم.,1,3,train
9934,البته iOS 5 شاهد بهبودهای کوچک و بزرگی بوده که استفاده از آن را ساده‌تر و لذت بخش‌تر کرده است.,1,3,train
11201,کانن در این دوربین از سنسور تصویر جدیدی استفاده کرده است.,1,3,train
4971,بازی آنلاین در اکس باکس لایو تجربه ی خوبی را در اختیار قرار می دهد.,1,3,train
9278,به هر صورت به نظر می رسد برای مبتدیانی که به کار کردن با نمایشگرهای لمسی گوشی های تلفن همراه و تبلت های خود عادت کرده اند، قرار دادن نمایشگر لمسی بر روی DSLR سطح مبتدی فکر بدی نباشد.,1,3,train
4361,) اما این بار، بسته به رنگ پشت آیپاد جدید، یک بند در جعبه هست که با ظرافت و البته سهولت همیشگی اپل، به پشت اون متصل میشه.,1,3,train
1406,صفحه نمایش این لپ‌تاپ واقعا یک نوآوری و یک جهش بزرگ در صفحات نمایش لپ‌تاپ‌ها محسوب می‌شود و به هیچ وجه قابل مقایسه با صفحات نمایش لپ‌تاپ‌های دیگر موجود در بازار مثل لپ‌تاپ‌های ASUS، Acer، HP و یا Dell نیست.,1,3,train
1831,، با احترام به نظر دوستمون باید بگم شما اگه فقط یه هفته با این سیستم عامل کار کنید واقعا عاشق کار با این سیستم عامل می شوید.,1,3,train
3408,در مورد الباقی قابلیتهای ان نظیر دوربین و فیلمبرداری و این حرفها هم همین بس که بگویم تا به امروز امکان نداشته دوستی فیلمها و عکسهای من را دیده باشد و برایش باورکردنی باشد چنین کیفیتی.,1,3,train
4600,ray از نظر سیستم عامل و اجرای نرم افزارها واقعا خوبه.,1,3,train
6362,چه با آن به تماشای فیلم بنشینید و چه به مرورگری وب بپردازید نمایشگر 4.3 اینچی Galaxy S II شما را به این فکر می‌اندازد که احتمالا بهترین نمایشگر موجود بر روی تلفن‌های همراه در این حد قیمت را در اختیار دارید.,1,3,train
4580,"سلام دوستان من این گوشی رو تازه خریدم امروز دقیقا 6 روزه و تو این مدت مشکلی باهاش نداشتم,خیلی گوشی خوبیه و به نظر من تو این قیمت یه سر و گردن بالاتره.",1,3,train
6504,در ضمن میتونین به عنوان هارد دیسک اینترنال هم ازش استفاده کنین!,1,3,train
6884,میشه با بهینه سازی سخت افزاری و نرم افزاری مصرف رو کاهش داد.,1,3,train
1691,اولین بهبود iOS 6 در همگام سازی مطالب با Facebook می‌باشد.,1,3,train
4190,واقعا نسبت به قیمتش خیلی ارزش خرید داره.,1,3,train
12752,این گوشی از بدنه ای پلاستیکی ولی مستحکم بهره می‌برد.,1,3,train
10682,بر خلاف Xperia T باطریش توسط کاربر قابل تعویض هست.,1,3,train
4232,سلام به همگی این گوشی رو من 2 روزه گرفتم نسبت به امکانات و مشخصاتی که داره گوشی خوبیه با این قیمت و امکانات یک گوشی از LG هستش که گرونتره .,1,3,train
7473,این دوربین به راحتی در جیب ژاکت و یا کیف دستی شما جای می‌گیرد.,1,3,train
4459,با این تراکم پیکسلی بالا، تصاویر تولید شده توسط صفحه نمایش ray از دقت بسیار بالایی برخوردار خواهند بود.,1,3,train
12089,تبلت خوبیه وباهاش مشکلی ندارم,1,3,train
5475,11- دوربین 8 مگا پیکسلش، میشه گفت خیلی خوبه و قابلیت‌های متنوعی داره، اما باز هم به دوربین های سونی نمیرسه.,1,3,train
3532,صفحات روان باز شده، حرکت دادن و زوم کردن در صفحات بدون کوچک‌ترین مشکل یا کاهش سرعتی بوده و بطور کامل از فلش پشتیبانی می‌شود.,1,3,train
6690,اما در شرایط تاریک تر، دوربین سعی می‌کند که از غلظت رنگ کم کند تا بر شفافیت و شارپنس افزوده شود و نتیجه هم ویدیویی واقعا با کیفیت خواهد بود هرچند که گویی سیاه و سفید است.,1,3,train
5709,مقاومت آن در برابر جذب اثر انگشت و کثیف شدگی از استاندارد گوشی های هم رده بالاتر است.,1,3,train
700,من این لپ تاپ رو خریدم و ازش هم راضیم.,1,3,train
1770,من قبل از این که این گوشی را بخرم بیشتر به دنبال galaxy s3 بودم ولی الان واقعا نظرم تغییر کرد و واقعا عاشق این گوشی شدم !,1,3,train
491,دوربین و کیفیت صدا در حد خوبی بود و همون قدری بود که انتظار داشتم و اما ..,1,3,train
1078,تو آبم هیچ مشکلی براش پیش نمی یاد,1,3,train
13009,در بالای GZ-HD3 نیز میکروفون استریو، کفشک برای لوازم جانبی احتمالی، کلید زوم واید/ تله و دکمه مخصوص عکاسی فوری در نظر گرفته شده است.,1,3,train
992,"باز هم طبق روال، این دوربین دارای همه ی مودهای عکاسی از مود کاملا اتوماتیک خودکار هوشمند گرفته تا مودهای دستی P,A,S,M را دارا می باشد.",1,3,train
10297,شخصا به تمام کسانی که دنبال یک گوشی Android نسبتا قوی و در عین حال با قیمت مناسب می گردند، این گوشی را پیشنهاد می کنم.,1,3,train
3970,برنامه play memories home & online بسیار پر کاربرده که به شما اجازه میده هرجایی که هستین از طریق گوشی های آندروید یا آپل خودتون عکس ها و فیلم برداری هایی که با دوربین انجام دادینو به راحتی آپلود کنید و ببینید !,1,3,train
3287,در حقیقت کمتر لپ‌تاپی در این بازه قیمتی وجود دارد که چنین کیفیتی را ارائه می‌دهد.,1,3,train
9446,اما یکی از ویژگی‌های بسیار مثبت Neo L، در امکان مکالمه تصویری به واسطه دوربین دوم نصب شده در جلوی گوشی می‌باشد.,1,3,train
6526,طراحی و ساخت از نظر طراحی و کیفیت ساخت، می‌توان گفت که هواوی در مورد این تبلت سنگ تمام گذاشته است.,1,3,train
10415,هر دو در حالت واید 24 میلی متر میدان دید کاملا گسترده‌ای را پوشش می‌دهند که برای ثبت مناظر و چشم اندازهای بزرگ مناسب است.,1,3,train
2018,بالاخره معجزه اپل رونمایی شد اما جای استیو جابز خالی.,1,3,train
11399,سلام در خصوص صفحه نمایش به نظرم بسیار گوشی خوبی هست و هرگونه ایراد در این بخش رو رد می کنم .,1,3,train
8697,چند روزی هست که این گوشی رو گرفتم باتوجه به قیمتش فوق العادس خریدش رو به دوستان توصیه میکنم,1,3,train
7291,"ولی این بار Ixus 510 HS مجهز به نمایشگر 3.2 اینچی عریض لمسی با کیفیت 460,000 پیکسل شده است که در عین ارایه‌ی کیفیت بسیار بالا، امکانات لمسی خیلی خوبی را هم فراهم می‌کند.",1,3,train
12018,از همه نظر بین گوشی های هم رده عالیه.,1,3,train
2442,این دو دوربین از نظر ظاهری نیز تفاوت هایی با یکدیگر دارند و در کل W630 کمی جمع و جورتر است.,1,3,train
4501,من که ازش خیلی راضیم و بازی هایhd را به راحتی اجرا میکنه,1,3,train
2458,دوربین مورد نظر را خریداری کرده ام فیلمبرداری با کیفیت فقط شارژ باتری اجازه فیلمبرداری با زمان بالاتر را نمیده.,1,3,train
12537,در زیر نور آفتاب کاملا شفاف می‌باشد و بهتر از این پیدا نخواهید کرد.,1,3,train
6083,"ویژگیش اینه که هم گارانتی شرکتی داره , هم تونرش بیشتر چاپ می زته , هم روی تونرش یه پیچ داره که می تونی بازش کنی خودت توش پودر بریزی .",1,3,train
9074,در کل غیر از این دو مورد اشکالی دیگه نداره و گوشیه خوبیه.,1,3,train
7685,من که ازش راضیم,1,3,train
10925,ایرانسل هم بد نیست.,1,3,train
5413,ال جی با قرار دادن 3 تگ NFC در داخل جعبه این گوشی، امکان شخصی سازی آن‌ها را به کاربران داده است.,1,3,train
8825,خودم از دیجی کالا خریدمش بسیار باکیفیت به دستم رسید,1,3,train
2916,قسمت اصلی نرم افزاری که لازم است به آن اشاره کنیم، مرورگر اینترنتی Transformer Pad Infinity است که واقعا یک مرورگر اینترنتی بی نقص است.,1,3,train
10251,تو گوشی های رده متوسط با توجه به این که آپدیت آندروید 4 هم قراره براش بیاد و با این قیمت بهترین انتخابه شک نکنید.,1,3,train
5788,درسته که با این قیمت میتونید یه LG 4X HD با پردازنده تگرا 3 بخرید ولی رابط کاربری LG به پای SAMSUNG نخواهد رسید و این گوشی یقینا از 4X HD هوشمند‌تره ( با توجه به امکاناتی مثل : smart stay و تمام قابلیت های Galaxy SIII به جز S Voice که وقتی به جیلی بین آپدیت کنید به Galaxy S II هم اضافه میشه),1,3,train
6506,اگر پرفرمنس قطعه براتون اهمیت داره آینده نگری میکنین سیگت انتخاب بهتر و بروز تریه!,1,3,train
2094,اگر از آن خسته شدید میتوانید عوضش کنید و یک گوشی با قطعات بهتر بخرید.,1,3,train
4795,که البته برای تولید کنندهای دوربین جای مناسبی است.,1,3,train
521,به علاوه آنقدر در مصرف برق صرفه جو می باشد که می توان آن را به راحتی با یک لپ تاپ استفاده کرد.,1,3,train
5702,کاور پشتی گوشی دارای طرح برجسته‌ای می‌باشد و در هنگام لمس کردن احساس خوبی به شما می‌دهد.,1,3,train
6357,برای توصیف نمایشگر 4.3 اینچی Galaxy S II از هیچ کلمه‌ای کمتر از شگفت انگیز نمی‌توانیم استفاده کنیم.,1,3,train
8572,به نظر من با این قیمت گوشی خیلی خوب و با کیفیتیه .,1,3,train
6943,یکی از بهترین صفحه نمایش هایی که از نظر غلظت رنگ و رزولوشن داره.,1,3,train
12045,من مدل 2 سیمکارتشو گرفتم، اوایل خوب کار میکرد، ولی بعد 2 هفته آنتن دهیش خیلی ضعیف شده، بعضی جاها داخل شهرا آنتن میده، ولی انصافا از جهات دیگه مشکلی نداره,1,3,train
8386,در عوضش زومش 50 ست، قابلیت RAW داره، سایز صفحه نمایش و دقتش بالا رفته.,1,3,train
9251,بنابراین وقتی که دوربین در هنگام فیلم برداری بر روی یک سوژه فوکوس می کند و سوژه مکان و فاصله ی خود را تغییر می دهد، دیگر شاهد تار شدن کامل تصویر و سپس دوباره فوکوس شدن نخواهیم بود، بلکه فن آوری جدید می تواند خیلی سریع فاصله ی جدید را تشخیص دهد و فوکوس را نزدیک کند.,1,3,train
8348,من این دوربینو اصلا با nikon d3200 عوض نمیکنم چون دوباره باید برhش یه لنز دور بردی بگیری که اون هم هزینه میبره ولی با این دوربین میتوانید 50برابر زوم کنید.,1,3,train
8949,این بار باید بگوییم که خوشبختانه استفاده از زوم کامل 14X اپتیکال در موقع فیلم‌برداری مقدور می‌باشد.,1,3,train
1140,درباره سرعت این هارد باید بگم که بی تردید در حدی که در تبلیغات اومده نیست ولی سرعتش حتی از تبلیغات خیلی از شرکتهای دیگه بالاتره.,1,3,train
3213,دوستان کار کردن با تب2 خیلی راحته نسبت به تب 6200 کمی راحت تره تو دست کار باش دلنشینه و نکته مهم تو تکنولوژی جدیدشه سخت افزارش خیلی بهتر شده و نسبت به پی1000 میشه گفت محشره نکته آزار دهندش هنگ کردنشه که به طور مداومه مثل تبه پلاس کمی گرما تو قسمت راستش زیاده تو اینترنت و سرعتش واقعا تکه بسیار سریع و بی نقص نسبت به دو مدل قبلی بدنه محکمی داره جالب اینه که نه تو پکش خبری از نرم افزار هست نه هند فری کیفیت صفحش خوبه و زاویه دیده بالایی داره کیفیتش با تب پلاس تقریبا یکیه شاید یکم رنگهاش زنده تر باشن از نظره برنامه کلا سامسونگ ضعیف کار کرده تو مدل اول پی 1000 بهتر بود در کل باید بگم نسبت به قیمتش خدماته خوبی داده کلا کیفیت این دستگاه بالاتره تا هر دو تب 7 اینچ قبل نداشتن فلش و دوربین ضعیف دلتونو نزنه چون یکم با تبلت کار کنید میبینید دوربینه خیلی با کیفیت و داشتن فلاش واجب نیست و در کل نیازی بش احساس نمیشه این تب با انروید 4 واقعا با ارزشه همه برنامه ها باش به راحتی انجام میشه نداشتن قدرت بیشتر مثل تب پی6200 پلاس نگرانتون نکنه چون اصلا هیچ تاثیره منفی تو کاراش نداره دوربین جلوییش هم تا دو مدل قبلی ضعیف تر شده ولی مطمعن باشید هیچ کاری بی حکمت نیست و واقعا نیازی نداره که سامسونگ براش تعبیه ندیده.,1,3,train
5306,ضمنا، با امکان نصب برنامه های مختلف مانند Adobe Reader، می توان فایل های متنی و PDF را نیز به راحتی بر روی این تبلت اجرا نمود.,1,3,train
10034,ضخامت این دستگاه تنها در حدود 20 میلیمتر می باشد که برای یک نوت بوک، فوق العادست!,1,3,train
6245,بنظرم گوشی زیبا و خوبی میباشد من هنوز نخریدم ولی یکی از دوستانم خرید کرده و من خیلی ازش خوشم آمده است از نظر امکانات عالی هست و من فکر کنم در آینده ای نزدیک هم خودم بخرم ممنونم از سایت شما,1,3,train
4136,سلام چند روزیه این گوشی رو خریدم از گرگان تاچش عالیه، قیمت خوب در برابر امکاناتی که داره، اما باتری خوبی نداره دوربینشم راضی کننده نیست ولی خوبه در کل راضی هستم و با این قیمت گوشی در این حد پیدا نمیکنید,1,3,train
12928,گوشی خوبی به نظر میرسه قیافشم من مپسندم.,1,3,train
73,وقتی دوربین را با یک دست نگه داشته‌اید، انگشت شست دست راست شما به راحتی می‌تواند به بیشتر کنترل‌های مهم دسترسی پیدا کند.,1,3,train
4704,حرف آخر مثل نظر تمامی دوستان ری در این رنج قیمت بهترین انتخاب هست.,1,3,train
4131,این بدان جهت است که نوکیا Asha 200 از 2 مدل بسیار خوب نوکیا یعنی گوشی X2-01 با رابط کاربری سری 40 و صفحه کلید QWERTY بهره می برد و همچنین قابلیت 2 سیم کارته بودن نیز به آن اضافه شده است و از این جهت گفته می شود که این گوشی 2 گوشی در داخل یک گوشی است.,1,3,train
2766,به همه این‌ها، پشتیبانی آن از سیم کارت را نیز بی افزایید تا متوجه ارزشمندی این تبلت شوید.,1,3,train
7419,با سلام باطری 4 سلولی این مدل از جنس پلیمر لیتیوم است و طبق معرفی سایتهای معتبر تا 7 الی 8 ساعت شارژ نگه می دارد.,1,3,train
4415,دوربین این تبلت یک دوربین 5 مگاپیکسلی خوب است.,1,3,train
10271,این گوشی نسبت به جیو غیر‌قابل‌مقایسه هستش.,1,3,train
10945,واقعا که عالیه فقط پردازندش نسبت به مدلش کمی کمه,1,3,train
3456,اسکنر این دستگاه نیز همانند چاپگر آن از کیفیت و عملکرد مناسبی برخوردار است.,1,3,train
9060,این نمایشگر به شما اجازه می دهد که به راحتی بتوانید از امکانات هوشمند و اتصالاتی این دوربین بهره ببرید.,1,3,train
6971,تراکم 441ppi نشان دهنده اینه که از کیفیت تصویر فوق العاده بالایی برخورداره حتی از نوکیا لومیا 920 که 325ppi تراکم پیکسلشه,1,3,train
12366,"با وجود مجهز بودن به مودهای عکاسی P,A,S,M ولی باز هم TZ-18 از نظر کنترل‌ها خیلی پیچیده نیست.",1,3,train
6738,به روز رسانی: در حساسیت 100 و تماشای عکس ها در سایز و فاصله ی معمولی عملکرد نویز این دوربین به نظر خوب می آید.,1,3,train
6811,حسگر GSP-X7 دارای تکنولوژی حسگر جاذبه (Gravity) می‌باشد که با قابلیت چرخش در چهار جهت هنگام چرخش دستگاه، جذابیت بالایی هنگام کار با تبلت را ایجاد می‌کند.,1,3,train
9593,به نظر من با توجه به گوشی های امروزی تنها نقصش صفحه نمایش اونه که یکم نسبت به بقیه کوچیکه ولی با این حال خوبه.,1,3,train
10979,امکانات بسیار جالب و کاربردی داره.,1,3,train
1224,تعدادی برنامه نیز به صورت پیش فرض بر روی پدفون قرار دارد که البته با وجود نرم افزار به روز و سخت افزار قدرتمند، کاربر می‌تواند بدون محدودیت از هزاران برنامه‌ی موجود برای سیستم عامل اندروید استفاده نماید.,1,3,train
538,بنابراین هرکدام از این امور را می توانید به آسانی و فقط با فشردن یک دکمه انجام دهید.,1,3,train
872,- به هرحال، اگه یه گوشی دو سیمکارته با آندروید به روز و سخت افزار قدرتمند، به همراه دوربین نسبتا عالی و صفحه نمایش بزرگ میخواهید و از باتری توقع بالایی ندارید و درضمن وزن و ضخامتش رو به مزایاش می بخشید، HTC Desire SV را جزء برترین انتخاب های خود بدانید.,1,3,train
10219,بهترین گوشیه.,1,3,train
12269,-کیفیت فیلم برداریش خیلی خوبه و همچنین کیفیت صدا.,1,3,train
9152,به علاوه 25 گیگابایت حافظه مجازی از طریق برنامه Dropbox به رایگان در اختیار کاربر قرار می‌گیرد.,1,3,train
8115,من این گوشیو دارم و هرکس نخره اشتباه کرده,1,3,train
2449,با اینکه لنز آن به جای توانایی زوم 6 برابر، توانایی زوم 5 برابر را دارد، ولی کمینه‌ی نسبت کانونی لنز W630 در حالت واید فقط f/2.6 می‌باشد که برای عکاسی در شرایط نوری ضعیف عالیست.,1,3,train
11945,اندروید 4.04 که امیدواریم به نسخه های بالاتر اپدیت بشه .,1,3,train
9367,اگه میخواید گوشی بخرید این گوشی رو بخرید قول میدم این گوشی راضیتون میکنه.,1,3,train
7075,البته مادامی که استفاده نکرده باشین نمیتونین نظر بدین .,1,3,train
6797,این زمان ها نسبت به مدل LiDE 210 بسیار کوتاه تر می باشد.,1,3,train
11122,این نسخه از فتوشاپ با قابلیت انجام اکثر وظایف فتوشاپ ویندوزی، به شما امکان استفاده از قلم در محیط فتوشاپ را هم می‌دهد.,1,3,train
6565,سیستم عامل نیز در این زمینه هیچ مانعی برای لذت بردن از گشت و گذار در دنیای اینترنت ایجاد نمی‌نماید.,1,3,train
3620,اما تفاوت‌هایی هم با تبلت های موجود در بازار که اکثرا از یک صفحه نمایش و یک بدنه پلاستیکی تشکیل شده‌اند، دارد که باعث می‌گردد در کل، نوع ساخت آن بسیار جذاب به نظر رسد.,1,3,train
2471,از نظر ظاهری هم خوبه,1,3,train
2892,این کیبورد علاوه بر تایپ کردن سریع، به کاربران این امکان را می‌دهد که به یک سری از قابلیت‌های دستگاه مانند بلوتوث و Wi-Fi نیز به سرعت دسترسی پیدا کنند.,1,3,train
4538,از نظر من باتری اکسپریا ری در حد میانگین و شاید کمی رو به بالا کاربرد خوبی دارد.,1,3,train
2496,تاچ پد نیز چندان بزرگ نیست، ولی حساس ساخته شده است.,1,3,train
1249,سلام دوستان عزیز این گوشی 2ماه هست که به بازار دنیا اومده-درجه 1 هست,1,3,train
6464,پر سرعت,1,3,train
6867,بر اساس تست های بنجمارک میتوان گفت قدرتمندترین گوشی اندرویدیست .,1,3,train
4438,هیچ تلوزیونی مثل پلاسما نمیشه.,1,3,train
10691,به نظر من sony آینده خوبی در ساخت گوشی دارد.,1,3,train
10935,چون توی همه بنچمارک ها از تبلت های هم رده خودش مثل Ipad New به شدت جلو هست.,1,3,train
6102,این دستگاه برای استفاده در فروشگاهها و موئسسات خصوصی و ادارات گزینه مناسبی بنظر میرسد .,1,3,train
11595,این دوربین هرچند که ابعاد نسبتا جمع و جوری دارد، ولی مجهز به دستگیره ای کاملا بزرگ می‌باشد که ارگونومی در دست گیری دوربین را تا حد زیادی شبیه به دوربین‌های DSLR می‌کند.,1,3,train
5715,برای توصیف نمایشگر 4.3 اینچی Galaxy S II از هیچ کلمه‌ای کمتر از شگفت‌انگیز نمی‌توانیم استفاده کنیم.,1,3,train
8246,صداش ضعیفه ولی در کل نسبت به قیمتش گوشی خوبیه,1,3,train
3852,طراحیش هم حرفه‌ایه .,1,3,train
11890,بنابراین بدون اینکه نیاز به ورود کوچک‌ترین فشاری به سطح نمایشگر باشد، تنها با یک لمس ساده می‌توانید با آن کار کنید و لذت ببرید.,1,3,train
2923,با اینکه این میزان از آی پد نسل سوم کمتر است، ولی شارژ دهی خیلی خوبیست و از متوسط تبلت های بازار، بالاتر است.,1,3,train
9313,صدایی که 650D تولید می کند یک صدای خفه است، بیشتر شبیه به DSLR های نیکون و DSLR های سطح بالاتر خود کانن.,1,3,train
2475,تمام قسمت پشتی درب و قسمت درونی از پلاستیک ساخته شده ولی قسمت استراحت مچ از فلز آلومینیوم ساخته شده است تا با اینکه لپ‌تاپی در سطح کاربری عام و رده‌ی کاربری عام است، کیفیتی بالاتر از رقبای هم سطح خود را ارائه دهد.,1,3,train
4649,در کل اگر قصد خرید گوشی تا قیمت 400 تومن رو دارید در خرید این گوشی شک نکنید.,1,3,train
7638,ال جی قدرت خودشو ثابت کرد و با تولید 2 گوشی جدید با نام های optimus g و nexus g میتونه گوی سبقت رو از سامسونگ بگیره.,1,3,train
3139,از همه لحاظ تبلت خوبیه نسبت به قیمتش.,1,3,train
3415,من عاشق نرمی و زیبایی رابط کاربری ویندوزم.,1,3,train
11015,به نظر من این حتی از infinity هم بهتره,1,3,train
6309,باتری هم با توجه به دوسیم بودن و مصرف بالاتر نسبت به گوشیهای دیگر مصرف منطقی داره و 1.5 روز دوام میاره .,1,3,train
12345,زوم 5 برابر هم برای عکاسی پرتره مناسب می‌باشد.,1,3,train
4553,این گوشی سرعت پردازنده ی مناسبی دارد!,1,3,train
6144,تنها دستگاه دیجیتالی که هیچوقت از خریدنش ناراضی نشدم.,1,3,train
11880,Xperia Mini از GPS داخلی برای تعیین موقعیت در هر جای کره‌ی زمین که باشید بهره می‌برد.,1,3,train
2849,همچنین وجود یک گیگابایت حافظه رم در کنار ین پردازنده، باعث عملکرد روان‌تر گوشی خواهد شد.,1,3,train
6905,11:07 ساعت مکالمه 6:40 ساعت وب گردی و 7:30 ساعت پخش فیلم اصلا کم نیست.,1,3,train
1287,گوشیه مناسب و خوش دستیه و مهمتر اینکه هر دو سیمکارتش همزمان فعال هست.,1,3,train
10831,در یک کلام عالیه ولی به نوت 2 نمیرسه,1,3,train
1339,من خریدمش!,1,3,train
12355,به هر صورت همانطور که گفتیم، WX50 دوربینی کامپکت با امکانات بسیار خوب و پیشرفته است که می‌تواند مورد استفاده‌ی کاربرانی که به این نوع دوربین‌ها علاقه دارند قرار گیرد.,1,3,train
10314,کیفیت صداش خوبه .,1,3,train
10106,زمان اسکن چندان طولانی نیست و یک صفحه ی A4 سیاه و سفید را می تواند در عرض 19 ثانیه اسکن کند.,1,3,train
8942,این را هم به حساب ویژگی‌های کاربر دوستانه‌ی این دوربین بگذارید و در کل کاربردهای زیادی می‌تواند داشته باشد.,1,3,train
4636,کاملا ضد خش .,1,3,train
4499,گوشی واقعا خوش دست و شیکی هستش و سرعتش هم عالیه  اگه به اندروید 4 آپ نکنید بهتره، چون گوشی تو منو سرعتش پائین میاد و دلتون رو میزنه,1,3,train
9353,از نظر من این گوشی حرف نداره_فقط باطریش کم کار میکنه,1,3,train
5901,در ضمن سامسونگ در لیست محصولات آپدیت به اندروید4.1.1 قرار داده و این مشکل به کلی حل میشه ضمنا با قابلیت های تازه افزوده شده گوگل به اندروید تازه و همچنین بهینه شدن تاچ ویز دیگه هنگام روشن کردن این گوشی باید انتظار سرعت فوق‌العاده ای ازش داشته باشید.,1,3,train
5646,از مزایای آن هم می توان به فتوکپی مستقیم با دکمه ی تعبیه شده در جلوی بدنه ان اشاره کرد که من انتظار آن را نداشتم,1,3,train
399,در کل همان‌طور که گفتیم، Ixus 240 HS هم دوربین دیگری از سری کوچک و استایلیش کانن است که همانند برادران خود برای کاربرانی که به دوربین‌های کوچک و با کیفیت برای عکاسی‌های روزانه احتیاج دارند ساخته شده است.,1,3,train
8699,3 روزه دارمش راضیم ازش.,1,3,train
2903,به علاوه صدای بیس تولید شده نیز کاملا رضایت بخش می‌باشد و مسلما دوست داران گوش کردن به موسیقی و تماشای فیلم از کیفیت صوتی این تبلت راضی خواهند بود.,1,3,train
12744,بهتر از آن یک دوربین 8 مگاپیکسلی با فلاش LED است که در قسمت پشت گوشی قرار گرفته.,1,3,train
11999,رادیو هم داره.,1,3,train
11857,از لحاظ پخش فایل های تصویری هم با نصب برنامه video player تمام فرمتهای تصویری رو هم میتونه بخونه .,1,3,train
3645,با اینکه در کل عملکرد صفحه نمایش آیپد جدید در بین تبلت ها هنوز هم برترین است، اما به واقع در یک نگاه کلی به هر دو آن‌ها، باید بگوییم که عملکرد صفحه نمایش Surface هم بسیار خوب است و حتی نسبت تصویر آن که 16:9 است در مقایسه با نسبت 4:3 آیپد، ابعاد بزرگ‌تری از تصاویر را نمایش می‌دهد.,1,3,train
11077,و مهمتر از همه (((یه دفترچه یادداشت به تمام معنا))) به این میگن یه تبلت حسابی.,1,3,train
1350,ضخامت دستگاه تنها 18 میلی‌متر است که نسبت به مدل قبلی 25 درصد باریک‌تر شده است.,1,3,train
4546,نقاط قوت:1) ابعاد مناسب این گوشی هم صفحه نمایش بزرگی رو فراهم میاره و هم بسیار ظریف و سبکه.,1,3,train
12948,نرم افزاراین گوشی از سیستم عامل جاوا پشتیبانی می‌کند، همچنین با دارا بودن امکان مرورگری وب توسط GPRS و Edge، امکان گشت و گذار در اینترنت برای شما میسر است.,1,3,train
9090,قابلیت های خوب: ارگونومی خوب - وزن سبک - اندروید 4 - بهترین گوشی 2 سیمکارته موجود اگه زیاد با این گوشی game بازی کنید گرم میشه که 5 دقیقه ای خنک میشه اگه کار نکنید نقاط ضعف: اگه برنامه های در حال اجرا زیاد باشه هنگ میکنه که این رو میشه حل کرد و اینکه برنامه ها و بازی موجود در رم داخلی رو به رم ای که خریدید انتقال بدید و اینکه زبان فارسی نداره میتونید با یک فارسی ساز دانلود کنید در کل با توجه به پولی که میدید گوشیه خوبیه,1,3,train
3218,سلام من قبلا p1000 داشتم از اون خیلی راضی بودم نسبت به زمان تولیدش کارایی خوبی داشتاین p3100 چند وقتی هست خریدم اگه از سیم کارت رایتل استفاده بکنید اینترنتش حرف نداره و همچنین پخش تصویرش خیلی کیفیت بالایی داره مخصوصا کلیپ های HD سرعت بالایی داره فقط موقعی که ازش استفاده نمیکنید بخاطر مصرف باطری برنامه های باز رو ببندید دوربینش فقط تو شب کارایی نداره ولی تو روز عکسهای خوبی میتونید بگیرید یه مشکله دیگه ای که میتونید باهاش پیدا کنید کیف ضربه گیرشه که امکان داره خوب جفت و جورش نباشه ولی یه مدل که من این آخری گرفتم فیت تبلت مارکش OZAKI هست.,1,3,train
7987,یک قدم مانده تا یک دوربین کاملا حرفه ای با توجه به قیمتش انتخاب مناسبی برای اونایی که می خوان حرفه ای بشن در عکاسی,1,3,train
695,کلا این مدل نوت بوک 2 ماهه اومده، من که دارم هیچ گونه مشکلی نداره.,1,3,train
4676,منم حدود دو ماهی هست که دارم ازش استفاده می کنم، در کل از خرید این گوشی راضی هستم.,1,3,train
256,دوربینشم متوسطه ولی بدم نیست.,1,3,train
174,دوربین 12 مگاپیکسلی با فوکوس خودکار و سنسور Exmor R و قابلیت فیلمبرداری Full HD 1080p، دوربین مکالمه تلفنی و امکانات ارتباطی متنوع که همه اینها توسط پردازنده قدرتمند دو هسته ای Snapdragon با فرکانس 1.5 گیگاهرتز تغذیه می شوند.,1,3,train
6043,پرینتر خوبیه,1,3,train
4198,ولی بازم جای امید است که با یک کم دستکاری در تنظیمات گوشی می‌توانید عکسهای بهتری بگیرید مثلا خود من برای اینکه عکسهای واضح‌تری داشته باشم iso را روی 800 قرار دادم و روشنایی عکسها را یک درجه زیاد کردم که اینجوری وضوح عکسها زیادتر شد .,1,3,train
12077,از لحاظ کیفیت عالی است,1,3,train
8499,نمایشگر لمسی HS900 اکنون کاملا بزرگتر، پاسخگو تر، روان تر و شفاف تر است.,1,3,train
8730,اما بقیه امکانات نسل سوم رو داره.,1,3,train
906,نخستین تغییر را می توان مقداری در ظاهر و ابعاد مشاهده کرد که به نظر ما خوب بوده و اکنون P520 دوربین خوش‌دست‌تری شده، دوم اینکه اکنون P520 دارای نمایشگر چرخنده‌ی کارآمدتری است که می تواند به هر سو چرخش کند.,1,3,train
9424,ضمنا یک رم Micro SD دو گیگ هم همراه خود گوشی بود.,1,3,train
11407,اما عکس برداری 360 درجه ای که داره واقعا خاص هست .,1,3,train
8680,وسوسه انگیزه,1,3,train
6207,همان طور که گفتیم بر خلاف SuperAMOLED های موجود بر روی گوشی‌های سطح بالای سامسونگ، این صفحه نمایش پنل LCD دارد که البته با این حال در زوایای مختلف عملکرد خوبی را از خود به جای می‌گذارد.,1,3,train
6982,فقط مشکل اساسیش باتریه.,1,3,train
10343,همچنین این گوشی از قابلیت xLOUD نیز بهره می‌برد که به افزایش صدای موسیقی به خصوص صدای باس، کمک فراوانی می‌کند.,1,3,train
6365,در Galaxy S II و اینک Galaxy S II Plus برنامه‌ای وجود دارد که از طریق آن می‌توانید غلظت رنگ نمایشگر را به صورت دلخواه تنظیم کنید.,1,3,train
8193,با این حال اکنون قابلیت عکاسی پیاپی با سرعت 3 فریم بر ثانیه و عکاسی تایم لپس با فواصل زمانی مختلف را پیدا کرده است.,1,3,train
7310,به جز آن، عملکرد این دوربین را خیلی دوست داریم و عکس های تولید شده توسط آن برای استفاده های روزمره شارپنس و رنگ خیلی خوبی دارند.,1,3,train
7592,به نظر می‌رسد موفقیت گوشی Galaxy S برای سامسونگ آنقدر شیرین بوده است که این کمپانی کره ای از تولید و عرضه ان گوشی با مشخصات و ابعاد مختلف خسته نمی‌شود.,1,3,train
3008,ولی خوب دوربین اینفینیتی یه مقدار بهتر بود.,1,3,train
2752,مرورگر موجود بر روی این دستگاه مرورگر استاندارد گوگل است که قابلیت پشتیبانی از فایل‌های فلش را نیز داراست.,1,3,train
10224,بد چیزی هم نیست .,1,3,train
982,هرچند که این لنز همان فاصله ی کانونی 28-200 میلی متر را پوشش می دهد و بزرگنمایی در حد 7 برابر را می تواند ایجاد کند، با این حال این لنز از لنزی که بر روی دو مدل قبلی وجود داشت کاملا سریع تر است.,1,3,train
7690,برای اپلی ها انتخاب مناسبیه.,1,3,train
13028,روی هم رفته می‌توان گفت دوربین فیلم‌برداری JVC مدل GZ-HD3 دوربین با کیفیتی است که از کار با آن راضی خواهید بود.,1,3,train
1316,پردازندشم خیلی مناسب و کم مصرفه با اینکهcortexA5 قدیمیه اما با این قیمت جایی برای اعتراض نمیذاره,1,3,train
6168,میتونین با استفاده از کلام، منوهای سیستم رو جابجا کنین یا خاموش کنین که احساس خیلی پیشرفته ای به آدم میده (داشتن کینکت الزامیست).,1,3,train
1656,اما این صفحه نمایش در iPhone 5 مجددا پیشرفت نموده و بهتر شده است.,1,3,train
6325,چون با امکانات کمتر و قاعدتا قیمت کمتر باعث میشه کسایی که گوشیه سایز بزرگ دوست دارند این گوشی رو با قیمت کمتر نسبت به سایر گوشی ها خریداری کنند,1,3,train
8603,کیفیت عکسشم قابل قبوله.,1,3,train
8164,مرورگر این گوشی از چندین تب مختلف پشتیبانی کرده و همچنین سازگاری با تکنولوژی Flash امکان نمایش ویدیو های آنلاین را فراهم می‌آورد.,1,3,train
2644,دوربین بدون آینه با لنز قابل تعویض X-Pro1، که به جرئت نخستین دوربین در کلاس خود می‌باشد که کاملا برای حرفه ای‌ها ساخته شده است.,1,3,train
8293,گوشیه بسیار خوبی هستش، فقط تنها مشکلش حافظه کمیه که داره که مدل32gig هم موجوده که از همین سایت میتونین تهیه کنین در خریدش شک نکنین,1,3,train
5854,بر خلاف نظرات دوستان معتقدم که هیچ ضعفی در s2 نیست.,1,3,train
2759,در حقیقت می‌توان به جرات گفت که کمتر تبلتی در بازار وجود که دوربینی به خوبی دوربینStylistic داشته باشد.,1,3,train
7357,این نسبتا خوب است چرا که رقیبی چون Lenovo B570 میانگین روشنایی پایین‌تری دارد.,1,3,train
2253,ولی در کل ارزش خریدشو داره.,1,3,train
4394,در سمت راست تبلت، کلید پاور و کلیدهای کم و زیاد کردن صدا قرار دارند که به زیبایی بر روی لبه تبلت قرار گرفته اند و به همین دلیل وقتی تبلت را در حالت افقی قرار میدهید، امکان فشار دادن این کلیدها بطور تصادفی وجود نداد.,1,3,train
12148,اکنون 100D تنها 407 گرم وزن دارد و این در حالیست که 700D وزنی تقریبا برابر با 580 گرم را ارائه می کند.,1,3,train
2866,در کل، گوشی Optimus True HD LTE که با نام P936 نیز شناخته می‌شود، یک گوشی هوشمند قدرتمند از کمپانی ال‌جی است که در بین گوشی‌های برتر دو هسته ای قرار می‌گیرد.,1,3,train
1278,من الان چند روز این گوشی رو خریدم از دیجی کالا واقعا به نسبت قیمت و مشخصات می ارزید گوشی خوب و خوش دستیه من قبل از این مدل دو سیم 6102 یانگ رو داشتم که الان از اینی که تازه گرفتم راضیم و به دوستان پیشنهادش میکنم ، مرسی از دیجی کالا به خاطر سرعت ارسال کالا.,1,3,train
2568,با سلام و عرض ارادت و تشکر به خاطر ارسال سریع و درست کالا .,1,3,train
4074,در کل می‌توان این‌گونه استنباط نمود که این صفحه نمایش برای این مدل با این قیمت چیزی بیشتر از حد انتظار محسوب می‌شود.,1,3,train
7417,من این لب تاب رو دیشب با یک مدل بسیار قوی از acer که توسط دوستم 3 شب پیش از دی جی کالا خریداری شده بود تست کردم با اینکه باطری acer به گفته کارخانه سازنده 6 سلولی بود اما به طرز عجیبی باطری لب تاب من که 4 سلولی هست تقریبا 1.30 دقیقه بیشتر از 6 سلولی ایسر شارژ داشت.,1,3,train
10549,قابلیت XLOUD موجود بر روی این گوشی، به کاربر لذت بیشتری را از گوشی دادن به موسیقی خواهد داد.,1,3,train
8462,همانطور که گفتیم این دوربین مجهز به همراه کیت لنز 16-50 میلی متری PowerZoom عرضه می شود.,1,3,train
2255,این گوشی بسیار عالی هست و من هیچ مشکل بزرگی در اون به چشم ندیدم، شاید باید گفت که تنها مشکلاتش داغ شدن هست که میشه با یه قاب ژله ای از شدت گرمایش کاست و مشکل دیگرش نداشتن لرزش گیر در دوربینش هست.,1,3,train
2836,به نظر من این مدل بهتره Motorola Digital Photo Frame MF810,1,3,train
4051,من زوم دوربین canon sx30 و canon sx40 رو دیدم ، خداییش یه سر و گردن با پردازشی که حین زوم داره بالاتر از این دوتاست.,1,3,train
6098,مثلا همین دیروز تعداد 200 برگ پرینت بدون افت کیفیت از آن گرفتم .,1,3,train
1527,بدین ترتیب تبلتی تولید نموده که کاملا مناسب برای دانش آموزان و دانشجویان به شمار می‌رود.,1,3,train
13022,شما می‌توانید میزان درخشانی این صفحه نمایش را به دل‌خواه خود تنظیم کنید.,1,3,train
12085,بازی به صورت آنلاین قابلیت بسیار جالبی است که در این کنسول می‌بینید.,1,3,train
601,ممنون دیجی کالا بخاطر تحویل سریع و آسان.,1,3,train
5828,فقط یکمی نسبت به سایر برند ها گرونتره، ولی در عوض کارایی و امکانات بیشتری داره,1,3,train
9156,همچنین بهره گیری از نسخه 3.0 فناوری بلوتوث به اشتراک گذاری فایل بین دستگاه های مختلف را با سرعت بالا ممکن می‌سازد.,1,3,train
9066,این را نیز بیفزاییم که این سنسور تصویر به طور کامل توسط خود سامسونگ تولید شده است و توانایی عکاسی پیاپی با سرعت 8 فریم بر ثانیه را به دوربین می دهد.,1,3,train
4646,سرعتشم خوبه.,1,3,train
1325,همچنین تنها با یک دکمه که در کنار آیپاد شافل طراحی شده به راحتی می توانید پخش موسیقی را به حالت تصادفی (Shuffle)، تکرار(Repeat) ، و حالت پخش عادی تغییر دهید.,1,3,train
3820,تجربه مشاهده خود را با بالا بردن دقت نمایش اچ دی VOD به کیفیت حیرت‌انگیز فول اچ دی ارتقا بخشید.,1,3,train
10527,در مورد عملکرد این صفحه نمایش باید بگوییم که خوب ارزیابی می‌گردد.,1,3,train
10788,کمینه ی سرعت شاتر 30 ثانیه و بیشینه ی 1/4000 ثانیه هم در نوع خودش جالب است.,1,3,train
11548,من قبلا چند مدل کانن داشتم ولی نیکون یه چیز دیگه است .,1,3,train
12120,در ضمن اساسا توانایی زوم پایین تر می تواند برای کیفیت عکس های گرفته شده بهتر باشد چرا که وجود المنت های اپتیکی کمتر در یک لنز می تواند برابر با خطاهای کمتر باشد.,1,3,train
8346,اضافه شدن فرمت raw یه پیشرفت خوب تو این دوربینه.,1,3,train
8307,از جمله خصوصیات این گوشی نشکن بودن صفحه نمایش است,1,3,train
6942,بدنه باریک و با کیفیت.,1,3,train
1103,با تشکر از دیجی کالا  من تلویزیون رو به صورت اینترنتی سفارش دادم و بدستم رسید واقعا تلویزیون خوبی هستش مخصوصا امکاناتی که داره,1,3,train
7615,همچنین، آخرین نسخه از رابط کاربری سامسونگ با نام Nature UX به زیبایی و راحتی آن افزوده است.,1,3,train
8396,این میزان میدان دید برای ثبت مناظر کاملا گسترده یا فضاهای داخلی کافیست.,1,3,train
8516,برای بسیاری، بزرگترین ویژگی HS900 توانایی فیلم برداری 3 بعدی آن است.,1,3,train
10310,سلام به همه این گوشی از نظر قیمت نسبت به کارایی عالی (البته من گوشی رو 320 خریدم ) من با ace هم کار کردم هر دو خوبن اما live سی‌پی‌یو و رم بیشتر داره دوربینش هم بهتره اما ace ال سی دی بزرگتر و خوش دست تره (کلاسیکه) باطری هم live بیشتر نگه میداره اما 1200 میلی آمپره شاید ace گه دسته من بود باطری ضعیف تری داشت چون اون 1350 میلی آمپر .,1,3,train
2785,اما کاربرد دیگر آن می‌تواند در نمایش تصاویر جذاب و جلب توجه کننده برای کودکان باشد تا به بهانه‌ی آن تصویر به دوربین نگاه کنند و بتوانید عکسی تمام رخ از کودک بگیرید.,1,3,train
10550,همچنین، وجود Equaliser با امکانات خوب نیز لذت آن‌را چند برابر خواهد کرد.,1,3,train
11457,به جز حافظه کمش و عدم پشتیبانی از کارت حافظه واقعا هر چی نگاه میکنم نمیتونم هیچ عیبی ازش بگیرم، واقعا فوق العادست,1,3,train
10546,البته با توجه به قدرت سخت افزاری این گوشی، در هنگام باز کردن صفحات سنگین وب و یا زوم کردن بر روی آن‌ها، مقداری مکث را شاهد بودیم، اما در کل با توجه به استفاده این گوشی از مرورگر استاندارد گوگل، عملکرد این گوشی در هنگام اتصال به اینترنت نیز راضی کننده خواهد بود.,1,3,train
7354,کلیدهای تاچ پد نیز در کنار یکدیگر قرار گرفته‌اند و عملکرد کاملا قابل قبولی دارند.,1,3,train
9811,surface با ارزش تره بخصوص pro,1,3,train
8734,این گوشی را اگه سامسونگ یا اچ تی سی میزد شک نکنین قیمتش خیلی بالاتر بود,1,3,train
3083,به نظر من چیزی که در این تبلت خود نمایی میکنه صفحه نمایشfull HD است و سرعت بالاتر پردازنده.,1,3,train
4562,طراحی این گوشی همه را مدهوش خود میکند و چراغ منو که همچون مرزی میان دو دکمه ی دیگر است با عوض کردن رنگ دلربایی می کند!,1,3,train
2592,من این دوربینو چند روز پیش از دی جی کالا سفارش دادم اولش چون مبلغ کمی بابتش پرداخت کرده بودم امید زیادی بهش نداشتم اما بعد از چند روز تست کردن نظرم کاملا عوض شد مخصوصا وقتی باهاش یه عکس از ماه گرفتم خیلی بهتر از اونی که فکر میکردم بود البته با این قیمت,1,3,train
1036,بدون باتری و کارت حافظه نیز حدود 175 گرم وزن دارد که کاملا چگال است و بر احساس استحکامی که به شما می‌دهد می‌افزاید.,1,3,train
9960,البته همانطور که گفتیم Siri دوستانه‌تر و راحت‌تر است.,1,3,train
11678,تو این گوشی 410 مگابایت فضا برای نصب برنامه ها بهتون داده میشه که کافیه.,1,3,train
11614,سلام مهترین ، معایب دستگاه: -مشکل 3g با wifi با انداختن سیم کارت به وجود میاد ولی مشکل به صورت نرم افزاری قابل حل هست با استفاده از نرم افزار wifix و روت کردن تبلت مشکل کامل حل می شود عیب های دیگر دستگاه: - نداشتن دوربین عقب - عدم پیشتیانی از کارت حافظه -عدم امکان مکالمه صوتی در کل از خریدتان پشیمان نخواهید شد,1,3,train
92,همان‌طور که گفتیم، این دوربین مجهز به لنز فوجینون 24-360 میلی متر با توانایی زوم 15 برابر است که تا کنون برای یک دوربین کامپکت در این ابعاد کوچک بی سابقه بوده است.,1,3,train
9020,عملکرد ماکرو نیز خوب است و به شما اجازه می‌دهد تا از فاصله‌ی 5 سانتی‌متری سوژه بر روی آن فوکوس کنید.,1,3,train
1324,دکمه های آیپاد شافل به نوعی طراحی شده اند که شما بعد از مدتی استفاده دیگر نیاز ندارید که به دکمه ها نگاه کنید تا از آنها استفاده کنید.,1,3,train
7641,البته این گوشی یه رقیب داره اونم Note II هست ولی من G رو ترجیح می دم.,1,3,train
5208,البته شارژدهی نسبتا خوبی می‌باشد.,1,3,train
12189,البته که 100D کاملا از M بزرگتر است ولی نسبت به آن ارگونومی بهتری دارد.,1,3,train
12140,سلام من این گوشیرو به عنوان گوشی دوم خریدم نسبت به پولی که بابتش میدی عالیه فقط دکمه هاش یخورده کوچیکن که اونم به مرور راه میوفتین,1,3,train
3201,اگه دنبال تبلت جمع و جور و با کیفیت قطعات بالا میگردین بهتون این تبلتو پیشنهاد میکنم من یه 5 ماهی میشه که خریدمش.,1,3,train
282,مزایا پردازنده ی دوهسته ای 1.5 گیگاهرتزی دوربین 12 مگاپیکسلی شارژدهی بلند مدت 16گیگابایت حافظه ی داخلی طراحی زیبا و بدنه ی با کیفیت صفحه نمایش بزرگ بازی های سه بعدی وزن کم معایب بهتر بود اندروید4 می بود نسخه ی بولوتوث 2.1 فرمت موسیقی کم است,1,3,train
11372,این‌ها به کار مبتدیانی می‌آید که اکنون می‌خواهند وارد عکاسی خلاقانه‌تر و حرفه‌ای‌تر بشوند.,1,3,train
5621,عکاسی و فیلم برداریش هم خوبه.,1,3,train
6830,بهتر از این گوشی تا حالا ندیدم تنها ضعفش اینه که باتریش قابل تعویض نیست و دوستان توجه داشته باشند که باتری این گوشی لیتیوم پلیمری است که شارژدهیش 1.5 تا 2 برابر بیشتر از باتریهای لیتیوم یونی است؛ البته به Note II خودم که نمیرسه.,1,3,train
949,مدت زمان اسکن رنگی با وضوح 900DPI حدود 12 ثانیه مدت زمان اسکن ساده و سفید با وضوح 900DPI حدود 10 ثانیه مدت زمان اسکن رنگی با وضوح 600DPI حدود 8 ثانیه مدت زمان اسکن ساده و سفید با وضوح 600DPI حدود 6 ثانیه مدت زمان اسکن رنگی با وضوح 300DPI حدود 3 ثانیه مدت زمان اسکن ساده و سفید با وضوح 300DPI حدود 2 ثانیه این اسکنر با توجه به اطلاعاتی که بیان شد می توان برای کارهای معمولی و حتی تا حدودی حرفه ای مناسب باشد.,1,3,train
1125,کیفیت و سرعت و کارایی قابل تحسینی داره ولی کاش یک مقدار قالب و قیافه بروز تری را براش در نظر می گرفتن.,1,3,train
7036,البته با تمام این حرفهایی که زدم و با مقایسه ای که با S3 سامسونگ و آپتیموس 4x الی جی بازم ONE X از همشون سر بود!,1,3,train
8997,یک Movie Digest Option هم وجود دارد که به پیچ تنظیم اضافه شده است و کاملا جدید می‌باشد.,1,3,train
6568,در ضمن، یک پکیج از نرم افزار های کاربردی ساخت گوگل نیز در اختیار کاربران هواوی مدیاپد 10 قرار دارد که برنامه‌هایی مانند Gmail، Google Plus، YouTube، Google Maps، Google Chrome و غیره را شامل می‌شود.,1,3,train
2725,این ابعاد برای تبلت های 10 اینچی کاملا مناسب است و این تبلت را در بین تبلت های باریک و سبک موجود در بازار قرار می‌دهد.,1,3,train
12685,امکانات خوب.,1,3,train
5554,ولی در شرایط نور فلاشر قابل قبول هست اما اگر در یک فضای نورانی البته نور طبیعی این دوربین رو امتحان کنید واقعا شگفت‌زده خواهید شد.,1,3,train
12454,مسعود جان تو اس ال شکی نیست من خودم اس ال دارم واقعا راضیم در حد چهار هسته ای داره برام کار میکنه در رابطه با این گوشی هم با این دوربین، سخت افزار، صفحه نمایش و پشتیبانی از کارت حافظه و .,1,3,train
5651,بدنه این تبلت به طور کامل از پلاستیک با کیفیت ساخته شده است.,1,3,train
11935,با این قیمت و امکانات بهترینه.,1,3,train
431,البته سعی کنید رنگ مشکی اش رو بخرین4- کیفیت عکس و فیلم مطلوبی داره و میتونه از این نظر راضیتون کنه5- اگه کیفیت عکس هاتون رو روی 12.0 مگاپیکسل بذارید حالت عکس های واید خیلی بهتری بهتون میده معایب :1- چیزی که واسه من از همه آزار دهنده تر بود نداشتن Option های قوی نسبت به دوربین های سایر برندها در هنگام عکس برداری یا فیلم برداری2- حجم فیلم های گرفته شده بسیار زیاد می باشد که واسه دو ساعت فیلم برداری و 100 عدد عکس با کیفیت بالا باید یه مموری 8 گیگ تهیه کنی البته این رو بدونین که کلا بخاطر کیفیت 1080 حجم فیلمش بالاست و ایرادی به دوربین وارد نیست همچنین شما میتونین از کیفیت 720 استفاده کرده و از فضای بیشتری استفاده کنید.,1,3,train
1604,• جمع بندی در مجموع باید بگوییم که تعدادی از قابلیت‌های این تبلت تا به این لحظه بی نظیر است.,1,3,train
10559,جمع بندیدر کل، Xperia E Dual را یک گوشی هوشمند سطح متوسط ولی با امکانات مناسب دیدیم.,1,3,train
12517,البته خوشبختانه حافظه‌ی RAM اعلام شده است و 512 مگابایت می‌باشد که نسبت به مدل قبلی که 256 مگابایت بود پیشرفت کرده است.,1,3,train
9411,در کل؛ گوشیه خوبیه.,1,3,train
1551,این دقت برای اینکه از نگاه کردن و کار کردن با آن نهایت لذت را ببرید کافیست.,1,3,train
7025,S4 pro شاید نتونه کاری جلوی Exynos5 بکنه اما S4 Prime که به زودی میاد میتونه از Exynos 5 جلو بزنه.,1,3,train
5555,( دوربین بسیار عالی در شرایط نور طبیعی ) کیفیت فیلم‌برداری هم در حد مطلوبی هست ولی احساس میکنم Galaxy S III کمی بهتر جلوه میکرد.,1,3,train
13019,این مدت زمان بالا مزیت فوق‌العاده‌ای است که کارآمدی خودش را در سفر نشان می‌دهد.,1,3,train
684,برخلاف دوستان باید بگم این مدل داغ نمیکنه و بازی های سنگینی که باهاش اجرا کردم مثل بتلفیلد یا کرایسیس 2 رو هم خوب جواب داد و هم داغ نمیکنه (برخی مدلای HP داغ میکنن).,1,3,train
12037,به نسبت قیمت گوشی خوبیه در AnTuTu Benchmark V3.0.3 هم امتیاز 6500 رو کسب کرد.,1,3,train
3959,میشه با یه دوربین خیلی ساده هم عکس خوب هنری گرفت.,1,3,train
12897,من راضیم!,1,3,train
9039,در آینده شاید بخرمش.,1,3,train
12826,این آموزش مالتی‌مدیا براساس نسخه نهایی ویندوز۸ تهیه شده است و با آموزش تمام نکات و مفاهیم ویندوز۸ می‌کوشد تا هم کاربران مبتدی نکات بیشتری را بیاموزند و هم کاربران حرفه‌ای از سردرگمی و کشف امکانات جدید ویندوز۸ به صورت اتفاقی و با دردسرهای فراوان رهایی یابند.,1,3,train
43,از سایر نظر خوب است انشالله که برق قطع نشود و یا آدم خوش شانسی باشید.,1,3,train
6433,ممنون از سایت خوبتون,1,3,train
10714,درست که امکانات بسیاری ندارد ولی به طور پیش فرض از اکثر فرمت های تصویری مانند DivX و Xvid پشتیبانی می‌کند و همان‌طور که انتظار می‌رفت Xperia TX می‌تواند به راحتی ویدئوهای Full HD را پخش کند.,1,3,train
9920,حافظه‌ی RAM هم بر روی همان مقدار 512 مگابایت ثابت مانده ولی این بار iPhone 4s در نسخه‌ی 64 گیگابایتی هم موجود می‌باشد.,1,3,train
4742,در عمل هم گوشی به خوبی از مزایای این فناوری جدید بهره می گیرد.,1,3,train
3797,این پیشرفت نخست در کیفیت فیلم برداری و سپس لرزش گیر تصویر رخ داده است.,1,3,train
3056,در نهایت ظرفیت ذخیره سازی آن است که شما را تا مدت ها برای ثبت و ذخیره سازی لحظات شیرین زندگی و لذت بردن از مولتی مدیا های گوناگون و البته تواناییه share آنها با کمک روش های متنوع ارتباطی مثل کارت حافظه ، درگاه استاندارد usb و بلوتوث به صورت آنی و در هر مکان و زمان بی نیاز خواهد کرد.,1,3,train
8171,در نتیجه گوشی Desire C حتی در زیر فشار کاری سنگین نیز می‌تواند به راحتی تا یک روز کامل شارژ دهی داشته باشد و در حالت استفاده معمولی نیز می‌توان با یک بار شارژ تا 2 روز از این گوشی استفاده کرد.,1,3,train
12093,این دوربینو من یه هفته ای میشه خریدم تصویر برداری در حد خیلی خیلی عالیه زومش بی نظیره بدون افت هنگام عکاسی محشره خیلی خوش دستو خوش فرمه اما یه چیزی خیلی نگرانم میکنه سایز عکسا در حد 35 در 26 سانتی متره البته اضافه کنم با رزولوشن 350 dpi ولی اینکه هنگام زوم عکسا نویز دارن و کیفیت ندارن خیلی به همم می ریزه کاش میتونستم عکس با سایز بنر بگیرم که تو زوم مشکلی نداشته باشن,1,3,train
7186,واقعا فوق العاده ست من 6 ماهه منتظرشم اگه سفید داشته باشه یکی میخرم,1,3,train
5630,هم تصویر خوب و واضحی داره و هم سرعت جلو عقب کردن خوبه و مکث نمیکنه.,1,3,train
8838,فیلمش هم عالیه.,1,3,train
1991,ما چیپست A5 اپل را در آیپد 3 دیده بودیم و طبق پنجمارک ها این چیپست چهار برابر از چیپست تگرا 3 بکار برده شده در ONE X قوی تر است .,1,3,train
9742,با توجه به سخت افزار مناسب و امکانات مختلف ارتباطی این گوشی به همراه مرورگر این گوشی، می‌توانید به راحتی به مرور در دنیای اینترنت بپردازید.,1,3,train
7584,NFC - 4G - DLNA - DualCore - SuperAMOLED - البته با قیمت نسبتا مناسب.,1,3,train
4970,با بازی های بسیار متنوع و همچنین بازی های اختصاصی زیاد و قابلیت هایی همچون بازی آفلاین تا چهار نفر .,1,3,train
5664,در کل می‌توان گفت که رابط کاربری کمی ساده تر شده و به رابط استاندارد اندروید 4.0 بسیار نزدیک است.,1,3,train
9803,هرچند که نمایشگر دومی مقداری رزولوشن کمتری را ارائه می دهد، ولی اولا که باز هم رزولوشن زیادی است، دوما اینکه به دلیل کاهش سایز نمایشگر تراکم پیکسلی تا حد زیادی حفظ می گردد.,1,3,train
1962,اما من شخصا از رابط کاربری اپل بیشتر از اندروید لذت میبرم.,1,3,train
1510,با کیفیت عکس 16مگاپیکسل و پردازشگر سری 4 و کیفیت فیلم HD با رنگ بندی خوب و قیمت مناسب از نقاط برتری این دوربین می باشد .,1,3,train
4529,و بهترین چیزش اندروید 4,1,3,train
6847,اما الباقی کارهایش خوبه,1,3,train
8284,چشم افراد قرمز نمی‌شود و نوردهی کلی آن نیز خیلی خوب است.,1,3,train
11024,pen هم بسیار کاربردیه به خصوص در برنامه هایی مثل فوتو شاپ لمسی و آفیس.,1,3,train
5465,3- فارسیش کامله و هیچ اشکالی به زبانش نمیشه گرفت.,1,3,train
3241,صفحه نمایش 7 اینچی اون ممکنه برای بعضی ها کوچک باشه ولی اکثرا این اندازه صفحه نمایش رو مناسب ترین اندازه ارزیابی کرده اند.,1,3,train
10517,اما حالت انحنا دار قاب پشتی گوشی شکل این گوشی را از گوشی‌های دیگر متمایز می‌نماید.,1,3,train
12712,انصافا گوشی خوبیه و من انو برا کسایی که زیاد مسیج مینویسم توصیه میکنم.,1,3,train
9192,واقعا هم ازش راضی‌هستم.,1,3,train
6166,گرافیک خوبی داره و بازی ها اصلا هنگ نمیکنن یا کند اجرا نمیشن.,1,3,train
1108,قاب دورش هم خیلی باریکه.,1,3,train
8935,با انتخاب این مود تقریبا تمام اختیارات تنظیمات دستی دوربین توسط کاربر خاموش می‌شود و همه چیز بر روی حالت خودکار قرار می‌گیرد تا فقط لازم باشد که عکاس دوربین را نشانه برود و دکمه‌ی شاتر را بفشارد تا بهترین عکس به صورت خودکار گرفته شود.,1,3,train
2513,اگر به دنبال انجام کارهای گرافیکی سنگین و یا انجام بازی‌های رایانه‌ای هستید، کانفیگ‌های با گرافیک مستقل انتخاب‌های خوبی هستند.,1,3,train
4738,در طرف دیگر وقتی که این گوشی را به یک تقویت کننده ی صدای خارجی متصل می کنید مشاهده خواهید کرد که از صدای خوبی برخوردار خواهیم بود .,1,3,train
5662,این پردازنده همان مدلیست که در گوشی Galaxy Nexus نیز استفاده شده است و بسیار قوی‌تر از پردازنده NVIDIA Tegra 2 استفاده شده در GALAXY Tab 10.1 سال گذشته است.,1,3,train
11651,که این مشکل، در مقابل صدها حسن این گوشی، اصلا به چشم نمیاد!,1,3,train
9401,تاچش عالیه 2.طراحی زیباست 3.شفافیت تصویر خوبه 4.,1,3,train
12891,کیفیت صفحه نمایش خوب.,1,3,train
12434,دوستانی که میخوان تا این مقدار خرید کنن تو خریدش شک نکن.,1,3,train
6618,HD R206 می‌تواند با کیفیت 1080p Full HD در فرمت AVCHD و با صدای استریو Dolby Digital فیلم برداری کند.,1,3,train
721,در مجموع ارزش پولی که بابتش میدید رو داره.,1,3,train
89,بعلاوه اینکه این دوربین توانایی ضبط ویدیویی با سرعت خیلی زیاد بعلاوه اینکه این دوربین توانایی ضبط ویدیویی با سرعت خیلی زیاد 320 فریم بر ثانیه را نیز دارد تا بعدا وقتی آن را با سرعت 30 فریم بر ثانیه مشاهده می‌کنید یک فیلم اسلوموشن را شاهد باشید.,1,3,train
15,Hp زمان راه اندازی و Setup را با استفاده از فن آوری Smart Install Technology به طور چشمگیری کاهش داده است که به شما اجازه می‌دهد تا بدون احتیاج به یک CD جداگانه برای نصب، فقط پرینتر را به رایانه متصل کنید تا سپس عمل نصب به صورت خودکار انجام گیرد.,1,3,train
6356,شاید چنین آرایش دکمه‌ی فیزیکی در کنار دکمه‌ی لمسی در نگاه اول کمی عجیب به نظر برسد ولی پس از مدتی کار کردن با آن متوجه لذت بخشی چنین طراحی می‌شوید.,1,3,train
8545,در مجموع گوشی خیلی خوبیه.,1,3,train
10264,ارزش خرید را دارد زیرا به آندروید 4 update می شود,1,3,train
10405,بله، گلکسی اس 3 یکی از بهترین گوشی‌های هوشمند ساخته شده تا به این تاریخ است و جانشینی مناسب برای گوش محبوب Galaxy S II خواهد بود.,1,3,train
5727,به خصوص به بکارگیری تکنولوژی دو هسته ای، سرعت در عملکردهای چند وظیفه‌ای را به‌شدت ارتقاء بخشیده.,1,3,train
5599,رزولوشن این دوربین برای یک گوشی در این سطح خیلی خوب است.,2,4,train
11428,واقعا حرف نداره.,2,4,train
3547,بله، گلکسی اس 3 یکی از بهترین گوشی‌های هوشمند ساخته شده تا به این تاریخ است و جانشینی مناسب برای گوشی محبوب Galaxy S II خواهد بود.,2,4,train
2997,من با ایپد جدید و این کار کردم و این تبلت خیلی بهتره تازه کیبورد داره پورت usb و یه صفحه نمایش فوق العاده .,2,4,train
11420,دوستان سلام در خرید این گوشی شک نکنید این رو کسی داره میگه که 4 گوشی قبلیش بترتیب اینا بوده 1 htc one x 2-galaxy s 3 3- padfone 2 4- note 2 و این گوشی واقعا محشره,2,4,train
9916,خوشبختانه از نظر سخت افزارهای داخلی تحول خیلی زیادی رخ داده است.,2,4,train
7118,این چیپ دارای پردازنده چهار هسته ای Cortex-A15 با فرکانس 1.5 گیگاهرتز و پردازشگر گرافیکی Adreno 320 می‌باشد که در حال حاضر قدرتمندترین سخت افزار موجود بر روی گوشی‌های اندرویدی است و بسیار سریع‌تر از پردازنده های قرار داده شده بر روی گوشی‌های رده بالای HTC One X و Samsung Galaxy S III می‌باشد.,2,4,train
2891,لازم به ذکر است که داخل این کیبورد، یک باتری بسیار قدرتمند نیز وجود دارد و هنگامی که Infinity را به کیبورد متصل می‌کنید، طول عمر باتری دستگاه به دو برابر افزایش می‌یابد که در ادامه بیشتر در این رابطه توضیح خواهیم داد.,2,4,train
7170,طراحی فوق العاده زیبایی داره.,2,4,train
12234,بی شک عرض میکنم، هر کس قصد خرید دوربین در این قیمت رو داشته باشه و اینو نگیره خیلی ضرر کرده، من میخواستم مبلغ بیشتری بدم کانن بگیرم، اما یه بنده خدایی که خیلی وارد بود مدلی شبیه به این اما قدیمی تر (s4000) رو بهم معرفی کرد و خریدم و جالب اینجاست که مشابه همون مدل در کانن قیمت خیلی بیشتری داره، واقعا اگه با کسی که یه خرده وارد باشه مشورت کنین بهتون در بعضی موارد مثل این مورد فوجی رو پیشنهاد میده، منم الان بسیار راضی هستم و حتی من که خیلی وارد نیستم هم عکس های حرفه ای با فوجی فیلم گرفتم که همه تعجب کردند، حالا بازم انتخاب با شماست.,2,4,train
10684,در ضمن دوربینش فوق العادست و حالا حالاها رو دست نداره مگه اینکه Xperia Z خود سونی ازش بهتر باشه.,2,4,train
4213,من این گوشی رو یک هفته است گرفتم محشره صفحه بزرگ با کیفیت  سی پی یو قوی  بدون هنگ و گیر کاملا روان فقط صداش کمه والا بقیه امکاناتش عالیه نسخه اندرویدشم 4.1.1 و .,2,4,train
10605,به تمام این‌ها، قیمت مناسب را نیز که اضافه کنید، متوجه خواهید شد که Lenovo G585 یک نوت‌بوک مناسب و یک خرید بسیار خوب محسوب می‌شود.,2,4,train
3985,الان هم ازش راضیم کیفیت عکساش خیلی خوبه ولی به نظرم اینکه یه حداقل دانشی از اصول عکاسی داشته باشی خیلی کمک میکنه که عکسای با کیفیت و زیبایی بتونی بگیری .,2,4,train
2028,گوشی بسیار عالی و خوش دست .,2,4,train
9793,این ها دوربین هایی کاملا کوچک می باشند که به راحتی در هر جیبی جای می گیرند و البته امکانات خیلی زیادی را در خود جای داده اند.,2,4,train
12496,به لطف پشتیبانی این گوشی از انواع راه های ارتباطی مانند Wi-Fi، 3G و سرآمد آن‌ها شبکه پر سرعت 4G و البته تراکم پیکسلی بسیار بالای صفحه نمایش و پردازنده قدرتمند، مرورگری اینترنت با این گوشی بسیار روان و لذت بخش است و هیچ‌گونه جای شکوه یا گلایه ای وجود ندارد.,2,4,train
5487,20- گوشی حتی در حالت بازی سنگین داغ نمیکنه و فقط پشتش کمی گرم میشه که واقعا عالیه.,2,4,train
11487,برای سخت افزار خوب پشتیبانی نرم افزاری عالی قیمت بسیار ایده آل (البته به غیر از ایران با این وضع ارز!,2,4,train
1503,در کل از خریدم خیلی راضی هستم و بنظرم ارزش این دوربین بیشتر از قیمتش هست..,2,4,train
7783,از ابعاد این تبلت که بگذریم، کیفیت بدنه آلومینیومی آن نیز در مقابل بدنه پلاستیکی رقبا قابل مقایسه نیست.,2,4,train
3935,با سلام، من حدود 3ماهه این دوربینو خریدم و در این مدت به نقاط قوتی همچون لنز فوق‌العاده کارل زایس، زوم بالا، نویز کم حتی در ایزو3200، صفحه نمایش با کیفیت و از همه مهمتر فیلم‌برداری فوق‌العاده اون پی بردم و خریدش رو به همه ی عکاسان حرفه ای و آماتور پیشنهاد میکنم.,2,4,train
1471,به روز رسانی: در تست هایی که انجام دادیم، کیفیت عکس های گرفته شده توسط A3400 در حد بسیار خوب قرار داشت.,2,4,train
8900,دوربین فوق العاده ایه واقعا راضی ام -متشکرم,2,4,train
1768,- siri - سرعت اینترنت بسیار خوب .,2,4,train
12933,جنس بدنه گوشی تماما از پلاستیک و بسیار با کیفیت طراحی گردیده است.,2,4,train
8075,گوشی خوبیه تو این قیمت بهترینه,2,4,train
7621,گالری عکس‌ها و مالتی مدیا پلیر نیز بر روی نسخه 4.1 پیشرفت زیادی داشته و بسیار کاربردی و دوست داشتنی شده‌اند.,2,4,train
9716,عالیه، من حتما یکی میخرم..,2,4,train
4825,البته نباید از حق گذشت، گیرز آو وار و الن ویک ایکس باکس هم عالیه.,2,4,train
4257,گوشی خیلی خوبی به نظر می رسه.,2,4,train
3542,از لحاظ نرم افزاری هم این گوشی به آخرین نسخه سیستم عامل اندروید یعنی اندروید 4.1.1 به همراه رابط کاربری TouchWiz مجهز است که تغییرات بسیار زیاد و عالی نسبت به نسخه استاندارد اندروید 4.0.4 دارد.,2,4,train
7970,من دو هفته ای هست ، این دوربین رو گرفتم ، واقعا عالی هست .,2,4,train
9472,عکاسی با این دوربین کار بسیار ساده ایست بدین ترتیب که کافیست آن را بر روی مود اتوماتیک قرار دهید و سپس با نشانه رفتن آن به سمت سوژه دکمه ی شاتر را بفشارید تا بهترین و با کیفیت ترین نتیجه بدست آید.,2,4,train
9776,کاربری این دوربین بسیار ساده است و کافی است که آن را به سوی سوژه نشانه بروید و دکمه‌ی شاتر را بفشارید تا بهترین و با کیفیت ترین عکس گرفته شود.,2,4,train
4025,این دوربین رو 8 ماهه که دارم و ازش خیلی راضیم .,2,4,train
640,بنظرم عالیه.,2,4,train
9978,به طوری که نرم‌افزار این دوربین عملکردی خیلی سریع‌تر از iPhone 4 دارد.,2,4,train
7183,خودش هم از هر لحاظ ازش راضی بود!,2,4,train
4247,تاچ عالی نسبت به بقیه حتی htc.,2,4,train
950,کار با این پویشگرها بسیار ساده است.,2,4,train
11421,LG nexus 4 بهترین انتخاب با قدرتی حیرت انگیز و خارق العاده.,2,4,train
8204,از این نگذریم که طبق ادعای گوپرو، عملکرد فیلم برداری آن در شرایط نوری ضعیف هم تا دو برابر بهتر است.,2,4,train
12310,من به دلیل کیفیت فیلم برداری بسیار خوبش و با توجه به این که 60 f/s هستش خیلی پسندیدم و میخوام بخرمش و به نظرم اگه بودجه ی کمی دارید و فیلم برداری با کیفیت اولویتتون هست حتما این مدل از سونی رو انتخاب کنید ولی اگه زوم بیشتر مد نظرتون هست مدل w690 رو مورد بررسی قرار بدید.,2,4,train
12623,فوق العادست این گوشی با این قیمت.,2,4,train
11271,من میخواستم nikon d3100 رو بخرم که با راهنمایی افراد حرفه ای پول قرض کردم و اینو گرفتم فقط اینو بگم که مفید ترین کار عمرم رو کردم کیفیت عالی و بینظیر فوکوسش در حالت دستی خیلی عالیه 13 تا حالت تصویر برداری داره و میتونین لنز های خوبی براش بخرین از نظر من حتی اگه مبتدی هستین و دوربین هم دستتون نگرفتین یا اینکه خیلی حرفه ای هستین بازم همینو بخرین.,2,4,train
8338,توی یک جمله فقط می‌تونم بگم که فوق‌العادست از همه لحاظ.,2,4,train
7327,پردازنده‌ی Corei7 که قدرتمندترین آن‌هاست، پردازنده‌ای ذاتا چهار هسته‌ای با توان تولید چهار هسته‌ی مجازی و کارکرد با مجموع هشت هسته است که عملکردی کم نظیری را ارائه می‌دهد.,2,4,train
11786,به نظر من که با توجه به قیمتش بهترین امکانات رو داره.,2,4,train
6959,صفحه نمایش بسیار قدرتمندی داره و شبکه های ارتباطیش بسیار خوب هستند.,2,4,train
7754,بهترین تبلتی که میتوان آن را خرید..,2,4,train
12724,کاملا عالی.,2,4,train
10040,کیفیت ساخت نیز بسیار خوب و رضایت بخش است.,2,4,train
9686,فوق العاده است، واقعا ارزش خرید رو داره!,2,4,train
9530,اپل باریک ترین گوشیه جهانه چون ضخیم ترین قسمت رو در نظر میگیرن و سایر گوشی ها مثل RAZR XT910 و .,2,4,train
6909,این گوشی غولیه واسه خودش ، عالیه کانفیگ بالا طراحی زیبا .,2,4,train
1909,قیمتش خیلی اومده پایین کاملا هم گوشی عالی هست.,2,4,train
637,فوق العادس .,2,4,train
11339,یک ویژگی مفید Auto Lighting Optimizer هم وجود دارد که از طریق دکمه‌ی Q قابل دسترسی است و برای تنظیم دقیق‌تر نوردهی کاملا کارآمد است.,2,4,train
6423,اگر قصد خرید هارد اکسترنال دارید وسترن دیجیتال و در مرحله بعد سیگیت بهترین گزینه هستند,2,4,train
473,خیلی سرعتش از رقبای اندرویدی بیشتره این گوشی از معماری بهینه شده krait استفاده میکنه که خیلی در مصرف و سرعت cpu موثره,2,4,train
1739,امنیت گوشی بسیار جالبه  با تشکر از دیجیکالا,2,4,train
699,سلام  من بعد از چند روزی جستجوی جدی برای پیدا کردن یه لپ تاپ 2 هفته قبل به صورت اینترنتی این لپ تاپ رو خریدم واقعا عالی پیشنهاد من به شما هم خریدن این لپ تاپ.,2,4,train
6280,من الان نزدیک دو هفته است که خریدم کاملا و کاملا ازش راضی ام.,2,4,train
490,صفحه نمایش این گوشی کیفیت بسیار خوب و راضی کننده ای داره که هیچ مشکلی حتی در زیر نور افتاب احساس نمی کنید.,2,4,train
10285,از XPERIA MINI بهتره از نظر LCD (بزرگ تره) دوربین مکالمه ویدئویی داره XPERIA MINIنداره صدای باند هاش خیلی بیشتره کلا از اون بهتره.,2,4,train
12450,با سلام خدمت همه ، با مقایسه بین گوشی های موجود در بازار این گوشی امکانات مشتری پسندی داره و مقاومتش در برابر آب ، اون رو خارق العاده کرده ، و منوی اون عین منو های سونی های قبله و دوربینش خوبه و فول HD هست و تفاوت خیلی کمی با ایکسپریا زد داره اون هم در صفحه نمایشه و شباهت زیادی از لحاظ شکل به arc & arc s داره و می توان گفت صفحه نمایش HD داره.,2,4,train
3207,ولی در کل نسبت به قیمتش یک تبلت فوق العاده ای هست، که تو 2012 از سامسونگ معرفی شده.,2,4,train
3298,یکی از نقاط قوت این دوربین توانایی ضبط صدای Dolby digital بسیار با کیفیت با کمک چهار میکروفون است.,2,4,train
10255,من این گوشی رو 3 ماهه گرفتم و خیلی ازش راضیم کیفیت تصویرش خوبه و کیفیت صداش هم عالیییه سی‌پیوش هم که یکه.,2,4,train
6361,همان طور که گفتیم کیفیت دید از زاویه‌ی آن فوق‌العاده است و با چرخاندن و نگاه کردن از زوایای تند تر هم کیفیت رنگ‌ها تغییر نمی‌کند.,2,4,train
120,بعد از آشنا شدن با تنظیمات دوربین و عکسهایی که گرفتم میتونم بگم با کمی دقت و یادگیری فنون عکاسی میشه عکسهای فوق العاده ای انداخت کیفیت فیلمش هم عالی بود برخلاف انتظار باطریش هم خوب بود دو ساعت باهاش کار کردم ولی باطریش هنوز تموم نشده دوربین جمع و جوریه و هیچ ایرادی نداره و پیشنهاد میکنم در خریدش شک نکنید.,2,4,train
8018,دستگیره نسبتا بزرگ است و آرگونومی‌خیلی خوبی را ارایه می‌دهد تا در دست به خوبی جای بگیرد.,2,4,train
7756,به نظر من به غیر از قیمت این محصول که تقریبا 50 دلار اضافی هست اپل تو هیچ چیزی کم نگذاشته.,2,4,train
8503,این کار فیلم برداری را برای شما بسیار سهل و آسان می‌سازد.,2,4,train
11127,اما در مورد دوربین اصلی دستگاه باید بگوییم که کیفیت عکس‌های قابل قبولی را ارائه می‌دهد و حتی در مقایسه با دیگر دوربین‌های 5 مگاپیکسلی به کار رفته در گوشی‌های هوشمند و تبلت ها نیز عملکرد مناسب‌تری را از آن شاهد بودیم که می‌توان آن را در بین برترین دوربین‌های قرار گرفته بر روی تبلت ها دانست.,2,4,train
8425,به روز رسانی: در تست هایی که انجام دادیم، کیفیت عکس های گرفته شده با این دوربین در سطحی واقعا عالی بود.,2,4,train
295,من این گوشی رو تقریبا 2 ماه است که خریدم گوشی بسیار عالی است .,2,4,train
4720,صفحه نمایش بسیار با کیفیت HD با تراکم پیکسلی 297 پیکسل 2.,2,4,train
2846,همچنین تراکم پیکسلی 326ppi این گوشی، در بین رقبای اندرویدی دو هسته ای خود بسیار عالی است.,2,4,train
9680,بسیار عالی هست، حتما می خرم.,2,4,train
12487,این گوشی دارای گواهینامه IPx5/7 می‌باشد که بالاترین گواهی تضمین مقاومت گوشی‌های موبایل در مقابل نفوذ آب می‌باشد.,2,4,train
7247,واقعا فوق العاده است!,2,4,train
8205,عملکرد عکاسی هم فوق العاده شده و با رزولوشن 12 مگاپیکسل، این دوربین می تواند با سرعت 30 فریم بر ثانیه عکاسی کند.,2,4,train
3235,قیمت ارزان این تبلت با توجه به امکانات فوق العاده من هیچکدوم از این ها رو ندارم فقط طبق تحقیقاتم میگم و قصد دارم نکسوس 7 بگیرم ..,2,4,train
9082,ولی به هر حال گوشی بسیار مناسب و خوبی است .,2,4,train
6656,در کل همانطور که گفتیم، M50 دوربین فیلم برداری بسیار خوب دیگری از کانن است که کاملا کوچک و سبک ساخته شده و در ضمن از امکانات و فن آوری‌های پیشرفته و خوبی بهره می‌برد.,2,4,train
11272,بهتره از همینجا بگیرین خیلی مطمئن تره,2,4,train
5725,در قلب Galaxy S II پردازنده‌ی بسیار قدرتمند ARM Cortex A9 با سرعت 1.2 گیگاهرتز قرار گرفته که در نوع خود فوق‌العاده است.,2,4,train
3332,یکی از زیباترین و حرفه‌ای ترین و از همه مهمتر خوشگلترین دوربینهایی است که تابحال دیدم.,2,4,train
2717,دور تا دور این دستگاه را یک لایه آلومینیومی قرمز رنگ فرا گرفته که بسیار زیبا و شکیل است.,2,4,train
6053,از همه نظر عالیه.,2,4,train
11751,امیدوارم بعد از خرید این گوشی خوش ساخت زیبا قدرت مند و به روز از داشتن اون مثل من لذت ببرید.,2,4,train
11570,بدون اغراق نیکون کولپیکس p510 درحال حاضر بهترین دوربین کامپکت دنیا است .,2,4,train
7778,جنس بدنه این تبلت کوچک نیز همانند تبلت های 9.7 اینچی ساخت اپل، تماما از آلومینیوم است و همین موضوع باعث می‌گردد که در این زمینه اپل مجددا بسیار موفق عمل نماید.,2,4,train
1334,من هدفون Beats دارم که وقتی به این ipod وصل کردم فقط میتونم بگم عالی !,2,4,train
10072,درست است که این نوع پردازنده ها به قدرتمندی پردازنده های با ولتاژ استاندارد نمی باشند، ولی در عوض گرمای کمتری تولید کرده و مصرف انرژی بسیار پایینتری نیز دارند.,2,4,train
7931,"دوربین عالی طوری این نکته هم که چند وقتیه توسط اکثر کاربرا مطرح شده راجب داغ کردن گوشیها که باید بگم این قضیه یه امر بسیار طبیعی برای گوشیهای 4هسته است""و اصلا داغ کردن به این معنیه که هر4هسته گوشیتون به اضافه تک هسته کمکی که در گوشیهای 4هسته برای انجام کارای ساده در گوشی هستش سالمن و خوب کار میکنن-البته بااین حال به نظرم نباید بیشتر از56درجه سلیسیوس باشه.",2,4,train
5535,جعبه گوشی فوق‌العاده جذاب و باز هم میگم در حد گوشی های کولکسیونی هست و بعد از باز کردن گوشی اولین چیزی که منو جذب خودش کرد گوشی 5 اینچی 4:3 ال جی فبلت بود که با صفحه نمایش متفاوتش حس خوبی به بیننده انتقال میده.,2,4,train
3346,سیستم صدا برداری دوربین جدید استریو است و با چهار میکروفون مجزا صدا را از محیط با کیفیت عالی ثبت می کند.,2,4,train
7653,ولی با معرفی این غول جدید و بی همتای کمپانی LG خیلی پشیمون شدم که چرا بیشتر صبر نکردم.,2,4,train
7523,از نظر طراحی و بدنه هم عالی است و در کل دستگاهی است که نیاز 80% مردم را پوشش می دهد .,2,4,train
770,من از کار کردن باهاش بسیار لذت بردم و امیدوارم شما هم لذت ببرید !,2,4,train
1454,نزدیک ترین فاصله‌ی فوکوس این لنز در مود ماکرو؛ 3 سانتی متر است که عالیست.,2,4,train
9454,امکانات عالی هم داره .,2,4,train
3938,من که خیلی راضیم.,2,4,train
12852,از نمایشگر لمسی که بگذریم، این پرینتر خیلی خوب و پر امکانات است.,2,4,train
6002,عکس های فوق العاده فلش عالی عکس 3 بعدی و فیلم برداری معرکه ای داره,2,4,train
7668,وقتی دوربین بر روی این مود است، کافی است که آن را به سوی سوژه نشانه بروید و دکمه‌ی شاتر را بفشارید تا تنظیمات بر روی بهترین حالت قرار گیرند و باکیفیت‌ترین عکس گرفته شود.,2,4,train
7276,البته خود میکروفون داخلی هم قدرت خیلی خوبی برای ضبط صدای محیطی دارد.,2,4,train
1492,دوربین بسیار شیک و جمع و جور و سبکی هست..,2,4,train
202,راستی باتری Ion هم علاوه بر صفحه بزرگ و بسیار با کیفیتش خیلی خوب جواب میده و اگه استفاده معمولی داشته باشید تا یه روز و نیم راحت جواب میده .,2,4,train
2209,این گوشی همانند اکثر گوشی‌های رده بالای این کمپانی، دارای بدنه یک پارچه پلی کربناتی است که کیفیت فوق‌العاده بالایی داشته و به کاهش وزن دستگاه کمک فراوانی کرده است.,2,4,train
8443,کیفیت سه بعدیش واقعا عالیه به هیچ وجه پرش یا ماتی تصویر نداره .,2,4,train
12317,خوش دستی 5.تنظیمات خودکار 6.کیفیت عکس های بینظیر 7.,2,4,train
2247,فوق العاده خوش دست و زیبا و مهمتر از همه القای یه حس خوب که یه گوشی گرون قیمت دستته 2.سرعت بالا در load همه برنامه ها 3.صفحه نمایش بینهایت زیبا و زاویه دید عالی 4.,2,4,train
781,به طور کلی زمان پاسخ دهی صفحه نمایش این گوشی مناسب است و زوایای دید بسیار خوبی نیز دارد.,2,4,train
555,کیفیت ساخت 4540s همانند مدل‌های سال‌های گذشته خانواده ProBook بسیار بالا بوده و بدنه با ضربات وارد شده طی مصارف روزانه، دچار خمش و یا پیچش نمی‌شود.,2,4,train
2932,در نهایت اگر به دنبال بهترین تبلت اندرویدی موجود در بازار هستید، بدون هیچ شک و تردیدی ASUS Transformer Pad Infinity بهترین و به عبارتی تنها انتخاب شما خواهد بود.,2,4,train
981,اما برگ برنده ی بزرگ P7700 لنز آن است.,2,4,train
8384,50x زوم پردازشگر digic5 همه چی عالیه,2,4,train
6699,"نمایشگر 3 اینچی 230,000 پیکسلی هم کیفیت کیفیت خیلی خوبی دارد و نسبتا بزرگ است.",2,4,train
1000,به روز رسانی: در تست هایی که انجام دادیم، کیفیت عکس های گرفته شده توسط این دوربین با توجه به سنسور تصویر نسبتا کوچکی که دارد واقعا عالیست.,2,4,train
4524,من که این گوشی رو دارم دقیقا برعکس حرف های شماست کیفیت صفحه نمایش عالی با تراکم پیکسلی بالای297 کیفیت ساخت عالی رابط کاربری خوب,2,4,train
12042,برندهای دیگه باهمین مشخصات رو زیر یک میلیون نمیتونی پیدا کنی فقط هواوی چون توی ایران هنوز بازارشو پیدا نکرده قیمتاش ارزونه و خریدنش به شدت بصرفه است.,2,4,train
12455,میشه گفت یه گوشی خیلی تاپ خواهد بود.,2,4,train
2898,این روشنایی فوق‌العاده به کاربران کمک خواهد کرد که حتی با وجود سطح براق صفحه نمایش، به راحتی با تبلت خود در فضاهای بیرونی و یا در زیر تابش مستقیم نور آفتاب کار کنند.,2,4,train
3978,من با hx100 کار کرده ام دوستانی که می گویند این دوربین با hx100 تفاوت چندانی ندارد باید به عرض شون برسانم که این دوربین یعنی hx200v از لحاظ کیفیت عکس دارای dpi 350 است که در نوع خود و در کلاس کامپکت ها عملکرد بسیار عالی به حساب می آید .,2,4,train
10648,من از دیجیکالا خریدم-در خرید این گوشی شک نکنید - واقعا گوشی خوبیه از هر لحاظ - کیفیت صفحه فوق العاده ای داره - مشکل زاویه دید به هیچ وجه نداره - بلندگو گوشی با کیفیت هست - به نظرم زیباترین گوشی جهان xperia tx هست.,2,4,train
8029,کانن SX40 HS دارای تمامی ویژگی‌های یک دوربین سوپرزوم فوق‌العاده می‌باشد.,2,4,train
5502,امکانات سخت‌افزاری و نرم‌افزاری عالی.,2,4,train
2926,جمع بندی صفحه نمایش با کیفیت، شفاف و روشن Infinity آن را به یک جانشین عالی برای Transformer Prime تبدیل کرده است.,2,4,train
9213,کیفیت فیلمبرداری نیز بسیار خوب است در صورتیکه زوم کامل و درستی انجام شده باشد کاملا زنده و شفاف میباشد.,2,4,train
2115,من آیفونم رو به قیمت کمتر فروختم و رفتم گالاکسی SIII خریدم چیزی فراتر از گوشی، یک دوست، همراه بدون محدودیت، و در کل بسیار راضی هستم از این انتخابم,2,4,train
6482,"من این هارد رو سه روز پیش سفارش دادم امروز رسید دستم سرعتش عالیه, نرم افزاری که روی خودش هست خیلی به کار میاد اگر به دنبال یه هارد همه چی تموم میگردین این عالیه شک نکنین.",2,4,train
12377,ولی فوکوس خودکار حتی در شرایط نوری ضعیف خیلی سریع صورت می‌گیرد و این به مدد سیستم جدید Sonic Speed AF است.,2,4,train
12375,سرعت روشن شدن و آماده شدن این دوربین برای عکاسی بسیار سریع و در حد 2 ثانیه است.,2,4,train
7217,سلام به نظر من بهترینه.,2,4,train
3575,وزن این دستگاه تقریبا 2.5 کیلوگرم بوده و برای یک لپ‌تاپ 15.6 اینچی بسیار مناسب است.,2,4,train
6380,از نظر ضبط ویدیویی، فیلم‌های ضبط شده بسیار شارپ و با کیفیت هستند.,2,4,train
6332,6: دوربین این گوشی در فیلم برداری واقعا عالی هست و کیفیت خوبی در فول اچ دی داره و دارای فوکوس اتومات در حین فیلمبرداری نیز هست که عالیه.,2,4,train
2535,کمینه ی فاصله ی کانونی لنز این دوربین 24 میلی متر است که باعث می شود در یک کادر بتوانید میدان دیدی کاملا گسترده را ثبت کنید.,2,4,train
12870,بعد از دیدن این گوشی خاطرات کار با 6300 برام تداعی شد کسایی که با این گوشی کار کرده باشند میفهمن چی میگم مشتاق به خریدش شدم و از خریدم راضی ام شباهت زیادی با 6300 داره ولی نسبت به اون بدنه شیک تر صفحه نمایش بزرگتر صدای با کیفیت تر باتری قویتر که اجازه مکالمه های طولانی رو به شما میده صفحه کلیدش هم نرم و روان هست البته دو سیم کارت بودنشم که نور علی نوره فقط نداشتن پورت برای وصل کردن به کامپیوتر یکی از نقاط ضعف ازار دهنده اون هست به کسایی که قصد خریدشو دارن پیشنهاد میکنم که یا سفید یا مشکیه این گوشی رو تهیه کنند به نظر من این رنگ ها زیباتر هستند,2,4,train
5231,من تا الان هیچ بدی ازش ندیدم که براتون بگم واقعا لپ تاپ عالیه توی خریدش اصلا شک نکنید مطمئن باشید که هر نیازی داشته باشید از یه لپ تاب .,2,4,train
10828,حالت عکس تمام نما یا پانوراما حالت بسیار جالبی است که در این دوربین ارزان قیمت در دسترس است.,2,4,train
6061,کیفیت چاپ اولیه که حرف نداره.,2,4,train
11506,این صفحه نمایش، همان صفحه فوق‌العاده ایست که LG بر روی گوشی Optimus G نیز استفاده کرده بود و به جرات می‌توان گفت که یکی از بهترین و با کیفیت‌ترین صفحات نمایش موجود بر روی گوشی‌های هوشمند است.,2,4,train
10244,و cpu 1 ghz هم محشرتره.,2,4,train
5855,من خریدمش واقعا راضی هستم امکاناتش واقعا عالی هست.,2,4,train
8046,خطای رنگی بنفش نیز در عکس‌های گرفته شده نسبت به آن چه که در دوربین SX30 IS می‌دیدیم بسیار کمتر است.,2,4,train
11610,این دوربین به طرز خیلی عالی توانایی کنترل خطای رنگی را دارد به طوری که فقط مقدار خیلی کمی خطای رنگی بنفش در مناطق پر کنتراست به چشم می‌خورد.,2,4,train
149,به نظر من که واقعا عالیست هم کیفیت عکس و هم فیلمبرداری مطمئن باشید که از خریدش پشیمان نمیشوید,2,4,train
12418,کیفیت دوربین جزو چند دوربین برتر بازار قرار میگیره گوشی به خوبی در دست جای میگیره و کار کردن باهاش بسیار لذت بخشه از لحاظ نرم افزار همون موقع خرید به صورت فکتوری آندروید ۴.,2,4,train
9204,اما نسبت به حسگر و پردازندش DIGIC 5 خیلی‌خوش بینم چون تجربشون رو تو دوربین‌های دیگه canon دیدم.,2,4,train
7797,شاید اگر مورد به مورد این سخت افزار را با رقبای 7 اینچی خود مقایسه کنید، بر روی کاغذ برتری با Nexus 7 باشد، اما میدانید که عملکرد محصولات کمپانی اپل به لطف وجود سیستم عامل فوق‌العاده آن، کاملا برتر از همرده های بسیار قدرتمند تر از خود است.,2,4,train
1821,من این گوشی رو چند روزی میشه خریداری کردم فوق العادست .,2,4,train
5650,البته این میزان بسیار ناچیز است و GALAXY Tab 2 10.1 همچنان به عنوان یک تبلت بسیار باریک و زیبا شناخته شده است و در دست نگه داشتن آن بسیار راحت و لذت بخش است.,2,4,train
940,برخی کمپانی ها با تولید اسکنرهای بسیار کوچک که تحت عنوان اسکنرهای دستی به بازار معرفی شدند توانستند کمک بسیار شایانی به افراد مختلف بکنند.,2,4,train
9903,حافظه بسیار بالا برای نصب نرم افزار و بازی و مالتی مدیا و .,2,4,train
180,من خودم اهنگ های زیادی روش امتحان کردم ولی اصلا خش و خش نکرد و عالی بود.,2,4,train
9802,WX170 مجهز به نمایشگر 3 اینچی با کیفیت بسیار بالای 921000 نقطه است و این در حالیست که WX100 نمایشگر 2.7 اینچی 460000 نقطه ای دارد.,2,4,train
651,واقعا لپ تاپ فوق العاده ای هستش منم یه هفته پیش این لپ تاپ رو از دیجی کالا تهیه کردم و روش ویندوز 8 ریختم و تمام درایور های لازم رو از خود سایت اچ پی دانلود و نصب کردم و هیچ درایور نصب نشده ای الان ندارم حتی فینگر پرینت و orination sensor هم درست کار میکنند و تو این یه هفته ای که این لب تاب دستمه هیچ کندی و داغ کردنی ازش ندیدم حتی موقعی که باهاش فیلم اچ دی هم نگاه می کنم هیچ باد گرمی از فن این لب تاب خارج نمیشه  با تشکر,2,4,train
3750,گوشی واقعا خوش‌دست و سریعیه.,2,4,train
6420,من این هارد رو دارم عالیه حرف نداره وقتی به کامپیوتر وصل میشه انگار فلش وصل کردی سه سوت میاد بالا اصلاهم سرعت کامپیوتر کم نمی شه بقیه هارد هایی که دیدم فقط یه ساعت طول می کشه بیاد بالا,2,4,train
9195,به صرفه ترین دوربین DSLR با کیفیت عالی عکسها و قیمتی بسیار عالی.,2,4,train
10701,•صفحه نمایش صفحه نمایش 4.5 اینچی Xperia TX دارای دقت 720x1280 است که تراکم پیکسلی بسیار بالای 323ppi را ارائه می‌دهد.,2,4,train
8640,این گوشی یک مدل تک سیم کارته هم داره (مدل LG Optimus L7 II)، اون مدل هم زیباتره و هم قیمتش مناسبتره.,2,4,train
11022,cpu و ram فوق العاده ای داره .,2,4,train
7950,کافیست که آن را به سوی سوژه نشانه بروید و دکمه‌ی شاتر را بفشارید تا دوربین به صورت خودکار بهترین و با کیفیت ترین عکس را تهیه کند.,2,4,train
1321,در نگاه اول، بدنه آلومینیومی براق آن، تنوع رنگ زیاد، طراحی زیبا، آرم اپل پشت آن و همچنین دکمه های ساده ای که به زیبایی روی آن قرار گرفته اند جلب نظر می کند.,2,4,train
12181,سیستم فوکوس داخلی دارد، به صورتی که در هنگام فوکوس هیچ تغییری در طول انجام نمی گیرد و البته از همه مهم تر، در فوکوس خودکار کاملا سریع و کم سر و صدا است تا کاملا مناسب فوکوس خودکار در هنگام فیلم برداری به کمک سنسورهای فوکوس خودکار Phase Detection قرار گرفته بر روی سنسور تصویر باشد.,2,4,train
11716,گوشی خیلی خوبیه و با کارایی بسیار,2,4,train
11251,این دوربین فلاش Pgr-up هم دارد که بردی برابر 7.1 متر را ارائه می‌دهد و بسیار قدرتمند است.,2,4,train
5885,تمامه سریالامو با فیلمام توش میبینم کیفیت تصویرشم که فوق‌العادست.,2,4,train
4300,حتی سنگین‌ترین بازی‌های HD نظیر Infinity Blade نیز کاملا روان و بی نقص اجرا شدند.,2,4,train
5701,با در نظر گرفتن تجهیزات سخت‌افزاری قدرتمندی که درون بدنه جای گرفته، بدنه‌ی باریک Galaxy S II در نوع خود یک شاهکار مهندسی محسوب می‌شود.,2,4,train
11078,قبل از اینکه ویدئوی این تبلت رو تماشا کنم فکر میکردم این تبلت در مقابل ایسوس ترانسفورمر و نیو آیپد حرفی برای گفتن نخواهد داشت اما حالا با کمی اغراق اعتراف میکنم بهترین تبلتیه که تاحالا دیدم,2,4,train
7507,و با توجه به قیمتش یک پیشنهاد عالی مخصوصا برای مهندسین هست.,2,4,train
1809,بهترین گوشی بازاره!,2,4,train
4375,به نظر من این همان ایفون 5 میباشد به شکلی خیلی زیباتر، شکیل تر و باریکتر و تمام امکاناتی رو که ایفون 5 داره اینم داره تنها از سیم کارت پشتیبانی نمیکنه البته میشه با یه دستگاه جی میت مکالمه اونم فعال کرد و یک گزینه خیلی خوبی هست برای کسانی که هزینه خرید ایفون 5 رو ندارن البته هنوز معلوم نیست قیمت اون چقدره.,2,4,train
2630,باید بگم نسبت به تست هایی که کردم خیلی خوب جواب داد در مورد فیلم برداریش باید گفت بد نیست و قابلیت این رو داره که از یک گردش و یا یک مراسم خانگی فیلم یادگاری بردارید اما در مورد عکس :باید گفت کیفیت عکسش نسبت به قیمتش خیلی خوبه چون الان اگر بخوای دوربینی با این کیفیت بخری (در مارک های دیگر مثل کنون ) باید بیشتر خرج کنی عکس هایی که به صورت آتلیه ای میگیره خیلی خوبه و رزولوشن بالایی داره عکس های طبیعتش هم خوبه و قابل تعریفه ولی مثل تمام دوربین های دیجیتال عکس های شبانه اش خیلی خوب نیست و یکی از اساسی ترین مشکل هایی که داره لنز ثابتش هست که قابل تعویض نیست ولی لنز خودش کفایت میکنه چون اولا اصلاح شده است و ثانیا زوم خیلی خوبی داره کیفیت رنگش هم خیلی خوبه و عکس های درستی میگیره و باید گفت جثه کوچک اون خیلی به نفع عکاسه چون همه جا جا میشه,2,4,train
2467,برای اونایی که گوشی های بزرگ رو دوست دارن، بهترین گوشیه!,2,4,train
4518,در ضمن از لحاظ لمس هم بسیار عالی عمل میکنه و اصلا قابل مقایسه با C7 دوستم نیست.,2,4,train
5783,این گوشی هم زیبا و هم قدرتمند با آپدیت شدن به آخرین نسخه آندروید نشون داد که سامسونگ کاملا از محبوبیت این گوشی در بین مردم دنیا آگاهه و میدونه که Galaxy S II نه تنها قدیمی نشده بلکه این گوشی همچنان رقیبی سر‌سخت برای سایر گوشی هایه هوشمنده موجود در بازار هستش.,2,4,train
12978,هرچند که کیفیت متن کمی پایین تر از حد انتظار بود ولی کیفیت چاپ گرافیک و عکس واقعا جزو بهترین های پرینترهای جوهر افشان چند کاره در این رده ی قیمتی است.,2,4,train
4760,من یه فیلمبردار هستم با دوربین های حرفه ای کار کردم این دوربین بااین کوچیکیش میتوونه با حرفه ای ها مقابله کنه حرف نداره اگه یه پایه حرفه ای داشته باشید واسه خودش غولیه,2,4,train
488,تجربه من بعد از داشته یک هفته ای این گوشی وقتی که برای بار اول گوشی در دست میگیرید کاملا متوجه کیفیت ساخت عالی و خوش دست بودن اون میشید.,2,4,train
2799,بدین معنی که وقتی آن را بر روی مود Smart Auto می‌گذارید، تبدیل به یک دوربین کاملا خودکار می‌شود، کافی است که آن را به سوی سوژه نشانه بروید و دکمه‌ی شاتر را بفشارید تا بهترین و با کیفیت‌ترین عکس گرفته شود.,2,4,train
3156,کاملا ازش راضی هستم .,2,4,train
9928,مطمئنا پس از یک سال و نیم همچنان یکی از با کیفیت‌ترین پنل‌های موجود بر روی گوشی‌های تلفن همراه می‌باشد.,2,4,train
10573,علاوه بر ظاهر دستگاه، می‌توان پیشرفت‌های بسیاری نیز در کیفیت ساخت G585 نسبت به G575 دید.,2,4,train
132,با توجه به لنز واید 25 میلی متری که بر روی این دوربین ها قرار گرفته، می توانید مطمئن باشید که در هر کادر می توان میدان دید گسترده ای را ثبت کرد تا بنابراین این دوربین کاملا مناسب عکاسی از منظره هم باشد.,2,4,train
9345,فلاش بالا جهنده با برد 5 متر نیز گزینه ی خیلی خوبی برای عکاسی از سوژه ها در شرایط تاریکی می باشد.,2,4,train
12289,فیلم برداری فول اچ دی: صحبت کردن در این مورد بسیار سخت است باید خودتون تجربه کرده باشید که باور کنید تصویر بسیار زنده و با کیفیت واقعا برای باور اول غیر قابل باور است عکس برداری: عکس برداری این مدل نیز عالی است و حرف های زیادی برای گفتن دارد.,2,4,train
4939,بازی آنلاین عالی با XboxLive .,2,4,train
10721,فیلم‌برداری Xperia TX نیز شرایط یکسانی دارد و بسیار خوب است.,2,4,train
12217,من رنگ سفیدش رو خریدم خیلی زیباست علاوه بر این یکی از پرسرعت ترین هاردهای بازاره و گارانتی خیلی خوبی هم داره.,2,4,train
8878,ارزش خرید خیلی بالایی داره,2,4,train
3123,همان‌طور که انتظار داشتیم، مرورگری اینترنت با GALAXY Tab 2 7.0 بسیار لذت بخش است.,2,4,train
5444,باطری هم بستگی به استفاده داره من خودم 2 روز 1بار شارژ میکنم و بنظرم باطریش مناسبه در ضمن کیفیت صفحه هم عالیه و عملکردش زیر نور آفتاب فوق‌العاده است برعکس خیلی از گوشی های دیگه,2,4,train
7382,البته قسمت استراحت مچ نیز همواره خنک است.,2,4,train
9579,بعد متوجه میشید که اپل چه غولی رو داده بیرون !,2,4,train
12303,با این قیمت یه دوربین از برند sony اونم Full HD - سرعت 60 فریم بر ثانیه واقعا عالیه,2,4,train
3622,پردازش فلز به کار رفته در این محصول با بخار منیزیم باعث مقاومت بیشتر آن گردیده و در کمال استحکام، لطافت بسیاری دارد که به کاربر حس خوبی را از در دست گرفتن آن می‌دهد و لذت کار با آن را نیز بیشتر می‌نماید.,2,4,train
573,این تاچ پد که از نوع مالتی تاچ می‌باشد، کاملا حساس و پاسخگو است و عملکردی عالی را از خود به نمایش می‌گذارد.,2,4,train
7769,با تشکر از سایت محبوب و پر تلاش دیجی کالا این محصول بهترین گزینه برای دانشجویان و اساتید در رشته های مختلف هستش، به ویژه که آی بوکش تقویت شده.,2,4,train
3401,HTC Windows Phone 8X گوشی بسیار قدرتمندیست که با طراحی زیبا و رنگ‌های جذاب خود و جنس پلی کربناتی بدنه که طبق رسم HTC از بهترین مواد تشکیل شده است، با معرفی توسط این کمپانی، توجه بسیاری را به سوی خود جلب نمود.,2,4,train
494,بعد از بازکردن بسته این گوشی، اولین چیزی که جلب توجه کرد، کیفیت ساخت این گوشی بود که بسیار فراتر از حد انتظار بود.,2,4,train
5868,در آخر باید بگم Samsung Galexy S II یک گوشی ماندگار و قدرتمند هست و یکی از بهترین گوشی‌های اندروید حال حاضر موجود در بازار.,2,4,train
7256,در حال حاضر بالاترین سخت افزار ارائه شده در گوشی های موبایل ، در این گوشی و یه مدل از اچ تی سی و سونی هست.,2,4,train
1464,264 را نیز دارد که عالیست.,2,4,train
2269,این گوشی خیلی فوق العاده است من منتظرم تا مدله one x plus بیاد تا اونو بخرم,2,4,train
11782,گوشی بسیار عالیه خیلی خوبه اونم با این قیمت!,2,4,train
5758,سرعت عکس‌برداری و فیلم‌برداری هم فوق‌العاده است.,2,4,train
7513,عالیه اگه الان ساعت 12 شب نبود خریدشو نمینداختم فردا.,2,4,train
8891,من یه ساله که این دوربینو دارم یه مشکلی که دیدم اگر برای افراد فیلمبرداری مهمه یکم تو فیلما لرزش احساس می شه و اصلا با یه دوربین فیلمبرداری قابل مقایسه نیست ولی عکسش عالی علیه.,2,4,train
2791,این لنز فوق‌العاده سریع است.,2,4,train
2744,با وجود این سخت افزار شاهد عملکرد بسیار خوب و روان دستگاه و واکنش سریع آن به دستورات خواهید بود.,2,4,train
12137,به هر صورت همانطور که گفتیم اگر از توانایی زوم 14 برابر بگذریم، L610 تقریبا بهترین دوربین سری L نیکون می باشد.,2,4,train
3284,برای مثال مدل 15.6 اینچی که از پردازنده Core i3 و کارت گرافیک مجزای GeForce GT 520MX استفاده می‌کند، در تست مرورگری اینترنت از طریق Wi-Fi و روشنایی صفحه متوسط، توانست بیش از 6 ساعت شارژ دهی کند که میزان بسیار خوبیست.,2,4,train
6993,بهترین تو دنیا,2,4,train
6481,همش خیلی عالیه,2,4,train
12964,اول اینکه 1 سوپرایز هنگامی که برای اولین بار روشن کردم برام به وجود اومد و این بود که دوستان در دی جی کالا در قسمت مشخصات کلی این پرینتر با دارا بودن wi fi اون اشاره نکرده بودن اما وقتی روشن کردم دیدم WI-FIهم داره کلی خوشحال شدم .,2,4,train
3693,بیشتر قسمت‌های بدنه‌ی آن هم از مواد قابل بازیافت بسیار عالی ساخته شده‌اند.,2,4,train
8821,"سلام من هم از طریق همین سایت با این دوربین اشنا شدم دوربین در مقایسه با قیمتش واقعا عالیه 1-طراحی خوب بدنه دوربین موقع دست گرفتن دوربین واقعا حس خوبی به ادم میده 2-زوم دوربین واقعا عالیه لرزشگیر دوربین هم خیلی کارش رو خوب انجام میده من قبلا فوجی تی 300 داشتم موقع عکس گرفتن از ماه عکسهای خوبی میگرفت ولی حتما با استفاده از سه پایه ولی این دوربین نمیدونم به خاطر شکل ارگونومی خوب که داره هست یا لرزشگیرش نسبت به t300بهتره بدون استفاده از سه پایه عکسهای خوبی میگیره بدون کمترین نویز زومش هم بقدری هست که چاله های روی ماه رو میشه دید 3-داشتن مودهای m,s,a,p این دوربین رو تبدیل به یک دوربین نیمه حرفه عالی کرده 4-فلش با برد 7متر تو این رده قیمت فکر نکنم تو برند دیگه ای اصلا پیدا بشه 5- داشتن چشمی جدا از حس داشتن یک دوربین حرفه ای در کاهش مصرف باطری واقعا عالیه 6-عکس برداری پی در پی خوبی داره دوربین قبلیم فقط تا سه عکس پشت سر هم میگرفت اما موقعی که این دوربین رو روی عکسبرداری پی در پی تنظیم کردم واقعا لذت بردم از خریدی که انجام دادم دوستان یکی از مشکلاتش رو نداشتن نشانگر باطری عنوان کردن که به نظر من زیاد مهم نیست چون شما میتونین با اولین شارژ باطری های دوربین تعداد عکسهای گرفته شده رو ببینیدو در شارژهای بعدی روی تقریبا همین تعداد عکس و زمان فیلمبرداری حساب کنید با تشکر از سایت خوب دیجی کالا که با معرفی و نقد خوب محصولات توسط کارشناسان و مصرف کنندگان در انتخاب محصول خوب به من کمک کرده اند",2,4,train
13081,این امکان آخری بسیار کارآمد و خوب می باشد و برای دیدن و خواندن راحت تر به کار می آید.,2,4,train
11547,واقعا دوربین بسیار بسیار خوبیه .,2,4,train
2871,در کل، با قیمت پایین‌تر نسبت به مدل‌های مشابه، این گوشی یک گوشی مقرون به صرفه با ارزش خرید بالا به شمار می‌آید.,2,4,train
6453,من تازه این هاردو خریدم واقعا پرسرعته و حرف نداره.,2,4,train
4485,طراحی این گوشی بسیار زیبا و خوش دست بوده و به دلیل وزن بسیار سبکی که دارد، نگه داشتن آن در دست بسیار لذت بخش است.,2,4,train
11170,واقعا عالیه چه از لحاظ قیمت و چه از لحاظ کارایی در حد مطلوبی!,2,4,train
12432,سلام گوشی خیلی خیلی خوبیه.,2,4,train
12595,به نظر من که عالیه من که خیلی راضیم ولی خیلی از صفحه کیبوردش استفاده نمیشه,2,4,train
11131,این‌ها مواردیست که باعث می‌گردد Note 10.1 به بهترین انتخاب برای طراحان و گرافیست‌ها تبدیل گردد.,2,4,train
1376,زوایای دید این صفحه نمایش واقعا عالیست به طوری که حتی اگر از بالا یا پایین به صفحه نمایش نگاه کنید، هیچ‌گونه تغییر خاصی در کیفیت صفحه نمایش مشاهده نخواهید کرد.,2,4,train
5997,دوربین های سونی واقعا عالیه مخصوصا این مدل,2,4,train
9603,این گوشی قویترینه حالا می بینید!,2,4,train
12318,کیفیت ساخت بالا 8.,2,4,train
11889,چنین نمایشگرهایی فقط به لمس نوک انگشت حساس می‌باشند و حساسیت بسیار بالاتری نسبت به نمایشگرهای مقاومتی را ارائه می‌دهند.,2,4,train
4088,ولی اگر می‌خواهید با آن موزیک گوش دهید می‌توانید برای حدود 50 ساعت با خیال راحت روی باتری آن حساب کنید که عملکردی فوق‌العاده محسوب می‌گردد.,2,4,train
8436,خیلی تلویزیون خوبیه من بیشتر کار با وای فای دارم عالیه از نظر من بهترینه,2,4,train
6801,بدنه ی این دوربین کاملا خوش ساخت درست شده و در رنگ های مختلفی نیز تولید شده است تا باب طبع سلیقه های مختلف باشد.,2,4,train
993,در قسمت بالای این دوربین نیز فلش بالا جهنده ای قرار گرفته است که خیلی قدرتمند است و بردی در حد 10 متر دارد.,2,4,train
4652,در مورد طراحیش باید بگم که خیلی عالی و قشنگه.,2,4,train
5317,در کنار تمامی محاسن عالی این تبلت (پردازش عالی-داغ نکردن-صفحه نمایش عالی-سخت افزار عالی-قیمت مناسب و ..,2,4,train
6412,بسیار از محصولات این شرکت راضی هستم,2,4,train
169,بدنه خارجی فلزی آن، کیفیت ساخت فوق العاده بالای آن را مشخص می کند و حتی با وجود بزرگ بودن گوشی، به لطف منحنی موجود در پشت آن و وزن مناسب آن، به راحتی در دست جای میگیرد و حس خوبی را به شما القا می کند.,2,4,train
5781,بعد از این آپدیت بسیار کار‌کردن با این گوشی لذت‌بخش‌تر از گذشته شد چرا که احساس میکنم گوشی قدرتمند‌تر از گذشته عمل میکنه و هم اینکه محیط این نسخه از آندروید فوق‌العاده کاربردی‌تر و جذاب‌تر شده و هم چنین بسیاری از امکانات Galaxy S III هم به بهش اضافه شده.,2,4,train
715,راجع به سخت افزارش بگم گرافیکش عالیه حتی واسه کارای سنگین.,2,4,train
8504,سیستم تصویر برداری این دوربین بسیار جالب است.,2,4,train
3664,مشخصه‌های بسیار کارآمد و امکان ضبط بر روی هارد 30 گیگابایتی یا کارت‌های حافظه SD از دیگر ویژگی‌های این دوربین به شمار می‌روند.,2,4,train
2340,من هم قبول دارم که بهترین گوشی هست.,2,4,train
7166,برای همین این دستگاه رو خریدم که هم موبایلم رو به بهترین آپگرید کنم، هم یکی از بهترین تبلت ها رو داشته باشم!,2,4,train
3554,واقعا با زیاد شدن رم این گوشی یکی از بهترین گوشیهای هوشمند در حال حاضر جهانه.,2,4,train
9709,واقعا با این قدرت و امکانات ارزش خرید داره,2,4,train
12784,اصلا اغراق نیست که بگیم آیفون ٤ یکه تاز بی همتا در بین همه فون هاست.,2,4,train
11175,canon بهترین کار رو کرد که سعی‌کرده full frame ارزان قیمتی رو به بازار بده که مسلما خیلی‌مورد توجه قرار میگیره و فروش خوبی خواهد داشت!,2,4,train
7073,خیلی قویه..,2,4,train
2851,در تست‌های انجام شده، این گوشی بدون هیچ مشکلی بازی‌های HD را نیز اجرا کرد و تقریبا می‌توان گفت که در اجرای تمامی برنامه‌ها، بسیار روان عمل نمود.,2,4,train
420,حسگر CMOS کیفیت خیلی بهتری داره و از نظر باطری خیلی کم مصرف تر هست  به نظر من که کیفیت عکس و فیلمش فوق العاده هست .,2,4,train
7126,این ویجت هم اکنون به نهایت خود رسیده است و کاربر را محو خود می‌نماید.,2,4,train
12212,طراحی بسیار جالبی داره ، دارای سرعت انتقال عالی ، نرم‌افزارهای کارامد و پشتیبانی از یو اس بی 3 هست و این امکانات در کنار گارانتی سازگار می تونه تضمین کننده کیفیت این هارد باشه ..,2,4,train
2844,رزولوشن 1280×720 پیکسلی این صفحه نمایش باعث می‌گردد که متن‌ها در آن بسیار واضح و خوانا به نمایش درآیند.,2,4,train
6966,برید کلیپ های این گوشی رو ببینید واقعا شگفت انگیزه!,2,4,train
11466,همه چیزش عالیه!,2,4,train
6059,خیلی عالی  خیلی باکیفیت خیلی سریع,2,4,train
6459,من این هاردو نخریدم اما دوستم داره و خیلی ازش راضی هستیم.,2,4,train
10304,شیک و خوش‌استایل(من رنگ مشکی شو گرفتم خیلی خوش‌ترکیبه).,2,4,train
6025,متون در فونت های معمولی و استاندارد 10 تا 12 کاملا شارپ و با رنگ مشکی عمیق هستند.,2,4,train
6274,اجرای بازی عالی اجرای برنامه عالی آنتن دهی عالی از همه لحاظ راضیتون می کنه .,2,4,train
4673,صفحه ی بسیار با کیفیت.,2,4,train
2765,یک تبلت 10 اینچی با کیفیت ساخت فوق‌العاده خوب، 32 گیگابایت حافظه داخلی، سخت افزار بسیار قدرتمند، دوربین‌های جلو و پشت با کیفیت و البته استاندارد مقاومت در برابر آب و ضربه مسلما تبلت ارزشمندی محسوب می‌گردد.,2,4,train
5665,برنامه های تدوین عکس و ویدئویی که سامسونگ بر روی این تبلت قرار داده است بسیار کامل است و با محیط ساده ای که دارند، بسیار مناسب کاربران مبتدی هستند.,2,4,train
5470,7- قابلیت Quick memo اش واقعا جالبه و با دکمه ای که بالای فبلت هست، واقعا کاربردی میشه.,2,4,train
7916,پی اس ویتا بهترین کیفیت صفحه‌نمایش در تمام دستگاه های قابل حمل جهان حتی بالاتر از رتینای آیفون 5.,2,4,train
6879,ولی این گوشیم هم باطریش خوبه هم سرعتش فوق العادست هم قیافه و جنس بدنه اش عالیه.,2,4,train
12440,بی نظیره,2,4,train
6466,سلام ، من این هارد رو یکماه پیش خریدم خیلی ظریفه ولی گارانتی خیلی خوبی داره از گارانتی اون مطمئن باشید چون از دستم افتاد و سازگار یک دستگاه نو به من داد.,2,4,train
12646,سلام با توجه به قیمت و امکاناتی که داره نسبت به گوشی های هم رده خود ؛گوشی بسیار با کیفیتی است درب آن بسیار نرم باز میشود واقعا لق نمی زنه دوربینه خوبی داره,2,4,train
11869,این نسخه تا به این تاریخ آخرین نسخه‌ی آندروید می‌باشد که به بازار عرضه شده و یک سیستم عامل فوق‌العاده قدرتمند و حرفه‌ای است که روز به روز فراگیر‌تر می‌شود.,2,4,train
8435,سلام تلویزیون خیلی خوبیه ولی واقعا متاسفم که باید یه تلویزیون خارجی رو انتخاب کنم..,2,4,train
3280,از لحاظ پردازش گرافیکی نیز، این لپ‌تاپ‌ها تنوع فوق‌العاده بالایی دارند و می‌توان در کانفیگ های مختلف از پردازشگرهای گرافیکی Intel GMA HD تا کارت گرافیک‌های مستقل قوی‌تر NVIDIA GeForce دید.,2,4,train
3830,با عینک‌های 3 بعدی سامسونگ می‌توانید تصاویر خارق‌العاده 3 بعدی را با دقت فول اچ دی تماشا 1080p نمایید.,2,4,train
10323,از لحاظ طراحی، Live with Walkman کمپانی Sony Ericsson ظاهر بسیار زیبا و به اصطلاح جوان‌پسندی دارد.,2,4,train
7391,در این بخش شما امکاناتی برابر با دستبند fuel nike خواهید داشت که از تمامی اطلاعات حرکتی شما در طول شبانه روز اطلاعات جمع آوری و در بخش fitness اطلاعات بسیار جالبی به شما ارایه خواهد داد .,2,4,train
3161,با این امکانات نسبت به قیمتش عالیه درسته که nexus7 سخت افزار بالاتری داره ولی همین GPRS که P3100 داره توی ایران که همه جا WiFi نداریم خیلی بدرد بخوره تازه اگه بخوایم از امکان مکالمه و SMS اون چشم پوشی کنیم,2,4,train
9702,بهترین اسمارت فون جهان,2,4,train
137,این دوربین ها مجهز به نمایشگر 2.7 اینچی 230000 پیکسلی می باشند که برای دوربین هایی در این سطح کاربری و قیمت کاملا مناسب هستند.,2,4,train
728,دوستان این مدل علاوه بر زیبایی منحصر بفرد و مات بودن صفحش که خیلی مناسب برای کار زیر نور آفتابه ، واقعا قدرت بالایی تو پردازش نرم افزارهای مهندسی داره ، واسه گیم هم که عالیه فقط توصیم اینه که برای مواقعی که میخواین گیم بازی کنین حتما از یه کول پد مناسب استفاده کنین ؛ اگه میخواید عمر لپ تاپتون هم زیاد باشه بیشتر از 2 ساعت مداوم از گرافیکش کار نکشید .,2,4,train
3539,فیلم‌برداری این گوشی نیز همانند عکس‌برداری آن بسیار عالیست.,2,4,train
2590,اول باید از دیجی کالا به خاطر ارسال بسیار سریع و با کیفیت تشکر کنم، بسته بندی کالا و نشان شبنم هم که روش بود خیالمو در مورد کیفیتش راحت کرد دوربین بسیار خوبیه، تنظیمات مختلف و زیادی داره، برای شرایط مختلف هم تنظیم متفاوتی داره، بسیار خوشدست و خوشگله، حس عکاس حرفه‌ای بودن رو میده!,2,4,train
11411,در کل عالیه به نظرم .,2,4,train
12412,در کل راضیم ازش و اصلا هنگ تو کارش نیست و دوربینشم عالی و تو هر شرایطی خوب عکس می گیره.,2,4,train
8011,مطمئن هستم وقتی قدرت زومش رو ببینید شیفته اش میشید.,2,4,train
12388,در تست‌هایی که انجام دادیم، کیفیت عکس‌های گرفته شده توسط TZ-18 در سطح خیلی خوبی قرار دارد.,2,4,train
1338,یک پلیر بی نظیر که واقعا ارزش خریدشو داره.,2,4,train
8553,ازش کاملا راضیم.,2,4,train
6322,به نظرم بهترین دو سیم کارته بازاره !,2,4,train
7727,"با اینکه سخت افزار هر دو دستگاه برابر هست ولی به راحتی میتونم بگم دستگاهی که به ios مجهزه حداقل هشت برابر بهتر,سریعتر,و قدرتمندتر کار میکنه.",2,4,train
11425,سلام من دیشب این گوشی رو خریدم حرف نداره دیشب تا صبح نخوابیدم و باهاش ور رفتم عاااالیه صفحه نمایش بسیار با کیفیت سی پی یو قوی تنها ایرادش نخوردن کارت حافظه است که عیبی نداره به نظر من گوشیه خاصیه دست هیچ کس نیست,2,4,train
12295,کیفیت فیلم برداریش خیلی عالیه.,2,4,train
2525,خیلی لپ تاپ خوبیه بهتون پیشنهاد می کنم که بخرید من ازش دارم و راضی هستم,2,4,train
11395,بی نهایت روونه ، کیفیت دوربین خوبه، فیلبرداری عالیه، هیچ لگی هم نداره,2,4,train
9310,سرعت فوکوس خودکار آن نیز چه در مود Live view و هنگام فیلم برداری و چه غیر از آن فوق العاده و مثال زدنی است.,2,4,train
11174,بسیار عالی‌!,2,4,train
10501,گوشی زیباوقوی.,2,4,train
1824,بهترین گوشی از لحاظ کیفیت ساخت و سخت افزار و سیستم عامل-واقعا معرکه است.,2,4,train
11722,من 1سال میشه این گوشی رو خریدم واقعا که حرف نداره و اگه دوربینش 8 بود با این قیمت از اس 3 هم بهتر بود اندرویدش 4.0.4 میشه مزایا: فیلم برداری HDو دوربین 5مگاپیکسل واقعی پردازنده1000 قیمت عالی نسبت به امکانات کوچیک و جمع و جور صفحه ضد خش و تاچ قوی در کل بهترین گوشیه,2,4,train
11400,صفحه نمایش عالی هست .,2,4,train
4419,قابلیت هایی مانند USB Host، گواهی PlayStation و همچنین قابلیت های مالتی مدیای خاص آن، این تبلت را به یکی از بهترین تبلت های هانی کامبی موجود در بازار تبدیل کرده است.,2,4,train
11944,تاچ گوشی بسیار روان که احساس خوبی به ادم دست میده.,2,4,train
2620,چند نکته: چند قابلیت خیلی خوب داره از جمله تشخیص پلک زدن  تشخیص لبخند و چهره بسیار قوی و ..,2,4,train
6028,این برای پرینت تک رنگ گرافیک ها کاملا مفید می‌باشد.,2,4,train
2700,سرعت عکاسی پیاپی هم با 6 فریم بر ثانیه تا 40 عکس JPEG و 10 عکس RAW خیلی عالیست و بیشتر از دوربین های DSLR سطح مبتدی است.,2,4,train
6807,این دوربین مجهز به لنز 25-200 میلی متر با توانایی زوم 8 برابر است که کمینه ی نسبت کانونی f/3.3 را ارائه می کند و کاملا خوب است.,2,4,train
8339,با آمدن SX50 در دنیای سوپر زومها بقیه رقبا هیچ حرفی واسه گفتن ندارن واقعا لنگه نداره تو رده خودش عالیه هم فیلمبرداریش هم عکاسی حتی در شرایط نوری ضعیف .,2,4,train
470,خیلی خوشگل و جذابه,2,4,train
4974,اتصال به ویندوز مدیا سنتر با رابط بسیار زیبا .,2,4,train
7221,قیمتش واقعا به صرفه است!,2,4,train
2682,همانطور که گفتیم این عملکرد برای دوربینی با سنسور تصویر APS-C فوق العاده است و کیفیتی در حد دوربین های DSLR دارد.,2,4,train
145,همه جا میتونی ازش استفاده کنی مخصوصا اگه جاهای تفریحی یا توی مراسمی کسی بخواد  عکس یا فیلم یادگاری داشته باشه واقعا این دوربین یه پیشنهاد عالی هست چون با توجه به اندازه کوچیکش واقعا کیفیتش عالیه .,2,4,train
5548,در خصوص سخت افزار گوشی باید بگم پردازشگر چهارهسته ای قدرتمند Nvidia بسیار عالی جواب میده و سرعت عکس العمل گوشی در شرایط مختلف در حد مطلوب هستش البته اگر سیستم عامل اندروید و قابلیت استفاده از منابع رو در نظر داشته باشیم باید گفت که پردازشگر 4 هسته ای و 2 هسته ای تقریبا در یک رده هستند ولی باز هم آفرین به این سخت افزار.,2,4,train
6026,این کیفیت برای استفاده هایی که p1102 بدان منظور ساخته شده کاملا کافی می‌باشد.,2,4,train
10160,در کل گوشی خوبیه و همیشه برای کسایی که دوست دارن یه گوشی خوب و قوی و کوچیک داشته باشن، کاملا مناسبه,2,4,train
11843,به هر حال گوشی بسیار خوبیه حتی اگه قیمتش هم بشه بالای 400 هزار تومان باز هم ارزش خرید رو داره.,2,4,train
12672,همسرم مهندس IT هست و تقریبا با همه امکانات گوشی کار کرده و به نظرش بی نظیره.,2,4,train
2182,سیستم عامل:سیستم عامل iPhone OS یا همون i OS بی نظیره در حد دیگر رقبا بی نظیره حالا که ورژن 6 این سیستم عامل در این گجت وجود دارد میتوان گفت واقعا ارزشمند است و رقیب ندارد!,2,4,train
12503,فیلم‌برداری Xperia V نیز شرایط یکسانی دارد و بسیار خوب است.,2,4,train
13078,مرورگر Safari را می توان بهترین مرورگر وب برای دستگاه های کوچکی چون پخش کننده های موسیقی دانست.,2,4,train
7772,باز هم عالیه.,2,4,train
11861,نزدیک دوماه میشه این گوشیرو خریدم واقعیتش بنظر ما این گوشی نسبت به امکاناتش مثل صفحه نمایش بسیار شفاف و تاچ خیلی عالیش و فیلمبرداری اچ دی و سیستم عامل اندروید بسیار حرفه ایش و شکل و شمایل خوبش و جمع وجور بودنش باید بالای 500 هزارتومان میشد من بعنوان یک شخص واقعا علاقمند به گوشی اینو به همه پیشنهاد میکنم .,2,4,train
480,وای عجب گوشی هستش من ازش خوشم اومده حتما یکی ازش میخرم هم ارزونه هم اینکه همه جور امکاناتی داره خیلی هم خوشگله,2,4,train
540,نسبت به قیمتش عالیه.,2,4,train
3865,فقط در همین حد اشاره می‌کنیم که علاوه بر فن آوری هایی که در این دوربین به کار رفته، از نظر طراحی نیز یکی از بهترین‌ها می‌باشد.,2,4,train
10417,در این حالت کمینه‌ی نسبت کانونی نیز f/3.1 است که برای عکاسی در شرایط نوری ضعیف تر بسیار خوب است.,2,4,train
9665,گوشی واقعا زیبایی است.,2,4,train
10112,به هر صورت همانطور که گفتیم، G2710 برای استفاده های چند منظوره ی خانگی و دفاتر کار کوچک، و همچنین علاقه مندان به عکاسی و کسانی که می خواهند عکس های آنالوگ خود را به دیجیتال تبدیل کنند اسکنر خیلی خوبی است.,2,4,train
9140,همچنین وزن این دستگاه نیز 114 گرم است که بسیار مناسب است.,2,4,train
7993,من که خیلی راضی هستم,2,4,train
9101,ولی این یک هفته ای که Desire V رو گرفتم واقعا از کار کردن باهاش لذت می برم.,2,4,train
9623,واقعا انتظاراتو برآورده کرده.,2,4,train
2751,فقط فوجیتسو قالب آن‌را منطبق بر طراحی بدنه تغییر داده است که انصافا تغییر بسیار زیبا و مفیدی بوده است.,2,4,train
9212,از این مورد که بگذریم کیفیت عکسها بسیار عالی است و با وجود پردازنده جدید DIGIC5 کاملا مشهود است.,2,4,train
10213,واقعا گوشی خوبیه.,2,4,train
6813,htc butterfly به معنای واقعی یک گوشی سطح بالاست و میتونه هر کاربری حتی حرفه ای ها رو راضی کنه .,2,4,train
4337,من شخصا آیپاد تاچ نسل چهار دارم که دستگاهی واقعا شگفت انگیزه..,2,4,train
8268,حرفه‌ای ترین مود عکاسی که بر روی این دوربین ارایه می‌شود و بیشترین اختیارات در تنظیمات نوردهی را به کاربر می‌دهد مود Program است.,2,4,train
12471,این گوشی به لطف پردازنده ی دو هسته ای نسل جدید ، باتری بهتر و طراحی فوق العاده و همچنین ضد آب و ضد ضربه بودن دارای اقبال زیادی در فروش خواهد بود و سونی موبایل نشان داد که در زمینه ی اسمارت فون هر روز قدرتمند تر عمل می کند .,2,4,train
5185,کیفیت تصویر همه بازیها هم تاحالا عالی بوده.,2,4,train
40,فضای کمی اشغال میکند و به دلیل سه کاره بودن خیلی از دست آن راضی خواهید بود و سرعت خوبی هم دارد برای نصب هم نیاز به سی دی ندارید و در مدت زمان کمی نصب میشه.,2,4,train
3116,این پردازنده همان مدلیست که در گوشی Galaxy Nexus نیز استفاده شده است و پردازنده فوق العاده قدرتمندیست.,2,4,train
9501,کیفیت تصویرش هم نسبت به 4s واقعا بالاتره.,2,4,train
1411,واقعا محشره,2,4,train
5973,نمایشگر بسیار با کیفیت می‌باشد و کادر بندی و تماشای عکس‌ها از طریق آن بسیار لذت بخش است.,2,4,train
9453,خیلی کوچیک و جمع و جوره .,2,4,train
4399,به کمک این سخت افزار قدرمند، محیط کاربری بسیار روان است، هیچگونه کاهش سرعت و یا به اصطلاح Lagی در آن مشاهده نکردیم.,2,4,train
9034,در ضمن کمینه‌ی نسبت کانونی f/2.7 را ارائه می‌دهد که باعث می‌شود 245 HS تبدیل به یک لنز بسیار سریع شود.,2,4,train
3643,اما با وجود استفاده مایکروسافت از پنل Touch و LCD در یک لایه، دید در زاویه و همچنین عملکرد این صفحه نمایش در زیر نور آفتاب، بسیار عالی و راضی کننده خواهد بود.,2,4,train
12097,سرعت شاتر هم کاملا قابل کنترل است.,2,4,train
3635,در کل، باید بگوییم که طراحی این تبلت از طراحی تبلت ها تا به امروز که یا از پلاستیک و یا از آلومینیوم بودند متفاوت می‌باشد و یک نوآوری توسط مایکروسافت محسوب می‌گردد که بسیار دوست داشتنی است.,2,4,train
344,در زیر دستگاه، دو بلندگوی استریو تعبیه شده‌اند که صدای بسیار خوبی را تولید می‌کنند.,2,4,train
11020,واقعا تبلت محشریه چه از لحاظ استایل و چه از لحاظ سرعت.,2,4,train
2797,حساسیت سنسور نیز تا 3200 بالا می‌رود که خیلی خوب است.,2,4,train
11233,به هر صورت باید گفت که 6D خبر خیلی خوشحال کننده ای برای کسانی است که دوست دارند یک DSLR فول فریم باز هم ارزان قیمت تر داشته باشند.,2,4,train
7535,در قسمت پشت این دوربین نیز نمایشگر 2.7 اینچی 230000 پیکسلی قرار گرفته که برای این دوربین خیلی خوب و مناسب است.,2,4,train
2151,تجربه ی شخصی ام نشان می دهد که اگر چه گالکسی اس تری گوشی محبوب و خوبی هست ولی آیفون واقعا چیز دیگری است و از لحاظ سهولت کاربری نرم افزار ios و گستره بی نظیر نرم افزارهای مرتبط و امکاناتی مانند پیام رسانی ، سرچ در دفترچه تلفن و کلیه محتویات و نوت های ایجاد شده و کتب الکترونیکی ، سهولت تماس، قابلیت بسیار آسان در وبگردی و کپی برداری از صفحات وب ، آیفون برنده ی بی رقیب میدان است.,2,4,train
12374,"نمایشگر 3 اینچی نیز کیفیت 230,000 پیکسل را ارایه می‌کند که خیلی خوب است.",2,4,train
562,کیفیت تصاویر تولید شده شفاف و رنگ‌ها نیز کاملا طبیعی و زنده هستند.,2,4,train
9983,فیلم‌برداری هم مثل عکاسی کیفیتی کاملا عالی دارد.,2,4,train
10170,درآخر باید اعتراف کنم که سی‌پی‌یو اون تحت هیچ شرایطی کم نمیاره.,2,4,train
5219,این اسپیکرها به راحتی می‌توانند صدایی با کیفیت تر و بلندتر از متوسط نوت‌بوک‌ها‌ی همرده تولید کنند.,2,4,train
10964,اینترنت فوق العادست خیلی روان و از فلش پشتیبانی میکنه.,2,4,train
10839,خیلی مناسب.,2,4,train
9612,"از لحاظ کار کردن و سرعت فوق العادست اما پیش از انتشار, کلیپ هایی از ایفون 5 دیده شد که امکانات فوق العاده ای رو نشون میداد مثل کیبورد مجازی یا افتادن تصویر در خارج گوشی و ..",2,4,train
2070,بهترین نسخه سیستم عامل در کنار بهترین سخت افزار .,2,4,train
10164,از این بهتر نمیشه,2,4,train
3165,من 2 ماه که این تبلت رو از دیجی کالا خریدم و در این رنج قیمت بهترین تبلت.,2,4,train
8197,اما نسخه ی Black یا مشکی از همه جذاب تر است، این دوربین توانایی فیلم برداری 4K را ارائه می دهد!,2,4,train
3070,سرعت اجرا بسیار بالا است و مصرف باتری نیز مناسب است.,2,4,train
3358,زیباترین و خوش‌دست ترین و چابک‌ترین و جذاب ترین و ..,2,4,train
3191,با دو بلندگوی با کیفیت و استریو لذت موسیقی رو حس کنید اندروید استفاده شده هم به خوبی از زبان فارسی پشتیبانی می کنه و من تا به حال ندیدم هنگ کنه و سرعت قابل ملاحضه ای داره البته نسخه 4.1 هم برای این تبلت آماده شده و هم اکنون نسخه ی هند اون منتشر شده که با نصب اون سرعت دستگاه بالاتر هم میرود از نظر کارهای پردازشی و رم و سی پی یو مطمئن باشید از پس همه چیز به خوبی برمیاد و کمبودی احساس نمیشه جالب ترین چیزی که توجه منو به خودش جلب کرد جی پی اس اونه که فوق العاده قوی عمل می کنه در کمتر از 10 ثانیه وصل میشه و حتی از داخل خونه و سقف پوشیده هم با دقت بالایی عمل می کنه و نیاز نیست که حتما در محیط باز باشید.,2,4,train
5778,گوشی بسیار خوبی هستش مخصوصا اینکه آپدیت هم براش اومده و همونطور که دوستان گفتن بعد از آپدیت هم سطح گوشی‌های مطرح بهتر میشه,2,4,train
5360,از نظر کیفیت تصویر، صدا، سخت افزار و سرعت پردازش اطلاعات عملکرد بسیار عالی دارد.,2,4,train
2995,من امروز این تبلتو از دیجی کالا خریدم من قبلا هم با new ipad کار کردم از نظر دوربین این تبلت فوق العاده است و اصلا دوربین ایپد با این قابل مقایسه نیست از نظر پردازنده این تبلت هیچ کندی نداره و همه چی روونه ایپد هم مثل همین و اما صفحه نمایش من که لذت بردم ، هیچ صفحه نمایشی حتی به گرد پاش هم نمی رسه حتی ایپد هم نمی تونه به روشنایی و کیفیت فوق العاده این برسه من قبلا با ایپد کار کردم ولی الان که با این کار می کنم اصلا ایپد با این قابل مقایسه نیست.,2,4,train
1732,ولی وقتی که iPhone 5 رو خریدم اصلا نمیتونم با گوشیهای اندرویدی کار کنم واقعا که حرف نداره .,2,4,train
7787,در کل، جنس بدنه این تبلت را بی اغراق برترین در بین 7 اینچی‌ها می‌دانیم.,2,4,train
3555,سامسونگ و ال‌جی همیشه بهترینن.,2,4,train
5336,پردازنده چهار هسته ای قدرتمند و سخت افزار بسیار خوب در تبلتی ارزون..,2,4,train
2619,من فارق التحصیل گرافیکم امروز بعد از سالهای سال حس عکاسی بهم دست داد فوق العاده ست هم کیفیتش هم شکلش هم قیمتش پرفکت نامبروان دیجی کالا متشکریم.,2,4,train
3573,لولاها و چارچوب لپ‌تاپ بسیار مقاوم ساخته شده و به راحتی می‌توانند ضربات کوچک ایجاد شده، مصارف روزمره را تحمل کرده و دچار خمش یا پیچش نخواهند شد.,2,4,train
7400,سلام بالاخره منم گرفتمش فقط میتوم بگم فوق العاده س اسم باتری اش چهار سلولی هستش ولی راحت هفت ساعت الی هشت ساعت شارژ نگه میداره الانم با اون اومدم نت خیلی شیک و جذاب و با سرعت زیاد و .,2,4,train
7150,"من 1 هفته قبل عید این هارد رو از digikala خریدم قبل خرید از هر فروشنده ای سوال کردم , گفتن : اول وسترن نشد سیگیت ( البته از نظر سرعت ) بعد با بخش مشاوره برای فروش digikala تماس گرفتم ایشون هم گفتن از نظر سرعت وسترن عالیه حالا که من حدود 1 ماهه دارمش از نظر خودم عالیه ( سرعت ( فوق العاده ) اندازه و کیفیت و وزن ( مناسب) امنیت و زیبایی ( عالی ) فقط ضد آب نیست.",2,4,train
10961,از لحاظ سرعت عالیه با وجود سی پی یو 4 هسته ای و 2 گیگابایت رم.,2,4,train
786,این میزان قدرت سخت افزاری برای گوشی در این رده بسیار مناسب است و موجب عملکرد روان و سریع آن در حین انجام کار های مختلف می‌شود.,2,4,train
8020,این دوربین از لنز بسیار عالی 24-840 میلی‌متری بهره می‌برد.,2,4,train
11556,حالت های اتوماتیک و از پیش تنظیم شده بسیار زیاد و متنوعی داره.,2,4,train
2814,سنسور تصویر 16 مگا پیکسلی به شما کمک می‌کند که جزئیات را خیلی دقیق ثبت کنید و لنز فوق‌العاده‌ی 25 میلی متری آن که کمینه‌ی نسبت کانونی f/2.5 را ارائه می‌دهد نیز بسیار عالیست.,2,4,train
4650,یه نکته ای رو که فراموش کرددم بگم این بود که کیفیت صفحش واقعا عالیه.,2,4,train
3846,با فیلم های بسیار جالبی که دیجی کالا از نحوه کار با این دستگاه تهیه شده، دیگه هیچ شکی باقی نمی مونه که این تلویزیون یکی از محبوب‌ترین کالاهای صوتی و تصویری دنیاست .,2,4,train
7273,این چشمی رزولوشن 260000 پیکسل را ارائه می دهد که رزولوشن خیلی بالا و خوبیست.,2,4,train
9024,ظاهر این دوربین کاملا کلاسیک است و کاملا در کف دست هم جای می‌شود.,2,4,train
7284,دوربین خوبیه عکس های که باهاش گرفتم خیلی خوبه امادر فیلم برداری سوژه رو چند لحظه گم می کنه وبعداز چند ثانیه فوکس می کنه اما در عکس گرفتن می تونم بگم بی نظیره.,2,4,train
7240,خیلی شگفت انگیزه!,2,4,train
6069,کیفیت چاپ اول خیلی عالیه.,2,4,train
12091,من الان یه ماهی دارمش ازش خیلی راضیم عالیه فقط اگه یه مقدار دوربینش عالی بود بهتر می شد,2,4,train
4381,به محض در دست گرفتن این تبلت، اولین چیزی که توجه شما را به خود جلب خواهد کرد، طراحی منحصر به فرد آن است.,2,4,train
3189,با سلام نسبت به دو مدله قبلی عالیه به دوستان پیشنهاد میدم از سایت دیجی کالا خرید کنن چون قیمتا خوب میفروشن و مطمئنه,2,4,train
8919,فیلمبرداری فوق العاده و عکس های واضح و با نویز کم شما رو شگفت زده میکنه.,2,4,train
5442,گوشی فوق‌العاده‌ایه .,2,4,train
376,این دوربین با ابعادی کاملا مستطیلی شکل ساخته شده و همانند دیگر دوربین‌های سری Ixus بسیار استایلیش و زیبا می‌باشد.,2,4,train
1741,گوشی فوق العاده خوب با سرعت پردازش بسیار بالا مخصوصا برای کسانی مثل من که همیشه با اینترنت و ایمیل سروکار دارند.,2,4,train
12664,سلام به همه دوستان من حدود 1 ماهی میشه که این گوشی رو خریدم در یک کلمه میتونم بگم عالی,2,4,train
7207,سلام دوستان، چند ماهی هست که منتظر پدفون 2 بودم، همه چیزش محشره، دانشجوی ارشدم یعنی همیشه کلی مقاله و کتاب به صورت pdf دارم که بخونم، کدنویسی میکنم و One note و Excel و Power point جز جدانشدنی ام هستن.,2,4,train
6295,واقعا گوشی خوب و عالی هست من خریدم امروز  کیفیت دوربین و فیلمبرداری واقعا عالیه ..,2,4,train
12786,خیلی خیلی عالیه من خریدمش واقعا بی نظیره هم از لحاظ کیفت تصویر و هم از نظر وضوح و شفافیت خیلی عالیه کیفیتش واقعا عالیه من که ازش خیلی خیلی راضیم حرف نداره,2,4,train
3984,"در نهایت بخاطر کیفیت فیلم‌برداری بهتر دوربین سونی ، نمایشگر بزرگتر و بسیار با کیفیت‌تر اون و اینکه به روزتر و پیشرفته‌تره و امکانات بیشتری داره و همچنین بخاطر شکل ظاهر بهتر دوربین سونی , این دوربین رو خریدم.",2,4,train
7639,به نظر من عالیه .,2,4,train
7974,اگر قصد خرید این دوربین رو دارید ، شک نکنید ، این دوربین یکی از سوپرزوم ها دوربین هاست و زوم فوق العاده ای داره .,2,4,train
7678,با سلام من یه دونه اش را دارم خیلی ازش راضی ام کیفیت فوق العاده ای داره روی سیستم که میریزم کیفیتش مشخص میشه باطری فوق العاده ای هم داره,2,4,train
7692,سلام خیلی به درد میخوره.,2,4,train
7885,بعد از باز کردن قفل صفحه نمایش، با تصویر پس زمینه متحرک معروف ایسوس که بر روی دیگر تبلت های آن نیز وجود دارد مواجه می‌شوید که واقعا زیبا و دوست داشتنی است.,2,4,train
4983,در ضمن به نظر من بهترین مدل این کنسول هم Elite هستش چون با داشتن یک هارد قوی می تونید بازی ها رو ، روی اون نصب کنید تا در حین بازی هم سرعت لود بالا بره و هم دستگاه اذیت نشه همچنین این دستگاه لوازم جانبی بسیار خوبی هم داره که احتیاجات کاربران را حل میکنه .,2,4,train
6810,در کل همانطور که گفتیم، Z3000 دوربین کامپکت بسیار خوبیست که امکانات خیلی خوبی را ارائه می دهد.,2,4,train
7917,این محصول شگفت‌انگیز است.,2,4,train
7246,واقعا عالیه از دیدنش شگفت زده شدم,2,4,train
4721,دوربین 8 مگا پیکسلی واقعی ((من واقعا ازش راضیم))3.قدرت پردازشی بسیار عالی در برابر قیمت4.زیبایی بیش از حد آن5.قابلیت آپدیت به اندروید((4.0.4)) ازطریق نرم افزار SONY Update Service6.,2,4,train
9498,دوربینش فوق العاده.,2,4,train
3271,در پایین کیبورد، تاچ پد بزرگ دستگاه قرار دارد که از کیفیت و حساسیت بسیار بالایی برخوردار است.,2,4,train
12001,واقعا عالی بود و اصلا عملکردش تو سایتای سنگین کند نشد.,2,4,train
5229,من این لپ تاپ رو نزدیک یک سال هست که دارم خیلی عالیه از نظر قدرت سخت افزاری که فوق العادست من به بازی های سنگین و با گرافیک علاقه دارم که توی این لب تاپ همش جواب میده بدون اندکی کاهش سرعت!,2,4,train
3544,به علاوه، سامسونگ قابلیت‌های بسیار جالبی (مانند Smart Stay، Direct Call و S Voice) به سیستم عامل اندروید اضافه کرده است که تا به امروز بر روی هیچ گوشی اندرویدی دیگری مشاهده نکرده بودیم.,2,4,train
1023,اما یک ویژگی بسیار خوب که بین آن‌ها مشترک می‌باشد، گیرنده‌ی داخلی GPS است.,2,4,train
8341,بعد از کلی تحقیق sx50 رو خریدم ، دوربین خیلی خوبیه (شاید هم تلسکوپه خوبیه)، فوکوس0 سانتی متر عالیه ، کیفیت عکس و فیلم برداریش هم خیلی خوبه(حرف نداره البته نه در مقایسه با دوربینای حرفه ای ) .,2,4,train
1934,بهترین گوشی حال حاضر دنیاست.,2,4,train
6379,عکس‌های 8 مگاپیکسلی فوق‌العاده شارپ و با کیفیت هستند.,2,4,train
485,اگه از هنگ های اندروید خسته شدید و هوس کردید یه گوشی خوش قیافه، پر دوام و بسیار خوش دست رو همراه داشته باشید که کارای اساسی اسمارت فون ها رو انجام می ده - و البته برنامه های کمتری نسبت به اندروید داره - این لومیای جذاب رو بخرید.,2,4,train
11700,در کل تو خریدش شک نکنید در این رنج قیمتی بهترینه.,2,4,train
6266,ضمنا 95 درصد امکانات نرم افزاری SIII و نوت 2 در این گوشی وجود داره و در این رنج قیمت عالیه.,2,4,train
4027,رینگ قرار گرفته روی لنز دوربین خیلی کاربردیست و خیلی راحت میشه دوربین رو کنترل کرد.,2,4,train
34,این پرینتر فوق العاده است.,2,4,train
4972,قابلیت های مولتی مدیا ۳۶۰ خیلی خوب هستند مثل اتصال به ویندوز برای اجرای فیلم .,2,4,train
10679,سرعت و روانی گوشی واقعا خیره کنندست و کار باهاش لذت بخشه.,2,4,train
4333,بسیار عالی است تا قبل از این آیپاد یک آیفون بدون سیم کارت نبود اما الان تبدیل شده به یک آیفون 5 بدون سیم کارت پس با قیمت دلاری صد در صد ارزش خریدن را دارد .,2,4,train
3610,در نهایت اگر جزو کسانی هستید که به دنبال یک لپ‌تاپ خوب و مناسب برای انجام کلیه کارهای روزانه هستید و تمایل ندارید که هزینه زیادی پرداخت کنید، Acer Aspire E1-531 یک انتخاب بسیار خوب محسوب می‌شود.,2,4,train
2611,همه چیزش خوبه و نسبت به قیمتش واقعا عالی هست عکس های خوبی میگیره سریع هست حس عکاسی حرفه ای رو به کاربرش میده.,2,4,train
7460,اگر ویدیوها را در سایزهای کوچک و بر روی کامپیوتر مشاهده کنید و یا اینکه فیلم برداری کلوزآپ انجام دهید، ویدیوها خیلی خوب به نظر می‌رسند.,2,4,train
8551,فیلمش عالی نیست ولی خوبه بعد عکسشم نویز نداره ویدئو HD و Full HD رو به راحتی بدون هیچ مشکلی پخش میکنه 4 کلید خازنی پایین گوشی مثله شب نما عمل میکنن و نیاز به چراغ ندارن سرعت گوشی عالیه قفل تشخیص چهره مثله اس تیری و بقیه گوشی هایی که آندوید 4 دارن داره بلندی صدای عالی و کیفیت صدای فوق العاده باطریش فوق العاده و خوب شارژ نگهداره کیفیت صفحه نمایشش فوق العاده هست به نظر من تنها مشکلش فیلمشه ولی اونم خیلی بهتر از گوشی های نوکیا و سامسونگ و سونی اریکسون همرده هست.,2,4,train
8318,با اینکه One X از صفحه نمایش غول آسای 4.7 اینچی استفاده می‌برد، تنها 130 گرم وزن دارد.,2,4,train
12663,من این گوشیو به تازگی از این سایت خریدم و خیلی راضی بودم با تشکر از digikala,2,4,train
12395,این دوربین لنز بسیار خوبی دارد که می‌تواند میدان دید خیلی باز تا بزرگنمایی‌های خیلی زیاد را پوشش دهد.,2,4,train
6134,به نظر من که پدیده ی فوق العاده ای هستش و از Ps3 خیلی بهتره.,2,4,train
771,اما یادتون باشه که همیشه یه بهترینی بهتر از بهترین هست اما تو این رنج قیمت اینی که روبروتونه بهترینه !,2,4,train
12191,همچنین 100D از این مزیت بهره می برد که می توانید از همه ی لنزهای کانن بدون استفاده از آداپتور M Mount بر روی آن استفاده کنید.,2,4,train
12548,تا جایی که به ویدیو مربوط می‌شود ضبط 720p HD واقعا عالی بود.,2,4,train
2711,بی دلیل نیست که سایت دیجی کالا عنوان خوش عکس ترین دوربین سال را به این اعجوبه داده است.,2,4,train
9108,گوشی فوق العاده ای است,2,4,train
135,بدین ترتیب که برای عکاسی با آن ها کافیست که دوربین را به سوی سوژه نشانه بروید و دکمه ی شاتر را بفشارید تا مناسب ترین و با کیفیت ترین عکس گرفته شود.,2,4,train
9141,طراحی انحنا دار و بدنه پلاستیکی این گوشی موجب می‌شود تا در دست گرفتن و کار کردن با آن بسیار راحت باشد.,2,4,train
1332,بجز این هیچ mp3 player ای نخرین چون اپل بهترینه.,2,4,train
6416,شک نکنید که با این وضع بهترینه 3 هفته پیش خریدم اگر دنبال هارد هستید زمان رو از دست ندید,2,4,train
8021,این لنز در فاصله‌ی کانونی 24 میلی‌متر بسیار واید می‌باشد و به راحتی می‌تواند میدان دید بسیار گسترده‌ای را پوشش دهد تا به راحتی بتوانید در یک کادر عکس یک چشم‌انداز گسترده‌ی طبیعی را بگیرید.,2,4,train
2338,من مدت هاست4sدارم، واقعا اینکه میگن مشتریان اپل بهش وفادارند راسته، من دیگه هرکاری میکنم نمیتونم از آیفونم جدا بشم، قدرت، کیفیت ساخت بدنه، صفحه نمایش بی نظیر، سیستم عامل بی رقیب، هیجان اپلیکیشنهای فوق العاده و.,2,4,train
52,گوشی بسیار زیبا و مدگرا میباشد,2,4,train
6064,من هم حدود 5ماه هست که دارم برای کاربرد خانگی عالی هست,2,4,train
9656,بازم یه شاهکاره دیگه از اپل,2,4,train
1277,این گوشی رو از همین سایت به عنوان هدیه خریدم گوشی خوش ظاهر و خوش دستی هستش پاسخ دهی تاچش خوبه اندازه خیلی مناسبی داره و واقعا کاربردیه قیمتشم خیلی خوبه,2,4,train
6445,فقط میتونم بگم فوق العاده ست.,2,4,train
10062,عملکرد خود تاچ پد و کلیدهای پایین آن بسیار خوب و رضایت بخش می باشد.,2,4,train
1840,گوشی فوق العاده سریع.,2,4,train
8062,البته انقلابی که می‌توان آن را بیشتر به مدد سنسور تصویر جدید و پیشرفته‌ای دانست که باعث شده کیفیت تصویر تا حد چشمگیری بالا برود و در ضمن قابلیت ضبط ویدیویی Full HD و عکاسی با سرعت 10 فریم بر ثانیه هم امکان‌پذیر شوند.,2,4,train
8175,همانطور که گفتیم، Hero 3 جدیدترین و بهترین هایی هستند که تا به حال به بازار آمده اند و به جرئت بهترین دوربین های ورزشی حساب می شوند.,2,4,train
3700,مرورگر اینترنت آن هم بسیار عالیست و پیشرفت بسیار خوبی نسبت به نسخه‌های پیشین داشته و همچنین از محتوای Flash هم پشتیبانی می‌کند.,2,4,train
1347,برای ریختن آهنگ به دستگاه یه برنامه داره که خیلی راحت نصب میشه آهنگای مورد علاقتونو اونجا انتخاب میکنین و به محظ اینکه دستگاه به رایانه وصل میکنید خودکار شروع به انتقال میکنه خیلی برنامه جالبیه.,2,4,train
10643,گوشی عالیه من خودم تا چند روز دیگه میخوام بخرم تو خریدش شک نکنین,2,4,train
9250,بدین ترتیب سرعت و دقت فوکوس خودکار در هنگام فیلم برداری فوق العاده بالا می رود.,2,4,train
2529,سلام خیلی خوبه بخرین.,2,4,train
5733,پاسخگویی عمومی گوشی واقعا مثال‌زدنی ست.,2,4,train
10900,سخت افزارشم کم نظیر وقدرتمنده.,2,4,train
10753,البته از محسنات این دوربین سونی میشه به لنز وایدتر، ارگونومی و شکل زیباتر، فیلمبرداری کماکان عالی ، نمایشگر باکیفیت ، عکس های شارپ و کیفیت ساخت بالای سونی اشاره کرد.,2,4,train
1780,به نظر من بهترین گوشی دنیا هست,2,4,train
9021,در کل به جز ایراداتی که در بعضی موارد مانند بالا آمدن فلاش به هنگام روشن شدن و نداشتن دکمه‌ی فیزیکی مستقیم Delete برای پاک کردن عکس‌ها به آن وارد است، دوربین Canon SX230 HS یکی از بهترین و کامل‌ترین دوربین‌های کامپکتی است که تا به حال دیده‌ایم.,2,4,train
12609,از هر نظر عالیه رنگ نقره بسیار شیک میباشد خیلی خوش دسته.,2,4,train
11640,بازی های HD رو هم خیلی خوب اجرا میکنه.,2,4,train
3654,با استفاده عادی از آن مانند مرورگری اینترنت، تماشای ویدئو، کار با آفیس، بازی و یا گوش دادن به موزیک، چیزی حدود یک روز این تبلت شارژدهی می‌کند که عملکرد بسیار مناسبیست.,2,4,train
3947,کیفیت تصاویرش خیلی خوبه.,2,4,train
12381,اما سرعت عکاسی پیاپی این دوربین فوق‌العاده است به طوری که توانایی عکاسی پیاپی با سرعت 10 فریم بر ثانیه در رزولوشن کامل را دارد.,2,4,train
8598,واسه گوشیهای اسمارت بهترین اولویت انتخاب باتری میتونه باشه خیلی گوشی زیبا و شکیلی هستش از نظر طراحی و همچنین فکر نمیکردم صفحه نمایشش اینقدر با کیفیت باشه این گوشی تو این رنج قیمت بهترین گوشی دوسیم کارته هستش,2,4,train
12320,بسیار قدرتمند ------------------------ از نقاط ضعفش هم میشه گفت: 1.به حالت کلی نقطه ضعفی نداره ------------------------ اما در مقایسه با دوربین کانن مدل sx-130 که داداشم داره میشه گفت که عکس های برابری دارن اما توی فیلم برداری این مدل سونی به لطف فیلم برداری فول اچ دی به مراتب کیفیت بهتری داره، ضمن اینکه به لحاظ طراحی هم این مدل سونی بسیار سرتر هست.,2,4,train
6230,همانند عکس‌های گرفته شده، کیفیت فیلمبرداری این گوشی نیز بسیار خوب و رضایت بخش است.,2,4,train
5712,در عوض همه‌ی کنترل‌های لمسی و غیر لمسی ارگونومی بسیار خوبی دارند و عملکردشان کاملا راضی‌کننده است.,2,4,train
108,به هر صورت همان‌طور که گفتیم، F660 دوربین کامپکت سوپر زوم بسیار خوبیست که از ویژگی‌ها و فن آوری های خیلی پیشرفته و خوبی بهره می‌برد.,2,4,train
10809,تجربه مشاهده خود را با کیفیت برتر تصویر ارتقا بخشیدلذت مشاهده را با کیفیت برتر تصویر ارتقا داده و تجربه بسیار واقعی‌تر و واضح‌تر و جذاب‌تری از سرگرمی‌داشته باشید.,2,4,train
12874,خود من روزانه 200 پیامک ارسال میکنم و موقع خرید همش این تو ذهنم بود و دلم رو میزد ولی وقتی دستم گرفتم دیدم بازخورد دکمه هاش واقعا خوب و راحته صدای آنچنانی هم نداره و اصلا روی اعصاب نیست.,2,4,train
6623,منوها خیلی استاندارد می‌باشند و پیش از این شبیه به آن را بر روی دوربین های فیلم برداری پیشین کانن هم دیده بودیم.,2,4,train
8660,این کارایی با این قیمت بسیار عالی است.,2,4,train
8890,GPS روی این دوربین واقعا عالیه,2,4,train
2138,قدرت پردازنده عالی٤.,2,4,train
12617,کارهای سنگینی از گوشی کشیدم تا ببینم چقدر تحمل داره ولی تا حالا خدا رو شکر هیچ وقت کم نیاورده.,2,4,train
6035,جای کمی را بر روی میز اشغال می‌کند و سرعت و کیفیت پرینت خیلی خوبی هم دارد.,2,4,train
11930,بهترین و زیبا‌ترین تبلتی هست که تا حالا دیدم.,2,4,train
4407,یکی از بهترین تغییراتی که سونی روی این تبلت انجام داده است، موزیک پلیر آن است که یکی از زیباترین موزیک پلیرهایی است که تا به امروز مشاهده کرده ایم.,2,4,train
10004,• طراحی، ساخت و صفحه‌ی نمایشطراحی گوشی پدفون در یک کلمه زیباست.,2,4,train
4050,از هر لحاظ که بخای انتظاراتمو تقریبا برآورده کرده مخصوصا با زومی فوق‌العاده‌ای که در حین فیلم برداری داره.,2,4,train
9902,استفاده از ابزار صوتی Siri در این گوشی باعث محبوبیت چندین برابر این گوشی درمیان کاربران شده است.,2,4,train
371,با توجه به قیمتش عالیه,2,4,train
2142,واقعا زیبا و خوش دست و اعتیاد آور وقتی اولین بار ایفون 2g رو تو دستم گرفتم و قفل صفحه نمایش اونو باز کردم احساس کردم دوسش دارم پوشش Oleophobic روی صفحه نمایش نمیزاره که انگشت روی صفحه نمایش موقع کشیدن گیر کنه و به همین دلیل لمس کردن ایفون لذت بخشتر از لمس کردن گوشیهای لمسی دیگه است که این 100% اعتیاد آوره و اونایی که ایفون دارن موقعی گوشیشونو عوض میکنن که بخوان اونو به ایفون جدید ارتقا بدن ios مثل زندان میمونه فقط با همون محیط کاربری باید کار کنی به نظر من این خودخواهیه*به قول استیو جابز ما بهتر از مصرف کننده تشخیص میدیم که مصرف کننده چی میخواد* اما رابط کاربری رو اینقدر ساده طراحی کرده که از بچه کوچیک گرفته تا پیرمرد راحت میتونه ازش استفاده کنه در کل دوستانی که تو انتخابشون بین ایفون5 با گلکسی نوت2 گیر کردن و دو دل هستن موقعی به آرامش میرسن که هر دوتاشو با هم داشته باشن,2,4,train
5461,کیفیت رنگ‌هاش هم فوق‌العادست.,2,4,train
12414,به نظرم تو این رنج قیمت بهترین گوشی.,2,4,train
3649,با وجود این سخت افزار مناسب و البته سیستم عامل روان ویندوز که همواره با مدیریت خوب بر حافظه رم، سرعت مناسبی را به کاربر ارائه نموده است، تمامی کارها در این تبلت با سرعتی بسیار خوب انجام خواهند شد.,2,4,train
5991,یک دوربین عالی برای خانواده ها که هیچ کمبودی در اون احساس نمیشه عکس خوب، فیلم خوب، باطری خوب، فلاش خوب، امکانات خوب و ..,2,4,train
9196,بهترین دوربین حرفه ای هست که تا الان دیدمش,2,4,train
7729,این یه واقعیته که ios واقعا یه چیز دیگست و تنها دلیل شهرت و موفقیت اپل همین ios هست.,2,4,train
3590,تاچ پد نیز به خوبی طراحی شده و از حساسیت و کیفیت بسیار بالایی برخوردار است.,2,4,train
5451,گوشی بسیار جالبیه با امکانات سخت‌افزاری و نرم‌افزاری بسیار قوی.,2,4,train
5227,بنابراین اگر به دنبال یک نوت‌بوک مالتی مدیا 14 اینچی خیلی خوب هستید، N43SM گزینه‌ی خیلی خوبی است.,2,4,train
12302,سلام خدمت همه دوستان من این دوربینو بعد از کلی تحقیق و آزمایش مدل های هم رده امروز(14-12-91) گرفتم، واقعا تحسین بر انگیزه باید حتما با عکس چند مدل دیگه مقایسه بشه تا بفهمی از لحاظ عکاسی چقدر معرکه است، تصویربرداریش حرفی واسه گفتن نمی ذاره,2,4,train
5825,من نزدیک 1 ساله این گوشی رو دارم و واقعا محشره (البته اگه اندروید 4 رو روش نصب کنید که دیگه فوق‌العاده میشه !,2,4,train
3567,سخت افزار معرکه‌ای داشت که معرکه‌تر شده  با وجود رم 2 گیگ دیگر آیفون از رقابت خط خورد,2,4,train
9277,در ضمن در مدتی که با آن کار کردیم متوجه Bug خاصی نشدیم و به نظر می رسد که برای نخستین تلاش، کانن خیلی خوب کار کرده است.,2,4,train
9998,واقعا هیجان انگیز و فوق العادست!,2,4,train
288,3.صفحه نمایش فوق العاده است بنده اس 2 هم داشتم اما ion زمین تا آسمون در صفحه نمایش از اس 2 و خیلی گوشی ها بازار بهتره نمره 9 از 10.4.,2,4,train
3272,"سامسونگ واقعا در ساخت این لپ‌تاپ‌ها با توجه به قیمت پایینی که دارند، طراحی و مواد اولیه فوق‌العاده خوبی را به کار برده و به اصطلاح ""سنگ تمام گذاشته است!",2,4,train
2599,فکر میکنم دوربین خیلی خوبی باشه با این امکانات!,2,4,train
6519,حمل و نقلشم واقعا آسونه آخه خیلی جمع و جوره و کوچیکه.,2,4,train
5731,در کنار چنان سخت‌افزار قدرتمندی، سیستم‌عامل کاملا حرفه‌ای و جذاب Android 2.3 با واسط کاربری TouchWiz 3.0 قرار دارد.,2,4,train
12654,همه چی تمومه هم قیافه هم سخت افزار,2,4,train
5800,حالا هم که در خدمتتون هستم واقعا از گوشی راضی‌ام ، اگر بخوام مقایسه کنم سرعت تاچ ویز و کاربردی‌تر بودنش خیلی بهتر از سادگی سونی هست همه چیز هم جلوی دست آدمه گوشی من سری G نیست و ساخت چین .,2,4,train
5237,و در آخر؛ من عاشقش شدم!,2,4,train
8469,من 1سالی میشه این دوربینو دارم ، در کل ازش خیلی راضیم ، از چند چیزش که خیلی خوشم اومد اینان : 1-کیفیته فیلمش بهترینه .,2,4,train
8585,من این گوشی رو واسه دو تا از همکارانم از همین سایت خریداری کردم که واقعا شگفت انگیز است نسبت به این قیمت در برابر سایر رقبا .,2,4,train
9941,این ویژگی می‌تواند برای بسیاری وظایف به کار آید مانند ارسال پیام متنی، پیدا کردن یک محل مانند یک رستوران یا هر محل دیگری، تنظیم ساعت و تنظیم زمان زنگ زدن ساعت و یا هر وظیفه‌ی دیگری که بخواهید.,2,4,train
12102,از مزایای بسیار مفید دوربین فیلمبرداری JVC GZ-MG335، این است که قابلیت فیلمبرداری با کیفیت خوب در شب را دارد.,2,4,train
5827,در کل گوشی‌های سری NOTE و S سامسونگ محشرن و قابلیت‌های فوق‌العاده‌ای دارند.,2,4,train
2444,به دلیل رزولوشن بالایی که این سنسور ارائه می‌دهد، جزئیات می‌توانند با تفکیکی بسیار عالی ثبت شوند.,2,4,train
10096,درب اسکنر خیلی محکم ساخته شده و لولاهای آن به شکلی قرار دارند که می توانند به طور کامل و تا 2.5 سانتی متر بالا بیایند تا حتی اگر قصد اسکن کردن کتاب قطوری را هم داشتید مشکلی برای بستن درب نداشته باشید.,2,4,train
6979,حیرت انگیزه,2,4,train
6545,یک پردازنده چهار هسته ای از نوع Cortex-A9 با فرکانس 1.2 گیگاهرتز به همراه یک گیگاهرتز حافظه رم و پردازشگر گرافیکی بسیار قدرتمند، تشکیل دهنده سخت افزار این تبلت می‌باشند.,2,4,train
302,در کل گوشی عالی است و من هم ازش راضی هستم و تا الان (2/1/2013) در این رنج قیمت بهترین است .,2,4,train
4502,گوشی بسیار خوبیه.,2,4,train
8714,این گوشی رو به چند دلیل سفارش دادم :1- دوسیم کارت بودن 2- صفحه 4.3 اینچی با تراکم پیکسلی 217 3- دوربین8 مگا با دوربین مکالمه ویدیویی 4- باتری 2460 میلی آمپر ساعت 5- پردازنده دوهسته ای 6- ضخامت کم 7- قیمت ارزان 8- زمان عرضه کالا 2013 هستش و اندروید 4 ----------- امیدوارم که انتظاراتم رو برآورده کنه -- ممنون از دی جی کالا,2,4,train
10214,خیلی خوش‌دسته.,2,4,train
4418,در مجموع تبلت Sony S یک تبلت بسیار عالی با قیمتی مناسب است که با طراحی چشم نواز و منحصر به فردی که دارد، خود از سایر رقبای هم رده خود متمایز میکند.,2,4,train
12573,فرصت کوتاهی در استفاده از این دستگاه داشتیم ولی در هفته‌ای که آن را به عنوان گوشی اصلی خود استفاده کردیم و تحت استفاده‌های خیلی سنگین قرار گرفت کارش عالی بود.,2,4,train
2323,به هر صورت همانطور که گفتیم SZ-14 از انواع ارزان قیمت‌تر دوربین های کامپکت سوپرزوم المپوس می باشد که دارای لنزی قدرتمند با توانایی زوم بسیار عالی 24 برابر است.,2,4,train
10434,بدین ترتیب که مثلا اگر دوربین را بر روی مود SR Auto قرار دهید، به یک دوربین کاملا خودکار در عکاسی تبدیل می‌شود، کافیست که آن را به سوی سوژه نشانه بروید و دکمه‌ی شاتر را بفشارید تا دوربین خود به صورت هوشمند نوع صحنه، شرایط نوری، نقاط فوکوس و دیگر پارامترها را تشخیص دهد و همه‌ی تنظیمات را بر روی بهترین حالت قرار دهد تا بهترین و با کیفیت ترین عکس تولید شود.,2,4,train
3563,گوشی عالی بود عالی‌تر شد.,2,4,train
7543,از نظر ساخت عالیه از نظر کیفیت هم عالیه,2,4,train
12020,اما این کیفیت صفحه نمایش محشری داره و سخت افزار خوبی هم داره.,2,4,train
7796,یک پردازنده دو هسته ای با فرکانس 1 گیگاهرتز از نوع A5 به همراه 512 مگابایت حافظه رم و البته پردازشگر گرافیکی PowerVR SGX543MP2 که باعث می‌گردد عملکرد سخت افزاری این تبلت نیز همانند دیگر محصولات اپل، بدون نقص و بسیار عالی باشد.,2,4,train
2608,اما ارزش این در مقابل قیمتش واقعا بالاتره.,2,4,train
6809,عکاسی با این دوربین کار بسیار ساده و راحتیست، از آن جایی که این دوربین یک دوربین Point to Shoot یا نشانه و عکس است، کافیست که آن را بر روی مود اتوماتیک قرار دهید، آن را به سوی سوژه نشانه بروید و دکمه ی شاتر را بفشارید تا بهترین و با کیفیت ترین عکس تولید شود.,2,4,train
12035,خلاصه تو مقام مقایسه با هم ردیفای خودش عالیترینه,2,4,train
10243,صدا و گرافیکش محشره.,2,4,train
9126,به نظر من بهترین دوسیم کارته تولید شده تا به امروزه و من حتما میخرمش.,2,4,train
2589,با عرض سلام وخسته نباشید به شرکت دی جی کالا دوربین فوجی به دستم رسیده واقعا دوربین خوب و با کیفیت هست .,2,4,train
11324,در حقیقت در این شوتینگ مود می‌توانید همه‌ی پارامترهای نوردهی از جمله سرعت شاتر، دیافراگم،‌ایزو و همه ی دیگر تنظیمات را بر عهده بگیرید تا کاملا حرفه‌ای، دلخواه و خلاقانه عکاسی کنید.,2,4,train
11627,واقعا عالیه .,2,4,train
4154,کیفیت ساخت خیلی خوبی داره.,2,4,train
7529,عکاسی با این دوربین کار فوق العاده ساده ایست بدین ترتیب که می توانید آن را به سوی سوژه نشانه بروید و با فشردن دکمه ی شاتر با کیفیت ترین تصویر را تهیه کنید.,2,4,train
8079,امکاناتی که داره خیلی بهتر از اون دوتاست.,2,4,train
9131,اگه گوشی حرفه ای میخواین حتما اچ تی سی بخرین.,2,4,train
1117,به نظر من این بهترین هارد موجود است البته 3 سال گارانتیش خیلی عالیه اما مهمتر اینه که این هارد خیلی خوب از اطلاعات شما محافظت میکنه نسبت به هاردهای دیگر ولی همانطور که دوستان دیگر اشاره کردند پورت اتصال کابل نسبت به خود کابل کمی ضعیف است,2,4,train
12643,صداش واقعا عالیه، دوربینشم خیلی خوبه.,2,4,train
6695,XR160 عمل فوکوس خودکار را حتی در شرایط نوری ضعیف خیلی سریع و دقیق می‌تواند انجام دهد.,2,4,train
3283,میزان شارژ دهی این باتری در کانفیگ های مختلف، بسته به پردازنده، پردازشگر گرافیکی و سایز صفحه نمایش، متفاوت است ولی میزان شارژ دهی همگی بسیار خوب بوده و فراتر از رقبای هم قیمتشان است.,2,4,train
5654,کیفیت ساخت این تبلت بسیار بالاست و با وجود اینکه بدنه ای تمام پلاستیکی دارد، هنگامی که آن را در دست می‌گیرید متوجه استحکام بالای آن خواهید شد.,2,4,train
12890,.کیفیت بلندگو عالی.,2,4,train
12485,در کل، گوشی‌های ساخت سونی همواره از صفحه نمایش‌های بسیار با کیفیت و رضایت بخشی برخوردارند که این مورد در مورد Xperia V نیز صدق می‌نماید.,2,4,train
11184,این دوربین فوق العاده محبوب بود چرا که کیفیت بالا را با قیمتی کاملا مناسب ارائه می داد.,2,4,train
9512,البته امکانات عجیب آیفون هم قابل تحسینه,2,4,train
11394,سلام، بالاخره خریدمش حرف نداره.,2,4,train
8343,من که از هر نظر راضیم .,2,4,train
5234,حدود یک هفته ای میشه که این نت بوک رو از دیجی کالا تهیه کردم و ممنونم به دلیل بسته بندی بسیار عالی که نگرانی بزرگ من در خرید اینترنتی بود، خدارو شکر که دیجی کالا تو این مورد سنگ تموم گذاشت.,2,4,train
7780,قبل‌تر در مورد آیفون 5 به طور کامل گفته بودیم گه با ورود به بازار به دلیل قطر 7.6 میلی متری خود شگفتی همگان را بر انگیخت، حال آیپد مینی از آیفون 5 هم باریک‌تر تولید گردیده است.,2,4,train
59,توانایی زوم 5 برابر هم برای آن خیلی مناسب است ولی از همه بهتر کمینه ی نسبت کانونی f/2.8 آن است که باعث می شود عملکرد این دوربین در شرایط نوری ضعیف خیلی بهبود یابد.,2,4,train
1512,گیرنده دیجیتال فراسو مدل FDR-211 با امکانات جدید، کیفیت ساخت فوق‌العاده و استفاده از تکنولوژی‌های روز به بازار عرضه شده است.,2,4,train
7659,ال جی جدیدا داره سنگ تموم میذاره,2,4,train
8340,سوپر زوم فوق العاده عالی,2,4,train
11617,• سخت افزاراز نظر سخت افزاری این دستگاه استثنایی است.,2,4,train
9810,در کل همانطور که گفتیم، WX170 و WX100 از جمله پیشرفته ترین دوربین های سری WX تا زمان خود می باشند و از فن آوری های بسیار عالی بهره می برند.,2,4,train
2489,در کل کیفیت نمایشگرها نسبت به رده‌ای که نوت‌بوک‌ها در آن قرار دارند بسیار عالیست.,2,4,train
6645,سپس برای فیلم برداری کافیست که دکمه‌ی Rec را بفشارید و آن را به سوی سوژه نشانه بروید تا بهترین و با کیفیت ترین فیلم‌ها گرفته شوند.,2,4,train
11403,طراحی هم منحصر به فرد هست .,2,4,train
8502,بدین ترتیب که کافیست دوربین را به هر سو که می‌خواهید نشانه روید تا به صورت خودکار همه‌ی پارامترها را بسنجد و بهترین تنظیمات را برای صحنه‌ای که در حال فیلم برداری از آن هستید را انجام دهد.,2,4,train
2740,همچنین در زیر نور مستقیم آفتاب نیز عملکرد آن بسیار مناسب است.,2,4,train
2368,مصطفی فولادی: اپل همیشه پر قدرت ظاهر شده و بسیار شور رو هیجان در دل طرفدارانش بر می انگیزد و بسیار خوب است که یک کمپانی یکه تاز در دنیا باشد.,2,4,train
11827,"صفحه نمایش فوق العاده با کیفیت,کافیه نمایشگر این گوشی رو با گوشیهای هم رده از نظر قیمت سامسونگ مثل Galaxy Fit یا Gio مقایسه کنین، خودتون متوجه میشین صفحه نمایش Xperia mini راحت 1 نسل جلوتره 3.",2,4,train
11519,اما جالب‌ترین قابلیتی که به برنامه دوربین اندروید 4.2 اضافه شده است، امکان عکس‌برداری 360 درجه ای یا Photo Sphere است که به کاربر این امکان را می‌دهد که بتوانند عکس‌های سه بعدی بسیار زیبا و با کیفیتی تهیه کنند.,2,4,train
5404,نرم افزار نسخه 4 سیستم‌عامل قدرتمند و محبوب اندروید، سیستم عامل منتخب ال جی برای این گوشی می‌باشد.,2,4,train
553,طراحی سری 4540s همانند اکثر لپ‌تاپ‌های کمپانی HP، بسیار ساده و در عین حال شکیل است.,2,4,train
587,طراحی فوق‌العاده با روکش فلزی، امکانات امنیتی بسیار بالا و پورت‌های فراوان، مدل 15.6 اینچی HP 4540s را به یک لپ‌تاپ ایده آل برای مدیران، مهندسین و در مجموع کاربران اداری تبدیل کرده است.,2,4,train
11892,این در حالی است که دوربین آن علاوه بر توانایی در عکاسی 5 مگاپیکسلی توانایی فیلم‌برداری HD را هم دارد که فوق‌العاده است.,2,4,train
3861,ارگونومی، طراحی و ساخت آن نیز کاملا عالی، با کیفیت و اصولی می‌باشد تا در هنگام عکاسی تسلط کامل را بر دوربین داشته باشید.,2,4,train
2523,اگر طراحی و کیفیت بسیار عالی ASUS را می‌پسندید و در ضمن قصد دارید تا نوت‌بوکی با سخت افزارهای مورد نیاز و سایز مناسب خود را داشته باشید، ASUS X انتخاب خوبیست.,2,4,train
2455,به هر صورت همانطور که گفتیم، W630 مدل دیگری از دوربین‌های کامپکت ارزان قیمت سونی می‌باشد که امکانات و کیفیتی بسیار عالی را ارائه می‌دهد و عملکرد لنز آن در شرایط نوری ضعیف نیز فوق العاده است.,2,4,train
9460,اکنون، تمامی دکمه های معمول پلیرها؛ از جمله دکمه های Play&Pause و سایر دکمه ها حذف شده اند و به جای آن یک صفحه لمسی با رابط کاربری فوق العاده وجود دارد.,2,4,train
11414,یک اسمارت فون جذاب و پر کاربرد ..,2,4,train
11245,عالیه، واقعا ازش راضیم فرشید رضایی از شیراز,2,4,train
3653,اما شارژ دهی این تبلت نیز بسیار خوب است.,2,4,train
269,از بین مدل هایی که تا حالا سونی بیرون داده این بهترینشه و ارزش خرید زیادی داره.,2,4,train
9185,من این دوربین 1 ماهی میشه که خریدم و کاملا ازش راضیم البته بعد از 2 ماه تحقیق بین این و نیکون 5100 و 600 کنون.,2,4,train
10345,ولی در افقی کار کردن با کیبورد گوشی بسیار راحت و لذت‌بخش است.,2,4,train
4329,این یکی از بهترین هاست.,2,4,train
10548,اما همانند بسیاری دیگر از گوشی‌های ساخت سونی، این گوشی نیز می‌تواند برای کاربر نقش یک مدیا پلیر بسیار خوب را بازی کند.,2,4,train
1990,سرعت کلی گوشی بیشتر به نوع چیپست و سیستم عامل بستگی دارد که چیپست بسیار قدرتمند A6 با بهره گیری از سیستم عامل IOS6 سرعت بسیار زیاد را ارائه میدهد .,2,4,train
11124,ضمنا سامسونگ در Note 10.1 از سریع‌ترین مرورگر دنیا یعنی کروم استفاده نموده است.,2,4,train
7752,دوباره میگم بهترین تبلت.,2,4,train
141,این دو دوربین توانایی فیلم برداری با رزولوشن HD را نیز دارند که عالیست.,2,4,train
3724,گوشی بسیار عالی هستش .,2,4,train
12256,"همه چیزش عالیه,مثلا تو تاریکی کامل میشه عکس هایی رو گرفت که واقعا شگفت زده میشین,عکس های پانورامای خوبی میگیره حتی از سوژه های متحرک,فیلم برداریش معرکه است,ولی تا حالا فرصتی پیش نیومده که عکس هاس سه بعدیش یا پانورامای سه بعدیشو چک کنم ,چیزی که دوستای عزیز دیگمون هم اشاره ای بهش نداشتن!",2,4,train
11734,سلام به همگی این گوشی در نوع خودش بینظیره و تا حالا 8 نفر رو فرستادم این گوشیو بگیرن و گرفتن و راضی بودن با این قیمت هیچ گوشی بهش نمیرسه در خریدش شک نکنید و چون پردازنده 1000 دارد ممکنه مصرف باتری نسبت به رقبا بیشتر باشد برای مشکل کلید بک هم بگم سری جدید هم مشکل دارد اما با روت کردن میشه درستش کرد اگرم خاستین میتونید به 4 اپدیت کنین و مشکل حل میشه حتما برای گوشی قاب یا کیف بخرید چون کوچیکه زود از دست در میره و در اخر میگم که از خرید این گوشی پشیمون نمیشید موفق باشید,2,4,train
4234,من این گوشی را امروز از همین سایت دی جی کالا خریدم ، گوشی بسیار زیبا و خوش‌دستیه ، جنس کاور پشتش بسیار لطیف و دوست‌داشتنیه ، تاچ بسیار خوب و پشتیبانی عالی و کامل از زبان فارسی داره ، به همه افرادی که دنبال یک گوشی خوب هستند اما هزینه هم براشون مهمه ، این گوشی زیبا را توصیه می کنم ، تنها موردی که جای مطرح کردن داره اینه که اثر انگشت خیلی سریع روی صفحش جا می گذاره ، که فکر می کنم اون هم حتما چاره داره,2,4,train
9717,بازم اپل از رقیب هاش جلو زد,2,4,train
9168,جمع بندی بدون شک HTC Desire V جزو بهترین گوشی های دو سیم کارته موجود در بازار است زیرا سایر آن‌ها اکثرا بسیار ساده و ابتدایی هستند.,2,4,train
8470,2-کیفیت ساختشم حرف نداره مثل محصولات دیگه ژاپنی 3-دقت و تاچ صفحه که خوبه و نمیشه ایراد خاصی ازش گرفت .,2,4,train
7197,به نظر من واقعا فوق العاده اس ارزش خریدو داره.,2,4,train
2552,در مقایسه با دوربینای هم قیمتش یکی از بهترینهاست,2,4,train
7502,به یکی از دوستان هم پیشنهاد کردم و برای ایشون هم از این سایت خرید کردم.,2,4,train
1823,بهترین گوشی موجود در بازار,2,4,train
7528,VG-150 دوربین بسیار کوچک، باریک، سبک و ارزان قیمتیست که همانطور که گفتیم برای کاربرانی ساخته شده که با بودجه ی خیلی محدود به دنبال دوربینی مناسب می باشند.,2,4,train
4594,صفحه نمایشش فوق‌العادست.,2,4,train
11269,باید بگم عالیه بی نظیر واقعا معرکه است,2,4,train
6400,گوشی گلکسی اس 2 یکی از بهترین گوشی‌های نسل گلکسی به حساب می‌آید و در زمان معرفی خود فروش خیلی خوبی را نیز تجربه کرد.,2,4,train
11848,واقعا بی نظیره، خیلی ازش راضیم.,2,4,train
8263,در کل به نظر ما این دوربین یکی از جالب ترین طراحی‌ها را دارد و با توجه به رنگ آمیزی زیبا و بدنه‌ی فلزی براق هم، Elph 520 HS به یک دوربین شاخص تبدیل شده است.,2,4,train
12579,جمع بندینمی‌خواهیم غلو کرده باشیم ولی iPhone 4 بهترین گوشی تلفن همراهی است که می‌توان در بازار یافت.,2,4,train
9786,و کیفیت گرفتن عکس آن بسیار واضح و پرکیفیت و عالی می باشد و فیلمبرداری آن هم بسیار عالی و بسیار با کیفیت و فوق العاده است.,2,4,train
4512,خیلی خیلی خوبه عالیه,2,4,train
7506,این مدل با بدنه الومینیومی و ویندوز اورجینال طراحی بسیار شیکی دارد.,2,4,train
4866,به نظرم xbox خیلی خیلی بهتره!,2,4,train
10847,سلام دوستان 2 تا خبر عالی واستون دارم یکی اینکه الان به آندروید 4.1 جلی بین آپدیتش کردم عالی تر شد فوق العاده حتما وقتی کامل باهاش کار کردم نقدش رو هم میذارم.,2,4,train
5617,سبکه و فوق العاده اس,2,4,train
6283,من یک هفته است این گوشی را دارم گوشی بسیار عالی است.,2,4,train
6537,این رزولوشن، باعث می‌گردد تراکم پیکسلی این صفحه نمایش 226ppi باشد که بسیار مناسب است.,2,4,train
10150,بسیار خوش‌دست، طراحی خوب و سرعت مناسبی داره.,2,4,train
7395,واقعا عالیه..,2,4,train
56,در قلب این دوربین یک سنسور تصویر 16 مگاپیکسلی CCD قرار گرفته که رزولوشن خیلی بالایی را ارائه می دهد و در شرایط نوری مناسب می توانید عکس های با کیفیتی را با آن تهیه کنید.,2,4,train
11527,گوگل ادعا کرده است که Nexus 4 سریع‌ترین گوشی هوشمند ساخته شده تا به این تاریخ است و این ادعا تا حدی واقعیت دارد.,2,4,train
8129,من پس از مقایسه این گوشی با سایر گوشی ها باید بگم که این گوشی در مقایسه با گوشی های هم رده اش بهترین است,2,4,train
7890,به همین دلیل سرعت و دقت مسیریابی بسیار بالایی را ارائه می‌دهد.,2,4,train
2685,کیفیت عکاسی در شب نیز همانند دوربین های DSLR عالیست به طوری که می توانید نوردهی به مدت 30 ثانیه و یا حتی حالت Bulb برای نوردهی نامحدود را نیز انتخاب کنید.,2,4,train
2316,این دوربین مجهز به لنز 25-600 میلی متری با توانایی زوم 24 میلی متر می باشد که هم حالت واید بسیار عالی را ارائه می کند و هم توانایی زوم آن در سطح بسیار بالا و خوبی قرار می گیرد.,2,4,train
8917,دوربین بسیار خوب با قابلیت فیلمبرداری عالی!,2,4,train
5941,نخست اینکه رزولوشن آن فوق العاده زیاد است و به خوبی می‌تواند تفکیک جزئیاتی بسیار عالی را از خود به نمایش بگذارد.,2,4,train
5508,منم به احتمال زیاد پس فردا یکی میخرم به نظرم با توجه به قیمتش عالیه!,2,4,train
1522,• عملکرد آسان - کلیدهای کامل بر روی دستگاه، کنترل باریک با برد مناسب، منوی آسان و فارسی,2,4,train
192,فوق العاده هستش.,2,4,train
8349,بیشتر از قیمتش می ارزه و دوربین بسیار کار امدی است.,2,4,train
7751,با تشکر از سایت عالی دیجی کالا,2,4,train
10025,به هر صورت همانطور که گفتیم، R30 دوربین سطح مبتدی دیگری از کانن می‌باشد که ویژگی‌های خیلی خوب و نزدیک به دوربین M52 را ارائه می‌دهد.,2,4,train
813,بهترین دو سیم کارته,2,4,train
12449,با سلام خدمت همگی سال نو مبارک گوشی فوق العاده ای هست نسبت به گوشی هایی که در این رنج قیمت هستند در مورد xperia sl هم باید بگم xperia v به لطف چیپست krait با این که 1.5ghz هست از sl که 1.7ghz هست ، قویتره دوربین هم قویتره کلا باید بگم گوشی خوبیه ، من بین این گوشی و xperia tx و xperia t گیر کردم البته باید ضد اب بودنش رو هم در نظر گرفت.,2,4,train
10627,واقعا هم خوش دسته,2,4,train
9113,در کل با این که این گوشی 2 سیم کارته هست و فقط مورد نیاز افرادی هست که می خواهند از شر 2 تا تلفن این و رو اون ور بردن خلاص بشن و هم یک گوشی شیک و زیبا و با امکانانت داشته باشند به نظرم این انتخاب خیلی معقولانه و به صرفه ای هست.,2,4,train
6490,هارد واقعا عالیه از کف دست کوچیکتر و با کارایی و سرعت بالا.,2,4,train
9339,با این حال همین سنسور تصویر نیز می تواند عملکرد خیلی خوبی داشته باشد و به خصوص تفکیک جزئیات بالایی را ارائه دهد.,2,4,train
9343,"اما نکته ی خیلی خوب درباره ی این دوربین، پیچ تنظیم مودهای عکاسی آن است که در قسمت بالا قرار گرفته و از آن طریق می توانید مودهای مختلف از مود عکاسی تمام اتوماتیک iA یا خودکار هوشمند گرفته تا مودهای دستی P,A,S,M را انتخاب کنید.",2,4,train
11378,با توجه به‌تراکم پیکسلی که سنسور دارد، کاهش نویز خیلی خوب انجام می‌شود.,2,4,train
4217,تاچش کیفیت خیلی خوبی داره و منوهاش هم خیلی روون و شکیله، چند تا بازی و برنامه ریختم روش بدون هیچ مشکلی اجراشون کرد.,2,4,train
12416,سلام دوستان خوبم من این گوشی رو ۲ ماهه که دارم استفاده می کنم و بهتر بگم لذت می برم نتیجه و عملکرد این گوشی خوش ساخت رو براتون میگم تا بیشتر باهاش آشنا بشین به نظرم در این سایز و به عبارتی در این ابعاد صفحه نمایش برای دوستانی که دنبال گوشی نه زیاد بزرگ و نه زیاد کوچیک هستند در حال حاضر بهترین ۴.,2,4,train
2349,روح ارتباطی آیفون فایو با یک عدد سیم کارت رایتل معنی میشه در ضمن اگر تمام قابلیت های بی نظیر سخت افزاری آیفون رو در نظر نگیریم ، سیستم عامل اپل هیچ حرفی برای گفتن نمیذاره و به هیچ وسیله هوشمند و قابل حمل دیگه ای ، اجازه عرض اندام نمیده در کل واقعا عالیه مطمئنا اگر کسی فقط یک بار ، یکی از محصولات اپل ، بخصوص ایفون رو خریداری و تجربه کنه ، دیگه هیچ وقت سراغ هیچ برند و مدل دیگه ای نخواهد رفت .,2,4,train
6465,فقط میتونم بگم که پشتیبانی این سایت خیلی خوبه,2,4,train
11507,روشنایی این صفحه نمایش بسیار بالاست، رنگ‌های تولید شده کاملا زنده و طبیعی بوده و زوایای دید نیز عالیست.,2,4,train
10843,اگه دو دل هستید تو خریدش شک نکنید عالیه قیمتش هم واقعا الان فوق العادست ممنون دیجی کالا,2,4,train
11541,• جمع بندیNexus 4 یکی از بهترین گوشی‌های هوشمند ساخته شده تا به امروز بوده و نسبت به مدل قبلی خانواده گوشی‌های نکسوس یعنی Galaxy Nexus، بهبودهای فراوانی داشته است.,2,4,train
2137,صفحه نمایش فوق العاده٣.,2,4,train
2591,زومش هم که حرف نداره با آخرین درجه زوم کیفیتش یه ذره هم فرق نمیکنه!,2,4,train
10324,این گوشی به راحتی در دست جای گرفته و به دلیل ابعاد بسیار خوبی که دارد، کار کردن با آن با یک دست بسیار راحت است و هنگامی که آن را دست می‌گیرید، انگشت شست شما به راحتی می‌تواند تمام نقاط صفحه نمایش را لمس کند.,2,4,train
11828,سخت افزار بسیار قدرتمند نسبت به قیمت گوشی.,2,4,train
6513,فوق العاده سریعه.,2,4,train
6296,2 سیم همزمان و اندروید 4.1.2 با امکانات عالی واقعا خوشم اومد .,2,4,train
10232,خیلی عالیییییه اگه خواستین بگیرین مشکیش قشنگ‌تره تازه به اندروید 4 آپدیت میشه,2,4,train
11881,همچنین نقشه‌های گوگل یا Google Maps ترکیب بسیار عالی به همراه GPS هستند به طوری که می‌توانید محل و مسیر خود را در هر شهر و جاده‌ای که باشید پیدا کنید.,2,4,train
691,من واقعا ازش راضی هستم و عالیه.,2,4,train
9589,این گوشی فوق العاده است در ضمن مشکل نانو سیم اصلا اساسی نیست چون ساختنش کاری نداره در ضمن اگر با قیچی دور سیم کارتتون رو ببرید اندازه ی یک سیم کارت نانو خواهد بود,2,4,train
5329,فکر می کنم در حال حاضر، بهترین تبلت هفت اینچی دنیا، همین مدل است.,2,4,train
5224,همچنین همانطور که گفتیم، نمایشگر و اسپیکرهای بسیار عالی نیز دارد.,2,4,train
2563,کیفیت بسته بندی و زمان ارسال عالی بود امکانات و انتظارات اولیه(هنوز کار زیادی نکردم باهاش) با اطلاعات ارائه شده مطابقت داشت در مجموع همه چیز خوب بود.,2,4,train
12458,"امکانات فوق العاده, این گوشی رو به یکی از تاپ ترین گوشی های سال 2013 تبدیل خواهد کرد.",2,4,train
7576,من از این گوشی استفاده کردم گوشی خیلی خوبه قیمتش هم مناسبه,2,4,train
4474,به لطف تراکم پیکسلی بسیار بالای صفحه نمایش و پردازنده قوی یک گیگا هرتزی آن، مرورگری اینترنت با این گوشی بسیار لذت بخش است.,2,4,train
1807,همه چیزش عالیه.,2,4,train
7386,در کل از شارژدهی باتری این نوت‌بوک کاملا راضی هستیم.,2,4,train
222,من حدود یک ماهه که خریدم و فوق العاده ازش راضی هستم.,2,4,train
4421,با سلام خدمت همه دوستان عزیزم من این تلویزیون رو از دیجی کالا گرفتم که در کمتر از 24 ساعت برای من پست شد و این واقعا عالیه اما برگردیم به خود تلویزیون : کیفیت عالی تصویری شفاف و بی‌نظیر که از هر زاویه ای نگاه کنید کیفیت اون کم و زیاد نمیشه و این واقعا جالبه قابلیت سه بعدی این تلویزیون در هیچ مارک دیگه ای وجود نداره من شخصا تصویر این پلاسما رو با پلاسمای ال جی مقایسه کردم واقعا پلاسمای سامسونگ یک سر و گردن بهتر از پلاسمای ال جی بود نکته دیگه ای که باید به اون اشاره کنم صدای این تلویزیون بسیار با کیفیت و بلنده و اینکه خدمات‌دهی عالی سامسونگ رو هم به همه اینها اضافه کنیم در کنار قیمت مناسب ، عملا این پلاسما تبدیل به یک خرید عالی و مناسب میشه .,2,4,train
7527,من یک ماهه که دارم بهترین لپ تاپی که داشتم.,2,4,train
973,به هر صورت از این نظر P7700 کاملا عالی و طبق انتظاری است که داشتیم.,2,4,train
4269,مزایا: 1-صفحه بزرگ و با‌کیفیت 2-تاچ خوب و روان 3-سی پی یو دو هسته ای 4- آندرویید 4.1.15- باتری قوی 17306-زیبا 7-اجرای روان بازی ها (اچ دی هنوز نصب نکردم) 8-قیمت بسیار مناسب 9-جی پی اس قوی و..,2,4,train
5312,طراحی زیبا، ابعاد مناسب، وزن کم، جدیدترین نسخه سیستم عامل اندروید و پردازنده قدرتمند این تبلت را به انتخابی شایسته برای طرفداران تبلت های اندرویدی تبدیل می‌کند.,2,4,train
4273,ظاهر واقعا زیبایی داره اگه پردازندشم 2هسته ای بود دیگه حرف نداشت طراحی واقعا زیبایی داره.,2,4,train
7508,"من خودم به لطف سیستم خنک کنندگی انحصاری پیشرفته ایسوس تمام طراحی و تحلیل های رشته مهندسی مکانیک و نرم افزار هایی مثل Catia , Ansys, Mathlab,Carrier,PDMS,.",2,4,train
8225,به هر صورت همانطور که گفتیم، Hero 3 یک انقلاب اساسی نسبت به مدل های پیشین محسوب می شود.,2,4,train
2789,اما ویژگی بسیار عالی این لنز، کمینه‌ی نسبت کانونی f/2.5 آن در حالت واید است.,2,4,train
9528,هرچی هم بگین گلگسی و بقیه گوشی ها بهترن، بازم هیچی به لذت باز کردن قفل اپل نمیرسه.,2,4,train
12775,این دوربین توانایی ضبط ویدیویی با کیفیت 720p HD در 30 فریم بر ثانیه را دارد که بسیار عالیست.,2,4,train
12580,ترکیب سخت‌افزار بسیار عالی، نمایشگر فوق‌العاده، دوربین ارتقاء یافته و سیستم عامل بهبود یافته در کسب مقام نخست این گوشی بسیار موثر بوده‌اند.,2,4,train
3171,تبلت 3100 در نوع خودش واقعا محشر هست.,2,4,train
1119,در کل یکی از بهترین هاردهای بازار .,2,4,train
11404,به نظرم یکی از بهترین های بازار هست.,2,4,train
9221,دوربین واقعا عالیه .,2,4,train
5754,از نظر کیفیت عکس های گرفته شده، دوربین این گوشی یکی از بهترین دوربین‌هایی است که بر روی گوشی های تلفن همراه مشاهده کرده ایم.,2,4,train
3834,تلویزیونی را کشف کنید که در آن طراحی حیرت‌انگیز و امکانات برتر مشاهده با هم ادغام شده‌اند.,2,4,train
5338,حالا در کنار مشخصات بینظیرش همچون :* پردازنده خوب* نمایشگر خوب* پشتیبانی واقعی* باتری خوب* طراحی عالی* وزن معقول* سایز 7 اینچی ( به نظرم بهترین سایز برای تبلت)* قیمت فوق العاده ( البته تو ایران میشه سرسام آور )به نوعی میشه گفت کلکسیون امکانات این تبلت کامل شد ، گرچه اگه امکان استفاده از MicroSD و دوربین پشت دستگاه فراهم میشد دیگه جای هیچ بحثی نبود اما تا همین جا هم واقعا عالی شد .,2,4,train
3203,برنامه خوریش هم عالیه.,2,4,train
6591,نسبت به سامسونگهای همرده یه سر و گردن بالاتره و وای فای خیلی قوی داره.,2,4,train
7648,منم دنبالشم تا اومد به بازار بگیرم الان چند وقته دارم واسه خرید گوشی تحقیق میکنم و واقعا یکی از بهترین گوشی های روز دنیاست ..,2,4,train
1484,من الان 1هفته میشه از دیجی خریدم خیلی راضیم دوربین خوبیه به نسبت قیمتش امکانات زیادی داره مثل نمایشگر لمسی و کیفیت فیلم برداری HD و لرزشگیر تصویر وتشخیص چهره و.,2,4,train
10805,با فیلم های بسیار جالبی که دیجی کالا از نحوه کار با این دستگاه تهیه شده ، دیگه هیچ شکی باقی نمی مونه که این تلویزیون یکی از محبوترین کالاهای صوتی و تصویری دنیاست .,2,4,train
5902,از هر نظر 100 درصد عالیست.,2,4,train
3295,همانطور که گفتیم دوربین NEX-VG10 مجهز به سنسور 23.4 x 15.6 میلی متری 14.2 مگاپیکسلی موثر Exmor APS HD CMOS می باشد که با کیفیت‌ترین سنسور تصویر سونی است.,2,4,train
12142,بنابراین علاوه بر با کیفیت خود نمایشگر، این فن‌آوری هم باعث می‌شود که تصاویر را با کیفیت بسیار بیشتری ببینید.,2,4,train
532,این زمان ها نسبت به مدل LiDE 200 بسیار کوتاه تر می باشد.,2,4,train
7148,این گوشی قدرتمند با مشخصات سخت افزاری بسیار خوب، سیستم عامل بسیار به روز اندروید 4.1 ، دوربین‌های مناسب دو جلو و عقب و همچنین طراحی و کیفیت ساخت خوب خود، به یکی از برترین گوشی‌های موجود در بازار تبدیل گردیده است.,2,4,train
3548,بهترین گوشی از هر نظر فکر کنم تا 4 سال دیگه هم همه برنامه ها و بازی ها رو راحت اجرا کنه!,2,4,train
2768,"کیفیت صفحه نمایش تو عمل واقعا راضی کنندست اصلا به چشم نمیاد نسبت به امکانات واقعا محشره من الان دو هفته ای میشه که دارمش به جرات میشه گفت از media pad fhd و asus transformers مناسبتره، مخصوصا gamingش عالیه، shadowgun,blade slinger,real boxing , ..",2,4,train
600,من واقعا ازش راضی هستم .,2,4,train
5235,اما چند جمله از این لپ تاپ بگم، لپ تاپ بسیار زیبا و خوش ساخت هستش؛ از نظر صدا می تونم بگم هیچ صدایی ازش در نمیاد؛از داغ کردن هم خبری نیست؛ صفحه کلیدش Chiclet هستش و از نظر من تایپ باهاش خیلی لذت بخشه؛ وضوح صفحه راضی کنندست؛ کیفیت صداش فوق العاده ست؛ از نظر سخت افزاری هم چند تا بازی سنگین رو به خوبی اجرا کرد که من واسه تست قدرت گرافیک و رم نصب کردم؛ موقع انتخاب این لپ تاپ کمی به دلیل وجود مارک های دیگه مثل acer به دو راهی خوردم، خب چند مدل مشابه هست که تو رم کمی قوی تر هستند؛ اما اصلا زیبایی این لپ رو ندارن؛ رم هم که قابل ارتقاء هستش و جای نگرانی وجود نداره.,2,4,train
11899,در کل همان‌طور که گفتیم و خواندید، Sony Ericsson Xperia Mini گوشی است که ثابت می‌کند ابعاد بزرگ همه چیز نیست، واقعا جای دادن این همه امکانات پیشرفته در یک گوشی با چنین ابعادی کار فوق‌العاده‌ای بوده است که سونی اریکسون از پس آن برآمده.,2,4,train
7776,در مورد طراحی و ساخت محصولات تولیدی این کمپانی، واقعا ناچاریم همواره تعریف کنیم چرا که اپل در تولید محصولات خود، وسواس خاصی به خرج می‌دهد و همواره بی رقیب است.,2,4,train
9692,APPLE بهترین شرکت برای تمام محصولات در خرید گوشی جدید اپل شک نکنید,2,4,train
2930,پنل Super IPS+ استفاده شده نه تنها روشنایی فوق‌العاده ای دارد و به راحتی می‌توان در تمام شرایط نوری با آن کار کرد، بلکه زاویه دید آن نیز بی نظیر است و چنین صفحه ای نمایشی را تا به امروز بر روی هیچ تبلتی مشاهده نکرده بودیم.,2,4,train
9894,مثل همیشه عالی و کارامد,2,4,train
8635,دوربینش هم خیلی عالیه و حتی مثل گلگسی اس 3 و گوشی های پیشرفته ی گرون قیمت با صدا عکس میندازه و حتی میشه 6 تا عکس پشت هم انداخت.,2,4,train
662,واقعا ممنونم ازت دیجی کالا ، دوستان دیجی کالا یک e bay در سطح ملیه که رو دستش نیومده و نخواهد آمد.,2,4,train
12334,"به همین دلیل هم بوده که سونی گستره‌ی حساسیت سنسور را تا 12,800 بالا برده که گستره ای کاملا حرفه ای می‌باشد.",2,4,train
11176,منم ترغیب شدم بگیرم چون قیمتش واقعا مناسبه.,2,4,train
214,واقعا حرف نداره من که خیلی قبولش دارم از نظر طراحی زیباست جنس بدنش که فوق العاده محکم و شیک و خوش دست ساخته شده و صفحه نمایش بزرگ و زیباش با تراکم پیکسلی 337ppi فوق العادست و چشمارو خیره میکنه و به هیچ وجه هنگ نمیکنه اندروید پیش فرضشم 4 هست .,2,4,train
655,لپ تاپی بسیار خوب !,2,4,train
3279,مزیت این نوع پردازنده‌ها بیشتر در مصرف انرژی بسیار پایین‌تر و ارائه‌ی قابلیت‌های عالی در مالتی تسکینگ یا انجام چند وظیفه به صورت همزمان است.,2,4,train
7614,این نسخه به لطف وجود پروژه کره، بسیار روان‌تر شده است که لذت کار کردن با آن را بیش از پیش می‌نماید.,2,4,train
6883,گوشی فوق العاده ای هست واقعا بی رقیبه دوستانی هم که در مورد باطری صحبت میکنن بهتره قبلش نتایج مصرف باطری این گوشی رو ببینن مهم فقط این نیست که مقدار امپر بالا باشه.,2,4,train
4572,قیمت عالی برای این سطح امکانات لذت اسمارت فون رو درک میکنید,2,4,train
2733,نهایتا بر روی قاب پشتی نیز دوربین و یک لوگوی فوجیتسو به چشم می‌خورند که نمای پشتی تبلت را نیز بسیار زیبا نموده است.,2,4,train
1011,چند سالی است که بازار دوربین‌های دیجیتال کامپکت؛ تنوع بسیار زیادی را به خود دیده است.,2,4,train
2474,• طراحی و ساخت همان‌طور که گفتیم، ASUS X کیفیت ساختی بسیار بالا دارد.,2,4,train
6642,این دوربین از مودهای فیلم برداری خیلی خوبی بهره می‌برد.,2,4,train
1711,و در انتها، باید اذعان کنیم که با وجود مشکلات در برنامه Maps و یا کاستی‌هایی که در iOS 6 وجود دارد که شاید در اندروید 4 وجود نداشته باشد، هنوز این سیستم عامل سریع‌ترین و روان‌ترین سیستم عامل موجود بر روی تلفن‌های همراه و تبلت ها به شمار می‌رود که به کاربر راحتی و آرامش فوق‌العاده ای را اعطا می‌نماید.,2,4,train
9569,واقعا محشره اگه بیاد میخرم ولی بهترین خصوصیتش اینه که هیچ وقت هنگ نمیکنه,2,4,train
7285,"سلام من هم از طریق همین سایت با این دوربین اشنا شدم دوربین در مقایسه با قیمتش واقعا عالیه 1-طراحی خوب بدنه دوربین موقع دست گرفتن دوربین واقعا حس خوبی به ادم میده 2-زوم دوربین واقعا عالیه لرزشگیر دوربین هم خیلی کارش رو خوب انجام میده من قبلا فوجی تی 300 داشتم موقع عکس گرفتن از ماه عکسهای خوبی میگرفت ولی حتما با استفاده از سه پایه ولی این دوربین نمیدونم به خاطر شکل ارگونومی خوب که داره هست یا لرزشگیرش نسبت به t300 بهتره بدون استفاده از سه پایه عکسهای خوبی میگیره بدون کمترین نویز زومش هم بقدری هست که چاله های روی ماه رو میشه دید 3-داشتن مودهای m,s,a,p این دوربین رو تبدیل به یک دوربین نیمه حرفه عالی کرده 4-فلش با برد 7متر تو این رده قیمت فکر نکنم تو برند دیگه ای اصلا پیدا بشه 5- داشتن چشمی جدا از حس داشتن یک دوربین حرفه ای در کاهش مصرف باطری واقعا عالیه 6-عکس برداری پی در پی خوبی داره دوربین قبلیم فقط تا سه عکس پشت سر هم میگرفت اما موقعی که این دوربین رو روی عکسبرداری پی در پی تنظیم کردم واقعا لذت بردم از خریدی که انجام دادم دوستان یکی از مشکلاتش رو نداشتن نشانگر باطری عنوان کردن که به نظر من زیاد مهم نیست چون شما میتونین با اولین شارژ باطری های دوربین تعداد عکسهای گرفته شده رو ببینید و در شارژهای بعدی روی تقریبا همین تعداد عکس و زمان فیلمبرداری حساب کنید با تشکر از سایت خوب دیجی کالا که با معرفی و نقد خوب محصولات توسط کارشناسان و مصرف کنندگان در انتخاب محصول خوب به من کمک کرده اند",2,4,train
11158,طراحی شده برای حداکثر جذابیتطراحی بسیار باریک تلویزیون های سامسونگ لذت مشاهده را به حداکثر ممکن ارتقا داده و نیز فضای داخلی خانه شما را زیباتر می سازد.,2,4,train
3175,همچنین از نظر باطری هم خیلی قوی تره و در اخر هم خیلی از این تبلت خوشگل تره,2,4,train
1168,گارانتی آونگ هم که عالیه واقعا اگر دنبال هارد پرتابل میگردید بهترین گزینه همینه شک نکنید!,2,4,train
11013,دوستانی هم که میگن قلمش به کار نمیاد اتفاقا الان دارم با قلمش تایپ میکنم واقعا سرعت کار خیلی بیشتر میشه..,2,4,train
7198,تمام لوازم الکترونیکی نیازمند مراقبت هستند من حدود یک ماهه این پدفونو خریدم و هیچ مشکلی نداره و دارم ازش لذت میبرم از نقد و بررسی دیجی کالا هم ممنونم تماما درست است,2,4,train
1669,نتیجه تست‌های مختلف صورت گرفته توسط سایت معتبر آناندتک نشان می‌دهد که باز هم باید آیفون 5 را قدرتمندترین گوشی موجود تا به امروز بنامیم.,2,4,train
5895,دوستان نزدیک 7 ماه هست که این گوشی رو دارم حرف نداره خیلی خوبه,2,4,train
3568,روی کاغذ که عالی هست و بی‌رقیب ولی باید بیاد و ببینیم چطوره.,2,4,train
9976,اکنون iPhone 4s مجهز به دوربین 8 مگاپیکسلی با سنسور بسیار پیشرفته‌ی Backside illuminated CMOS و لنز با کمینه‌ی نسبت کانونی F/2.4 می‌باشد که واقعا عالی عمل می‌کند.,2,4,train
10655,عالیه و خیلی خوش دست و سبکه!,2,4,train
7184,از لحاظ زیبایی معرکست!,2,4,train
7995,واقعا معرکه است!,2,4,train
12866,این گوشی رو خریدم تا الان که در کل ازش راضی بودم هم جنس بدنش هم استحکامش خیلی خوبه و با کیفیته و به نظرم بهترین گوشی تو این قیمت از نوکیاست,2,4,train
3268,بازخورد کلیدها بسیار خوب بوده و تایپ کردن با آن بسیار لذت بخش است.,2,4,train
10158,من 3 ماهه این گوشی رو خریدم و تا الان کاملا ازش راضیم.,2,4,train
2958,عالیه بهترین تبلت تا الانه,2,4,train
11680,رم این گوشی 512 و سی پی یو هم 1 گیگ هست که نسبت به قیمت گوشی خیلی قوی هستن.,2,4,train
389,علاوه بر این‌ها مودهای صحنه‌ی خیلی مختلف و متنوعی هم وجود دارند که می‌توانید از بین آن‌ها انتخاب کنید.,2,4,train
10647,دوربین بسیار عالی داره - خیلی شیک و خوش دسته -صفحه نمایش بزرگ-تاچ قوی -پردازنده ی قدرتمند - چیزایی که با s3 قابل مقایسش کرده,2,4,train
1552,شفافیت رنگ‌ها بسیار مناسب و رنگ‌ها بسیار عمیق و خوب نمایش داده می‌شوند.,2,4,train
10856,واقعا فوق العادست بخصوص قلمش,2,4,train
4155,رزولوشن خیلی خوبه.,2,4,train
8215,عالی از این نظر که هم نیازی نیست آن را به طور جداگانه خریداری کنید و هم از این نظر که 60 متر عمق خیلی زیادی حتی برای غواصی در زیر آب است.,2,4,train
4332,واقعا عالیه,2,4,train
657,لپ تاپ خیلی خوبیه از همه نظر حتما به زودی یکیشو از دیجی کالا سفارش میدم ..,2,4,train
10845,من دارمش بینظیره تو خریدش شک نکنید,2,4,train
1515,FDR-211 یکی از قدرتمندترین گیرنده‌های فراسو به حساب می‌آید که با تقویت کننده‌ی داخلی و آنتن رومیزی امکان دریافت کانال‌ها را با بهترین کیفیت ممکن به شما می‌دهد.,2,4,train
4870,در کل xbox خیلی بهتره!,2,4,train
12509,این گوشی بی شک جزو 3 گوشی برتر تولید شده توسط کمپانی سونی می‌باشد که قابلیت رقابت با Galaxy S III و Optimus 4X HD را دارد و شاهد معرفی یک گوشی قدرتمند دیگر به بازار خواهیم بود.,2,4,train
10873,واقعا تبلت بی نظیریه و تا به امروز از نظر من بهترین تبلت موجود در بازاره.,2,4,train
9901,گرافیک فوق العاده به همراه دوربین فوق العاده این گوشی با کیفیت 8 مگاپیکسل و فیلمبرداری فول اچ دی دیگر نیازی به دوربین عکاسی و فیلمبرداری نخواهید داشت.,2,4,train
9342,این دوربین مجهز به نمایشگر 3 اینچی 461000 نقطه ای است که سایز و کیفیت خیلی مناسبی دارد.,2,4,train
348,کلیدها فضای کافی برای فشار دادن داشته و بازخورد بسیار خوبی دارند.,2,4,train
10954,قلمش خیلی کاربرد خوبی داره.,2,4,train
12309,کیفیت عکسها و فیلمها واقعا در سطح بسیار عالی هست شک نکنید.,2,4,train
6508,تکلیفم روشن شد که بالاخره بعنوان بهترین انتخاب بخرمش.,2,4,train
4238,بنده این گوشی رو خریداری کردم بسیار گوشی خوب و خوش‌دستی است مشخصات خوبی رو هم داره سی پی یو 2هسته ای .,2,4,train
4026,از لحاظ ارگونومی و شکل ظاهری بسیار شکیل و زیباست .,2,4,train
3886,آخری به خصوص برای گرفتن عکس‌های ماکرو که به فوکوس دقیق احتیاج دارند بسیار عالیست چرا که وسط نمایشگر هم بزرگنمایی ایجاد می‌شود.,2,4,train
3316,"این دوربین مجهز به چشمی الکترونیکی بسیار با کیفیت 0.43"" XtraFine TruBlack با کیفیت 921,000 نقطه می باشد.",2,4,train
5777,بهترین گوشی دنیاس واقعا.,2,4,train
11377,کیفیت عکس‌های گرفته شده توسط این دوربین فوق العاده است.,2,4,train
11648,خیلی گوشی خوبیه!,2,4,train
9193,عکس‌های بسیار بسیار با کیفیتی میگیره.,2,4,train
10117,به نظر من همین امروز که گوشیهای جدید با قیمت 600 تا 700 تومن هم میان بازار به لایو نمیرسن این گوشی صدای فوق‌العاده‌ای داره دوربین خوب فیلمبرداری اچ دی پردازنده گرافیکی بی‌نظیر برای اجرای بازیهای آندروید که مثلا یکی از همین بازیها رو تبلت گرون تر گیر میکنه ولی لایو به خوبی اونو اجرا میکنه در یک کلام حیف که دیگه تولید نمیشه ولی اگه قصد خرید گوشی در این رنج رو دارید اگه لایو نو رو تو بازار پیدا میکنید بخرید,2,4,train
4979,در کل ۳۶۰ کنسول بسیار خوبی برای بازی کردن و فیلم دیدن (نه از روی بلوری) با کیفیت HD است و با دستگاه جدید همراه ۳۶۰ (Kinect) که در E3 امسال معرفی شدند و کابرد های بسیاری را در اختیار می گذارد انتخاب خوبی برای خرید است.,2,4,train
57,بعلاوه فیلم برداری 720p HD نیز با آن مقدور می باشد که خیلی خوب است.,2,4,train
5977,فیلم‌ها کیفیت فوق العاده بالایی دارند و در فرمت MPEG4 و AVCHD ذخیره می‌شوند.,2,4,train
10425,شاید انتظار یک سنسور تصویر BSI-CMOS را از آن‌ها داشتیم ولی به هر صورت ایزو یا حساسیت سنسور می‌تواند تا 6400 بالا برود که برای عکاسی در شرایط نوری ضعیف عالیست.,2,4,train
1399,در تست تماشای ویدئو با Wi-Fi روشن و روشنایی ثابت، Retina MacBook Pro توانست بیش از هفت ساعت و نیم شارژ دهی کند که میزان فوق‌العاده بالاییست.,2,4,train
8868,"من این دوربین رو 5 ماهه که گرفتم واقعا"" ازش راضی هستم و هیچ مشکلی باهاش نداشتم",2,4,train
2561,در کل من به عنوان یه عکاس آماتور کاملا از این دوربین راضیم.,2,4,train
10003,واقعا عالیه هم تبلت هم گوشی هر دوشون رو با هم داری منتظرم زودتر بیاد تا بخرمش,2,4,train
11459,این گوشی همون قطعاتی رو استفاده کرده که سامسونگ و بقیه شرکت ها استفاده میکنه پس افراطی نباشین این بهترین گوشی موجود در بازاره.,2,4,train
3787,همانطور که گفتیم در سیستم لرزش گیر اپتیکال این دوربین هم پیشرفت چشمگیری نسبت به مدل های پیشین رخ داده است.,2,4,train
9725,من این گوشی رو5شنبه از دیجی کالا گرفتم گوشیه سریع و خوبیه انصافا تو این رنج قیمت واقعا گوشی خوبیه سرعت بالای گوشی و تاچ خوبی که داره حس خوبی به آدم میده دوربینشم خوبه بد نیست کارای روزمررو راه میندازه براتون اگه برای خریدش شک دارید، بخریدش و لذت یه گوشی خوب، سریع قدرتمند سبک و شیک رو ببرید,2,4,train
6800,همانطور که گفتیم، Z3000 دوربین بسیار پر امکاناتیست.,2,4,train
38,خیلی کارش درسته من که تا حالا باهاش مشکلی نداشتم.,2,4,train
7123,در کنار این سیستم عامل فوق‌العاده، چیزی که باعث نهایت لذت از کار با این گوشی خواهد شد، رابط کاربری بسیار محبوب HTC یعنی HTC Sense 4 Plus می‌باشد.,2,4,train
7114,البته این بدان معنا نیست که از دیدن آن مایوس خواهید شد، بلکه دارای وضوح بسیار بالایست.,2,4,train
7154,"من ۱ ماهی هست خریدم اشکالاتش اینه که کیفیت دوربین رو تبلت کم میشه, خیلی ناچیز داغ میکنه , جای اسپیکر بده چون وقتی تبلت استفاده میکنین دستتان میاد روش ولی هیچ کدوم از اینا برای من مشکل ساز نبوده بقیه اش عالیه مثل کیفیت بالا اسپیکر مخصوصا تبلت هر ۳ دوربین عالیه مخصوصا اصلی که ۱۳ مگاپیکسله کیفیت بالا LCD مخصوصا گوشی که خارق العادست سنگین ترین برنامه ها هم روان اجرا میشن خیلی شیکه و بدنه محکم و طراحی جالبی داره درکل اون حسی که میخواین یک تبلت عالی و یک گوشی هوشمند بهتون بده رو این بهتون میده!",2,4,train
1851,این گوشی فوق العاده اس شگفت انگیز و باور نکردنی چرا که وقتی شما اون تو دستاتون میگیرید میفهمید که پولتون رو دور نریختین و مطمئن باشید که تمام نیاز های شما را برطرف میکنه حتی بعضی موقع ها باعث میشه که مدت ها پشت لپ تاپ و کامپیوتر هم نشینید چرا تمام کار های مربوط به خودشو میتونین با خودش انجام بدین و به چیز دیگه ای نیاز ندارید و اکثر نیاز های روز مره مثل چک کردن ایمیل اکانت های مختلف تون رو میتونید باهاش انجام بدید حتی بعضی از کار های تخصصی تر هم میتونید با اون انجام بدید!,2,4,train
2863,همچنین برای مکالمه تصویری، یک دوربین 1.3 مگاپیکسلی در جلوی این گوشی قرار داده شده که جهت انجام مکالمات تصویری بسیار کاربردی و با کیفیت می‌باشد.,2,4,train
4325,شک نکنید که بهترین گزینه است..,2,4,train
11897,توانایی این دوربین در عکاسی شرایط نوری ضعیف و تاریکی فوق‌العاده است به طوری که علاوه بر داشتن فلاش و لرزش‌گیر دست، بیشینه‌ی گشودگی دیافراگم f/2.6 را ارایه می‌کند که باعث می‌شود تصاویر بسیار روشن‌تر ثبت شوند.,2,4,train
8120,فوق العاده خوبه در برابر قیمتش و کارایی هاش,2,4,train
4475,حرکت دادن صفحات بسیار روان بوده و در ضمن به طور کامل از Adobe Flash پشتیبانی می‌شود.,2,4,train
11878,همچنین با اینکه بدنه از پلاستیک ساخته شده ولی کیفیت و دوام بسیار خوبی دارد .,2,4,train
5332,مخصوصا تبلتاش فوق العادن !,2,4,train
9625,از سیستم عاملشم هم که گفتنیها را کارشناسان گفتند که در حال حاضر قویترین سیستم عامل موجود در بین تمام برندها می‌باشد.,2,4,train
1175,قاب پشتی آن نیز که از جنس پلاستیک بسیار با کیفیت می‌باشد، با وجود بافت ریز موجود بر روی آن، بسیار زیبا و مطمئن است، طوری که احساس امنیت بسیار خوبی را به کاربر در حین کار با آن منتقل می‌نماید.,2,4,train
9134,به نظر من سیستم عامل اندروید و رابط کاربری HTC در مقایسه با رقبای خود خیلی عالیه ، من گوشی اندرویدی سامسونگ هم داسته ام ولی اصلا با رابط کاربریش راحت نبودم.,2,4,train
7226,ایده های واقعا جالبی رو ایسوس ارایه میده.,2,4,train
11107,• سخت افزاراز نظر سخت افزاری این تبلت بی نقص به نظر می‌رسد.,2,4,train
2899,زاویه دید صفحه نمایش Infinity نیز همانند مدل پیشین یعنی Prime، بسیار بالا بوده و تقریبا هیچ‌گونه کاهش کیفیتی در هیچ زاویه دیدی مشاهده نکردیم.,2,4,train
4318,دستگاه بسیار عالی است در میان رقبا شکی نیست!,2,4,train
9084,با سلام به دوستان من کل این نظراتی رو که دوستان گفتن یه مروری کردم و حالا نظر خودم رو میدم در مورد مصرف باطری که دوستان اعلام کردن برای من اینطوری نیستش و در استفاده معمولی راحت 2.5 روز رو شارژ داره در رده گوشی های دو سیم چون ابتدای کار و معرفی دوسیم ها با یه سیستم عامل خوب هستش تا بدینجا میشه بهش اعتماد کرد و خیلی هم خوبه در مورد هنگ کردن البته عنوان کنم که هیچ گونه بازی رو نصب نکردم چون اهل بازی نیستم اما تا دلتون بخواد نرم افزار نصب کردم البته روی حافظه جانبی((یه رم 16 کلاس 10)) و تا بدین لحظه که حدود یه ماه میشه مشکلی باهاش نداشتم برند خوب- سیستم عامل خوب- دوسیم- دوربین در حد معقول- تو این رنج قیمت و با بودن محصولات مشابه میتونه انتخاب خوبی باشه.,2,4,train
11292,در کل عملکرد همه‌ی دکمه‌ها با برچسب‌هایی؛ خیلی خوب نمایش داده شده است.,2,4,train
1942,به نظر من گوشی خیلی عالی هستش,2,4,train
10905,هرکدومشون یه عیبی دارن که واقعا تو ذوق میزنه اما این تبلت کامله کامله.,2,4,train
12314,دوربینه خوبیه تصاویر با کیفیت و عالی میگیره خوده من توی تاریکی بدون فلش حالت سه بعدیشو چک کردم واقعا عالی بود قطعا تو این رنج دوربین بهترینه,2,4,train
544,ضمنا جای بسیار کمی میگیره.,2,4,train
1590,اما صفحه کلید مجازی این تبلت نیز بسیار راحت و کاربردیست که تایپ با آن به راحتی صورت می‌پذیرد.,2,4,train
6760,تو شرکت از این استقاده میکنیم نسبت به اسکنر قبلی که داشتیم باید بگم فوق الاده هست ؛ من از سرعت این اسکنر بسیار راضی هستم.,2,4,train
11925,تبلت خیلی زیبا و به‌درد‌بخوری هستش!,2,4,train
634,حرف نداره .,2,4,train
5784,دوستان شک نکنید عالیه مخصوصا وقتی آندروید جیلی بین 4.1.2 روش بریزید فوق‌العاده میشه.,2,4,train
11060,واقعا این بهترین تبلتی هست که دیدم و به محض اینکه 32 گیگ این تبلت وارد بازار شود آن را میخرم,2,4,train
2216,تراکم پیکسلی بسیار بالای این صفحه نمایش، جزئیات را بسیار شارپ و دقیق نشان می‌دهد بطوریکه حتی اگر از نزدیک به صفحه آن نگاه کنید، هیچ‌گونه شکستگی در متون نخواهید دید.,2,4,train
4460,متون بسیار دقیق و شارپ بوده و مرورگری اینترنت بسیار لذت بخش است.,2,4,train
9128,باشناخت کاملی که ازاین مدل گوشی دارم اینو به همه توصیه میکنم.,2,4,train
5124,در کل من از این دستگاه بسیار راضی هستم.,2,4,train
6474,طراحی بسیار جالبی داره ، دارای سرعت انتقال عالی ، نرم افزارهای کارامد و پشتیبانی از یو اس بی 3 هست و این امکانات در کنار گارانتی سازگار می تونه تضمین کننده کیفیت این هارد باشه ..,2,4,train
12285,بسیار مقاومه و شارژش هم خوبه.,2,4,train
6339,در ظاهر همه فکر می کنند که ال سی دی گوشی ممکنه کیفیت نداشته باشه اما در مقایسه با sIII این گوشی کیفیت خیلی خوبی داره .,2,4,train
4058,من این دوربین رو حدود 6 ماه قبل خریدم قبلش G10 رو داشتم ولی اصلا کانن قابل مقایسه با سونی نیست در این مدل ها نقاط قوت :فیلم برداری بسیار با کیفیت 1080 * 1920 full hd حتی بیشتر از بسیاری از دوربینهای مخصوص فیلمبرداری قابلیت جای‌گیری مناسب در دست (واقعا کار کردن باهاش خیلی راحته )زوم اپتیکال بالای 30x که در نوع خودش محشره حالت macro 1cm ان هم خیلی مناسبه قیمتشم الان به صرفه نیست ولی اون موقع که من خریدم خیلی مناسب بود(در کل مناسبه)عکس‌برداری بسیار با کیفیت و بی نظیر در رده خودش نداشتن کفشک فلاش اکسترنال هیچ از ابهت این دوربین کم نمیکنه چون خودش فلاش با برد 12 متر داره نیازی به فلاش اکسترنال نداره.,2,4,train
5909,به نظر من این گوشی به قدری عالیه که هیچی دربارش نمیشه گفت.,2,4,train
11901,این در حالی است که سونی اریکسون باتری بسیار قدرتمند 1200 میلی‌آمپری را بر روی این گوشی قرار داده است که منجر به این می‌شود که گوشی بتواند تا 25 ساعت به صورت مداوم برای شما پخش موسیقی داشته باشد.,2,4,train
1474,حتی در حساسیت 200 هم وضعیت همچنان خیلی خوب است.,2,4,train
5486,18- جعبه‌اش خیلی شکیل و بزرگه 19- کیفیت ساخت و جنس بدنه میشه گفت عالیه ، که با توی دست گرفتنش به حرفم میرسید.,2,4,train
4099,گوشی عالی و خوش دستیه,2,4,train
6446,مخصوصا برنامه ای که روی خودش داره عالیه.,2,4,train
4134,کیفیت عالی داره خوش‌دسته.,2,4,train
1128,عالیه شگ نکنین اصلا گارانتی آونگ ایدیتا با سازگار قالب مقایسه نیست.,2,4,train
12655,گوشی عالی هست.,2,4,train
4931,من از این دستگاه یکی دارم و خیلی راضی هستم مطمئنم از play station3 بهتر هم هست با این که قیمت فوق العاده پایینی دارد!,2,4,train
1269,من این گوشی رو خریدم و ازشم نسبت به پولی که دادم خیلی راضی هستم.,2,4,train
674,این لپ تاپ حرف نداره,2,4,train
4743,کیفیت صفحش عالیه.,2,4,train
11388,سلام واقعا گوشیه قدرتمندی هستش چنین پردازنده ای تو xperia z به کار رفته که رزولوشن اون 1080p و قدرت بیشتری از cpu و gpu میگیره ولی این hd و کار cpu راحت تره!,2,4,train
9368,گوشی خیلی خیلی خوبیه و خیلی هم خوشکله ولی 2تا بدی داره:نداشتن زوم دوربین حافظه داخلی کم,2,4,train
6406,آنتی‌ویروس پاندا 2013، ساده‌ترین، سبک‌ترین و هوشمندترین نرم‌افزار امنیتی برای رایانه‌های خانگی و شخصی به حساب می‌آید.,2,4,train
4923,خیلی بهتر از ps3 و wii بهتره.,2,4,train
5478,13- طراحی گوشی خیلی خیلی ظریفه، واقعا تا از نزدیک نبینید نمیتونید به این موضوع برسید.,2,4,train
9514,بهتره چه برسه ایفون 5 که با لنز isight که از 4s هم بهتره.,2,4,train
7402,ماله من cori7 هستش و رنگ سفید صدفی برای مجازی سازی و درست کردن شبکه ی مجازی ، همتا نداره چون قدرت رم و پردازنده ش حرف نداره,2,4,train
7770,به قیمتی که تو آمریکا گفته شده صددرصد میارزه.,2,4,train
3531,گلکسی اس3 یکی از بهترین گوشی‌های موجود در بازار برای مرورگری اینترنت است.,2,4,train
12041,واقعا ازش راضیم به نظرم هم از بابت اینترنت و هم شارژ باطری برخلاف نظر دوستان بسیار خوب جواب داده.,2,4,train
5428,و در آخر، برای مکالمات تصویری شما یک دوربین 1.3 مگاپیکسلی در جلوی دوربین تعبیه شده که بسیار کاربردی است.,2,4,train
334,در مجموع می‌توان گفت که با توجه به قیمت دستگاه، G580 از کیفیت ساخت بسیار رضایت بخشی برخوردار است.,2,4,train
12125,در ضمن حالت واید 25 میلی متر نیز فاصله ی کانونی خیلی خوبی برای پوشش میدان دید خیلی وسیع می باشد.,2,4,train
2426,حتی میشه گفت از سامسونگ و اچ تی سی هم گذشته از همه لحاظ عالی ساخته شده هم دیزاینش و هم سخت افزارش!,2,4,train
7051,واقعا گوشی بی نظیریه و از تمام جهات:کارایی تا زیبایی و کیفیت از اس3 بهتره و تا الان پرچم داره اندروید محسوب میشه و هیچ نقصی نمیشه ازش گرفت و باید منتظره نسخه های کاملتر بعدیش باشیم,2,4,train
1184,مانند دیگر SuperAMOLED ها، رنگ‌ها در این صفحه‌ی نمایش هم بسیار عمیق و زنده نمایش داده می‌شوند.,2,4,train
1242,این گوشی، با وجود یک صفحه‌ی نمایش بسیار خوب، سخت افزار قدرتمند، سیستم عامل به روز و دوربین با کیفیت، به خودی خود یک گوشی قابل اطمینان محسوب می‌گردد.,2,4,train
5213,حتی در زیر نور آفتاب هم تصویر کاملا واضح می‌باشد.,2,4,train
17,سرعت پرینت به نوعی فوق العاده می‌باشد، به طوری که در تنظیمات استاندارد با رزولوشن 600، این پرینتر توانایی چاپ 18 صفحه‌ی A4 در دقیقه را دارد.,2,4,train
12118,این دوربین مجهز به سنسور تصویر BSI CMOS می باشد که به خصوص برای عکاسی در شرایط نوری ضعیف انتظار می رود که عملکرد خیلی بهتری را از خود به نمایش بگذارد.,2,4,train
3881,فاصله‌ی فوکوس ماکرو آن نیز 1 سانتی متر می‌باشد که عالیست.,2,4,train
5666,همان‌طور که انتظار داشتیم، مرورگری اینترنت با GALAXY Tab 2 10.1 بسیار لذت بخش است.,2,4,train
4544,دفتر تلفن اکسپریا ری بسیار خوب و با کیفیت است و برای پیداکردن مخاطب راهکار ساده و سریع دارد.,2,4,train
6297,خیلی عالیه بزودی از همین سایت می خرمش.,2,4,train
3968,من که خیلی ازش راضی بودم,2,4,train
2792,بنابراین علاوه بر ویژگی بسیار واید بودن، به ویژگی بسیار سریع بودن هم مجهز می‌باشد.,2,4,train
1337,وسیله ای کوچک خوب و کارآمد که چون شرکت سازنده اپل هست باید دوام و کیفیت بالایی داشته باشه.,2,4,train
12221,خیلی زیباست.,2,4,train
153,البته در نوع خودش این هم خلاقیتیه و کارو برای افرادی که پاناروما عکاسی میکنن بسیار راحت کرده.,2,4,train
2690,بدین ترتیب فوکوس خودکار می تواند خیلی دقیق صورت گیرد.,2,4,train
8639,بنظرمن طراحی وخوش دستیش و زیبایش جزو بهتریناست دوربین خوب دو هسته کیفیت تاچش وصفحه نمایشش ضدخش دوسیم کارته اندرویدجدیدترین نسخه,2,4,train
7165,بنده خودم هدفم تبلت بود، ولی دیدم تبلت خامی با این قدرت نمی تونم تهیه کنم!,2,4,train
5837,که بسیار قوی و هر نرم‌افزاری قادر اجراست.,2,4,train
4999,اما هدف اصلی از خرید این کنسول برای اکثر کابران استفاده از بازی‌های سه بعدی فوق العاده با کیفیت بر روی این کنسول است این کنسول بازی از زمان انتشار از سه نوع پک بازی برخوردار بود به نام های XBOX 360 Premium ، XBOX 360Core System و XBOX 360 Elite عرضه می‌شد.,2,4,train
5445,گوشی واقعا استثنایی هستش.,2,4,train
7233,من که میخرمش,2,4,train
5385,روشنایی صفحه نمایش بسیار خوب و قابل تقدیر است، به طوری که به راحتی در زیر نور مستقیم آفتاب و در شرایط نوری قوی نیز می‌توان با آن کار کرد.,2,4,train
5756,از نظر ضبط ویدیویی، فیلم‌های ضبط شده بسیار شارپ و با‌کیفیت هستند.,2,4,train
4788,قیمت این دوربین کمی بالاست ولی تعجبی ندارد چون XR550 از مدل های عالی و برای کاربران حرفه ای است.,2,4,train
11911,بهترین امکانات در بهترین ظاهر.,2,4,train
12467,این که دیگه بهترین گوشی هست که تا حالا دیدم البته از سونی.,2,4,train
7037,سلام من خودم از طرفدارای گوشی های اچ تی سی هستم و با ورود این گوشی به بازار میشه گفت بهترین و کاملترین گوشی زمان خودش میشه چون از همه لحاظ کامل هستش .,2,4,train
5469,با این که باطریش یه باطری 2100 میلی آمپر ساعتی جدا نشدنیه، باطری رو خیلی عالی نگه میداره.,2,4,train
11358,این برای زمانی که لنز Telephoto در دسترس نیست کاملا مفید است.,2,4,train
4009,به عنوان یک عکاسی که با دوربینهای مختلف کار کرده ام می تونم بگویم این سری از دوربینهای سونی نسبت به قیمت آنها واقعا فوق‌العاده‌اند.,2,4,train
12979,به صورتی که رنگ ها بسیار شفاف هستند، تصویر رنگ آمیزی کاملا یکدستی دارد و گوشه ها نیز کاملا شارپ می باشند.,2,4,train
3720,صدای فوق‌العاده عالی,2,4,train
11114,ضمنا قابلیت اجرای همزمان دو برنامه در این تبلت به بهترین شکل به اجرا در آمده است.,2,4,train
1253,خیلی عالیه هر انتظاری که از یه اسمارت فون داری رو براورده میکنه و نسبت به galaxy note خیلی بهتره.,2,4,train
7867,البته صدای بیس بسیار کم و نامحسوس بود ولی با این وجود، علاقه‌مندان به گوش کردن به موسیقی و تماشای ویدیو، از بلندگوی Fonepad کاملا راضی خواهند بود.,2,4,train
10878,برنامه آفیس رو واقعا به بهترین شکل پشتیبانی میکنه قسمت نوت این تبلت فوق العاده است واقعا با داشتن این تبلت نیاز به خودکار و کاغذ از بین میره !,2,4,train
10793,این دوربین توانایی فیلم‌برداری Full HD با سرعت 60 فریم بر ثانیه را هم دارد که فوق‌العاده است.,2,4,train
9194,بسیار بیشتر از قیمتی که براش پرداخت می‌کنید.,2,4,train
7903,کیفیت ساخت و بدنه این تبلت بسیار خوب است و در دست گرفتن آن حس خوبی را به کاربر منتقل می‌کند.,2,4,train
12223,طراحی منحصر به فردی داره مخصوصا محل قرار گرفتن کابل ایده ی بسیار جالبیه.,2,4,train
350,تاچ پد طراحی فوق‌العاده خوبی دارد.,2,4,train
1320,آنطور که اپل ادعا می کند آیپاد شافل دارای طراحی فوق العاده است، که البته ادعایی غیر واقعی نیست.,2,4,train
7526,خیلی هم عالی.,2,4,train
6173,طراحی خیلی شیک.,2,4,train
8064,به صورتی که بزرگترین نقطه قوت SX30 IS یعنی لنز فوق‌العاده‌ی آن با بزرگترین نقطه قوت SX40 HS یعنی سنسور تصویر فوق‌العاده CMOS تلفیق شده‌اند و SX40 HS را تبدیل به یکی از بهترین دوربین‌های سوپرزوم موجود در بازار کرده‌اند.,2,4,train
12406,و کلا تو این رنج قیمت یکی از بهترین گوشی هاست .,2,4,train
3138,در نهایت GALAXY Tab 2، یکی از بهترین تبلت های موجود در بازار و برای کسانی به دنبال یک تبلت کوچک با امکانات فوق العاده می گردند، بسیار مناسب است.,2,4,train
4592,فوق‌العادست.,2,4,train
1903,انصافا ios سیستم ساده و راحت و فوق العاده ایه، من خودم باهاش کار کردم، حسی که تو دست گرفتن آیفون بهت میده رو با هیچ گوشی دیگه ای نمیتونی تجربه کنی، ابعادش و راحتی استفادش فوق العادست، من خودم one x دارم، فکر نمیکردم کیفیت صفحش از گوشی خودم بالاتر باشه ولی خودمونیم صفحه آیفون یه چیز دیگست!,2,4,train
6355,در عوض همه‌ی کنترل‌های لمسی و غیر لمسی ارگونومی بسیار خوبی دارند و عملکردشان کاملا راضی کننده است.,2,4,train
2473,سلام به همه دوستان و دوستداران تکنولوژی این گوشی از نظر من بهترین محصول سامسونگ هستش,2,4,train
5432,جمع بندی در کل، با یک گوشی جالب، منحصر به فرد از نظر ابعاد و البته قدرتمند از کمپانی LG آشنا شدیم.,2,4,train
1713,یک دوربین 8 مگاپیکسلی با سنسور بسیار پیشرفته Backside Illuminated CMOS و دیافراگم f/2.4 که همانند دوربین آیفون 4S عملکرد بسیار خوبی دارد.,2,4,train
10855,خیلی عالیست,2,4,train
10728,دوربین عالی، صفحه نمایش بزرگ و با کیفیت و سخت افزار قدرتمند، تنها بخشی از نقاط قوت این گوشی محسوب می‌شوند.,2,4,train
7765,در یک کلام آیپد مینی محشره.,2,4,train
60,در قسمت پشت این دوربین نیز نمایشگر 2.7 اینچی 230000 پیکسلی قرار گرفته که نسبت به این دوربین امکانات و کیفیت خیلی خوبی را ارائه می دهد.,2,4,train
9971,این در حالی است که iPad 2 با امتیاز 1700 میلی‌ثانیه هنوز سریع ترین می‌باشد.,2,4,train
10237,.گوشی فوق‌العاده‌ایه و کیفیت صفحه‌نمایششم عالیه.,2,4,train
2760,در ضمن، یک دوربین 2 مگاپیکسلی نیز برای انجام مکالمات تصویری وجود دارد که برای این منظور بسیار مناسب و با کیفیت است.,2,4,train
5333,واقعا عالیه، سیستم عالی .,2,4,train
3334,علاقمندان به فیلم برداری حالا می توانند به راحتی تصاویر تمام HD کاملا سینمایی و با کیفیت صدای فوق العاده داشته باشند.,2,4,train
2492,تمام نوت‌بوک‌های سری X مجهز به بلندگوهای قدرتمند ساخت کمپانی Altec Lansing می‌باشند تا صدایی قدرتمند را تولید کنند.,2,4,train
2244,کیفیت ساخت بالای همیشگی HTC، آمیخته شده با سخت افزار فوق پیشرفته و نرم افزار بهبود یافته که نتیجه حاصله یک گوشی تقریبا بی نقص است.,2,4,train
2317,در پشت این لنز نیز سنسور تصویر 14 مگاپیکسلی دوربین قرار گرفته که هرچند از نوع CCD است ولی رزولوشن بالایی را ارائه می دهد و در شرایط نوری خوب می توانید عکس‌هایی بسیار با کیفیت را با آن تهیه کنید.,2,4,train
7534,از همه بهتر کمینه ی نسبت کانونی آن است که با f/2.9 یکی از سریع ترین لنزهای موجود بر روی دوربین های کامپکت هم رده می باشد.,2,4,train
763,و سی پی یو ی بسیار قوی ای داره !,2,4,train
7549,بعد از 2 ماه بررسی و کار کردن با تمام گوشی های هم رده و هم قیمت و حتی بالاتر به جرات میگم s3mini از نظر کیفیت ساخت و کارایی از همشون سرتره.,2,4,train
11542,پردازنده چهار هسته ای بسیار قدرتمند، صفحه نمایش فوق‌العاده و بهره گیری از آخرین نسخه سیستم عامل اندروید، تنها بخشی از مزایای این گوشی محسوب می‌شوند.,2,4,train
2612,به نظرم فوجی مارکی هست که واقعا ارزش خرید و داره,2,4,train
4603,سرعت تاچش هم خیلی خوبه و خیلی روونه.,2,4,train
4317,بسیار فوق العاده، انقلابی دیگر از اپل که مدت هاست منتظر آن هستیم,2,4,train
1142,در کل از خریدم بسیار راضیم و از دیجی کالا هم متشکرم برای معرفیه صادقانه و زحمت تمام مسئولانش برای آپ تو دیت نگه داشتن این وب سایت.,2,4,train
1421,2-استفاده از نمایشگر 15.4 اینچ Retina برای اولین بار 3-فن آوری جدید در سیستم خنک کننده این دستگاه که ایده ای بسیار خلاقانه داره، نه تنها در کاهش صدا به روشی ساده بلکه استفاده از روند جریان هوا از دو پهلو که در عمل باعث کاهش ورود گرد و غبار نسبت به روش سنتی به داخل لپ تاپ می شود4-استفاده از 2 عدد رابط Thunder Bolt که به نظر من فوق العاده است.,2,4,train
10906,از نظر کیفیت قطعات از بهترین چیپ ستها برای این تبلت استفاده شده.,2,4,train
11864,خلاصه کنم اگه واقعا دوس دارید از یک گوشی کاملا حرفه ای و با امکانات و در سایز جمع و جورتر و کوچک و قیمت خیلی مناسب استفاده کنید حتما بخریدش چون پشیمون نمیشید,2,4,train
748,انصافا توی این زمینه عالی بود.,2,4,train
9182,"بین 600d , 650d , nikon d3200 تحقیق میکردم که 650d حرفی واسه گفتن نذاشت.",2,4,train
5181,بدون شک باید بگم یکی از بهترین کنسولی است که تا به حال در عمر خود دیدم و باید بگم یکی از بهترین بازی های ایکس باکس متور اسپرت فورزا است که بی نظیر است,2,4,train
12427,اگر چندسال به چند سال گوشی عوض میکنید شاید در اینده به درد بخوره از نظر نرم افزاری خیلی شبیه به Z هست و حتی با متدهای Z به راحتی بدون شکستن بوت لودر روت شد دوربین 13 فقط در حالت 4:3 عکس میگیره و دوربین در حالت 16:9 با 9 مگاپیکسل عکس میگیره کابل HDMI نداره ولی MHL داره که دقیق نمیدونم چیه دوربین جلو VGA هست و کیفیت پایینی داره حافظه داخلی 8 هست که با خرید microsd قابل حله از نظر استاندارد هم کمترین مضرات رو برای بدن داره و میشه گفت بعد از Z که 4 هسته ای هست این گوشی بهترین گوشی (دو هسته ای) سونی هست.,2,4,train
11012,من با خیلی از تبلتا کار کردم این واقعا عالیه هم از نظر سرعت هم از نظر گرافیک و.,2,4,train
12441,حتی الان هم که z وارد بازار شده و جا افتاده، این گوشی بهترینه، تمام مشخصات z رو داره علاوه بر اون خوش دست تره، باطریش قابل تعویضه، زیباتره، خوشبختانه سونی توی تولیدش از بهترین سخت افزارهاش استفاده کرده فقط چون معرفیش با z مقارن شد تبلیغات زیادی راجع بهش نکرد.,2,4,train
9077,هرگز از خریدش پشیمون نمیشید.,2,4,train
10909,اچند تا از دوستانم آیپد 3 رو داشتند و با هم به مقایسه پرداختیم نظرات اونا رو در مقایسه آیپد با گلکسی نوت به ترتیب می نویسم: 1-قابلیت نوشتن نوت، جزوه نویسی با کیفیت عالی که شما رو از هرچیزی که باید روی کاغذ بنویسین بی نیاز می کنه، نوک قلم مختلف و رنگ های متنوع برای نوشتن، قابلیت خروجی PDF برای نوشته هاتون و ایمیل کردن راحت اون، استایل های مختلف صفحه برای نوشتن از ویژگی های منحصر به فرد این تبلت است که در هیچ تبلتی وجود ندارد.,2,4,train
1314,به نظر من که عالیه از همین سایت هم سفارش دادم,2,4,train
4251,دوربین خوب با فلش بی‌نظیر.,2,4,train
6050,در کل اگه کسی یه پرینتر متوسط و بی دردسر برای مصرف خانگی میخواد می تونم بگم عالیه و تا سالها میتونه نیاز کاربر رو برطرف کنه.,2,4,train
10601,این میزان در تست مرورگری اینترنت از طریق Wi-Fi به پنج ساعت افزایش یافت که میزان بسیار خوبی محسوب می‌شود.,2,4,train
6256,من این گوشی رو نزدیک به یک ماهه که دارم نور صفحش در مقایسه با گوشی های دیگه بالاتره به خاطر همین اگر کنار نوت 2 یا اس 3 بگذارید خیلی تفاوتی نداره امکاناتش از گوشی های سطح اول چیزی کم نداره و صفحه نمایش این گوشی جوابگوی نیازای من هست و اینترنت گردی هم باهاش لذت خودشو داره دوربینش هم فوق العاده است هم عکسبرداری هم فیلم برداری full hd و به قول دوستمون : تا باهاش کار نکنید به امکاناتش پی نمی برید,2,4,train
7409,واقعا فوق العاده است.,2,4,train
648,از لحاظ ظاهری هم بسیار شیک میباشد و همچنین با نصب یک برنامه که سایت HP وجود داره کیفیت صدای فوق العاده ای پیدا میکنه,2,4,train
6472,من این هارد رو گرفتم و خیلی راضیم اندازش از کف دست کوچیک تره که این خودش کلی ارزش داره عاشق دی جی کالا هستم,2,4,train
8216,تجهیزات مختلفی برای این دوربین وجود دارد که می توانید آن ها را به صورت جداگانه خریداری کنید.,2,4,train
10645,عاشق گوشی های سونی هستم خیلی طراحی زیبا و قابلیت های فراوان داره.,2,4,train
2543,این رزولوشن برای چنین دوربین ارزان قیمتی خیلی خوب است.,2,4,train
6711,توانایی زوم بالای 30 برابر هم ویژگی خیلی خوبی برای علاقه مندان به این ویژگی می‌باشد، در ضمن لنز آن‌ها در حالت واید فاصله‌ی کانونی معادل 30 میلی متر دارد که برای دوربین هایی در این کلاس عالیست.,2,4,train
7562,دوربینشم در حد 5 خیلی خوبه.,2,4,train
5416,این یک امکان فوق‌العاده است که ال جی به کاربران Optimus VU هدیه داده است.,2,4,train
2810,"کیفیت و بزرگی نمایشگر خیلی خوب است و خیلی بهتر از نمایشگر های 230,000 پیکسلی می‌باشد.",2,4,train
430,مزیت:1- خیالتون راحته از داشتن یه گوشی ژاپنی که کیفیت ساخت بسیار بالایی داره و احساس داشتن یه دوربین با کیفیت رو بهتون القا میکنه (در حال حاqر اکثر دوربین های برندهای مختلف موجود در بازار مونتاژ چین هستند)2- صفحه نمایش بزرگ و لمسی که خیلی لذت بخشه وقتی میخوای عکسها و فیلم های گرفته شده رو ببینی3- این دوربین بسیار جمع و جور و باریک و شیک می باشد.,2,4,train
10470,من تا حالا از این بهتر نداشتم همه چیش عالیه از سی پی یو اش گرفته تا سیستم عاملش!,2,4,train
10930,به نظر من عالیه و هیچ عیب و نقصی نداره,2,4,train
9875,بهترین گوشی قبل از آیفون 5..,2,4,train
10778,قطعا این فن‌آوری کاملا موثرتر از فن آوری های پیشین خواهد بود.,2,4,train
12195,قیمت مناسب، اندازه‌ی کوچک، طراحی شیک و جمع‌و‌جور، کیفیت ساخت خوب,2,4,train
7213,من اینو خریدم کیفیت صفحه نمایش اینو با گلکسی اس 3 مقایسه کردم بهتر بود از لحاظ ظاهری هم دیگه طراحی گوشیش حرف نداره و من هنوز تا این تاریخ گوشی به این شیکی ندیدم سرعت و شارژ هم حرف نداره صداش هم خیلی خوبه در کل بعد از 1 هفته نتونستم ایرادی ازش ببینم,2,4,train
2643,اما این بار فوجی فیلم شاهکاری دیگر را خلق کرده است که قطعا در CES 2011 یکی از بهترین‌ها بود.,2,4,train
11876,چنین سخت‌افزاری برای یک گوشی 3 اینچی و جمع و جور بسیار عالی است.,2,4,train
2823,عملکرد ماکرو نیز بسیار خوب است و این دوربین در مود ماکرو توانایی فوکوس بر روی سوژه‌هایی به نزدیکی 5 سانتی متر و عکاسی از آن‌ها را دارد.,2,4,train
9732,دید در زوایای مختلف خوب و در زیر تابش مستقیم نور آفتاب نیز عملکرد بسیار مناسب ارزیابی می‌گردد.,2,4,train
8003,واقعا بگم عالی!,2,4,train
10836,از هر لحاظ عالیه و رقیبی نداره در خریدش شک نکنید.,2,4,train
3511,سامسونگ در این گوشی قابلیت‌های بسیار جالب و جدیدی قرار داده است که آن را از رقبای خود مجزا کرده است.,2,4,train
3516,سومین و یکی از مهم‌ترین قابلیت‌های جدید گوشی Galaxy S III، سیستم فرمانبری صوتی پیشرفته گوشی یا S Voice است که در حقیقت نسخه اندرویدی Siri می‌باشد.,2,4,train
5403,در کل، عملکرد سخت‌افزاری این گوشی بسیار خوب است و در هنگام مرورگری اینترنت، بازی و یا حرکت در بین منوها، کاملا قدرتمند بودن آن را متوجه خواهید شد.,2,4,train
9198,کیفیت عکاسی با توجه به سنسور DIGIC5 بسیار خوب هست.,2,4,train
2746,در تست‌های سخت افزاری، این تبلت بسیار قدرتمند تر از Samsung Galaxy Tab 10.1 و Asus TF300 نشان داد که این خبر بسیار خوبی است.,2,4,train
1265,خوش دست و شیک هست 3.رمش هم که 1گیگ که عالیه هنگ تو کارش نیست 4.,2,4,train
10026,سلام منم این چاپگرو خریدم واقعا خوبه تازه وقتی به دوستام گفتم اونا تعجب کردن چطور با این قیمت یه همچین چاپگری خریدم واقعا خوب و به صرفه بوده برام,2,4,train
4277,به همین دلیل همچنان بسیار خوش دست است و به راحتی در دست و در جیب جای می‌گیرد.,2,4,train
410,سیستم لرزش گیر دست چه در هنگام استفاده از زوم زیاد و چه استفاده از سرعت‌های شاتر پایین عملکردی خیلی عالی دارد.,2,4,train
12500,این گوشی می‌تواند با سرعت بسیار بالایی عکس‌برداری کند.,2,4,train
5347,طراحی و ارگونومی عالی .,2,4,train
6994,سلام گوشی های اچ تی سی واقعا عالیند و زیبا مخصوصا تو استحکام بدنه.,2,4,train
8206,این در حالیست که همچنان همان عملکرد عالی در شرایط نوری ضعیف هم وجود دارد.,2,4,train
7764,جالبترین نکته مثبت طراحیش هست که با کوچک شدن گوشه های آن، حسگر تبلت برخورد اشتباهی دست با صفحه نمایشگر رو تشخیص میدهد.,2,4,train
7255,به نظرم باید NOTE II رو بفروشم یکی ازینا بردارم!,2,4,train
9935,"یک ویژگی جدید و بسیار جالبی که در این سیستم عامل می‌بینیم ""Siri"" می‌باشد که در حقیقت کمک کننده‌ی دیجیتالی شما (Your Own Digital Helper) می‌باشد و شما می‌توانید با گوشی خودتان صحبت کنید و حتی از آن کمک بخواهید.",2,4,train
9462,بارزترین ویژگی آیپاد نانو ابعاد فوق العاده کوچک (37.5*40.9*8.78) و صفحه Multi-Touch آن است.,2,4,train
7744,هم که همیشه برتر بوده مخصوصا در دسته تبلت و این محصول که اندازه ش کوچک تر هم هست دیگه عالیه.,2,4,train
1836,بدنه ای که برای آنتن دهی بهتر و خوش دست شدن با الماس تراشیده می شود و دوربینی که برای لنز مقاومتی اش از یاقوت استفاده می شود و از همه مهمتر صفحه نمایش بزرگ رتینا با وزن فقط 112 گرم که فکر می کنم اعجاب برانگیز باشد.,2,4,train
7779,ابعاد این تبلت 200×135 میلی متر است و قطر آن تنها 7.2 میلی متر، یعنی حتی کمتر از آیفون 5 .,2,4,train
8055,کیفیت فیلم‌های گرفته شده و صدایی که بوسیله‌ی میکروفون‌های داخلی استریو ضبط می‌شوند فوق‌العاده است.,2,4,train
9715,بیشترین امکانات رو داره..,2,4,train
3666,این دوربین به تکنولوژی‌های پیش‌رفته‌ای مجهز شده و می‌توان آن را از جدیدترین‌ها به شمار آورد.,2,4,train
6498,خریده خیلی خوبیه.,2,4,train
1373,برتری اصلی این پنل نسبت به پنل های TN در کیفیت رنگ‌های عالی و زوایای دید بسیار بالای آن است.,2,4,train
9330,در عین حال در زوم کامل توانای ارائه ی بزرگنمایی تا 30 برابر را دارد که بسیار عالیست و در سطح سوپرزوم ترین دوربین های دنیا قرار می گیرد.,2,4,train
3829,حرکت تصاویر با قابلیت 960Hz Clear Motion Rate بسیار نرم‌تر خواهد بود تا صحنه‌های پر تحرک و هیجانی را با نهایت وضوح تماشا کنید.,2,4,train
3149,به نظر من خیلی عالیه.,2,4,train
11528,چنین ترکیب سخت افزاری به کاربران Nexus 4 امکان می‌دهد که هیچ‌گونه کاهش سرعت و یا به اصطلاح Lagی را در محیط رابط کاربری مشاهده نکرده و بتوانند به راحتی حتی سنگین‌ترین بازی‌های سه بعدی را اجرا نمایند.,2,4,train
3875,یک ویژگی بسیار خوب دیگر در مورد این دوربین، شارژدهی باتری آن می‌باشد که از مدل پیشین بیشتر است.,2,4,train
571,به دلیل فضای زیادی که وجود داشته، در سمت راست صفحه کلید نیز یک صفحه کلید عددی خیلی خوب قرار گرفته تا کار وارد کردن اعداد خیلی آسان‌تر صورت گیرد.,2,4,train
4761,من XR500 دارم کیفیت فیلم و عکس فوق العادس،  کسی میدونه روی این مدل لنز میشه نصب کرد یا نه؟,2,4,train
1765,مزایا : - دوربین فوق العاده .,2,4,train
1342,اگه میخواین بخرینش اصلا شک نکنید!,2,4,train
4583,ولی به نظر من کلا عملکرد باطریش خیلی راضی کننده و خوبه.,2,4,train
12555,صدا شفاف، بلند و با کیفیت شنیده می‌شد.,2,4,train
11439,تو این دو روز عاشقش شدم عالیه.,2,4,train
11544,من دوربینو تازه خریدم خیلی خیلی ازش راضیم,2,4,train
10868,سلام دوستان به نظر من این تبلت بهترین و فوق العاده ترین تبلت توی بازاره.,2,4,train
12393,عملکرد ماکرو نیز عالیست و دوربین در این مود توانایی فوکوس و عکس گرفتن از سوژه‌هایی به نزدیکی 3 سانتی متر را دارد.,2,4,train
5412,اما یکی از بهترین قابلیت‌های این گوشی، وجود NFC بر روی آن است.,2,4,train
1298,خیلی عالیه !,2,4,train
12362,این لنز در عین حال که در حالت واید می‌تواند میدان دید بسیار گسترده‌ای را پوشش می‌دهد، در زوم کامل نیز بزرگنمایی قابل توجهی را ارائه می‌کند و بدین ترتیب یکی از سوپر زوم‌ترین دوربین‌های کامپکت بازار است.,2,4,train
248,سرعتش عالیه و از لحاظ شیک بودن با این لوگو سونی عالی,2,4,train
844,خیلی خوبه.,2,4,train
7893,بنابراین، Fonepad می‌تواند تمامی وظایف یک گوشی هوشمند را نیز انجام دهد و شما را از داشتن یک گوشی اندرویدی بی نیاز خواهد کرد.,2,4,train
9215,درکل امکانات و کیفیت همه چیز در حد بسیار خوب طراحی و ساخته شده است و اگر ظرفیت باطری دوربینکمی بیشتر بود و لنز پیشنهادی همراه دوربین نیز از نوع USM یا SLM بود این دوربین کاملا بی رقیب و استثنایی میشد چراکه کیفیت عکسها و فیلمهای تهیه شده با آن عالی است.,2,4,train
9890,صفحه نمایشش خیلی خوبه.,2,4,train
7651,همچنین از پردازشگر ۴هسته‌ای Qualcomm Fusion 3 بهره می‌بره با معماری ۲۸نانومتری که در عین داشتن بهترین کیفیت، باعث کاهش مصرف باتری میشه.,2,4,train
1306,امکاناتش نسبت به قیمتش فوق العادست!,2,4,train
5782,دراین نسخه امکانات وسیعی جهت شخصی سازی قسمت های مختلف سیستم عامل افزوده شده که با این آپدیت Galaxy S II نشون میده که هنوز هم یکی از بهترین‌هاست و گفته هایی مبنی بر اینکه دوره این گوشی گذشته را میتوان غیر قابل قبول دونست.,2,4,train
5903,به نظرم sony xperia s بهتره :برتریهای xperia s را میتوان به دلایل زیر ربط داد: دوربیم 12 مگاپیکسلی _ زوایای دید بالا _ رزولوشن صفحه خیلی بالا-بالا بودن حافظه داخلی _ سرعت فرکانس بیشتر و ..,2,4,train
1149,شکل ظاهری خیلی خوبی هم داره و هر کی میبینه دوست داره بگیرتش تو دستش.,2,4,train
7520,به شخصه تنها برند ایسوس رو میپسندم,2,4,train
1905,اپل 5 نوع کارت گرافیکی قدرتمند سه هسته ای داره که تو نوع خودش بی نظیره و همچنین مدل سی پی یو واقعا عالیه.,2,4,train
2787,این لنز در فاصله‌ی کانونی 25 میلی متر حالت واید بسیار خوبی را ارائه می‌دهد تا بتوانید در یک عکس، میدان دید بزرگی از یک چشم انداز گسترده‌ی طبیعی را ثبت کنید.,2,4,train
3119,یکی از مهمترین و بهترین امکانات اضافه شده در GALAXY Tab 2 7.0 سیستم عامل آن است.,2,4,train
10631,واقعا هم خوش دسته مرسی دیجی کالا,2,4,train
5453,ظاهر گوشی هم بسیار زیباست.,2,4,train
12881,سرعت بلوتوث هم خیلی عالیه.,2,4,train
10881,قابلیت تماس های صوتی و ارسال پیام کوتاه هم که بی نظیره !,2,4,train
5694,من الان یه ماهی دارمش ازش خیلی راضیم عالیه  فقط اگه یه مقدار دوربینش عالی بود بهتر می شد,2,4,train
9526,هر چقدر پول بدی همون قدر آش میخوری قیمتش به خاطره کیفیت ساختشه بعضی از قسمت هاش را با الماس میتراشن محافظ دوربینش از یاقوت است از لحاظ گرافیک و سرعت بی نظیره,2,4,train
8300,با سلام من خیلی وقته این گوشی رو دارم و کاملا راضی هستم مشکلش باطریشم با پاور سیوی که با اپدیته اولیه میادش فوق العاده هستش البته بزارید از 30% کمتر شد شارژتون استفاده کنید.,2,4,train
5841,گوشی فوق‌العاده عالی‌ای هستش.,2,4,train
9973,در تست‌های واقعی هم که انجام دادیم عملکرد iPhone 4s واقعا خیره کننده بود.,2,4,train
2574,من 5 روزه دوربین به دستم رسیده واقعا راضیم..,2,4,train
12408,و این که دوستانی که میخوان بگیرن این گوشی رو شک نکنید بهترین انتخاب رو کردید .,2,4,train
12483,اما این صفحه نمایش نیز مانند مدل Xperia T، قادر است تصاویر را با رزولوشن HD یعنی 1280×720 نمایش دهد که عملکرد بسیار خوب آن‌را تضمین می‌نماید.,2,4,train
2463,بعنوان یه دوربین با قابلیتهای متفاوت بنظر من عالیه قیمتشم بنظرم خوبه دارای کیفیت عالی در عکاسیه لنز هاش خیلی پر قدرتن و 16 مگا پیکسلش واقعیه پیشنهادش می کنم,2,4,train
8829,شارژ رو خوب نگه می داره کیفیت عکس و فیلمش خیلی خوبه قابلیت های زیادی برای تنظیم داره البته من بیشتر از حالت اتوماتیکش استفاده می کنم,2,4,train
11267,یکی از بهترین تبلت های بازاره عالیه,2,4,train
7799,بنابراین، از نظر قدرت سخت افزاری، این تبلت بدون هیچ نقصی به روان‌ترین شکل موجود تمامی دستورات را اجرا می‌نماید.,2,4,train
6917,واقعا حرف نداره و به نظر من اگه اندروید ٤.,2,4,train
3796,در کل همانطور که گفتیم، PJ710v یک پیشرفت خیلی عالی نسبت به مدل های پیشین بوده است.,2,4,train
9510,من با این گوشی حدودا 2 هفته کار کردم واقعا نسبت به iphone 4 هم انتن دهی بهتری داره هم تاچش خیلی بهتر شده واقعا عالیه,2,4,train
7110,عکس‌ها و متون در این صفحه نمایش فوق‌العاده نمایش داده می‌شوند.,2,4,train
2521,همین مدل، در تست تماشای ویدئو توانست نزدیک به سه ساعت و نیم شارژدهی کند که کاملا رضایت بخش است.,2,4,train
3250,طراحی بسیار حرفه‌ای بوده و مواد ساخت اولیه نیز بسیار با کیفیت هستند.,2,4,train
3961,خیلی راحت فوکوس خودکار عمل میکنه.,2,4,train
8044,البته دیگر جنبه‌های کیفیت تصویر هم واقعا عالی هستند.,2,4,train
8275,به روز رسانی: کیفیت عکس های گرفته شده توسط Ixus 500 HS واقعا خوب است.,2,4,train
3299,بعلاوه توانایی بسیار عالی را نیز در حذف نویز پس زمینه دارد.,2,4,train
5493,خوشگل‌ترین فبلت جهان .,2,4,train
10599,اما این سخت افزار نسبتا ضعیف باعث شده تا G585 نوت‌بوکی کاملا خنک و بی صدا باشد، به طوری که حتی تحت استرس زیاد، بدنه دستگاه کاملا خنک باقی بماند و فن‌های سیستم خنک کننده نیز صدای کمی تولید می‌کنند.,2,4,train
12288,بر عکس جثه کوچکش بسیار بسیار عالی و فول امکانات است..,2,4,train
6613,لولایی که نمایشگر را نگه می‌دارد کاملا مستحکم است و دکمه‌ها نیز بازخورد خیلی خوبی دارند.,2,4,train
6470,همه چیش عالیه .,2,4,train
8638,من این گوشی رو 15روزه که باهاش کار کردم ازهمه نظر گوشی عالیه من که ازش راضی هستم به خصوص باطری و صفحه نمایشش عالیه به نظر من کسایی که عاشق گوشی های دوسیم کارت هستند بهترین گزینه براشون این گوشیه,2,4,train
5852,شک نکنید در خرید این گوشی که یکی از بهترین‌هاست ..,2,4,train
4452,تصویرش عالیه,2,4,train
6671,امکانات فراوان بعلاوه قیمت بسیار مناسب.,2,4,train
1172,جنس براق و کاملا صیقلی بدنه، بسیار چشم نواز است.,2,4,train
2828,امکانات و قابلیت های فوق العاده جالبی داره.,2,4,train
8287,عکاسی ماکرو نیز واقعا عالیست به صورتی که می‌توانید از فاصله‌ی بسیار نزدیک 1 سانتی متری بر روی یک سوژه فوکوس کنید و عکس بگیرید.,2,4,train
3154,عالی..,2,4,train
6005,ابعاد این پرینتر خیلی جمع و جور می‌باشد.,2,4,train
2505,پردازنده‌ی Core i7 که قدرتمندترین آن‌هاست، پردازنده ای ذاتا چهار هسته ای با توان تولید چهار هسته‌ی مجازی و کارکرد با مجموع هشت هسته است (تکنولوژی Hyper-Threading) که عملکردی کم نظیر را ارایه می‌دهد.,2,4,train
11543,اگر یک کاربر حرفه ای هستید و تمایل دارید که همواره از به روزترین و جدیدترین نسخه سیستم عامل اندروید استفاده کنید، Google Nexus 4 بهترین انتخاب برای شما خواهد بود.,2,4,train
11655,کارایی سایر سخت افزارها: در حد بسیار خوب,2,4,train
7746,هر قیمتی که داره مهم نیست، می خرمش چون اپله,2,4,train
6095,و فوق العاده از آن راضیم .,2,4,train
3905,با استفاده از PictBridge می‌توانید دوربین را به رایانه متصل کنید و با سرعت بسیار زیادی به انتقال عکس‌ها و فیلم هایی که گرفته اید بپردازید.,2,4,train
8966,رنگ‌آمیزی بسیار زیبایی دارد و با وجود پلاستیکی بودن خیلی استایلیش است.,2,4,train
6984,خیلی گوشی خوبیه هم شکیل و زیبا هم پر قدرت,2,4,train
545,طی 6 ماهی که این اسکنرو خریدم حدود 1000 تا 1200 قطعه سند باهاش اسکن و PDF کردم قابلیت 1---- مشخصهء خوب این اسکنر، جدا سازیه عکسهای کوچیکه (به این منظور که اگه شما 3 تا 8 قطعه عکس کوچیک داشته باشین و بخواین همرو یکجا اسکن کنین، هر کدوم 1 فایل جدا میشه) قابلیت 2---- بدون برق و با استفاده از پورت USB راه اندازی میشه قابلیت 3---- کیفیت و شفافیت اسکنش عالیه قابلیت 4---- امکان PDF کردن متون و عکس رو همزمان داره قابلیت 5---- بسیار باریک و سبک و کم حجمه و در کل بسیار کار آمد و برای کاربران خانگی یه اسکنر با قیمتی مناسبه,2,4,train
10731,Xperia TX بدون شک بهترین گوشی تولید شده توسط کمپانی Sony تا به این تاریخ و در کل یکی از بهترین گوشی‌های هوشمندی موجود در بازار است که به راحتی می‌تواند با گوشی‌های رده بالای چهار هسته ای کمپانی دیگر مانند Samsung Galaxy S III و HTC One X رقابت کند.,2,4,train
9129,معایب دیزایر در این مدل کاملا مرتفع شده و با اندروید ورژن 4 فوق العاده شده.,2,4,train
2490,رنگ‌های تولید شده بسیار زنده و طبیعی بوده و روشنایی صفحه نمایش بسیار خوب است.,2,4,train
11910,واقعا که شیک و عالیه.,2,4,train
6371,در کنار چنان سخت افزار قدرتمندی، سیستم عامل کاملا حرفه‌ای و جذاب Android 4.1 با واسط کاربری TouchWiz 5.0 قرار دارد.,2,4,train
10191,بسیار ازش راضیم.,2,4,train
4216,سلام من این گوشی رو 4 روزه که خریدم، در یک کلام باید بگم با توجه به پولی که میدید محشره، صفحه نمایش 4 اینچی با کیفیت فوق‌العاده بالا IPS LCD 480*800 ، سی پی یو دو هسته ای یک گیگا هرتزی، اندروید 4.1 و از همه مهمتر باتری قدرتمند 1730 میلی آمپری جای هیچ شکی برای خرید این گوشی نمیذاره.,2,4,train
12394,به هر صورت همان‌طور که گفتیم، Panasonic Lumix TZ-18 دوربین کامپکت سوپر زوم و پیشرفته ایست که می‌تواند مورد استفاده‌ی عکاسان حرفه‌ای و مبتدی قرار گیرد.,2,4,train
3244,در مورد قیمتش هم میشه گفت بهترین انتخاب میتونه باشه در بین هم نوعانش.,2,4,train
10716,صدا بسیار بلند بوده و کاملا شفاف است و به جرات می‌توان گفت که Xperia TX یکی از بهترین بلندگوهای موجود بر روی گوشی‌های هوشمند را دارد.,2,4,train
7944,این لنز در حالت واید میدان دید خیلی گسترده‌ای را پوشش می‌دهد که عالیست.,2,4,train
3306,در ضمن حالت واید بسیار عالی و بزرگنمایی 11X را نیز ارایه می کند.,2,4,train
5889,منو عالیه.,2,4,train
10388,خیلی عالیه.,2,4,train
842,خیلی عالی هست.,2,4,train
3751,عکسهای خیلی خوبی میگیره و فیلمبرداریش درسته که 15 فریمه ولی خوبه.,2,4,train
9332,طبق انتظاری که داشتیم این دوربین دارای لرزش گیر اپتیکال نیز هست تا بتواند لرزش دست را به نحو خیلی خوبی جبران نماید و همواره بتوانید عکس هایی شارپ تهیه کنید.,2,4,train
2633,که برای افرادی که میخوان از عکاسی عادی به سراغ عکاسی نیمه حرفه ای برن مناسبه3- خوش ساخته و واقعا بدنه و ظاهر زیبا و ارگونومیکی داره4- عکسها در روز نسبتا خوب هستن و اگر با حوصله گرفته بشه خیلی خوب از اب در میاد و در شب با وجود فلاش بسیار راضی کننده هستن,2,4,train
11953,نصب برنامه بدون ایراد و بدون هنگ کردن 10.انتن دهی و وای فای و بلوتوث بسیار عالی معایب رم 387 آزاد 1.,2,4,train
7723,و برنامه ها بازی های اون ایده آل ترین تبلت بازاره..,2,4,train
10955,سرعت عالیه.,2,4,train
11364,در کل 600D مانند پیشینیان خود دوربین بسیار سریعی از هر لحاظ می‌باشد.,2,4,train
12218,با خیال راحت بخرید.,2,4,train
8847,دوربین بسیار خوبیه و عکسهای باکیفیتی میگیره.,2,4,train
4918,منم خیلی خیلی ازش راضی هستم و واقعا پولی که برای خریدش میدیم ارزش داره,2,4,train
3267,• کیبورد و تاچ پد کیبوردی که سامسونگ بر روی این لپ‌تاپ‌ها قرار داده است واقعا با کیفیت است.,2,4,train
4249,) سرعت عالی با dual core 1ghz.,2,4,train
7745,من خودم همیشه منتظر تبلت کوچکتر اپل بودم که بالاخره عرضه شد به زودی میگیرمش,2,4,train
7861,میزان غلظت رنگ‌ها و وضوح جزئیات نیز بسیار مناسب می‌باشند.,2,4,train
7809,کیفیت فیلم‌برداری 720p موجود در آی پد 2 اصلا راضی کننده نبود ولی فیلم‌برداری Full HD 1080p با 30 فریم بر ثانیه آی پد مینی، دارای کیفیت فوق‌العاده بالایی است.,2,4,train
2240,صفحه نمایش 4.7 اینچی با کیفیت فوق‌العاده، پردازنده چهار هسته ای قدرتمند و ویدئو پلیر قوی با پشتیبانی از اکثر فرمت های تصویری، بهترین تجربه تماشای ویدئو بر روی گوشی را برای شما به ارمغان می‌آورد.,2,4,train
12721,صداش بر خلاف بقیه سونی اریکسونا عالیه.,2,4,train
8325,این سیستم عامل به خودی خود، پیشرفت‌های چشمگیری نسبت به نسخه‌های پیشین داشته است و HTC با قرار دادن جدیدترین رابط کاربری خود با نام Sense 4.0 این بهبودها را دو چندان کرده است.,2,4,train
2385,حدودا یک هفتست گرفتم ازش واقعا راضیم این دوربین نیمه حرفه ایه کیفیت عکس عالی حتی روی عکسهای زوم شده باز میشه زوم کرد بدون اینکه کیفیتش پایین بیاد,2,4,train
3104,کاور پشتی این تبلت از جنس پلاستیک تیتانیومی ساخته شده است که کیفیت بسیار خوبی داشته و به دلیل اینکه اثر انگشت را جذب نمی کند، همیشه ظاهر تمیز خود را حفظ می کند.,2,4,train
1605,رم بسیار بالای آن، قابلیت Multi-tasking ، قدرت بالا در اجرای سنگین‌ترین برنامه های گرافیکی و البته قلم بسیار کاربردی آن.,2,4,train
50,ولی باید به این نکته هم توجه کرد که برای افرادی که توانایی کنار آمدن با سیستم عامل های دیگر و به طور کلی با اسمارت فون ها را ندارند و در عین حال میخواهند یک گوشی خاص داشته باشند بسیار عالی میباشد .,2,4,train
7194,سلام عزیزان یکهفته است این غول رو خریدم به عنوان یک گوشی و یک تبلت بسیار خوبه.,2,4,train
10681,دوربین 13 مگاپیکسلی کیفیت فوق العاده ای داره.,2,4,train
7933,سخت افزاردر قلب این گوشی چیپ NVIDIA Tegra 3 AP37 قرار دارد که یک نسل از چیپ مدل One X جدید تر است و به کمک پردازنده چهار هسته ای 1.7 گیگا هرتزی و یک گیگابایت حافظه RAM، قدرت پردازشی بی نظیر گوشی را تضمین می‌کند.,2,4,train
7741,بنظر عالی میرسه.,2,4,train
469,گوشیه فوق العاده ایه، نرم افزارهای متنوع و درخور هر نوع سلیقه ای ، قدرت تاچ و لمسگر فوق العاده بالا، عینشو ندیدم، کیفیت صفحه بسیار بالا، خلاصه میشه گفت آخرشه!,2,4,train
2621,عکس های پانورامای خیلی خوبی میگیره و اما : در مورد رم باید سعی کنید از رم های کلاس بالا استفاده کنید چون اگر از کلاس 4 استفاده بشه فقط تا 4 گیگ رو ساپورت میکنه و هشت گیگ رو نمیشناسه  در مورد بدنه: بدنه خیلی قوی و محکمی داره  در مورد منو : باید گفت تقریبا به تمام زبان های زنده دنیا منو داره از جمله فارسی ، عربی ، ترکی و ..,2,4,train
3702,نوکیا 500 هم در عین سادگی گوشی بسیار پر امکاناتی می‌باشد به طوری که نمایشگر 3.2 اینچی لمسی خازنی آن رزولوشن خیلی خوب 360 × 640 پیکسل را ارایه می‌دهد و کیفیت 16 میلیون رنگ را دارد.,2,4,train
11706,این گوشی یه غول کوچیکه.,2,4,train
5899,دوستان من این گوشی رو تقریبا 3.5 ماه هست خریدم به اندروید4.0.3 هم آپدیت کردم به نظر شخصی خودم این گوشی هم از نظر قدرت سخت‌افزاری و سرعت بالاش بهترین گوشی هوشمند میباشد با دوربین 8مگا فوق‌العاده عالی با رابط کاربری فوق‌العاده دوست‌داشتنی تاچ ویز سامسونگ.,2,4,train
4645,دوربینش واقعا عالیه.,2,4,train
11603,به هر صورت همان‌طور که گفتیم، Nikon Coolpix P510 تا به این تاریخ سوپر زوم ترین دوربین رده‌ی خود می‌باشد.,2,4,train
12130,بدین ترتیب که برای عکاسی با آن کافیست که دوربین را بر روی مود عکاسی اتوماتیک هوشمند قرار دهید، آن را به سوی سوژه نشانه بروید و دکمه ی شاتر را بفشارید تا بهترین و با کیفیت ترین عکس گرفته شود.,2,4,train
8659,از گوشی هم بسیار راضی هستم.,2,4,train
1813,سرعت و عملکرد بالا هم که عالیه,2,4,train
10136,سلام به همه دوستان من یه سالی میشه که خریدمش و ازش راضیم و تا حالا نشده برنامه و نرم افزاری رو اجرا نکنه اگه از مموری کلاس بالا استفاده کنین هنگ نمیکنه (تا 32 قابل‌ارتقاست) نسبت به قیمتش دوربین نسبتا خوبی داره و فیلم‌برداریش میتونم بگم عالیه..,2,4,train
9210,دوربین بسیار خوبی برای عکاسی و همچنین فیلمبرداری با کیفیت عالی است.,2,4,train
9075,من شش ماه است این گوشی رو دارم از هر لحاظ گوشی کامل و بی عیب و نقصی هست.,2,4,train
9600,در واقع علاقمندان به این گوشی باید منتظر بمانند تا گوشی وارد بازار شده و با حریفان خود سامسونگ و سایر رقابت خود را آغاز کند ولی تاکنون پیش فروش اپل کاملا معادلات رقبا را به هم ریخته.,2,4,train
11130,رم بسیار بالای آن، قابلیت Multi-tasking، قدرت بالا در اجرای سنگین‌ترین برنامه های گرافیکی و البته قلم بسیار کاربردی آن.,2,4,train
9694,خوبی اپل اینه که تکه و هیچ چی مثل اون نیست,2,4,train
530,ولی ما با تست هایی که به عمل آوردیم اسکن هایی بسیار شفاف و با دقت بالا حتی در متون ریز را شاهد بودیم.,2,4,train
1158,این قضیه کابل هم که دورش جم میشه خیلی عالیه و خیلی کاربردی توی حمل و نقل هارد.,2,4,train
1489,من این دوربین رو یه هفته ای هست که از سایت دیجی کالا خریدم و ضمن رضایت کامل از دیجی کالا و نحوه دریافت کالا، اندر مزایای این دوربین بگم که: کیفیت عکسبرداریش خیلی خوبه و خودم به شخصه انتظار چنین کیفیت بالایی رو با توجه به قیمتش نداشتم.,2,4,train
5503,بسیار زیبا باید از نزدیک ببینید زیبایشو.,2,4,train
974,اما یکی از بهترین بهبودها در این دوربین نسبت به مدل پیشین در نمایشگر بوده است.,2,4,train
3937,فیلم و ضبط صداشم فوق‌العاده است.,2,4,train
11248,به هر صورت همانند دیگر دوربین‌های سونی سایبرشات، HX30v هم کاملا خوش ساخت و خوش دست می‌باشد و با توجه به دستگیره‌ی نسبتا خوبی که بر روی آن قرار گرفته، ارگونومی بسیار عالی را ارائه می‌دهد که تا حدودی از ارگونومی رقبا در دیگر برندها بهتر می‌باشد.,2,4,train
11441,الان روش اندروید 4.2.2 داره و از نظر نرم افزاری بهترینه از نظر سخت افزاریم خیلی عملکرد خوبی داره.,2,4,train
4666,اکسپریا ری امکاناتش با گوشی های که دو برابرش قیمت دارند برابری میکنه و قابل مقایسه و رقابت هست و به راحتی میتونه در حد بالا قرار بگیره یک گوشی خوش دست که به راحتی تو جیب جا می شه صفحه نمایش براویا سونی کیفت hd نرم افزار اندروید 4 دوربین 8 فیلمبرداری hd سرعت بالا و گرافیک عالی باطریش بین اندرویدها جز باطری های عالی هستش هر روز که میگذره بیشتر ازش خوشم میاد.,2,4,train
8866,در یک کلمه بگم واقعا عالیه .,2,4,train
6452,در یک کلام ، فوق العادست.,2,4,train
12592,کیفیت صفحه نمایش عالی..,2,4,train
10995,ضمنا به نظرم این یه تبلت کامله و شاید بهترین,2,4,train
4152,مشخصات سخت افزاریش مناسبه و کاراییش هم عالیه.,2,4,train
20,کیفیت پرینت در هر دو رزولوشنی که گفتیم، خیلی خوب است و رنگ مشکی کاملا مشخص و غلیظ می‌باشد.,2,4,train
3205,یک ویژگی خوبی که این تبلت داره اینه که دارای صدای فوق العاده بالا با کیفیت استریو هست، که این ویژگیش واقعا برای من جالب و خوشآیند بود، چون من ساعات زیادی رو آهنگ گوش میدم.,2,4,train
4388,Sony S دارای صفحه نمایش فوق العاده 9.4 اینچی با تکنولوژی True Black و موتور BRAVIA است که رنگ های بی نظیری را تولید میکند.,2,4,train
3768,نمایشگر این دوربین بسیار عالیست به طوری که از نوع 3 اینچی با رزولوشن فوق العاده ی 921000 پیکسل می باشد.,2,4,train
7707,واقعا سبک و نگه داشتن آن با یک دست ساده است.,2,4,train
11029,باطری بسیار قدرتمندی بر روی این تبلت قرار دارد که شارژدهی آن بی نظیر است شارژدهی باتری قدرتمند این پدیده قابلیت مکالمه تا 33 ساعت را به شما کاربر گرامی میدهد.,2,4,train
2671,این دوربین در ضمن نمایشگر بسیار با کیفیت تری نیز دارد.,2,4,train
11402,رم بالا (2گیگ) بسیار مناسب و کارآمد هست .,2,4,train
2753,با وجود سخت افزار مناسب و البته راه های مختلف اتصال به دنیای اینترنت مانند 3G، GPRS، Edge و Wi-Fi و البته حساسیت و عملکرد بسیار خوب صفحه نمایش، مرورگری دنیای اینترنت در این تبلت بسیار لذت بخش خواهد بود.,2,4,train
10638,عاشق دوربینشم,2,4,train
9325,SX500 IS نیز مجهز به دستگیره ای کاملا بزرگ می باشد که در دست گرفتن دوربین را برای عکاسی در بزرگنمایی های بالاتر کاملا ساده می کند و باعث می شود که با اطمینان بیشتری آن را در دست بگیرید و در ضمن لرزش کمتری نیز داشته باشد.,2,4,train
4316,در نهایت اگر به دنبال کامل‌ترین و بهترین مالتی مدیا پلیر همراه موجود در بازار هستید، iPod Touch نسل پنجم، تنها انتخاب شما خواهد بود!,2,4,train
6034,در کل باید گفت که HP LaserJet P1102 به عنوان یک پرینتر لیزری تک رنگ سطح مبتدی عملکرد و ویژگی های خیلی خوبی را ارایه می‌دهد.,2,4,train
7844,اما ایسوس کاملا فراتر از انتظار ما عمل کرد و قاب پشتی این تبلت را فلزی در نظر گرفته است.,2,4,train
7258,و خریدش 100% می ارزه.,2,4,train
8526,با اینکه در کیفیت فیلم برداری نسبت به آن دوربین تغییری نداشته ولی هنوز هم بهترین می‌باشد و فقط Canon Vixia G10 می‌تواند رقیب آن باشد.,2,4,train
7662,بهترینه شکی توش نیست,2,4,train
11705,بازی gta رو هم به راحتی اجرا کرد و همچنین دارای دوربین با کیفیت بسیار بسیار عالی هست.,2,4,train
685,بدنه آلومینیوم و سبک بودنش حرف نداره.,2,4,train
11745,این گوشی عالیه..,2,4,train
12071,پسر من یکی داره و خیلی عالی کار میکنه از لحاظ کیفیت عالی,2,4,train
11924,واقعا تبلت با‌کیفیتی است سونی هم در موبایل و هم در تبلت از سامسونگ جلوتره,2,4,train
1185,همچنین دید در زوایای مختلف آن نیز بسیار خوب است.,2,4,train
9611,من فکر می کنم مشکل خیلی ها با android باشه من یه galaxy note 10.1 داشتم اینقدر آزارم داد که فروختمش یه galaxy s3 خریدم بازم نشد الان ipad دارم وباید بگم ios بهترینه .,2,4,train
11916,این یه تبلته خارق‌العاده است,2,4,train
8624,( HD یعنی 1280 در 720 پیکسل) و (Full HD یعنی 1920 در 1080 پیکسل) 5- ویدیوهای HD رو با پلیر خودش اجرا نمیکنه نقاط قوت: 1- سیستم عامل جدید آندروئید v4.1.2 - Jelly Bean 2- نرم افزارهای قوی 3- طراحی بسیار زیبا و وزن سبک 4- صفحه نمایش بزرگ با رزولوشون نسبتا مناسب,2,4,train
10433,این بسیار خوب است و نشان می‌دهد که دوربین می‌تواند کاملا مناسب استفاده‌ی مبتدیان و حرفه ای‌ها قرار گیرد.,2,4,train
12554,ما این گوشی را در خیابان‌های شلوغ تست کردیم و میکروفون کاهش نویز واقعا کارش عالی بود.,2,4,train
6543,بعد از مدت‌ها از یک کمپانی به غیر از اپل و ایسوس و سامسونگ، تبلتی با صفحه نمایش بسیار خوب مشاهده نمودیم.,2,4,train
10960,تو همه تست ها سامسونگ نوت فوق العاده عمل کرد.,2,4,train
2829,من که واقعا ازش راضیم.,2,4,train
4660,باتریه گوشی خیلی عالیه.,2,4,train
111,به روز رسانی: از نظر مقدار نویز، در حساسیت‌های پایین عکس‌های این دوربین وضعیت خیلی خوبی دارند.,2,4,train
2977,ولی واقعا تبلت فوق العاده ایه.,2,4,train
411,فوکوس ماکرو نیز بسیار عالیست چرا که در این مود اجازه‌ی فوکوس و عکاسی از سوژه‌هایی به نزدیکی 3 سانتی متر را به شما می‌دهد.,2,4,train
11927,واقعا فوق‌العادست .,2,4,train
10007,• نرم افزاریکی از بهترین خصوصیات این تبلت، قابلیت سوئیچ کردن پویای آن است.,2,4,train
6755,کمینه ی نسبت کانونی ارائه شده توسط آن نیز f/1.8-3.4 می باشد که این دوربین را برای فیلم برداری در شرایط نوری ضعیف ایده‌آل می کند.,2,4,train
9833,اما با وجود استفاده ایسوس از پنل Super IPS+ LCD، دید در زاویه و همچنین عملکرد این صفحه نمایش در زیر نور آفتاب، بسیار عالی و راضی کننده خواهد بود.,2,4,train
11727,عالی و بی نقص اگه میخوای بازی کنی و باهاش زیاد بازی کنی برات خوب نیست ولی اگه اهل اس ام اس زدن و حرف زدنی مخصوصا اگه تایپت سریعه این گوشی بهترینه,2,4,train
4331,یکی دیگر از شاه کار های اپل.,2,4,train
1317,تو این رنج عالیه رم بالا سی پی یو خوب از مهمتر اندروید 4.1 حتما میخرمش,2,4,train
3709,کار کردن با اینترفیس سیستم عامل سیمبین بسیار ساده است و امکانات بسیار خوب و اپلیکیشن‌هایی متنوع را هم ارایه می‌دهد.,2,4,train
1865,من آیفون 4 داشتم 3 4 روزی میشه که یه آیفون 5 گرفتم میتونم بگم تاچش فوق العاده هست دوربینش هم عالی شده گفته 8 مگا پیکسل اما با دوربینای 12 مگاپیکسلی مقایسه کنین اون موقع میفهمین که دوربین 8 اپل به خیلی دوربینای دیگه می ارزه نکته ی بعدی دیگه هم اینه که بسیار بسیار سریع شده,2,4,train
6774,- فوق العاده کم مصرف - اسکن با حداکثر کیفیت - فوق العاده کم جا و شکیل - بسیار با دوام الان روی میز کارمه من روزانه باهاش بیشتر از 40 برگ اسکن میگیرم,2,4,train
7997,3 هفته هست که این دوربینو دارم، مزایا: کیفیت عکس: عالی(نسبت به اندازه سنسور (یک دوربین نیمه حرفه ای)) زوم: حرف نداره لرزش گیری: عالی (مخصوصا تو زومهای بالا خیلی خودشو نشون میده) نداشتن نویز در نور کم و ISO بالا: نسبتا خوب سرعت فوکوس در نور معمولی: خوب امکانات: خوب نور فلش: خوب کیفیت فیلمبرداری: عالی معایب: در نور کم و زوم بالا فوکوس با تاخیر انجام میشه فلش pop up در نور کم به صورت اتومات بالا نمی پره یعنی هر جا فلش لازمه باید خودت بدیش بالا یه خورده بفهمی نفهمی وزنش سنگینه کیفیت ال سی دی عالی نیست در مجموع: یک دوربین نیمه حرفه ای عالیه,2,4,train
10592,حساسیت سطح تاچ پد بسیار بالاست و کار کردن با آن لذت بخش است.,2,4,train
8872,پس از 14 ماه استفاده واقعا ازش راضی ام بی نظیره,2,4,train
3130,خوشبختانه کیفیت فیلمبرداری HD این تبلت خیلی بهتر از عکاسی آن است.,2,4,train
10621,خیلی عالی خیلی باکیفیت خیلی سریع,2,4,train
9256,پس وقتی چنین فن آوری فوکوس خودکاری بر روی این دوربین به کار رفته، میکروفون های استریو و مود فیلم برداری موجود بر روی سویچ پاور نیز به خوبی توجیه می شوند و نتیجه می گیریم که 650D یکی از بهترین دوربین ها در کلاس خود برای فیلم برداری می باشد.,2,4,train
10683,یک گوشی شکیل که به لطف ذوق طراحان سونی از ظاهر منحصر بفردی بهره میبره و از Xperia T خوش دست تره.,2,4,train
2049,عالی تر از این نمیشه به همه گوشیا ترجیح میدم,2,4,train
828,8 مگا پیکسل خوبه گذاشته دو سیمکارته عالیه 4.3 عالیه برای صفحه,2,4,train
2739,با توجه به پنل IPS موجود، عملکرد صفحه نمایش در زوایای مختلف بسیار مناسب است.,2,4,train
2234,به طور کلی عکس‌های گرفته با گوشیPlus One X کیفیت بسیار بالایی دارند.,2,4,train
8030,لنزی با توانایی زوم 35 برابر که بسیار واید نیز هست، توانایی ضبط ویدیویی با کیفیت Full HD 1080p و از همه جالب‌تر قابلیت عکاسی پیاپی با سرعت 10 فریم بر ثانیه است.,2,4,train
9605,بعد از یک سال هم واقعا ارزششو داشت,2,4,train
6484,فوق العاده بود.,2,4,train
11902,بنابراین با یک گوشی هوشمند کاملا قدرتمند و کوچک مواجه هستیم که مناسب کاربرانی می‌باشد که امکانات پیشرفته را در ابعاد کوچک می‌خواهند.,2,4,train
1068,نورسنجی هم خیلی خوب صورت می‌گیرد.,2,4,train
9891,سرعت گوشی هم خیلی بالاست.,2,4,train
369,به هر حال می‌توان گفت که لنوو در این کار موفق بوده است و G580 نوت‌بوکی بسیار قابل و خریدی مناسب محسوب می‌شود و قابلیت‌های بسیار بالای آن (مانند کیفیت ساخت بالا، سیستم خنک کنندگی بی صدا، پورت‌های USB 3.0 و .,2,4,train
11206,طبق ادعای کانن این سیستم فوکوس خودکار کاملا حساس است و می تواند تا منهای 3 استاپ عمل فوکوس خودکار را ارائه کند.,2,4,train
10882,در مجموع هیچ یک از تبلت های موجود در بازار به پای این دستگاه نمیرسن !,2,4,train
1936,قیمت عالیه .,2,4,train
392,با استفاده از پورت و کابل HDMI نیز می‌توانید دوربین را به تلویزیون‌های دیجیتال وصل کنید تا با کیفیت خیلی بالا تصاویر را شاهد باشید.,2,4,train
11408,HDR این گوشی هم خیلی خوب کار می کنه در شب .,2,4,train
221,گوشی بسیار مناسب و قدرتمندیه.,2,4,train
10717,•دوربین یکی از بهترین قسمت‌های Xperia TX، دوربین 13 مگاپیکسلی آن با سنسور Exmor R و دیافراگم f/2.4 است.,2,4,train
10254,3 روزه خریدمش، حرف نداره، خیلی خوش‌دسته، سرعتش خیلی خوبه و کیفیت صداش واقعا فوق‌العادست تنها نکته ی منفیش شاید کیفیت عکس برداریش باشه که البته قابل‌قبوله، کیفیت فیلم‌برداریش خیلی بهتره,2,4,train
6572,در ضمن، یک دوربین 1.3 مگاپیکسلی نیز برای انجام مکالمات تصویری وجود دارد که برای این منظور بسیار مناسب و با کیفیت است.,2,4,train
7317,من این لپ تاپ رو حدودا 2 هفته قبل خریدم ، کیفیت خوبی داره ، با این وضعیت بازار قیمتش خیلی مناسب هست.,2,4,train
3142,ولی با این حال من ازش راضیم خصوصا باتریش که حرف نداره و باکار مداوم یه روز و با کاربری استاندارد راحت دو روز جواب میده.,2,4,train
1458,در شرایط نوری خوب، این دوربین می‌تواند عکس های با کیفیت خیلی بالا تولید کند و با توجه به رزولوشن بالایی که سنسور دارد، تفکیک جزئیات خیلی خوب صورت می‌گیرد.,2,4,train
10879,فتوشاپ این تبلت بی نظیره !,2,4,train
2679,به روز رسانی: کیفیت عکس های گرفته شده توسط X-Pro1 در حد فوق العاده و باور نکردنی است.,2,4,train
10529,به لطف بهره گیری سونی از موتور های Bravia در صفحه نمایش گوشی‌های ساخت این کمپانی، تصاویر تولید شده بسیار واضح و چشم نواز هستند.,2,4,train
3501,رنگ‌های تولید شده بسیار زنده و طبیعی بوده، متون بسیار شارپ و دقیق نمایش داده می‌شوند و زاویه دید آن نیز عالیست.,2,4,train
9177,تو این رنج از دوربین های dslr بنظرم بهترینه !,2,4,train
2254,من که خیلی دوستش دارم.,2,4,train
9982,عمل فوکوس خودکار آن نیز خیلی سریع و دقیق است.,2,4,train
379,سنسور BSI-CMOS در شرایط نوری ضعیف عملکرد خیلی بهتری را نسبت به سنسورهای CMOS معمولی ارائه می‌دهد.,2,4,train
4430,من الان یک ساله دارم ازش استفاده میکنم تا حالا هم مشکلی پیش نیومده خیلی ازش راضیم,2,4,train
4917,ps3 واقعا فوق العاده اس.,2,4,train
8535,به نسبت قیمت عالیه.,2,4,train
12468,من همیشه عاشق سونی بودم و هستم.,2,4,train
10849,بنظر من این تبلت عالیه بخصوص برای دانشجویانی که در رشته های فناوری و نرم افزار و کامپیوتر تحصیل می کنند خیلی پرکاربرد خواهد بود,2,4,train
658,من حدود دو ماهه که این لب تاپ رو خریدم و باید با افتخار بگم که تمام خواسته های منو براورده کرد، من بسیار روی لب تاپ حساس هستم و بسیار کیفیت و کارکرد خوب و بدون مشکل برام مهمه باید بگم این مدل یکی از بهترین مدلهاست و از تمام مشخصات بی نظیرش که بگذریم شکل ظاهریه بسیار شکیلی داره و به جرات میگم از نظر استایل و زیبایی چیزی رو دستش نیست.,2,4,train
4391,همچنین این صفحه نمایش از زاویه دید بسیار بالایی برخوردار است.,2,4,train
5755,عکس‌های 8 مگاپیکسلی فوق‌العاده شارپ و با‌کیفیت هستند.,2,4,train
2176,2.صفحه نمایش رتینا LED-backlit :واقعا شگفت انگیز است.,2,4,train
9690,در هر حال اپل همیشه مشتریای خودشو داره .,2,4,train
10763,نمایشگر نیز همان 3 اینچی 921000 پیکسلی است تا هم سایز بزرگ و هم رزولوشن بسیار بالایی داشته باشد.,2,4,train
4619,دوربین عالی .,2,4,train
3107,این تراکم پیکسلی برای نشان دادن جزئیات دقیق و متون صفحات اینترنتی بسیار مناسب است.,2,4,train
9876,من خودم این گوشی را دارم می خوام آیفون ٥ بگیرم این بهترین گوشی هست که تو عمرم دیدم از نظر دوربین هم بسیار پیشرفت کرده.,2,4,train
5938,از سنسور تصویر که شروع کنیم، باید گفت که تقریبا بهترین و با کیفیت ترین سنسور تصویری که بر روی دوربین‌های کامپکت استفاده شده بر روی این دوربین دیده می‌شود.,2,4,train
2578,تشکر میکنم ازدیجی کالا برای بسته بندی و ارسال فوق العاده و مرتبش..,2,4,train
8010,واقعا معرکه است.,2,4,train
11851,تاچ سونی اریکسون حرف نداره.,2,4,train
5330,به دلیل قیمت پایین، قابلیت های نرم افزاری فوق العاده، قابلیت های سخت افزاری مناسب، پشتیبانی غولی به نام گوگل که بدون آن اینترنت قابل تصور نیست و موارد دیگر که دوستان به آن اشاره کردند.,2,4,train
58,لنز ZS6 خیلی لنز خوبی است به طوری که کمینه ی فاصله ی کانونی آن 26 میلی متر می باشد که در این حال میدان دید خیلی گسترده ای را می تواند در یک میدان دید پوشش دهد.,2,4,train
10869,cpu قدرتمند 4 هسته ای exynos 4412 ، قلم فوق العاده، اسپیکر های بی نظیر ، طراحی منحصر بفرد، رم 2 گیگابایت ، باتری قدرتمند و رابط کاربری زیباش این تبلت رو واقعا فوق العاده میکنه.,2,4,train
7205,فوق العادست,2,4,train
5648,تقریبا 2 سال هست که از این اسکنر استفاده میکنم و کاملا از آن راضیم,2,4,train
883,این دوربین همچنان بسیار خوش‌دست است و در هنگام در دست گیری احساس خوبی را به شما منتقل می کند.,2,4,train
7905,صفحه نمایش نیز کاملا برتر از رده‌ی این تبلت می‌باشد و به راحتی می‌تواند با صفحات نمایش تبلت های رده بالای بازار رقابت کند.,2,4,train
10404,جمع بندیدر نهایت به راحتی می‌توان گفت که Galaxy S III یکی از بهترین گوشی های اندرویدی ساخته شده تا به این تاریخ است.,2,4,train
6584,در مورد تبلت چند نکته باید بگم اول کیفیت تصویر واقعا عالیه واضحا از سامسونگ تب بهتره دوم دوربینش هست که بر خلاف گفته بعضی دوستان کیفیت خوبی داره و حتی از دوربین ٨  مگا سونی اکسپریا بهتره.,2,4,train
3305,این لنز مجهز به لرزش گیر تصویر اپتیکال و سیستم فوکوس خودکار بسیار کم صدا می باشد.,2,4,train
5497,صفحه نمایش عالی بخصوص واسه من که pdf وکتاب زیاد میخونم.,2,4,train
8290,دستگاه عالیه و کارامد به دیجی کالا اعتماد کنید واقعا امین و کاردرستن,2,4,train
1967,سریع ترین گوشی هوشمند جهان.,2,4,train
5796,بسیار پر‌سرعت و خوش‌دست هم هست.,2,4,train
10420,فاصله‌ی فوکوس ماکرو این لنز نیز 2 سانتی متر است که فوق العاده است و بدین ترتیب می‌توانید عکس سوژه های کوچک بسیار نزدیک را خیلی آسان ثبت کنید.,2,4,train
9439,با این مشخصات سخت افزاری می‌توان این گوشی را در بین سریع‌ترین گوشی‌های هم رده خودش قرار داد.,2,4,train
4287,دقت این صفحه نمایش 1136×640 پیکسل می‌باشد که تراکم پیکسلی بسیار بالای 326ppi را ارائه می‌دهد.,2,4,train
10531,عملکرد این صفحه نمایش در زوایای مختلف و همچنین در زیر نور مستقیم آفتاب نیز کاهش چشم گیری ندارد و کاملا رضایت بخش است.,2,4,train
8397,اما در حالت معادل 1200 میلی متر همانطور که گفتیم این دوربین می تواند مثل یک تلسکوپ خیلی خوب عمل کند.,2,4,train
3508,سخت افزار گلکسی اس 3 از چیپ (Exynos 4 (4412، پردازنده چهار هسته‌ای قدرتمند Cortex A9 با فرکانس 1.4 گیگاهرتز و پردازشگر گرافیکی Mali-400MP به همراه دو گیگابایت حافظه رم بهره می‌برد که تفاوت سخت‌افزاری آن نسبت به برادر خود یعنی Galaxy S III I9300 همین دو برابر شدن حافظه رم و مدل چیپ آن می‌باشد که این گوشی را به یکی از سریع‌ترین گوشی‌های موجود در بازار تبدیل کرده است.,2,4,train
6751,صدا نیز با کیفیت بسیار بالای دالبی دیجیتال 5.1 کاناله ضبط می شود.,2,4,train
10394,سخت افزار معرکه ای داشت که معرکه تر شده با وجود رم 2 گیگ دیگر آیفون از رقابت خط خورد,2,4,train
12624,8 تا از گوشی هام کیبورد کامل بودن، این یه چیز دیگست!,2,4,train
2956,واقعا عالیه من که خیلی باهاش حال میکنم,2,4,train
147,دوربین واقعا عالی ای هست.,2,4,train
382,این در حالیست که لنز این دوربین حالت واید خیلی بهتری را ارایه می‌دهد و در یک کادر می‌توانید میدان دید خیلی بزرگ‌تری را در یک عکس ثبت کنید.,2,4,train
1072,بنابراین از کیفیت عکس‌های FT3 بسیار راضی هستیم.,2,4,train
9097,من نظر الکی نمیدم حدود یک هفته است این گوشی رو دارم باتوجه به پولی که دارین میدین و نیاز به گوشی دوسیمکارته این میتونه یه انتخاب عالی باشه در غیر اینصورت به گوشیهای جدید سونی فکر کنید,2,4,train
589,بلوتوث این لپ تاپ عالی عمل میکنه,2,4,train
6289,من این گوشی را چند روز پیش خریدم و برعکس بعضی اظهار نظر ها هیچ مشکلی با صفحه نمایش این گوشی ندارم و به نظر من تصاویر در آن بسیار شفاف و با کیفیت هستند و پیشنهاد میکنم اگر کسی قصد خرید دارد شک نکنه.,2,4,train
9602,این گوشی بهترین گوشی تا به این تاریخه.,2,4,train
2945,بسیار تبلت شیک و کارآمدی هستش من این رو امروز از دیجی کالا خریدم و بسیار عالی هستش با تشکر فراوان از دیجی کالا,2,4,train
12878,ظرفیت پیام هاش خیلی بالاست و حالت مکالمه ای هم داره شکلک هم ساپورت میکنه ، از نظر من برای پیامک بازها بسیار مناسبه.,2,4,train
9201,عملکرد LCD لمسی هم بسیار خوب هست.,2,4,train
9892,دوربینش هم حرف نداره کیفیت عکس هاش واقعا بالاست.,2,4,train
4390,رزلوشن این صفحه نمایش 1280x800 بوده که تراکم پیکسلی بسیار بالایی را ارائه میدهد و خواندن متون بر روی آن بسیار راحت و لذت بخش است.,2,4,train
3419,کیفیت صفحه نمایش هم با رزولوشن HD 720p و صفحه 4.3 اینچی تراکم پیکسلی فوق العاده بالای 342ppi را شامل میشه.,2,4,train
12651,نداره واقعا مناسبه .,2,4,train
4987,اگر شما به اینترنت پرسرعت دسترسی دارید و به بازی های آنلاین علاقه مندید قطعا X360 بهترین گزینه برای شماست به خاطر شبکه فوق العاده Xbox Live که مایکروسافت واقعا ساپورت خوبی از این شبکه میکنه.,2,4,train
4139,شاید کار ساده ای به نظر بیاد اما فوق‌العاده من و دوستمو خوشحال کرد .,2,4,train
10120,2-پردازنده یک گیگاهرتزی که در مقایسه با رقیبای توی این رنج قیمتش مثل(HTC Wilde fire S) خیلی بهتره 3-پشتیبانی از کابل(OTG)که قابلیت اتصال موس و کیبرد داره(خودم این کابل رو دارم واستفاده میکنم) 4-صدای خوب وبالا و قابلیت (X-load)که برای علاقه مندان به موسیقی عالیه 5-دوربین خوب5مگاپیکسلی که کیفیت رضایت‌بخشی رو ارایه میکنه .,2,4,train
5936,در قسمت پشت دوربین هم جایی برای قرار گرفتن انگشت شست قرار دارد و چینش دکمه‌ها و کنترل‌ها نیز عالیست.,2,4,train
335,• ورودی‌ها و خروجی‌ها از لحاظ تعداد و نوع پورت‌ها، سری G580 بسیار کامل است.,2,4,train
3541,بهترین و قوی‌ترین سخت افزار در این گوشی به کار گرفته شده است از صفحه نمایشی عظیم و با کیفیت فوق‌العاده بالا گرفته تا پردازنده قدرتمند چهار هسته ای.,2,4,train
7180,واقعا بی نظیره شیک و زیبا ، پردازنده هم عالیه مرسی از دیجی کالا,2,4,train
6051,عالی,2,4,train
5683,اگر جزو کسانی هستید که با تبلت خود زیاد موسیقی گوش کرده، ویدئو تماشا می‌کنید و یا بازی می‌کنید، GALAXY Tab 2 10.1 با داشتن بلندگوهای با کیفیت، صفحه نمایش بسیار خوب و پردازنده قدرتمند، یک انتخاب بسیار خوب برای شماست و شما را نا امید نخواهد کرد.,2,4,train
913,نیکون P520 یک دوربین بسیار قدرتمند و عالی است و نظر بنده اینه که این دوربین میتونه مانند مدل قبلی (P510) بهترین دوربین سوپر زوم دنیا باشه .,2,4,train
5346,پردازنده عالی ای که تقریبا جوابگوی تمامی نیاز های شماست5.,2,4,train
10754,همانطور که گفتیم، HX50v کاملا گوی سبقت را از رقبا ربوده و تبدیل به یکه‌تاز مطلق کامپکت های سوپرزوم شده است.,2,4,train
3663,دوربین فیلم‌برداری GZ-MG555 از دیگر مدل‌های JVC است که کیفیت تصویری بسیار خوبی دارد.,2,4,train
172,این صفحه نمایش تمامی جزئیات را با دقت فوق العاده بالایی نشان می دهد، رنگ ها بسیار غنی و زنده و روشنایی و زاویه دید این صفحه نمایش بسیار عالی هستند.,2,4,train
2996,اگه می خواین بهترین تبلت رو داشته باشین قطعا این تبلت بهترینه حتی از ایپد جدید هم خیلی سره این با توجه به تجربه شخصی هست.,2,4,train
3364,بدنه این گوشی در چهار رنگ آبی، قرمز، زرد و البته مشکی طراحی و ساخته شده که انتخاب رنگ‌ها نیز به بهترین و جذاب‌ترین شکل صورت پذیرفته است.,2,4,train
7561,ولی من که باهاش خیلی راحتم.,2,4,train
10233,به نظر من این گوشی از هر لحاظ نسبت به قیمت و کارایی نسبت به مدلهای دیگر برتری داره تنها فرق این گوشی با آرک اس سیپیو و اندازه صفحه نمایش ودوربین 8 مگاپیکسلی آرک اس هست من دو هفته ای هستش که خودم گوشیمو به راحتی به اندروید 4 آپگرید کردم و از نصب اندروید 4 روی این گوشی خیلی خیلی خیلی راضیم توی اندروید 4 مشکل 120 ثانیه بلوتوث حل شده و می تونید توی تنظیمات مدت زمان شناسایی را تغییر بدید و یا اینکه مثل من کلا برش دارید، همچیشم مثل وایر لس، وی پی ان، دوربین ، بلوتوث و.,2,4,train
274,من این گوشی رو یه هفته ای میشه خریدم از digikala و روش آندروئید 4.0.4 به صورت پیش فرض نصب بود ، کیفیت صفحه نمایشش حرف نداره و واقعا عالیه ، دوربینش هم که معلومه و باطریش هم دوام خوبی داره، به نظر من گوشی کاملیه ، رم میخوره و عکس و فیلم ها رو عالی نشون میده با صفحه بزرگی که داره و تکنولوژی پیشرفته sony bravia,2,4,train
387,بدین صورت که کافی است دوربین را بر روی مود عکاسی Smart Auto قرار دهید و دکمه‌ی شاتر را بفشارید تا دوربین به طور خودکار بهترین و با کیفیت‌ترین عکس را تهیه کند.,2,4,train
11173,بسیار عالی,2,4,train
8006,درضمن لنز بسیار قدرتمنی هم داره.,2,4,train
3159,تبلت بسیار عالی و خوش دستیه من خودم 5 ماهی دارمش از همین سایتم خریدم کیفیت بسیار بالا تو ساختش استفاده شده تو اجرای برنامه ها کم نمیاره عکسای خوبی با اینکه دوربینه پایینی داره میشه باهاش گرفت هرکی میخواد بخره شک نکنه دستگاه خوبیه,2,4,train
590,این لب تاب از نظر گرافیک خیلی خوبه و همچنین سیستم خنک کنندگی خوبی داره فقط وقتی بازی سنگین با لب تاب میکنید کمی از هواکش گرما بیرون میده که طبیعی هستش و بدنه خیلی خوبی داره.,2,4,train
7518,من اکثر بازیهارو روش نصب کردم و جواب داد,2,4,train
1974,فوق العاده,2,4,train
11365,عملکرد عمومی خیلی سریعی دارد.,2,4,train
7169,سرعت دیوایس حیرت انگیز و عجیبه!,2,4,train
5713,حساسیت لمسی خود نمایشگر هم کاملا عالیست.,2,4,train
4308,اما در بالای صفحه نمایش، دوربین دوم دستگاه با کیفیت 1.2 مگاپیکسل قرار دارد که نسبت به دوربین دوم مدل قبلی که کیفیت VGA را ارائه می‌کرد، یک بهبود چشمگیر محسوب می‌شود.,2,4,train
7525,1 نصیحت، افرادی که واسه مدت بالایی یک لپ تاپ میخوان به نظر کار و تجربه 2 ساله لپ تاپ ایسوس رو میپسندم و به شما هم پیشنهاد میکنم.,2,4,train
10108,کیفیت اسکن برای اسکنری در این کلاس خوب است و رنگ ها و جزئیات نیز خیلی خوب و نزدیک به واقعیت ثبت می گردند.,2,4,train
5874,کیفیت عالیه,2,4,train
2637,من خودم شخصا به همه دوستام دیجی کالا رو پیشنهاد میکنم چون کارش حرف نداره.,2,4,train
12011,گوشی خوش دست و شیکی هست و از سرعتش راضیم هنوز دقیق بررسیش نکردم ولی مطمئنم نسبت به قیمتش باید خیلی خوب باشه.,2,4,train
1459,سرعت شاتر نیز از 1/2000 تا 15 ثانیه متغیر است که خیلی خوب می‌باشد.,2,4,train
6091,من الان 2 است کا دارمش و میشه با اون با کیفیت بسیار عالی 1250 برگ پرینت گرفت قاط قوت:سریع و دقیق زیبا و شیک کیفیت عالی تعداد 1250برگ پرینتو همچنین ساخت کشور اصلی یعنی ویتنام است.,2,4,train
10192,نسبت به قیمتش کاراییش خیلی بالاست.,2,4,train
6898,میتونم بگم اولین بار که به دستم گرفتمش واقعاحس بسیار خوبی بهم داد صفحه نمایش بزرگ کیفیت ساخت عالی بدنه ی یکپارچه و خوش دست و.,2,4,train
10962,مولتی تسکینگ فوق العاده.,2,4,train
3785,ضبط ویدیوها در کامپرشن AVCHD 2.0 صورت می گیرد که کیفیت فوق العاده بالایی را ارائه می کند.,2,4,train
9500,سرعتش نسبت به 4s واقعا بالاتره مخصوصا سرعت مرورگرش.,2,4,train
1294,سرعت خیلی خوبه.,2,4,train
9626,بهترین گوشی دنیا هستش حتی از گالکسی اس۳هم بهتره.,2,4,train
7998,من هنوز با این دوربین کار نکردم ولی به نظر من و با توجه به نظرات دوستان برای من که میخواهم دوربینی نیمه حرفه ای برای شروع عکاسی بخرم مناسب یا بهتر بگویم فوق العاده است.,2,4,train
4377,میشه اینو خرید و تمام برنامه ها رو با این انجام داد و برای مکالمه یک گوشی خیلی ارزان قیمت خرید واقعا یک دستگاه بی نظیره و خیلی زیباتر از خود ایفون 5 هست.,2,4,train
9120,آخه برادران عزیز کسی که گوشی دوسیم کارت رو با تک سیم مقایسه نمی کنه کسی که گوشی تک سیم میخواد اصلا سراغ دو سیم نمیره و با دو سیم مقایسش نمیکنه و دلیل گرانی این گوشی رو هم که دوستان به عنوان نقطه ضعفش عنوان کردن هم قابل قبول نیست چون این گوشی دوسیمکارته است و طبیعتا گرانتر این گوشی قویترین و بهترین گوشی دوسیمکارت حال حاضر در بازاره مدل پایین تر از اون galaxy ace دوسیم هستش که هم امکانات سخت افزاریش از این کمتره و هم ورژن اندرویدش 2.3,2,4,train
5533,در نگاه اول میتونم بگم با یک گوشی متفاوت با کیفیت ساخت فوق‌العاده جذاب و استایل هم سبک گوشی های کولکسیونی برخورد کردم.,2,4,train
12830,انتخاب این نرم‌افزارها نیز به سادگی صورت نمی‌گیرد بلکه با دقت، از بین بهترین و پرطرفدارترین نرم‌افزارها انتخاب شده و بارها کارآیی آن از سوی تیم گردو تست می‌شود تا با تایید عملکرد آن، در داخل مجموعه گردو قرار گیرد.,2,4,train
8390,50 برابر زوم اپتیکال برای اشخاصی که زوم اپتیکال برایشان مهم است واقعا عالیه .,2,4,train
622,قبل از این هم یه پروبوک 4520 داشتم که اونم عالی بود.,2,4,train
556,• ورودی‌ها و خروجی‌ها از لحاظ پورت‌ها، 4540s بسیار کامل است.,2,4,train
2539,این دوربین توانایی ضبط ویدیویی 720p HD را دارد که خیلی خوب است.,2,4,train
7228,این محصولش واقعا کامله و نیاز خیلیا رو برطرف میکنه,2,4,train
7185,ولی بهتون بگم اگه واقعا بین مدل های مختلف شک کردید این بهترین گزینست!,2,4,train
