source_index,text,polarity,label_id,split
10447,دوربینش خیلی ضعیفه..,-2,0,train
10584,به علاوه زاویه دید به خصوص در حالت عمودی، بسیار محدود است به طوری که اگر کمی از بالا و یا پایین به آن بنگرید، افت شدیدی در کیفیت تصویر و رنگ‌های تولید شده مشاهده خواهید کرد.,-2,0,train
9660,من که خودم از گوشی کم وزن بدم میاد گوشی باید خودشو تو دست نشون بده.,-2,0,train
9508,معتادش میشین و دیگه به نقصاش دقت نمیکنین و مجبورین یا گوشی نخرین یا پولتونو بدین برای IPHONE,-2,0,train
8630,تنظیمات اندرویدش یا شخصی سازیش مثل htc و sony نیست : مثلا ساختن فولدر جدید رو صفحه اصلی یا منو برای جدا کردن بازی ها و برنامه ها نداره و یا قابلیت انتقال برنامه های نصب شده به sd رو نداره که ممکنه فضا کم بیاریم و .,-2,0,train
7316,واقعا آدم را کلافه می کنه.,-2,0,train
11760,عکسبرداریش ضعیفه و عکسارو بدون فلاش خیلی تاریک میندازه.,-2,0,train
1904,ولی یه مشکلی داشت که در بلند مدت ممکنه خیلی اذیت کنه، اونم اینه که پشت گوشی خیلی سریع خط میفته که فکر کنم تو سفیدش کمتر پیدا باشه,-2,0,train
10743,کلا به نظر میرسه سامسونگ دچار مشکل طراحیه از زمانی که گلکسی اس فروش خوبی کرد همینطوری فقط بزرگترش کرد با این نقص به نظرم به زودی قسمت زیادی از بازارو از دست میده مگر اینکه یه طراحی جدید بزنه,-2,0,train
9590,به نظر من این گوشی ارزش خرید نداره اگه قیمتش هم اندازه ی گوشی هایی مثل گلکسی اس 3 و اچ تی سی وان ایکس باشه به نظر من حداقلش پردازندش باید 4 هسته ای می بود که نیست همچنین اگه بخوایم عمر باتری در نظر بگیریم که اپل خیلی عقبه.,-2,0,train
9400,صدای بلندگو خش‌خش داره 2.کیفیت صدا پایینه مخصوصا از طریق هندزفری 3.دوربین و فلاش اون در حد 5 مگا پیکسل نیست 4.اثر انگشت میمونه اما.,-2,0,train
7158,اصلا گارانتی معتبر و مسئولی نیست.,-2,0,train
11992,بنظر من کارکرد باطریش اصلا خوب نیست و همچنین فیلمبرداریش.,-2,0,train
11016,هم نسخه اولیه آندروید قدیمی هست هم قیمت نسبت به امکانات تقریبا میشه گفت بسیار بالاست!,-2,0,train
7390,باسلام متاسفانه در معرفی این محصول توجهی به یکی از مهمترین امکانات آن یعنی بخش fitness آن نشده .,-2,0,train
10483,به نظرم ارزش خرید نداره مخصوصا به خاطر اینکه صدای مکالمه داخل گوشی انعکاس داره خیلی آزار دهنده هست,-2,0,train
11960,در تست هایی که بنده انجام دادم هد ست داخل جعبه گوشی کیفیت خروجی بسیار پایینی داشت در کل میشود استفاده کرد .,-2,0,train
9883,ولی خیلی موبایل گرونیه,-2,0,train
9546,من یکی از طرف دار های سرسخت اپل بودم و منتظر بودم که 5 بیاد تا بخرمش ولی وقتی معرفی شد و دیدمش شنبه رفتم و یه s3 گرفتم و فوق العاده راضیم.,-2,0,train
9672,من خودم طرفداره اپلم ولی با این گوشی حالم گرفته شد :( 1 ساله منتظرم بیاد بگیرمش.,-2,0,train
5318,) مشکل غیر فعال شدن وای فای در زمان ورود سیمکارت خیلی اذیت می کنه چون باید دوباره به تنظیمات کارخانه برگشت.,-2,0,train
6045,سلام ، حدود یکسال هست که دارم، بعد از اولین شارژ کیفیتش خیلی اومد پایین،,-2,0,train
6082,دقیقا همین قیمت و واقعا ناراحت شدم که دیجی کالا حتی اسمشم نیاورده .,-2,0,train
9642,هیچوقت به پای گوشیهای جدید 2012 نمیرسه سامسونگ الان تو زمینه گوشی حرف اول رو میزنه S III و note 2 خیلی بهترن.,-2,0,train
9628,به نظرم حتی با اس2 هم دیگه قابل مقایسه نیست.,-2,0,train
10630,صفحه نمایش کم نور و تاریک به نسبت اس۳ و وان ایکس دوربین خیلی بی کیفیت ظاهرا ۱۳ که خریدم وقتی عکس میگیری و زوم میکنی یه سری نقطه های رنگی رو تو عکس به صورت پراکنده میبینی خیلی بی کیفیته تاچ ضعیف انگار کمی دست رو باید فشار بدی روان نیست,-2,0,train
6665,واقعا سنگینه.,-2,0,train
9670,واقعا ارزش خرید رو نداره هنوز cpu dual داره وRAM ایفون 1024 هست که به تازگی یک گوشی از سامسونگ و الجیRAM 2048 دارند و صفحه نمایش 4.0 هنوز کوچک است و ایفون در نهایت نتوانست انتظار هوادارانش را براورده کند و داره روی وزن و امکاناتی مثل پانارومای 360 درجه مانور میده,-2,0,train
11758,2.روشنایی صفحش خیلی کمه.,-2,0,train
7789,این رزولوشن و تراکم پیکسلی برای کمپانی اپل مایه سرافکندگی محسوب می‌گردند.,-2,0,train
12200,این هارد ضد‌ضریه و ضد‌آب نیست و سرعت انتقال داده 107 و 109 که ADATA داره رو نداره!,-2,0,train
2594,اگه حوصله تنظیم منوال ندارین اصلا پیشنهاد نمیکنم.,-2,0,train
9814,"در کل تجربه استفاده از ویندوز RT‌با اینکه در ابتدا شباهت‌های فوق‌العاده آن به ویندوز جدید هیجان‌انگیز می‌نماید اما کمبود برنامه و خالی بودن این سیستم‌عامل در همان لحظات ابتدایی لذت استفاده از RT‌را تا حد ""هیچ"" کاهش می‌دهد.",-2,0,train
9669,ارزش خریدن ندارد کیفیت دوربین و تصویر با امدن سونی xperia v چیزی برای گفتن ندارد هیچ خلاقیتی در طراحی به کار گرفته نشده و مثل iphone4 هست فقط صفحه بزرگتر شده.,-2,0,train
12910,4- به جز رنگ سفید مابقی رنگ ها چنگی به دل نمی زند؛ و رنگ سفید نیز زود کثیف میشود.,-2,0,train
5642,همچنین اینکه برای اسکن یک عکس 6X4 به بیش از یک دقیقه زمان احتیاج دارد که یکی از کند ترین اسکنرهایی می‌باشد که تا به حال دیده ایم.,-2,0,train
1272,نداشتن دوربین دوم ) تایپ sms اصلا خوب نیست کیبردش خیلی کوچیکه حروف اشتباهی تایپ میشه ..,-2,0,train
1833,سیستم عامل اندروید خیلی باگ ها داره که هنوز هم برطرف نشده ، برای مثال برنامه ی اتصال به اینترنتش یا برنامه ی مپ که بسیار کند و کسل کننده است.,-2,0,train
9585,شایعاتی که قبل از ورود این گوشی به عرصه ی گوشی های فوق مدرن منتشر شد توقعات کاربران رو بالا برد به طوریکه با معرفی این گوشی هیچ چیز اعجاب آوری در آن دیده نشد در صورتی که رئیس بخش Foxconn گفته بود گوشی آیفون 5 دارندگان گلکسی s3 رو خجالت زده میکند .,-2,0,train
740,با سلام، با اینکه بنده از طرفدارهای پر و پا قرص اچ پی چه در زمینه سرور و چه لپتاپ بودم و از تمام خریدهای اچ پی که داشتم راضی بودم این لپ تاپ رو یکی از بدترین محصولات این شرکت دیدم در زمینه طراحی، اگر چه بدنه شکیل و آلمینیومیش در نگاه اول جذاب بنظر میاد اما ایرادات طراحی بد ترکپدش که هر بار کلیک کردن دکمه باعث برخورد با لبه فلزی قسمت پایین ترکپد میشه، نبود چراغ های نمایش خاموش روشن، شارژ، وایرلس در لبه بیرونی، بطوری که اگه درب لپ تاپ بسته باشه شما عملا نمیتونید ببینید لپ تاپ روشنه یا خاموش، قرار دادن چراغ در بالای درگاه شارژ که هر برای دیدن وضعیتش باید یا خودتون خم بشید یا لپ تاتون رو خم کنید!,-2,0,train
7156,بسیار عالی بود واقعا حرف نداشت اما ناگهان گوشی خاموش شد و دیگه روشن نشد.,-2,0,train
10459,کیفیت پایین دوربین و آنتن دهی ضعیف,-2,0,train
7195,تنها کیفیت صفحه نمایش تبلت یا همون استیشن خیلی خوبه ولی عالی نیست تنها نکته ای که من رو نگران میکنه جمع شدن غبار زیر کاور لنز بعد از یه مدت استفاده است که در سایتها خارجی و داخلی گزارش شده و خود من هم امروز یه دونه غیار ریز اونجا دیدم که بعد از هزینه کردن یه همچین پولی این ایراد چیز کوچکی نیست امیدوارم مال شما اینجوری نباشه,-2,0,train
11968,روی دوربین دوم اصلا حساب باز نکنید کیفیت بسیار پایین.,-2,0,train
6205,این رزولوشن تراکم پیکسلی 187ppi را تولید می‌نماید که تراکم پیکسلی بسیار پایینی است.,-2,0,train
5579,کیفیت تصویر خیلی معمولی است و چندان حرفی برای گفتن باقی نمی‌گذارد.,-2,0,train
7236,از نظر من ارزشش رو نداره.,-2,0,train
9527,آخه مگه یه گوشی میخواد چی کار کنه با این پول هم میشه یک لپ تاپ یک تبلت و یک گوشی عالی بخرید.,-2,0,train
9682,متاسفانه بدرد ایران نمیخوره .,-2,0,train
12855,برای پرینتری در این رده، ظرفیت سینی ورودی واقعا محدود است به طوری که ظرفیت آن نهایتا تا 150 برگ می باشد.,-2,0,train
7230,من از ایده ی ایسوس خیلی خوشم اومد اما ویدئویی رو دیدم که یکی از بچه ها این محصول رو از خود تایوان خریداری کرده بود و به مشکلاتی نظیر خاک گرفتگی خیلی شدید دوربین ها، خوردگی لبه ها، از کار افتادن استیشن در مدت یک ماه اشاره کرده بود و به گفته ی خودش در کیف هم نگهداری میکرده؛ که به نظر مشکلات کوچکی نیستن برخورد کرده بود و ظاهرا تنها مشکل خودشم نبود واین موضوع به کرات در پد فون کلاب دیده شده بوده.,-2,0,train
9645,اصلا باهاش حال نکردم .,-2,0,train
3093,کیفیت TF700T خیلی خوبه ولی مال new ipad یک چیز دیگه است و برای تماشای فیلم عالیه.,-1,1,train
2944,خدا کنه حداقل با گارانتی این ضعف ایسوس پوشش داده بشه وگرنه با اینکه تبلتی بسیار بسیار فوق العاده است توصیه میکنم برای خریدنش عجله نکنید از همین سایت نحوه پوشش گارانتی رو اطلاع میدم,-1,1,train
2097,با یک اندازه با یک مشخصات سخت افزاری و البته مقدار زیادی پول بعد از آن هم کلی محدودیت.,-1,1,train
11496,متاسفانه این شیشه ای بودن قاب پشتی گوشی باعث می‌شود که کاملا مستعد جذب اثر انگشت باشد.,-1,1,train
967,حتما دلایلی برای این کار داشته، با این حال به نظر ما که این یک فقدان خیلی بد است چرا که همواره استفاده از چشمی های اپتیکال در زیر نور شدید آفتاب را دوست داریم.,-1,1,train
8665,در پشت که مکان بلندگو در پایین گوشی قرار گرفته و دوربین در بالا!,-1,1,train
4184,صدای کم اسپیکر و خروجی هدفون !,-1,1,train
9675,اونجوری که اپل گیر کرده بود تو ساخت این گوشی من انتظار بیشتری داشتم.,-1,1,train
13091,بیشتر شکایت ها و ایرادهایی که ما به این دستگاه می گیریم مربوط به مواردی می شود که فاقد آن ها است.,-1,1,train
2669,برخلاف دوربین X100، این دوربین از شاتر سنتی Focal Plane بهره می‌برد که اصولا شاتر پر سر و صداتری است.,-1,1,train
9813,به نظر من از نظر سخت افزاری تبلت قدرت مندی است ولی کمبود برنامه برای ویندوز RT یک ضعف خیلی بزرگ است,-1,1,train
9599,در واقع نمایشگر، رم، دوربین به غیر از امکانات خاصی به آن اضافه شده است چیز چشمگیری را ندارد.,-1,1,train
8229,فرقش با 309 اینه که وای فای ندارد .,-1,1,train
5374,در ضمن، برای حمل و نقل این گوشی هم نمی‌توان بر روی جیب‌های شلوار جین حساب کرد.,-1,1,train
2530,کاش صفحه کلیدش کامل بود اونوقت دیگه هیچی کم نداشت,-1,1,train
6104,تنها ضعفی که این پرینتر دارد عدم وجود یک نمایشگر دیجیتالی برای تنظیم و نیز آگاهی از میزان ذخیره پودر در درون آن است,-1,1,train
423,مدتیه که این دوربین رو از دیجی کالا خریداری کردم لازم دونستم چندتا نکته رو به اطلاع کسانی که قصد خرید این مدل رو دارند برسونم اول از هرچیزی توجه داشته باشین که صفحه لمسی این دوربین مقاومتیه کابل HDMI نداره و باید جداگانه تهیه بشه با توجه به ژاپنی بودن دوربین منوی شروع به زبان ژاپنیه و تمام محتویات دفترچه راهنمای دوربین به زبان ژاپنی نوشته شده!,-1,1,train
6450,) مشکل گرفتن که آخر هم هارد رو بهم ندادن و گفتن زنگ می‌زنن.,-1,1,train
8954,هیچ امکان فوکوس دستی هم برای آن وجود ندارد.,-1,1,train
2623,اما در مورد باتری با این که باتری قلمی میخوره ولی مدت زمان عکس برداری بالایی داره  و با این که برای تست از باتری معمولی (آلکا) استفاده کردم مدت خیلی طولانی جواب داد  و این مساله نشان گر این است که اگر به جای این باتری ها از باتری شارژی (برای مثال نیکل 2300) استفاده کنیم خیلی طولانی تر هم میتونیم باهاش عکاسی کنیم  در مورد دکمه ها : دکمه های خیلی روانی داره  مخصوصا دکمه روشن خاموشش که من در مورد اون نگران بودم  ولی یک جای نگرانی هم داره و اون هم در مورد دکمه مربوط به زوم هست : چون زوم دستی نداره اگر خیلی از این دکمه استفاده بشه و اگر قرار باشه کودکی اون رو استفاده کنه ممکنه زود خراب بشه,-1,1,train
8086,البته این نقطه ضعف به خاطر اینه که قیمتش پایین تموم بشه صفحه نمایشش خوبه با این که تراکم پیکسلی کمی داره اما من که راضی بودم از صفحش دگمه های پایین صفحش کاملا سر جاشونن و هنگام بازی کردن مشکلی ایجاد نمیکنن دوربین این گوشی علی رغم این که میگن فوکوس اوتو داره من که یه همچین چیزی ندیدم اگه جز افرادی هستید که گوشی چرخشی عوض میکنید بخرید این گوشی رو وگرنه این گوشه برای استفاده طولانی مدت مناسب نیست,-1,1,train
4775,عدم وجود فیلتر هوا و کنترل مناسب برای میکروفون .,-1,1,train
980,بنابراین از P7700 انتظار تولید عکس هایی در حد G1x نمی رود.,-1,1,train
6276,من هنوز نخریدم ولی این طور که گفتند اگر رایتل یا ایرانسل در اسلاید 2 قرار بگیره آنتن نخواهی داشت فایده ای نداره و اکثرا نمیتونند از همراه بانک استفاده کنند .,-1,1,train
12013,اما کیفیت ساخت بدنه بخصوص قسمت در پوش باتری و سیم کارت دارای کیفیت ساخت پایین و در مقابل اثر انگشت، اثر پذیر می باشد.,-1,1,train
8202,با این حال شاید چندان رزولوشن پایین آن را نپسندید.,-1,1,train
8871,دور دوربین که نقره ایه پلاستیکیه رنگش زود پاک میشه,-1,1,train
11666,داغ میشد و شروع میکرد به بک خوردن.,-1,1,train
1787,واقعا ارزش نداره .,-1,1,train
718,بدیش هم ویندوزشه که اصلی نیست و وسایل جانبی نداره مثلا کیف.,-1,1,train
9477,کیفیت عکاسی نیز خیلی خوب نیست به طوری که شاید بتوان گفت حتی به پای کیفیت عکس های تلفن های همراه هم نمی رسد.,-1,1,train
11693,لنز دوربینش هم خیلی زود لک می افته.,-1,1,train
4052,اما هرچی سعی کردم از یه شئ متحرک یه عکس درست و حسابی بگیرم نتونستم و در تمامی عکسها بصورت تار ثبت میشد.,-1,1,train
3464,سرعت کپی در حالت ADF ( تغذیه خودکار ) در این دستگاه 3.4 برگ در دقیقه می‌باشد که سرعت بالایی نیست.,-1,1,train
11095,منصفانه نیست اگر بگوییم ساخت Galaxy Note 10.1 بی کیفیت یا نا امید کننده است، ولی برای قرار گرفتن در بین تبلت های برتر دنیا کمی ضعیف است.,-1,1,train
1995,البته عیب آیفون مشکل حافظه و سیمکارتش نیز هست.,-1,1,train
4113,.اما اشکال کار در این است که معایب این گوشی بیشتر از محاسنش است.,-1,1,train
12066,این دوربین به منظره یاب مجهز نیست و باید با صفحه نمایش آن کار کنید.,-1,1,train
1919,از صداش هم خوشم نیومد .,-1,1,train
10104,لامپ CCT گرمای زیادی تولید می کند و نخستین اسکن نیز 30 ثانیه بیشتر از اسکن های بعدی صورت می گیرد.,-1,1,train
46,به نظرم نمی ارزه,-1,1,train
261,الان ۱ هفته شده که استفاده میکنم ، همه چیزش خوبه بجز ۲ مورد که یکم آدمو ناراحت میکنه: باتریش که نهایت ۲۰ ساعت کار میده با استفاده نرمال و کلیدهای سخت افزاریش که بعضی مواقع باید بیشتر از ۲_۳ بار فشار داد.,-1,1,train
5514,چون بر خلاف سامسونگ که ابعادش مناسبتره و همه چیو به نسبت بزرگ کرده، وقتی با این گوشی کار کردم فهمیدم اونقدر عریضه که به سختی میشه باهاش کار کرد.,-1,1,train
6396,ودارای اندروید 4.1 است ودارای gpu mail400 است ولی مقدار کارکرد ان نسبت به مدل قبلی ضعیف تر شده است .,-1,1,train
7570,در کل اگر قصد خرید دارید فقط بخاطر اسم، این گوشی رو نخورید..,-1,1,train
12539,دوربین 3 مگاپیکسلی که بر روی گوشی 3GS وجود داشت کیفیت فوق‌العاده‌ای نداشت.,-1,1,train
9689,البته تو کنفرانس اپل گفته شد که قیمتش با 4S یکسان است ولی یقینا تو ایران که بیارن گرون تر میفروشن .,-1,1,train
8454,البته از آن هایی که فقط به سمت بالا چرخش می کنند.,-1,1,train
7218,اگه micro sd هم میخورد بهتر بود,-1,1,train
12239,بیشینه‌ی گشودگی دیافراگم این لنز F3.1-6.4 است که در حالت واید با عدد F/3.1 خیلی بد نیست ولی در زوم با F/6.4 واقعا زیاد است و اصلا مناسب عکاسی در شرایط ضعیف نوری و بدست آوردن عمق میدان کم نمی‌باشد.,-1,1,train
4062,اما همین دوربین در نور مناسب عکسای با کیفیت و محشری میگیره در حالت ماکرو هم فوق العادست یکی دیگه از معایبش اینه که از سوژه های متحرک عکسای خوبی را ثبت نمیکنه هر چی هم با تنظیماتش ور رفتم درست نمیشه که نمیشه در ضمن تو زوم اپتیکال بالا واقعا نویز زیادی داره چه برسه به زوم دیجیتالش !,-1,1,train
2943,به مشکل آقای یزدانی فرجام برخوردم یعنی یک خط نازک مشکی وسط نمایشگر افتاده ، زنگ زدم هماهنگ گفتند بفرستید، کالاتون بیمه است عوض میکنیم ولی این پروسه یکماه طول میکشه .,-1,1,train
1868,این محصول کیفیت خوبی در ساخت دارد ولی ظاهری تکراری و ارزش خرید ندارد.,-1,1,train
11453,و باز هم تکرار مشکلات در گوشی های نکسوس یعنی نداشتن شیار کارت حافظه و حافظه داخلی کم,-1,1,train
5640,سلام به همه دوستان من یکی از این دوربینها رو از همین سایت خریدم ، فقط در حد یک اسباب بازی هستش بجز وزن و باریکیش هیچ چیزش بدرد نمی‌خوره ، دوربین عکاسیش که 5 مگا پیکسل معرفی شده در حد یک دوربین سه مگا پیکسلی هم عکسهای شفاف نمیگیره ، لرزش گیر که گفته شده داره اصلا وجود نداره چون برای گرفتن عکس کافیه یک مگس روی دست شما بشینه دیگه بجز یک صحنه تار دیگه چیزی مشخص نمیشه که از چه چیزی عکس گرفتی ، فلاشم که گفتن داره نداره فقط یک لامپ ال ای دی داره که فلش نمیزنه بلکه به عنوان یک چراغ ثابت روشن میشه ، فقط فیلم بر داریش بد نیست که اونم با این قیمت زیاد نمی‌ارزه چون خودم یک دوربین کانن sx100 کانن دارم که حالا حدودا با قیمت 150 تومن گیر میاد یا توی خود همین سایت دور بینهایی با 12 مگا پیکسل با قیمتهای ارزانتر وجود داره که فیلم برداریش خیلی بهتر از این است و فقط اسم فیلم برداری این ful hd، زوم روی فیلم برداری هم نداره ، فقط سبک و باریکه همین خوبی رو داره و دیگر هیچ,-1,1,train
6739,با بزرگنمایی کامل متوجه نویز در مناطق تاریک تر می شویم.,-1,1,train
9711,6 ماهه منتظر بودم معرفی بشه و بیاد تو بازار تا بخرمش ولی الان که اومده حالمو گرفت .,-1,1,train
7394,فقط یه دوربین کم داره.,-1,1,train
4194,سلام دوستان خسته نباشین من اومدم اینجا تا خیالتون رو در مورد این گوشی راحت کنم اومدم تا این گوشی را زیر ذره بین بذارم و یک بررسی مختصری از این گوشی براتون بذارم قبل از بررسی بگم که این اطلاعات کاملا از تجربه چند روزه خودم با این گوشی است یعنی اینکه این اطلاعات از سایتهای دیگه یا از کسی بازگو نشده پس هر آنچه که می خوانید همانی است که این گوشی است خوب بریم سراغ بررسی وسایل جانبی داخل کارتن یک دونه هدست بی‌کیفیت و شارژر و کابل usb مشخصات کلا مشخصات گوشیهای هواوی توی هر سایتی متفاوت است و هر جا یک چیزی گفتند توی سایتهای داخلی یک چیز و توی سایتها خارجی یک چیز دیگر .,-1,1,train
11938,فقط زمان شارژ لمسش کند میشه.,-1,1,train
6429,این هارد ضد ضربه و ضد آب نیست  و سرعت انتقال داده 107 و 109 که ADATA داره رو نداره!,-1,1,train
2622,تشخیص نور خیلی خوبی داره  معایب جزئی:  کیفیت ضبط صدای خوبی داره ولی مونو هست که در هنگام پخش استریو پخش میشه فلش خوبی داره ولی برد نهایی اون 7 متره(جهنده و تاثیرگذار) قابلیت اتصال به Hdmi و usb داره ولی ورودی میکروفن و خروجی صدا نداره  نشانگر میزان استفاده باتری نداره ( در lcd)  و کمی نسبت به دوربین های دیگه دیرتر فوکوس میکنه,-1,1,train
1498,من حدود یک هفته است این دوربین رو از دیجی کالا خریدم و ضمن رضایت کامل از سایت دیجی کالا و نحوه ی دریافت کالا، راجب این دوربین بگم که: اول از همه سبکی و کوچکی دوربین یکم تو ذوقم زد، چون حدود سه سال پیش یه دوربین canon sx200 IS برای خانواده ام خریده بودم و یه جورایی با اون مقایسه اش کردم.,-1,1,train
10446,بنظر من فقط یک چیز این موبایل بد است ان هم کیفیت دوربین ان است,-1,1,train
6708,هرچند که سنسور تصویر آن‌ها رزولوشن خیلی بالایی ارائه نمی دهد ولی به هر صورت کمپانی تصمیم گرفته که خروجی Full HD داشته باشند.,-1,1,train
10462,بعضی وقتها هنگ میکنه و مجبوری روشن خاموش کنی برنامه کلین مستر رو هم نصب کردم,-1,1,train
4945,فاقد وایرلس روی کنسول .,-1,1,train
1190,اما قطر 13.5 میلی متری آن، باعث می‌شود که راحتی یک تبلت را در دستان شما نداشته باشد و از نظر ظرافت، هیچ شباهتی به تبلت های رقیب مانند iPad های اپل و یا حتی تبلت های ساخت خود ایسوس نیز ندارد.,-1,1,train
11283,در حقیقت اگر دستان بزرگی داشته باشید این دستگیره به نظرتان خیلی کوچک خواهد آمد.,-1,1,train
11624,سیستم عاملش ضعف داره باید اپدیت بشه.,-1,1,train
11277,والا 5100 نیکون هم انتخاب خوبیه بدیش محدودیت 5 دقیقه ای ضبط ویدئو است.,-1,1,train
10749,21.1 مگاپیکسل با سنسور اندازه 1/2.3 اینچ - 4.55 × 6.17 میلی‌متر کمی عجیب به نظر میرسد باید منتظر شد و دید خروجی این ترکیب چیست,-1,1,train
1481,هر کاری هم کردم که این مشکل رو برطرف کنم متاسفانه نتونستم.,-1,1,train
11297,مدت نسبتا زیادی به طول انجامید تا کانن به خوبی درک کند که وجود نمایشگر چرخنده به همراه Live view می‌تواند‌ترکیب بسیار خوبی به خصوص برای دوربینی مثل 600D باشد که کاربری عام‌تری دارد.,-1,1,train
743,خوب تقریبا همه چیش عالی هست به جز داغ شدن غیر عادی اون که همین قضیه باعث آسیب دیدن چیپ گرافیکی لپ تاپ یکی از دوستانم شد که همین سری رو داشت و الان درگیرش هست و میخواد ردش کنه.,-1,1,train
3330,این دوربین به هر حال یک هندی کم است و قیمت دو میلیون تومان برای آن کمی زیاد است.,-1,1,train
11352,مود Live این کار را آسان‌تر انجام می‌دهد ولی از آن جایی که از فن‌آوری Contrast detection خود سنسور تصویر به جای Phase detection سنسورهای اصلی AF استفاده می‌کند، فوکوس خیلی کندتر صورت می‌گیرد.,-1,1,train
840,در نگاه اول پایین بودن مقدار حافظه رم و فقدان دوربین دوم برای مکالمات ویدئویی به چشم میخوره.,-1,1,train
9337,البته با کمی رزولوشن پایین تر.,-1,1,train
9878,از لحاظ قیمت بسیار بالا است ولی کیفیتی بی نظیر در مقایسه با گوشی های دیگر دارد ولی امکانات و استفاده از آن برای خارج از ایران راحتتر و مناسب تر است و انتقال دیتا در آن مشکل است و نیاز به نرم افزار خاص دارد,-1,1,train
270,اما حیف که اینم باطریش داخلیه و خریدش جرات میخواد چون برای تعویض باطری در صورت لزوم باید پشتشو باز کنی و برای فروش دست دوم افت خیلی زیادی داره.,-1,1,train
712,همه چیزش عالی ولی زود داغ می کنه دیر سرد می شه,-1,1,train
9421,گوشی ظریفیه و باید با احتیاط حمل بشه که سر نخوره از دست و بیفته.,-1,1,train
11720,اگه صفحه 3.5 اینچ داشت خیلی بهتر بود.,-1,1,train
11993,گوشیه عالی هستش اما باطریش خیلی زود خالی میکنه به 24 ساعت نمیکشه و من کار خاصی باهاش انجام نمیدم که زیاد مصرف داشته باشه البته من شارژ اولیه نذاشتم شاید دلیلش این باشه.,-1,1,train
11787,اخه کوشی من خودش آپدیت 2.3.4 ولی هنوزم داغ میکنه,-1,1,train
12559,"مطمئننا شما می‌توانید برنامه‌های خود iPhone مانند Mail, Safari, iPod و چند برنامه‌ی دیگر iPhone را به صورت همزمان اجرا کنید ولی امکان اجرای همزمان برنامه‌های دیگر در مدل‌های قبلی iPhone امکان‌پذیر نبود.",-1,1,train
7145,چرا که با وجود یک صفحه نمایش 5 اینچی، به نظر می‌رسد که احتیاج به شارژ حداکثر یک روز در میان این گوشی را احساس نمایید.,-1,1,train
10355,فقط مشکلی که من دیدم کمی wifi نامناسب و سرعت کمی داشت.,-1,1,train
2793,اما در هنگام زوم کامل با f/6.3 چندان لنز سریعی نمی‌باشد.,-1,1,train
3660,اما باید بگوییم که این دستگاه در مورد انجام وظایف خود بعنوان تبلت و لپ تاپ، تقریبا در هیچ کدام کامل نیست و از هر یک شاید نیمی را با موفقیت پشت سر می‌گذارد.,-1,1,train
11398,پشت گوشی هم زود داغ میشه,-1,1,train
4955,علاوه بر این مورد کمبود WiFi داخلی و سر و صدای زیاد درایو نیز مشکلات دیگر است که امیدواریم در ورژن های بعدی حل شوند.,-1,1,train
7545,این گوشی nfcو 4G نداره.,-1,1,train
7193,من خودم ترجیح می دم یه تبلت خوب بگیرم و از طریق وای فای با گوشیم سینکش کنم .,-1,1,train
8689,کیفیت عکسا اصلا 8ن یست شاید 5 باشه شایدم کمتر.,-1,1,train
5313,(به دلیل مشکل قطع شدن WIFI بعد از قرار دادن سیم کارت.,-1,1,train
3097,کیفیت صدا:کیفیت صدا ی هر دو عالیه ولی TF700T به نظر من مقداری صدایش بلند تر است ولی اصلا محسوس نیست و اختلاف خیلی کمه ولی کیفیت صدا در ایپد کمی بهتره.,-1,1,train
1375,برای شروع، اپل تمام برنامه های اصلی خود (مانند Aperture، iMovie، Final Cut Pro X) را برای این صفحه نمایش به‌روزرسانی کرده است ولی برنامه های جانبی دیگر (مانند مرورگر Google Chrome) که برای چنین دقتی طراحی نشده‌اند، به این خوبی نخواهند بود.,-1,1,train
4770,با توجه به جای نصب فلاش عکسهایی که با فلاش گرفته میشود سایه دارند,-1,1,train
9079,به نظر من که ارزش خرید نداره.,-1,1,train
3579,متاسفانه پورت دوست داشتنی USB 3.0 در این لپ‌تاپ وجود ندارد.,-1,1,train
12604,البته اون هم به شرطی که نور صفحه خیلی کم باشه.,-1,1,train
8510,البته همانند هر دوربین فیلم برداری دیگری، تصاویر گرفته شده در شب، از مقداری نویز رنج می‌برد.,-1,1,train
12159,از پشت که به دوربین نگاه می کنیم کمی افسوس می خوریم.,-1,1,train
3185,نداشتن رابط یو اس بی هست .,-1,1,train
10626,به نظر من خیلی گوشی خوبیه ولی xperia v انتخاب بهتریه,-1,1,train
8458,به هر صورت در مدل جدید از چرخش به سمت پایین چشم پوشی شده است.,-1,1,train
9661,همه باید واقع گرا باشیم که گوشی خوبیه اما نسبت به این غول هایه LG .,-1,1,train
6443,چون در اثر استفاده ناصحیح پین های mini usb خود کابل دچار مشکل میشه و باعث قطع و وصل مکرر و آسیب هارد میشه و مجبوریم کابل دیگه ای تهیه کنیم.,-1,1,train
7924,شرکت سونی محصولاتش بدرد ایران نمیخوره، چون تلاش داره امکاناتش به صورت اوریجینال عرضه بشه، که تو ایران معنایی نداره.,-1,1,train
4678,ولی با این همه :کلید مجزایی برای دوربین تعبیه نشده و باید با لمس صفحه نمایش تصویر را ثبت کنید.,-1,1,train
4441,با این اوصافی که دوستان گفتن فکر نمی‌کنم اصلا مناسب باشه.,-1,1,train
8643,کارکردن باهاش هم از نوکیا سخت تره، چون امکاناتش خلاصه تره.,-1,1,train
11977,فقط به نظر من تنها عیبش اینه که باطریش یه خرده ضعیفه.,-1,1,train
5913,و جالب اینکه با تلاش چند ماهه نمایندگی و تعمیرکارای موبایل هنوز که هنوزه آنتنش برنگشته.,-1,1,train
4520,به نظر من تنها عیبی که به این گوشی میشه گرفت صفحه نمایش کمی کوچیک اون هست که البته برای همه مشکل ساز نیست.,-1,1,train
4606,دوربینش در مقابل نوکیا c6 حرفی برای گفتن نداره.,-1,1,train
3658,اما نهایتا در مورد دوربین این تبلت هم باید بگوییم که یک دوربین کاملا متوسط 1.2 مگاپیکسلی در قسمت جلو و یکی در قسمت پشتی آن تعبیه شده است که صرفا برای انجام مکالمات تصویری مناسب می‌باشد و در رقابت با دیگر تبلت های موجود در بازار، هیچ حرفی برای گفتن ندارد.,-1,1,train
6269,برخلاف نظر یکی از دوستان، این گوشی اصلا امکانات نوت 2 رو نداره.,-1,1,train
9399,با پولی که بابتش دادم باید خیلی بهتر از اینا باید باشه 1.,-1,1,train
11207,این حدود 1 استاپ کم نورتر از Mark III می باشد.,-1,1,train
2579,با سلام من یک هفته است که دوربین رو خریداری کردم اولین نکته که این دوربین ساخت چین است دوم اینکه در مود دستی که رنگهای عکاسی استاندارد و کرم و سیاه و سفید دارد شما عکس کرم را نمیتوانید بگیرید و فقط سیاه سفید و استاندارد را میتوان انتخاب کرد سوم اینکه با توجه به قیمت آن عکسهای خوبی نمی توان گرفت و فقط کار راه انداز است,-1,1,train
4197,اگر در روز باشد عکسها تا حدی واضح است ولی در شب اصلا خوب نیست.,-1,1,train
5430,به نظر می‌رسد که این باتری برای یک گوشی در این سطح مقداری ضعیف باشد.,-1,1,train
8814,دوستان من یک ماه قبل این دوربین را خریدم و بعد از دو روز ان را با ضرر فروختم .,-1,1,train
2472,به نظر من هیچ فرقی با نوت2 نداره.,-1,1,train
12907,{البته سایز صفحه و کیفیت صفحه 112 به مراتب از 206 پایین تر است.,-1,1,train
11468,اما برای بعضی افراد 16گیگ هم کمه، مطمئنا در آینده 32گیگشم میاد.,-1,1,train
1218,اما در مورد اکثر برنامه های دیگر و همچنین بازی‌ها، سوئیچ پویا صورت نمی‌پذیرد بلکه باید بعد از قرار دادن گوشی بر روی تبلت، مجددا آن برنامه را اجرا نمایید.,-1,1,train
4342,اما این بار با چالشی بزرگ تر برای انتخاب بین این دو ( آیپاد تاچ - آیفون ) مواجهیم !,-1,1,train
5641,رزولوشن اپتیکال این اسکنر، 1200X1200dpi و نسبتا کم می‌باشد.,-1,1,train
2364,با اینترنت محدود ایران و تحریم ها اپل تو کشور ما کارایی اش جالب نیست  اندروید از نظر من حرف اول رو میزنه تو ایران,-1,1,train
5390,اما به واقع برای تماشای ویدئو، چندان مناسب نمی‌باشد.,-1,1,train
4013,در غیر اینصورت تولید مدل جدید عملا کار بیهوده‌ای بوده است.,-1,1,train
2767,"سلام من هم چند روزی هست که یکی خریدم,مشکلش در شناسایی wifiو نصبgprs",-1,1,train
10675,یکی دیگه از تفاوت هایی که میشه ذکر کرد اینه که باطری TX قابل تعویضه اما T نه، اگه توجه کنیم ابعاد گوشی هم با هم دیگه فرق دارن ولی سایز صفحه هر دو همه جا 4.55 اینچ ذکر شده نمیدونم جریان چیه باید تو دست هر کدوم رو ببینم، ولی در مجموع منم با دوستان هم عقیده هستم، به اختلاف قیمتش نمی ارزه،,-1,1,train
11240,این خیلی عجیب است چرا که بدین ترتیب این دوربین ها از این نظر همپایه ی دوربین های DSLR سطح مبتدی قرار می گیرند و این در حالیست که حتی DSLR های APSC سطح Prosumer مثل 60D هم بیشینه ی تا 1/8000 ثانیه را دارند.,-1,1,train
12751,با این مکان قرار گیری را اصلا دوست نداشتیم و ترجیح می‌دادیم به جای کناره در قسمت بالای دستگاه قرار داشته باشد.,-1,1,train
8558,فولhd پخش نمیکنه.,-1,1,train
5578,البته برای نمایشگرهای در این سایز از رزولوشن WVGA هم استفاده می‌شود ولی به احتمال زیاد به دلیل پردازشگر گرافیکی نسبتا ضعیفی که این گوشی داشته، سونی تصمیم گرفته که از رزولوشن بالاتر بهره نبرد.,-1,1,train
3367,قطر 10 میلی متری آن در برابر 7.6 میلی متر آیفون 5 یا 8.6 میلی متر گلکسی اس 3 مقداری آنرا قطور نموده است.,-1,1,train
10196,احساس میکنم بخاطر الکتریسیته ساکن بدنه ولی به هر حال یه کم اعصاب آدم خورد میشه.,-1,1,train
1154,مثلا پورت USB روی هارد یه جوریه.,-1,1,train
5394,این قلم نه از نظر ظاهری و نه از لحاظ کارایی، شباهت زیادی به قلم Note های سامسونگ ندارد و بیشتر می‌توان آن‌را یک قلم کمکی نامید که در کار با گوشی به کاربر کمک می‌نماید اما قابلیت‌های فوق‌العاده‌ای ندارد.,-1,1,train
8359,مطمئن باشین قسمتی از قیمت این دوربین پول مارک canon هستش وگرنه همین دوربین با همین امکانات با برند هایی نظیر panasonic یا fuji film قیمتی به مراتب پایین تر خواهد داشت.,-1,1,train
426,من این دوربین را تازه از سایت خریدم این دوربین فقط 3 زبان برای منوها دارد : ژاپنی - چینی - انگلیسی و فاقد زبان فارسی می باشد,-1,1,train
6184,ولی برای حل این مشکل من مجبور شدم از شیراز دستگاه رو ببرم تهران و کلی هم از وقتم گرفته بشه.,-1,1,train
8913,در نگاه اول من زیاد از این دوربین خوشم نیامد.,-1,1,train
5044,در حقیقت این درایو نوری از لرزش و نویز نسبتا بالایی در هنگام فعالیت برخوردار بود.,-1,1,train
4757,ولی اگه هدفتون فقط عکاسی هست به نظر من روی دوربین عکاسیش زیاد حساب نکنید .,-1,1,train
719,کیفیت دسکتاپ چنگی به دل نمیزنه.,-1,1,train
4497,من که واقعا پشیمون شدم.,-1,1,train
6192,با اینکه قطر این گوشی حدود 2 میلی متر از آیفون 5 بیشتر است ولی با توجه به این ابعاد می‌توان گفت که اصلا یک گوشی قطور محسوب نمی‌گردد، ولی با وجود وزن 162 گرمی آن مقداری سنگین به نظر می‌آید.,-1,1,train
11369,تنها موردی که به آن برخوردیم و به مزاقمان خوش نیامد سرعت نسبتا کند ورود به مود Live view بود.,-1,1,train
7004,.با این صفحه نمایش و پردازنده خیلی کمه .,-1,1,train
6875,) از HTC Butterfly سره و کسی که اکسپریاZ رو بخره به هیچ وجه ضرر نکرده,-1,1,train
407,فقط مقداری خطای رنگی بنفش در مناطق پر کنتراست و گوشه‌های تصویر مشاهده می‌شود.,-1,1,train
9885,حال به ایفون 4اس نگاه کنید یک متر از بالا ویک متر از پایین گوشی از صفحه نمایش خبری نیست و وقتی به وسط گوشی خیره میشویم یک صفحه نمایش مینی را پیدا میکنیم این در حالیست که ضخامت آن از هر دو گوشی ذکر شده بیشتر است.,-1,1,train
4537,اما برای کسانی که موبایل را برای گوش کردن آهنگ می خواهند نمی تواند انتخاب خوبی باشد.,-1,1,train
7573,به نظر من با این امکانات قیمتش کمی زیاده، توصیه می کنم xperia p، lg prada 3 و huawei ascend g600 رو هم ببینید.,-1,1,train
6824,اما صفحش خیلی‌بزرگه به نظرم.,-1,1,train
5672,نه تنها دوربین این تبلت از فوکوس ثابت استفاده می‌کند، بلکه به فلاش نیز مجهز نیست به همین دلیل کیفیت عکس‌های گرفته شده به خصوص در فضاهای کم نور، پایین‌تر از حد متوسط بوده و نویز زیادی هم دارند.,-1,1,train
8138,صفحه نمایشش معلومه که زیر آفتاب به درد نمیخوره,-1,1,train
4780,صفحه ی لمسی ضعیف .,-1,1,train
2193,اما در آیفون جدید از نو آوری خبری نبود.,-1,1,train
9741,البته تایپ کردن با این گوشی با توجه به صفحه نمایش 3.2 اینچی برای کسانی که دستان بزرگی دارند مقداری مشکل است.,-1,1,train
4063,داشتن gps یکی از عواملی بود که باعث شد از بین مدل مشابه canon این دوربینو بخرم ولی باید بگم که در بیشتر مناطق سیگنال نمیده که علتشو نمیدونم در صورتی که gps معمولی درست تو همون نقطه مختصات میده در کل نسبت به هزینه ای که واسش کردم راضی نیستم کیفیتش در حد دوربین کامپکته نه ی دوربین اولترازوم با اون همه تعریفو تمجید .,-1,1,train
1035,ظاهر آن با آن پیچ‌های کاملا واضح در گوشه‌ها کاملا صنعتی می‌باشد و پنل جلویی و پشتی از فلز برس شده ساخته شده است.,-1,1,train
5571,گوشه های Miro نسبتا تیز ساخته شده‌اند و سعی شده که طراحی آن خیلی مستطیلی شکل باشد.,-1,1,train
11671,مثل: نداشتن دوربین مکالمه تصویری و .,-1,1,train
1796,.اما همیشه با معضل انتقال اطلاعات روبرو بودم.,-1,1,train
122,تنها عیبش به نظر من این بود که باطریش دیر شارژ شد.,-1,1,train
7189,من همیشه از دیدن تکنولوژی های جدید به هیجان میام ولی واقعا هنوز متوجه نشدم منظور ایسوس از طراحی این سیستم چی بوده .,-1,1,train
1151,ولی به نظرم یکم بی کیفیته.,-1,1,train
5613,ا یکی دیگه از ایراداشم جای دست (اثر انگشت روی بدنش میمونه!,-1,1,train
10111,با این حال اسکن فیلم 35 میلی متری از نویز در قسمت های تاریک تر و سایه ها رنج می برد.,-1,1,train
4020,یک موضوعی را هم باید در نظر داشت که با این اندازه از سنسور کیفیت 18 مگاپیکسل توجیه ندارد.,-1,1,train
12008,معایب: انتظار داشتم سرعت فوق العاده بالایی داشته باشه اما فوق العاده نیست.,-1,1,train
10202,دوستان من این گوشیو 2 ماهه خریدم هیچ کمبودی ازش ندیدم .,-1,1,train
820,اما بهتر میشد اگر رم 1 گیگ به جای 768 مگ استفاده شده بود و همینطور دوربین مکالمه واقعا کمبودی چشمگیره..,-1,1,train
9644,در مقابل Galaxy S III و Galaxy Note 2 حرف چندانی برای گفتن نداره .,-1,1,train
12628,من مرداد امسال خریدمش ولی صفحه لمسیش شکسته.,-1,1,train
9404,هرچند بعدا میشه زوم کرد ولی اینکه نتونی حین عکس گرفتن زوم کنی خیلی تو ذوق میزنه.,-1,1,train
11390,حیف که این گوشی حافظه جانبی نمیخوره!,-1,1,train
9864,سخت افزار متاسفانه کمپانی نوکیا در مورد قطعات داخلی این گوشی اطلاعات چندانی را منتشر ننموده است، اما به هر حال برای یک گوشی دارای سیستم عامل S40 سخت افزار قوی اهمیتی ندارد.,-1,1,train
10440,مثلا اگر تا 15 ثانیه بود خیلی خوب می‌شد.,-1,1,train
12934,البته جنس آن به گونه ایست که براق بوده و خط و خش کمی را می‌پذیرد.,-1,1,train
11803,مشکل اصلی این گوشی که باعث فعال شدن دو دکمه بک و منو میشه و تمامی مشکلات از جمله ویبره که در زمان فشرده دو دکمه با هم به وجود می آید کالیبره نبودن این دکمه ها است وگر نه گوشی های سایر برند ها و مدل های دیگه سونی که سخت افزار بالایی دارند هم دمایشان به شدت بالا میره مثلا من یک گوشی از یک برند دیگه که قیمتش حدود 5 برابر این گوشی است به قدری داغ شد که دستم رو سوزاند و مجبور شدم دور گوشی رو به جای پشتش بگیرم.,-1,1,train
2819,این در حالیست که در ایزو 400، نویز بعلاوه‌ی مقداری کاسته شدن از جزئیات و غلظت رنگ‌ها مشاهده می‌شود.,-1,1,train
7452,از خریدش پشیمون شدم.,-1,1,train
5397,اما یک نکته منفی در مورد این گوشی، عدم وجود یک شکاف برای قرار گیری قلم در گوشی است که باعث می‌گردد همواره نگران گم شدن قلم باشید.,-1,1,train
2938,از اول هم اشتباه کردم ایسوس رو به سامسونگ ترجیح دادم.,-1,1,train
2092,صد در صد این گوشی تولد یک نسل آیفون نمیتواند باشد اگر جابز بود اجازه معرفی آن را به عنوان یک نسل جدید به اسم نسل پنجم نمی داد البته نمی توان از پدیده طراحی و گرافیک بی نظیر آن چشم پوشی کرد اما شاهد آن بودیم که همیشه اپل با معرفی مدل جدید مشتریان را شگفت زده می کرد که در نسخه پنجم زیاد پیشرفتی را نسبت به نسخه قبلی (4s) شاهد نیستیم,-1,1,train
687,البته وبکمش واقعا HD نیست.,-1,1,train
9929,ولی اکنون گوشی‌های هوشمند نسبت به آن چه که در سال 2010 بوده‌اند بزرگتر شده‌اند و 3.5 اینچ به نظر می‌رسد که در بین آن‌ها کوچک باشد.,-1,1,train
4799,ولی کنترل فوکوس دستی با آن کمی سخت است.,-1,1,train
8736,در این گوشی متاسفانه دو سیم کارت هم زمان فعال نیست و زمانی که در حال مکالمه با خط اول هستیم، خط دوم در دسترس نیست!,-1,1,train
1139,امیدوارم این بلا سر هیچ کسی نیاد.,-1,1,train
1987,از موقعی که جناب آقای جابز از دنیا رفت دیگه شرکت اپل درخشنده ترین شرکت ساخت گوشی نیست !,-1,1,train
7450,قیمت دیجی کالا خیلی بهتر از فروشگاه بود ولی وقتی دوربین رو تو دستم گرفتم آنقدر سبک بود که احساس خوبی بهم نداد.,-1,1,train
4210,تنها موردی که یکم خوشم نیومد این بود که تمام برنامه هات روی همون صفحه های اصلی (home) میاند و مثل بقیه گوشیا نیست که بری تو منو لیست برنامه هات.,-1,1,train
8623,نقاط ضعف: 1- باتری در حالت Standby بسیار خوب عمل میکنه اما وقتی با اینترنت یا دوربین کار میکنید خیلی سریع شارژ کم میکنه 2- چهار کلید خازنی پایین گوشی روشنایی ندارند 3- کیفیت دوربین واقعا در حد 8 مگاپیکسل نیست ( با یک گوشی 5 مگاپیکسلی نوکیا امتحان کردم؛ کیفیت ال جی پایین تر بود) 4- فیلم برداری دوربین HD نیست.,-1,1,train
7348,صفحه کلید به خصوص در قسمت‌های بالایی تحت فشار کمی دچار خمش می‌گردد.,-1,1,train
9930,به خصوص اینکه وقتی با گوشی‌های 4.2 اینچی کار می‌کنیم، دیدن دنیای دیجیتال از طریق نمایشگر 3.5 اینچی کمی آزار دهنده و خسته کننده به نظر می‌آید.,-1,1,train
2261,کیفیت دوربین اچ تی سی معمولا متوسط است و قدرت رقبا را ندارد .,-1,1,train
12254,من از دیجی کالا خریدم وقتی دستم رسید چند تا از دکمه هاش کار نمیکرد و مشکل داشت و سالم نبود.,-1,1,train
7461,ولی اگر از صحنه های شلوغ‌تر و دوردست‌تر فیلم برداری کرده باشید و سپس فیلم‌ها را بر روی HDTV مشاهده کنید، فیلم‌ها کاملا غیر شارپ به نظر می‌رسند.,-1,1,train
4442,گرمای زیاد احتمال سوختن صفحه نمایش,-1,1,train
11431,تنها بدیش حافظه اش هست و نداشتن هندزفری توی جعبه اش که من یه ibeats خریدم براش.,-1,1,train
12787,"یکی از مشکلات بزرگ باتریشه , چون بعد از 300 یا 400 بار شارژ یعنی حدودا 2 سال استفاده به شدت ضعیف می شه و قابل استفاده نیست و عوض کردن باتریش هم با توجه به وسایل خاصی که فقط نمایندگی های مجاز اپل در کشورهای مختلف دارن امکان پذیره در صورتی که در ایران این کار با پیچ گوشتی و ..",-1,1,train
11351,این کار در واقع سر و صدای زیادی را‌ایجاد می‌کند و Live view هم برای لحظه‌ای قطع می‌شود.,-1,1,train
9910,در حقیقت 4s با وزن 140 گرم حدود 3 گرم از iPhone 4 که 137 گرم وزن داشت سنگین‌تر است.,-1,1,train
3742,دوستانی که با گوشیشون خیلی بازی میکنند و بازی های HD و با کیفیت بالا میخوان این گوشی مناسب نیست.,-1,1,train
6417,به صرفه نیست و تنوع رنگ هم نداره.,-1,1,train
7203,در کل ایده بسیار جالبیه ولی ای کاش این ایرادش رو درست میکردن,-1,1,train
6677,معایب این دوربین: وزن نسبتا زیاد.,-1,1,train
10457,با سلام این گوشی رو 2 هفته است که خریدم گیر یا هنگ کوتاه زیاد داره,-1,1,train
30,تنها عیبی که دارد در موقع استفاده صدای نسبتا زیادی دارد.,-1,1,train
8880,یعنی نور صورت فوق العاده زیاده انگار که روتوش کرده باشید.,-1,1,train
5559,نکاتی برای خریداران :برای دختر خانوم ها مناسب نیست!,-1,1,train
7141,البته در زوم بالا مقداری نویز مشاهده می‌گردد که برای چنین دوربینی چندان غیر قابل پیش بینی نیست.,-1,1,train
8098,.فقط واسه کارای خیلی سنگین کمی کنده.,-1,1,train
7445,برای مثال این اسکنر فاقد ADF است.,-1,1,train
12390,ایزو 800 مقدار بیشتری نویز، کاسته شدن از غلظت رنگ‌ها و جزئیات را نشان می‌دهد.,-1,1,train
10155,٢- رابط کاربری اش چندان سریع نیست.,-1,1,train
4400,البته هنگامی که والپیپرهای متحرک استفاده کنید، محیط کمی کند شده و آن روانی را دیگر نخواهد داشت.,-1,1,train
698,خوبه اما متاسفانه خرابی های هاردش زیاده!,-1,1,train
6692,عکس‌ها شفاف و رنگارنگ هستند ولی گویی که با یک دوربین دیجیتال فوق العاده ارزان قیمت گرفته شده اند.,-1,1,train
13064,فقدان دکمه های فیزیکی چون کم و زیاد کردن صدا، Pause و playback و رفتن به جلو و عقب احساس می شود.,-1,1,train
7262,و حتی جستجوهای زیادی که در گوگل انجام دادم متوجه شدم این مدل مشکل سوختن تصویر دارد که مشکل در گاز صفحه نمایش می باشد.,-1,1,train
9371,گوشیه خوبیه فقط این دکمه های سخت افزاری و حافظه و رم کمش تو ذوق آدم میزنه,-1,1,train
3479,علاوه بر این، شارژ این کارتریج‌ها تا حدودی سخت است و مانند کارتریج‌های مخزنی ساده نیست.,-1,1,train
9100,از خرابی صفحه لمسی گرفته تا دکمه قطع گوشی.,-1,1,train
3715,نسبت به پولی که میدین پردازندش خوبه ولی چون پردازنده گرافیکی نداره برای بازی اصلا خوب نیست صفحه ی کوچیکش هم برای وب گردی مناسب نیست خودم یک سال این گوشیو داشتم,-1,1,train
10308,تنها مشکلی که داره تایپ کردنه.,-1,1,train
3350,متاسفانه ما انسانها خیلی زود با تبلیغات گول میخوریم وهنوز کالایی را نخریده در باره ان نظر میدهیم .,-1,1,train
10047,متاسفانه این صفحه نمایش کاملا براق بوده و در ضمن روشنایی آن نیز کم است.,-1,1,train
10028,با تشکر از دیجی کالا ، من این پرینتر رو دیروز خریدم(27/8/91) از خود دیجی کالا و سریع هم تحویل شد به موقع واقعا دستگاه خوبیه و ازش راضیم ولی هنوز بلد نیستم پرینت دورو بگیرم.,-1,1,train
9723,متاسفانه به دلیل ساختار برد الکترونیکی گوشی های سونی هیچ تعمیر کاری توانایی تعمیر آن را ندارد و سایت رسمی سونی هم هیچ پاسخی به مصرف کنندگانی که دچار مشکل شده اند نمی دهد.,-1,1,train
4199,ولی بازم تا حد یک گوشی ۵ مگاپیکسلی نیست.,-1,1,train
8116,گوشیه بدی نیست اما به نظر من کسی که میخواد تو این رنج قیمت گوشی بخره بدون هیچ تردیدی wave 3 رو انتخاب کنه.,-1,1,train
4777,قیمت بالا .,-1,1,train
1917,خوش دست نیست.,-1,1,train
12980,یک نکته ای که بیشتر پرینترها با آن مشکل دارند در این یکی هم وجود دارد و آن چیزی نیست به جز رسم خطوط با پهنای 1 پیکسل در زمینه ی مشکی.,-1,1,train
3754,فقط نمیشه بازیهای HD روش نصب کرد من خودم نصب کردم سرعتش کم میاره.,-1,1,train
4389,عمق رنگ مشکلی تولید شده توسط این صفحه نمایش به حدی زیاد است که اگر از عکس پس زمینه مشکی استفاده کنید، تشخیص دادن لبه صفحه نمایش، از قاب دور آن کمی سخت است.,-1,1,train
5926,می‌توان گفت که کمپانی سونی هرچند که سابقه‌ی بسیار درخشانی در تولید دوربین‌های مختلف در سری Cybershot خود داشته، ولی در این زمینه کمی از دیگر برندها عقب مانده بود.,-1,1,train
12185,هنوز هم باتری گریپی برای این دوربین معرفی نشده تا نتوانید از مزیت استفاده ی دو باتری به صورت همزمان بهره ببرید.,-1,1,train
2008,طراحی هم که هیچ تغییری نکرده!,-1,1,train
9369,این گوشی زوم 16 برابر نداره، اصلا زوم نداره و برخلاف چیزی که تصور میشه کیفیت عکسش مثل دوربین های سطح پایین نوکیا هست.,-1,1,train
7482,اما مشکل این جاست که دوربین پس از چند دقیقه ای که با آن کار نمی‌کنید به مود Sleep می‌رود و اگر خواستید دوباره آن را بیدار کنید باید نمایشگر را بسته و دوباره باز نمایید.,-1,1,train
2160,دوربین 1.2 مگاپیکسلی جلو که اگه رایتل داشته باشی بازم مجبوری با کیفیت پایین تر استفادش کنی.,-1,1,train
9640,گوشی خوبی هست اما در مقابل GalaxyS3حرفی برای گفتن ندارد.,-1,1,train
11052,طراحی زیبایی هم نداره!,-1,1,train
10698,اما به طور کلی Xperia TX کمی سنگین‌تر و ضخیم‌تر از گوشی‌های رده بالای کمپانی‌های دیگر است.,-1,1,train
1817,اونم اینست که صفحش کوچیکه.,-1,1,train
5391,ویدئو یا بسیار کشیده می‌شود و ابعاد نا مانوسی پیدا می‌نماید، و یا اینکه باید سیاهی‌های زیادی را در بالا و پایین صفحه تحمل نمایید.,-1,1,train
7669,شارژدهی باتری لیتیومی شارژی این دوربین با GPS روشن حدود 310 عکس می‌باشد که از 340 عکس دوربین FT1 کمتر است.,-1,1,train
11712,در ضمن من پارسال خریدم و الان به صرفه نیست.,-1,1,train
11059,( من خودم گلکسی نت 5.3 دارم و بعد از دو هفته اول 5 ماهه که از شیارش در نیاوردم ) در کل به قول خود دیجی کالا انتظار بالایی از سامسونگ بعد از نیو آیپد یا ASUS داشتیم که کاملا با تب 2 ( که تفاوت انچنانی با تب 1 نداشت و حتی بدتر شده بود ) و نت نا امیدمون کرد,-1,1,train
11293,البته به نظرمان آمد که گاهی اوقات سخت می‌توان دکمه‌ها را فشرد.,-1,1,train
9547,با سلام در حد انتظار و پیش بینی ظاهر نشد.,-1,1,train
5513,حتی دوستم که اینو داره به خاطره ابعادش ازش ناراضی بود.,-1,1,train
2937,دلیلی که این تبلت رو عوض کردم نداشتن قابلیت پشتیبانی از سیم کارت بود.,-1,1,train
3141,فقط کسایی که قبلا با رتینای اپل کار کرده باشن یکم براشون بی کیفیت بنظر میاد که خب طبیعیه.,-1,1,train
4016,نه تنها از لحاظ تغییرات کلی فرق آنچنان نداشته، بلکه با افزایش تفکیک پذیری به 18 مگاپیکسل، باعث ایجاد نویز شدیدی نیز خواهد شد، و این معقول نیست.,-1,1,train
9987,لنز خیلی گوشه قرار گرفته و اگر حواستان جمع نباشد ممکن است که انگشت خود را بر روی آن قرار دهید.,-1,1,train
1546,دوم اینکه در صورت به زمین خوردن دستگاه، احتمالا لنز دوربین آن خواهد شکست که این یک اشتباه غیر قابل جبران است.,-1,1,train
7539,من قبلا اکسپریا گو داشتم واقعا چیز دیگه ای بود هم از لحاظ کیفیت ساخت و هم از لحاظ سرعت فقط به خاطر صفحه نمایش کوچیکش فروختم ، فکر نمیکردم اینقدر ضعیف باشه قبل از خرید حتما استفاده کنید.,-1,1,train
6688,تراز سفیدی به نظر کمی به سوی آبی است و های لایت‌ها نیز کمی دچار نوردهی بیش از حد می‌شوند.,-1,1,train
2702,همچنین اگر یک عکس Raw+JPEG بگیرید ذخیره ی آن بر روی کارت حافظه حدود 8 ثانیه به طول می انجامد که زیاد است.,-1,1,train
12795,بنده نقدشو خوندم خیلی یک طرفه بود خوب میشد از مشکلاتشم کمی صحبت میشد هرکی نوشته رو اپل تعصب داره در کل گوشیه خوبیه ولی اینقدرم گنده نیست طراحیشم اینقدر ها تک نیست که شما نوشتید امار نظر کاربران سایت www.,-1,1,train
312,در ضمن فلش ال ای دی آیون تو تاریکی میتونم بگم اصلا کاربردی نداره!,-1,1,train
3738,اولیش اینه که از بازیهای سه بعدی مثل آسفالت پشتیبانی نمی‌کنه.,-1,1,train
9986,ولی اپل یک مسئله را هنوز در این گوشی حل نکرده است و آن جای قرارگیری لنز می‌باشد.,-1,1,train
8649,باتری خیلی مهمه که مجبور نباشیم هر روز شارژش کنیم تو این رنج قیمت ببینین سامسونگ هم دو سیمکارته داره ولی از این ضعیفتره.,-1,1,train
9722,سلام دوستان دیجیتالی مطابق با نظر دوست گرانقدر که در پایین قید شده است مشکل خاموش شدن ناگهانی محصولات سونی برای بنده هم پیش آمده.,-1,1,train
12075,از لحاظ کیفیت خوب نیست,-1,1,train
2362,خود به خود قابل استفاده در ایران نیست و خریدنشم هم بی فایده است!,-1,1,train
8541,گوشی خوبیه ولی حافظه رمش پایینه.,-1,1,train
4574,دوستان عزیزی که در مورد آپدیت کردن یا نکردن گوشی خود به آندروید 4 شک دارند خدمت دوستان عرض کنم که آندروید 4 بر پایه 1 گیگابایت رم پایه ریزی شده و روی گوشهایی با 512 مگابایت رم هم جواب میدهد اما سرعت به طرز چشم گیری کاهش می یابد مخصوصا زمانیکه با گوشی خود بازیهای hd انجام میدهید یا در حال تماشای فیلمهای با حجم بالا هستید.,-1,1,train
8012,تنها ایرادی که من میتونم بهش بگیرم وزنشه که حدود 600 گرمه و کمی دست رو خسته میکنه.,-1,1,train
1164,استاندارد نظامی IPX7 و IEC529 طبق نظر سازندش داره که چند بارم امتحانش کردم جواب میده همیشه گفت تنها ایراداش نداشتن انعطاف کافی کابلشه که به سوکت هارد فشار میاره که امیدوارم از شرایط گارانتیش باشه و یکی دیگشم اینکه سوکت سمت هارد که نمیدونم چه استانداردی هست اگه mini usb بود شاید بهتر بود البته سازندش باید دید علتش از این کار چی بوده,-1,1,train
7178,**تنها کیفیت صفحه نمایش تبلت یا همون استیشن خیلی خوبه ولی عالی نیست **جمع شدن غبار زیر کاور لنز بعد از یه مدت استفاده وجود داره که در سایتها خارجی و داخلی گزارش شده و خود من هم امروز یه دونه غبار ریز اونجا دیدم,-1,1,train
5636,از طرفی، وجود نشانگر دکمه‌های Back، Home و Menu در پایین نقطه‌های قابل لمس باعث می‌شود تا در ساعات اولیه استفاده از گوشی، به اشتباه، قصد فشار دادن آن‌ها را داشته باشید!,-1,1,train
11146,داشتن WiFi داخلی یکی از مزیت های این تلویزیونه ، ولی کارکردن با کنترل تلویزیون برای تایپ کردن آدرسها و جهت دهی به اشاره گر ماوس خیلی مشکله ..,-1,1,train
8288,عکس هایی که با دوربین گرفته می‌شوند کمی Soft هستند و می‌توانید با استفاده از تنظیمات داخلی خود دوربین و یا بعدا با فوتوشاپ مقداری Sharpness به آن‌ها اضافه کنید.,-1,1,train
5438,بعد 1 ماه کارکرد مهمترین معایبش رو موارد زیر میدونم: باطری ضعیف به دلیل داشتن صفحه نمایش بزرگ ولی با کیفیت داغ شدن بیش از حد پشت گوشی حتی با وجود قاب چرمی!,-1,1,train
9491,در کل همانطور که گفتیم، HS80 و البته مدل های برادر آن چون TM80 و SD80 دوربین هایی هستند که از نظر کیفیت فیلم برداری و عکس برداری به پای مدل های سری 900 نمی رسند.,-1,1,train
1271,من این گوشی رو چند روز پیش از دیجی کالا خریدم  نسبت به قیمتش خوبه همانطور که دوستان گفتن نقاط ضعف هایی هم داره (صفحه نمایش ضعیف .,-1,1,train
6409,"من دیشب همین هاردو از بازار رضا گرفتم و کاملا"" توی پک و بسته بندی بود و بعد توی خانه باز کردم دیدم پشتش خش و خط کوچکی داره و توی کارت گارانتی سازگارا نوشته به هر دلیلی روی ان خط و خش بی افته از گارانتی خارجه!",-1,1,train
7588,سلام دوستان بنظر من با این امکانات گلکسی اس ادونس هم بهتره هم قیمتش مناسب تره در کل به قول دوستان نسبت به امکاناتش ارزش نداره.,-1,1,train
4527,رمش پایینه.,-1,1,train
1482,دوربین رو هم ریست کردم اما نشد.,-1,1,train
3761,نقطه تاریک این گوشی، نداشتن فلاش برای دوربین است.,-1,1,train
10027,با سلام منم اینو از دی جی کالا گرفتم اما بلد نیستم چاپ دو رو بگیریم,-1,1,train
2078,اما حال هنگ کردن ها شروع میشود و از اینکه ناگهان از برنامه ای خارج میشود و یا در لحظه ای حساس گوشی شما استاپ میکند و یا حتی گاهی اوقات نمیتوانید جواب تلفن خود را بدهید چون گوشی شما هنگ کرده و نمیتوانید نوار جواب گوشی خود را حرکت دهید به شدت ناراحت میشوید، از این که گاهی اوقات صفحه ی تاچ گوشی و یا دقت گوشی در نوشتن شما رو اذیت میکنه خسته میشید.,-1,1,train
4930,تنها مشکلش داغی فنش هست,-1,1,train
10195,تنها بدیش اینه که مال من بعد از مدتی کار نور صفحه نمایشش در اثر بر خورد دست عوض میشه.,-1,1,train
4271,به نظر من با این امکانات اصلا ارزش خرید نداره؛ Note 8.0 خیلی از این بهتره مخصوصا از لحاظ امکانات سخت افزار.,-1,1,train
8632,باتریش واقعا اون چیزی که باید باشه نیست و یه کم زود تمام میشه ولی بد نیست (شاید هم من شارژ اولیه بد انجام دادم ) 4.,-1,1,train
7173,ایسوس همیشه محصولات خوبی رو ارائه میده اونم با قیمت مناسب ولی اگه بخوایم ایسوس بخریم حتما باید مراقب باشیم تا اسیب نبینه جون خیلی از قطعاتش ایران نیست.,-1,1,train
186,این گوشی ظاهر خوبی داره ولی متاسفانه دکمه برگشت به صفحه قبل ان مشکل داره و ظاهرا گوشی هنگ میکنه و باعث میشه سرعت عمل ان کم بشه.,-1,1,train
10042,تنها قسمت هایی مانند قاب پشت صفحه نمایش و لولاها هستند که کمی نگران کننده بوده و به نظر نمی آید که بتوانند فشار بالایی را تحمل کنند.,-1,1,train
1977,در دنیای امروز حرف اول رو تنوع می زنه اپل با این قیافه گوشی یکنواختش و منوی تکراریش در آینده حرفی برای گفتن نخواهد داشت,-1,1,train
1908,از لحاظ سخت افزاری 70 درصد s3 هم نمیشه!,-1,1,train
10639,اندروید 4.1 اپدیتش کردم تنظیمات دوربینش دیگه 13 نیست 12 شده.,-1,1,train
6293,به نظر من یکم قیمتش نسبت به کارایی هاش هنوز بالاست,-1,1,train
7234,شما با خرید این padfone هم یه تبلت گیرتون میاد هم یه گوشی ولی فقط میتونید در یه لحطه از یکیش استفاده کنید.,-1,1,train
3977,1-به نسبت قیمتش و در مقایسه با دوربین های در این رده مثل sx40 و fz150 نویز در آن زیاد است و عملا بعد از iso 1600 نویز آن شدید میشود و عکس را خراب میکند و عکس در حالت عادی خوب است ولی وقتی روی آن زوم کنی میفهمی چقدر نویز دارد 2-در نور کم عملکرد خوبی ندارد 3-باز هم مثل همیشه دستکاری در رنگها که از خصوصیات سونی است و افراد حرفه ای آن را نمی پسندند 4-صفحه نمایش آن گردان نیست 5-قیمتش نسبت به خصوصیاتش به نظر من بالاست 6-ایزو بالا و مگاپیکسل بالا آن عملا کارایی ندارد چون حسگر این قدرت را ندارد که عکس خوبی در ایزو بالا بگیرد و مگاپیکسل آن هم با این حسگر نمیسازد و حتی شاید عکس را خراب کند,-1,1,train
9398,من 1ماه که خریدمش اگه بخوام راستشو بگم ازش راضی نیستم!,-1,1,train
8693,گوشی واقعا خوبیه فقط یه خورده قیمتش مناسب نیست که یابد زمانی که مثل امروز تخفیف میخوره اقدام کرد.,-1,1,train
7261,ولی متاسفانه امروز موقع مشاهده تصویری ناگهان تصویر خاموش شد ولی صدا ماند.,-1,1,train
4776,نسبتا سنگین و بزرگ .,-1,1,train
4084,محیط کار با دوربین در این گوشی کاملا مبتدیانه و با حداقل امکانات می‌باشد.,-1,1,train
6449,مشکل اینه که وقتی هارد رو وصل می‌کنم ۲ تا بیپ می‌کنه و مدام چشمک می‌زنه ولی وصل نمی‌شه (این طور که از سرچ کردن فهمیدم مشکل ضعیف بودن سیمکشی داخلی دارن که خیلی جدی نیست و سریع درست می‌شه) زنگ زدم به سازگار، اول گفتن مشکلی نیست و سریع حل می‌شه اما وقتی بردمش برای تعمیر نه تنها هزینه ای برای بررسی (!,-1,1,train
9475,عملکرد در شرایط نوری ضعیف هم تعریف چندانی ندارد و مقدار زیادی نویز در تصویر مشاهده می‌گردد.,-1,1,train
6315,سخت افزار نسبتا ضعیفی داره البته من نسبت به قیمت این رو عرض کردم در کل فکر نمیکنم خیلی آدم رو راضی نگه داره,-1,1,train
3889,در نقد و بررسی HX100v عنوان کرده بودیم که نداشتن کفشک فلاش اکسترنال برای آن یک نقطه‌ی ضعف محسوب می‌شود.,-1,1,train
6582,صفحه نمایشش زیر نور اصلا معلوم نیست باتریش هم ضعیفه موقع مرور اینترنت هم یه ذره گیر میکنه صدای اسپیکرهاش هم ضعیف ولی با کیفیته.,-1,1,train
8427,به ایزوهای بالاتر از این که بروید بر میزان نویز، کاهش غلظت رنگ ها و میزان از بین رفتن جزئیات افزون می گردد.,-1,1,train
9855,صفحه نمایشش یکم به تاریکی میزنه و البته باز به سلیقست,-1,1,train
11486,شارژ بی سیم(که یک تکنولوژی تازه محسوب نمیشود و آن را در لومیا 920 نوکیا هم دیده بودیم) خلاصه من iphone 4s که محصول یک سال پیش شرکت اپل است را به محصول چند روز پیش گوگل و الجی ترجیح میدهم!,-1,1,train
6181,ظاهرا دستگاه به درستی کپی خور نشده بود.,-1,1,train
11955,نوار نقره ای رنگ دور گوشی کیفیت خوبی ندارد ودر برخورد با اشیا اسیب پذیر میباشد.,-1,1,train
12908,} 2- عدم وجود رابط کابل USB برای انتقال اطلاعات.,-1,1,train
7875,انتظار می‌رفت که با وجود پردازنده تک هسته ای، شارژدهی باتری Fonepad بسیار بیشتر از Nexus 7 باشد ولی در عمل این‌طور نبود و هر دو تبلت عملکرد کم و بیش یکسانی را ارائه دادند.,-1,1,train
528,شما می توانید به صورت دستی به رزولوشن های بالاتر نیز برسید، البته این خیلی توصیه نمی شود و بیشتر برای اسکن عکس هایی با کیفیت بالا و استفاده در قطع بزرگ به کار می آید.,-1,1,train
3930,بعضی بچه ها همین اشتباه رو دارن که بدون توجه به اندازه و نوع سنسور ٬ به مقایسه‌ی دوربینها می‌پردازن ٬ مثلا مقایسه G15 با HX200V اصلا کار درستی نیست چون G15 سنسور بزرگتری داره و میتونه تا سقف ۱۲ مگاپیکسل جزئیات تصاویر رو ثبت کنه یا به عبارتی G15 یک دوربین ۱۲ مگاپیکسل واقعیه اما HX200V در نهایت تا رزولشن 9.7 مگاپیکسل توانایی ثبت تصاویر رو داره اون هم به دلیل سنسور کوچیکتر٬ البته هنگام مقایسه دوربین ها از فاصله کانونی و محدوده‌ی دیافراگم غافل نشید.,-1,1,train
1452,اما به طرز عجیبی در حالت زوم کامل لنز کندی است.,-1,1,train
1785,خیلی بده که آدم خودش رو به اختیار محدود کنه .,-1,1,train
12882,دیگر امکاناتش معمولیه فقط اگه چراغ قوه داشت خیلی خوب میشد.,-1,1,train
4116,و نبود فلش در کنار دوربین باعث میشود تصمیم گیری برای خرید این گوشی کمی سخت به نظر بیاید.,-1,1,train
8233,برنامه نوت ندارد .,-1,1,train
4200,در بخش فیلم برداری: اصلا خوب نیست.,-1,1,train
9651,"در کل اپل خیلی محصول قابل قبولی رو معرفی نکرد و من رو که چند ماهی منتظرش بودم تا معرفی بشه , نا امید کرد .",-1,1,train
11381,در‌ایزو 6400 و 12800 نویز و کاهش غلظت رنگ‌ها بیشتر می‌شود.,-1,1,train
2597,به صرفه نیست که فوجی بخرید.,-1,1,train
2276,HTC این کار رو چند بار دیگه هم انجام داده و این سیاست این شرکت شاید از نظر بازاریابها خوب باشه ولی خیلی ها رو هم ناراحت میکنه.,-1,1,train
3195,که من اصلا انتظارشو نداشتم خیلی بد و ضعیف آنتن میده و برای یک محیط خونگی شاید اینترنتش خوب باشه نه بیشتر.,-1,1,train
1545,اول اینکه با قرار دادن گوشی بر روی سطوح مختلف، احتمال خط افتادن بر روی شیشه روی لنز بسیار زیاد است.,-1,1,train
1138,چون یه بار به علت یک لحظه اشتباه همه اطلاعاتی که فقط برای من با ارزش بود رو از دست دادم.,-1,1,train
2096,IOS :*محیط خشک و ایستا - مشتریان فقط استفاده کننده و نه توسعه دهنده*اجبار به استفاده از محیط خاص و محدود *نداشتن حق انتخاب چه برای ظاهر گوشی چه برای درون گوشی برای خرید یک گوشی با سیستم عامل IOS فقط یک گزینه دارید و آن هم Iphone تمام.,-1,1,train
6835,باتری اینترنال به معنی این نیست که بهیچ عنوان قابل تعویض نیست، فقط از دسترس کاربر خارج است.,-1,1,train
965,به محض قرار دادن این دو در کنار یکدیگر نخستین چیزی که متوجه آن می شوید، فقدان پنجره ی چشمی اپتیکال در مدل جدیدتر است.,-1,1,train
10167,3_ ظاهری پلاستیکی وکم‌کیفیت که دیگران با دیدن اون بسیار به اشتباه به یاد گوشی های کربی و ارزان قیمت می افتند.,-1,1,train
4850,بابا الایت به درد نمی خوره فقط اسم رد کرده.,-1,1,train
1757,از لحاظ سخت افزاری از s3 پایین تر است نسبت به امکاناتی که دارد مقرون به صرفه نیست قاب پشت گوشی بسیار زود خش می‌شود,-1,1,train
7361,حداکثر روشنایی این پنل چندان زیاد نیست و وقتی این موضوع را در کنار براق بودن نمایشگر در نظر می‌گیریم به این نتیجه می‌رسیم که این نوت‌بوک مناسب استفاده در محیط‌های غیر مسقف و در نور روز نمی‌باشد.,-1,1,train
12603,نواقص: باتری بیشتر از یه روز دوام نمیاره.,-1,1,train
8374,50x زوم اپتیکال خیلی خوبه ولی باید به کیفیت عکس هم توجه کرد من سری قبل تر اینو دارم اصلا از کیفیتش راضی نیستم و موقع خرید فقط به زوم توجه می کردم که الان پشیمون شدم,-1,1,train
7689,فقط مشکلی که میشه ازش گرفت محدودیت نصب برخی از نرم افزارهاست.,-1,1,train
7925,واسه همین خیلی گرونه cd هاش.,-1,1,train
4167,وضوع تصاویر یکم پایینه.,-1,1,train
5866,این موضوع بدیهی است که دستور های پیاپی و نا‌معقول در استفاده از هر سیستمی موجب وقفه‌هایی در اجرای دستورات CPU میشه و این موضوع به معماری CPU مربوطه که در اون تعبیه شده.,-1,1,train
6155,اما اگه چند سال آینده رو در نظر داشته باشیم به این نتیجه میرسیم که بازی ها روز به روز بر حجم و گرافیکشون افزوده میشه و اونوقت PS3 با داشتن دیسک بلوری مشکلی پیدا نمیکنه اما xbox دیگه نمیتونه بازی های خوبی بسازه و(میشه مثل PS2) که الان بازی های با گرافیک بالا نداره .,-1,1,train
7551,sony ion و یا T و TX گوشی های سطح بالا و خوبی هستن ولی موقع کار باهاشون حس کار کردن با یه گوشی با کیفیت رو ندارین.,-1,1,train
7436,از نظر کیفیت اسکن می‌توان گفت که عملکرد 5600F از بهترینی که تا به حال دیده ایم کمی پایین تر است.,-1,1,train
8651,تازه باتریشوتم ضعیفه.,-1,1,train
1808,فقط بدنه اش خش پذیر است,-1,1,train
8438,کاش اون موقع دی جی کالا داشت از سایت میخریدم ..,-1,1,train
6953,ولی امان از دست این باطریش.,-1,1,train
627,قدرت cpu این لپ تاپ پایینه پیشنهاد من لپ تاپ ACER ASPIRE V3 است,-1,1,train
5355,سیاست تنوع محصولی که از طرف شرکت ایسوز که در قبل نیز شاهد آن بودیم ایجاد یک نوع بازار متنوع و یک نوع چالش برای خریدار است از این رو در این مدل به طور کاملا عمدی دست به حالتی زده که در آن عدم قابلیت ارتقاع دستگاه به حافظه های بالاتر به چشم می خورد.,-1,1,train
7406,اثر انگشت رو خیلی میگیره!,-1,1,train
12639,1-دوربینش معمولیه و اصلا در حد 8 نیست!,-1,1,train
2483,البته این پورت بر روی تمام مدل‌ها وجود ندارد و بعضی از مدل‌های ارزان‌تر مانند X44LY یا X53E، فاقد این پورت می‌باشند.,-1,1,train
4372,یکی دیگه از اشکال های اون قیمت نسبتا زیادش و دیگری اینکه هنوز بلوتوثش بسته است و فقط برای هدست.,-1,1,train
7196,به نظر من این محصول از نظر زیبایی و مشخصات حرف نداره ولی ایراداتی داره که باعث میشه تو خرید این محصول یه مقدار دقت بیشتری کنیم اول از همه اینکه شما دارین یک موبایل با مشخصات عالی میگیرین که میشه به یک صفحه نمایش وصلش کرد که تبدیل به تبلت بشه در واقع تبلت به تنهایی بدون گوشی هیچ معنی نداره در واقع اگه گوشی یا مغز دستگاه شما دچار مشکل بشه مثلا زمین بخوره تبلت شما دچار مشکل میشه و غیرقابل استفاده.,-1,1,train
7814,اما به هر حال از قیمت آن نیز نمی‌توان به راحتی چشم پوشی کرد، چرا که رقبای این تبلت از کمپانی‌های Asus و Amazon، با وجود صفحه نمایش بهتر، قیمت‌های پایین‌تری دارند که این کار را برای آیپد مینی سخت می‌نماید.,-1,1,train
8281,فقط مقداری خطای رنگ بنفش در مناطق پرکنتراست مشاهده می‌شود.,-1,1,train
4119,اما عدم پشتیبانی از اندروید در گوشیهای نوکیا باعث شده قدرت جذب مشتری سامسونگ و رقیبانش در مقابل نوکیا افزایش پیدا کند.,-1,1,train
3716,البته نبود فلاش واسه دوربینش ضعفه.,-1,1,train
6748,در گذشته معمولا پروژکتور داخلی این دوربین ها کیفیت بالایی نداشتند و معمولا باید نور اتاق را تا حد خیلی زیادی کاهش می دادید تا می توانستید تصویری واضح را مشاهده کنید.,-1,1,train
12569,طراحان سعی کرده‌اند که با کنترل‌های موسیقی کارآمد کمی این نقص را جبران کنند ولی با این حال جای ویجت‌های میانبر همواره خالی است.,-1,1,train
10088,به علاوه کلیدهای کیبورد، آستانه و عمق زیادی ندارند.,-1,1,train
8355,این دوربین در مقایسه با fz-100 فقط زوم بالاتری داره و البته در چند مورد دیگه هم برتری نامحسوس داره ولی در خیلی از زمینه ها پایین تره..,-1,1,train
1327,ظرفیت در دسترس برای ذخیره موسیقی در آیپاد شافل، 2GB است که ممکن است برای بعضی کاربران ظرفیت کمی باشد.,-1,1,train
4679,با رد تماس امکان ارسال SMS اتوماتیک وجود ندارد.,-1,1,train
8650,اچ تی سی هم بدون دوربین دوم تولید کرده یعنی ضعف از این هم گرونتره.,-1,1,train
4810,مشکل این دوربین ها باتری های آنهاست .,-1,1,train
10857,به نظر من تبلت های اپل به دلیل فیلتر بودن سایت های اون و سختی دانلود و اینکه جابجایی فایل بین کامپیوتر و تبلت سخته خیلی مناسب ایران نیست.,-1,1,train
1488,فاقد زوم اپتیکال در حین فیلم برداری می باشد که در مواقع فیلم برداری از فواصل دور کیفیت تصویر بشدت پایین می آید همچنین جنس بدنه فاقد کیفیت لازم می باشد به طوری که با مشاهده دوربین در بعضی نقاط بدنه کامل به هم جفت نشده همچنین در موقع زوم در عکاسی خیلی با سر و صدا همراه است به طوری که احساس خشکی قطعات و نامرغوب بودن آن به چشم می آید ضمنا تصویر نمایشگر فاقد کیفیت لازم و شفافیت مطلوب می باشد و نمایشگر لمسی فقط در بعضی مواقع کاربرد دارد و کامل نیست,-1,1,train
11134,وقتی padfone 1 اومد هم یخورده جا خوردم هم یخورده بی کیفیت به نظر میرسید.,-1,1,train
9959,""" از نظر دقت، برتری خاصی از Siri نسبت به چیزی که بر روی Android و WP7 است ندیدیم.",-1,1,train
9219,وجود نمایشگر لمسی باید در صورتی باشه که پاسخ گویی به اشارات لمسی به سرعت انجام گیرد و الا بیشتر اعصاب خورد کن می باشد تا کار راه انداز..,0,2,train
11755,سلام دوستان من این گوشیرو 7 ماهه که دارم.,0,2,train
7199,سلام من از دیجی کالا خریدم امروز دستم رسید فقط یه چیزی میتونم راجبش بگم.,0,2,train
1772,منم خریدم اول بین s4 و z و lumia920 شک داشتم ولی اپل ترجیح دادم,0,2,train
4754,من نزدیک 6 ماهه از این دوربین دارم .,0,2,train
5064,• ریجن‌های NTSC-UC و NTSC-J به علت این‌که کشور‌های آن‌ها از برق ۱۱۰ ولت استفاده می‌کنند دارای پاور آداپتور ۱۱۰ ولت می‌باشند و جهت تبدیل آنها به برق ۲۲۰ ولت (ولتاژ ایران) باید از یک ترانس مبدل ۱۱۰ به ۲۲۰ استفاده نمایید.,0,2,train
4141,باید از لحاظ پشتیبانی زبان فارسی کاملا چک بشه.,0,2,train
6039,من یک سالی هست این پرینتر رو دارم.,0,2,train
9216,دوربین عکس خیلی خوبی داره ولی فیلمبرداریش زیاد تعریفی نداره.,0,2,train
6319,به نظر من گوشی بدی نیست.,0,2,train
3385,چیزی که در مورد گوشی‌های دارای سیستم عامل ویندوز 7 نیز مشاهده نموده بودیم.,0,2,train
945,کمپانی اسکن زی یکی از تولید کنندگان اسکنرهای دستی یکی از تولیدات خود را با نام BQS030w و در رنگ های خاکستری و قرمز به بازار معرفی کرد.,0,2,train
8855,در خصوص صحبتهای دوستانم در مورد اینکه میگن این مدل دوربین زود شارژ تموم میکنه باید بگم سیستم gps که روی این دوربین نصب شده باعث میشه که زود شارژ تموم کنه.,0,2,train
12621,من 13 تا گوشی تو این 2 سال اخیر داشتم.,0,2,train
4952,GearsOfWar .,0,2,train
9758,یعنی چیزی در حد 4.8X3.6 میلی متر.,0,2,train
5449,ولی با این حال اگر دوباره بخوام گوشی بخرم بین اس3 و فبلت بازم همین را انتخاب میکنم.,0,2,train
4259,با این مشخصات اصلی و البته کمی قابلیت بیشتر دیزایر ایکس است که دوربین جلو هم نداره و دوبرابر این قیمت داره.,0,2,train
4339,"به همین دلیل منطقی می دونم که این آیپاد فقط با حافظه های 32 و 64 گیگابایت تولید شده) باید بگم: اگه توی خونه از مودم وایرلس استفاده می کنین و اینترنت رو می تونین با آیپاد استفاده کنین، اونوقت می بینین این جمله که ""سیم کارت نمی خوره، پس چه فایده"" خیلی پیش پا افتاده ست.",0,2,train
9112,من هم کمی مخالف بعضی از نظرات هستم که دوستان این گوشی رو با گوشی های یک سیم کارت مقایسه می کنند ، دوستان که قصد مقایسه این گوشی رو با گوشی Galaxy s2 دارند باید گوشی Htc one s رو با Galaxy s2 مقایسه کنند نه با این.,0,2,train
6927,میشه گفت این نسل بعد گوشی هاست.,0,2,train
3211,با عرض ادب.,0,2,train
12837,با اتوران هر دی وی دی می‌توانید نرم‌افزارهای موجود در دی وی دی های دیگر را نیز ببینید، زمانی که در داخل اتوران جستجو می‌کنید در واقع محتویات تمام دی وی دی‌ها را جستجو می‌کند به شما می‌گوید نرم‌افزار در کدام دی وی دی است بنابراین نیازی نیست تا شما برای پیدا کردن نرم‌افزارها دی وی دی‌ها را تعویض کنید و در هر کدام به طور جداگانه جستجو نمایید.,0,2,train
2651,X-Pro1 ویژگی طراحی کلاسیک X100 را حفظ کرده است.,0,2,train
613,در ضمن درایور بلوتوثش رو نصب کردم اما بلوتوث کار نمیکنه اما باز هم تکرار میکنم واقعا ارزش خریدن داره.,0,2,train
11286,در کل کیفیت ساخت آن هم با دوربین‌های پیشین تفاوت چندانی ندارد.,0,2,train
12924,نسخه تک سیم کارته این گوشی با یک بار شارژ کامل تا 1132 ساعت (بیش از 47 روز) زمان استند بای، تا 20 ساعت مکالمه و تا 41 ساعت پخش موسیقی را میسر می سازد.,0,2,train
1650,صفحه نمایش بالاخره اپل دست از اصرار برای تولید صفحه نمایش 3.5 اینچی برداشت!,0,2,train
4928,فکر نمی کنم این کنسول نقاط ضعفی هم داشته باشه.,0,2,train
6488,منم امروز برای اولین بار از دیجی کالا خرید کردم .,0,2,train
12139,با این حال باید منتظر به بازار آمدن این دوربین برای تست نهایی آن باشیم.,0,2,train
6408,دیگر نیازی نیست که شما یک کاربر حرفه‌ای اینترنت باشید تا بتوانید سطح بالایی از امنیت را در رایانه خود ایجاد نمایید، می‌توانید این کار را به پاندا بسپارید.,0,2,train
7084,در نگاه کلی این گوشی بی شباهت به پرچم‌دار قبلی این کمپانی یعنی One X نیست.,0,2,train
11062,فقط یک سوال پیش می یاد که آیا 16 گیگا بایت واقعا کافیه یا به 32 و یا 64 نیازداریم.,0,2,train
1517,• پخش کننده رسانه - پخش فیلم با کیفیت فول اچ دی و زیرنویس فارسی دیگر نیاز نیست برای مشاهده فیلم‌های HD و Full HD الزاما از کامپیوتر و یا نوت‌بوک استفاده نمایید .,0,2,train
1592,شاید خواسته با این کار کماکان Note 10.1 را خاص نگه دارد.,0,2,train
11460,باید خدمت دوستان عزیز عرض کنم که هرکس نظر خودش را دارد و بنده به نظر شما احترام میذارم!,0,2,train
582,چنین تنوع سخت افزاری، سری ProBook 4540s را برای تمام کاربران چه سطح مبتدی و چه حرفه ای مناسب کرده است.,0,2,train
583,• باتری بسته به سخت افزار داخلی، سری 4540s با دو نوع باتری لیتیوم-یونی 6 و 9 سلولی ارائه می‌شوند.,0,2,train
4436,باشید و همین طور بی دلیل روشن نذارید باشه,0,2,train
4851,ولی ارکد با یک بورد جاسپر و هارد قابل خرید که جمعا کمتر از پولی میشه که باید به الایت بپردازیم.,0,2,train
2688,به خصوص اینکه اگر پیش از این از DSLR ها استفاده کرده باشید این موضوع را متوجه خواهید شد و این به دلیل بهره گیری این دوربین از سیستم فوکوس خودکار Contrast Detection به جای Phase Detection دوربین های DSLR است.,0,2,train
3410,از ویندوزفون خوشم میاد و مدتی هم مدل های مختلف رو بررسی کردم ولی به نظرم این مدل با این قیمت توجیه اقتصادی ندارد.,0,2,train
6310,در ضمن این گوشی هنوز مدت زیادی نیست اومده براش آپدیت اومده .,0,2,train
10400,نرم افزارGalaxy S III از سیستم عامل اندروید نسخه 4.1.1 یا JellyBean بهره می‌برد که به آخرین نسخه رابط کاربری TouchWiz مجهز شده است.,0,2,train
2017,دیگه ببینین iPhone5 چی میخواد باشه !,0,2,train
11333,سیستم نورسنجی هم همانند دوربین‌های پیشین شامل سه مود Evaluative، Partial و Spot می‌شود.,0,2,train
7432,در قسمت بالای اسکنر چند دکمه قرار گرفته اند.,0,2,train
1415,اگه منظورتون نداشتن درایو نوری هستش، اونم با یه اکسترنال حل میشه.,0,2,train
7773,من میخواستم تبلت گلکسی نوت ده بگیرم صبر میکنم تا بیاد ایران.,0,2,train
4341,آیپاد نسل چهارم، تشابه زیادی با آیفون 4 داشت و شاید بشه گفت تنها فرقش ضخامت و وزن بسیار کمتر ( 7.6 میلی متر / 100 گرم ) و از طرفی دوربین ضعیف تر ( عکس برداری VGA و فیلم برداری HD 720p ) بود.,0,2,train
6876,باید منتظر موند تا شرکت های دیگه هم گوشی های جدیدشون رو ارائه کنن و بعد یه تصمیم درست گرفت,0,2,train
10036,شاید اگر بخواهیم رقیبی برای Sleekbook نام ببریم، تنها بتوانیم به سری V5 کمپانی Acer اشاره کنیم.,0,2,train
9654,"از طرفی دیگه Galaxy S III , با اینکه از نظر کیفیت ساخت و مواد به کار گرفته شده در ساختش , خیلی قابل مقایسه با ایفون 5 نیست , اما اگر درست قضاوت کنیم , میبینیم که GS3 از بسیاری جهات بهتر از ایفون 5 هست .",0,2,train
11326,مود AV درست بر عکس TV است و اختیار تنظیم سرعت شاتر را از شما می‌گیرد تا دیافراگم اختیار اصلی شما باشد.,0,2,train
5795,۱-۲ بار خودش خاموش شد همینجوری اما به جز اون اصلا نه هنگ کرده نه چیزی دیگه.,0,2,train
5047,همچنین قرار است شرکت مایکروسافت یک درایو نوری خارجی با قابلیت پشتیبانی از فرمت HD-DVD ارایه نماید.,0,2,train
3577,• ورودی‌ها و خروجی‌ها در سمت چپ کیبورد به ترتیب، پورت مربوط به آداپتور، پورت شبکه گیگابیتی، خروجی VGA، پورت HDMI، یک پورت USB 2.0 و ورودی و خروجی صوتی قرار دارند.,0,2,train
4556,و از همه مهمتر دست هر کسی نیست!,0,2,train
3150,من نسخه اندروید 4.1.2 jelly bean رام آمریکاییش رو دانلود کردم و روش نصب کردم.,0,2,train
11972,پسر عموم اینو تازه خریده .,0,2,train
2878,این فرآیند به ایسوس کمک کرد که قطعات فلزی اضافی، مانند پیچ‌ها را به دور ریخته و از قطعات پلاستیکی سبک‌تر ولی با همان کیفیت و استحکام روش‌های قبلی، استفاده کند.,0,2,train
8593,حالا خودتان قضاوت کنید .,0,2,train
8191,از ارزان و ساده ترین مدل که شروع کنیم، یعنی نسخه ی White، این نسخه توانایی فیلم برداری 1080p Full HD در سرعت 30 فریم بر ثانیه، 960p با سرعت 30 فریم بر ثانیه، 720p HD با سرعت 60 فریم بر ثانیه و WVGA با سرعت 60 فریم بر ثانیه را دارد.,0,2,train
12686,حافظه 8 گیگابایتی همراه گوشی برنامه های نصب شده روی گوشی از جمله برنامه ی آفیس با قابلیت ادیت داکیومنتها.,0,2,train
5035,ضمنا، واحد پردازش گرافیکی و پردازنده‌ی مرکزی در این کنسول، با پهنای باند ۲۱٫۶ گیگابایت در ثانیه، با یک‌دیگر ارتباط دارند که در این ارتباط روی لبه‌ی صعودی و نزولی سیگنال، ۱۰٫۸ گیگابایت اطلاعات در ثانیه تبادل می‌شود.,0,2,train
579,از لحاظ پردازشگر گرافیکی، سری 4540s به دو بخش تقسیم می‌شوند.,0,2,train
3448,چاپگر تکنولوژی چاپگر این دستگاه از نوع جوهرافشان بوده و قابلیت چاپ رنگی و سیاه و سفید را دارد.,0,2,train
163,Sony امیدوار است با این کار، شکوه و عظمت خود را در بازار گوشی های تلفن همراه که طی سال های اخیر با روی کار آمدن رقبای سرسخت، کمرنگ شده بود را با تولید نسل جدیدی از گوشی های تلفن همراه باریک ، سبک ، زیبا و قدرتمنده، دوباره بازیابد.,0,2,train
4044,اضافه شده اند.,0,2,train
2155,ایا دو برابر کیفیت صفحه داره؟,0,2,train
11370,اگر بخواهیم دوربین‌های DSLR کانن را دسته بندی کنیم نخست به دوربین‌های سری Rebel که ارزان قیمت‌تر و کوچک‌تر هستند بر می‌خوریم.,0,2,train
12246,این دوربین مجهز به پورت USB 2.0 و HDMI است که بوسیله‌ی دومی می‌توان دوربین را به HDTV متصل کرد.,0,2,train
12073,از لحاظ کیفیت حرف نداره ولی از لحاظ گرافیکی با دیگر رقبا یکم عقبه ..,0,2,train
11626,با سلام من این موبایل رو یک ساله که دارم .,0,2,train
3753,فقط چون گرافیکش دو بعدیه، یه جاهایی کم میاره که اونم زیاد محسوس نیست.,0,2,train
12104,بایگانی فیلم ها، توسط یک Share Station DVD انجام می گیرد که با فشار دکمه ی Direct DVD روی دوربین، فیلم ها از دوربین به روی DVD رایتر یا کامپیوتر منتقل می شود تا روی DVD ذخیره گردد.,0,2,train
2833,البته که هست .,0,2,train
4719,((نظر من درمورد این گوشی))نقاط قوت1.,0,2,train
2601,سلام من هم به پیشنهاد یکی از دوستام این دوربین رو خریداری کردم.,0,2,train
10043,البته با توجه به ضخامت بسیار کم و قیمت نسبتا پایین Sleekbook، انتظار زیادی نیز از کیفیت بدنه آن نداشتیم.,0,2,train
12029,امیدوارم کمکی کرده باشم .,0,2,train
3373,در سمت چپ گوشی هیچ شیاری قرار ندارد، اما در سمت مقابل یعنی سمت راست آن، شکاف میکرو سیم کارت، کلید کنترل صدا و کلید شاتر دوربین تعبیه شده‌اند.,0,2,train
1672,در تست BrowserMark که مربوط به سرعت مرورگر می‌شود نیز آیفون در صدر قرار گرفت و Galaxy S III و One X با اختلاف در رده های بعدی ایستادند.,0,2,train
9663,SONY.,0,2,train
6693,رزولوشن آن‌ها نیز 1.9 مگاپیکسل است.,0,2,train
10539,همچنین بر روی این گوشی 4 گیگابایت حافظه داخلی وجود دارد که فقط 2 گیگابایت از آن برای کاربر قابل استفاده است، اما خوشبختانه به لطف پشتیبانی این گوشی از کارت حافظه جانبی microSD، می‌توان تا 32 گیگابایت دیگر به آن افزود.,0,2,train
924,البته همچنان رد کردن عکس ها در Playback مقداری Laggy است.,0,2,train
11550,دوربین نیست.,0,2,train
10474,البته اگه گوشی‌های موجود در بازار رو به عنوان گوشی «ایرانی» قبول داشته باشیم!,0,2,train
2074,وقتی که شما فکرتون به سمت آیفون نرفته و یا حتی اون رو لمس نکردید و با اون کار نکردید، اندروید دنیای جدیدی را به شما نشان میدهد.,0,2,train
3282,سامسونگ همراه با لپ‌تاپ‌های سری3، یک باتری 6 سلولی ارائه کرده است.,0,2,train
8402,کمینه ی نسبت کانونی آن نیز هرچند که بیشتر از SX40 HS است ولی در حد f/3.4-6.5 می باشد.,0,2,train
769,اگر می خواین بازی کنید کنسول بخرید یا لپ تاپ سری گیم یا یه سیستم گیمینگ ببندید !,0,2,train
9370,فقط دکمه های سخت افزاریش.,0,2,train
4450,من الان 1سال که این تلوزیون رو دارم.,0,2,train
482,البته نه فقط در بین گوشی های ارزون قیمت ویندوز فون، که بین تمام سیستم عامل های موجود.,0,2,train
10168,4_ کیفیت ساخت و تراکم پیکسلی متوسط صفحه نمایش.,0,2,train
6131,ممکن است برخی گیمرها، PS3 Sony را برترین کنسول بازی بدانند و برخی دیگر Nintendo Wii یا Xbox 360 را.,0,2,train
5856,هرچی باشه اخرش samsung galaxy sII هستش و سرعتش 1.2 هست.,0,2,train
6862,از لحاض ابعاد.,0,2,train
10037,تمام قسمت های Sleekbook به جز قسمت زیرین دستگاه، دارای روکش براق می باشند.,0,2,train
2401,اما پس از خود گوشی نوبت به داک تبلت آن می‌رسد که همراه با گوشی عرضه می‌شود.,0,2,train
585,مسلما این میزان شارژدهی با مصارف روزانه بسیار کمتر خواهد بود.,0,2,train
7628,از دیگر قابلیت‌های این دوربین می‌توان به لرزشگیر دست، قابلیت تشخیص چهره و قابلیت ثبت موقعیت مکانی و زمانی عکس‌ها اشاره کرد.,0,2,train
5193,این در حالی است که قسمت استراحت مچ نیز از فلز برس شده، یا همان فلز خش‌دار ساخته شده است.,0,2,train
10536,با اینکه در حین کار کردن با منو ها و تصاویر پس زمینه متحرک، گهگاه مکث‌های کمی هم به چشم می‌خورد، اما با وجود سیستم عامل به روز این گوشی، امکان نصب و استفاده از هزاران برنامه موجود برای اندروید بر روی این گوشی وجود دارد.,0,2,train
2776,میدهد.,0,2,train
7083,طراحی و ساختاز نظر طراحی این گوشی می‌توان گفت که HTC در ساخت آن به طراحی‌های قبلی خود تا حدود زیادی وفادار مانده است.,0,2,train
7020,ولی درباره چیپ ست نمیدونم که Exynos قوی تره یا S4 ولی میدونم Intel از هردو بالا تره.,0,2,train
7870,این پردازنده، همانند اکثر پردازنده های ساخت کمپانی Intel، به تکنولوژی انحصاری Hyper Threading نیز مجهز می‌باشد که به کمک آن می‌تواند یک هسته مجازی دیگر تولید کرده و به صورت دو هسته ای عمل کند.,0,2,train
6834,در اکثر گوشی های HTC که دارای باتری اینترنال هستند، برای قطع اتصال لحظه ای ولتاژ ورودی از پاور، یا اصطلاحا ریست کردن، کافیست دکمه های تنظیم صدا + دکمه پاور را برای لحظاتی نگه دارید.,0,2,train
5200,همانطور که گفتیم، N43SM مجهز به پردازنده‌ها‌ی نسل دوم Corei شرکت اینتل، مشهور به Sandy Bridge ساخته شده است.,0,2,train
12584,سلام بر دوستان عزیز .,0,2,train
3092,من با هر دو امتحاد کردم و ایپد بهتر است مخصوصا وقتی در جایی با نور کم عکس می گیرید اختلاف کاملا مشخص استو در فیلم برداری واقعا ایپد کیفیت بهتری داره کیفیت صفحه:کیفیت صفحه ی ایپد فوق العاده است.,0,2,train
7657,هم از روی ال جی کپی میکنن و دوربین 13 و رم 2048 میدن بیرون,0,2,train
2701,اما پس از اینکه عکاسی پیاپی را برای تعداد زیادی عکس انجام دادید مدت نسبتا زیادی دوربین قفل می شود تا عکس ها بر روی کارت حافظه ذخیره شوند.,0,2,train
9972,ولی همه چیز بنچ مارک نیست.,0,2,train
4986,یا علی .,0,2,train
12067,از دیگر امکانات آن می‌توان به USB 2.0، مبدل AV و S-Video اشاره کرد.,0,2,train
7448,من این دوربین رو میخواستم بخرم.,0,2,train
3898,یک دکمه‌ی Rec برای شروع و قطع ضبط ویدیویی در پشت دوربین وجود دارد که در هر مودی که باشید می‌توانید فیلم برداری را شروع و یا خاتمه دهید.,0,2,train
478,نوکیا داره برمیگرده.,0,2,train
1189,ابعاد آن نیز 177×273 میلی متر است که به تنهایی 595 گرم نیز وزن دارد.,0,2,train
4183,معایب!,0,2,train
667,واقعا یک لپ تاپ از هر جهت کامل فقط تنها مشکلش عدم وجود بک لایت بود که خوب شاید اگر بک لایت قرار میدادند دیگر باتری 7 ساعته نداشت!,0,2,train
12396,از رقبای اصلی این دوربین می‌توان به Canon Ixus 220 HS، Casio EX-H15، Fujifilm Finepix F300 EXR، Nikon Coolpix S8100، Olympus Mju 9010، Samsung WB650 و Sony Cybershot HX5 اشاره کرد.,0,2,train
10097,خود درب هم از دو قسمت تشکیل شده که یکی قسمت بالا روشن تر است و دیگری پنل پایینی که خاکستری می باشد.,0,2,train
5466,4- کیبوردش زیاد راه دست نیست، و تایپ باهاش سخته و با نصب یه کیبورد بهتر، خیلی بهتر میشه.,0,2,train
2907,به محض اینکه محاسبات سنگین‌تر (مثال اجرای بازی‌های سنگین) انجام شوند، Infinity به پردازنده چهار هسته ای سوئیچ خواهد کرد.,0,2,train
2211,از نظر طراحی، این گوشی کاملا شبیه به مدل پیشین خود می‌باشد.,0,2,train
9884,از لحاظ مقاومت وقتی شما به گوشی مثل sIII یاone x نگاه میکنید کل جلو گوشی را صفحه ای به ابعاد 4.7 یا 4.8 اینچ اشغال کرده و همچنین با ضخامتی کمتر از 1 سانت.,0,2,train
11153,شما نیز می توانید با استفاده از قابلیت تندرستی - Fitness ورزش کرده و برنامه تمرینات خود را مدیریت کنید.,0,2,train
9181,من 10روزه این دوربین رو خریدم.,0,2,train
10260,من این گوشی رو دیروز خریدم.,0,2,train
5536,زیر کابین گوشی کابین دوم شامل 3 عدد لیبل NFC مخصوص محل کار ، اتومبیل و منزل + هد ست + شارژر و کابل USB + سوزن مخصوص برای اسلات سیم کارت قرار گرفته.,0,2,train
10268,بهتون پیشنهاد میکنم اگه گوشی میخواهید ازاینجابخرید بدون گارانتی هم که باشه اگه روتش کنی گارانتیش میپره جدا ازاین بحث هاپولی که میدید مطمئن خرید میکنید چون ۴۸ ساعت فرصت تست دارید,0,2,train
9052,در کل مقداری هم دستگیره بزرگ شده است.,0,2,train
5123,بازی های این دستگاه بر روی DVD 9 می باشد و به همین دلیل بازی های کپی آن بر خلاف PS3 موجود می باشد.,0,2,train
11668,گفتن مشکلش نرم افزاریه و از اینجور حرفا.,0,2,train
3030,نیز دیگر تبلت های چهار هسته ای هستند که همه آنان به غیر از galaxy note 10.1 از پردازنده tegra3 بهره مند هستند.,0,2,train
4471,البته به جز موقعی که از عکس پس زمینه متحرک استفاده کردیم که کاهش سرعت در آن حالت طبیعیست.,0,2,train
10635,دوستی که میگی دوربینش بعد از آپدیت 12 مگا شده 12 مگا رو حالت HDR هست، بذار رو حالت نرمال میشه 13 لطفا اول مطمئن شو بعد به دیگران توصیه کن که آپدیت نکنن,0,2,train
12272,در انتخاب مموری دقت کنید.,0,2,train
9433,در سمت راست بدنه گوشی، کلید پاور و کلید تنظیم صدا قرار گرفته است.,0,2,train
591,ممنون از دیجی کالا از اطلاع رسانی خوبش.,0,2,train
2040,اصل و بنای طراحی‌اپل روی راحت‌ترین و ساده‌ترین شکل ممکن است.,0,2,train
12436,نکته نگران کننده در مورد xperia v مشکل مرگ ناگهانی در بعضی از آنهاست که این مشکل با ارائه به روز رسانی توسط شرکت سونی قابل حله.,0,2,train
1708,از اضافه شدن قابلیت پانوراما به دوربین تا امکان تعیین زنگ هشدار SMS برای هر کدام از مخاطب‌ها.,0,2,train
11100,البته تراکم پیکسلی آن در مقایسه با تبلت های برتر دنیا مقداری پایین‌تر است، اما در تبلت ها که اکثر افراد از فاصله دور به آن نگاه می‌کنند، تراکم پیکسلی پایین چندان نگران کننده نیست و به چشم نمی‌آید.,0,2,train
6923,حداقل 2500MA.,0,2,train
1351,وزن دستگاه نیز تنها 2 کیلوگرم است.,0,2,train
5211,این نوت‌بوک از نمایشگر 14.1 اینچی LED با رزولوشن 768 × 1366 پیکسل و نسبت تصویر 16:9 بهره می‌برد.,0,2,train
9014,با HDMI می‌توانید دوربین را به تلوزیون‌های HDTV متصل نموده و فیلم‌های گرفته شده را با کیفیت HD و یا Full HD تماشا نمایید.,0,2,train
2204,یه چیز دیگه هم این که اگر تو همین سایت دقت کرده باشید هر گوشی که شما به نقد ها و نظرات نگاه میکنید همه ی بالا پایینش(کجاش داغ میشه - باتریش چجوره - بدنش تو دست چه حسی رو منتقل میکنه و.,0,2,train
6540,بر روی این صفحه نمایش نیز محافظ Corning Gorilla Glass وجود دارد که وظیفه مراقبت از صفحه نمایش در برابر خش را بر عهده دارد.,0,2,train
3535,برای مثال دو حالت عکاسی HDR و Burst shot به حالت‌های عکاسی اضافه شده‌اند.,0,2,train
2292,در زمینه اسمارت فون نیاز به بلوغ دارن.,0,2,train
12153,تازه به نظر ما G5 DSLR تر است!,0,2,train
6968,اگه بیاد حتما میخرم!,0,2,train
5527,اینو باید با نوت1 مقایسش کرد.,0,2,train
677,پس محصول بد نمیسازد .,0,2,train
4321,فقط در یک جمله میتونم بگم.,0,2,train
517,من منتظرم نوکیا خلاقیت خود را بروز دهد و خودم یکی از خریداران آن باشم.,0,2,train
3603,این باتری توانست در سنگین‌ترین تست (حداکثر مصرف پردازنده + حداکثر روشنایی صفحه نمایش) یک ساعت و 10 دقیقه شارژ دهی کند.,0,2,train
4463,در پشت گوشی دوربین 8 مگا پیکسلی با سنسور Exmor R به همراه فلاش LED قرار دارند.,0,2,train
11360,با استفاده از ویژگی Video Snapshot می‌توان از به هم چسباندن کلیپ‌های 2، 4 یا 8 ثانیه‌ای فیلم‌های بلندتر ساخت.,0,2,train
2662,این لنزها با فاکترو 1.6 برابر به ترتیب فواصل کانونی معادل 28، 50 و 90 میلی متر را ارایه می‌دهند.,0,2,train
2279,حرف آخر اینکه موقعیتش پیش بیاد خریدمش.,0,2,train
4525,من 2 ماهی میشه که ray دارم.,0,2,train
5113,سوال: آیا XBOX360 قادر به اجرای بازی‌های نسخه قبلی XBOX می‌باشد؟,0,2,train
5659,در بالای تبلت کلید پاور، کلیدهای کم و زیاد کردن صدا، جک هدفون و شیارmicro SD قرار دارند.,0,2,train
9220,بدنه جالبی نداره ولی امکان فیلمبرداریش در حد خیلی خوبه.,0,2,train
2081,شاید با خودتون میگید که تمام برنامه ها رو اندروید هم داره اما من میگم همیشه چیزی که مختص به یک وسیله است، قائدتا امکانات خاصی داره که شاید محصولات دیگه ندارن.,0,2,train
11670,عیب بزرگ دیگه ای نداره و بقیه خیلی کوچیکن.,0,2,train
9768,به هر صورت از دوربینی در این رده‌ی قیمتی انتظار بیش از این هم نداریم.,0,2,train
3518,همانند Siri، از برنامه S Voice نیز می‌توانید برای انجام کلیه کارهای روزمره (مانند تنظیم کردن ساعت، چک کردن وضعیت آب و هوا، جستجوی مکان و غیره) استفاده کنید.,0,2,train
1641,در بالای گوشی کلید پاور و در قسمت پایینی گوشی نیز جک 3.5 میلی متری هدفون و درگاه جدید رعد(Lightning) قرار گرفته‌اند.,0,2,train
12114,از سایر تجهیزات این دوربین، می توان به خروجی USB، خروجی تلویزیون، میکروفون، بلندگو، کارت حافظه ی Micro SDو باتری یون لیتیوم استاندارد اشاره کرد.,0,2,train
5710,آدیو جک 3.5 میلی متری نیز در لبه‌ی بالا و پورت micro USB در لبه‌ی پایینی گوشی جایگذاری شده اند.,0,2,train
3400,جمع بندی بعد از تصمیم نوکیا برای استفاده از سیستم عامل ویندوز 8 بر روی گوشی‌های خود مانند لومیا 820 و لومیا 920، همینک HTC نیز با معرفی 8X و 8S به بازار، دو مدعی جدید را برای گوشی‌های ویندوزی ارائه نمود تا کار را برای نوکیا که ویندوز 8 را راه احیای خود میدانست سخت‌تر نماید.,0,2,train
804,دوربین دوربین 8 مگاپیکسلی این گوشی قادر است عکس‌هایی با رزولوشن 3264×2448 را ثبت نماید و همچنین می‌تواند با کیفیت 480p و با سرعت 30 فریم بر ثانیه فیلم برداری کند.,0,2,train
2172,طوفان ؟,0,2,train
11329,این دوربین از سیستم فوکوس خودکار 9 نقطه‌ای بهره می‌برد.,0,2,train
4503,یه جورایی میشه گفت xprie arc s کوچیکه.,0,2,train
1921,توی یک فروشگاه موبایلی باهاش کامل کار کردم!,0,2,train
3304,هنگام خرید این لنز با کیت لنز E18-200mm F3.5-6.3 OSS به فروش می رسد.,0,2,train
10525,ضمنا، این گوشی در رنگ‌های مشکی و طلایی تولید گردیده است.,0,2,train
4656,همه از سفیدش خوششون اومد.,0,2,train
10372,طراحی شده برای جلوگیری از گم شدن درپوشآیا تاکنون درپوش USB خود را گم کرده اید یا زمان زیادی را صرف نگرانی در مورد گم کردن آن کرده اید؟,0,2,train
5030,۸٫ قدرت پردازش ۲۴ میلیارد نقطه در ثانیه توسط پردازنده‌ی گرافیکی (در صورت فعالیت هم‌زمان پردازنده‌ی گرافیکی و CPU، کنسول XBOX 360 قادر به پردازش ۳۳٫۶ میلیارد نقطه در ثانیه است.,0,2,train
489,اولین مشکلی که شاید با اون مواجه بشید باز شدن مشکل پشت گوشی برای قرار دادن میکرو سیم کارته که با کمی حوصله این موضوع حل میشه.,0,2,train
5949,مودهای عکاسی مختلفی بر روی این دوربین قرار گرفته اند.,0,2,train
10438,انرژی این دوربین از طریق باتری لیتیوم-یونی NP-85 تامین می‌شود که در هر بار شارژ کامل توانایی پشتیبانی برای گرفتن تا 300 عکس را دارد.,0,2,train
4839,افراد بازی مثل یه واقعیته زنده ی زنده.,0,2,train
4859,"man khodam shakhsan taraf dare PS3 hastam va khaham bood, chon khodam ye gamer e pro hastam  vali jaye goftan dare ke begam X360 dar iran be sarfe tare az hame nazar va ehtemalan khodam ham ye consol e X360 khaham gereft",0,2,train
4351,دقیقا همون جنسی که آیفون 5 داره.,0,2,train
6435,امروز به دستم رسیده و دارم تست می کنم.,0,2,train
12477,در سمت راست گوشی کلید کنترل صدا به همراه کلید پاور قرار دارند.,0,2,train
10794,صدا نیز به صورت استریو ضبط می شود.,0,2,train
10591,در پایین کلید Space، تاچ پد دستگاه قرار دارد که دارای سطحی دانه دانه است.,0,2,train
8034,البته این را هم بگوییم که عکاسی پیاپی 10 فریم بر ثانیه این دوربین می‌تواند فقط تا سقف 8 عکس صورت بگیرد.,0,2,train
7560,ولی اگه دوربین براتون خیلی مهمه خوب میتونید با این پول xperia sl بخرید.,0,2,train
1855,دوم اینکه اینجا به دلیل نبود اینترنت و تحریم‌ها و.,0,2,train
9207,بسم الله.,0,2,train
5697,اگر هم بگید راه اندازی و نرم افزارشو نمی خواین اونوقت بهتون نمی فروشن پس گول قیمتهای کم بازار رو نخورید),0,2,train
3006,وزنشون خیلی فرقی نداره (2 گرم اینفینتی سبک تره )در مورد دوربین حرفی ندارم چون هر دو برای من یکی هستند، به نظره من کسی برای دوربین نمیره تبلت بخره !,0,2,train
4284,اما در پایین قاب پشتی، یک دایره‌ی برجسته از جنس کروم وجود دارد که وظیفه اتصال دستگاه به بند مچی را بر عهده دارد.,0,2,train
9327,بشکه ی لنز آن به دلیل لنز غول پیکری که درون آن قرار گرفته همواره بیرون زده است.,0,2,train
1162,ای کاش تکنولوژیش چند سالی زودتر وارد بازار می شد.,0,2,train
11330,چنین ویژگی‌هایی بر روی این دوربین و همچنین مدل‌های پیشین کاملا عادی هستند به خصوص بیشتر شبیه به دوربین‌هایی چون 550D، 500D و 450D و نیازی به توضیح بیشتر ندارند.,0,2,train
8970,در قسمت بالا و سمت راست لنز هم یک قسمت کوچک برای فعال کردن دستی فلاش Pgr-Up وجود دارد که باید با ناخن انگشت با آن کار کرد.,0,2,train
10508,بنظر من اگه دوربین مکالمه تصویری داشت خیلی خوب میشد چون سونی با این همه قدرتی که توی بازارهای جهانی بدست آورده راحت میتونه تا چند سال دیگه تمامی قدرت فروش گوشی های پیشرفته رو تو سطح دنیا به چنگ بیاره.,0,2,train
8853,کیفیت این دو مدل در مقایسه باهم واقعا متفاوته.,0,2,train
9886,حال با این وجود کدامیک باید مقاومت بیشتری در برابر ضربه داشته باشند؟,0,2,train
7595,این ابعاد بسیار نزدیک به ابعاد گوشی موفق گلکسی اس می‌باشد که نسبت به گلکسی اس 3 حدود 1.5 سانتیمتر در طول و 7 میلی متر در عرض کوچک‌تر شده و همچنین وزن 111 گرمی آن نیز نسبت به گلکسی اس 3 حدودا 20 گرم سبک‌تر شده است.,0,2,train
2271,این رقابت کمپانی ها چه کارا که نمی کنه.,0,2,train
11919,من با این دستگاه تو نمایشگاه کار کردم.,0,2,train
8238,من این رو برای مادرم خریدم .,0,2,train
6933,البته شک نکنید که در ماه های آینده شاهد گوشی های مشابه از برند های دیگه خواهیم بود.,0,2,train
2761,باتری باتری استفاده شده در این تبلت یک باتری لیتیوم پلیمری 3170 میلی آمپر ساعتی است.,0,2,train
1414,آقای فرجی سیستم عامل مک اجازه ی نصب ویندوز رو به کاربرا میده.,0,2,train
87,این فیلم برداری می‌تواند با سرعت 30 فریم انجام شود و امکان استفاده از زوم کامل اپتیکال و ضبط صدای استریو نیز با آن وجود دارد.,0,2,train
134,این دو دوربین از نوع نشانه و عکس یا Point to Shoot می باشند.,0,2,train
5572,این در حالیست که Tipo گوشه های گردتری دارد.,0,2,train
4964,گیرنده مادون قرمز برای ریموت و دو پورت برای مموری وجود دارد.,0,2,train
11151,با قابلیت داستان خانواده - Family Story می توانید عکس ها، پیام ها و رویدادهای ویژه را با عزیزان خود به اشتراک بگذارید.,0,2,train
9235,اکنون دیگر در کنار دکمه ی ISO دکمه ی DISP وجود ندارد و گویی کانن از گذاشتن آن بر روی 600D پشیمان شده است چرا که پیش از آن هم این دکمه در آن قسمت وجود نداشت.,0,2,train
10816,• نرم افزارنسل پنجم iPod Touch از آخرین و جدیدترین نسخه سیستم عامل iOS یعنی iOS 6 استفاده می‌کند.,0,2,train
13043,همون آیفونه بدون جای سیمکارت,0,2,train
8135,نمیدونم.,0,2,train
633,2ماه میشه که این لپ تاپ رو خریدم.,0,2,train
1177,در سمت چپ گوشی، درگاه micro-USB و micro-HDMI قرار دارند.,0,2,train
12002,تازه خریدم.,0,2,train
10449,دیگه رایتل داره میاد,0,2,train
8531,- سرعت شاتر از 1/2000 تا 4 ثانیه - در مورد کارت حافظه به غیر از موارد ذکر شده یعنی SD/SDHC ، کارت های حافظه SDXC را نیز ساپورت می کند.,0,2,train
9262,پیش از این پردازشگر DIGIC 4 بر روی سه نسل یعنی دوربین های 500D، 550D و 600D استفاده شده بود.,0,2,train
4714,همینطور کیفیت ویدیو های ضبط شده با بلک اصلا قابل مقایسه با HD های بازار نیست و خیلی پایینه.,0,2,train
9269,البته این فقط در مود JPEG کار می کند.,0,2,train
10547,از دیگر راه های ارتباطی این گوشی، می‌توان به بلوتوث و DLNA اشاره کرد.,0,2,train
4612,- دارای سنسور های مجاورت و شتاب سنج - دارای رادیو با موج FM- دارای پورتMicroUSBبا قابلیت شارژ گوشی و بلوتوث V2.1- قابلیت شماره گیری صوتی - پشتیبانی ازAdobe Flash 10.2نکات منفی:- زاویه ی دید کم از طرفین- تعبیه نشدن پورت HDMI- اندکی صدایش ضعیف است,0,2,train
12241,حساسیت سنسور یا ISO این دوربین از 100 تا 6400 می‌باشد که البته در 6400 با رزولوشن 3 مگاپیکسل عکاسی می‌کند.,0,2,train
12274,اینو پس از عکاسی و بررسی و زوم کردن تصویر در داخل کامپیوتر متوجه خواهید شد.,0,2,train
8512,البته قبل تر گفته بودیم که مجموع سه سنسور تصویر توانایی ارئه رزولوشن حدود 8 مگاپیکسل را دارند، ولی به هر صورت بوسیله‌ی فرایند داخلی که در دوربین صورت می‌گیرد، این عکس به یک عکس 14 مگاپیکسلی تبدیل می‌شود.,0,2,train
5359,من مدتی پیش این تبلت رو خریدم.,0,2,train
415,نام دیگه این دوربین IXY هست که مخصوص فروش در ژاپن هست .,0,2,train
2659,در حقیقت طبق ادعای فوجی فیلم، توانایی نمایش جزئیات رنگی این سنسور و کیفیت آن چیزی در حد سنسور تصویر 21 مگاپیکسلی دوربین فول فریم Canon 5D Mark II است!,0,2,train
3076,شما مشکلات عدم اجرای بازیها و مسائلی همچون دیتا را در تبلت های IPAD ندارید.,0,2,train
9712,حالا میفهمم چرا اس 3 سامسونگ تو ماه گذشته تو امریکا بیشترین فروش رو داشته .,0,2,train
1786,منظورم IOS هست !,0,2,train
3744,تفاوت قیمتشون فقط 70 هزار تومانه.,0,2,train
3923,این دوربین انتخاب کردم.,0,2,train
7650,هر هسته پردازشگر این تلفن می‌تونه تا سرعت 1.5GHz بالا بره و جالب اینجاست که خود شما می‌تونید به صورت دستی یک جفت از هسته‌ها رو غیر فعال کنید تا باطری بیشتری داشته باشید.,0,2,train
13061,در قسمت لبه ی پایینی دستگاه یک universal dock connector و یک Audio Jack 3.5 میلیمتری مشاهده می شود که بر خلاف iPhone قابلیت پذیرش هر نوع هدفون با فیش 3.5 میلیمتری را دارد.,0,2,train
6122,همچنین این کنسول در پک های مختلفی به بازار عرضه می شود که برخی از آنها بازی اورجینال رایگان هم در خود دارند.,0,2,train
12577,پس از این مدت خود به خود خاموش شد.,0,2,train
9153,HTC Desire V دو سیم کارته است و امکان استفاده از هر دو سیم کارت آن به طور همزمان فعال وجود دارد.,0,2,train
7138,در ضمن، افکت‌ها و مود های بسیاری در دسترس کاربر قرار دارد که بتواند بر طبق نظر خود از آن‌ها استفاده نموده عکس‌های متفاوتی را ثبت نماید.,0,2,train
11739,آندروید جینجربرد روش خوب کار میکنه اما وقتی تبدیلش کنید با آندروید 4 یه کوچولو مصرف باتری رو بالا میبره.,0,2,train
1467,به هر صورت همانطور که گفتیم، A3400 IS دوربین با نمایشگر لمسی سری A سال 2012 کانن محسوب می‌شود.,0,2,train
3220,بعد از خرید میتونید نسخه اندرویدشو ارتقاء بدید قبل از این کار باطری تبلتتون کامل باشه چون کمی طول میکشه تا دانلود کنه و بعد نصب کنه هر دفعه خاموش روشن کردن تبلت سه درصد از شارژ باطری کم میشه.,0,2,train
8073,از دی جی کالا سفارش دادم منتظرم به دستم برسه.,0,2,train
4725,نمی دونم دیگه از یه گوشی چی می خواید.,0,2,train
3878,اما هرچند که رزولوشن سنسور تصویر مقداری بالاتر است، ولی HX200v لنزی کاملا مشابه با لنز HX100v دارد.,0,2,train
2089,") این همه شرکت بالا خره بعد از 6 سال تونستن درصد فروش android رو بیشتر از ios کنن و این در حالی است که اگه بخایم درصد فروش تک تک کامپانی ها رو حساب کنیم در برابر شرکت Apple هیچن .3.شرکت Apple فقط یک استانداردی برای گوشی هایش داشت حالت مستطیلی با صفحه ی 3.5"" یا 4"" با یک دکمه ی گرد پایین صفحه نمایش که در دست واقعا راحت بود .",0,2,train
7618,نوار Notification تغییر زیادی نداشته است.,0,2,train
2278,سی پی یو 1.7gh که دیگه سامسونگ و اپل رو از رقابت خارج میکنه.,0,2,train
10974,حتما می دونید که دستگاه های آندروید روی 4.1 سرعت بیشتری دارند نسبت به 4 .,0,2,train
13054,ولی وقتی با دقت بیشتری نگاه کنید متوجه می شوید که با دستگاه کاملا متفاوتی روبرو هستید.,0,2,train
6247,من حدود 2 ماه در شک و تردید خرید این گوشی بودم و آخرش خریدم.,0,2,train
6639,پس از پر شدن ظرفیت حافظه‌ی داخلی می‌توانید بر روی کارت حافظه‌ی SD/SDHC/SDXC فیلم برداری را ادامه دهید.,0,2,train
10666,ولی این تصحیح خیلی مانند قیمتش به چشم نمیاد و تفاوت چندانی با هم نمی کنن فقط مدل TX از مدل T سبک تره اونم به علت کاهش وزن باطریشه که باعث کاهش زمان مکالمه ، زمان انتظار و ظرفیت باتری شده ولی پیشنهاد من به کسایی که میخوان یکی از این دو مدل رو بخرن خریدن مدلT هست که مقرون به صرفه تره.,0,2,train
4019,تفاوت چندانی با HX100v نداره.,0,2,train
2675,همچنین عکس‌ها و فیلم‌ها بر روی کارت حافظه‌ی SD/SDHC/SDXC ذخیره می‌شوند و باتری لیتیوم-یونی آن نیز در هر بار شارژ کامل توانایی پشتیبانی برای گرفتن تا 300 عکس را دارد.,0,2,train
8713,با سلام و خسته نباشید.,0,2,train
11373,سری دو رقمی مثل 60D، 50D، 40D و حتی 7D سری Prosumer یا نیمه حرفه‌ای هستند که جثه ی بزرگتر و فن‌آوری‌های پیشرفته‌ای دارند ولی در کل از همان سنسورهای APS-C با کراپ فاکتور 1.6X استفاده می‌کنند.,0,2,train
2905,این هسته کم مصرف زمانی فعال می‌شود که Infinity در حال انجام کارهای سبک مثل تماشای ویدئوهای Full HD یا مرورگری اینترنت باشد.,0,2,train
10161,من چند ماهی میشه این گوشی رو خریدم.,0,2,train
9551,حال با گالکسی S3 مقایسه شود که پردازنده ۱۴۰۰ مگاهرتز و ۴ هسته ای با تکنولوژی آرم A9 است می توان مقایسه دقیق تر از قدرت پردازش این دو داد.,0,2,train
3341,۵ برابر بزرگ تر از سنسورهایی است که در دوربین های فیلم برداری معمول به کار رفته است.,0,2,train
1048,دست کم می‌توانست از ویژگی Tap Control دوربین‌های المپوس بهره ببرد تا با زدن ضربه به دوربین می‌توانستیم بعضی عملکردهای آن را کنترل کنیم.,0,2,train
7484,هرچند که در این دوربین می‌توانید نور دهی و تراز سفیدی را تنظیم کنید، ولی اصولا برای این طراحی شده که آن را در مود کاملا اتوماتیک یا Full Auto استفاده نمایید.,0,2,train
636,من یک هفته پیش این لپ تاپ رو خریدم .,0,2,train
3670,مشخصه‌Partial Delete به شما امکان می‌دهد قسمتی از یک فایل ویدیویی را به صورت یک فایل جدید ذخیره کنید.,0,2,train
5870,امکانات و زیباییش حرف نداره ولی بدنش خیلی ضعیفه.,0,2,train
12010,تازه خریدمش.,0,2,train
7734,من از همه نظر تستش کردم.,0,2,train
812,پس اگر شما هم به دنبال یک تلفن همراه دو سیم کارته هوشمند هستید، HTC Desire SV را نیز جزو گزینه های خود قرار دهید.,0,2,train
10875,ممنون از همه,0,2,train
11871,بدین طریق کافی است هر برنامه از بین هزاران برنامه و نرم‌افزار را که خواستید مستقیما برای گوشی خود دانلود کنید.,0,2,train
7784,در قسمت زیرین صفحه نمایش مانند تمامی محصولات ساخت اپل، کلید کاربردی Home به چشم می‌خورد و در بالای صفحه نمایش نیز دوربین 1.2 مگاپیکسلی مکالمات تصویری قرار دارد.,0,2,train
7098,در سمت راست بدنه کلید کنترل صدا به چشم می‌خورد.,0,2,train
3451,درست است که چاپگرهای جوهرافشان سرعت چاپ چندان بالایی به نسبت چاپگرهای لیزری ندارند ولی Pixma MX374 در بین پرینترهای جوهرافشان سرعت به نسبت متوسطی دارد.,0,2,train
5074,البته Region-Free همواره به معنی اجرا روی تمامی ریجن‌ها نیست و امکان دارد که بازی‌ای Region-Free باشد ولی فقط روی کنسول‌های PAL و NTSC-J اجرا شود و روی NTSC-UC اجرا نشود.,0,2,train
9790,ضمنا من این دوربین را از این سایت تهیه کرده ام.,0,2,train
933,چشمی الکترونیکی این دوربین رزولوشن 800X400 پیکسل را ارائه می دهد و از نوع OLED می باشد.,0,2,train
7801,آیا گفتن همین یک نام برای نشان دادن قدرت نرم افزاری آیپد مینی کافی نیست؟,0,2,train
8552,یک ماهی هست این گوشی رو خریدم.,0,2,train
1678,در مورد ظرفیت آیفون جدید نیز باید بگوییم که اپل مدل جدید خود را در سه ظرفیت 16، 32 و 64 گیگابایت تولید نموده است و همانند محصولات قبلی این کمپانی، آیفون 5 نیز از کارت حافظه جانبی پشتیبانی نمی‌کند و کاربر باید بنا بر نیاز خود یکی از این سه مدل را انتخاب نماید.,0,2,train
4281,نسل پنجم iPod Touch در پنج رنگ مشکی، نقره ای، صورتی، زرد و آبی عرضه شده است.,0,2,train
8418,در حالی که بر روی مدل های متوالی این سری دوربین ها از نمایشگرهای 2.7 اینچی 230000 نقطه ای استفاده می شد، این بار کانن ناپرهیزی کرده و از یک نمایشگر 2.8 اینچی 460000 پیکسلی استفاده کرده است.,0,2,train
2532,این موضوع را نخست از توانایی زوم لنز آن می توان دریافت.,0,2,train
9697,با سلام خدمت همه دوستان دی جی کالا.,0,2,train
2705,هیچ خمش یا تکانی در شاسی به چشم نمی خورد و صفحه های بالایی و پایینی هم از فلز آلیاژ منیزیوم ساخته شده اند.,0,2,train
12505,همچنین، یک دوربین VGA نیز برای انجام مکالمات تصویری در قسمت جلوی گوشی تعبیه گشته است.,0,2,train
249,محمد معینی - احمد مجیدی پور - سعید حاجی بنده - بهزاد رمضانی  4 تا دوستی که اسمشونو گفتم از عملکرد بد دکمه های لمسی پایینی حرف زدند .,0,2,train
2436,در آخر می تونم بگم اگه PadFone 2 داک کیبورد رو هم پشتیبانی می کرد می تونست به یک رویا تبدیل بشه.,0,2,train
8911,(من 3 ماهه دارمش),0,2,train
4834,که باعث حسودی و عصبانیت شرکت ps3 شد.,0,2,train
4034,تنها برتری دوربین کنون بر این دوربین رو توانایی زوم اپتیکال بیشتر و صفحه نمایش چرخنده اونه .,0,2,train
7024,آقا سید محمدرضا طباطبایی.,0,2,train
4924,مقایسه xbox با ps3 مثل مقایسه سیب با پرتقاله.,0,2,train
12557,Multitaskingگوشی‌های نسل قبلی iPhone را به یاد می‌آورید؟,0,2,train
6870,که هنوز مشخصات زیادی از m7 در دست نیست .,0,2,train
1388,سخت افزار داخلی اپل در Retina MacBook Pro از نسل سوم پردازنده های چهار هسته ای Intel Core i7 با نام Ivy Bridge استفاده کرده است.,0,2,train
7627,همچنین برای مکالمات تصویری، یک دوربین VGA در جلوی این گوشی قرار داده شده است که دوربین دوم این گوشی محسوب می‌گردد.,0,2,train
1655,چه از لحاظ تراکم پیکسلی، چه از لحاظ وضوح رنگ‌ها و روشنایی و چه از لحاظ کنتراست.,0,2,train
557,لبه جلویی دستگاه شامل ورودی و خروجی صوتی و یک کارت خوان چهار کاره می‌باشد.,0,2,train
11252,اما به جز این مود، HX30v خوشبختانه از مودهای Program و Manual Exposure هم بهره می‌برد.,0,2,train
7943,این دوربین مجهز به لنز 26-130 میلی متر با توانایی زوم 5 برابر می‌باشد.,0,2,train
7548,سلام من 5 اسفند این گوشی رو از نمایندگی سامسونگ جمهوری خریدم.,0,2,train
1014,شرایط سختی که معمولا ماجراجویان و ورزشکاران در آن‌ها قرار می‌گیرند و البته نیاز به ثبت لحظات پر مخاطره‌ی خود را نیز دارند.,0,2,train
5316,من نزدیک به 4 ماه تحقیق کردم تا یک تبلت عالی تهیه کنم که در نهایت به nexus7 رسیدم ولی 3g هم برام مهم بود تا اینکه این تبلت ارائه شد.,0,2,train
1926,سلام به همتون.,0,2,train
4882,در ضمن به فرض هم که ایکس باکس شما همونطور که گفتی بخاطر بازی کردن و داغ شدن بورد و پایه gpu یا cpu سه چراغه بشه براحتی قابل تعمیره و مثل دو سه سال پیس نیست که بلا استفاده بمونه.,0,2,train
1208,در این شرایط دو راه برای مکالمه متصور می‌شوید.,0,2,train
6130,دنیای کنسولهای بازی تا حدی سلیقه ای و مشروط به نوع کاربر است.,0,2,train
5945,بنابراین از کیفیت عکس‌های تولید شده توسط این دوربین انتظار خیلی زیادی داریم.,0,2,train
11929,هرچنددوستان زحمت کش دیجی کالا با معرفی دقیق شون تا حدود زیادی راه انتخاب رو هموار کردند.,0,2,train
4674,پخش فیلمhdتوسط برنامه ی mx video.,0,2,train
12670,حدود 2 ماهه که این گوشی را واسه تولد همسرم خریدم.,0,2,train
653,هر لپ تاپی میبینم دوباره میرسم به این  پرو بوک .,0,2,train
11057,دوستان من از نگاهی منصفانه به قضیه نگاه می کنم در کل دوستانی که از الکترونیک سر در میاورند کاملا متوجه هستند که تفاوتی بزرگ بین نت 10.1 و تب 2 10.1 وجود نداره حتی سامسونگ به خودش زحمت نداده تا قالب بدنه این دو تا تبلت رو تغییر بده و از یه قالب عین هم استفاده کرده حتی شیار های کارت sd یا هدفون و ..,0,2,train
7698,اولین تجربه من از محصولات apple بود.,0,2,train
2192,همه منتظر بودند تا اپل با آیفون 5 دوباره خودی نشان بدهد.,0,2,train
5520,نظر در مورد ظاهرشونو به خود دیجیکالا میسپرم و تو نقد و بررسی کامل میشه پیداش کرد,0,2,train
11839,من این گوشی رو دارم.,0,2,train
7984,نمیدونم چرا خیلی ها اصلا این دو برند رو بایکدیگر مقایسه میکنن .,0,2,train
3599,مسلما برای کسانی که کارهای گرافیکی سنگین انجام می‌دهند، تهیه مدلی که از کارت گرافیک مجزا استفاده می‌کند، پیشنهاد می‌شود.,0,2,train
9324,از دلایل این شباهت نخست می توان به دستگیره ی بزرگ اشاره کرد.,0,2,train
1914,6 ماهی باید صبر کنید که جلیبریکش بیاد ایران,0,2,train
12478,در سمت چپ هم درگاه microUSB و جک 3.5 میلی متری صدا تعبیه شده‌اند.,0,2,train
5792,سلام بچه ها نسخه اندروید 4 براش اومده.,0,2,train
4401,بطور پیش فرض این تبلت از اندروید شانه عسلی نسخه 3.1 استفاده میکند که البته آپدیت نسخه 3.2 نیز برای این تبلت منتشر شده است.,0,2,train
4312,• جمع بندی در کل ممکن است این سوال برای شما پیش آید که آیا نسل پنجم iPod Tocuh می‌تواند یک انتخاب ایده آل برای کسانی باشد که علاقمند به iPhone 5 بوده ولی قدرت پرداخت هزینه آن را ندارند؟,0,2,train
6632,در کل باید گفت، همانطور که گفتیم، و از قیمت این دوربین هم پیداست، HF R206 دوربینی متوسط می‌باشد.,0,2,train
3318,این دوربین فلاش داخلی ندارد ولی فلاش اکسترنال به آن متصل می شود که اتفاقا به هنگام خرید در جعبه موجود است.,0,2,train
12901,سلام صفحه کلیدش سفته بعضی وقتا قاطی میکنه ولی بدنش محکمه,0,2,train
7385,در پخش فیلم DVD، نیز این مقدار 3 ساعت و 51 دقیقه بود.,0,2,train
2439,) رو هم داره از لحاظ سخت افزاری با LG Optimus G E973 تقریبا در یک سطح قرار داره بارزترین ویژگی این گوشی داک اون هست که میتونید گوشی رو تبدیل به یک تبلت بکنید هر چند ممکنه احساس یکپارچگی خوبی در محصولتون نکنید برای کسانی که توانایی مالی تهیه یک تبلت قدرتمند و یک گوشی به روز رو ندارند انتخاب خوبی هست البته دردسر های اشتراک و سینک کردن اطلاعات رو بین تبلت و گوشی رو دیگر با این محصول نخواهید داشت که این ویژگی میتونه کمبود پورت یو اس بی این محصول رو تا حدودی جبران بکنه ظاهر گوشی کمی شبیه گلگسی اس 3 هست خوب بود که از آندرویید 4.1 به طور پیشفرض استفاده کنه برای کسانی که به برند ایسوس علاقه دارند میتونه انتخاب خوبی باشه,0,2,train
457,دوربین دوربین این گوشی یک دوربین 5 مگاپیکسلی است که عکس‌ها را با رزولوشن 1936×2592 پیکسل ثبت می‌نماید.,0,2,train
9048,ظاهرا که سامسونگ تصمیم گرفته در عوض قرار دادن نمایشگر لمسی، این پیچ تنظیم را هم حذف کند.,0,2,train
4105,نیست و تنها محل درج مموری micro SD ، خروجی هدفون ، محل شارژ باتری و پورت micro USB وجود داره.,0,2,train
11353,مود Face detection سعی می‌کند بر روی چهره ی افراد موجود در کادر فوکوس کند.,0,2,train
3194,، پردازنده قوی داره و به راحتی فیلم های فول اچ دی و بازی های اچ دی را پشتیبانی میکنه ، جی پی اس قوی داره ولی افسوس که وای فای یا سخت افزار وایرلسش واقعا ضعیفه !,0,2,train
6868,"(در مقایسه با xperia z , note 2 , one x + ) .",0,2,train
3775,یک درب کشویی نیز بر روی بدنه وجود دارد که با کنار زدن آن متوجه پورت های HDMI، یک پورت USB و شیار کارت حافظه می شویم.,0,2,train
4466,Xperia ray همانند گوشی Xperia arc از سیستم عامل اندروید 2.3 به همراه رابط کاربری Timescape UXP استفاده می‌کند.,0,2,train
10495,نظر نهایی بعد از خرید,0,2,train
8019,حتی لنز این دو نیز با توانایی زوم 35 برابر مشابه می‌باشد.,0,2,train
2394,یکی از تغییرات اصلی ایجاد شده در PadFone 2 مربوط به پورت اتصال آن می‌باشد.,0,2,train
8477,سلام من از نزدیک دیدم - به طور کلی خوب بود ولی با این قیمت و کارایی خوب زوم اپتیک ضعیف میباشد.,0,2,train
12676,سونی بروز رسانی رو بر اساس SL Number که جای اون زیر باطری هست انجام می ده که طبق لیست وب سایت سونی هنوز واسه ما نیومده.,0,2,train
6684,"نباید از این دوربین انتظار عکسبرداری مناسبی داشته باشید در تصاویر گرفته شده در فضای باز با نور کافی کیفیت عکس های گرفته شده خوب است اما در فضاهای بسته کیفیت عکسها رضایت بخش نیست همزمان با فیلمبرداری قابلیت گرفتن عکس دارد , مدت زمان شارژ خوبی را نگه داری می کند در فیلمبرداری در شب کمی ضعیف عمل می کند کیفیت فیلم های گرفته شده بسیار بالا است قابلیت تولید کلیپ را به صورت خودکار دارد.",0,2,train
5256,بیشترین مصرف باتری در وب‌گردی، پخش ویدیو و بازی‌های ویدیویی می‌باشد.,0,2,train
6006,سینی های تغذیه‌ی کاغذ نیز می‌توانند موقعی که به آن ها نیازی نیست در سر جای خود بسته شوند.,0,2,train
7396,فقط 5.4 میلیمتره.,0,2,train
7826,دیروز گرفتم !,0,2,train
7222,پدفون 1 هم همین قیمت بود!,0,2,train
2380,و از لحاظ گرافیک iPhone طی این 7 سال امتحان خودشو پس داده و ثابت کرده که گرافیکش از هر گوشی android ی بیشتر است .,0,2,train
7891,اما تفاوت بزرگ این تبلت نسبت به تبلت های مشابه نظیر Google Nexus 7، در امکان برقراری تماس‌های تلفنی با آن است.,0,2,train
12660,در ضمن گوشیمو روت نکردم و نخواهم کرد فقط مشکل اینه که صدای شاترش بدون روت قطع نمی شه که اونم راه حلش نصب یه برنامه برای دوربینه که عکسبرداری و فیلمبرداریو بدون صدا انجام می ده.,0,2,train
5049,البته به گفته‌ی مدیر فنی کنسول XBOX در بخش ژاپن شرکت مایکروسافت، این شرکت بازی‌های XBOX 360 را در ژاپن، روی دیسک‌های نوری HD-DVD ارایه نمی‌کند و این دیسک‌ها صرفا برای نمایش فیلم و ذخیره اطلاعات کاربرد خواهند داشت.,0,2,train
6337,که اگر رایتل در اسلاید 2 قرار بگیره آنتن نخواهی داشت که این مساله در s duos هم بود پس باید سیم نسل سوم در اسلاید 1 قرار بگیره تا هر دو سیم آنتن داشته باشند .,0,2,train
3061,از عکسهای کتاب های دیگر توی نرم افزار آفیس اون استفاده کرد ، همزمان جزوه نویسی کرد و مطالب رو بصورت مولتی مدیا به اشتراک گذاشت.,0,2,train
3058,این در حالیه که خیلی از توانایی های وکوم سینتیک رو میشه با قلم با حساسیت 1024 سطح فشار این دستگاه که اونم بصورت اختصاصی توسط وکوم ساخته شده رو ، بصورت قابل حمل با خودتون داشته باشید.,0,2,train
11205,Cross Type ها به جزئیات عمودی و افقی حساس است.,0,2,train
6816,چرا با اینکه دوربینش هشته از اکسپریا زد یک میلیون گرونتره؟,0,2,train
1526,سامسونگ در تولید تبلت های سری Note خود، یک رویکرد آموزشی را هم در نظر داشته است .,0,2,train
8358,پیشنهاد میکنم قبل خرید به برند های دیگه هم فکر کنید..,0,2,train
12399,نزدیک به یک ماه این گوشی رو از این سایت خریدم حافظه داخلی در دسترس کاربر 4 گیگ بیشتر نیست و اینکه زود داغ می کنه جوری که می ترسم ازش دیگه استفاده کنم و یکی دو بار هم قفل کرده غیر از این موارد گوشی خوبیه,0,2,train
6606,با باز کردن نمایشگر، پورت های USB، HDMI و شیارهای دوقلوی کارت حافظه‌ی SD دیده می‌شوند.,0,2,train
12552,گوشی و اسپیکراز نظر صدا و کیفیت گوشی و اسپیکر در گوشی‌های قبلی شکایتی نداشتیم، هرچند که بلندی صدای اسپیکر هیچ وقت راضی کننده نبود ولی مطمئنا شرکت بر روی کیفیت و بلندی صدا کار کرده است.,0,2,train
4424,سلام از نظر کیفیت رنگ و کنتراست تا حالا هیچ تلویزیونی به پای پلاسما نرسیده و یا حداقل من ندیدم حتی ال ای دی های سری 5 سامسونگ هم هنوز در داینامیک رنج تصاویرشون به شدت دچار مشکل هستند که باعث می شه تصویر کم کیفیتی حاصل بشه.,0,2,train
130,بسیار خوب، ST68 کمی گران قیمت تر است که به دلیل سنسور تصویر با رزولوشن دو مگاپیکسل بیشتر آن می باشد.,0,2,train
3857,این دوربین‌ها هرچند که از جهات زیادی به دوربین‌های Bridge یا DSLR Like شباهت دارند، ولی با ابعاد 122X87X93 میلی متر و وزن 580 گرم، دوربینی کامپکت و سوپرزوم محسوب می‌شوند.,0,2,train
2389,از لحاظ ظاهری می‌توان گفت که گوشی PadFone 2 مدل بزرگ‌تر شده گوشی PadFone است.,0,2,train
736,در آخر لازم میدونم بگم که 4540 اصلی فقط با هارد 640 عرضه شده.,0,2,train
12251,در کل باید گفت که S2980 تفاوت چندانی با مدل سال پیش S2800HD نداشته است.,0,2,train
9422,البته اکثر گوشی های هوشمند، همینطور هستن.,0,2,train
9011,در زیر آن‌ها نیز دکمه‌های Display و Menu قرار دارند که عملکرد آن‌ها تا حدود زیادی مشخص است.,0,2,train
9913,البته در مورد 4s نمی‌توانیم خیلی زود قضاوت کنیم چرا که این موضوع باید به عنوان بازخورد از تعداد زیادی از مشتریان در طی استفاده‌ی زیاد دریافت شود.,0,2,train
7532,این دوربین مجهز به لنز 24-108 میلی متری با توانایی زوم 4 برابر می باشد.,0,2,train
694,آقای سید سجاد حیدری شما از کجا میدونی؟,0,2,train
4299,در بنچمارک ها و تست‌های انجام شده، iPod Touch نسل پنجم، توانست امتیازی نزدیک به iPhone 4S کسب نمود.,0,2,train
1973,این یه چیز دیگست .,0,2,train
9652,مثلا Nokia Lumia 920 واقعا از ایفون 5 بهتره .,0,2,train
661,حتی لب تاپ قبلیمو که سفارش دادم بدون گارانتی بود که بعد از تحویل متوجه شدم فنش خوب کار نمیکنه که فرداش فرستادم و به کل برام یکی دیگه فرستادن.,0,2,train
338,در لبه جلویی نیز یک کارت خوان با پشتیبانی از کارت‌های حافظه SD و MMC قرار دارد.,0,2,train
823,با اینکه میخواستم اس بگیرم الان منتظر این گوشی میمونم.,0,2,train
6863,زیبایی.,0,2,train
9748,این مقدار انرژی ذخیره شده برای حدود 5 ساعت مکالمه مداوم و یا بیش از 470 ساعت در حالت آماده به کار کافی است.,0,2,train
11003,کافیه که یک طراح چیره دست باشید و بجای حمل مقدار زیادی کاغذ ، ماژیک و لوازم طراحی که معمولا من به شخصه اگه بخوام حملش کنم ، چیزی حدود 5 کیلو گرم میشه رو جایگزین کنید با این تبلت.,0,2,train
8579,برای دفعه های بعدی شارژ گوشی به محض اینکه رسید به 10% بزنید به شارژ و بزارید 100% که شد از شارژ درش نیارید تا یه نیم ساعت بعدش که خوب شارژ بشه چون معمولا این 100% که زود بهش میرسه تنها 88درصد ظرفیت واقعی باتری هست و برای اینکه کاملا شارژ بشه باید مقدار بیشتری بزارید تو شارژ بمونه.,0,2,train
2666,این چشمی توانایی ارایه دو بزرگنمایی متفاوت را دارد.,0,2,train
10295,می تونم بگم از تمام قابلیت های گوشی استفاده کردم.,0,2,train
7476,یک سویچ دستی نیز کاور لنز را باز و بسته می‌کند.,0,2,train
11575,اندازه حسگرش با sx40 هم یکیه,0,2,train
4671,دوربینش 20است.,0,2,train
4432,کلا ذات پلاسما اینطور هست که داغ میکنه ؛ ولی مدل های مختلف سامسونگ بیشتر داغ میکنند به همین خاطر توصیه میکنم دنبال تلویزیون های پلاسما اگر هستید برند پاناسونیک رو انتخاب کنید که معرفی کننده تکنولوژی پلاسما هم هست، و کیفیت مناسبی داره  تنها ایراد پلاسما مصرف بالا حدود 300 وات هست.,0,2,train
3890,ظاهرا که در HX200v هم سونی به این نتیجه نرسیده که کفشک فلاش اکسترنال لازم است.,0,2,train
39,نسبت به کارایی این دستگاه قیمتش خیلی مناسبه ولی یه چیزی یه کم صداش زیادی بلنده.,0,2,train
8692,اول از دیجی کالا ممنونم به خاطر احترام به سلایق مختلف مخاطبینش.,0,2,train
6011,بر روی بدنه‌ی این پرینتر پورت USB 2.0 هم دیده می‌شود.,0,2,train
3990,بعضی ها تعصب دارن رو سونی و بعضی ها هم روی کنون.,0,2,train
7412,من این لپ تاپ دیروز از دی جی کالا خریدم .,0,2,train
3562,گوشی خوبی هست ولی کیفیت بدنه پایینی داره!,0,2,train
7,همانطور که گفتیم، M1132 پرینتری لیزری، تک رنگ و چند کاره است.,0,2,train
13010,در قسمت عقبی دوربین نیز می‌توانید محفظه مخصوص باتری را ببینید.,0,2,train
9907,بنابراین احساسی که با 4s خواهید داشت همان احساسی است که با در دست داشتن 4 به شما دست می‌دهد.,0,2,train
10173,من عاشق دیجی کالا هستم و هر روز واردش میشم.,0,2,train
11258,"اما HX30v مجهز به نمایشگر 3 اینچی با رزولوشن 921,000 پیکسل می‌باشد.",0,2,train
7572,NFC - 4G - DLNA هم اصلا بی خیال بشید.,0,2,train
8231,حالا اگر جمع این دو مورد را خواستید که هم دو سیم باشه هم وای فای 310 را بگیرید .,0,2,train
6080,).,0,2,train
9555,در حالیکه اکثر گوشیهای مدرن ۱ سال گذشته این سنسور را جز اصلی سخت افزار خود منظور کرده اند.,0,2,train
8974,در کنار آن اسپیکر برای پخش صدای فیلم‌های ضبط شده قرار دارد.,0,2,train
1187,اما در مورد طراحی داک آن نیز می‌خواهیم بگوییم.,0,2,train
5882,من 4 ماهه این گوشیو دارم.,0,2,train
1748,3-سوما وقتی که میام از بزرگترین سایت های دانلود یعنی (آسان دانلود، دانلود ها، میهن دانلود و.,0,2,train
3329,آنطور که در اینترنت مشخص است، قیمت این دوربین 2000 دلار یا حدود 2 میلیون تومان است.,0,2,train
10376,*** عملکرد ضد آب بودن آن تا عمق 1 متر برای 20 دقیقه مورد آزمایش قرار گرفته است.,0,2,train
526,در مود Advanced شما می توانید از بین طیفی از رزولوشن، رنگ و ابزارهای برطرف کننده ی خطا انتخاب کنید.,0,2,train
2656,بدنه نیز به طور کاملا از آلیاژ آلومینیوم ساخته شده که در جای جای آن روکش چرمی قرار دارد.,0,2,train
2873,با داشتن ضخامتی معادل 8.5 میلی‌متر، Infinity نزدیک به یک میلی‌متر باریک‌تر از آی پد نسل سوم است.,0,2,train
7071,امیدوارم که تنها رقیبش فقط galaxy s IV باشه.,0,2,train
6532,در قسمت زیرین تبلت درگاه اتصال کابل جهت انتقال اطلاعات و شارژ و دو شکاف که برای اتصال داک است تعبیه گشته‌اند.,0,2,train
7043,Nexus 10 با چیپ 2 هسته ای Exynos 5250 از Nexus 4 با چیپ 4 هسته ای Snapdragon S4 Pro قوی تره.,0,2,train
6746,خیلی خوب و قوی,0,2,train
10734,میشه یه تبلت درست و حسابی خرید.,0,2,train
9635,پردازنده هم که 2 هسته ای.,0,2,train
8203,البته فراموش نکنیم بگوییم که یک مود فیلم برداری 2.7KP هم وجود دارد که بین Full HD و 4K قرار می گیرد و در آن فیلم برداری می تواند با سرعت 30 فریم بر ثانیه انجام گیرد.,0,2,train
8581,البته هنوز به دستم نرسیده.,0,2,train
10970,آپدیت جیلی بین هم داره واسش میاد.,0,2,train
8788,پردازنده این گوشی یک پردازنده دو هسته ای یک گیگاهرتزی از نوع Cortex-A5 به همراه چیپ Qualcomm Snapdragon می‌باشد که به همراه 768 مگابایت رم، در این گوشی به کار گرفته شده است.,0,2,train
3087,اگر قیمت ایپد جدید را زیاد میدانید منتظر ایپد مینی باشید شاید همین روزها نقد وبررسی این تبلت را از دیجی کالا ببینید.,0,2,train
7297,به جز نمایشگر، این دوربین مجهز به رادیو داخلی Wi-Fi نیز هست که بوسیله‌ی آن می‌توانید عکس‌ها و فیلم های گرفته شده‌ی خود را از طریق شبکه‌ی Wi-Fi به صورت بیسیم به لپ تاپ، تبلت و یا گوشی خود منتقل کنید.,0,2,train
2043,در مورد بقیه موارد هم باید بگم که بعد از 1 سال صرف وقت روی طراحی داخلی و ظاهری، انتظار بالاتری میشد داشت.,0,2,train
5210,این نوت‌بوک از پورت HDMI برای اتصال آن به HDTV هم بهره می‌برد.,0,2,train
1651,iPhone 5 دارای یک صفحه نمایش 4 اینچی از نوع LED-Backlit IPS TFT می‌باشد که دارای رزولوشن 1136×640 است.,0,2,train
1754,ساده ترین کارها نیاز به برنامه یا اینترنت داره یه شماره تلفن نمیشه از گوشی ریخت رو سیم کارت بدرد گوشی بازها می خوره نه کاربر عادی که می خواد راحت از همه امکانات گوشی استفاده کنه,0,2,train
2604,قبلا تجربه کار با سری سونی رو داشتم که ارزش خرید و کیفیت عکسهایی که سونی میگیره هزاران برابر بهتر از این دوربینه.,0,2,train
865,4- ضخامت کمتر (با 9.3mm ضخامت، 1.4mm باریک تر است) و وزن کمتر (با 114gr وزن، 17gr سبک تر است).5- دوربین با دیافراگم (Aperture) بهتر (دیافراگم f/2.0 که نور بیشتری را نسبت به دیافراگم f/2.2 وارد دوربین می کند.,0,2,train
3443,رنگ آن نیز مشکی و از نوع مات است.,0,2,train
4348,(از اون انقلاب هایی که بوی استیو جابز بزرگ رو میده : 6.1 میلی متر ضخامت، و 88 گرم وزن)2.,0,2,train
3566,تا بیاد ببینیم قیمتش چطوریه.,0,2,train
12110,و اما صفحه نمایش دوربین فیلمبرداری JVC GZ-MG335، از نوع TFT و در اندازه ی 2.7 اینچ با تعداد 123000 پیکسل و از نوع استاندارد است.,0,2,train
2158,ایا.,0,2,train
1795,بمدت دوسال آیفون 4 و 4اس داشتم.,0,2,train
4688,"برخی از افراد ترجیح میدن یک گوشی با امکانات روز در ابعاد کوچک در عین حال زیبا برای استفاده روز مره داشته باشند به نظر من اکسپریا ری به دلایل زیر یک پیشنهاد ایده آل میتونه باشه:1- قابلیت ارتقا به جدید ترین ورژن از اندروید 42- صفحه نمایش بسیار با کیفیت با نمایش 300 پیکسل در یک اینچ که با دید انسان برابری می کند ( لازم به بیان هست که چشم ما 325 پیکسل در اینچ هست و این یعنی تکنولوژی سونی)3- کیفیت دوربین 8 مگاپیکسل با سنسور exmor r cmos که در دوربین های حرفه ای مورد استفاده قرار میگیره قابلیت تصویر برداری سه بعدی و نمایش آن و همچنین تصویر برداری پانوراما با همراهی فلش قوی led که پیشنهاد میشه در هنگام فلش زدن به دلیل قدرت بالا بهش نگاه نکنین که کوری زمانی میاره4- دوربین دوم با کیفیت 2 مگاپیکسل برای مکالمه تصویری5- کیفیت فیلم برداری hd6- بدنه باریک و زیبا با ضخامت 9.4 mm و وزن 100g7- بالا ترین رزولوشن 845*480 به همراه موتور براویا سونی8- پردازنده قوی9- صفحه نمایش مولتی تاچ و کنترل لمسی حساس و حسگر شتاب سنج و مجاورت سنج، 10- صفحه نمایش ۳٫۳ اینچ لمسی با وضوح بسیار بالا و تفکیک ۱۶ میلیون رنگ11- مسیر یاب جی پی اس، ثبت موقعیت جغرافیایی به همراه تصویر، 12- ۳۰۰ مگابایت حافظه داخلی13- شبکه بیسیم، رادیوی اف ام استریو، بلوتوث استریو14- پشتیبانی از گیم های hd و سنگین15- صفحه ضدخش، نسل ۳٫۵، پردازنده یک گیگاهرتز، قابلیت افزایش کارت حافظه16- پخش موسیقی MP4 (AAC), MP3, M4A, 3GPP, AMR, AMR-WB, WAV, RealAudio, iMelody, XMF, WMA 917- پخش فیلم MP4, 3GPP (H.263, H.",0,2,train
5225,به علاوه از پورت USB 3.0 هم بهره می‌برد.,0,2,train
6588,من این تبلتو دارم.,0,2,train
12423,مقایسه ای بین این گوشی و tx داشتم و به این نتیجه رسیدم که اینو بخرم قابلیت هایی که در این جا ذکر نشده ولی داره: small apps usb on the go dlna --------- برخی مزیت ها و ضعف ها: اندازه صفحه نمایش نسبت به tx کوچک تره و میتونه بسته به نظر هرکس مزیت باشه یا ضعف.,0,2,train
8437,سلام دوستان این تلوزیون من تقریبا 4 ماهه پیش خریدم ..,0,2,train
9015,در زیر دوربین نیز درب جایگاه باتری-کارت حافظه قرار گرفته است.,0,2,train
6878,ولی قبل این یه گلکسی نوت داشتم که کلا نظرمو نسبت به سامسونگ عوض کرد.,0,2,train
7712,face time.,0,2,train
3963,در مورد اون صحبت دوست مهمان که میگه نویز داره و عکس زوم بشه خراب میشه عرض کنم چون صفحه نمایش گردون داره ولی شما فرمودی نداره.,0,2,train
9905,وقتی iPhone 4 در تابستان سال 2010 به بازار آمد واقعا با دیگر گوشی‌های هوشمند موجود متفاوت بود.,0,2,train
7455,"همان طور که گفتیم، دوربین‌های CX190, CX200 و CX210 در حقیقت دوربین‌های یکسانی هستند.",0,2,train
2572,4-باید تمرین زیادی برای گرفتن فیلم و عکس در شرایط مختلف با این دوربین داشته باشین تا خوب بهش مسلط بشین و این رمز گرفتن فیلم و عکسه.,0,2,train
7609,سخت افزارپردازنده این گوشی ، یک پردازنده دو هسته ای یک گیگاهرتزی از نوع Cortex-A9 است که به همراه چیپ NovaThor ، پردازشگر گرافیکی Mali-400 و یک گیگابایت حافظه RAM ، سخت افزار این گوشی را تشکیل می‌دهند.,0,2,train
4857,.حتی بعضی وقت ها هم روشن میزارم میرم بیرون میام.,0,2,train
9175,امروز صبح این دوربین به دستم رسید .,0,2,train
4715,در ضمن این گوشی به اندروید 4 آپدیت نمیشه در حالی که برای اکسپریا ری اندروید 4 به صورت رسمی اومده.,0,2,train
4177,این گوشی چون مارک نامداری نیست خیلی ارزونتره,0,2,train
11660,اعم از خوبی ها و بدی هاش.,0,2,train
8337,من این دوربینو جدیدا خریدم.,0,2,train
11605,دیگر امکانات آن خیلی شبیه به دیگر دوربین‌های Bridge پیشرفته می‌باشد.,0,2,train
12938,صفحه نمایش این گوشی 2.4 اینچی بوده و در پشت این گوشی هم یک دوربین 1.3 مگاپیکسلی قرار داده شده است.,0,2,train
1738,سیستم عاملش که دیگه همه در جریانن .,0,2,train
5602,همچنین عکس‌ها به نظرمان مقداری تمایل به رنگ آبی دارند.,0,2,train
82,بدین ترتیب با این دوربین فقط می‌توانید در فرمت JPEG عکاسی نمایید.,0,2,train
5364,تنها روشی که برای حل این مشکل پیشنهاد شده روت کردن دستگاه و نصب نرم افزار وای فای ایکس است، که البته با این کار دیگر شامل گارانتی نمی شود.,0,2,train
5732,Android 2.3 کاملا با سیستم عامل iOS شرکت اپل در رقابت است.,0,2,train
10327,در سمت چپ گوشی کلید پاور و در بالا کلید پاور و جک هدفون 3.5 میلی‌متری قرار دارند.,0,2,train
1303,من امروز یکی سفارش دادم امیدوارم گوشی خوبی باشه!,0,2,train
9970,در حقیقت امتیازی که 4s کسب کرد در حد Samsung Galaxy Tab 10.1 است.,0,2,train
1276,huawei ascend y300,0,2,train
9974,هرچند که برنامه‌ها نسبت به iPhone 4 زودتر بارگزاری می‌شوند، بازی‌ها راحت‌تر انجام می‌گیرند و بارگزاری صفحات وب نیز سریع‌تر است ولی فکر نمی‌کنیم کاربران عادی فرق چندانی را بین 4s و مدل پیشین احساس کنند.,0,2,train
10054,با این وجود، علاقه مندان به دنیای موسیقی و فیلم، بهتر است که از هدفون و یا بلندگوهای خارجی استفاده کنند.,0,2,train
11268,امروز از بازار خریدیمش.,0,2,train
11313,Miniature Effect نیز کاری می‌کند که یک سوژه همانند یک مدل کوچک مینیاتوری به نظر برسد تا عکسی مشابه آن چه با یک لنز Tilt Shift گرفته می‌شود بدست‌اید.,0,2,train
1733,در مورد صفحه نمایش کوچیکش هم باید بگم که قراره گوشی داشته باشی نه فبلت .,0,2,train
6120,Xbox 360 Slim با ظرفیت های مختلفی به بازار عرضه شده است.,0,2,train
7720,آیپد مینی با قیمت .,0,2,train
2827,من این دوربین رو یک ماهی هست که خریدم.,0,2,train
4383,لبه جلویی آن بسیار نازک است ولی در قسمت بالایی آن ضخیم تر می شود.,0,2,train
6802,بر روی بدنه ی این دوربین دکمه های فیزیکی خیلی کمی قرار گرفته اند و دلیل آن نیز وجود نمایشگر 3.2 اینچی لمسی 460000 نقطه ای بوده است.,0,2,train
7563,سلام این گوشی رو دو روزه گرفتم..,0,2,train
912,اما در سوپر زومهای کانن و پاناسونیک اینقدر این مورد وجود دارد که شما نیاز به رتوش عکس دارید .,0,2,train
549,• طراحی و ساخت بدنه خارجی دستگاه از ترکیبی از فلز آلومینیوم و پلاستیک ساخته شده است.,0,2,train
2212,با همان ابعاد و تنها 5 گرم سنگین‌تر.,0,2,train
2229,این در حالیست که Beats Audio در مدل‌های قبلی به موزیک پلیر استاندارد گوشی محدود بود!,0,2,train
814,با این قیمت می شه یه اکسپریا SL گرفت,0,2,train
2299,همه با نقاط قوتش آشنایی دارین.,0,2,train
1607,البته عدم وجود فتوشاپ بر روی این تبلت یک ایراد برای آن محسوب می‌گردد، اما برنامه های دیگر آن‌را تا حدودی جبران می‌نمایند.,0,2,train
11868,همان‌طور که گفتیم گوشی Xperia Mini از سیستم عامل Android 2.3 معروف به Gingerbread بهره می‌برد.,0,2,train
1076,از رقبای اصلی این دوربین می‌توان به Canon Powershot D10، Casio EX-G1، Fujifilm Finepix XP10، Olympus Mju Tough 6010، Olympus Mju Tough 8000، Pentax Optio W90 و Sony Cybershot DSC-TX5 اشاره کرد.,0,2,train
4967,محل اتصال سیم برق و یک پورت یو اس بی که بیشتر برای اتصال دستگاه وایرلس اکس باکس کاربرد دارد در اختیار است.,0,2,train
1869,با تشکر از سایت خوب دی جی کالا,0,2,train
2404,در زیر تبلت نیز همانند خود گوشی، پورت 13 پینی MHL قرار دارد.,0,2,train
8093,دوستان توجه کنید که اگه قرار بود CPU این گوشی 1GHz باشه قیمتش هم بیشتر میشد..,0,2,train
8973,از بالا که به دوربین نگاه کنیم در قسمت سمت چپ فلاش Pgr-Up را می‌بینیم که در حالت بسته کاملا هم سطح بدنه قرار می‌گیرد.,0,2,train
6187,می‌توان آنرا بزرگ شده گلکسی اس 3 و یا حتی کوچک شده گلکسی نوت 2 دانست.,0,2,train
3074,در پایان اگر بخواهم به شما توصیه کنم که بین تبلت های اندرویدی و ipad یکی را انتخاب کنید صرف نظر از سخت افزار قدرتمند تبلت های ایسوس حتما به شما پیشنهاد میکنم ipad بخرید.,0,2,train
2645,اکنون سعی می‌کنیم که بررسی اجمالی بر روی این دوربین داشته باشیم و پس از آمدن آن به بازار، نقد کاملی با تست کیفیت عکس های آن ارایه خواهیم داد.,0,2,train
4855,نه 3 چراغ برای اون اول ها بود ..,0,2,train
393,انرژی این دوربین از طریق باتری قابل شارژ NB-11L تامین می‌شود که در هر بار شارژ کامل توانایی پشتیبانی تا 170 عکس را دارد.,0,2,train
2957,درود بر همه دوستان اگر به دنبال یک تبلت با ظاهر و کارایی بی نظیر هستید و عجله ندارید صبر کنید تا مدل  Samsung Galaxy Note 10.1 N8000 به بازار ایران عرضه بشه تا مشخص کننده قدرت و کارایی و ظاهر در کنارهم برای کاربرای مثل من و شما باشه,0,2,train
4902,شیره XBOX360 !,0,2,train
720,دوستان توجه کنید که i5 جدید اینتل فرقی با قدیمیا تو سرعت پردازش ندارن فقط یه هسته گرافیکی مجزا تو خود cpu که کارای سبک رو با مصرف انرژی کم میکنه پس اگه شارژ دهی براتون مهم نیست از همون قدیمیا استفاده کنید ارزون تر دستتون رو میگیره.,0,2,train
4093,برای خرید دقت کنین که جای دکمه های کیبردش درست باشه.,0,2,train
8925,ولی از نظر طراحی و عملکرد متفاوت است.,0,2,train
10800,بهترین نه فقط به خاطر زوم قاطعانه ی 30 برابر، بلکه به دلیل بدنه ی کاملا حرفه‌ای و امکاناتی که ارائه می دهد.,0,2,train
4462,در بالای این صفحه نمایش دوربین دوم برای انجام مکالمات تصویری قرار دارد.,0,2,train
7714,icloud..,0,2,train
11002,این درحالیه که خیلی از توانایی های وکوم سینتیک رو میشه با قلم با حساسیت 1024 سطح فشار این دستگاه که اونم بصورت اختصاصی توسط وکوم ساخته شده رو ، بصورت قابل حمل با خودتون داشته باشید.,0,2,train
8894,(مهدی عباسی نژاد از قزوین),0,2,train
11606,به هر صورت با به بازار آمدن این دوربین و بررسی دقیق‌تر آن اطلاعات بیشتری را در اختیار شما قرار می‌دهیم.,0,2,train
6621,یکی از مهم ترین مسائل در دوربین های فیلم برداری، اینترفیس دیجیتالی آن‌ها می‌باشد.,0,2,train
9684,سی پی یو هم هنوز 2هسته ای,0,2,train
12942,این صفحه نمایش با این رزولوشن، تراکم پیکسلی 167ppi را ارائه می‌نماید.,0,2,train
7646,تازه آپدیت رسمی JB هم که همون ماه عرضه اش، ارائه میشه!,0,2,train
12383,این دوربین توانایی ضبط ویدیویی 720p HD با سرعت 30 فریم بر ثانیه را دارد.,0,2,train
6546,هواوی برای تبلت خود از چیپ K3V2 استفاده نموده است که ساخت‌های سیلیکون می‌باشد و در تعدادی از گوشی‌های هواوی نیز استفاده شده است.,0,2,train
4191,امروز به دستم رسید چون قبلا آرک اس داشتم سریع با نرم افزار های حرفه ای تستش کردم!,0,2,train
3514,) خاموش می‌شود و شما مجبورید دوباره گوشی را روشن کنید ولی با این قابلیت، گوشی چون تشخیص می‌دهد که شما در حال تماشای صفحه نمایش هستید، آن را روشن نگه می‌دارد.,0,2,train
3817,سیستم تکامل هوشمند - Smart Evolution سامسونگ ابعاد فنی و مهندسی تلویزیون شما را بطور کامل عوض می‌کند بدون اینکه نیاز به تعویض کل دستگاه باشد.,0,2,train
6188,با همان لبه های گرد و همان استایل همیشگی.,0,2,train
1844,با عرض سلام خدمت دوستان عزیز.,0,2,train
8237,دوربینش در حد معمولی .,0,2,train
11588,اما در آپدیتی که در آینده و با به بازار آمدن این دوربین بر روی نقد و بررسی اعمال خواهیم کرد، کیفیت آن را به دقت مورد بررسی قرار خواهیم داد.,0,2,train
10580,• صفحه نمایش و بلندگوهاG585 دارای یک صفحه نمایش 15.6 اینچی است که دارای نور پس زمینه LED بوده و دقت 1366×768 را ارائه می‌دهد.,0,2,train
5881,2- دوم اینکه در این گوش وقتی می خواهید عکس بگیرید تصاویر نمایش داده شده در صفحه نمایش بسیار زنده و روشن هستند اما وقتی عکس گرفته می شود دیگر تصویر save شده به آن صورت قبل زنده و روشن نیست.,0,2,train
9165,رابط کاربری این دوربین نیز همانند سری HTC One بوده و دکمه های عکاسی و فیلم برداری در کنار هم قابل مشاهده هستند.,0,2,train
5965,ولی اگر همچنان به نظرتان میدان دید کمی می‌آید، می‌توانید از مود عکاسی Sweep Panorama استفاده کنید تا حتی بتوانید میدان دید 180 و یا 360 درجه را ثبت کنید.,0,2,train
10454,هیچ مشکلی در آنتن دهی وجود نداره با رفتن به Setting و About Phone و تاچ بر روی Status و انتخاب سیم کارت، میزان دریافت فرکانس آنتن به شما داده میشه.,0,2,train
10203,واقعا همه چی تمومه فقط اندروید 4 با دردسر میشه,0,2,train
6150,توی نگاه اول شاید قیمت بازی های اصل کمی گرون باشه اما این گرونی بی علت نیست و به کیفیت و دوام کالا بستگی داره و اینکه ارزونی کپی خوری دستگاه همراه با ضرری که در آینده به شما میرسه خیلی گرونه لطفا به این مساله فکر کنید بعد اقدام کنید.,0,2,train
8222,حالا که گفتیم باتری، به این فکر افتادیم که نکند به دلیل کوچک شدن بدنه، و در نتیجه کمتر بودن جا برای باتری، باتری کوچکتری در این دوربین به کار رفته باشد و در نتیجه شارژدهی کمتری را از آن شاهد باشیم!,0,2,train
460,کیفیت فیلم برداری این دوربین نیز HD و با سرعت 30 فریم بر ثانیه می‌باشد.,0,2,train
10073,این امر برای HP قابلیت باریکتر و سبکتر Sleekbook ها از طریق کوچک کردن سیستم خنک کننده و باتری دستگاه فراهم کرده است.,0,2,train
3624,پایه موجود در قسمت پشتی تبلت، تا حدود 22 درجه باز شده و تبلت را نگاه می‌دارد.,0,2,train
441,صفحه نمایش صفحه نمایش به کار رفته بر روی این گوشی، یک صفحه نمایش 3.8 اینچی لمسی خازنی از نوع TFT است که تصاویر را با رزولوشن 800×480 پیکسل به نمایش می‌گذارد.,0,2,train
5748,آیا به انجام بازی های موبایل علاقه دارید؟,0,2,train
8221,دیگری Frame است که در حقیقت قابی برای این دوربین می باشد.,0,2,train
5939,البته در بین سنسورهای 1/2.3 اینچی و نه بعضی سنسورهای بزرگتر که بر روی بعضی از دوربین‌ها به صورت استثناء استفاده شده اند.,0,2,train
3321,یک باتری قابل شارژ لیتیوم-یونی 1650mAh نیز به همراه آن موجود می باشد.,0,2,train
6719,این دوربین به همراه مدل های پیشینش کامپکت هایی هستند که مقداری بزرگتر از مدل هایی چون SX260 HS می باشند.,0,2,train
8924,در نگاه نخست؛ قالب‌بندی SX230 HS به نظر خیلی شبیه به دوربین مدل پیشین یعنی SX210 IS می‌باشد.,0,2,train
6844,اتفاقا باتریشم خوبه بنچمارک ها هم ببینید بد نیست,0,2,train
6955,باید صبر کنیم ببینیم گوشی های فول اچ دی کمپانی های دیگه مثل سامسونگ چجورن.,0,2,train
3933,عکاسی حرفه ای تر یا فیلمبرداری بهتر؟,0,2,train
6237,ولی به هر حال اگر به دنبال داشتن گوشی‌ای با صفحه نمایش بزرگ هستید، یا باید به سراغ گوشی‌های سطح بالای سامسونگ یا HTC بروید و مبلغ زیاد آن‌ها را بپردازید و یا باید به همین گزینه که تنها گزینه ارزان قیمت‌تر است اکتفا نمایید.,0,2,train
6701,XR160 به دلیل هارد دیسک داخلی که دارد بزرگتر و سنگین تر از CX130 و CX160 است.,0,2,train
8766,پیش‌تر و در بررسی گوشی L7 گفته بودیم که ال‌جی برای طراحی آن گوشی، 4 اصل را در نظر گرفته بود که با در نظر گرفتن آن‌ها گوشی را طراحی نموده بود.,0,2,train
11325,مود TV اختیار تنظیم دیافراگم را از شما می‌گیرد و سرعت شاتر اختیار اصلی شما خواهد بود.,0,2,train
6861,sony xperia z بهتر از butterfly هستش.,0,2,train
5925,سالی که در آن به وفور شاهد دوربین هایی با توانایی زوم بالا ولی با بدنه هایی کم و بیش شبیه به دوربین‌های کامپکت معمولی بوده ایم.,0,2,train
3503,در پایین صفحه نمایش، همانند گوشی Galaxy S II کلید سخت افزاری Home به همراه دو کلید لمسی Menu و Back قرار دارد.,0,2,train
5063,• XBOX360 Elite در حال حاضر در تمام ریجن‌ها موجود است، ولی Halo Edition فقط دارای ریجن NTSC-UC می‌باشد.,0,2,train
8998,این مود توانایی این را دارد که تا 4 ثانیه پیش از گرفته شدن هر عکس را ضبط کند.,0,2,train
6629,ویدیوهای Full HD شفافیت و کیفیت خیلی زیادی دارند.,0,2,train
2183,5.,0,2,train
12064,GZ-MG255 تنها سه اینچ ضخامت دارد.,0,2,train
9226,همان ابعاد، همان وزن و همان شکل.,0,2,train
3197,با سلام خدمت دوستان گرامی، بنده این تبلت را حدود یک ماه است که خریداری کرده ام.,0,2,train
3816,هر سال، یک تلویزیون جدیدبه روز نگاه داشتن تلویزیون با جدیدترین فن‌آوری‌ها اینک به یک واقعیت تبدیل شده است.,0,2,train
2196,"آیا بعد از مرگ استیو جابز , اپل هم مرد و یا اینکه پیشرفت رقبا , فعالیت های این برند رو کمرنگ کرده و انتظار کاربران رو بالا برده؟",0,2,train
6857,چندین ساله طرفدار پر و پا قرص اچ تی سی هستم اما قیمت باترفلای فعلا به هیچ وجه رقابتی نیست و بی شک اگه با همین رویه بخواد ادامه بده (که بعیده) بازار خوبی رو نمیتونه به خودش اختصاص بده,0,2,train
3003,پس به جای این حرفها برای ما کاربران و دوستدارن آندروید بهتره که تبلتهای آندرویدی رو با هم مقایسه کنیم تا گزینه ی بهتر را انتخاب کنیم.,0,2,train
2233,دوربین HTC در سری گوشی‌های One خود، یک پردازشگر به نام ImageChip قرار داده است که وظیفه انجام محاسبات مربوط به دوربین گوشی را بر عهده دارد.,0,2,train
212,سولا از این بهتره صد در صد من دو برابر پول سولا رو دادم ولی ارزش نداشت.,0,2,train
5207,اما در تست‌ها‌ی مصرف باتری که انجام دادیم، در دو تست استرس زیاد و استفاده‌ی معمولی، ما به ترتیب توانستیم شارژدهی 2 ساعت و 30 دقیقه و 5 ساعت و 30 دقیقه را از آن شاهد باشیم.,0,2,train
11566,مگا پیکسل بالا باعث نویز بیشتر تو عکسا میشه البته با توجه به اندازه حسگر.,0,2,train
3117,همان‌طور که پیش‌تر گفتیم در دو طرف شیار اتصال تبلت به کامپیوتر، دو بلندگوی استریو قرار دارند.,0,2,train
7571,با کمی هزینه بیشتر یک گوشی سونی در همین رده بگیرید بهتر خواهد بود.,0,2,train
2350,برای همین هست که وفادارترین مشریان یک برند به اون برند ، مشتریان اپل هستند به اپل .,0,2,train
5139,بهمراه دسته های سیم دار!,0,2,train
461,نهایتا، یک دوربین VGA نیز برای انجام مکالمات تصویری در قسمت جلویی گوشی تعبیه گردیده است.,0,2,train
1872,من امروز خریدمش !,0,2,train
2910,Infinity در دو مدل 32 و 64 گیگابایتی عرضه شده است و امکان ارتقا حافظه آن از طریق درگاه کارت حافظه microSD تا 32 گیگابایت دیگر نیز وجود دارد.,0,2,train
6194,بر روی لبه بالایی گوشی فقط جک 3.5 میلی متری هدفون قرار دارد.,0,2,train
5543,اولین آیتمی که به ذهن بنده خطور کرد : تست قلم مخصوص ال جی بود که با اولین تاچ احساس کردم کمی بهتر از گلکسی نوت عمل میکنه ولی متاسفانه با کمی تعامل باز هم همون احساس گلکسی نوت بهم دست داد.,0,2,train
5304,بر روی این تبلت نصب شده‌اند و امکان دریافت برنامه های دیگری نیز از طریق فروشگاه Google Play وجود دارد.,0,2,train
7457,بعلاوه CX210 دارای 8 گیگابایت حافظه‌ی خشک داخلی نیز هست.,0,2,train
7496,نرم افزارLumia 820 جزو اولین گوشی‌های عرضه شده به بازار است که از سیستم عامل Windows Phone 8 بهره می‌برد.,0,2,train
6556,همچنین در سمت مقابل آیکون افزودن به صفحات زمینه قرار دارد.,0,2,train
6253,بی تردید.,0,2,train
3447,در بالای دستگاه و در قسمت وسط آن، یک صفحه نمایش وجود دارد.,0,2,train
3858,بنابراین از نظر دسته بندی در رده‌ی کامپکت‌ها قرار می‌گیرد.,0,2,train
7380,این مورد برای دما هم صادق است.,0,2,train
2066,دوربین قوی تری داشته باشه 2.قدرت بیشتری داشته باشه  3.,0,2,train
12157,نمایشگر 3 اینچی لمسی آن نیز دقیقا همانی است که بر روی 700D و 650D به کار رفته.,0,2,train
11194,البته برخلاف 60D جنس بدنه ی این دوربین از آلیاژ منیزیوم و پلی کربنات است تا از نظر مقاومت و کیفیت در حد Mark III و 7D باشد.,0,2,train
3637,از جمله آن‌ها می‌توان درگاه USB را نام برد که از نوع USB On the Go می‌باشد، یعنی کافیست هر دستگاهی مانند ماوس یا صفحه کلید را از طریق این درگاه به تبلت متصل نمایید تا آماده کار گردد.,0,2,train
4709,CPU بلک هم از ضعیف ترین CPU های تک هسته ای بازاره و در برابر CPU های Scorpion خیلی ضعیف تره.,0,2,train
5492,با سلام آدم میره یه optimus 4x hd میخره چون امکاناتش با این گوشی برابره تازه صفحه نمایشش هم خیلی بهتره و خیلی هم خوش‌دست‌تر,0,2,train
2423,به لطف بهره گیری از این تکنولوژی، به محض قرار دادن گوشی در داک تبلت، هر آنچه را که بر روی گوشی خود مشاهده می‌کردید، بر روی صفحه بزرگ تبلت نیز مشاهده خواهید کرد که در مورد این قابلیت در بخش نرم افزار، توضیحات کامل‌تری خواهیم داد.,0,2,train
9189,مخصوصا اگه مثل من قبلش لنزی نداشته باشید.,0,2,train
11740,مشکل اساسیش نداشتن organizer و ضبط صداس که با نصب نرم افزار حل میشه.,0,2,train
10590,در ضمن در سمت راست کیبورد G585، بخش عددی جداگانه یا Numpad نیز قرار دارد.,0,2,train
5671,همانند اکثر گوشی‌ها و تبلت های کمپانی سامسونگ، GALAXY Tab 2 10.1 نیز از برنامه عکاسی مربوط به رابط کاربری تاچ ویز استفاده می‌کند.,0,2,train
7594,طراحی و ساختمدل جدید سامسونگ با ابعاد 63×121 میلی‌متر طراحی و تولید شده است.,0,2,train
5924,پیش از این و در نقد و بررسی‌های پیشین، سال 2012 را سال دوربین‌های کامپکت سوپرزوم نامیده بودیم.,0,2,train
6185,تصور کنین که 12 تا بازی جلوتون باشه و فقط دو تاشون اونم نصفه نیمه باز بشه!,0,2,train
8961,نکته‌ی جالب این است که به محض روشن کردن دوربین فلاش به بالا می‌پرد.,0,2,train
5372,اگر در حالت خوش‌بینانه بتوانیم بگوییم که افراد دارای دست‌های بزرگ قادر خواهند بود با گلکسی نوت با یک دست شماره گیری نمایند، اما به واقع حتی برای همان افراد هم ما تصوری مبنی بر امکان کار و شماره گیری با یک دست با Optimus VU را نداریم.,0,2,train
5077,خیر، تمام کنسول‌های ۳۶۰ به زبان انگلیسی ارایه شده‌اند و هر کدام بسته به نوع ریجن آ‌ن‌ها زبان‌های دیگری را نیز پشتیبانی می‌کنند.,0,2,train
11932,همین الان به دستم رسید.,0,2,train
2925,بنابراین پیشنهاد می‌کنیم که کسانی که به دنبال حداکثر شارژ دهی هستند، حتما از داک کیبورد دستگاه استفاده کنند.,0,2,train
794,رابط کاربری HTC Desire SV بسیار شبیه به رابط کاربری گوشی‌های خانواده One کمپانی HTC نظیر HTC One X و HTC One S است.,0,2,train
3633,ابعاد این تبلت به دلیل وجود صفحه نمایش 10.6 اینچی آن 172×275 میلی‌متر و حتی بزرگ‌تر از اکثر تبلت های موجود در بازار می‌باشد.,0,2,train
4496,بنظر من به هیچ وجه اندروید 2.3 رو ارتقا ندید.,0,2,train
7802,اما طراحی کلی iOS 6 تنوع جدیدی را در اختیار کاربران قرار نمی‌دهد.,0,2,train
561,صفحه نمایش قرار داده شده بر روی این لپ‌تاپ از دقت 1366x768 بهره می‌برد که تراکم پیکسلی متوسطی را ارائه می‌دهد.,0,2,train
1285,هم از نظر سخت افزاری و هم از نظر نرم افزاری که سیستم عامل آندروید جلی بین روش هست .,0,2,train
7077,همان‌طور که میدانید این اولین گوشی ساخت کمپانی HTC است که دارای صفحه نمایش 5 اینچی با رزولوشن FullHD است.,0,2,train
1963,باز هم اگه وقت کنم نظر میدم.,0,2,train
5105,توجه: ۱٫ بازی‌های XBOX360 همگی بر روی DVD دو لایه (DVD9) می‌باشند و معمولا بین ۶ تا ۸ گیگ از فضای دیسک را اشغال کرده‌اند.,0,2,train
9887,قضاوت با شما,0,2,train
112,در ایزو 100 نویزی مشاهده نمی‌شود ولی در ایزو 200 در هنگامی که بزرگنمایی را 100 درصد می‌کنید مقداری نویز مشاهده می‌گردد.,0,2,train
162,به همین دلیل سونی در نهایت تصمیم به خرید سهام اریکسون گرفت و با هزینه ای بالغ بر 1.47 میلیارد دلار، برند اریکسون را که بیش از یک دهه یدک می کشید حذف کرد و نام بخش مربوط به موبایل خود را از Sony Ericcson به Sony و بطور کاملتر به Sony Mobile Communications تغییر دارد.,0,2,train
1720,باتری از اینکه باتری آیفون 5 از چه نوعی و چند میلی آمپری است اطلاعات موثقی وجود ندارد.,0,2,train
6151,اگر میتونستم خیلی دوست داشتم یک ایکس باکس با کینکت بگیرم.,0,2,train
3275,اکثر کانفیگ‌ها از پردازنده‌های Core و Pentium شرکت اینتل استفاده می‌کنند ولی کانفیگ هایی نیز با پردازنده‌های AMD وجود دارند.,0,2,train
7433,دکمه‌ها شامل Copy، Email و Scan می‌شوند.,0,2,train
5244,به دلیل استفاده از پردازنده گرافیکی Cortex A8 با کنتراست بالا در تبلت GSP-X7 تصویر در مقایسه با تبلت‌هایی با رزولوشن مشابه وضوح بیشتری دارد.,0,2,train
4841,قیمت به پول ایران:یک میلیون و پانصد هزار تومان  من پیشنهاد میکنم حتما این کنسول بازیو حتما بخرین.,0,2,train
6138,ضمن اینکه اگر از کابل HDMI استفاده کنید کیفیت بازی ها به حداکثر خودش میرسه و اونجاست که قدرت Xbox 360 Slim معلوم میشه هرچند PS3 هم خیلی عالی هستش و به نظرم هردو در یک سطح هستند,0,2,train
2060,امیدوارم تو آیفون بعدی با امکانات جدید این مشکل رو رفع کنه.,0,2,train
8893,ضمنا حتما موقع خرید یه باطری اضافه هم تهیه کنید چون عمر باطریش واقعا ناامید کننده ست ولی در کل دوربین خوبیه و از نظر کیفیت عکاسی + سوپر زوم بی رقیبه..,0,2,train
12616,با هم فرق دارن که میشه این ضعف دوربین رو با نرم افزار های مختلف کاملا از بین برد.,0,2,train
6094,حدود 6 ماهی است که با آن کار میکنم .,0,2,train
1312,من این گوشی رو از دیجی کالا سفارش دادم که جدا میشه گفت رضایت مشتری هدف اصلی تیم دیجی کالا هستش.,0,2,train
10212,سلام من تقریبا 5 ماهی میشه که خریدم.,0,2,train
7302,"عکس‌ها و فیلم های گرفته شده بر روی کارت حافظه‌ی micro SD, micro SDHC, micro SDXC ذخیره می‌گردند.",0,2,train
6287,گوشیه خوب و شیکیه / ولی خیلی به صرفه نیست,0,2,train
11091,در قسمت پایینی هم میکروفن و درگاه انحصاری سامسونگ (جهت شارژ و یا انتقال اطلاعات) قرار گرفته‌اند.,0,2,train
2409,ممکن است این نگرانی برای خریداران PadFone 2 پیش آید که آیا احتمال این وجود دارد که بر اثر حرکت دادن داک، گوشی از داخل آن به بیرون پرت شود؟,0,2,train
5341,هفت ویژگی مهم برای نکسوس هفت جدید1.,0,2,train
12950,"فرمت های صوتی قابل پخش این گوشی MP3, AAC, WAV, WMA و فرمت های تصویری قابل پخش نیز MP4, WMV, H.263, H.",0,2,train
3089,شما شرکتی را انتخاب کنید که 70 درصد سهم تبلت ها را به خود اختصاص داده است,0,2,train
6611,ولی اگر می‌خواهید که باتری را خارج از دوربین شارژ کنید باید یک شارژر جداگانه خریداری کنید.,0,2,train
4286,عرض صفحه نسبت به مدل سال گذشته تغییری نداشته و فقط کمی کشیده تر شده است.,0,2,train
119,با سلام خدمت دوستان بعد از شش ماه تحقیق راجع به دوربین به طور ناخواسته اینو خریدم و امروز به دستم رسید.,0,2,train
2777,برای اطلاعات بیشتر میتونید به وب سایت رسمی فوجیتسو سر بزنید,0,2,train
857,"قبل از هرچیز بگم که این دو گوشی از نظر سخت افزار (CPU, GPU, RAM) و حافظه داخلی و جانبی هیچ تفاوتی با هم ندارند.",0,2,train
2130,ولی در هر زمان که گوشی داشتم در یک یا دو آیتم سرآمد زمان خود به شمار می رفت ، تا اینکه از مجموع ارمان های مدنظر تجربه ی شخصی ام در کاربریه ایده آل را در این پیدا کردم که در استفاده روزانه انعطاف پذیری مهم ترین خصیصه ی یک گوشی همراه است!,0,2,train
7424,اسکنر 5600F از جهات زیادی شبیه به 8800F می‌باشد.,0,2,train
645,اگه یکم صفحه شفاف تر و پر نورتر میشد دیگه هیچ نقصی نداشت.,0,2,train
5242,هرچه کنتراست بیشتر باشد رنگ مشکی تاریک‌تر و رنگ سفید روشن‌تری خواهیم داشت، بنابراین تصویر با کیفیت بالا نمایش داده خواهد شد.,0,2,train
2131,لذت بخش ترین زمان وقتی است که در چند دیوایس توانایی سریع در sharing اطلاعات بدون هیچ پروتوکل جانبی(internet) وجود داشته باشد، بتوان به صورت نامحدود و رایگان از storage موجود در دیوایس بهره برد ، امکان ارتقا فضای حافظه وجود داشته باشد تا به مرور به صورت کاملا اقتصادی به اشتهای کاربری پاسخ مثبت داده شود.,0,2,train
3348,این دوربین از ماه سپتامر با قیمتی حدود ۲۰۰۰ دلار ارایه خواهد شد,0,2,train
6329,خیلی هم دنبال گوشی 2 سیم بودم و اس دوز رو بعد از دیزایر وی خریدم و تست کردم .,0,2,train
1437,ولی در هر ویژگی، یکی از آن‌ها خاص است.,0,2,train
2648,بعلاوه این دوربین کاملا و به صورت تمام عیار برای کاربران حرفه ای ساخته شده است.,0,2,train
7777,در مورد آیپد مینی هم همین گونه است.,0,2,train
5798,سلام  من از وقتی که یادم میاد هیچ گوشی جز سونی (سونی اریکسون) نداشتم و طرفدار دو آتیشه سونی بودم تجربه کاری با بهترین های سونی رو هم داشتم از K810 و W990 و Vivaz و X10i و Arc و Xperia S بگیر تا همین آخری T !,0,2,train
6850,دوربین 8 مگا پیکسل باتری ضعیف GPU پایین البته نسبت به قیمتی که پرداخت کردین.,0,2,train
798,اشاره کرد.,0,2,train
8414,این دوربین از همان سنسور تصویر 12 مگاپیکسلی استفاده می کند که بر روی SX40 هم استفاده شده بود.,0,2,train
12352,این دوربین می‌تواند در هنگام فیلم برداری، بدون اینکه مکثی در فیلم ایجاد کند با رزولوشن 12 مگاپیکسل عکس بگیرد.,0,2,train
160,همانطور که می دانید، کمپانی Sony Ericsson در نهم ژانویه سال جاری میلادی، بطور رسمی نام Ericsson را حذف کرد.,0,2,train
8857,چون سیستم gps حتی در زمان خاموش بودن دوربین نیز کار میکنن.,0,2,train
2086,امکانات خاصی که به هیچ وجه در دیگر گوشی ها پیدا نمیکنید.,0,2,train
373,از نظر ظاهری، Ixus 240 HS شباهت زیادی با Ixus 510 HS دارد.,0,2,train
8441,سعی نکنین با سامسونگ یا پاناسونیک یا حتی سونی مقایسش کنین چون واقعا قابل مقایسه نیستن .,0,2,train
10265,با مقایسه امکانات ایس و لایو میشه فهمید که سامسونگ پول مارکش را هم میگیره تفاوتشون در ۰.,0,2,train
9911,از نظر طراحی نیز فقط بعضی کنترل‌ها؛ چند میلی‌متر جابجا شده‌اند و همانطور که پیش از این گفتیم به نظر نمی‌آید که حتی طرفداران پر و پا قرص اپل هم از دور متوجه تفاوت این دو شوند.,0,2,train
3335,این دوربین می تواند از لنزهای سری E-mount مخصوص فیلم برداری استفاده کند.,0,2,train
10083,نتایج تست های انجام شده نیز، این انتظار ما را به واقعیت تبدیل کرد.,0,2,train
4373,یه نکته دیگه که شاید کمتر کسی بهش دقت کرده باشه هندزفری با کیفیت و قدرتمندش که اگه ٢٤ ساعت آهنگ گوش بدید بیشتر مشتاق میشوید که از آن استفاده کنید که میتوان آن را رقیب هندزفری های beat دانست.,0,2,train
9863,البته بدنه پشتی به براقی قسمت جلویی گوشی نیست.,0,2,train
8787,البته به شرطی که از این گوشی توقع اجرای سنگین‌ترین بازی‌های گرافیکی و HD را نداشته باشید.,0,2,train
10994,روز بعد یک دستگاه آکبند مجدد برام فرستادند.,0,2,train
6930,ولی متاسفانه این گوشی دو ایراد اساسی داره.,0,2,train
9386,من مدت زیادی دارمش حدود دو ماه میشه ..,0,2,train
5068,توجه داشته باشید که NTSC-J/Asia با همان نام NTSC-J عرضه می‌شود و کلمه Asia را ندارد.,0,2,train
9042,به طور کلی NX2000 تغییرات ظاهری زیادی نسبت به NX1000 نداشته است.,0,2,train
5632,اکسپریا S سونی، اولین گوشی تولید شده توسط این شرکت پس از جدا شدن اریکسون از آن است.,0,2,train
3525,تغییر اصلی که سامسونگ در این برنامه ایجاد کرده است، لیست ویدئوهای شماست که یک پیش نمایش از تمام ویدئوهای شما نشان می‌دهد و شما می‌توانید قبل از تماشای ویدئوی مورد نظر از محتوای آن مطلع شوید.,0,2,train
11859,یا علی ;,0,2,train
7365,• سخت افزار داخلی و باتری هدف کاربری این نوت‌بوک دقیقا کارهای ساده اداری یا خانگی می‌باشد.,0,2,train
11450,جناب خلیل پور 1 - سامسونگ پردازنده و صفحه نمایش و گرافیکش رو خودش طراحی می کنه حتی صفحه نمایش رتینا رو هم سامسونگ می سازه ( طراحی و نقشه اپل و ساخت سامسونگ ) 2- اپل و نوکیا و بادای سامسونگ و.,0,2,train
2983,مدل 3G و LTE این تبلت سخت افزار ضعیف تری داره مشکل دیگه اینکه سرعت GPRS خیلی کم هست LTE هم امکان استفاده نداریم داخل ایران پس با نظر جناب رضائی موافقم و یه راه دیگه هم هست اونم استفاده از WIMAX هست من از این روش استفاده کردم برای بازکردن صفحه و فایلهای تصویری دیگه هیچ مشکلی نخواهید داشت,0,2,train
1133,بیشتر از یک ماه هست که این هارد رو خریدم.,0,2,train
706,thanks digikala,0,2,train
10946,من این تبلتو دیروز خریدم.,0,2,train
7538,این دوربین فلاش Pop-up هم دارد که بردی برابر 5.3 متر را ارائه می‌دهد.,0,2,train
4393,در سمت چپ تبلت، خروجی هدفن 3.5 میلیمتری، شیار مموری کارت و پورت micro USB قرار دارد که لازم به ذکر است که از این پورت میتوانید به عنوان یک USB Host استفاده کرده و کیبرد، ماوس و یا حتی دسته های مخصوص بازی را به تبلت خود متصل کنید.,0,2,train
1422,"اگه خواستید می تونید تو سایت اپل با USB3 مقایسه اش کنید5-کارت گرافیک GeForce GT 650M , در مورد این کارت گرافیک حرف های زیادی میشه زد ولی به نظرم همین عبارت GDDR5 برای تعریف از این کارت کافیه 6-من به استفاده از حافظه فلش، پردازنده چهار هسته ای i7 و 6 گیگابایت رم یه شماره اختصاص میدم چون شاید اگه تو بازار خوب بگردی با یکم شانس بتونی مشابه 15 اینچی براش پیدا کنی7- ضخامت 1.83 سانتیمتر راستی تا یادم نرفته بگم خروجی HDMI هم داره، فقط نمیدونم چرا یدونه گذاشتن !",0,2,train
1280,چند مدتی بود همسرم به من میگفت که یه گوشی با امکانات عالی تو رنج قیمت پایین اگه بود من میخریدم .,0,2,train
11247,HX30v با ابعاد 107X62X35 میلی متر دقیقا به اندازه‌ی HX30v و با وزن 254 گرم هم وزن آن می‌باشد.,0,2,train
4911,پس شیره.,0,2,train
10341,مسلما مهم‌ترین بخش نرم افزاری این گوشی، برنامه پخش موسیقی یا همان برنامه Walkman آن است.,0,2,train
8860,فلش دوربین دقیقا در محل نگه داشتن دوربین در دست قرار گرفته.,0,2,train
13001,اما برای عکاسی از نمای بسیار نزدیک و محیط تاریک از هیچی بهتر است.,0,2,train
3864,از نظر ارگونومی و طراحی، به دلیل شباهت بسیار زیادی که بین این دو وجود دارد، توضیح بیشتری نمی‌دهیم و برای کسب اطلاعات بیشتر در این زمینه می‌توانید به نقد و بررسی دوربین HX100v مراجعه کنید.,0,2,train
12161,کنترل چهار جهته دیگر همانی نیست که بر روی Rebel ها می دیدیم.,0,2,train
12335,سنسور تصویر دقیقا همان سنسور 1/2.3 اینچی استاندارد است که بر روی دوربین های کامپکت استفاده می‌شود.,0,2,train
4628,من نتونستم فلش گوشی رو پیدا کنم .,0,2,train
3343,این دوربین همچنین می تواند با کیفیت ۱۴ مگاپیکسل عکس برداری کند.,0,2,train
318,)میتونن با کمی هزینه ی بیشتر گزینه های بهتری واستون باشند!,0,2,train
11304,شوتینگ مودهایی وجود دارند که از آن‌ها با نام Creative Zone یا منطقه ی مودهای خلاقانه نام برده می‌شود و شامل مودهای P، TV، AV، M و A-Dep می‌شوند.,0,2,train
6988,اول اینکه من طرفدار htc هستم، ولی نمیتونم چشمامو رو حقیقت ببندم.,0,2,train
5267,3 ساعت باهاش کار کردم خوب جواب داد نسبت بقیه تبلتهای هفت اینچی اینو بیشتر پسندیدم.,0,2,train
841,مشخصات خوبی داره ، حالا باز باید بیاد که دربارش تصمیم بگیریم ، از نظر ظاهر و مشخصات که خوبه ، بیشتر گوشی های اچ تی سی خوبن ، ولی چون دو سیمکارتست بنظر باطریش کمی ضعیف باشه,0,2,train
2082,از همون موقع به فکر خریدن آیفون افتادم تا اینکه آیفون 5 اومد.,0,2,train
2006,خودتون با galaxy note2 مقایسه کنید!,0,2,train
9627,اپل جلو زد؟,0,2,train
8590,حالا خودتون قضاوت کنید .,0,2,train
2293,واسه همینه که محصولاتشون رو با امکانات جالبی به بیرون دادن..,0,2,train
3616,Surface RT با وجود نسخه ویندوز 8 آر تی، فقط قادر به اجرای برنامه‌هایی است که برای پردازنده های ARM ساخته شده باشند.,0,2,train
8934,"Easy Mode بر روی پیچ تنظیم با نشانه‌ی ""قلب"" مشخص شده است.",0,2,train
10896,چون همراه این آپدیت یک سری برنامه ها تحت عنوان پریمیوم براش میاد که قلمش رو بسیار کاربردی تر می کنه.,0,2,train
2259,اگه کسی میدونه حتما خبرم کنه.,0,2,train
4908,تو حق انتخاب نداری!,0,2,train
5257,باتری موجود در این تبلت 3000 میلی‌آمپری بوده و قابلیت شارژدهی 7 الی 8 ساعت را دارد که متناسب با ساعت حضور دانش‌آموزان در کلاس درس می‌باشد.,0,2,train
10983,من اشتباه کردم و کیف گلکسی تب2 رو براش خریدم که از نظر مشخصات ظاهری هیچ فرقی با هم ندارند ولی مسئله اینجاست که کارکرد قلم با وجود میدان مغناطیسی آهن رباهای تعبیه شده در کیف تحت تاثیر قرار میگیره.,0,2,train
8378,البته این نظر شخصیمه، سلیقه ها مختلف.,0,2,train
5402,همچنین، ال جی بر روی این گوشی قابلیت DLNA و NFC را نیز قرار داده که در مورد NFC در بخش نرم افزار بیشتر توضیح خواهیم داد.,0,2,train
2335,سلام به دوستان، من ٩سال Qteck و htc داشتم و تا قبل از این گوشی منتقد جدی اپل بودم اما از عید امسال که این گوشی رو گرفتم واقعا به اشتباهاتم پی بردم.,0,2,train
8992,وقتی قرار گرفت صدای کلیک شنیده می‌شود.,0,2,train
6240,من یک هفته این گوشی رو خریدم.,0,2,train
2375,بهتره چون شرکتهای دیگه سالانه چندین گوشی تولید می کنن و اگه بخوان سالانه یک گوشی تولید کنن مطمئن باشید که گوشیه خیلی خوب (از هر نظر) تولید می کنن اما بخاطر فروش دیگر محصولات این کار رو نمی کنن,0,2,train
9300,البته این تغییرات را بیشتر می توانیم مناسب کسانی که قصد دارند با DSLR خود به فیلم برداری بپردازند و همچنین کاربران آماتورتر بدانیم.,0,2,train
5963,به دلیل وجود لنز 25-400 میلی متر با توانایی زوم 16 برابر، HX10v به یک دوربین کامپکت سوپرزوم تبدیل شده است.,0,2,train
5587,بنابراین درون آن فقط یک شارژر و یک کابل قرار دارد.,0,2,train
7431,کافیست که نرم افزار را نصب کنید، اسکنر را از حالت قفل در بیاورید، آن را از طریق کابل به برق و از طریق کابل USB به کامپیوتر وصل نمایید.,0,2,train
8105,من این گوشیو امروز از سایت گرفتم.,0,2,train
12884,کیفیت صدا در حین مکالمشه.,0,2,train
11661,اگه تو یک کلمه بخوام بگم.,0,2,train
5093,البته در حال حاضر XBOX360 با دو مدل درایو مختلف عرضه می‌شود که هر یک دارای میان‌افزار مخصوص به خود می‌باشند.,0,2,train
2757,همچنین فناوری بلوتوث نیز برای تبادل اطلاعات با دستگاه های دیگر بر روی این تبلت وجود دارد.,0,2,train
7264,فقط کسایی بخرنش که به عکساشون اهمیت میدن اما از آلبوم های عکس خسته شدن و دوست دارن کل عکسایی که دارن رو بریزن توی این دستگاه که مثل یک قاب عکس میمونه.,0,2,train
6806,این دوربین همچنین می تواند فیلم برداری 720p HD را نیز انجام دهد.,0,2,train
8395,چیزی معادل قرار دادن یک لنز 15 میلی متری بر روی یک دوربین DSLR نوع APS-C یا یک لنز 24 میلی متری بر روی یک دوربین فول فریم.,0,2,train
12710,من 2 ماه پیش این گوشیو خریدم.,0,2,train
7906,با توجه به روند بزرگ شدن گوشی‌های هوشمند، ASUS با تولید Fonepad آینده‌ی فبلت ها را به همگان نشان داد!,0,2,train
11202,این سنسور تصویر 20 مگاپیکسل رزولوشن دارد و با ترکیب با پردازشگر تصویر DIGIC 5+ گستره ی ایزوی 100 تا 25600 را ارائه می کند.,0,2,train
6149,توصیه من به دوستان این هست که لطفا کنسولشون رو کپی خور نکنن چون نمی تونن از مزایای آنلاین دستگاهشون استفاده کنن.,0,2,train
6597,دوستان من تا حالا با تبلت های زیادی کار کردم .,0,2,train
969,از کنترل چرخنده ی جلوی دوربین هم دیگر خبری نیست.,0,2,train
1634,این امر را در حین کار کردن با گوشی‌های تولید اپل و راحتی کار با یک دست با آن‌ها احساس خواهید نمود.,0,2,train
4189,سلام خدمت همه عزیزان منم به پیشنهاد یکی از دوستانم این گوشی را خریدم.,0,2,train
2553,سلام من 2 روز پیش این دوربینو از دیجی کالا خریدم امروز رسید دستم .,0,2,train
1965,فقط اپل,0,2,train
12171,کانن بر روی این دوربین از سنسوری هیبریدی استفاده کرده که از آن با نام نسخه ی 2 سنسورهای تصویر هیبریدی نام برده شده است.,0,2,train
9067,این دوربین توانایی فیلم برداری 1920X1080p Full HD با سرعت 30 فریم بر ثانیه در فرمت های MPEG 4 و H.,0,2,train
509,برای استفاده کردن از بسیاری از قابلیتهای گوشی نیاز به اینترنت وجود دارد.,0,2,train
6468,منم این هارد رو دوشنبه سفارش دادم و چهارشنبه رسید دستم .,0,2,train
3196,در کل نه گزینه خیلی تاپی هست نه بد چون من ایپد داشتم میشه گفت امکانات سامسونگ به بعضی از ضعف هاش مثل باطری ، دوربین ، وایرلس شاید بیارزه چون هم قیمت کمتری داره هم امکانات بیشتری.,0,2,train
1611,این تبلت که پردازنده چهار هسته ای 1.6 گیگاهرتزی داره با تبلت 7.7 اصلا قابل مقایسه نیست.,0,2,train
697,قصد اصلی من برای بازی بود.,0,2,train
11055,حالا نظرتون راجبه این تبلت چیه؟,0,2,train
1372,همانند آیفون و آی پد، Retina MacBook Pro نیز از صفحه نمایش IPS استفاده می‌کند.,0,2,train
12800,همان طور که میدانید اسکنرها از ابتدا تا کنون نه فقط در حوزه فنی بلکه در ابعاد و اندازه نیز تغییرات فراوانی داشته اند.,0,2,train
8363,(البته این نظر شخصی من هستش) یعنی دوربینی با این قیمت و این سطح امکانات نباید یه کابل HDMI و USB توی جعبش باشه..,0,2,train
9852,این گوشی رو از دی جی کالا خریدم و امروز رسید دستم.,0,2,train
11769,تنها موبایل با cpu 1ghz هست که قیمتش زیر 300 هزار تومن هست.,0,2,train
7713,.imessage.,0,2,train
8939,بعلاوه یک جلوه‌ی Perspective Fish Eye هم وجود دارد.,0,2,train
765,من خودم مک بوک پرو دارم و امروز فهمیدم که برای من هیچی اپل نمیشه اگه براتون ممکنه تا اونجا که می تونید از سخت افزار های با کیفیت استفاده کنید !,0,2,train
8583,تشکر دیجی کالا,0,2,train
2119,ایا این طراحی توی ایفون 4 و 4s استفاده نشد ؟,0,2,train
7823,را به کار برده است.,0,2,train
3932,لطفا پیش از خرید دوربین از خودتون این سوال رو بپرسید : کاربرد اصلی دوربین برای من چیه؟,0,2,train
1933,فقط یه بار صفحه رو لمس کنید میفهمید من چی میگم.,0,2,train
32,سرعت پرینتش بد نیست و از کیفیت اسکنش هم راضیم اما موقع کپی کردن کیفیت کپی مطلوب نیست و کمی تیره کپی میکنه که به نظر من بهتره اول یه اسکن از متن یا عکسی که میخواید کپی کنید بگیرید بعد پرینت کنید تا کیفیت مناسبی داشته باشه.,0,2,train
7855,کلید های کم و زیاد کردن صدا و پاور نیز بر روی لبه سمتی چپی قرار داده شده‌اند.,0,2,train
11599,P510 توانایی فیلم برداری 1080p Full HD با صدای استریو و سرعت 30 فریم بر ثانیه را هم دارد.,0,2,train
10901,واقعا انتخاب فوق العاده ایه.,0,2,train
2872,طراحی و ساخت همانند Transformer Prime، تبلت Infinity نیز بدنه ای آلومینیومی دارد.,0,2,train
7878,سیستم عامل موجود بر روی این تبلت، اندروید می‌باشد که نسخه 4.1 یا Jelly Bean نسخه منتخب ایسوس برای Fonepad می‌باشد.,0,2,train
2333,بر روی بدنه یک پورت USB 2.0 برای اتصال به رایانه به منظور انتقال فایل ها و شارژ باتری ، خروجی HDMI برای اتصال به تلوزیون های دیجیتال و جک 2.5 میلی متری صدا دیده می شود.,0,2,train
7038,البته باید دید شرکت های دیگه مثل سامسونگ و سونی و ال جی چه محصولی برای رقابت تولید میکنند.,0,2,train
2289,پس گوشی های سامسونگ از دور رقابت خارج میشن.,0,2,train
4265,به همین جهت هنوز ذکر نکردن.,0,2,train
2417,روشنایی این صفحه نمایش 550nit است.,0,2,train
2981,پس فعلا دوستان عزیز,0,2,train
4236,cpu= dual-core armv7  cpu frequency= 196 .,0,2,train
10759,از نظر ظاهری HX50v بر اساس همان فلسفه ای طراحی شده که مدل های پیشین هم به آن صورت بودند.,0,2,train
10918,یه سایت ایرانی هم این کارو انجام داده است.,0,2,train
1192,لازم به ذکر است که این داک به تنهایی کاربردی ندارد و فقط با وجود گوشی است که روشن شده آماده‌ی کار می‌شود.,0,2,train
1658,بلکه تفاوت در جاییست که این صفحه نمایش طیف sRGB را کاملا پوشش می‌دهد و باعث می‌گردد که دقت رنگ‌ها بالا برود.,0,2,train
10852,بطور خلاصه می تونم بگم که اکثر افرادی که از کامپیوتر شخصی استفاده می کنند (به هر دلیل، چه برای فیلم دیدن، چه برای اینترنت و چه برای بازی و یا کار و تحصیل.,0,2,train
2683,عکس هایی که مستقیم از دوربین خارج می شوند کمی سافت هستند و می بایست مقداری شارپنینگ در فوتوشاپ بر روی آن ها صورت دهید.,0,2,train
12810,گردوی چهاردهمویندوز ۸ نسخه نهایی و سازگاری کامل برنامه‌ها با ویندوز ۸ :در این نسخه از مجموعه نرم‌افزاری گردو، نسخه نهایی ویندوز ۸ به همراه اکتیویتور دائمی آن قرار داده شده است.,0,2,train
8400,جالب است بدانید که یک لنز 800 میلی متر سری L کانن با f/5.6 حدود 12 هزار دلار قیمت دارد.,0,2,train
8322,HTC One X شیار مموری کارت ندارد ولی حافظه داخلی 16 گیگابایتی آن، این کاستی را جبران کرده است.,0,2,train
12959,می‌باشد.,0,2,train
3824,* کیت تکامل هوشمند - Smart Evolution که به صورت جداگانه به فروش خواهد رسید در سال 2013 عرضه خواهد شد.,0,2,train
10123,پیشنهاد میکنم به مدل های دیگری هم سر بزنید,0,2,train
2912,البته ASUS وعده داده است که این تبلت به زودی به اندروید 4.1 یا Jelly Bean آپدیت خواهد شد.,0,2,train
8771,در ضمن، این گوشی فاقد کلید فیزیکی می‌باشد و به جای آن، 4 کلید خازنی جهت کنترل‌های مختلف اندروید در زیر صفحه نمایش وجود دارد.,0,2,train
5645,من خریدمش ازهمه نظر عالیه ولی تنها مشکلی که داره سرعت بسیار پایین اونه که اگر مثلا یک جزوه یا کتاب را بخواهید اسکن کنید چند دقیقه ای وقت شما را می گیرد.,0,2,train
8946,هرچند که در این مود کاربر می‌تواند به تنظیمات My Color دسترسی پیدا کند.,0,2,train
268,اگه این مشکلات رو نداشت حرف نداشت .,0,2,train
289,روی صدای گوشی حساب ویژه باز نکنید اسپیکر گوشی یکی از ضعف ها شه نمره 5 از 10 5.آنتنش خوبه 8 از 106.,0,2,train
12757,البته این را هم بگوییم که ما این تست‌ها را با یک مدل Prototype انجام داده‌ایم که محصول نهایی نیست.,0,2,train
5261,میتونی گوشیتو که مودم داخلی داشته باشه رو بهش وصل کنی و بعد با استفاده از اون به GPRS دست رسی داشته باشی.,0,2,train
1884,باید lcd رو خاموش روشن کنم.,0,2,train
6328,من این گوشی رو 3 هفته هست که دارم .,0,2,train
8312,مثل محصولات قبلیش.,0,2,train
8951,معمولا سر و صدای زیاد موتور زوم دوربین‌های مختلف دلیل نخست تولیدکنندگان برای از کار انداختن زوم اپتیکال به هنگام فیلم‌برداری می‌باشد.,0,2,train
6372,Android 4.1 کاملا با سیستم عامل iOS شرکت اپل در رقابت است.,0,2,train
931,در عکسی که با دوربین گرفته اید، می‌توانید با یک لمس بر روی هر جا از صحنه و انتخاب آن قسمت کاری کنید که دوربین به صورت هوشمند یا Context Aware Fill قسمت دیگری از عکس را جایگزین کند.,0,2,train
5516,باتر فلای 1سال جلوتر از نوت2 هستش,0,2,train
2888,این کیبورد کاملا از آلومینیوم ساخته شده و هم رنگ بدنه تبلت است.,0,2,train
5914,یعنی شده مثل تبلت!,0,2,train
12905,} بهتر است کسانی که تمایل به خرید گوشی ارزان نوکیا (!,0,2,train
9291,هر دوی این لنزها فوکوس دستی Focus by Wire دارند که چیزی متفاوت از Focus Ring Mechanical است.,0,2,train
1877,شرکت‌هایی که نام بردید تا قبل از ورود اپل هیچ جایگاهی در طراحی گوشی و سیستم عامل نداشتند و بهترین سیستم عامل سیمبین نوکیا بود که الان طبق گزارش‌ها در رده 7 گوشیهاست و اگر نوکیا هم مثل سامسونگ و ال جی و غیره از سیستم عامل آندروید استفاده می‌کرد چه بسا بالاتر از این رده را به خودش اختصاص میداد.,0,2,train
2512,بر روی این نوت‌بوک‌ها می‌توانید کارت‌های گرافیکی AMD Radeon سری 5000، 6000 و 7000 و یا NVIDIA GeForce سری GT 500M و GT 600M را بیابید.,0,2,train
5152,اما در این حالت صفحه کلید بیش‌تر برای وارد کردن اطلاعات و متن کاربرد دارد و نمی توان از آن برای اجرای بازی استفاده کرد.,0,2,train
5138,xbox 360 core system قابل خریداری در تاریخ 22 نوامبر 2005 بدون فضای ذخیره سازی بصورت هارد دیسک همراه دستگاه سفید رنگ با دیسک درایو سفید.,0,2,train
12451,با سلام گوشی خوبی به نظر می رسه اما من صبر میکنم که اکسپریا زد بیاد بعد تصمیم خرید می گیرم.,0,2,train
9631,دوربین فرق نمیکنه.,0,2,train
4641,و باز هم میگم در خریدنش شک نکنید .,0,2,train
5066,ولی ریجن PAL و NTSC-J/Asia در جعبه‌ی خود دارای پاور آداپتور ۲۲۰ ولت هستند که به هیچ ترانسی احتیاج ندارند.,0,2,train
2361,قابلیت کارکرد تنها با نانو سیم کارت (NanoSIM Card Support Only) با توجه به این که ما در مخابرات ایران تکنولوژی سیم کارت نانو نداریم!,0,2,train
10186,بعد از دیدن باطری بد گوشی لایو پیش خودم گفتم ای کاش گوشی رو از دیجی کالا می خریدم تا به این مشکل برنخورم.,0,2,train
2484,اما تمام مدل‌ها دارای ورودی و خروجی صوتی، خروجی تصویری VGA و یک پورت شبکه LAN می‌باشند.,0,2,train
8899,همه چی عالی ولی باطریش ضعیفه و مدام شارژ میخواد ولی کیفیت عکساش توپه.,0,2,train
4488,کیفیت عکس‌های گرفته شده راضی کننده است ولی در رده دوربین‌های 8 مگا پیکسلی گوشی‌های دیگر نیست.,0,2,train
2016,به کسانی که این گوشی رو با Galaxy S III یا One X مقایسه میکنن یاد آوری میکنم که Apple iPhone 4S یک گوشی با پردازنده دو هسته ای 800MHZ بود و با این حال سرعت اجرای سنگین ترین بازی ها تو اون بالاتر از حتی Galaxy SIII و یا One X با پردازنده های چهار هسته ای 1.5GHZ بود.,0,2,train
5076,سوال: آیا زبان کنسول و بازی‌های ورژن NTSC-J ژاپنی است؟,0,2,train
3012,Mali-400 نیز در عمل از Tegra 3 نتایج بهتری ارائه داده.,0,2,train
8108,برنامه زیاد روش نصب کردم..,0,2,train
2719,چیزی که پیش‌تر در مورد گوشی‌های دارای ویندوز فون 8 مشاهده نموده بودیم.,0,2,train
11289,جایگاه بیشتر کنترل‌ها و دکمه‌ها نیز شبیه به دوربین 550D می‌باشد و اگر هم تغییری رخ داده بیشتر تزئینی بوده است.,0,2,train
12145,به راحتی می توان متوجه شد که کانن بر روی این دوربین کل سیستم شاتر را کوچک کرده و این در حالیست که باید سایز سنسور را در همان حد APS-C نگه می داشته است.,0,2,train
775,دکمه پاور و جک هدفون 3.5 میلی متری نیز فضای لبه بالایی گوشی را به خود اختصاص داده‌اند.,0,2,train
7566,nfc نداره اصلا..,0,2,train
8856,این دوستان درستم میگن و بخاطر اینکه شارژ زود تموم نکنه در مواقعی هم که میخوان دوربین رو خاموش کنن حتما gps دوربینشون رو خاموش کنن.,0,2,train
9290,اما این نخستین باری است که برای DSLR ها طراحی می شوند.,0,2,train
5367,طراحی و ساخت اولین بار که این گوشی را دیدیم به واقع متعجب شدیم.,0,2,train
12840,به عنوان مثال اگر سیستم شما ویروسی باشد و یا دچار مشکلات رجیستری باشد و نتوانید Net Framework را نصب کنید در نتیجه قادر نخواهید بود اصولا اتوران آن مجموعه را ببینید و درنتیجه قادر به نصب هیچ برنامه دیگری از روی دی وی دی‌ها هم نخواهید بود.,0,2,train
2653,برای مثال اکنون دکمه‌ی شاتر دارای یک دکمه‌ی مرکزی قفل است و پیچ تنظیم جبران نوردهی هم کمی در بدنه فرو رفته تا احتمال تغییر تصادفی آن کاهش یابد.,0,2,train
7375,این نوت‌بوک مجهز به دو شیار حافظه RAM می‌باشد که فقط یکی از آن‌ها توسط نسخه‌ی 4 گیگابایت اشغال شده است.,0,2,train
8472,که زیاد دسته من دووم نمی آورد ولی حالا از نمایندگیش یه باتری قوی تر خریدم که شارژدهیش دوبرابر شده و کافیه .,0,2,train
2805,عکس‌ها با صدای مونو ضبط می‌شوند و در فرمت های MPEG4 و H.,0,2,train
1016,در حالی که دو سال پیش دوربین FT1 معرفی شد، رزولوشن سنسور همان 12.1 مگاپیکسل باقی مانده، بدین معنی که طراحان تمرکز بیشتری را فقط بر روی ویژگی مقاومت آن گذاشته‌اند.,0,2,train
11847,GPS، GPRS، فیلمبرداری HD، نصب انواع نرم افزار و بازی آندروید.,0,2,train
5140,premium اولیه عرضه شده هم زمان با مدل core دارای هارد 20 گیگ سفید رنگ با درایو براق فلز نما.,0,2,train
2984,مدل 3G و LTE این تبلت گفته شده به زودی عرضه خواهد شد شاید هم شده باشه به نظرم ارزش صبر کردن داره تا مدل سیمکارت خورش بیاد.,0,2,train
7430,نصب و راه اندازی 5600F درست همانند دیگر اسکنرهای Flatbed است.,0,2,train
6996,((باتشکر از سایت بسیار خوب دیجی کالا)),0,2,train
5079,بازی‌ها نیز همگی دارای زبان انگلیسی می‌باشند، به جز تعدادی محدودی از بازی‌ها که فقط مختص به کشور ژاپن بوده و برای آن‌جا ساخته می‌شوند و در ریجن‌های دیگر موجود نیستند.,0,2,train
1141,برای من اینکه 2 دقیقه برای 20 گیگ بیشتر معطل شم ارزششو داره تا اینکه بخاطر ضد ضربه نبودن و در اثر یک اتفاق احتمالی کل هارد تخریب بشه.,0,2,train
11743,چون عمده ی باتری رو صفحه مصرف میکنه.,0,2,train
3409,من قبلا موتورولا ریزر مکس داشتم الان هم پرادای ال جی دارم.,0,2,train
9007,اثر هر کدام را همان جا می‌توانید به صورت زنده مشاهده کنید تا دیگر نیازی به گرفتن عکس برای تست هرکدام نباشد.,0,2,train
7168,من خودم اگه این رو نمی گرفتم Asus TF300 می خریدم پس برام تفاوت نمی کنه!,0,2,train
11442,فقط دوتا مورد داره که اونم در کنار این همه نکته مثبت مهم نیست اما میگم که کسایی که می خوان بخرن بدونن 1.,0,2,train
11260,با استفاده از فن آوری Dual Record نیز می‌توانید در هنگام فیلم برداری به عکاسی نیز بپردازید.,0,2,train
401,در آینده و با به بازار آمدن این دوربین سعی می‌کنیم آپدیت‌هایی را بر روی این نقد و بررسی اعمال کنیم.,0,2,train
2411,شکافی که گوشی در آن قرار می‌گیرد دارای تعدادی دنده پلاستیکی بوده و همانند سیستم کمربند خودرو عمل می‌کند.,0,2,train
8448,لازم به ذکر است که ابعاد این گوشی 54×110 میلی متر و وزن آن نیز 102 گرم می‌باشد.,0,2,train
525,واسط کاربری اسکنر دارای یک Basic Mode با یک سری تنظیمات از پیش تعیین شده برای اسکن کردن سریع می باشد.,0,2,train
9925,البته تا آن جایی که به نسخه‌های Factory Unlocked مربوط می‌شود، پشتیبانی از 4G وجود ندارد.,0,2,train
10509,من خودم عاشق گوشی های اکسپریا هستم.,0,2,train
3180,و خسته نباشید .,0,2,train
5797,شک نکنید حتا الان!,0,2,train
9247,اما در دوربین های DSLR وقتی که آینه برای مود Live view و یا فیلم برداری بالا می رود، دیگر نور به سنسورهای AF که مسئولیت فوکوس خودکار Phase detection را دارند نمی رسد.,0,2,train
9588,در ضمن سیستم عامل ویندوز فون 8 خیلی جالب تره,0,2,train
2087,در انتها بگم که هیچوقت هیچ گرونی بی علت نیست و امیدوارم تمام کسانی که دوست دارند کار با آیفون رو تجربه کنند قادر به خرید اون باشند.,0,2,train
9008,در زیر پیچ تنظیم می‌توانید دکمه‌ی شروع ضبط ویدیو که با رنگ قرمز مشخص شده است را بیابید.,0,2,train
5188,"این یه کنسول بازیه اما موردهایی شنیدم که مصرف کننده با روزی 3 ساعت بازی تونسته اونو حودودا"" 4 ماهه بسوزونه .",0,2,train
5303,بسیاری از برنامه های اصلی گوگل نظیر جستجوی صوتی، نقشه، ایمیل و.,0,2,train
724,خود شرکت هم در یه مقاله ای گفته بود که باید به برق ارت دار وصل بشه و این نوسان از طریق خروجی ارت حل میشه.,0,2,train
1541,در ضمن، بر روی لبه راست دستگاه نیز، شکاف سیم کارت و کارت حافظه قرار گرفته‌اند که توسط در پوشی پوشانده شده‌اند.,0,2,train
7465,این دوربین توانایی عکاسی 5.3 مگا پیکسلی را نیز دارد.,0,2,train
164,مدت زمان نسبتا زیادی از زمانی که کمپانی Sony (یا همان Sony Ericsson قدیم) گوشی هوشمند تلفن همراهی وارد بازار کرده است، میگذرد و در این میان سایر رقبا، انواع و اقسام گوشی های دو هسته ای با سخت افزار گوناگون را وارد بازار کرده اند.,0,2,train
2913,ASUS یکی از معدود کمپانی‌هایی است که هیچ‌گونه تغییر خاصی در رابط کاربری اندروید ایجاد نکرده است.,0,2,train
6728,SX160 IS همانند مدل های پیشینش از نمایشگر 3 اینچی با رزولوشن 230000 نقطه بهره می برد که هرچند امروزه نمایشگری با رزولوشن نسبتا پایین محسوب می شود ولی به هر صورت بر روی یک دوربین ارزان قیمت قرار گرفته است.,0,2,train
1745,تجربه من به شما برای انتخاب گوشی : هیچ وقت سرعت پردازنده گوشی رو فدای هیچ چیز دیگه ای نکنین,0,2,train
300,و باید توسط کاربر فعال شوند !,0,2,train
12737,امید وارم قیمتش هم مناسب باشه,0,2,train
9540,این سه مدل: RAZR XT909 ، DROID RAZR CDMA و RAZR XT910 در حال حاضر 7.1 میلیمتر ضخامت دارند.,0,2,train
6670,از ویژگی های این دوربین میتونم به موارد زیر اشاره کنم.,0,2,train
11322,بهتر است کمی هم در مورد مودهای عکاسی P، AV، TV و M توضیح بدهیم.,0,2,train
4187,هنوز تا این تاریخ روت نشده!,0,2,train
3883,یک حلقه به دور بشکه‌ی لنز وجود دارد که می‌توانید با چرخاندن آن عمل زوم را انجام دهید.,0,2,train
3266,لازم به ذکر است که بعضی از مدل‌های جدید لپ‌تاپ‌ها سری به پورت USB 3.0 نیز مجهز شده‌اند.,0,2,train
10431,اما همانطور که گفتیم، در قسمت بالای این دوربین یک پیچ تنظیم مشاهده می‌شود.,0,2,train
2441,این دوربین از نظر مشخصات فنی شباهت خیلی زیادی با دوربین W670 دارد، با این تفاوت که W630 مجهز به لنزی با توانایی زوم کمتر ولی سریع تر است.,0,2,train
4854,تقریبا با xbox یکی است اما خوش دست بودن دسته xbox بهتره اما از لحاظ تکنولوژی PS3 برتره,0,2,train
7854,در کنار این پورت، جک هدفون 3.5 میلی‌متری تعبیه شده است.,0,2,train
9488,سویچ های Auto/manual، OIS و پاور هم در کنار نمایشگر هستند.,0,2,train
4885,من یه پلی استیشن 3 داشتم که دادیم رفت الان یه xbox360 elite گرفتم چتد روز هم بیشتر نیست!,0,2,train
225,این گوشی درب پشتش پلم هست و کاربر اجازه دسترسی به باطری رو نداره و برای جا گذاری میکرو سیم یا سیم کارت های معمولی چون هم میکرو میخوره هم معمولی رایج و مموری کارت میکرو یک درب کوچیکی در پشت گوشی که مات تر هست بالای گوشی کنار جک 3.5 میلی متری صدا هست که بعد از برداشتن ان شیار هایه سیم و مموری مشخص میشه.,0,2,train
4624,که من حدود 50 تا نصب کردم .,0,2,train
3667,از مشخصه‌های جدیدی که در GZ-MG555 ارائه شده می‌توان به دست‌رسی مستقیم برای رایت DVD، تهیه آسان فایل‌های پشتیبان، قابلیت‌های ویرایشی تصویر در خود دوربین و پشتیبانی از SDHC اشاره کرد.,0,2,train
2046,سلام گوشیه خوبیه، صفحه ی نمایش رو هم که 4اینچ کردن، اما اینکه نمیتونه به حافظه ی ان دسترسی کامل برای نصب بازی یا کپی و ..,0,2,train
8896,"با این قیمت ها میشه از سایر برندهای مطرح مثل fuji panasonic olympus nikon , .",0,2,train
9013,در قسمت سمت راست دوربین می‌توانید جایگاه پورت‌های AV/USB و HDMI را ببینید.,0,2,train
197,من این حرفو قبول ندارم.,0,2,train
2809,"این دوربین همچنین مجهز به نمایشگر 3 اینچی 460,000 پیکسلی می‌باشد.",0,2,train
2064,آیفون 5 قراره با پردازنده 2هسته و صفحه TFT رقیب S III باشه !,0,2,train
1698,این اتفاق در پی کشمکش‌های اپل و گوگل بر سر سیستم عامل اندروید و اعلام اپل مبنی بر تحریم برنامه های ساخت کمپانی گوگل به وقوع پیوست.,0,2,train
1940,مثلا دوست من برای این گوشی قاب محافظ نخریده بود پس از استفاده ی یک ماهه پشت گوشی خش هایی دیده میشد و اما یک فرد میتونه یک ماه صبر کنه تا دو گوشی قدرتمند تر و با دوربین بهتر یعنی LG Optimus G E973 وAsus PadFone 2 با قیمت کمتر تهیه کنه.,0,2,train
5994,این دوربین چهارمین دوربینیه که من از این سایت برای خودم و آشنایانم میگیرم.,0,2,train
2668,دومی بزرگنمایی 0.6 برابر است که میدان دید لنز 35 میلی متری را در بر می‌گیرد.,0,2,train
11540,گوگل نیز در لیست لوازم جانبی این گوشی یک وسیله به نام Google Wireless Charging Orb قرار داده است که ظاهری شبیه به یک نیم کره دارد و می‌توان با قرار دادن Nexus 4 بر روی آن و از طریق ارتباط بی سیم، باتری گوشی را شارژ کرد.,0,2,train
3025,در این نقد می خواهیم به بررسی تبلت های چهار هسته ای بپردازیم.,0,2,train
6554,همچنین در جهت‌های دیگر نیز میانبر های دیگری مانند دوربین، گالری تصاویر و ایمیل وجود دارد که کافیست انگشتتان را به جهت هر یک از آن‌ها بکشید.,0,2,train
2840,همچنین قاب پشتی آن قابل باز شدن می‌باشد و به کاربر امکان تعویض باتری گوشی را می‌دهد.,0,2,train
10427,فراموش نکنیم بگوییم که همانند بسیاری از دوربین های Bridge دیگر، سنسور تصویر CCD این دوربین هم در ابعاد 1/2.3 اینچ می‌باشد و سنسور تصویر کوچکیست که معمولا بر روی دوربین های کامپکت هم استفاده می‌گردد.,0,2,train
5812,من یه htc sensation داشتم که تازه با galaxy SII عوض کردم.,0,2,train
1665,پردازنده A5 را قبل‌تر بر روی iPad های کمپانی اپل دیده بودیم و وقتی بر روی گوشی 4S به بازار آمد چندان ناشناخته نبود.,0,2,train
1107,حتی مرورگر هم روش نصبه کافیه اینترنت از نوع بریج نباشه فقط با کابل بهش بزنید با 40 اینچ برین توی اینترنت.,0,2,train
7879,درست است که مدتیست که اندروید 4.2 نیز عرضه شده است ولی به دلیل تفاوت‌های اندک آن با نسخه 4.1، نیازی برای گلایه در این قسمت نمی‌بینیم.,0,2,train
10757,مدل های HX30v، HX20v و HX10v.,0,2,train
10713,Xperia TX برای پخش موسیقی از نرم افزار Walkman استفاده می‌کند که پیش‌تر آن را در مدل‌های قبلی خانواده Xperia مانند گوشی‌های Xperia S و Xperia P نیز دیده بودیم.,0,2,train
8996,البته برای شروع فیلم‌برداری نیازی نیست که حتما در Movie Mode باشید و همین که دکمه‌ی Record که به رنگ قرمز است و در زیر آن قرار دارد را بفشارید فیلم‌برداری شروع می‌شود.,0,2,train
7131,دوربیندوربین موجود بر روی این گوشی تفاوت زیادی با دوربین One X ندارد.,0,2,train
5590,همانند بیشتر گوشی‌های سونی که اخیرا به نقد و بررسی آن‌ها پرداخته‌ایم، سیستم عامل این گوشی نیز اندروید نسخه‌ی 4 می‌باشد.,0,2,train
2911,نرم افزار TF700 به طور پیش فرض از اندروید 4.0 یا ساندویچ بستنی استفاده می‌کند.,0,2,train
8399,این یعنی اینکه در حالت زوم و محور X می توانید سه ماه کامل را جای دهید.,0,2,train
7301,علاوه بر توانایی فیلم برداری در این رزولوشن، Ixus 510 HS می‌تواند با رزولوشن های پایین تر هم فیلم برداری را انجام دهد.,0,2,train
4717,با عرض سلام به شما دوستان عزیز.,0,2,train
5824,سلام دوستان .,0,2,train
7881,البته این روان بودن صرفا به دلیل تغییراتیست که گوگل در ظاهر اندروید ایجاد نموده و تاثیری در سرعت دستگاه در هنگام بازی کردن یا کارهای معمولی ندارد.,0,2,train
11469,اگه نسبت تصویرش هم 16:9 بود به نظرم بهتر بود ولی برای وبگردی نسبت 15:9 بهتره.,0,2,train
4898,xbox دار ها اصلا نارحت نباشن چون Xbox 360 Slim داره میاد و م از نظر سخت افزار و هم از نظر قیمت می خواد ps3 رو قوررررررررررررررررررررررت بده,0,2,train
3403,دوستان سلام، این گوشی از دید من هیچ ضعفی نداره، دوستان از حافظه آن ایراد گرفتن و همچنین از عدم وجود گجتی بنام فایل منیجر، برام خیلی عجیبه، این گوشی بمحض لاگین شدن با اکانت مایکروسافت در همان لحظه 7 گیگ فضا بر روی گوشی شما اضافه می کنه از طریق اسکای درایو مایکروسافت و از همه مهمتر بمحض دریافت سیگنال اتصال به اینترنت، از تمامی فایلهای شما بک آپ میگیره و شما براحتی در هر زمانی که نیاز به فضا داشتید می توانید فایلهای قبلی را بدونه هیچ نگرانی حذف کنید چرا که در جای دیگر تمامی فایلهایتان عینا موجود می باشند و از طرفی با توجه به وجود نسخه دسکتاپی اسکای درایو و سینک لحظه ای درایو با کامپیوتر شما، شما تمامی فایل هایتان را بر سیستم خود نیز دارید و در یک کلام، حافظه این گوشی به اندازه ای است که حافظه خالی بر روی سیستم کامپیوتر، لب تاپ و یا حتی تبلت خود دارید برابری می کند فراموش نکنید تمامی صحبتهای من در بالا در مورد اسکای درایو، می توان با توجه به تنظیمات گوشی بدون دخالت شما صورت پذیرد و با وجود چنین فضایی فایل منیجر معنی ندارد چرا که براحتی دقیقا عین سیستم خودتان بر روی آن فولدر سازی کنید و حتی آن فایل را به اشتراک بگذارید و از همه مهمتر سطح دسترسی تعریف کنید.,0,2,train
8035,بدین معنی که در کمتر از یک ثانیه بافر دوربین پر می‌شود.,0,2,train
3100,از لحاظ طراحی، تفاوت محسوسی بین این مدل و مدل سال گذشته یعنی GALAXY Tab 7.0 Plus مشاهده نمی شود.,0,2,train
1645,پشت شیشه ای Gorilla Glass مدل پیشین، جای خود را به آلومینیوم آنودیزه داده است.,0,2,train
9392,پیشنهادهای مشابه و بهتر : sony xperia sola sony xperia u samsung galaxy w lg optimus l7 Sony Xperia Go LG Optimus 3D P920 Huawei U8860 Honor Sony Xperia Miro,0,2,train
12745,این گوشی مجهز به نمایشگر 3.7 اینچی لمسی Capacitive می‌باشد.,0,2,train
567,• بلندگوها در بالای کیبورد، دو بلندگوی استریوی دستگاه قرار دارند که در زیر یک گرید یک تکه تعبیه شده‌اند.,0,2,train
10723,•باتری سونی بر روی پرچم‌دار جدید گوشی‌های خود یک باتری 1750 میلی آمپر-ساعت قرار داده است.,0,2,train
670,خودم یه اچ پی مینی دارم که حدود 5 تا 6 ساعت راحت جواب میده اما اون سخت افزار و صفحه نمایشش به این غولی نیست.,0,2,train
2058,مثل قبل که سیری رو ارائه کرد و بازار و تکون داد.,0,2,train
2221,مدل قبلی با مشخصات سخت افزاری پایین‌تر از این مدل، همواره در Benchmark ها جزو گوشی‌های قدرتمند قرار داشت.,0,2,train
6707,به هر صورت همانطور که گفتیم، CX130، CX160 و XR160 دوربین هایی هستند تا حدود زیادی شبیه به هم که در مقدار حافظه‌ی داخلی با یکدیگر تفاوت دارند.,0,2,train
3073,هیچ لک و اثر انگشتی در پشت تبلت برجای نمی ماند.,0,2,train
12419,۱ رو داش.,0,2,train
4243,پیروز باشید.,0,2,train
3529,به جز این قابلیت‌ها، سامسونگ تغییر خاص دیگری در رابط کاربری تاچ ویز نداده است و نسبت به نسخه‌های گذشته تغییر خاص دیگری نداشته است.,0,2,train
11210,بدین ترتیب که موقعیت دقیق مکانی عکس هایی که می گیرید به همراه آن ها ثبت می شود.,0,2,train
977,اما اگر با دقت بیشتری به این دوربین نگاه کنیم، باید گفت که سنسور تصویر 10 مگاپیکسلی CCD سایز 1/1.7 اینچی P7100 با یک سنسور 12.1 مگاپیکسلی CMOS با همان سایز تعویض شده است.,0,2,train
4133,من امروز این گوشی بدستم رسید .,0,2,train
2157,ایا سرعت منوهایش دو برابره؟,0,2,train
1496,دوام باتریش می تونست بیشتر از این باشه.,0,2,train
250,"منم همین نظر و داشتم و از خرید این گوشی واسه یکی از فامیل ها واقعا به خاطر این عیب ناراحت بودم امروز که تو اینترنت راجب این موضوع سرچ میکردم دیدم نوشته: """""""" این 4 تا دکمه لمسی پایینی ion رو نباید فشار داد بلکه باید انگشتتو بکشی روش یعنی بصورت عمودی نیم سانتی متر از بالا به پایین انگشتتو بکش روش"""""" با این روش دیگه نیازی به فشار دادن رو دکمه لمسی پایینی این گوشی نیست من تست کردم جواب داد .",0,2,train
10291,من یه هفته میشه که خریدم.,0,2,train
12038,من که می خواستم گوشی بخرم دو تا تا انتخاب داشتم xperia sola .,0,2,train
12019,اکثر دو سیمکارته های آندرویدی یا صفحه نمایش ضعیفی و کوچکی دارن یا سخت افزارشون ضعیفه .,0,2,train
9068,عکس های این دوربین نیز بر روی کارت های حافظه ی Micro SD ذخیره می شوند.,0,2,train
11806,دوستانی هم که این گوشی رو دارند و یا خواهند خرید حتما برای آسیب ندیدن تاچ در اولین اقدام فیکس موجود رو نصب کنند.,0,2,train
2307,وقتی 64 Gig ظرفیت موجوده آیا این نیاز احساس میشه!,0,2,train
8183,این در حالیست که به نظر ما خیلی وایدتر می آید.,0,2,train
3917,همچنین در مناطق پر کنتراست مقداری Pixel Fringing مشاهده می‌شود.,0,2,train
588,سلام من باید یک نکته رو تو نظر قبلی اصلاح کنم اونم اینکه بجای درایور اثر انگشت (finger print) به اشتباه نوشتم درایور بلوتوث.,0,2,train
9942,بگذارید یک مثال بزنیم.,0,2,train
327,G580 در رنگ‌های مختلفی در بازار وجود دارد که برای مثال می‌توان به رنگ‌های مشکی، قرمز و آبی اشاره کرد.,0,2,train
5457,فکرکنم با JB هم که براش میاد بیشتر هم بشه,0,2,train
8953,هرچند که ممکن است برای لحظاتی تصویر تار و سپس دوباره واضح شود.,0,2,train
1210,حالت اول سختی‌های خاص خودش را دارد، و حالت دوم باعث می‌گردد که همه‌ی کسانی که در نزدیکی شما قرار دارند کل مکالمه شما را بشنوند.,0,2,train
12929,قیمتش مناسب باشه یه آبیش رو میگیرم,0,2,train
12502,محیط برنامه دوربین، تغییر خاصی نسبت به گوشی‌های قبلی نداشته و گزینه جدیدی در بخش تنظیمات عکس‌برداری و فیلم‌برداری مشاهده نمی‌شود.,0,2,train
4962,در جلوی کنسول درب درایو دی وی دی .,0,2,train
10618,من از این گوشی راضیم تنها مشکلم اینه که شبها نمی تونم باهاش عکس بگیرم ولینم به خاطر نداشتنه فلاشش است.,0,2,train
11594,"همانند بیشتر دوربین‌های Bridge پیشرفته، بر روی این یکی هم پیچ تنظیمی وجود دارد که از طریق آن می‌توانید مودهای عکاسی اتوماتیک و یا مودهای عکاسی حرفه ای P,A,S,M را هم انتخاب کنید.",0,2,train
3333,این نخستین دوربین فیلم برداری HD از این خانواده است که می توانید روی آن از لنزهای مختلف استفاده کنید.,0,2,train
10183,پس از روشن شدن گوشی هم باید تاریخ و ساعتشو تنظیم کنم که البته اینارو میدونستم.,0,2,train
5008,البته دسته‌ی بازی طراحی شده در این کنسول از لحاظ طراحی شباهت فراوانی به دسته‌ی بازی نوع Sکنسول XBOX دارد.,0,2,train
799,علاوه بر این امکان دریافت برنامه های دیگری نیز از طریق اینترنت وجود دارد.,0,2,train
1275,خواستین بخرین یه نگاهی هم به این گوشی بندازین.,0,2,train
3037,البته تبلت Huawei MediaPad 10 FHD نیز از رم 2 گیگابایتی بهره می برد.,0,2,train
3038,با سلام خدمت همه ی دوستان عزیز.,0,2,train
8185,نمایشگر نیز تقریبا همانی است که از مدل نخست وجود داشت.,0,2,train
11908,• و برنامه‌ریزی - توانایی ضبط و دیدن لیست برنامه‌ها دیجیتال و زیرنویس فارسی با گیرنده‌ی دیجیتال جدید فراسو دیگر هیچ برنامه‌ای را از دست نخواهید داد.,0,2,train
6731,مود اتوماتیک هوشمند برای افرادیست که قصد دارند با دوربین خود به صورت اتوماتیک عکاسی کنند.,0,2,train
11203,البته این مقدار در حالت گسترده از 50 تا 102400 می باشد.,0,2,train
2625,به نظرم برای خرید انتخاب کنید.,0,2,train
3825,* کیفیت عملکرد واقعی ممکن است بسته به مشخصات فنی مدل‌ها و محدودیت‌های سخت‌افزاری متفاوت باشد.,0,2,train
12349,این دوربین توانایی عکاسی پیاپی با سرعت 10 فریم بر ثانیه را هم دارد.,0,2,train
11338,به خصوص اینکه این دوربین از سنسور نورسنج جدید iFCL 63 نقطه‌ای بهره می‌برد.,0,2,train
9142,قسمت جلوی دستگاه بیشتر توسط صفحه نمایش 4 اینچی آن اشغال شده است.,0,2,train
9955,بنابراین تفاوتی نمی‌کند که شما چه بگویید و این بیشتر شبیه به یک مکالمه‌ی واقعی می‌باشد.,0,2,train
6351,در قسمت بالای نمایشگر، سنسور سنجش نور محیطی و دوربین جلویی، و در قسمت زیر نمایشگر دو دکمه‌ی لمسی آندرویدی دیده می‌شود.,0,2,train
9098,من اولین گوشی هوشمندی است که گرفتم.,0,2,train
12162,به طوری که دکمه های پیرامونی عملکرد دوم خود را از دست داده اند و دکمه ی میانی Set اکنون نقش Quick Menu را هم ایفا می کند.,0,2,train
2438,هر چند اکنون شاهد گوشی هایی با صفحه تصاویر بزرگ (حتی گاهی بزرگ تر از این پدفون) هستیم دارای سایز مناسبی هست و حمل اون از مینی تبلت های 7 اینچی آسون تر هست و کارایی های یک گوشی هوشمند (تماس صوتی - ارسال پیامک و .,0,2,train
1115,حافظه 800 مگابایت تلویزیون و دانلود نرم افزار های مخصوص تلویزیون از طریق نرم افزار samsung apps که برنامه ها رو از طریق tv دانلود و اتوماتیک خودش نصب میشه و میتونید استفاده کنید5.web browser6.,0,2,train
6497,با توجه به رشد قیمت و ارز و غیره.,0,2,train
11301,حتی اثر لرزش‌گیری تصویر را می‌توان در چشمی هم مشاهده کرد.,0,2,train
8239,خودم اس تری مینی گرفتم 2 ماه قبلا هم نوکیا داشتم .,0,2,train
13066,اندازه و رزولوشن نمایشگر iPod دقیقا همانند iPhone می باشد.,0,2,train
9413,از همین سایت دیجیکالا خریدم.,0,2,train
1950,خدا رحمت کنه استیو جابز رو.,0,2,train
11565,بهترین حالت اینه که این حسگر ها بین 10 تا 12 مگاپیکسل باشند.,0,2,train
4004,بنابراین بیشتر منتظر تغییرات نرم افزاری در این مدل باشید و چشم به اعدادی مانند 18 مگاپیکسل و.,0,2,train
1293,صفحه نمایش هم در حد معمولیه.,0,2,train
2376,منتظرم واردایران بشه میخرمش,0,2,train
5021,واحد پردازش گرافیکی (GPU) Xenos نام اختصاصی پردازند‌ه‌ی‌گرافیکی کنسول XBOX 360 است که شرکت ATI آن را طراحی کرده است.,0,2,train
4237,1008 MHz screen resolation= 480 * 800 gpu render=dreno 203 open gl=open gl ES 2.0 memory available=816 MB camera=5MP ndroid=4.1.1,0,2,train
6894,اچ تی سی هرگز گوشی بد نمیزنه ولی با این حال بازم به پای XPERIA Z نمیرسه سونی توی اکسپریا زد دوربین 13 گذاشته ولی این دوربینش 8 و باتری اکسپریا زد 2330 ولی این 2020 ولی در باقی امکانات سخت افزاری این گوشی همانند اکسپریا زد هستش,0,2,train
9932,نرم افزارمدت زمان زیادی از معرفی iOS 5 نمی‌گذرد، با این حال بر روی iPhone 4s استفاده شده است.,0,2,train
7865,در پایین قاب فلزی، یک بلندگوی مونو تعبیه شده است.,0,2,train
7435,برای اسکن چند سند و تبدیل آن به یک فایل PDF، می‌بایست چند بار همان دکمه‌ی PDF را بفشارید و نهایتا دکمه‌ی Finish را بزنید.,0,2,train
7672,صفحه نمایشدر سال 2010، کمپانی اپل برای اولین بار با تولید گوشی آیفون4، از صفحه نمایش با دقت بسیار بالای خود یعنی Retina پرده برداری کرد.,0,2,train
2687,سرعت فوکوس خودکار این دوربین بهترینی نیست که تا به حال دیده ایم.,0,2,train
9312,همچنین صدای شاتر هم در این دوربین تغییر کرده و دیگر شبیه به دیگر دوربین های سطح Rebel نیست.,0,2,train
5144,سفید رنگ با درایو سفید.,0,2,train
12575,ما در این مدت با آن تماس‌های تلفنی برقرار کردیم، بازی کردیم، بلوتوث، پخش موسیقی، مرورگری اینترنت ارسال و دریافت پیام هم در برنامه‌ی ما بودند.,0,2,train
1758,من این گوشی رو تست کردم.,0,2,train
188,ممنون دیجی کالا,0,2,train
8884,تنها عیبی که میشه از f600 گرفت که در هنگام فیلمبرداری تصویر کمی تار میشه.,0,2,train
3470,رزولوشن فکس در این دستگاه برای حالت سیاه و سفید 300 × 300 dpi و برای حالت رنگی 200 × 200 dpi می‌باشد.,0,2,train
3223,ویژگی های برجسته نکسوس 7 :1.,0,2,train
3452,سرعت چاپ در حالت سیاه و سفید در حدود 8.7 صفحه در دقیقه و برای حالت رنگی 5 صفحه در دقیقه می‌باشد.,0,2,train
12031,من خیلی گوشی هارو تست کردم.,0,2,train
1859,ولی در هر زمان که گوشی داشتم در یک یا دو آیتم سرآمد زمان خود به شمار می رفت ، تا اینکه از مجموع ارمان های مدنظر تجربه ی شخصی ام در کاربریه ایده آل را در این پیدا کردم که در استفاده روزانه انعطاف پذیری مهم ترین خصیصه ی یه گوشی همراه است!,0,2,train
9847,• جمع بندیمی‌توان تقریبا این‌گونه جمع بندی کرد که این تبلت برادر Transformer Pad Infinity محسوب می‌گردد که با سیستم عامل Windows 8 RT ارائه گردیده است.,0,2,train
3455,اسکنر یکی دیگر از قسمت‌های این دستگاه اسکنر آن است.,0,2,train
4889,راه حل چیه واسه جلوگیری از این کار؟,0,2,train
6533,بر روی لبه سمت چپ دستگاه، جک 3.5 میلی متری هدفون و در آخر بر روی ضلع چهارم یا بالایی دستگاه نیز شکاف قرار گیری کارت حافظه ( به همراه سیم کارت در مدل‌های سیم کارت خور ) که البته توسط درپوشی محفوظ گردیده قرار گرفته است.,0,2,train
7139,از جمله این امکانات، قابلیت عکاسی HDR و Panorama می‌باشد.,0,2,train
10755,به خصوص اینکه کانن و نیکون هم کامپکت های این رده ی خود را معرفی کرده اند تا مشخص شود رقبای سال 2013 ی این دوربین زوم بیشتر از 22 برابر ندارند (نیکون S9500 دارای زوم 22 برابر است).,0,2,train
11343,همانند دیگر دوربین‌ها یک Histogram و Grid برای کاربرد مخصوص به خودشان موجود می‌باشد و در ضمن می‌توان تا 10X در تصویر بزرگنمایی کرد.,0,2,train
1392,هنگامی که سیستم در حال انجام پردازش‌های سنگین است، فن‌های خنک کننده فعال شده و هوای خنک را از چپ و راست قسمت پایینی دستگاه به داخل هدایت کرده و از دریچه های خروجی، خارج می‌کنند.,0,2,train
11305,چهار تای نخستین برای حرفه‌ای‌ها توضیح خاصی نمی‌خواهند ولی برای افرادی که با دوربین‌های DSLR کانن آشنا نیستند مود A-Dep باید کاملا جدید باشد.,0,2,train
8308,من این گوشی رو داشتم.,0,2,train
3219,از برچسب شفاف روی صفحه استفاده نکنید حتما از برچسب مات بگیرید که دائم جای دستتون روش نمونه.,0,2,train
6937,کسایی که اندروید رو با اچ تی سی تجربه کردن میدونن من چی میگم.,0,2,train
12146,کل برد الکترونیکی آن نیز مطمئنا آب رفته است.,0,2,train
11810,]چند روزه که این گوشی را خریدم..,0,2,train
4323,اگه یه پخش کننده موسیقی همه کاره می خواهید و هزینه ان را دارید .,0,2,train
8827,این دوربین رو چند ماهیه که با مشورت یکی از فروشندگان قدیمی خریدم.,0,2,train
12492,کیبورد نیز در رابط کاربری Xperia V تغییراتی داشته است.,0,2,train
9443,• دوربیندوربین نصب شده بر روی Neo L با دقت 5 مگاپیکسل، عکس‌هایی با رزولوشن 1944×2592 پیکسل را برای ما ثبت می‌نماید.,0,2,train
1825,با سلام خدمت همه دوستان ، من می خوام نظر خودم رو درباره ی اپل آیفون 5 بدم.,0,2,train
6948,2- دیجی کالا تو معرفی برترین گوشیهای 2012 مقایسش نکرد.,0,2,train
9338,اما در سال 2012 احتمالا دوربین باید کمی در رده ی ارزان قیمت قرار بگیرد تا چنین ترکیبی را بر روی آن ببینیم.,0,2,train
4877,نه عزیز شما نباید تا این اندازه خودت رو از سه چراغه شدن xbox360 اون هم در مدل elite بترسونی.,0,2,train
1193,برای قرار گرفتن گوشی در محل قرار گیری آن، یک درب ضامن دار قرار دارد که به محض بسته شدن آن، تصویر صفحه‌ی نمایش گوشی به داک منتقل شده و آماده‌ی انجام وظایف خود به عنوان تبلت می‌شود.,0,2,train
8897,تهیه کرد .,0,2,train
11036,و چه بهتر که ما کارایی را به پرستیژ نفروشیم.,0,2,train
11315,یک مود CA یا Creative Auto هم وجود دارد که برای مبتدیانی است که نمی‌خواهند از Scene intelligent Auto استفاده کنند.,0,2,train
5299,• نرم افزار همان‌طور که گفته شد Google Nexus 7 اولین تبلتی است که به صورت پیش فرض از نسخه 4.1 یا Jelly Bean اندروید بهره می‌برد.,0,2,train
6784,سینا,0,2,train
9503,این تفاوت رو در رنگ آیکونها هم به راحتی میشه حس کرد.,0,2,train
9783,تنها اشکالی که پیش اومد این بود که من چهارشنبه دوربین رو سفارش دادم و قرار بود که پنجشنبه بیارن اما پنجشنبه صبح در مورد آدرس کار داشتم و تماس تلفنی گرفتم و کسی پاسخگو نبود اما همون ساعتی که قول داده بودن برام دوربین رو آوردن.,0,2,train
12494,مغز متفکر Xperia V، چیپ Qualcomm Snapdragon S4 است که دارای پردازنده دو هسته ای 1.5 گیگاهرتزی Krait و پردازشگر گرافیکی Adreno 225 است.,0,2,train
12156,کنترل هایی چون دایل قسمت بالایی، دکمه ی ISO، جبران نوردهی و AF/AE Lock.,0,2,train
3084,سیستم عامل محصولات اپل بازی ها و برنامه های فوق العاده ای داره و اندروید هم همینطور اما شاید اندروید با اومدن سیستم عامل ویندوز از یاد بره اما سیستم عامل اپل همیشه یک سیستم عامل محبوب خواهد ماند.,0,2,train
1674,در آزمایش Triangle Texture Test که مربوط به قدرت پردازش گرافیکی دستگاه است یک محصول دیگر کمپانی اپل یعنی آی پد 3 با اختلافی ناچیز اول شد.,0,2,train
5752,از نظر شارژدهی بسیار شبیه به گوشی های HTC Incredible S و HTC Desire S می‌باشد.,0,2,train
5337,پس از درخواست های بسیار کاربران آندروید برای چشیدن طعم سیم کارت بر روی تبلتشان ، بالاخره گوگل امکان استفاده از سیم کارت را همراه با فضای ذخیره بشتر (32GB) درون سوگلی محصولاتش فراهم کرد.,0,2,train
10761,بعلاوه ی چیزی شبیه به دستگیره.,0,2,train
4965,در پشت نیز پورت صدا و تصویر .,0,2,train
63,همان‌طور که گفتیم، به جز سه تفاوتی که در لنز، عدم عکاسی در فرمت خام RAW و عدم تجهیز به GPS که بین F660 و F770 وجود دارد، و همچنین مقداری اختلاف جزئی در طراحی بدنه و وزن دوربین، این دو کاملا شبیه به یکدیگر می‌باشند.,0,2,train
2154,تقریبا دو برابره چند تا سوال در مقایسه با S3:ایا پردازنده این گوشی دو برابره S3 قدرت داره؟,0,2,train
5314,),0,2,train
5249,تبلت مذکور از تمام فرمت‌های کتاب الکترونیکی پشتیبانی می‌کند.,0,2,train
4920,به نظر من هرکی که کامپیوتر میخره که فقط باهاش بازی کنه بزرگ ترین اشتباه زندگیشو می کنه.,0,2,train
2807,عکس‌ها و فیلم‌ها نیز بر روی کارت‌های حافظه‌ی Micro SD، Micro SDHC ذخیره می‌شوند.,0,2,train
6090,فقط اچ پی,0,2,train
5133,به این معنا که کاربر خود را در مرکز دنیای ساختگی توسط این کنسول حس خواهد کرد.,0,2,train
4993,بعد از وارد شدن کنسول PlayStation 2 به بازار جهانی در سال ۲۰۰۰میلادی توسط شرکت سونی، شرکت مایکروسافت (Microsoft) که معتبرترین شرکت نرم افزاری در جهان است، در سال ۲۰۰۲ میلادی اولین کنسول بازی خود را با نام XBOX وارد بازار کرد.,0,2,train
10030,نسبت به قیمتش مناسبه اما باتریش به نظر ضعیف میاد,0,2,train
12718,هم چنین ویدیو کال هم داره.,0,2,train
3359,ترین دوربینیه که به عمرم دیدم.,0,2,train
6615,این دوربین با یک سنسور تصویر 1/4.85 اینچی HD CMOS همراه شده است که توانایی عکاسی با رزولوشن 3.05 مگاپیکسل را فراهم می‌کند.,0,2,train
3042,و اینکه ایراد دیگری به جز اون نتونستم بگیرم.,0,2,train
7330,• طراحی و ساختاز نظر ظاهری، این نوت‌بوک شباهت زیادی به HP 1000 دارد.,0,2,train
9252,سپس با استفاده از Contrast detection عمل Fine tune انجام می گیرد.,0,2,train
12733,کیفیت صداشم میخوام بدونم خوبه یا نه و این که فارسی ساپرت میکنه یا نه؟,0,2,train
3411,چون با این بودجه میشه گالکسی اس٣ خرید که امکانات بهتری داره.,0,2,train
7710,برام عجیبه یه جمله ی اشتباه که درمورد اپل جا افتاده اینه که اپل تو ایران کارایی که باید رو نداره ؟,0,2,train
5098,لازم به ذکر است که درایو های Benq که به تازگی کپی‌خور شده‌اند فقط در مدل‌های Halo Edition، سری‌های جدید Elite و هم‌چنین Premium های جدید که دارای ورودی HDMI و heatsink اضافه هستند وجود دارد.,0,2,train
6170,اصلا فکر نکنین که واسه بازی های آنلاین نیاز به سرعت افسانه های دارین.,0,2,train
790,از جمله قابلیت‌های ارتباطی HTC Desire SV می‌توان به پشتیبانی از Wi-Fi، GPRS، 3G اشاره کرد که برقراری ارتباط با اینترنت را به سهولت فراهم می‌کنند.,0,2,train
11,پرینت دورو باید به صورت دستی انجام شود.,0,2,train
10055,• کیبورد و تاچ پدHP بر روی Sleekbook ها یک کیبورد جزیره ای با کلیدهای بزرگ و جدا از هم قرار داده است.,0,2,train
12407,و مرگ ناگهانی در مدل xperia z هست که برطرف شد با آپدیت .,0,2,train
10082,با توجه به ابعاد و ظرفیت این باتری ها، انتظار شارژدهی بالایی از Sleekbook ها نداشتیم.,0,2,train
1649,با اینکه در کل مانند همگی محصولات اپل، این گوشی نیز از بهترین مواد تشکیل شده است اما بدنه آلومینیومی آن به راحتی خراشیده می‌شود و احتیاج به مراقبت بیشتری دارد، که البته با قرار دادن یک محافظ بر روی آن این مشکل به طور کلی برطرف می‌گردد.,0,2,train
107,عکس‌های گرفته شده نیز بر روی کارت حافظه‌ی SD/SDHC/SDXC ذخیره می‌شوند.,0,2,train
821,من فکر میکنم این نقص ها معمول هستند بین شرکتها برای اینکه تنوع محصولی اینطور ایجاب میکنه و در اینده نزدیک مدل دیگه ای با رفع این نواقص عرضه خواهد شد .,0,2,train
4925,ps3 پروسسور 7 هسته ای داره، blu-ray پلیر و WiFi داخلی داره که هیچکدومو xbox نداره و قیمت بالاتر ps3 هم برای همین چیزهاست.,0,2,train
3371,اما کلید های کنترلی Start، Back و Search در قسمت زیرین صفحه نمایش قرار دارند.,0,2,train
1784,هیچ وقت سرعت گوشی رو با هیچ چیز عوض نکنین!,0,2,train
12087,این دستگاه ابعادی با اندازه‌های 28×152×230 میلی‌متر و 900 گرم وزن دارد.,0,2,train
5979,"عکس‌ها و فیلم‌ها می‌توانند بر روی کارت‌های حافظه‌ی SD/SDHC/SDXC/Memory Stick Duo,Pro Duo,Pro HG Duo ذخیره شوند.",0,2,train
12129,L610 همانند بسیاری دیگر از دوربین های هم رده از نوع Point to Shoot یا نشانه و عکس می باشد.,0,2,train
9931,البته سایز این گوشی برای دست‌های متوسط و کوچک سایز مناسبی است ولی به هر صورت هنوز بحث بر سر ابعاد ایده‌آل یک گوشی هوشمند باقیست.,0,2,train
1304,با اینکه گوشی زیاد دارم، ولی با این مشخصات و این قیمت آدم وسوسه میشه که اینم بخره.,0,2,train
5395,بیشترین کاربرد این قلم در هنگام کار با برنامه Memo می‌باشد.,0,2,train
4254,این گوشی رو چند روز هست که خریدم.,0,2,train
3837,قابلیت Wi-Fi داخلی به شما اجازه دسترسی یافتن به تجهیزات سازگار که در نزدیکی قرار دارند، شامل تجهیزات همراه را می‌دهد.,0,2,train
1262,با سلام دوستان gpu به کار رفته در این گوشی از نوع adreno 200 می باشد ، با نرم افزار آنت تست گرفتم cpu : cortex a5 1 ghz ram : 768 gpu : adreno 200 ----------  با یه e dual مقایسه کردم ، بزرگی صفحه e dual بهتره و کی برد e dual برای اس ام اس زدن راحت تر بود ، ولی کیفیت تاچ و رنگ و لعاب صفحه نمایش young بهتر بود در ضمن منو های e dual به نظرم خیلی ساده تر از young بود ( از young بیشتر خوشم اومد )  ---------------------,0,2,train
7964,بقیه مشخصاتش هم که اصلا فرقی با SX50 اونقدر نداره.,0,2,train
11825,نقاط قوت: 1.,0,2,train
3602,• باتری Acer همراه سری E1-531 یک باتری شش سلولی لیتیوم یونی ارائه می‌دهد.,0,2,train
8938,همانند آن چیزی که بر روی آخرین دوربین‌های سری PEN کمپانی Olympus دیده می‌شود، در این دوربین نیز می‌توانیم به جلوه‌ی Diorama (که کانن در منوی Functions و به نام Miniature Effect قرار داده) دسترسی پیدا کنیم.,0,2,train
1890,در مورد صفحه هم اسم این گجت گوشی هست نه فبلت !,0,2,train
11216,شما می توانید از این طریق تصویر Live view را بر روی دستگاه خود مشاهده کنید و تنظیمات نوردهی را در دست بگیرید.,0,2,train
1870,یه LG optimus 4x hd p880 درست یک سوم این آیفون 5 قیمتشه.,0,2,train
9980,ما این دوربین را در خیابان و در حالی که حرکت می‌کردیم و عکس می‌گرفتیم تست کردیم.,0,2,train
13039,می خواستم یه راهنمایی کنید درمورد نرم افزار آی تونز.,0,2,train
7271,اما M41 یک تفاوت اساسی به دو مدل دیگر دارد و آن چشمی الکترونیکی سرخود است.,0,2,train
2406,سیستم قرارگیری گوشی در داک تبلت در مدل جدید به طور کامل تغییر کرده است.,0,2,train
11866,من به این گوشی نمره 9.4 می دهم.,0,2,train
10067,در نهایت می توان به یک کارت خوان چند کاره نیز اشاره کرد که بر روی لبه سمت راستی لپ تاپ تعبیه شده است.,0,2,train
272,یا ال جی 4x,0,2,train
8420,همچنان هم از نوع کاملا چرخنده می باشد.,0,2,train
12916,موفق باشید - التماس دعا.,0,2,train
4803,سوییچ زوم دقیقا زیر انگشت حلقه ی دست راستتان قرار می گیرد.,0,2,train
5349,6.,0,2,train
11770,و همچنین مدل pro.,0,2,train
2391,در کل همان‌طور که از یک محصول ساخت کمپانی ایسوس انتظار می‌رفت، کیفیت ساخت گوشی بسیار خوب بوده و بدنه از استحکام بالایی برخوردار است.,0,2,train
693,در یک کلام به قول دوستمون probook 4540 Is the best choice,0,2,train
8989,سپس به پیچ تنظیم که به اندازه‌ی یک سکه است می‌رسیم.,0,2,train
2657,ولی تغییرات اصلی را می‌توانیم در درون دوربین شاهد باشیم.,0,2,train
11545,این دوربین رو از دیجی کالا گرفتم.,0,2,train
8762,با تشکر از دیجی کالا.,0,2,train
1124,به دستم که برسه یه نقدم من میذارم!,0,2,train
5873,سرعت .,0,2,train
1528,تصور کنید که همه کتاب‌ها و جزوات درسیتان را یکجا در قالب یک دستگاه بتوانید جمع آوری کنید، همیشه و در هر جا همراه داشته باشید و هر زمان که وقت و حوصله دارید به آن‌ها رسیدگی کنید.,0,2,train
12619,یکسانه و تفاوت ها اینقدر کمه که میشه ازشون به راحتی گذشت.,0,2,train
1313,"تا چند روز پیش خیلی گشتم یه گوشی خوب در حد توانم بگیرم ,شک داشتم چی بخرم تا که مشخصات این گوشی رو دیدم.",0,2,train
170,و اما جزئیات.,0,2,train
4689,"264), RealVideo 8, SDP, WMVازهمین سایت بخرید من که خریدم خیلی هم راضیم",0,2,train
6819,ای کاش گوشی‌های هوشمند از ۴.,0,2,train
2730,بر روی لبه بالایی گوشی کلید پاور به همراه جک 3.5 میلی متری صدا قرار دارند.,0,2,train
8931,پیچ تنظیم شوتینگ مودها در قسمت سمت راست و بالای سطح پشتی آپشن‌های زیادی را در خود جای داده است که تعداد آن‌ها در کل به 13 عدد می‌رسد.,0,2,train
11600,ویدیوها می‌توانند در فرمت MPEG 4 و AVI H.,0,2,train
10779,با این حال تصور ما این است که در هنگام استفاده از زوم 30 برابر، به خصوص وقتی که به دلیل شرایط نوری یا هر چیز دیگر، سرعت شاتر پایین است، بهتر است که از سه پایه استفاده کنید.,0,2,train
2780,از نظر ظاهری، DV300F ظاهری کاملا شبیه به دوربین‌های کامپکت دیگر دارد.,0,2,train
2886,در قسمت پایینی تبلت نیز پورت اتصال و شارژ تبلت و شیارهای اتصال به داک کیبورد تعبیه شده‌اند.,0,2,train
12679,سلام قبل از هر چیز به مدیران این سایت خسته نباشید میگم بابت سایت خوبشون من کلیه نقدها رو نسبت به این گوشی و هم رده های خودش خوندم ببینید اگه قراره نقاط ضعف و قوت بزارین باید برای همه ی گوشی ها بزارین این گوشی هیچ فرقی با نئو نداره.,0,2,train
8228,لازم دونستم این مطلب را قرار بدم اولا که این گوشی دو سیم کارتست و مهم تر از اون روی جعبه دقیقا قید شده که 17 ساعت مکالمه باتری حواب می ده یا 25 روز استند بای .,0,2,train
347,• کیبورد و تاچ پد G580 دارای یک کیبورد جزیره ای است که با نام کیبورد AccuType نیز شناخته شده و سمت راست این کیبورد بخش عددی جداگانه (Numpad) قرار دارد.,0,2,train
10633,البته کلا این رابط در ورژن جدید اندروید حذف شده .,0,2,train
11087,ابعاد آن 180×262 میلی‌متر و قطر آن نیز اندکی کمتر از یک سانتیمتر می‌باشد.,0,2,train
6516,داخلش پک نرم افزاری وسترن دیجیتال هست که برای شخصی سازی بیشتر کنترل هارد میتونید نصبشون کنید.,0,2,train
9836,• سخت افزارحال می‌خواهیم مشخصات سخت افزاری این تبلت را شرح دهیم.,0,2,train
1993,در خصوص نوت 2 هم باید بگویم این گوشی چهار هسته ای نیومده در پنجمارک ها از گوشی تازه وارد سونی یعنی Xperia T با پردازنده ی دو هسته ای و چیپست قدرتمند Qualcomm MSM8260A Snapdragon شکست خورد و شانس این گوشی و کلا برند ساسمونگ برای کسب بهترین اسمارت فون سال 2012 از 76 درصد به 12 درصد کاهش یافت.,0,2,train
12096,حسگر JVC GZ-MG335، از نوع CCD می باشد که دقت آن، 0.8 مگاپیکسل و اندازه اش، 1.6 اینچ است و فیلم های شما را در قالب MPEG2 ذخیره می کند و نمایش می دهد.,0,2,train
12266,من دقیقه نود سال 1391 این دورین رو خریدم و باهاش تو عید 92 فیلم برداری و عکس برداری کردم تا اونجا که تقریبا 20 گیگ رم پر کردم.,0,2,train
2020,پردازنده 2 هسته ای.,0,2,train
3627,اما در مورد صفحه کلید این دستگاه که Touch Cover نام دارد هم توضیحاتی لازم است.,0,2,train
3484,در مورد فکس نیز اگر نیاز دارید که دستگاه فکس شما گوشی داشته باشد، باید از انتخاب این چندکاره خودداری کنید.,0,2,train
4615,در خریدنش شک نکنید .,0,2,train
10622,با عرض سلام اول به دیجی کالا و بعد تمام کاربران خوب این فروشگاه من این گوشی را 7 ماه پیش از دیجی کالا خریدم.,0,2,train
3884,البته یک سویچ در کنار آن وجود دارد که می‌توانید انتخاب کنید که با حلقه می‌خواهید زوم کنید و یا عمل فوکوس را انجام دهید.,0,2,train
1622,این واقعیتی است که اپل آن را در مراسم معرفی iPhone 5 اعلام کرد.,0,2,train
2392,در جلوی گوشی صفحه نمایش عریض 4.7 اینچی قرار دارد که در بالای آن دوربین دوم 1.2 مگاپیکسلی تعبیه شده است.,0,2,train
3181,من یه گالاکسی تب 2 _3100 خریدم .,0,2,train
10696,•طراحی طراحی گوشی شباهت بسیاری به گوشی زیبای Xperia arc دارد، به طوری که قسمت پشتی دستگاه دارای یک انحنا بوده و ضخامت قسمت میانی کمتر از بالا و پایین گوشی است.,0,2,train
4663,من هنگام خریدن با اکسپریا ارک مقایسش کردم تقریبا تمامی سیستمش با ارک یکیه.,0,2,train
4769,دوست گرامی همه‌ی فلاش‌ها اگر مستقیم زده‌شوند سایه دارند,0,2,train
5062,• ریجن‌های مختلف از لحاظ کیفیت ساخت هیچ تفاوتی با یکدیگر ندارند و تقریبا تمام کنسول‌های XBOX360 ساخت کشور چین هستند، حتی ورژن‌های آمریکایی آن‌ها.,0,2,train
3297,فیلم برداری 1440 x 1080p در فرمت MPEG4 و کیفیت 9mbps نیز می تواند انجام شود.,0,2,train
10239,اندروید 4 و دوربین 5 مگاپیکسل و.,0,2,train
5127,معرفی xbox360  شاید بسیاری از شما علاقه مندان به بازیهای رایانه ای مالک یکی از چهل میلیون دستگاه xbox 360 در دنیا باشید یا تجربه بازی با آن را داشته باشید و یا اینکه حداقل وسوسه خرید آن تا مدتها ذهن شما را به خود مشغول کرده باشد!,0,2,train
10915,باید کار کنید تا بفهمید.,0,2,train
10445,در آینده سعی می‌کنیم که اطلاعات بیشتری را از این محصولات ارائه دهیم.,0,2,train
664,اما اون رو به یکی از دوستان معرفی کردم و اون تهیه کرد و باهاش کار کردم.,0,2,train
3819,پردازنده دو هسته‌ای تلویزیون خود را به نسل جدید و سریع‌تر فن‌آوری چهار هسته‌ای تغییر دهید.,0,2,train
4685,چون بعضی ها ترجیح میدن که یک گوشی بخرند که راحت تو جیبشون جا بشه و بتونن هرجایی ببرنش و از سوی دیگه اختلاف قیمت زیادی بین این دو مدل است .,0,2,train
10552,دوربیندوربین 3.2 مگاپیکسلی Sony Xperia E قادر است عکس‌هایی با رزولوشن 2048×1536 پیکسل را ثبت نماید.,0,2,train
851,با سلام خدمت همه دوستداران تکنولوژی!,0,2,train
8513,ولی به هر صورت در یک کلام می‌گوییم که انتظاری که از یک دوربین دیجیتال عکاسی دارید را نباید از عکاسی 14 مگاپیکسلی این دوربین فیلم برداری داشته باشید.,0,2,train
12567,سیستم عامل چه کمبودهایی دارد؟,0,2,train
4995,نسل جدید کنسول‌های بازی که در حال حاضر آخرین نسل از کنسول‌های موجود در بازار هستند، ابتدا در سال ۲۰۰۵ میلادی توسط مایکروسافت ارائه شدند.,0,2,train
10331,به همین دلیل مشکلی در کار کردن با این گوشی در فضاهای پر نور و یا در زیر تابش نور آفتاب نخواهید داشت.,0,2,train
925,البته فراموش نکنیم بگوییم که نمایشگر این دوربین با نسبت 3:2 مقداری وایدتر از نمایشگر دوربین G5 که نسبت 4:3 را ارائه می داده است.,0,2,train
7414,) هست که به نظرم حداقل از دید کاربرای ایرانی میتونه یه نقطه ضعف بزرگی برای این لپتاپ باشه که خوشبختانه یا بدبختانه راه حلی هم داره که اون گذر زمانه .,0,2,train
11934,در ضمن نمی دونم از کجا برچسبش رو بخرم,0,2,train
9596,به قول همه بعد از این همه انتظار گوشی آیفون 5 بالاخره از راه رسید.,0,2,train
890,هرچند که واقعا زوم 42 برابر با 50 برابر تفاوت چندانی ندارد.,0,2,train
8063,بدنه، نمایشگر، چشمی الکترونیکی و از همه مهم‌تر لنز بین این دو دوربین مشابه هستند.,0,2,train
4639,مشکل .,0,2,train
1971,هر ورژن جدیدی که از اندروید تولید میشه گوشیهایی که اندروید 2.1 و یا پایینتر استفاده میکنن از رده خارج میشن درحالی که ios این شکلی نیست و با اینکه ios 6 جدیدترین ورژن سیستم عامل هست همچنان دستگاههای قدیمی تر مثل iphone 3gs میتونن ازش استفاده کنن و مجبور نیستید با عرضه شدن هر نسخه از سیستم عامل گوشیتونو عوض کنید.,0,2,train
5663,Samsung GALAXY Tab 2 10.1 به طور پیش فرض از سیستم عامل اندروید 4.0 به همراه رابط کاربری همیشگی سامسونگ یعنی TouchWiz بهره می‌برد.,0,2,train
3048,تنها تبلتی که در تمام زمینه ها حرفی برای گفتن دارد این تبلت است(تا زمان ارائه).,0,2,train
11821,همه از این گوشی تعریف کردن و تقریبا میشه گفت که نظرات همه دقیقه.,0,2,train
2555,فقط در شرایط نوری کم حتما از فلش استفاده کنید .,0,2,train
6608,پورت های Component out، AV out و DC Power در قسمت سمت راست هستند.,0,2,train
9227,وقتی هر دو دوربین را در کنار یکدیگر قرار می دهیم و از جلو به آن ها می نگریم، کاملا از یکدیگر غیر قابل تشخیص می باشند به جز اینکه در بالای لوگوی EOS 600D سوراخ های میکروفون مونو دیده می شوند ولی در بالای لوگوی EOS 650D همچین چیزی وجود ندارد.,0,2,train
429,حدود یک ماهی میشه خریدمش و میتونم مزیت ها و عیب هاش رو بر اساس سلیقه خودم بگم.,0,2,train
9405,گوشی های با دوربین VGA هم زوم میشن.,0,2,train
11777,"به خاطر اسلاید بودن ""مینی پرو"" اول منصرف شدم ، ولی بعد از در نظر گرفتن موارد بالا اسلاید بودن گوشی رو به مشکلات داغ کردن و قدیمی بودن مدل ""مینی"" ترجیح دادم و تصمیم گرفتم از اسلاید گوشی خیلی کم استفاده کنم تا دیر تر خراب بشه، چون من یه گوشی رو بخرم دیگه تا سالها گوشی دیگه ایی نمی خرم و باید با همون بگذرونم!",0,2,train
5088,توجه: به هیچ عنوان گول یک سری از افراد سودجو که برای فروش کنسول های خود می گویند کنسول آنها به طور کامل هک شده است و تمامی ریجن ها را اجرا می کند نخورید چون همچین چیزی وجود ندارد و تمامی مدل ها دارای قفل منطقه ای برای بازی ها می باشند.,0,2,train
8854,با اینکه مدل 210 14 مگاپیکسله و مدل 230 12 مگاپیکسلیه.,0,2,train
2238,در کنار این دوربین، یک دوربین 1.6 مگاپیکسلی جهت انجام مکالمات تصویری نیز در قسمت جلویی این گوشی قرار گرفته است.,0,2,train
6376,از نظر شارژدهی بسیار شبیه به گوشی‌های HTC Incredible S و HTC Desire S می‌باشد.,0,2,train
5056,• PAL‌این منطقه مختص مناطق اروپایی، آفریقای جنوبی، خاورمیانه، استرالیا و نیوزیلند می‌باشد.,0,2,train
2116,بالاخره بعد از شایعات بسیار iPhone 5 هم وارد بازار شدایا این اسمارت فون همونیه که ما انتظارشو داشتیم ؟,0,2,train
10477,دوربینش 3.2 به بالاست به نظرم چون قبلش P1 داشتم که اونم 3.2 هست تقریبا تو یه رده اند.,0,2,train
10786,احتمالا همانی که بر روی مدل پیشین هم قرار داشت.,0,2,train
780,همچنین این صفحه نمایش قادر است 16 میلیون رنگ را نمایش دهد.,0,2,train
8591,کلا فقط قیمت رقابتی است و امکانات - مثلا در فلان گوشی فلان چیز دارد اما در گوشی رقیب با همین امکانات فلان آپشن وجود ندارد .,0,2,train
5276,همچنین در لبه سمت چپ دستگاه نیز درگاه اتصال داک مخصوص آن قرار گرفته است.,0,2,train
4565,بیشتر از یک ماه استفاده :1.,0,2,train
5717,رزولوشن این نمایشگر 800X480 پیکسل می‌باشد.,0,2,train
140,این در حالیست که بیشتر دوربین های موجود در بازار از کارت های حافظه ی بزرگتر SD بهره می برند.,0,2,train
5480,اگر هم بخواید، میتونید با گرفتن دکمه Home میتونید به حالت Wide ببریدش.,0,2,train
3741,من 6ماه این گوشیرو دارم و تازگی به Belle آپدیت کردم.,0,2,train
856,بنابراین برتری های هر کدوم نسبت به دیگری رو ذکر میکنم تا شما هم به حرف من برسید.,0,2,train
6897,سلام به همه ی دوستان من همین امروز این گوشی به دستم رسید.,0,2,train
7101,البته درگاه microUSB توسط درپوشی مخفی گردیده است.,0,2,train
2507,همچنین در کانفیگ هایی از مدل‌های چهار هسته ای سری A پردازنده های AMD نیز استفاده شده.,0,2,train
4504,تمام چیزایی که arc s داره رو این گوشی داره به جز دکمه شاتر دوربین.,0,2,train
5096,سوال:XBOX360 چند مدل درایو دارد و کدام یک بهتر است؟,0,2,train
5073,برای مثال، بازی NTSC-UC برروی ریجن های دیگر نیز اجرا می‌شود.,0,2,train
2562,امروز بدستم رسید.,0,2,train
3988,خوب بابا جان یه بار بگیرید دستتون، باهاش عکس بگیرید و مقایسه کنید.,0,2,train
10693,فرق زیادی با T نداره اما باید دید قیمتش تو این وضعیت در چه حده!,0,2,train
12260,این دوربین بصورت 1080i فیلم میگیره.,0,2,train
2272,اچ تی سی هم با این گوشی ثابت کرد که وقتی شرکتای دیگه داشتن گوشی هاشونو وارد بازار می کردن نقشه ی شومی براشون داشته.,0,2,train
7819,این دوربین با یک سنسور تصویر 1/4.85 اینچی HD CMOS همراه شده است که توانایی عکاسی با رزولوشن 3.28 مگاپیکسل را فراهم می‌کند.,0,2,train
286,از لحاظ استحکام بدنه از 10 8/5 میگیره و اون 1/5 هم که کم داره واسه سطح توقعی هست که htc به بازار تزریق کرده.2.,0,2,train
2004,از کمپانی اپل انتظار بیشتری داشتم .,0,2,train
4043,effectهای مختلف نقاشی، آبرنگ و.,0,2,train
11147,نمیدونم این تلویزیون از صفحه کلید بی سیم پشتیبانی میکنه یا نه!,0,2,train
7981,مخصوصا نسبت به رقبا.,0,2,train
10107,این در حالیست که اسکن با رزولوشن 300dpi می تواند در عرض 44 ثانیه صورت گیرد.,0,2,train
11593,حساسیت سنسور تصویر یا همان ایزو نیز تا 3200 بالا می‌رود.,0,2,train
2280,با این پیش زمینه که اهالی این سایت همه عاشق فناوری هستند و از کار کردن با گجتها لذت می برند می خواهم نقدی بر خرید گوشی هوشمند بنویسم: اگر دارین این نوشته رو میخونین یعنی قصد خرید اسمارت فون دارین و HTC one x plus یکی از گزینه هاتونه.,0,2,train
1045,پس بهتر است در این مورد حواستان جمع باشد.,0,2,train
7768,آیپد فقط 10 اینچی,0,2,train
11665,طوری که اگه بمدت 5 یا 10 دقیقه که باهاش یکسره کار میکردی یا بازی.,0,2,train
10090,پس اگر به دنبال لپ تاپی سبک ولی قوی و با کیفیت می گردید، باید هزینه بیشتری پرداخت کنید و به سراغ آلترابوک ها بروید.,0,2,train
12956,باتریباتری لیتیوم یونی مدل BL-4U با ظرفیت 1100 میلی آمپری که در این گوشی استفاده شده است، تا حدود 20 ساعت مکالمه ممتد و بیش از 680 ساعت در حالت آماده باش را پشتیبانی می‌کند.,0,2,train
546,HP در سال 2009 برای اولین بار لپ‌تاپ‌های بیزینسی ProBook S را معرفی کرد.,0,2,train
12138,از عکس های گرفته شده توسط آن انتظار زیادی داریم.,0,2,train
5859,من 8 ماهه که مدل I9100G این گوشی رو دارم و با مدل I9100 هم کار کردم و برخلاف نظرات برخی کاربران هیچگونه عملکرد ضعیف تری رو نسبت به I9100 حس نکردم و باید این رو هم بگم که مدل جی کمتر داغ میکنه و شارژ باتری رو بهتر مصرف میکنه و در کل بهینه‌تر کار میکنه.,0,2,train
11478,شما رو نمیدونم اما من بین این سوپر اسمارت فون و اپل و سامسونگ شکی ندارم، چون قبلا تجربه اسمارت فون های ال جی رو داشتم .,0,2,train
1088,با قابلیت AllShare Play می‌توانید فیلم، عکس، موسیقی و بسیاری فایل های رسانه ای دیگر را هر دستگاه سازگار، شامل کامپیوترها که در نزدیکی تلویزیون قرار دارند پخش کنید.,0,2,train
11719,کیفیت ساخت خوبی داره ولی یه کم صفحه اش کوچیکه.,0,2,train
8533,"ولی نسبت به قیمتش تقریبا می ارزه ولی میشه گفت دوربین های canon powershot سری A هم رقیب اصلی این دوربین ها هستند، پیشنهاد می کنم قبل از خرید به دوربین های سریA ""کنون "" هم سری بزنید.",0,2,train
5867,گاهی اوقات بسیاری از کاربران هنگامی که دستوری رو صادر میکنند ناخواسته بصورت پیاپی این دستور رو تکرار کرده و این امر موجب صدور دستور وقفه توسط سیستم عامل و حتی CPU در سیستم میشه وگرنه این کاملا مشهوده که عملکرد یک پردازشگر چند هسته ای متقارن با فرکانس 1.2GH به این سادگی دچار وقفه (هنگ) نمیشه!,0,2,train
2999,این موضوع در اینده مشخص خواهد شد اما احتما برد ایسوس بیشتره.,0,2,train
11318,"این ویژگی در حقیقت مدلی ارتقاء یافته از Picture Style می‌باشد و شما می‌توانید از بین مودهای Standard, Vivid, Soft, Warm, Intense, Cool, Brighter, Darker و Monochrome انتخاب کنید.",0,2,train
9933,این جدیدترین نسخه‌ی سیستم عامل اپل می‌باشد که البته در پایه و اساس، با نسخه‌ی پیشین تفاوت چندانی نمی‌کند.,0,2,train
12735,خدا کنه خیلی گرون نباشه,0,2,train
9005,نخستین آپشنی که به آن برخورد می‌کنید Record Mode است.,0,2,train
9229,همچنین در 650D برچسب های کنترل چهار جهته بر روی خود دکمه ها قرار گرفته اند.,0,2,train
9991,اول اینکه آیا 4s بهترین گوشی موجود در بازار تا به این تاریخ است؟,0,2,train
2882,یک نوار پلاستیکی در قسمت بالایی این قاب قرار دارد که بر روی آن دوربین اصلی 8 مگاپیکسلی Infinity به همراه فلاش LED آن تعبیه شده است.,0,2,train
4508,من این گوشی رو یک ساله دارم از نظر سیستم عامل قوی عمل میکنه تنها مشکلی که داره اندازه کوچک صفحه نمایششه که بازی کردن باهاش زیاد لذت بخش نیست البته الان دیگه میخوام گوشیمو عوض کنم note 2 بگیرم.,0,2,train
7453,ولی به هر حال تجربه فیلم برداری باهاش رو ندارم و کسایی که دارن شاید نظر من رو تایید نکنن.,0,2,train
3580,در لبه جلویی لپ‌تاپ نیز یک کارت خوان SD قرار دارد.,0,2,train
776,نهایتا در قسمت پشت گوشی، دوربین 8 مگاپیکسلی این گوشی به همراه فلاش LED خود نمایی می‌کند.,0,2,train
7856,چیدمان کلیدها و پورت‌ها نشان می‌دهد که ایسوس در نظر داشته تا کاربران از این تبلت به صورت عمودی (Portrait) استفاده کنند.,0,2,train
5568,نمی‌دانیم که آیا منظور سونی برای نام نهادن این چنینی دقیقا همین مضمون‌ها بوده‌اند یا خیر.,0,2,train
8519,وقتی آماده شد و شروع به فیلم برداری کردید، نتیجه‌ی سه بعدی کاملا واضح است.,0,2,train
1383,شاید بتوان با کمی اغراق گفت که جزو تنها تاج پدهاییست که بتوان از آن استفاده کرد و آن را به ماوس ترجیح داد.,0,2,train
1682,این کانکتور کاملا دیجیتالی بوده و طوری طراحی گردیده که از هر دو طرف قابل اتصال است.,0,2,train
1029,بدین صورت که لنز در قسمت بالا و سمت راست قرار گرفته و عمل زوم کاملا داخلی صورت می‌گیرد.,0,2,train
9923,"A 900, 1900MHz هم پشتیبانی می‌کند.",0,2,train
671,پروبوک 4530 هم داشتم با سی پی یو core i7 اما 3 ساعت بیشتر شارژدهی نداشت.,0,2,train
7509,رو با همین برند انجام میدم.,0,2,train
11844,گوشی خوب و کاملی هست و نسبت به قیمتش عالیه فقط تنها مشکلی که داره صداشه که خیلی ضعیفه.,0,2,train
7606,همچنین تراکم پیکسلی این صفحه نمایش، 233ppi می‌باشد.,0,2,train
2032,در کل با توجه به نوسانات نرخ ارز به نظر میرسه قیمت واقعی این گوشی در ایران بسیار فراتر ازقیمت جهانی باشد.,0,2,train
7843,• طراحی و ساخت فکر می‌کردیم با توجه به قیمت پایین دستگاه، ایسوس همانند تبلت نکسوس 7، از بدنه ای تماما پلاستیکی برای Fonepad استفاده کند.,0,2,train
1181,نهایتا، بر روی قاب پشتی گوشی نیز، دوربین به همراه فلاش و یک بلندگو به چشم می‌خورند.,0,2,train
3989,اصلا نخواستید، برید تو گوگل Sample Photo های دوربین های مختلف رو با هم مقایسه کنید..,0,2,train
3387,نرم افزار Windows Phone 8X جزو اولین گوشی‌های عرضه شده به بازار است که از سیستم عامل Windows Phone 8 بهره می‌برد.,0,2,train
8274,بررسی اجمالی بر روی این دوربین داشتیم ولی سعی می‌کنیم که به هنگام به بازار آمدن این دوربین نقدی عمیق تر هم بر روی آن ارایه دهیم.,0,2,train
12430,گوشی خیلی خوبی هست هم از لحاظ قیمت و هم از لحاظ بهتر بودن نسبت به t و tx ولی به نظر من یه مشکل کوچک داره، اندازه خود گوشی نسبت به صفحه نمایش اون کمی بزرگتر هست و فاصله از بالای گوشی تا بالا صفحه نمایش کمی زیاد هستش,0,2,train
4219,دوربین 5 مگاپیکسلی خوبی هم داره اما خیلی ایده‌آل نیست.,0,2,train
10098,درون این پنل خاکستری یک Transparency Adapter قرار گرفته که بوسیله ی کابلی خاکستری رنگ به بدنه ی اصلی متصل می گردد.,0,2,train
7039,چون بعد از تولید وان ایکس بود که سامسونگ s3 رو تولید کرد و ال جی هم optimus g رو وارد بازار کرد.,0,2,train
5411,به صورت پیش فرض بیش از 40 برنامه بر روی این گوشی وجود دارد که از مهم‌ترین آن‌ها می‌توان به App Manager، Backup، Google Chrome، File Share، Gmail، LG Tag Plus، Maps ، QuickMemo، PolarisOffice، VideoWiz و Weather اشاره نمود.,0,2,train
5569,به هر صورت، هرچند که Miro یک سری ویژگی‌های مقاومتی Go را ندارد، ولی به طور کلی ظاهر آن شبیه به آن گوشی می‌باشد.,0,2,train
101,سنسور تصویر 16 مگاپیکسلی CMOS این دوربین دقیقا همانی است که بر روی دوربین F600 سال گذشته و دوربین همزمان معرفی شده‌ی F770 هم وجود دارد و از این لحاظ هیچ تغییری بین این سه به چشم نمی‌خورد.,0,2,train
11092,در نمای جلویی تبلت، دوربین 2 مگاپیکسلی جهت مکالمات تصویری به همراه 2 اسپیکر به چشم می‌خورند و در آخر هم دوربین 5 مگاپیکسلی این تبلت به همراه فلاش که در قسمت پشتی آن خودنمایی می‌کند.,0,2,train
8217,یکی از آن ها وسیله ای به نام LCD Touch Bacpac است.,0,2,train
12818,تنها کافیست بعد از نصب ویندوز اکتیویتور را اجرا نمایید.,0,2,train
8786,قدرت متوسط سخت افزاری این گوشی برای اجرای فرامین کاربر کافی هستند.,0,2,train
548,مدل 4540s، یک مدل 15.6 اینچی از این سری جدید است که به تازگی وارد بازار شده است.,0,2,train
3091,سرعت فرستادن اطلاعات در ایپد بیشتر است چون نسخه بلوتوث 4 است دوربین:دوربین این تبلت 8mgp است ولی کیفیت دوربین به این نیست بلکه به لنز ان است.,0,2,train
3019,در مورد کارکرد باطری من خیلی تفاوتی ندیدم.,0,2,train
3034,بنابراین به نقد تبلت های بزرگ تر می پردازیم.,0,2,train
5558,"در تماس های تصویری کیفیت دوربین جلو به مراتب بهتر از HTC Sensation XL , Xperia P , Xperia SL , Xperia Arc S , Xperia Ray هستش ولی احساس میکنم همرده با Galaxy S III , Galaxy Note میشه حساب کرد.",0,2,train
231,این ساختار برای اینه که چون ابعاد گوشی بزرگه موقع کار با اون انگشت به صورت نا گهانی برخورد نداشته باشه و از برنامه بیاد بیرون خروجی MICRO HDMI ، ورودیOTG همون USB خودمون فقط یه مشکل داره تو بعضی از سایت ها مشکل جدا شدن حروف فارسی رو داره که با اپدیت جدید سونی حل شدست,0,2,train
6103,ضمنا برای شارژ مجدد باید از پودر مناسب و استاندارد استفاده شده تا کیفیت چاپ اولیه خود را حفظ کند.,0,2,train
5081,سوال: آیا XBOX360 کپی‌خور شده و دارای مود چیپ می‌باشد؟,0,2,train
12524,بعلاوه یک دوربین VGA در جلو و نیز یک دوربین 5 مگاپیکسلی در پشت به همراه فلاش LED وجود دارد.,0,2,train
1176,دور تا دور بدنه را یک لایه‌ی آلومینیومی در بر گرفته که کلید های کنترلی این گوشی را نیز در خود جای داده است.,0,2,train
11054,خوب اصولا از قضیه شکایت و برنده شدن اپل خبر دارید!,0,2,train
6056,من حدود 2 ساله دارم از این دستگاه تا حالا 3 بار شارژ کردم تونرش رو !,0,2,train
10156,٣- دکمه هدفون جایی قرار گرفته که در صورت استفاده از کیف لپتاپی، امکان بستن در کیف وجود نداره.,0,2,train
3996,نه دوربین های رقیب.,0,2,train
859,اما فیلمبرداری ارتقاء نیافته (480p یا WVGA).,0,2,train
6375,این گوشی از باتری لیتیوم یونی 1650 میلی آمپر ساعتی بهره می‌برد.,0,2,train
3024,در نهایت امیدوارم این نقد منصفانه و برای شما عزیزان کاربردی بوده باشه تا بهترین انتخاب رو داشته باشید.,0,2,train
492,"ویندوزفون 8 یک سیستم عامل ساده و روان بدون هرگونه پیچیدگیه مزایایی که داره: باز بودن استور ویندوز فون برای دانلود برنامه فقط 1 نکته هست وقتی میخواین اکانت hotmail یا live بسازین, باید تو اون قسمتی که میگه در چه کشور یا region هستید, نباید ایران بزنید قابلیت نصب برنامه از طریق استور از روی کامپیوتر بر روی گوشی بر طرف شدن مشکل انتقال فایل ها از طریق بلوتوث معایب: تعریف نشدن vpn conection در ویندوزفون (که قراره در آپدیت بعدی این مشکل حل بشه) نصب برنامه ها بر روی حافظه داخلی گوشی (حدود 5 گیگ از 8 گیگ حافظه داخلی آزاد که میتونه برای نصب برنامه کافی باشه) نداشتن رادیو مشخصا سیستم عامل ویندوز فون با گذشت زمان و ارائه نسخه های جدیدتر بهتر میشه و طرفدارای خودشو پیدا میکند در آخر اگه قصد تجربه یک گوشی خوب با سیستم عامل ویندوز فون رو دارید انتخاب درستی کردید.",0,2,train
2576,با 4 تا باتری پاناسونیک که همراهش بود تا حالا 200 تایی عکس گرفتم .,0,2,train
9243,درست همان فن آوری که پیش از این بر روی دوربین های بدون آینه-با لنز قابل تعویض Nikon 1 J1 و Nikon 1 V1 دیده بودیم.,0,2,train
13002,در سمت چپ دوربین می‌توانید صفحه نمایش 2.8 اینچی دوربین را ببینید که یک صفحه نمایش 270.000 پیکسلی است و تقریبا مانند صفحه نمایشی است که در مدل HD7 به کار رفته است.,0,2,train
2324,هرچند که کمینه ی نسبت کانونی آن در حالت واید f/3.0 می باشد ولی در زوم کامل f/6.9 را ارائه می دهد که لنزی نسبتا کند محسوب می شود.,0,2,train
13012,خروجی A/V و ورودی DC نیز در همین قسمت هستند.,0,2,train
12178,این دوربین هم با کیت لنز جدید 18-55 میلی متری STM کانن عرضه می شود.,0,2,train
11081,سامسونگ در تولید Galaxy Note 10.1 یک رویکرد آموزشی را هم در نظر داشته است.,0,2,train
1970,شما یه نگاه به سریهای اندروید تولید شده بندازید.,0,2,train
456,در ضمن، برنامه نقشه‌ها و مکان یابی نوکیا یعنی Here نیز همراه با Nokia Drive بر روی این گوشی قرار داده شده است.,0,2,train
7761,صفحش رتینا نیست و رمش هم 512 هست که اونم اپل برای محصول بعدیش گذاشته که جای مانور داشته باشه.,0,2,train
834,و کم کم داره سعی میکنه که از راه های دیگه ای(مثل بازار دوسیمکارته ها و یا ویندوز فونها)وارد بازار بشه.,0,2,train
1891,گوشی باید چیز کوچیک و جم و جور باشه که حملش راحت باشه !,0,2,train
11464,همچنین میتوانید به نقد و بررسی دیجی کالا نیز مراجعه کنید!,0,2,train
6265,این مشکل فقط در نمونه های بدون گارانتی وجود داره و من که با گارانتی مایکروتل خریدم هر نوع سیم کارتی رو در هر اسلاتی استفاده می کنم.,0,2,train
2110,نظرات رو که میخونم میبینم کم کم مردم به نقاط ضعف گوشی آیفون دارن پی میبرن.,0,2,train
6259,این یه گوشی دو سیم کارته است و باید با گوشی های دو سیم کارته مقایسه بشه.,0,2,train
1089,فن آوری ابری و ذخیره سازی اینترنتی سامسونگ آزادی عمل و قابلیت حرکت بیشتری به شما می بخشند و به شما اجازه می دهند تا در مواقعی که از خانه دور هستید به برنامه های چندرسانه ای خود دسترسی داشته و آنها را به اشتراک بگذارید.,0,2,train
8147,پورت micro-USB در لبه سمت چپ این دستگاه قرار دارد و در لبه سمت راست آن نیز کلید کم و زیاد کردن صدا تعبیه شده است.,0,2,train
3322,طبق ادعای شرکت این باتری با یک بار شارژ توانایی شارژدهی به مدت 330 دقیقه برای فیلم برداری را دارد.,0,2,train
5091,هکر‌ها با ایجاد تغییرات در این میان‌افزارها توانسته‌اند درایو کنسول XBOX360 را کپی‌خور کنند تا دیسک‌های کپی را اجرا نماید.,0,2,train
4540,خیلی ها این گوشی را با galaxy ace و xperia active مقایسه می کنند که باید بگویم اصلا مقایسه ی عادلانه نیست و ray درحدود 80 درصد موارد از این دو گوشی بهتر است.,0,2,train
4548,(854 × 480)3) این گوشی به زودی قابل ارتقا به نسخه چهاره.,0,2,train
12122,البته از آن دوربین کاملا کوچکتر است ولی به هر صورت این دوربین دارای قوس ها و دستگیره ی نسبتا بارزی می باشد که آن را شبیه به آن مدل می کند.,0,2,train
3747,اگه با این بودجه میخواین گوشی بخری من samsung galaxy fit رو پیشنها میکنم.,0,2,train
6430,ADATA رو حتما مقایسه کنید,0,2,train
3315,بهترین مقدار نور محیط برای فیلم برداری با این دوربین 11 لوکس می باشد تا فیلم های با کیفیت تری بدست آید.,0,2,train
1022,البته مطمئنا رقبایی نیز برای FT3 در بازار وجود دارند که از سرسخت‌ترین آن‌ها می‌توان به دوربین‌های سری Tough کمپانی المپوس و البته مدل TG-810 آن‌ها اشاره کرد که حتی تحمل وارد آمدن فشار 100 کیلوگرمی را هم دارد.,0,2,train
6201,صفحه نمایش موجود بر روی این گوشی یک صفحه نمایش 5 اینچی لمسی خازنی از نوع LCD می‌باشد که قادر است 16 میلیون رنگ را نمایش دهد.,0,2,train
3222,چرا برای به دو هسته ای هزینه کنی که معلوم نیست تاکی آپدیت میشه خوب برید یه نکسوس 7 بگیرید و مطمئن باشید تا 2 سال دیگه هم توسط گوگل ساپورت میشه در ضمن قیمتش هم از این کمتره و بهترین تبلت 2012 هم که شد اگه هم مشکل سیمکارت دارید یه گوشی ساده هم بگیرید دستتون ولی حداقل با خرید نکسوس 7 یه تبلت واقعی گرفتید این فقط یه گوشیه در سایز بزرگ ..,0,2,train
11026,نسخه آفیس موجود در این تبلت بسیار به نسخه ویندوزی این نرم افزار شباهت داره.,0,2,train
10720,محیط برنامه دوربین، تغییر خاصی نسبت به گوشی‌های قبلی (مانند Xperia S) نداشته است و گزینه جدیدی در بخش تنظیمات عکس‌برداری و فیلم‌برداری مشاهده نمی‌شود.,0,2,train
1571,• نرم افزار سیستم عامل منتخب سامسونگ برای این تبلت نسخه 4.1.2 از سیستم عامل اندروید است.,0,2,train
11516,اما بزرگ‌ترین تغییرات ایجاد شده در نسخه 4.2 اندروید را می‌توان مربوط به برنامه دوربین دانست.,0,2,train
12070,مشخصه‌های اصلی دوربین فیلم‌برداری JVC مدل GZ-MG255: • هارد 30 گیگابایتی• CCD کارآمد 1.39 اینچی 2.18 پیکسلی• زوم اپتیکال 10 برابر• فلاش• حداکثر اندازه عکس: 1224×1632 پیکسل• صفحه نمایش 2.7 اینچی وایداسکرین• مدت زمان فیلم‌برداری در حالت Ultra: 7 ساعت• مدت زمان عکاسی در حالت Fine: 10.5 ساعت• مدت زمان عکاسی در حالت Norm: 14 ساعت• مدت زمان عکاسی در حالت Eco: 37.5 ساعت• CyberLink’s PowerCinema NE • Direct DVD/Direct Back-Up • PowerDirector 5 NE Express,0,2,train
1654,همان طور که میدانید صفحه نمایش iPhone 4S یکی از برترین صفحه نمایش‌های موجود در بازار به شمار می‌رفت.,0,2,train
2414,(یعنی تقریبا 200 گرم سنگین‌تر از iPad 4) اما ایسوس در مدل جدید، با تغییر طراحی داک و سیستم قرارگیری گوشی داخل آن، توانسته است وزن داک را بیش از 200 گرم کاهش داده و هنگامی که PadFone 2 را داخل داک آن قرار می‌دهید، وزن کلی دستگاه تنها 649 گرم خواهد بود.,0,2,train
2615,با استفاده از 4 تا باتری قابل شارژ(2700mah) نزدیک به 300تا عکس میشه باهاش گرفت.,0,2,train
5310,• باتری انرژی لازم برای Nexus 7 توسط یک باتری لیتیوم یونی 4325 میلی آمپری تامین می‌شود و با یک بار شارژ آن می‌توان حدودا تا 8 ساعت از این تبلت استفاده کرد.,0,2,train
13011,در سمت راست آن خروجی‌های iLink و HDMI قرار دارند.,0,2,train
9861,انگار نظرات خوانندگان و سایت محبوب دیجی کالا را شنید,0,2,train
5462,فقط وقتی از چپ و راست زاویه رو زیاد میکنی، رنگ هاش کمی عوض میشن.,0,2,train
4884,سلام دوستان عزیزم!,0,2,train
2038,23 شهریور به نظر من در مراسم معرفی آیفون5،‌آیپادها تغییرات بهتری داشتند.,0,2,train
3059,کافیه که یک طراح چیره دست باشید و بجای حمل مقدار زیادی کاغذ ، ماژیک و لوازم طراحی که معمولا من به شخصه اگه بخوام حملش کنم ، چیزی حدود 5 کیلو گرم میشه، رو جایگزین کنید با این تبلت.,0,2,train
6360,هرچند که اکنون نمایشگرهایی با رزولوشن 960×540 پیکسل با نام QHD هم در بازار موجود اند که به عنوان مثال یک نمونه از آن بر روی HTC Sensation استفاده شده، ولی کیفیت نمایشگر آن اصلا به پای Galaxy S II نمی‌رسد.,0,2,train
11591,سایز این سنسور همان 1/2.3 اینچ استاندارد بیشتر دوربین کامپکت و Bridge می‌باشد که سنسوری کوچک است.,0,2,train
8220,دیگری Battery Bacpac است که آن فقط یک باتری اضافی می باشد که پشت دوربین متصل می شود.,0,2,train
7582,قیمت این گوشی به خاطر داشتن 4g و دریافت اینترنت فوق سریع آن (در ایران وجود ندارد ) گران تر است البته 3g تازه تو ایران راه افتاده,0,2,train
4122,گوشی نوکیا asha200 هم با دو سیم کارت میتواند هم ردیف ارزان قیمت این گوشی باشد.,0,2,train
11262,با استفاده از Wi-Fi داخلی نیز می‌توانید عکس‌ها و فیلم هایی که گرفته اید را به صورت بیسیم به لپ تاپ یا وسیله‌ی مشابه دیگر منتقل کنید.,0,2,train
6609,قسمت پشت دوربین هم جایی است که دکمه‌ی Rec دیده می‌شود.,0,2,train
7338,آن قدر محکم که نمی‌توانید با یک دست درب آن را باز کنید.,0,2,train
6264,ضمنا اون دوستانی که میگن روی اسلات دوم سیم کارت رایتل و ایرانسل مشکل داره برن گارانتی اصلی بگیرن.,0,2,train
10421,عمل زوم را نیز می‌توانید از طریق دو اهرم زوم، که یکی از آن‌ها پیرامون دکمه‌ی شاتر و دیگری در کنار لنز قرار دارد انجام دهید.,0,2,train
6652,این دوربین مجهز به فن آوری لرزش گیر اپتیکال intelligent O.,0,2,train
9706,بالاخره بعد از سال ها انتظار اپل گوشی iPhon5 خودش رو ارائه داد!,0,2,train
5565,Miro در حقیقت فضای خالی بین Xperia Tipo و مدل گران قیمت‌تر یعنی Xperia Go را پر می‌کند.,0,2,train
3850,سامسونگ یعنی آینده در حال,0,2,train
10494,البته خودم نخریدمش .,0,2,train
11872,چنین سیستم عاملی به پردازنده‌ای قدرتمند هم نیاز دارد تا گوشی شما مثل یک کامپیوتر خیلی خوب کار کند.,0,2,train
7045,Galaxy S4 با بهره گیری از Exynos 5450 با دقت ساخت 28 نانومتر و 4 هسته با فرکانس 2.0 Ghz و چیپ گرافیکی Mali T658 به همراه DDR3 2GB رم و صفحه 5 اینچ Super AMOLED Full HD بی شک قویترین و پرچمدار اسمارت فونهای آندرویدی خواهد بود.,0,2,train
1318,محصولی دیگر از اپل..,0,2,train
4569,دوربین hd و سه بعدی5.,0,2,train
2605,امروز بعد از 3 روز به دستم رسید ارزشش نسبت به قیمت اولین و آخرین موردی هست که شمارو مطمئن میکنه چیزی که خریدید حتما ارزشش رو داره تنها موارد نا امید کننده که مسلما نباید با این قیمت انتظار بیشتری داشته باشیم نداشتن حافظه ی داخلی (خیلی های دیگه هم ندارن) و باتری غیر شارژی هستش.,0,2,train
1668,بنابراین برای یافتن مشخصات سخت افزاری محصولات این کمپانی، شرکت‌های مختلف بر روی آن‌ها تحقیق و آزمایش‌های مختلفی را انجام می‌دهند.,0,2,train
839,مثل سونیP.,0,2,train
6922,حالا این گوشی با این سخت افزار واقعا 2020MA براش کمه به نظرم.,0,2,train
7555,بازی اچ دی و .,0,2,train
330,هنگامی که نوت‌بوک را باز می‌کنید با یک صفحه نمایش کاملا براق مواجه خواهید شد که دارای یک قاب براق است و کاملا نور را بازتاب می‌کنند.,0,2,train
7636,باید برای یک انتخاب عالی به سلیقه و نیاز هامون نگاه کنیم .,0,2,train
9922,"iPhone 4s یک گوشی چهار بانده‌ی UMTS / HSDPA / HSUPA 850, 900, 1900, 2100MHz و چهار بانده‌ی GSM / EDGE 850, 900, 1800, 1900MHZ است که از دو باند CDMA EV-DO Rev.",0,2,train
11564,1/2.3 اینچ.,0,2,train
11470,فقط میمونه کیفیت صدا و دوربینش، که باید مشخص بشه، بقیه موارد هم که امتحانشونو پیش کارشناس ها پس دادند.,0,2,train
2606,بیاین نظرمون نسبت به فوجی رو عوض کنیم!,0,2,train
3885,بدین ترتیب در حقیقت تقلیدی از زوم و فوکوس دستی دوربین‌های DSLR است.,0,2,train
9487,در قسمت پشتی یک سویچ وجود دارد که با آن می‌توانید بین حالت فیلم برداری، عکاسی و پخش فیلم‌ها سویچ کنید.,0,2,train
13085,این دستگاه از باتری لیتیوم-یونی قابل شارژ بهره می برد که توانایی پخش 22 ساعت موسیقی و 5 ساعت ویدیو در حالت شارژ کامل را به iPod می دهد.,0,2,train
3372,در قسمت بالایی گوشی جک 3.5 میلی متری هدفون به همراه کلید پاور قرار داده شده است.,0,2,train
3296,ضبط ویدیویی Full HD می تواند در کیفیت های 24mbps و 16mbps انجام گیرد.,0,2,train
6722,البته در حالت واید هر دو فاصله ی کانونی 28 میلی متر را ارائه می دهند که به اندازه ی کافی واید هست و می تواند میدان دید گسترده ای را در بر بگیرد.,1,3,train
9870,گوشی عالیه فقط یکم سنگینه کاش سبک تر بود .,1,3,train
10893,اون زمانی که من اینو خریدم آیپد 3 از این ارزونتر بود ولی هیچ وقت کارایی و امکانات این تبلت رو نداره برای همین من این تبلت رو خریدم و از خریدم هم کاملا راضی هستم.,1,3,train
4102,اگرچه وزن گوشی نسبتا کم هست (99گرم) ولی وقتی اونو تو دست میگیرید حس خوبی به شما میده.,1,3,train
8703,گوشیه خوبیه به نسبت کاراییش+2 سیمکارته بودنش!,1,3,train
10476,من گوشی رو 1ماهه دارم: 1باطریش1500 با توجه به دوسیم بودنش باطری خوبی محسوب میشه2.,1,3,train
4607,فلاش led هم قدرت زیادی نداره که از سونی اریکسون بعیده ابعادش هم واسه کسایی که مث من گوشی رو تو جیب شلوارشون میذارن خیلی مناسبه و اصلا اذیت نمیکنه.,1,3,train
4956,طراحی ۳۶۰ زیباست.,1,3,train
11768,به همه توصیه میکنم در خریدش شک نکنید.,1,3,train
3325,دوربینی مناسب کار های معمولی است,1,3,train
6899,لازمه که اشاره کنم برخلاف عقاید برخی ازدوستان باتری این گوشی درحد بسیارخوبی عمل میکنه من ازصبح تا حالا دارم باهاش کار میکنم ولی باتری هنوز نصف نشده.,1,3,train
179,با سلام  من حدودا دو ماهه که خریدمش و گوشی خیلی خوبیه و دوستی که گفته بودن صدای اهنگش در محیط باز کمه برن هر گوشی دیگه ای رو میخوان امتحان کنن امکان نداره کیفیت صداش به پای ایون برسه .,1,3,train
8758,مخصوصا باتریش که خیلی قویه ..,1,3,train
7487,اگر فکر می‌کنید که این مقدار از کیفیت فیلم برداری به کار شما می‌آید، بنابراین انتخاب‌های مناسبی برای شما می‌باشند.,1,3,train
5541,در اینجا میتونم بگم که لذت صفحه نمایش واقعا متفاوت 5 اینچی 4:3 رو شخصا چشیدم و پیشنهاد میکنم از این لذت ساده رد نشید.,1,3,train
4820,اگر این دوربین رو با یه لنز واید بخرید عالیه .,1,3,train
9233,در عوض به مودهای عکاسی اتوماتیک، دو مود Hand held night scene و Backlit HDR نیز افزوده شده اند.,1,3,train
3134,در مجموع نمی توان گفت که GALAXY Tab 2 یک تبلت شگفتی آفرین است ولی با این وجود، یکی از بهترین تبلت های هفت اینچی موجود در بازار است.,1,3,train
12941,به هر حال باید پذیرفت که از صفحه نمایش آن نمی‌توان انتظار تصویر چندان خوبی در مقابل صفحه نمایش‌های Super AMOLED و یا Super Clear LCD را داشت اما می‌توان این‌گونه استنباط نمود که این صفحه نمایش برای این مدل در این سطح، کاملا قابل قبول محسوب می‌شود.,1,3,train
11785,من که واقعا راضیم و باید بگم که توی تولیدات سال 2012 به بعدش هیچ کدوم از این مشکلاتی که دوستان گفتن رو نداره، ورژن نرم افزار اندروید گوشی منکه 2.3.4 هست و اصلا مشکلات اینجوری رو ندیدم!,1,3,train
11520,برنامه Gmail نیز کمی تغییر کرده و امکاناتی مانند زوم دو انگشتی و حرکت Swype برای حذف کردن ایمیل‌ها به آن اضافه شده است.,1,3,train
4346,نازک تر و سبک تر!,1,3,train
7537,در کل همانطور که گفتیم، VG-150 دوربین کامپکتی مناسب افراد با بودجه ی محدود می باشد که کیفیت و امکانات خیلی خوبی را ارائه می دهد.,1,3,train
9544,ولی بازم ازش خوشم میاد البته نه به اندازه noteII,1,3,train
9646,فقط کیفیت ساختش عالیه .,1,3,train
11905,• دریافت بالای سیگنال با آنتنیکی از امکاناتی که گیرنده دیجیتال در اختیار کاربر قرار می‌دهد امکان گیرندگی شبکه‌های دیجیتال با بهترین کیفیت تنها با استفاده از آنتن رومیزی می‌باشد و دیگر نیازی به آنتن‌های قدیمی در پشت بام نیست .,1,3,train
8695,با سلام به دوستان هموطن من این گوشی رو چند روز میشه گرفتم با توجه به قیمتش گوشیه خوبیه و شارژ رو هم خوب نگه میداره البته چون قبلا گوشی اندروید نداشتم نمیتونم مقایسه ای انجام بدم .,1,3,train
10350,باتری لیتیوم-یونی 1200 میلی آمپری این گوشی نسبت به سایر گوشی‌های اندرویدی، شارژ‌دهی خوبی داشته و شما می‌توانید نزدیک به 17 ساعت به طور متوالی به موسیقی گوش کنید که میزان بسیار خوبیست.,1,3,train
13089,برای جمع بندی باید بگوییم که کار کردن با این دستگاه ساده است.,1,3,train
3893,زوم کامل اپتیکال در هنگام فیلم برداری مقدور می‌باشد.,1,3,train
6514,اصلا کند نیست.,1,3,train
12673,از فیس بوک گرفته تا قابلیت 3D Panorama که این گوشی به راحتی انجامش می ده.,1,3,train
8742,باسلام من امروز این گوشی رو سفارش دادم با توجه به امکانات گوشی قیمتی واقعا منصفانه و رقابتی هستش.,1,3,train
6217,بنابراین وجود این نسخه برای این گوشی در این سطح یک مزیت و برتری محسوب می‌گردد.,1,3,train
8869,من 1ساله این دوربین رو دارم ، خیلی ازش راضیم.,1,3,train
143,در کل همانطور که گفتیم، دوربین های سامسونگ ST64 و ST68 دوربین هایی ارزان قیمت و مناسب استفاده های معمولی هستند.,1,3,train
7140,کیفیت عکس‌ها و فیلم‌های این دوربین کاملا خوب و راضی کننده هستند.,1,3,train
2754,البته با توجه به تراکم پیکسلی نسبتا پایین صفحه نمایش شاید برای خواندن متن‌های بسیار ریز مقداری دچار دشواری شوید که با کمی زوم قابل حل خواهد بود.,1,3,train
409,با توجه به کمینه‌ی سرعت شاتر 15 ثانیه‌ای نیز این دوربین کاملا مناسب عکاسی در شب می‌باشد.,1,3,train
1589,در سمت چپ رابط کاربری نیز یک منو وجود دارد که با استفاده از آن می‌توان به راحتی به تعدادی از برنامه‌ها دسترسی داشت.,1,3,train
2370,هرچند باید بگویم هم سخت افزار و هم بهترین سیستم عامل را در دست دارد.,1,3,train
7237,قیمت بالایی داره اما با توجه به کارایی خاصش.,1,3,train
8759,این گوشی نسبت به مدل قبل پیشرفت های زیادی داشته از جمله دوربین8مگا پیکسلی .,1,3,train
4090,با اینکه صفحه نمایش این گوشی لمسی نیست، ولی کیبورد Qwerty این گوشی می‌تواند تا حدودی باعث شود که لمسی نبودن صفحه کلید چندان شما را نا امید نکند.,1,3,train
7251,همین الان گوشی HTC به تنهایی همین قیمته !,1,3,train
3239,از برتری های اصلی این تبلت حساب میشه.,1,3,train
10677,گوشی بسیار باریک و سبکی هست.,1,3,train
12533,به نظر ما نیز این طور بود و واقعا این نمایشگر از هر نمایشگر دیگری که تا به حال دیده بودیم با کیفیت‌تر بود.,1,3,train
10545,اما با وجود پشتیبانی این گوشی از Wi-Fi، 3G و GPRS و همچنین به لطف سخت افزار مناسب و سیستم عامل به روز، مرورگری اینترنت در این گوشی لذت بخش صورت می‌پذیرد.,1,3,train
12005,کلی کار کردم 10 درصدش تموم شد.,1,3,train
1502,صفحه لمسیش هم کار رو باهاش راحت کرده و هر نقطه ای از تصویر هم که میخوای فوکوس کنی با لمس اون نقطه فوکوس به سادگی انجام میشه..,1,3,train
5910,من خودم این گوشی رو دارم 100 درصد راضی هستم.,1,3,train
11637,این گوشی رو حدود 6 ماهه دارم فوق العاده است فقط یک چیز بد داره که کوچیکه وگر نه من روش اندروید 4.0.4 نصب کردم هیچ مشکلی هم پیدا نکرد دوربینشم فوق العاده است,1,3,train
12040,.به نظر من که باصرفه تره درضمن تمام بازیهای hd وgame loft رو جواب میده بدون هنگ و تیک,1,3,train
9432,بدنه تمام پلاستیکی این گوشی باعث گردیده که وزن آن از 131.5 گرم بیشتر نشود و در مقایسه با ابعاد آن، وزن متناسبی را دارا باشد.,1,3,train
5163,البته مایکروسافت با بکارگیری پردازنده‌ی با فن‌آوری ۶۵ نانومتری برای کنسول XBOX 360 باعث کاهش گرمای تولیدی این پردازنده و افزایش کارایی آن شد.,1,3,train
8050,SX40 HS نیز مانند هر دوربین دیگری در کلاس خود مجهز به یک پیچ تنظیم DSLR مانند در قسمت بالا، برای سویچ کردن به مودهای عکاسی مختلف می‌باشد.,1,3,train
6096,یکی از ویژگی های جالب آن سینی جلوی کاغذ است که با داشتن فضای باز استفاده از سایزهای مختلف کاغذ را فراهم میاورد .,1,3,train
8121,یک هفته میشه این گوشی رو خریدم، از نظر نرم افزاری به واسطه اندروید 4 عالیه(رابط کاربری بسیار زیبایی دارد)، از نظر سخت افزاری هم در حد مطلوبه ، اگه میخواهید از نظر cpu مشکلی پیدا نکنید برنامه های در حال اجرای قبلی را با کلید پایین صفحه سمت راست(recent apps)ببندید و برنامه های در حال اجرا را به حداقل برسانید، در این صورت فضای رم اشغال شده هم کاهش پیدا می کند.,1,3,train
8299,بعد از یه مدت که از هیجان خریدش بیفتید میبینید که برای کارهای متوسط 2 روز شاردهی میکنه,1,3,train
7120,همچنین با وجود پشتیبانی این گوشی از راه های مختلف ارتباطی مانند Wi-Fi، 3G و شبکه پر سرعت 4G، ارتباط با دنیای اینترنت با بالاترین سرعت ممکن میسر خواهد بود.,1,3,train
541,بخصوص که نیاز به پاور برق شهر نداره.,1,3,train
12080,هم اکنون 1400 بازی متفاوت برای این سیستم در بازار وجود دارد.,1,3,train
10781,این یعنی اینکه مقدار خیلی اندکی نسبت به لنز مدل پیشین کندتر شده است.,1,3,train
103,این دوربین مجهز به یک فلاش Pgr-up قدرتمند با برد موثر 3.7 متر نیز هست.,1,3,train
8761,به نظر من تو این قیمت انتخاب مناسبیه.,1,3,train
6233,با هر مرتبه شارژ باتری قادر خواهید بود تا بیش از 10 ساعت به صورت ممتد با آن مکالمه انجام دهید.,1,3,train
11298,همچنین برای عکاسی در شرایطی که دوربین در زوایایی ناجور نسبت به چشم قرار دارد هم مناسب است.,1,3,train
9762,این دوربین مجهز به لنز 29-87 میلی متر با توانایی زوم 3 برابر می‌باشد.,1,3,train
3698,البته بهبودهایی نسبت به N8 بر روی آن مشاهده می‌شود.,1,3,train
7840,اما فقط قابلیت ایجاد تماس نیست که تبلت Fonepad را به محصولی خاص و جالب تبدیل کرده است.,1,3,train
7816,به هر حال، ما که از کار کردن با این محصول خسته نشدیم، نرمی و روانی iOS مزیتیست که در هیچ دستگاه دیگری از کمپانی‌های غیر از اپل پیدا نخواهید کرد، که البته به دلیل همین انحصار طلبی اپل هم باید هزینه بیشتری را متحمل شد.,1,3,train
12222,هارد خوبیه مخصوصا نسبت به قیمتش.,1,3,train
12776,در کل باید گفت که Xperia Pro گوشی اندروید QWERTY خوبی است و می‌تواند هم رده‌ی HTC Desire Z قرار بگیرد.,1,3,train
8411,اکنون در قسمت پشتی دکمه ی Record به جایی منتقل شده که به راحتی در زیر انگشت شست قرار می گیرد.,1,3,train
6950,زیبا ولی بزرگ,1,3,train
8174,پس اگر به دنبال یک گوشی اندرویدی جمع و جور و زیبا می‌گردید گوشی HTC Desire C را به شما پیشنهاد می‌کنیم.,1,3,train
11587,چنین نسبتی باعث می‌شود که بتوانید به راحتی در شرایط ضعیف نوری هم عکاسی کنید.,1,3,train
3952,دیجی کالا همه چیز رو از همه جای ایران ارزون‌تر میده .,1,3,train
4357,این دومین ایراد مهمی بود که برطرف شد.,1,3,train
8302,دوستان میگن باتری گوشی ضعیفه ولی من این گوشیو دارم اگر power saver را روشن کنید خیلی خوب شارژ نگه می داره,1,3,train
1394,البته نمی‌توان گفت که سیستم خنک کننده کاملا بی صدا است ولی مسلما صدای آزار دهنده ای تولید نمی‌کند.,1,3,train
10307,باتریشم تو کار زیاد کم میاره که با نصب برنامه مدیریت انرژی خیلی بهتر شده و بین گوشی های آندروییدی قابل‌قبوله.,1,3,train
6842,سخت افزار گوشی فوق العاده ست اگه سیستم عامل این گوشی ios بود دیگه معرکه بود .,1,3,train
9318,این همه گشتم تو این رنج قیمت بهترینه حتما تو اولین فرصت می خرمش,1,3,train
4935,این دستگاه با ps3 رقابت میکند ولی قیمت پایین تری دارد,1,3,train
7940,اگر در شرایط نوری خوب با آن عکاسی کنید جزئیات خیلی عالی نمایش داده می‌شوند.,1,3,train
1055,احتمالا این مود عکاسی است که بیشتر علاقه دارید دوربین را بر روی آن بگذارید و عکاسی کنید.,1,3,train
4846,به نظر من حرف نداره.,1,3,train
11589,اما به جز لنز فوق‌العاده ای که بر روی این دوربین قرار دارد، بقیه‌ی ویژگی‌ها خیلی خاص نیستند.,1,3,train
94,همچنین برای عکاسی از محیط‌های داخلی و یا جمع بزرگ دوستان هم مناسب است.,1,3,train
1600,اما در مورد دوربین اصلی دستگاه باید بگوییم که کیفیت عکس‌های قابل قبولی را ارائه می‌دهد و حتی در مقایسه با دیگر دوربین‌های 5 مگاپیکسلی به کار رفته در گوشی‌های هوشمند و تبلت ها نیز عملکرد مناسب‌تری را از آن شاهد بودیم که می‌توان آن‌را در بین برترین دوربین‌های قرار گرفته بر روی تبلت ها دانست.,1,3,train
6038,به صرفه میشه,1,3,train
989,این دوربین طبق معمول و انتظار توانایی عکاسی در فرمت RAW را نیز دارد تا برای حرفه ای ترها و ویرایش عکس ها مناسب تر باشد.,1,3,train
12984,علاوه بر ePrint که به آن اشاره کردیم، این پرینتر توانایی پرینت مستقیم از وب با استفاده از WebApps را دارد.,1,3,train
7208,از طرفی معتاد سریال هستم و بسیار اهل بازی، وبلاگ هم مینویسم، از طرفدارای برند اسوس هم هستم (دقت کنین تلفظ ایسوس غلطه!,1,3,train
3758,اما از هر نظر گوشیه خوبیه و کار کردن باهاش راحته,1,3,train
8539,.با توجه به قیمت آن گوشی خیلی خوبی است فقط اگه یه اسپیکر کوچک داشت بهتر بود.,1,3,train
1499,ولی کم کم دستم بهش عادت کرد و الان دیگه مشکلی با این قضیه ندارم و اتفاقا به نظرم خیلی خوب و جمع و جور هست!,1,3,train
5479,خصوصا اینکه خیلی خیلی باریکه 14- قابلیت جالبی که داره اینه که هر نرم افزاری بخواید روش نصب کنید، مشکلی نخواهد داشت، چون خودش نرم افزار ، و بازی ها رو متناسب با صفحه اش میکنه؛ درحالی که به نسبت طول و عرض صفحه بر نمیخوره.,1,3,train
12297,دوربینی که من دیدم چیزی کم نداشت .,1,3,train
10290,45 روزه دارم عالیه!,1,3,train
11474,"به همه ی دوستانم پیشنهاد میکنم وقتی اومد بگیرنش چون از s3 , htc one و .",1,3,train
3726,این گوشی خوبیه به نظر من ارزش خرید رو داره ولی متاسفانه فلاش نداره ولی ارزش خرید رو داره,1,3,train
10795,HX50v مجهز به GPS و Wi-Fi داخلی هم هست.,1,3,train
10897,این قلم تحولی در ارائه استفاده چند کاره از تبلت ایجاد کرده و دیر یا زود بقیه برند ها رو هم مجبور به استفاده از این قابلیت بر روی تبلت هاشون میکنه.,1,3,train
10277,کاهش مصرف باتری بدون نرم افزار !,1,3,train
7378,همچنین به راحتی می‌توانید هارددیسک را نیز با یک مدل پرظرفیت تر جایگزین کنید.,1,3,train
5134,xbox 360 تازه واردی بود که با همه حرف و حدیث ها و تمام شایعات تا به امروز به حیات مقتدرانه خود ادامه داده و به گفته مایکروسافت با آمدن مدل باریک تر آن، تا سال 2015 به حیات خود ادامه خواهد داد!,1,3,train
10163,از معایبش فقط هنگ کردن خیلی جزئی در ورژن اندروید4 هستش که اگه تموم برنامه ها رو انتقال بدین به اس دی کارت هنگش خیلی خیلی کم میشه در ورژن 4 فیس آنلاک یا قفل چهره رو هم ساپورت میکنه که کارایی بالایی داره و کارمو خیلی راحت کرده تنها عیبش دکمه مدیا پلیر در بالای گوشیه که در بعضی از برنامه ها مانند گولوکر مشکل ایجاد میکنه ولی اگه تصمیم به خریدش دارین شک نکنید و برید با گارانتی پارس کامتل بخرید,1,3,train
11340,دکمه‌ی Live View (نمایش زنده ی تصویر بر روی نمایشگر) به راحتی زیر انگشت شست دست راست قرار می‌گیرد.,1,3,train
4369,من یه هفتست ipod 5 خریدم، من قبلش ایپاد ٤ داشتم که توی بعضی بازیها هنگ میکرد و میپرید بیرون، دوربین ضعیفی داشت و حجمش پایین بود ولی توی این یکی دیوایس اپل عالی کار کرده، صفحه ی بزرگ تر، دوربین ٥ و از همه مهم تر پردازشگر A5 که همونیه که تو iphone 4s وجود داره اما با یه تفاوت کوچیک که پردازشگر 4s 800mh هست ولی آیپاد 1GH هست که فوق العادست.,1,3,train
1525,وجود قلم در کنار این تبلت به شما این امکان را می‌دهد که استفاده از قلم و کاغذ را کنار گذاشته و تمامی نیاز های خود به نوت برداری را، با همین تبلت بر طرف سازید.,1,3,train
11274,من این دوربین رو چند وقتی هست که از این سایت بسیار خوب دیجی کالا خریداری کردم دوربین بسیار خوبیه فقط یکم تو شب عکسبرداری رو مشکل میکنه,1,3,train
8681,من همین الان سفارش دادم چون با این مشخصات قیمت واقعیش بالاتر از اینا باید باشه.,1,3,train
4103,البته درب پشت گوشی که محل قرارگیری باتری و سیم کارت است از جنس آلومینیوم مقاوم است که خود اون هم احساس خوبی هنگام در دست گرفتن گوشی دارد.,1,3,train
1239,• جمع بندی ایسوس با این ایده، تحول جالبی را در دنیای گوشی‌ها و تبلت ها ایجاد نمود.,1,3,train
6585,و در مورد عملکرد و سرعت اجرا برنامه ها هم فعلا خوبه در کل نسبت به قیمتش واقعا می ارزه,1,3,train
11444,با چند ساعت کار صفحه و پشت گوشی گرم میشه ( در برخی گوشی ها با سخت افزار مشابه این مشکل کمتره ) اما روی هم رفته عالیه,1,3,train
4686,از نظر قیافه واقعا شاهکاره .,1,3,train
7966,ارزون ترم هست..,1,3,train
9490,کنترل های دستی شاتر، دیافراگم و فوکوس نیز عملکردهای خیلی خوبی هستند که بر روی یک دوربین به نسبت ارزان قیمت به کار گرفته شده اند.,1,3,train
2025,با تشکر از سایت بسیار خوب دیجی کالا که اینقدر سریع وقایع تکنولوژی رو پوشش میده.,1,3,train
10371,بر طبق تست درجه نظامی عایق پلاستیکی آن کاملا ضدضربه و ضدآب است.,1,3,train
12843,مجموعه گردو دارای قفل نیست و کاربران در صورت نیاز می‌توانند نرم‌افزارها را کپی و در جاهای دیگر استفاده نمایند.,1,3,train
10005,• سخت افزاربر روی این گوشی جذاب، یک پردازنده‌ی دو هسته ای با فرکانس 1.5 گیگاهرتز از نوع Krait به همراه چیپ Qualcomm Snapdragon S4 قرار دارد.,1,3,train
7550,من دنبال یه گوشی با ابعاد و کارایی مناسب بودم و حتی میتونستم خود s3 یا sony ion و یا T و TX رو بگیرم ولی S3 MINI بیشتر نظرم رو جلب کرد.,1,3,train
11080,از دیجی کالا به خاطر قیمت های منصفانش سپاسگذارم.,1,3,train
10524,نهایتا بر روی قاب پشتی گوشی نیز دوربین و بلندگو به چشم می‌خورند که همراه با یک لوگوی Xperia به زیبایی گوشی افزوده‌اند.,1,3,train
2961,از نظر ظاهر و شیک بودن و مخصوصا بدنه آلمینیومی خوب از اپل زیباتر به نظر می رسه.,1,3,train
10471,هیچوقت هنگ نمیکنه.,1,3,train
1120,این هارد از همه نظر عالیه فقط یه موردی داره اونم اینه که قسمت اتصال کابل به هارد سریع لق میشه و کابل خوب جا نمی خوره بعد موقع کار قطع و وصل میشه .,1,3,train
8845,من به کسی این دوربین رو توصیه می کنم که بخواهد عکاس حرفه ای بشه ولی پول کمی داره.,1,3,train
4806,مشکلی در مورد کارایی این دوربین وجود ندارد .,1,3,train
745,البته خوب با وجود گرافیک قوی میشه گفت حیفه !,1,3,train
505,برنامه آفیس روی گوشی کارایی مناسبی دارد.,1,3,train
10715,وجود بلندگوی با کیفیت به یکی از نقاط قوت گوشی‌های خانواده Xperia تبدیل شده است و Xperia TX نیز این قاعده مستثنا نیست.,1,3,train
792,نرم افزار یکی از نقاط قوت این گوشی دو سیم کارته، بهره گیری آن از نسخه 4 یا Ice Cream Sandwich سیستم عامل اندروید است.,1,3,train
12825,شرکت گردو با قراردادن آموزش مالتی‌مدیای ویندوز۸ در این نسخه از مجموعه نرم‌افزاری گردو سعی نموده تا این مشکل را به طور کامل حل نماید.,1,3,train
5836,هسته قوی آن است.,1,3,train
6775,به نظر من اسکنر خوبی هست.,1,3,train
8071,حسگر نوری که داره تو مصرف باطری صرفه جویی میکنه.,1,3,train
4832,xbox بازی ساخته بود Gears of ware که خیلی خیلی دوسش دارم بلکه همه دوسش دارن یکی از پر طرفدار ترین بازی در دنیاست.,1,3,train
11429,یه چیزی داره که هیچ گوشی ای نداره و اون هم یه اسم گوگل هست.,1,3,train
4049,من تازه این دوربین رو گرفتم در نوع خودش دوربین خوبیه تفاوت چندانی با مدل قبل خودش hx100 نداره.,1,3,train
3906,همچنین این دوربین از کارت‌های Eye Fi نیز پشتیبانی می‌کند که امکان انتقال عکس‌ها و فیلم‌ها به صورت بیسیم به لپ تاپ را میسر می‌سازد.,1,3,train
5046,این درایو نوری از کارایی بالاتر و نویز کمتری نسبت به نسخه قبلی برخوردار است.,1,3,train
11069,حتی از new ipadوasus transformer pad infinityهم بهتره,1,3,train
2041,"یکی از دلایلی که صفحه نمایش تمام آیفون‌ها ""3.5 بود اینه که با یکدست به راحتی میشه با اونها کار کرد.",1,3,train
6221,مرورگر موجود بر روی این دستگاه، مرورگر استاندارد سامسونگ است که عملکرد مناسبی دارد.,1,3,train
5327,در نوع خودش تبلت خوبیه,1,3,train
6115,پلاستیک ماتی که ما Xbox 360 را با آن می شناختیم؛ اکنون دیگر وجود ندارد و به جای آن پلاستیکی با جلای بالا و براق را مشاهده می کنیم که یک پیشرفت خیلی مهم از لحاظ ظاهری و زیبایی برای Xbox 360 Slim را باعث شده.,1,3,train
2120,درسته، از همون طراحی قبلی استفاده کرده ولی نازکتر سبکتر و درازتر ولی مراقب باشید چون واقعا ظریفه و به خاطر جنس بدنش خیلی زود باهاش مشکل پیدا میکنید و اگه یه بار از دستتون افتاد خصوصا رنگ مشکیش رنگای دورش ممکنه بریزه سخت افزار :فعلا یکی از مشکلاتی که از اپل میگیرن اینه که چرا سخت افزاری مثل اس3 و وان ایکس و سی پی یو 4 هسته ای استفاده نکره خب اپل خوب میدونه داره چیکار میکنه همونطور که اطلاع دارید بیشتر از کلاک و هسته نوع سی پی یو مهمه که اپل از A6 استفاده کرده که ظاهرا دو هسته ای با کلاک حداکثر 1.2 هست درسته خیلی از اس3 و وان ایکس پایینتره ولی از اونا قطعا کمتر نیست چون ای او اس واقعا به سی پی و سخت افزار قوی احتیاج نداره پس اینو نمیتونیم مشکل بدونیم صفحه نمایش :این گوشی از یه صفحه نمایش 4 اینچی استفاده کرده البته نه 4 اینچی معمولی از یه 4 اینچی درازتر از همه گوشی ها این صفحه نمایش اصولا برای دیدن عکس زیاد مناسب نیست چون اندازه اون با اندازه معمولی عکسا تطابق نداره ولی برای دیدن فیلم وقعا عالیه و میتونه حتی نقش یه صفحه نمایش 0.5 اینچ از خودش بزرگتر و بازی کنه چون تمام فیلم های جدید با رزولوشن واید ریلیز میشه البته در مورد فیلم های 4:3 این امر صادق نیست این صفحه نمایش HD نیست و ppi اون از خیلی گوشی ها هم پایینتره ولی واقعا ساختار خیلی خوبی داره و رنگ ها زنده ترند ولی صفحه نمایش های بهتر از این گوشی خیلی هست سیستم عامل :iPhone OS 6 !,1,3,train
502,برنامه های موجود برای ویندوز فون از تنوع مناسبی برخوردار است.,1,3,train
11345,ولی از دوربین 550D این کار آسان شده و با فشردن دکمه‌ی شاتر تا نیمه می‌توانید فوکوس خودکار را انجام دهید.,1,3,train
7029,به این میگن سوپر اسمارت.,1,3,train
9857,بهترین گوشی نوکیا سری آشا .,1,3,train
9445,فیلم برداری این دوربین نیز با کیفیت HD و سرعت 30 فریم بر ثانیه صورت می‌پذیرد.,1,3,train
5202,پردازنده‌هایی ذاتا 2 هسته‌ای و 4 هسته‌ای که با انجام عمل Hyper Threading توانایی دو برابر کردن هسته‌ها‌ی خود از طریق ساختن هسته‌ها‌ی مجازی را دارند.,1,3,train
2365,واقعا حرف نداره، و اینو استقبال مردم در پیش خرید، ثابت کرد.,1,3,train
2794,اما برای اینکه لرزش دست شما منجر به تارشدگی تصویر نشود، همانند هر دوربین امروزی پیشرفته‌ی دیگری، DV300F هم مجهز به لرزش گیر اپتیکال تصویر می‌باشد تا همواره بتوانید عکس‌هایی شارپ بگیرید.,1,3,train
74,پیچ تنظیم شوتینگ مودها هم مثل مدل‌های پیشین رو به عقب ساخته شده ولی طراحی آن خیلی تمیز تر می‌باشد و احساس نمی‌کنیم که گویی آن قسمت از دوربین بر اثر گرما ذوب شده باشد.,1,3,train
7557,در کل تو این رنج قیمت فکر نمیکنم گزینه ای بهتر از اس 3 مینی داشته باشید,1,3,train
11118,در قسمت پایین صفحه نمایش سمت چپ هم دکمه عکس برداری از صفحه قرار دارد که به شما کمک می‌کند که با اشاره قلم از صفحه نمایشتان عکس بگیرید که در مواقع مختلف کاربردهای بسیاری را داراست.,1,3,train
11413,به نظرم در خریدش شک نکنید .,1,3,train
12912,3- فونت های درشت و خوانای منوی کاربری دستگاه مناسب افراد عینکی است تا بدون عینک هم بتوانند به راحتی از آن استفاده کنند.,1,3,train
4015,دوربین یک دوربین عکاسی است اما امکانات فیلم‌برداری آن قوی‌تر است که این هم به ذات سونی باز می گردد که در دوربینهای فیلم برداری حرف اول را می زند.,1,3,train
4067,به هر حال درست است که نوکیا در چند سال اخیر عرصه را در بسیاری از موارد به کمپانی‌های دیگر باخته است، ولی هنوز در زمینه طراحی جزو پیشتازان و سردمداران صنعت گوشی محسوب می‌گردد.,1,3,train
8496,در مود عکاسی به راحتی می‌توانیم از سرعت های شاتر پایین هم استفاده نماییم.,1,3,train
8415,سنسوری که از فن آوری BSI بهره می برد و منجر به حساسیت بیشتر آن به نور می شود.,1,3,train
9580,ادم لذت میبره.,1,3,train
9452,سخت‌افزار مناسب شامل پردازنده یک گیگاهرتزی و پردازشگر گرافیکی 245 مگاهرتزی، سیستم‌عامل به‌روز اندروید 4، صفحه نمایش 4 اینچی لمسی با امکان نمایش 16 میلیون رنگ، دوربین 5 مگا پیکسلی بکار رفته در گوشی و در نهایت یک گیگا بایت حافظه داخلی به همراه امکان افزایش تا 32 گیگا بایت به واسطه کارت حافظه MicroSD، این گوشی را به مدلی به‌صرفه و مناسب نسبت به هزینه پرداختی تبدیل کرده است.,1,3,train
88,به نظر می‌رسد که F660 واقعا فیلم بردار خوبی باشد.,1,3,train
2691,همانطور که اشاره کردیم، چشمی این دوربین یک چشمی اپتیکال معمولی نیست بلکه یک چشمی هیبریدی اپتیکال/الکترونیکی است.,1,3,train
9851,برای نوشتن پیام و مکالمه گوشی خوبی می تونه باشه,1,3,train
8360,دوربین خوبیه .,1,3,train
10740,واقعا قشنگه.,1,3,train
8119,با این قیمت میشه یه GALAXY ACE خرید که هم پردازنده قویتری داره و هم دوربینش فلاش داره,1,3,train
9868,با اینکه سیستم عامل S40 بسیاری از امکانات اندروید را ندارد، اما کارایی آن به عنوان یک سیستم عامل برای گوشی‌های سطح متوسط بسیار خوب است.,1,3,train
4876,ولی گیم فقط با دسته ی xbox حال میده.,1,3,train
5708,اندودی که سامسونگ بر روی شیشه‌ی نمایشگر به کار برده وظیفه‌ی خود را به خوبی انجام می‌دهد.,1,3,train
7888,همچنین چندین ویجت زیبا و کاربردی نیز بر روی دستگاه موجود است.,1,3,train
12620,با این قیمت گوشی حتی نزدیک به این پیدا نمی کنید.,1,3,train
2652,ولی چیزی که کاملا مشهود است، اعمال تغییرات مثبتی بوده که بر اثر نظرات کاربران درباره‌ی نقاط ضعف X100 اعمال شده.,1,3,train
6965,مثل موتور براویای سونی میمونه که گوشی های سونی دارن و تجربه بهترین تصاویر رو میده و اگه باهم ترکیب بشن چی میشه.,1,3,train
7099,در سمت چپ اما با یک لبه کاملا صاف مواجه هستیم.,1,3,train
1626,همان لبه های منحنی و همان کلید دایره ای Home در قسمت پایین و البته نهایتا همان صفحه نمایش رتینای دوست داشتنی، البته کمی بزرگ‌تر.,1,3,train
11798,رضا رسولی نژاد گوشی خوبی است و نسبت به گوشی های دیگه که نسبت به این گوشی قیمت بالایی دارند از لحاظ سخت افزاری خوب است اما حیف که صفحه نمایش کوچکی دارد و دوربین دوم هم ندارد اما به اندروید 4 اپدیت میشه,1,3,train
8621,با سلام من گوشی رو از سایت خوبتون خریدم واقعا کارتون خوبه ولی در مورد گوشی باید بگم هم سرعت خوبی داره هم وضوح تصویر عالی واقعا انتظارم خیلی کمتر از چیزی بود که دیدم ممنون,1,3,train
9753,S30 را شاید بتوان ارزان قیمت ترین دوربین ضد آب و ضد ضربه‌ای که تا به حال معرفی شده بنامیم.,1,3,train
6410,ولی خوشبختانه هارد سالمه ولی با این کلک از گارانتی خارج میکنن پس مواظب باشید هنگام خرید هاردو باز کنید حتی اگر توی پکشون باشه.,1,3,train
2329,این دوربین ایده آل برای ورزشهای از قبیل پرواز، دوچرخه سواری، اسکی و اسکیت، سنگ نوردی، کوه نوردی، غار نوردی، بانجی جامپینگ، قایق رانی و دیگر ورزشهای از این دست می باشد. 2- مدل HD MotorSports HERO که مناسب برای علاقه مندان اتومبیل رانی، موتور سواری، دوچرخه سواری، کارتینگ و جت اسکی می باشد.,1,3,train
3458,این وضوح در اسکن خوب بوده و نسخه ای که در اختیار شما قرار می‌دهد از کیفیت مناسبی برخوردار بوده و می‌تواند جزئیات زیادی از متن و یا عکس اسکن شده به شما بدهد.,1,3,train
6576,جمع بندی کمپانی چینی هواوی یک بار دیگر با ارائه این محصول به بازار، قدرت و توانایی خود در ارائه محصولات با کیفیت را به اثبات رسانید.,1,3,train
12209,من به تازگی این هارد رو تهیه کردم واقعا از نظر کوچک بودن و ظرافت حرف نداره از نظر سرعت وامنیت هم خیلی خوب هست و تا حالا همچین هاردی نخریده بودم که اینقدر منو راضی کنه اونقدر کوچیکه که اگه بزاری تو جیب معلوم نیست خیلی باحاله ممنون دی جی کالا,1,3,train
99,اما کمینه‌ی نسبت کانونی آن در حالت واید و زوم، f/3.5-5.6 می‌باشد که عالی نیست ولی خوب است تا در عکاسی شرایط نوری ضعیف هم مشکل زیادی نداشته باشید.,1,3,train
2727,این استاندارد بدین معناست که این دستگاه در برابر رطوبت، ضربه، شوک الکتریکی و ارتعاشات از دیگر تبلت های اندرویدی مقاومت بیشتری دارد.,1,3,train
12760,فضای خوبی بین کلیدهای صفحه کلید QWERTY وجود دارد و حتی بعضی مشکلاتی که در صفحه کلید گوشی اندرویدی چون Motorola Milestone شاهد آن‌ها بودیم بر روی این یکی مشاهده نمی‌شود.,1,3,train
5369,با اینکه سامسونگ با تولید گوشی‌های سری Note قصد داشت یک دستگاه مابین گوشی و تبلت ها را تولید نماید، اما در واقع این LG است که با تولید Optimus VU به این هدف نائل گشته است.,1,3,train
9828,همچنین با وجود باتری در کیبورد، با اتصال آن به تبلت، شارژدهی آن نیز به میزان چشم گیری افزایش می‌یابد.,1,3,train
483,سایت اکسپرت ریویوز به این گوشی ۵ ستاره داده و اون رو بهترین گوشی با توجه به قیمت معرفی کرده.,1,3,train
5988,حتی در زوم های بالا هم کیفیت عکس ها کاملا حفظ میشن.,1,3,train
6772,"کاملا"" راضی هستم.",1,3,train
11737,من حدود یه ماهه که این گوشی رو دارم و کاملا ازش راضی هستم.,1,3,train
333,لولاها نیز بسیار با کیفیت هستند و به راحتی صفحه نمایش را در جای خود محکم نگاه می‌دارند.,1,3,train
10351,در نهایت گوشی سونی اریکسون Live with Walkman با توجه به قیمت بسیار خوبی که دارد، یک گوشی فوق‌العاده محسوب می‌شود.,1,3,train
11514,قابلیت دوم، Gesture Typing نام دارد که به کیبورد سیستم عامل اضافه شده است.,1,3,train
11310,برای مثال فیلتر Soft Focus منجر به خفیف شدن هرگونه رفلکس و بازتاب نور در عکس می‌شود و اثر دراماتیکی به آن می‌دهد.,1,3,train
1958,واین یعنی برتری ios به اندروید/ضمن اینکه رابط کاربری این سیستم عامل بسیار روانتر و کاربر پسند تر از اندرویده/ از نظر ساختاریم که خب مثلا آیفون4s البته اگر باهاش کار کرده باشید متوجه میشید که مثلا نسبت به خیلی از گوشیهای اندرویدی برتر بازار تاچش روانتر و لذت بخش تره مثلا نسبت به گلکسی اس3 یا 2 یا اچ تی سی وان ایکس/یا مثلا سنسور ژیروسکوپش بهتر از اندروید یا کار میکنه یا از نظر صفحه نمایش مثلا سونی اکسپریا اس تراکم پیکسلی342ppiداره اما آیفون 4s تراکمش 336ppi هست در حالیکه عملا در دیدن تصاویر یا بازیها یا منو در صفحه آیفون متوجه برتری اون میشید.,1,3,train
1558,با چهار گوش کردن این قلم، در دست گرفتن و کار کردن با آن بسیار راحت‌تر شده و خیلی دیرتر از کار کردن با آن احساس خستگی خواهید نمود.,1,3,train
4507,من الان خیلی وقته دارم یک رم 8گیگ ریختم 5 گیگو سیستم عامل گرفت و تازه من وقتی هر چی برنامه داشتم رو دیلیت کردم تازه 287مگابایت می تونم استفاده کنم صفحه اش خوبه.,1,3,train
10598,این پردازشگرها قدرت اجرای بازی‌های سه بعدی را ندارند ولی دکودر ویدیویی آن‌ها به شما کمک می‌کند تا بتوانید به راحتی به تماشای ویدیوهای Full HD بپردازید.,1,3,train
4203,سلام اول از ارسال سریع و خدمات خوبتون تشکر میکنم و دوم اینکه با توجه به این قیمت گوشی فوق‌العاده‌ای هست البته من که دو روز پیش این گوشی رو خریدم این قیمت نبود گوشی های دیگه افت قیمت داشتن ولی این افزایش که این خودش یکی از دلایل کیفیت و استقبال مردم میتونه باشه,1,3,train
1978,دلیلی که این گوشی با پردازنده دو هسته ایش در تست ها بهتر از SIII و one X عمل کرده یکی سیستم عامل IOS هست که خیلی با این گوشی خوانایی داره و فقط برای چند دستگاه عرضه میشه و یکی دیگه هم این که رزولوشنش نسبت به گوشی های روز بازار مثل SIII و xperia sl و one x پایین تره که به پردازنده اجازه رندر کردن با سرعت بالاتر رو میده.,1,3,train
4625,همشون رو اجرا می کنه بدون افت سرعت گوشی .,1,3,train
405,حتی عکس‌ها در ایزو 3200 هم خیلی اوضاع بدی ندارند.,1,3,train
12065,وزن سبک، قابلیت‌های خوب، کاربری‌آسان و تکنولوژی پیش‌رفته از ویژگی‌هایی هستند که GZ-MG255 را به دوربین مناسبی تبدیل کرده‌اند.,1,3,train
11467,اگه نسخه 8 گیگش، 6گیگ در دسترس کاربر باشه من مشکلی باهاش ندارم.,1,3,train
5614,هنگ نمیکنه.,1,3,train
12529,نمایشگرنخست باید گفت که Apple 4 از نمایشگری کاملا نوین بهره می‌برد.,1,3,train
3629,این صفحه کلید بسیار باریک که بصورت جداگانه به آن متصل می‌گردد، یکی دیگر از جذابیت‌های آن محسوب می‌گردد.,1,3,train
11978,در حالت استفاده عادی دو یا سه روز دووم میاره.,1,3,train
10215,من که خیلی راضیم,1,3,train
9481,همچنین فوکوس خودکار هم عملکرد خوبی را از خود نشان می‌دهد.,1,3,train
8087,من این گوشی رو با قیمت بسیار مناسب از همین سایت خریدم (خرید از دیجی کالا برام عادت شده) در مدتی که دارم ازش استفاده می کنم هیچ مشکل خاصی باهاش نداشتم (هنگ و ریبوت و ..,1,3,train
11874,بدین ترتیب دستورات شما به سرعت و راحتی اجرا می‌گردند.,1,3,train
1567,پردازنده 1.6 گیگاهرتزی 4 هسته ای به کار رفته در آن که مانند مدل‌های قبلیش از نوع Exynos می‌باشد و البته 200 مگاهرتز قوی‌تر است به همراه 2 گیگابایت حافظه رم به شما این قابلیت را می‌دهد که از تمامی امکانات نرم افزاری موجود برای سیستم عامل اندروید به راحتی استفاده نمایید.,1,3,train
9292,این باعث می شود که حتی وقتی لنز بر روی مود AF قرار دارد بتوانید عمل فوکوس دستی را هم انجام دهید.,1,3,train
10707,) که با انتخاب آن‌ها، برنامه مورد به صورت کوچک شده اجرا می‌شود و شما می‌تواند همزمان با کارهای دیگر، همیشه این برنامه را بر روی صفحه خود همراه داشته باشید.,1,3,train
12943,سخت افزاراز نظر سخت افزاری Nokia 206 با دارا بودن64 مگابایت حافظه داخلی و قابلیت پشتیبانی از کارت حافظه‌ی MicroSD تا 32 گیگابایت و همچنین دارا بودن سیستم عامل جاوا، شرایط قابل قبولی را برای یک گوشی در این سطح به وجود آورده است.,1,3,train
5771,بدین صورت که تا به حال چنین صفحه‌کلید خوبی را بر روی هیچ تلفن همراهی مشاهده نکرده بودیم.,1,3,train
4270,گوشیه خوبیه با نرم افزار Antutu benchmark تست گرفتم امتیاز 6100 داد تازه چیپست qualcomm msm8225 snapdragon رو تو سایت خود کوالکام پیدا کردم سی پی یو رو زده بود 1 تا 1.2 گیگاهرتز dual core cortex A5 و جی پی یو هم adreno 203 و اینکه رو جعبه اش هم زده بود دوهسته ای.,1,3,train
1647,و شاید بتوان یکی از دلایل اصلی وزن کم این گوشی را نیز همین جنس بدنه آن به شمار برد.,1,3,train
12012,با توجه به قیمت سایر گوشی ها با همین سخت افزار در حدود 30% ارزانتر می باشد.,1,3,train
11682,من این گوشی رو به شما پیشنهاد میکنم.,1,3,train
8474,3-یکم قیمتش زیاده ولی مطمئن باشین اگه بتونین بخرین ارزششو خواهد داشت.,1,3,train
8054,اما برخلاف مدل SX30 IS که فقط می‌توانست با کیفیت HD فیلم‌برداری کند، به مدد سنسور HS دوربین SX40 HS فیلم‌برداری Full HD نیز میسر شده است.,1,3,train
6116,هر چند روی این پلاستیک براق و زیبا که جنس خیلی خوبی هم دارد؛ اثر انگشت می ماند اما خب چه کسی نیاز دارد که هر لحظه به کنسول بازی خانگی خود دست بزند؟,1,3,train
7833,سیم کارت میخوره,1,3,train
8724,ضمنا خیلی سبک و نازک ساخته شده و کیفیت ساخت آن عالیست و باتری خیلی قوی دارد و رابط کاربری بسیار عالی-زیبا و راحتی دارد و دارای اپ استور ال جی هم می باشد که می توانید از آن کلی نرم افزار و بازی دانلود کنید.,1,3,train
7032,پادشاه اچ تی سی .,1,3,train
12341,در مود Program AE شما بیشترین اختیار را بر روی نوردهی خواهید داشت.,1,3,train
10009,• جمع بندیایسوس با این ایده، تحول جالبی را در دنیای گوشی‌ها و تبلت ها ایجاد نمود.,1,3,train
5832,بنده غریب به یکساله که این گوشی رو در اختیار دارم و هیچگونه عملکرد ضعیفی رو شاهد نبودم و با بروزرسانی سیستم عامل اون به آندروید 4 عملکرد اون بسیار بهبود پیدا کرد.,1,3,train
6698,هرچند که این دوربین هم مجهز به مود فیلم برداری iA یا اتوماتیک هوشمند می‌باشد ولی هر موقع که خواستید می‌توانید این مود را خاموش کنید و بوسیله‌ی لمس بر روی نمایشگر، فوکوس و نوردهی را انجام دهید.,1,3,train
8068,سلام منم وارد خانواده htcشدم این گوشی رو حدود یک روزمیشه که دارمش قرمزشو خریدم که با این امکانات موجود ارزششو داشت.,1,3,train
2722,در ضمن، نگران به جا ماندن اثر انگشت بر روی قاب پشتی نیز نباشید که خوشبختانه استعداد بسیار کمی در جذب اثر انگشت دارد.,1,3,train
7829,گرم نمیکنه !,1,3,train
11896,همچنین از لرزش‌گیر دست هم بهره می‌برد تا عکس شما بر اثر لرزش دستتان تار نشود.,1,3,train
6160,ولی با طراحی بی نظیرش و یا طراحی سفارشی که دارد میتواند انتخاب خوبی برای کاربران نوجوان خود باشد.,1,3,train
7224,همین الان می تونید گوشی هایی رو پیدا کنید که از این تبلت و گوشی گرون ترن!,1,3,train
4468,از لحاظ گرافیکی نیز، این رابط کاربری از افکت‌های تصویری متنوعی بهره می‌برد به همین دلیل کسل کننده نخواهد شد.,1,3,train
6370,اما بر خلاف Galaxy S II که در دو مدل 16 و 32 گیگابایتی تولید شده بود، این گوشی فقط در یک مدل 8 گیگابایتی معرفی گردیده که در عوض قابلیت پشتیبانی از کارت حافظه تا 64 گیگابایت را داراست و خیال کاربر را از نظر حافظه برای ذخیره اطلاعات راحت می‌نماید.,1,3,train
6907,محض اصلاع دوستان اس3 امتیاز 50 ساعت داره و نکسوس 4 32 ساعت!,1,3,train
8940,همه‌ی این‌ها می‌توانند جلوه‌های بسیار زیبا به عکس‌های گرفته شده بدهند.,1,3,train
2677,چنین دوربینی کاملا می‌تواند استفاده‌ی حرفه ای داشته باشد و مورد علاقه‌ی بسیاری از عکاسان قرار گیرد.,1,3,train
11585,همچنین در حالت واید 24 میلی متر هم می‌تواند میدان دید بسیار وسیعی را در بر گیرد تا عکس چشم اندازهای گسترده‌ی طبیعی یا فضاهای داخلی را نیز به راحتی و در یک کادر ثبت کنید.,1,3,train
4364,، وای فای ، آی او اس 6 ، و دیگر برابری هایی که واقعا این دستگاه رو به یک جایگزین خوب برای تمام گوشی های هوشمند غیر آیفونی بدل می کنه.,1,3,train
10611,حرف نداره با توجه به اینکه دوربینش فلش نداره ولی تو روز عالیه,1,3,train
12585,از سامسونگ بیشتر توقع میرفت ولی تو این رنج قیمت نسبتا قابل قبوله .,1,3,train
7501,به نسبت قیمت کارایی بسیار بالا و ظاهر بسیار مناسبی داره.,1,3,train
1157,خیال آدم راحته که حداقل با یکم آب ریختن روش و چندتا ضربه، به این زودیها خراب بشو نیست.,1,3,train
5842,الان سیستم‌عامل 4.1.1 Jelly Bean رو روش نصب کردم که بشدت روونه و اکثر قابلیت‌های نرم افزاری Galaxy SIII رو (اعم از صفحه ویدیو کوچک در کنار سایر صفحات، تماس سریع با شخص پیامک زده و..,1,3,train
3040,تمام مشخصاتی که داره واقعا همان گونه هستش.,1,3,train
6539,در ضمن، در شرایط نوری قوی و در زیر نور مستقیم آفتاب نیز برای کار با MediaPad 10 مشکلی نخواهید داشت.,1,3,train
1702,اما اگر شهر بزرگی را جستجو نمایید، نقشه 3 بعدی آن شما را بسیار هیجان زده خواهد کرد.,1,3,train
1660,حتی رنگ‌های تولید شده در مقایسه با iPhone 4S نیز طبیعی‌تر هستند.,1,3,train
12410,دوستان من این گوشیرو حدود یک هفتست که دارم و تا الان ایرادی ندیدم ازش..,1,3,train
6799,اگر که شما از مشکل کمبود فضا رنج می برید و به اسکن کردن نگاتیو هم احتیاجی ندارید LiDE 110 اسکنر خوبی برای شما می باشد.,1,3,train
3190,من یک هفتست که این تبلت رو از دیجی کالا خریدم از نظر کیفیت ساخت بدنه و اجزا خیلی خوبه و عالی نیست چون دکمه های ولوم و قفل صفحه گاهی سهوا فشرده میشن هنگام کارکردن البته با کمی عادت کردن دیگه مشکلی پیش نمیاد صفحه نمایش هم کیفیت بالایی داره و رنگ ها بسیار طبیعی ظاهر میشن و از کار کردن با اون لذت می برید برای فیلم دیدن و کتاب خوندن واقعا کارایی داره و جزئیات به خوبی نمایش داده میشن اما انتظار معجزه هم نداشته باشید و صفحه نمایشش در میان رقبا کیفیت متوسطی داره از نظر وزن جزء سبک وزن ها محسوب میشه ولی بازم با یک دست نگه داشتن طولانی باعث اذیت شدنتون میشه پس اگر قصد مطالعه و فیلم دیدن به مدت طولانی دارید حتما به وزن تبلت توجه داشته باشید (از نظر من بهترین سایز 7 اینچ برای کتاب خوندن )کیفیت صدا بدون تعصب یکی از بالاترین کیفیت صداها بوده که در بین دستگاه ها دیدم از نظر بلندی هم مطمئن باشید که ناامیدتون نمیکنه .,1,3,train
11797,دوستان مشکل داغ کردن با آپدیت حل میشه,1,3,train
3459,شاید این ویژگی در هنگام اسکن متن چندان به چشم نیاید ولی در هنگام اسکن عکس می‌توان عملکرد مناسب این اسکنر را مشاهده کرد.,1,3,train
8110,.ولی تو اجرای برنامه ها مشکله خاصی ندارم.,1,3,train
7358,میزان عمق رنگ مشکی نیز برای این نمایشگر خوب است و در سطح نوت‌بوک لنوو قرار می‌گیرد.,1,3,train
7827,خوش دسته !,1,3,train
12645,در کل بگم با اینکه تو این دو سه ماه قیمتها بالاتر رفته اما باز هم نسبت به قیمتش امکانات زیادی داره.24/8/91,1,3,train
8255,به هر حال، اگر به دنبال داشتن یک گوشی خوش ساخت دو سیم کارته با امکانات مناسب هستید، آشا 308 می‌تواند یکی از انتخاب‌های خوب برای شما باشد.,1,3,train
9952,هرچند که Siri هم می‌تواند کامل‌تر از این باشد، ولی تا حدودی کار کردن با آن از چیزی که بر روی سیستم عامل Google Android می‌بینیم راحت‌تر است.,1,3,train
12998,دکمه‌ای هم برای فوکوس کمکی (Focus Assist) در نظر گرفته شده که در مود تنظیمات دستی کارآمد خواهد بود.,1,3,train
3809,با برنامه‌های کاربردی برای تندرستی - Fitness سامسونگ می‌توانید برنامه‌های ورزشی و تمرینی خود را در منزل اجرا کنید و با قابلیت برنامه‌های کاربردی برای خانواده - Family Story سامسونگ می‌توانید مطمئن باشید که لحظات و خاطرات ارزشمند خانوادگی نه تنها ذخیره می‌شوند بلکه توسط تلویزیون هوشمند شما به اشتراک گذاشته خواهند شد.,1,3,train
10673,خوشگل ترم هست,1,3,train
2108,یعنی اینکه شما عملا نمی توانید از سی پی یو قدرتمند خود استفاده کامل رو ببرید و تمام اپلیکیشن های شما بر روی یک دو هسته ای نیز قابل اجرا شدن هستند، و این مهمترین موضوعی است که اپل نه تنها به آن توجه میکند بلکه آن را به بهترین شکل ممکن در اسمارت فون های خودش بکار می برد، تا شما پول خود را بر باد نداده باشید.,1,3,train
11021,دقیقا مانند یک گوشی از سیم کارت پشتیبانی میکنه و هیچ مشکلی با سیم کارت نداره.,1,3,train
11684,متوجه میشید که قیمتش خیلی پایین تره از بقیه.,1,3,train
306,صفحه ی نمایشی که در این گوشی استفاده کردند از نوع LED-Backlit lcd هست که این صفحه با رزولوشن اچ دی روی این صفحه قرار گرفته که بنظر من مناسب ترین سایز صفحه و بهترین تناسب بین سایز و رزولوشن هست رنگهای مشاهده شده از نمایشگر این گوشی هم زنده و لذت بخش هستن با توجه به اینکه اسمارت فون قبلیم گلکسی اس 2 بود و جز بهترین صفحه ها بود فکر میکردم صفحه ی این گوشی خیلی بد باشه ولی اینطور نبود واقعا کم نداشت از گلکسی به جز چند مورد نا محسوس .,1,3,train
12804,مدت زمان اسکن یکی از پارامترهای مهم در اسکنرها می باشد مدت زمان اسکن با وضوح 600DPI حدود 13 ثانیه مدت زمان اسکن با وضوح 300DPI حدود 5 ثانیه این اسکنر با توجه به اطلاعاتی که بیان شد می توان برای کارهای معمولی و حتی تا حدودی حرفه ای مناسب باشد.,1,3,train
4163,بعضی از مزایا و معایبشو میگم : مزایا: قیمت ارزان در مقابل امکاناتی که داره.,1,3,train
11826,دوربین قدرتمند.,1,3,train
1061,سپس وقتی دکمه‌ی شاتر را بفشارید به سرعت فوکوس خودکار انجام و عکس گرفته می‌شود.,1,3,train
2696,همچنین یک مستطیل نشان دهنده ی اختلاف منظر هم وجود دارد که می تواند حدود عکس واقعی که توسط سنسور تصویر ثبت می شود را با دقتی نسبتا خوب به شما نشان دهد.,1,3,train
12861,چه در متن، چه گرافیک و چه عکس این برتری دیده می شود.,1,3,train
6111,اکنون شاید بتوان Xbox 360 Slim را برترین کنسول بازی موجود دانست مخصوصا با وجود Kinect Microsoft اکنون لذت استفاده از بازیهای Xbox چند برابر شده است.,1,3,train
12435,با سلام دوستانی که قصد دارن گوشی تو این رنج قیمت بخرن میتونن بین این گوشی و LG optimus 4x HD مقایسه ای را انجام بدن که در این مقایسه به طور کلی xperia v از جهت داشتن دوربین 13 مگاپیکسل و ضد آب و گرد و غبار بودن و 4x HD از جهت داشتن CPU قدرتمندتر پیروزه و به نظر بنده هر دو از ظاهر قابل قبول و خوبی برخوردارن.,1,3,train
8749,5-واز همه جالبتر دو سیم کارته بودن گوشی هست که هیچ گوشی دیگری با این قیمت و مشخصات نمیتونه باهاش رقابت کنه.,1,3,train
6856,شاید مصرفش خیلی پایینه!,1,3,train
12879,صدای اسپیکرش خوبه و خروجی هندزفریش عالیه فقط باید برایش یک هندزفری استریو تهیه کنید چون هندزفری های خودش جالب نیستن و یه مورد که تنظیمات اکولایزر فکر نکنم داشته باشه، من که پیدا نکردم.,1,3,train
2445,برای عکاسی هم دیگر نیازی نیست که نگران تنظیمات دوربین باشید، کافیست که آن را بر روی مود عکاسی Intelligent Auto یا اتوماتیک هوشمند قرار دهید، دوربین را به سوی سوژه نشانه بروید، دکمه‌ی شاتر را بفشارید تا سپس دوربین خود همه‌ی تنظیمات نوردهی و دیگر پارامترها را بر روی بهترین مقادیر تنظیم کند تا با کیفیت ترین عکس بدست آید.,1,3,train
8595,"این گوشی رو خریدم چون: 1- دو سیم کارته 2- اندرویده جلی 3- کیفیت خوب تاچ و رزولوشن صفحه 4- باطری خوب (در مقایسه با بقیه) 5- دوربین نسبتا خوب یک مشکل خیلی جدی: به طور کلی وسایل جانبی مثل کیف و سایر چیزها خیلی سخت پیدا میشه حتما اگه براتون مهمه مدنظر قرار بدید جای انگشت میمونه پشتش درسته, دوربینش خیلی خوب نیست، دکمه‌های زیرش تو تاریکی مشکل داره که بعد از یک مدت برات عادت میشه و اذیت کن نخواهد بود",1,3,train
6463,ظریف و دوس داشتنی.,1,3,train
5382,در کل، از نظر کیفیت ساخت عملکرد ال جی در مورد این گوشی رضایت‌بخش بوده است و از لحاظ طراحی نیز، به نظر ما طراحی Optimus VU زیبا و شکیل است، با این حال نظر در مورد زیبا بودن یا نبودن این گوشی را به شما می‌سپاریم.,1,3,train
8235,تاچش خیلی خوبه .,1,3,train
8658,واقعا سایت خوبی برای خرید است.,1,3,train
12698,این گوشی رو به راحتی می تون به آندروید 4 آپدیت کرد,1,3,train
3399,پس می‌توان این‌طور پیش بینی کرد که با استفاده معمولی از این گوشی، به راحتی می‌توانید با هر مرتبه شارژ کردن آن، بیش از یک روز از آن استفاده نمایید.,1,3,train
2709,نمیدونم چطوره که حرفه ای های عکاسی در سایت درباره این شاهکار فوجی چیزی نگفتند اما کافیه عکس های این دوربین رو در همه ایزوهای بالا با دوربینی مثل کنون 5 دی مقایسه کنید تا فقط از قدرت این دوربین متعجب بشید.,1,3,train
6520,راحت میشه گذاشتش تو جیب داخلی کت یا کاپشن و اینور و اونور بردش.,1,3,train
4797,رزولوشن چشمی دوربین بیشتر از مدل های قبلی است ارچه اندازه اش کوچکتر شده.,1,3,train
208,البته جدیدا آپدیت 4.0.4 این گوشی اومده که با آپدیت کردن گوشی کاملا این مشکل رفع میشود .,1,3,train
10035,وزن مدل 14 اینچی نزدیک به 1.8 کیلوگرم بوده و مدل های 15.6 اینچی وزنی معادل 2.1 کیلوگرم دارند که باعث شده تا Sleekbook ها به یکی از باریکترین و سبکترین نوت بوک های ساخته شده تا امروز تبدیل گردند.,1,3,train
9255,به صورتی که هر 9 نقطه از نوع Cross Type هستند و نقطه ی مرکزی نیز دقت بالاتری را اعمال می کند.,1,3,train
6761,فوق العاده است هم از لحاظ قیمت و هم از لحاظ کیفیت,1,3,train
8778,دور تا دور قاب را نیز یک لایه نقره ای رنگ تشکیل داده که به کاربر حس یک قاب فلزی را القا می‌نماید.,1,3,train
9838,در تست‌های انجام شده، عملکرد این تبلت از نظر سرعت اجرای مرورگر و باز کردن صفحات وب، کاملا مشابه سرفیس و در واقع جزو برترین‌ها قرار گرفت.,1,3,train
7105,صفحه نمایشاما می‌رسیم به مهم‌ترین بخش نقد و بررسی‌مان در مورد این گوشی، یعنی صفحه نمایش آن که باعث گردیده این گوشی را از دیگر گوشی‌ها متمایز نماید.,1,3,train
3994,ایزو و سنسور داخلی، تکنولوژی آی فای و بیسیم که بهش اضافه شده ارزش محصول رو بالاتر از مدل قبلی میکنه.,1,3,train
8901,من هم یه ماهه این دوربینو خریدم کار باهاش آسون و اگه بخوای عکس های بهتر بگیری کمی باهاش ور برید و دفترچشو بخونید عکس های جالبی می تونید بگیرید .,1,3,train
5254,از جمله امکانات پرکاربرد می‌توان به موارد ذیل اشاره نمود :قابلیت پشتیبانی 3G و درنتیجه استفاده از اینترنت همراه، مکالمه تلفنی، GPS و GPRS حافظه حافظه داخلی 512 کیلوبایت و رم 8 گیگابایت با قابلیت ارتقا تا 32 گیگابایت، فضای کاربردی بالایی را در اختیار کاربران تبلت GSP-X7 قرار می‌دهد.,1,3,train
6146,با سلام من این کنسول رو از دیجی کالا گرفتم فقط قبل از هر چیزی بگم فقط و فقط از دیجی کالا این کنسول رو بگیرید اطمینان داشته باشید بهترین انتخاب رو کردید.,1,3,train
13016,البته اگر با نرم‌افزارهای و امکانات JVC کار می‌کنید به مشکلی برنخواهید خورد.,1,3,train
8696,ولی اگه بخواین با sola مقایسه کنید به نظر من تو کل موارد این سرتر هست .,1,3,train
11849,یه بار هم از دستم افتاد و هیچیش نشد.,1,3,train
8715,قابل توجه افرادی که به قابلیتهای چندرسانه ای گوشی اهمیت میدهند: 1- کیفیت عکس دوربین عالی است.,1,3,train
4653,هر جا دستم دیدن گفتن خیلی قشنگه.,1,3,train
12192,این دوربین می تواند تا حد زیادی مناسب عکاسان نجومی هم باشد چرا که بستن یک دوربین کوچکتر و سبک تر به تلسکوپ می تواند مشکلات کمتری را در بالانس ایجاد کند و در کل ست آپ سبک و کوچکتری را برای شما به ارمغان آورد.,1,3,train
8679,این مشکلی نیست که قابل حل نباشه حالا اگه کلا سیم کارت رایتل رو جواب نمیداد یه چیزی ولی اینجوری نیست این گوشی رایتل رو جواب میده ولی به گفته خود سایت رایتل امکان مکالمه تصویری توسط نرم افزار رو داره,1,3,train
10227,کیفیت صفحه‌نمایشش هم بر خلاف عقیده واقعا خوبه.,1,3,train
6140,به نظر من کنسول خیلی خوبیه ولی کاش درایو بلوری داشت.,1,3,train
4181,) روان بدون هنگ نرم‌افزار دوربین حرفه‌ای!,1,3,train
8644,این گوشی از رایتل و مکالمه تصویری پشتیبانی میکنه، تو سایت رایتل اعلام کردن.,1,3,train
12926,امیدوارم نسخه تک سیمکارته این گوشی که شارژ بیشتری نگه میدارد ، آنهم در رنگ های متنوع مخصوصا سفید وارد کشور شود.,1,3,train
9253,در ضمن این را هم بگوییم که 650D نخستین دوربین DSLR کانن است که از Subject Tracking بهره می برد تا در صورت حرکت سوژه به طور خودکار فوکوس بر روی آن حفظ شود.,1,3,train
6929,در امکانات جانبی و حافظه رم هم که هیچی کم و کاستی نداره.,1,3,train
7907,اگر جزو کسانی هستید که به گوشی‌های با صفحه نمایش بزرگ مانند Samsung Galaxy Mega و یا Huawei Ascend Mate علاقه دارید، حتما نگاهی هم به Fonepad بیندازید.,1,3,train
2967,پردازنده تک هسته ای تقریبا خوب عمل می کنه ولی نه در حدی که همون کار رو پردازنده ای دو هسته ای اپل انجام می ده ولی برنامه هایی که باعث می شن پردازنده ای 4 هسته ایش راه بیفته دیگه جایی رو برای شک باقی نمی زاره که شما بهترین تبلت اندرویدی رو تو دستاتون دارین.,1,3,train
12319,زوم مناسب 9.,1,3,train
9309,به احتمال زیاد این افزایش کیفیت تصاویر به دلیل بهره گیری از پردازشگر DIGIC 5 بوده است.,1,3,train
2614,دوربینی هستش که قیمت پایین در مقابل امکانات خوبی رو داره و ارزش خرید رو داره.,1,3,train
2099,آیفون5 با صفحه ی رتینا با دقت 640*1136 16:9شاید آن چیزی نبوده که هواداران اپل انتظارش را می کشیدند؛آیفون جدید با بهره گیری از چیپ A6جدید اپل با دوبرابر سرعت بیشتر نسبت 4s با چیپست A5 800MHz عملکردی بهتر از S2سامسونگ 1.2MHzدارد، استفاده کرده است که می تواند رضایت شما را تا حد زیادی نسبت به این مورد جلب کند.,1,3,train
5418,فقط امیدواریم ال جی در مورد Optimus VU سنت شکنی نماید و نسخه 4.1 سیستم عامل اندروید را برای این گوشی دوست‌داشتنی ارائه کند.,1,3,train
4048,خیلی ها بهم گفتن از بین دوربین های کنون و سونی ، کنون رو انتخاب کنم اما امتیازاتی از جمله 1-سرعت فیلم برداری 2-لنز قوی کارل زایس آلمانی 3- ارگونومی و طراحی ، باعث شد که سونی رو به کنون ترجیح بدم ..,1,3,train
11631,"من سه ماهه که دارمش تاچش خیلی خوبه,دوربینش عالیه,بازی ها رو راحت اجرا می کنه (سنگین ترین بازی ها یی که روش اجرا کردم:GTA3,Modern combat 2,Asphalt6,Sport car challeng)من از همه نظر ازش راضیم بجز صفحه نمایشش که یه کمی کوچیکه ولی مطمعن باشید از خریدش پشیمون نمیشید.",1,3,train
6970,یه گوشی فوق العاده با امکانات عالی که در اختیار کاربر میزاره اونو از سایرین متمایز کرده.,1,3,train
11808,وووواقعا گوشی خوبیه.,1,3,train
7959,من خودم این کار رو نمی کنم فقط جهت اطلاع گفتم البته عکاسی با RAW و Time lapes و هزار تا قابلیت دیگه باعث هنگ کردن دوربین نمی شن و از نظر من جالب هم هستن.,1,3,train
6068,من حتی روی مقوا هم چاپ کردم.,1,3,train
5744,شما حتی می‌توانید تصویر محل خود را به صورت واقعی و ماهواره‌ای مشاهده کنید!,1,3,train
2220,سخت افزار در قلب این گوشی چیپ NVIDIA Tegra 3 AP37 قرار دارد که یک نسل از چیپ مدل One X جدید تر است و به کمک پردازنده چهار هسته ای 1.7 گیگا هرتزی و یک گیگابایت حافظه RAM، قدرت پردازشی بی نظیر گوشی را تضمین می‌کند.,1,3,train
10430,بدین ترتیب حتی در بزرگنمایی های بالا نیز می‌توانید از سرعت های شاتر پایین تر استفاده کنید.,1,3,train
3259,در مجموع می‌توانیم بگوییم که سامسونگ از صفحات نمایشی فراتر از انتظار ما از یک لپ‌تاپ ارزان قیمت، در ساخت سری 3 استفاده کرده است.,1,3,train
11375,در کل 600D را می‌توان همان 60D کوچک شده دانست چرا که بسیاری از ویژگی‌های آن از جمله نمایشگر چرخنده و ویژگی‌های کاربر دوستانه را به ارث برده است.,1,3,train
9001,این جا جایی است که می‌توانیم جلوه‌های تصویری جالب کانن را بیابیم.,1,3,train
2832,این یک دستگاه ضبط کننده است که قابلیت پخش ام پی تری هم داره,1,3,train
11242,سلام من این دوربین رو تازه خریدم ولی خیلی بررسی کردم توی این حدود قیمت عالیه,1,3,train
2721,این جنس پلاستیک، علاوه بر اینکه مقاومت نسبتا خوبی در برابر ضربه و خش پذیری دارد، به دلیل اصطکاک زیاد سطح آن، احساس امنیت خوبی را نیز بابت لیز خوردن از دست به کاربر می‌دهد.,1,3,train
10002,این کالا برای اونایی که می خوان همه وسایل دیجیتالیشون یه جا باشه بهترین گزینه است.,1,3,train
10928,با قیمت بالای کتاب ها راحت می تونید PDF کتاب های رشتتون رو گیر بیارید بریزیدش روی تبلت و استفاده کنید.,1,3,train
12007,بعد از خرید خاموش کنید و 6-5ساعتی بزنید شارژ تا خازناش پر بشه و بالا بیاد.,1,3,train
1251,به نظر من بی نظیره-فقط منتظرم بیاد همون روز اول میگیرمش,1,3,train
6003,HP LaserJet P1102 مدل جدید پرینتر تک رنگ لیزری این شرکت از سری سطح مبتدی است که توانایی ارایه‌ی کیفیت خیلی خوب به همراه سرعت بالا دارد.,1,3,train
6199,در ضمن، قاب پشتی گوشی به راحتی توسط کاربر قابل باز شدن است و قابل تعویض نیز می‌باشد.,1,3,train
11529,به علاوه این گوشی دارای 2 گیگابایت حافظه RAM است که به لطف آن می‌توانید به راحتی چندین برنامه را به طور همزمان اجرا کنید.,1,3,train
12306,بهترین خرید که میتونین داشته باشین.,1,3,train
4804,دقت زوم مناسب است و میتوان به نرمی زوم کرد.,1,3,train
12460,در جواب اقا مصطفی باید بگم که تقریبا همه کمپانی ها گوشی بی نقص درست نمی کنن بدلیل این که گوشی های دیگرشون هم به فروش برسه مثلا xperia T عالیه ولی باطریش قابل تعویض نیست ولی xperia v که مدل ضد آب همین گوشی هست باطریش قابل تعویضه ولی هر دوی این گوشی ها میزان شارژ دهی کمی دارند پس هدق از نساختن بهترین گوشی و بی نقص، نه تنها بد نیست بلکه موجب خوشنام شدن کمپانی ها میشود البته من از این گوشی بسیار خوشم اومده و همونطور که قبلا گفتم اینو میخرم,1,3,train
9800,مثل اینکه WX170 مقدار خیلی کمی حافظه ی داخلی دارد ولی WX100 فاقد آن است.,1,3,train
285,من این گوشی رو 1 ماهه دارم قرمزش رو و خیلی قشنگه 1.,1,3,train
3845,اگر نداشته باشید تلوزیون اصلا کاربرد نداره 2.این تلویزیون بسیار خوبی است ولی تو ایران زیاد کارآمد نیست زیرا بیشتر برنامه های کاربردیش مثل برنامه اصلی ورزش تلوزیون فیلتر است و نمی تونید از برنامه های کاربردی ان استفاده کنید (البته ایران خودش چند تا برنامه و بازی عالی در سامسونگ اپس گذاشته است) در پایان باید به مرورگر خود تلوزیون بپردازم که واقعا عالیه و من از اون راضی بودم ولی اگر کاربران بتوانند برای راحتی خودشون یک کیبرد و موس بی سیم هم بگیرند راحت‌تر می توانند از مرورگر استفاده کنند و کیفیت تلوزیون که برای شبکه های ایران کیفیت خوبی ندارد ولی برای فیلم های فول اچ دی عالیه  امیدوارم تونسته باشم راهنماییتون کرده باشم,1,3,train
4003,"تغییراتی که باعث خواهد شد تا از محصولی با عنوان دوربین ""دیجیتال"" نهایت بهره را ببرید و واقعا احساس کنید پدیده دیجیتال به کمکتان آمده است تا تصاویر بهتری ایجاد کنید.",1,3,train
8614,صداش هم متوسطه بد نیست.,1,3,train
10408,از جمله‌ی این شباهت‌ها می‌توان به بدنه‌ی بارز و نسبتا بزرگ، دستگیره‌ی بزرگ و راحت، پیش تنظیم مودهای عکاسی، فلاش Pgr-up، کفشک فلاش اکسترنال و در کل ظاهر جدی و حرفه‌ای اشاره کرد.,1,3,train
2585,فیلم برداری قابل قبولی هم داره.,1,3,train
6544,سخت افزار هواوی برای تبلت خود، سخت افزاری قدرتمند را در نظر گرفته است.,1,3,train
8139,htc در ارائه گوشی های میتنی بر اندرید 4 از رقبا داره میزنه جلو تا حالا شرکت دیگری اندرید 4 ارزان قیمت نداده,1,3,train
10151,همه تعریف هارو دوستان کردن، فقط میتونم بگم تو این رنج قیمت بهتر از این گیر نمیارین .,1,3,train
8959,از دیگر فن‌آوری‌های به کار رفته در SX230 می‌توان به i-Contrast (کیفیت جزئیات مناطق سایه در عکس را افزایش می‌دهد)، Smart Flash Exposure (میزان نور فلاش را بسته به شرایط تنظیم می‌کند تا زیاد یا کم نباشد)، فن‌آوری تشخیص چهره که می‌تواند تا 35 چهره‌ی انسان را در یک فریم تشخیص دهد و Face Self Timer که برای در عکس قرار گرفتن خود عکاس خیلی مناسب است اشاره کرد.,1,3,train
3301,همانند دوربین های DSLR، سنسور این دوربین فیلم برداری نیز از امکانات ضد گرد و غبار بهره می‌برد.,1,3,train
2342,به نظر من واقعا کار شرکت اپل متفاوت هست و بسیار کارامد!,1,3,train
8091,با اینکه cpu پایین هست ولی به اندازه یه cpu 1ghz کار انجام میده.,1,3,train
9914,با این حال به نظرمان می‌آید که 4s عملکرد بهتری نسبت به 4 دارد به خصوص که نشانگر آنتن ما در موقعیت‌هایی که iPhone 4 یک ستون کم دارد تا آخر پر است.,1,3,train
4032,در قسمت عکس برداری هم جلوه‌های مختلف و زیبایی وجود داره که با کمی سلیقه عکس های خیلی زیبایی میشه گرفت .,1,3,train
2704,از نظر کیفیت ساخت، همانند دیگر دوربین های سری X فوجی فیلم، این دوربین هم به طرز خیلی عجیبی متسحکم و خوش ساخت است.,1,3,train
4310,در واقعیت نیز این ادعا تا حد زیادی صحت دارد.,1,3,train
12389,عکس‌ها در ایزو 100 و 200 بدون نویز هستند و فقط مقداری نویز و کاسته شدن از غلظت رنگ‌ها در ایزو 400 مشاهده می‌شود.,1,3,train
3212,دوستان من تقریبا بیستو پنج روزه این تب رو دارم قبلش دو مدل رو داشتم هم پی 1000 هم پی6200 پلاس میخواستم یکباره برم سراغ تب پی6800 که به نظرم بهترین و خوش دست ترین تبلته دنیاس ولی یه ضعف کوچیک که به نظرم مهمه دلمو زد اندروید 4 ولی در کل میگم محشره.,1,3,train
10846,واقعا تبلت خوبی واسه اسمس دادن یا زنگ زدن و وبگردی خیلی حال میده اما رزولوشنش پایین است قیمتش یکم بالا است,1,3,train
12015,که در حدود دوبرابر قیمت آن می باشند بالاتر است.,1,3,train
5289,در این حالت، چهار هسته دیگر غیر فعال می‌شوند و این کار باعث افزایش شارژ دهی باتری می‌شود.,1,3,train
12261,ولی بازم کیفیت فیلمش عالیه.,1,3,train
6579,ضمن اینکه برای این تبلت امکان تهیه داک کیبورد به صورت جداگانه نیز وجود دارد که این نیز یک مزیت دیگر این دستگاه به شمار می‌آید.,1,3,train
7143,باتریButterfly دارای یک باتری لیتیوم-پلیمری 2020 میلی آمپر-ساعتی می‌باشد.,1,3,train
12564,در عوض iMovie چیز کاملا جدیدی می‌باشد.,1,3,train
1629,با این حال باید بگوییم که این گوشی شکیل‌تر نیز شده است.,1,3,train
5292,حافظه RAM این دستگاه نیز یک گیگابایت است که برای اجرای روان چند برنامه به طور همزمان، بسیار مناسب است و البته چیپ گرافیکی به کار رفته در آن نیز از نوع NVIDIA GeForce است.,1,3,train
12587,البته اگه در حالت عکاسی اتوماتیک نباشه و تنظیم دستی بشه واسه عکاسی در شب و روز قابل قبوله.,1,3,train
10482,باز هم از دیجی کالا بخاطر مشاوره و ارایه مناسبش متشکرم,1,3,train
8690,در کل عالیه بخرید که ازدستتون نره,1,3,train
11886,این در حالی است که صفحه نمایش این گوشی مجهز به فن‌آوری Bravia می‌باشد که کیفیت بالای تصویر را نیز تضمین می‌کند.,1,3,train
10484,سلام این گوشی بهترین چیزش اینه که از اندروید 4 پشتیبانی میکنه و نیاز به آپدیت نداره صفحه نمایش این گوشی از نوع tft اما با موتور bravia این صفحه نمایش کیفیت نسبتا خوبی داره.,1,3,train
647,بخوام تو یه جمله بگم به هیچی نه نمیگه .,1,3,train
3135,این تبلت امکانات فراوانی دارد که مطمئنا خریداران خود را نا امید نخواهد کرد.,1,3,train
9387,تقریبا همه چیزش خوبه ..,1,3,train
1594,موزیک پلیر و ویدئو پلیر این دستگاه نیز پلیر استاندارد سامسونگ است که کیفیت متوسطی را داراست و عملکرد قابل قبولی دارد.,1,3,train
3792,البته همواره حلقه ی دور لنز را بیشتر دوست داریم.,1,3,train
12111,JVC GZ-MG335، مجهز به تنظیمات از پیش تعیین شده ای مثل تنظیم سفیدی در حالت های مختلف، حالت های تصویربرداری از پیش تنظیم شده، مثل ساحل، نور شمع، طلوع و غروب آفتاب، آتش بازی، منظره، ورزش و .,1,3,train
4002,اگرچه به نظر از نظر سخت افزاری و مشخصات فنی تغییرات خاص و محسوسی در این مدل نسبت به مدل قبلی یعنی HX100V اعمال نشده است، اما به نظر می رساند تغییرات نرم‌افزاری مطلوبی به آن افزوده شده باشد.,1,3,train
5787,من سری G دارم که نسبت به نسخه معمولی گرافیک قوی‌تری هم داره و هر بازی بخواین بدون مشکل میاره.,1,3,train
997,در کل باید گفت که P7700 جهش خیلی خوبی نسبت به P7100 بوده است.,1,3,train
5301,مرورگر قرار گرفته بر روی این تبلت به صورت پیش فرض Google Chrome است که مخصوص اندروید 4.1 طراحی گردیده است و دارای مزایای بسیاری است.,1,3,train
12429,تو این رنج قیمت هیچ گوشی با این قابلیت ها وجود نداره.,1,3,train
1569,لازم به ذکر است که Note 8 در دو ظرفیت 16 و 32 گیگابایتی تولید گردیده که البته آن‌ها نیز قابلیت پشتیبانی از کارت حافظه microSD را دارند، بنابراین هیچ نگرانی بابت حافظه جهت ذخیره اطلاعات نخواهید داشت.,1,3,train
9242,سنسور تصویری هیبریدی، بدین معنی که در آن پیکسل هایی وجود دارد که به فن آوری فوکوس خودکار Phase Detection اختصاص یافته اند.,1,3,train
11856,من که مشکلی ندارم.,1,3,train
10279,به نظر من برای کسانی که دنبال یک گوشی با امکانات کافی و قیمت مناسب هستند بهترین انتخاب است در سرعت پردازنده سری galaxy سامسونگ اصلا در حد این گوشی نیستند برای خریدش شک نکنید.,1,3,train
9674,با این حال که خیلی هم فرق نکرده(البته از لحاظ ظاهری) ولی بازم ارزش خرید داره!,1,3,train
10555,به طور کلی دوربین این گوشی عملکردی متوسط و پاسخ دهی سریعی دارد و عکس‌های گرفته شده توسط آن دارای کیفیت متوسطی هستند، میزان جزئیات و غلظت رنگ‌ها نیز در حد قابل قبولی قرار دارند.,1,3,train
8777,لازم به ذکر است که قاب پشتی دارای یک بافت ریز نیز می‌باشد که با وجود این بافت، نگهداری گوشی در دست بسیار راحت‌تر و امن‌تر صورت می‌پذیرد.,1,3,train
12426,4G داره که tx نداره.,1,3,train
7311,در پایین ترین حساسیت، یعنی حساسیت 100 اثری از نویز دیده نمی شود.,1,3,train
9782,البته این دوربین رو از این سایت تهیه کردم به توصیه یکی از دوستانم، از کارشون واقعا راضی بودم و ممنونم.,1,3,train
8743,در کل همه گوشی های ال جی نسبت به قیمتشون کارایی بالاتری دارند و مشتری رو از خریدش پشیمون نمیکنه .,1,3,train
1235,در نهایت، همان‌طور که در توضیحات داک گفتیم، دوربین 1.3 مگاپیکسلی موجود بر روی داک به کاربر در ایجاد مکالمات تصویری کمک می‌نماید.,1,3,train
11379,عکس‌های RAW نویز رنگی کمتری نسبت به عکس‌های JPEG دارند.,1,3,train
11101,به هر حال باید پذیرفت که صفحه نمایش Galaxy Note 10.1 در مقابل iPad 3 و یا Asus TF700 با رزولوشن های بالای آنها، ضعف دارد، اما در کل عملکرد آن کاملا قابل قبول و مناسب است.,1,3,train
6152,واقعا لذت بخشه بازی کردی وقتی عملی بازی کنی..,1,3,train
6675,زوم 30 برابر و فوکوس سریع حتی در زوم 30x.,1,3,train
1336,مطمئن باشید از خرید این ipod پشیمون نمیشید,1,3,train
10952,کیفیت صفحشم خوبه.,1,3,train
10185,و قیافشه که خوشم میاد مخصوصا سفید چون از مشکی تکراری خوشم نمیاد.,1,3,train
1343,من چند روزه خریدمش قبلا پلیر سونی داشتم اون کیفیتش خوب بود اما این کیفیت صداش محشره کسایی که به جزئیات آهنگ اهمیت میدن من این پلیرو پیشنهاد میکنم فقط تنها عیبی که میشه گرفت ازش اینه که صفحه نمایش نداره که فکر میکنم عادت میکنید به کار باهاش البته یه دکمه داره که با فشار اون دونه دونه پوشه ها رو اسم میبره میتونید پوشه مورد علاقتونو این جوری انتخاب کنید.,1,3,train
11622,چون توی سری جدید این مشکل رفع شده.,1,3,train
148,فقط در قسمت عکاسی پاناروما زنده کیفیت خیلی پایینی داره ولی در کل من از عکاسی باهاش مخصوصا در شب لذت میبرم,1,3,train
1354,عدم حضور این دو، نه تنها باعث باریک‌تر شدن لپ‌تاپ شده است، بلکه به اپل کمک کرده که باتری بزرگ‌تر و قوی‌تری را در دستگاه جای دهد.,1,3,train
8445,اگه 3d میخواین تو خریدش شک نکنین .,1,3,train
11967,ولی قابل تحمل .,1,3,train
10542,همچنین چندین ویجت کاربردی برای استفاده کاربران به صورت پیش فرض بر روی گوشی قرار داده شده است.,1,3,train
688,اسپیکراش صدای مطلوبی دارن چون SRS دارن.,1,3,train
7941,ایزو نیز تا 3200 بالا می‌رود تا برای عکاسی در شرایط نوری ضعیف تر مناسب شود.,1,3,train
12944,جهت کار با 2 سیم کارت، توضیحات زیر بیشتر شما را با عملکرد خوب این گوشی آشنا می‌سازد.,1,3,train
5305,گوگل قصد دارد خواندن کتاب‌ها و مجلات الکترونیکی را به یکی از کاربرد های مهم تبلت خود تبدیل کند به همین دلیل تعدادی از کتاب‌ها و مجلات مطرح و پرطرفدار را در فروشگاه خود عرضه کرده است و به طور کلی می‌توان گفت که خواندن کتاب‌های الکترونیکی بر روی صفحه نمایش هفت اینچی Nexus 7 تجربه خوبی خواهد بود.,1,3,train
11017,البته از قیمت که صرف نظر کنیم تبلت بسیار مناسب و توانمندی هست,1,3,train
6478,ممنون digikala,1,3,train
7454,مناسب برای فیلم برداری معمولی,1,3,train
8605,فیلم های اچ دی هم براحتی پخش میکنه.,1,3,train
788,با این میزان حافظه می‌توان تعداد مناسبی فایل نظیر عکس، موسیقی و ویدیو را بر روی این گوشی ذخیره کرد.,1,3,train
4626,همه ی برنامه ها رو هم به راحتی اجرا میکنه .,1,3,train
11813,مشکل بک خوردن گوشی به هنگام داغ شدن با آپدیت کردن گوشی برطرف شد,1,3,train
6239,پس اگر به دنبال داشتن یک گوشی دو سیم کارته بزرگ هستید بدون شک Galaxy Grand Duos انتخاب شماست، نهایتا مدل تک سیم کارته آن هم برای طرفداران گوشی‌های بزرگ ولی با قیمت ارزان تر تولید شده است.,1,3,train
6983,نمیدونم htc کی میخواد روی گوشیهاش باتری قوی بذاره,1,3,train
5947,همچنین کمینه‌ی سرعت شاتر آن نیز تا 30 ثانیه می‌باشد که دلیلی بر توانایی‌های این دوربین برای عکاسی در شب است.,1,3,train
10146,به اندروید 4 اپ گرید کنید عالی میشه,1,3,train
5182,اگر به دنبال لذت بردن از بازی ها به خصوص بازی های اکشن هستید xbox 360 انتخاب مناسبی است هر چند شایعاتی در مورد سه چراغ قرمز وجود دارد اما با آمدن مادربرد فالکان و جاسپر این مشکل حل شده است به هر حال قیمت مناسب بازی یکی از عواملی است که در ایران به ps3 ترجیح داده می شود .,1,3,train
11215,با این حال یک ویژگی که می تواند خیلی کاربردی تر باشد، قابلیت کنترل کامل دوربین از طریق گوشی هوشمند یا تبلت و با استفاده از نرم افزار EOS Remote App است.,1,3,train
3915,بزرگترین مزیت دوربین‌های سوپرزوم این چنینی، قابلیت‌های فراوانی است که به شما در عکاسی از چشم اندازهای گسترده تا مناظر بسیار دوردست می‌دهند.,1,3,train
227,LCD4.56 و بدنه یک پارچه فلزی مشکل لقیه درب پشت SONY S را حل و زیبایی دو چندانی رو به ION هدیه داد کیفیت LCD نسبت به SONY S میشه گفت گرم تر هست.,1,3,train
5205,به کمک این کارت گرافیکی، نوت‌بوک شما به راحتی می‌تواند نوت‌بوکی مناسب برای انجام بازی‌ها‌ی رایانه‌ای و اجرای برنامه‌ها‌ی سنگین گرافیکی باشد.,1,3,train
5020,به طور کلی، سه هسته موجود در این پردازنده به صورت موازی و در فرکانس ۲/۳ گیگاهرتز فعالیت می‌کنند که این عامل باعث افزایش کارآیی این واحد پردازشی در محاسبات پیچیده می‌شود.,1,3,train
3879,همان لنز 27-810 میلی متری با توانایی زوم 30 برابر و f/2.8-5.6 که لنزی کاملا سریع و خوب برای عکاسی در شرایط ضعیف‌تر نوری است.,1,3,train
7604,لازم به ذکر است که همانند مدل Galaxy S III قاب پشتی این گوشی نیز قابل باز شدن است و باتری توسط کاربر قابل تعویض می‌باشد.,1,3,train
1848,از نظر طراحی و صفحه نمایش هم معرکه هست.,1,3,train
3662,اما با همه این اوصاف، بجز وجود برنامه های محدود برای نسخه RT از سیستم عامل ویندوز، نمی‌توان ایراد عمده دیگری به این دستگاه وارد نمود و پیش بینی ما این است که تبلت Surface Pro با وجود پشتیبانی ویندوز 8 پرو از تمامی برنامه های ویندوز های پیشین، توفیق زیادی را عاید مایکروسافت نماید.,1,3,train
12431,این گوشی ضد ابه,1,3,train
8754,به نظره من که خوبه مخصوصا نسبت به قیمتش عالی,1,3,train
1396,این حافظه‌ها از سرعت بینهایت بالایی برخوردارند و به هیچ عنوان قابل مقایسه با هاردهای استاندارد قبلی نیستند.,1,3,train
4470,تقریبا هیچ‌گاه هنگام کار کردن با گوشی، کاهش سرعت یا به اصطلاح Lag مشاهده نکردیم.,1,3,train
12875,بزرگی دکمه هاش و فاصله مناسبش باعث لذت بخش بودن تایپ پیامک میشه.,1,3,train
6404,اولین قابلیت مهم این نرم‌افزار، شناسایی و پیشگیری از نفوذ ویروس‌های بسیار جدید و ثبت نشده، از طریق هوش مصنوعی یا سیستم حفاظت پیشگیرانه می‌باشد.,1,3,train
4427,از نظر فنی میزان مقاومت تلویزیون پلاسما چندین برابر ال سی دی و ال ای دی ها است.,1,3,train
10205,من در حدود دو ساله که پیگیر مدل های مختلف گوشی هستم ولی گوشی تو این رنج قیمت رو دست این ندیدم.,1,3,train
10680,صفحه نمایش گوشی خیلی عالی و رنگها رو کاملا زنده و طبیعی نشون میده تنها عیبی که داره زاویه دید پایین هست که اونم البته باید 160 تا 170 درجه گوشی رو بچرخونید که تاثیر گذار باشه و البته برای من که هیچوقت به صفحه گوشی از کنار نگاه نمیکنم و این مورد تو زندگیم حتی یک بارم به کار نیومده زاویه دید پایین هیچ فرقی نمیکنه.,1,3,train
4298,این چیپ از پردازنده ARM Cortex-A9 استفاده کرده و به راحتی جوابگوی تمامی برنامه‌ها و بازی‌های سیستم عامل iOS می‌باشد.,1,3,train
9366,گوشی خوشدستیه.,1,3,train
1206,این قلم علاوه بر کارایی اصلی خود در حین کار با تبلت، یک کارایی شگفت انگیز دیگر نیز دارد.,1,3,train
1564,تمامی این قابلیت‌ها در کنار طراحی مناسب و البته کاربرد های فراوان آن، قلم Note 8 را به بزرگ‌ترین مزیت آن تبدیل نموده است که این محصول را در بازار نسبت به دیگر 7 یا 8 اینچی‌ها متمایز می‌کند.,1,3,train
8617,با توجه به هم قیمت بودن با گلکسی اس دووس (دوسیم کارت) نسبت به اون امکانات بالاتری داره و به صرفه تره,1,3,train
308,و در کل حس مثبت و خوبی بهش دارم .,1,3,train
8475,من که ازش راضیم ، خدا ازش راضی باشه .,1,3,train
2550,فیلمش قابله قبوله.,1,3,train
7275,دیگر تفاوتی که M41 با دو مدل دیگر دارد در این است که این دوربین از طریق جک مخصوص امکان پذیرایی از میکروفون اکسترنال را دارد.,1,3,train
4476,همانند اکثر گوشی‌های خانواده Xperia، بلندگوی Xperia ray کیفیت بسیار خوبی دارد و از نقاط قوت اصلی آن محسوب می‌شود.,1,3,train
5232,این لپ تاپ بر طرف میکنه.,1,3,train
7094,برای اثبات حرفمان، وزن گوشی‌هایی مانند Note II و یا لومیا 920 را با حدود 180 گرم یاد آوری می‌نماییم.,1,3,train
5907,ولی سری G که گرفتم اصلا تا حالا داغ نکرده..,1,3,train
10080,حتی هنگامی که بار محسباتی سنگینی بر روی سیستم قرار گرفته و دستگاه تحت استرس می باشد، دمای بدنه زیاد گرم نشده و سیستم خنک کننده، صدای آزار دهنده ای ایجاد نمی کند.,1,3,train
292,از لحاظ زیبایی گوشی شیک و مردونه ایه و کلاس خاصی داره و البته یه کم سنگین 9.لازم به ذکر هست که موقعی که من خریدم روش آندروید 4.0.4 نصب بود.,1,3,train
3229,صفحه نمایش با کیفیت با پنل IPS و رزولوشن HD7.,1,3,train
10742,هم زیباست و هم تمامی امکانات رو با هم داره,1,3,train
6952,چقدر خوبه که میکرو اس دی هم میخوره.,1,3,train
12987,بنابراین هر ایمیلی که به این پرینتر ارسال کنید و فایلی الحاق شده با یکی از فرمت های قابل پشتیبانی را داشته باشد، فورا توسط این پرینتر چاپ می گردد.,1,3,train
10689,T تا 4 انگشت سرعت انتقال داده در TX هنگام استفاده از EDGE - GPRS و 3G کمی سریعتر از T هست که البته به اپراتور هم بستگی داره!,1,3,train
7314,اگه تو همین قیمت ها بخوای و از برند سامسونگ خوشت بیاد بهتره Samsung NP300E5X-A08-B بگیری نسبت به Samsung NP300E5X-A0A بهتره,1,3,train
6981,مخصوصا تراکم پیکسلی بسیار بالایی که داره.,1,3,train
8587,زیرا تمام قطعات بکار برده در اکثر موبایل ها محصول یک شرکت می باشد و فقط قدرت ان ها کم و زیاد است .,1,3,train
12082,بدنه‌ی این دستگاه طوری طراحی شده که بتواند جدیدترین تکنولوژی روز را در خود جای دهد.,1,3,train
3756,دوربین این گوشی مجهز به تشخیص چهره است و فوکوس ثابت داره سیستم عاملش هم به گفته نوکیا تا سال 2012 به سیستم عامل بل آپدیت میشه .,1,3,train
12421,۳ اینچی بازار به حساب میاد مشکل مرگ ناگهانی با ارایه آپدیت به کلی حل شد اما باتری این گوشی در شرایط کاری شدید تنها ۱ روز دوام داره که یک نقطه ضعف هست راستی به خاطر ضد آب بودن با آرامش زیر بارون از گوشی استفاده کنید و لذت ببرید یک ویژگی بسیار خوب دیگری هم که داره بسیار سبک بودنشه که خیلی احساس خوبی موقع کار منتقل میکنه وقتی کار کردین باهاش متوجه تمام حرف هام میشید، موفق باشید,1,3,train
1984,اپل هر سال یک گوشی و تبلت میده بازار ولی هر سال بهتر از سال دیگه,1,3,train
5540,با فشار دادن کلید پاور اولین ویبره گوشی دست رو میلرزونه و مارک LG در بین صفحه نمایش 5 اینچی این فبلت زیبا ظاهر میشه و در عرض حدود 20 ثانیه اولین Startup گوشی تموم میشه و صفحه تنظیمات سیستم عامل اندروید ظاهر میشه.,1,3,train
10216,گوشی خوبیه از همه نظر در سطح بالایه اما تنها مشکلش قطر زیادشه اما به نظر من اگه در همین رنج قیمت پول دارین بخرینش چون گرون تر میشه,1,3,train
885,حقیقتا زمانی که آن دوربین معرفی شد توانایی زوم 42 برابر مقدار بسیار زیادی بود به طوری که آن را بالاتر از هر دوربین هم رده ی دیگری قرار می داد.,1,3,train
9351,فکر کنم برای کسایی که نمیخوان کارای سنگین انجام بدن مثلا اجرای سنگین ترین بازی های اچ دی گوشی مناسبی باشه.,1,3,train
2152,همچنین به مراتب شارژ باطری آیفون از دیگر گوشی های خوب بازار بهتر است.,1,3,train
13059,با توجه به ساخت باریک و بدنه ی یک دست؛ به راحتی در جیب شما سر می خورد.,1,3,train
2718,این زیبایی زمانی بیشتر به چشم می‌آید که تبلت را روشن می‌نمایید و هماهنگی بین قالب قرمز رنگ منتخب فوجیتسو با بدنه دستگاه را مشاهده می‌نمایید.,1,3,train
9859,از نظر دوربین امکان داره ضعیف باشه ولی بستگی داره چه نوع کارهایی که میخوای با یه گوشی انجام بدی من منتظر میمونم تا بیاد,1,3,train
5011,نوع بی‌سیم این دسته بازی نیز، فاصله‌ی ۹ متر را با باتری AAاز نوع NimH پشتیبانی می‌کند که این فاصله برای یک دسته بازی بی‌سیم فاصله‌ی مناسبی است.,1,3,train
9382,کلی هم برنامه دارم.,1,3,train
7088,در کل می‌توان این گوشی را با وجود ابعاد بزرگ آن یعنی 70×143 میلی متر، گوشی خوش دستی نامید.,1,3,train
7175,ولی با این حال اگه بخوام موبایل بگیرم حتما پدفون 2 میگیرم,1,3,train
6767,سرعت خوب.,1,3,train
5809,دوربین خوب .,1,3,train
7356,میانگین میزان روشنایی این نمایشگر در سطح رضایت بخشی می‌باشد که بیشینه‌ی آن نیز در قسمت مرکزی پنل است.,1,3,train
6425,اگر بخوام این هارد رو با محصولات و برندهای دیگه مقایسه کنم بدون شک این محصول رو در رده اول قرار میدم.,1,3,train
2839,ال‌جی با طراحی بافت دار قاب پشتی این گوشی، علاوه بر زیبایی آن، باعث افزایش اصطکاک سطح گوشی با دست و در نتیجه کاهش احتملا لیز خوردن گوشی از دست شده است.,1,3,train
8309,وقتی میخریش، به عظمتش پی میبری.,1,3,train
10342,این برنامه علاوه بر اینکه یک برنامه قدرتمند برای پخش موسیقی با رابطی ساده است، یک سری قابلیت‌های جالب مانند جستجو کردن سایت Wikipedia برای پیدا کردن مشخصات خواننده یا جستجو کردن سایت گوگل برای پیدا کردن متن موسیقی نیز دارد.,1,3,train
12612,سلام به همگی از مرداد که من این گوشی رو خریدم ، تا حالا مشکلی باهاش نداشتم.,1,3,train
9261,همان پردازشگر جدیدی که بر روی دوربین های سال 2012 این شرکت مثل S100 و G1 X به کار رفته.,1,3,train
6829,به نظرم خوبه,1,3,train
958,همچنین پرتابل بودن این دستگاه و عدم نیاز به کامپیوتر برای تهیه اسکن یک امکان ویژه ی دیگر را در اختیار شما قرار می دهد و آن تهیه اسکن از سطوح مختلف از جمله اعلامیه های روی دیوار که اسکنرهای معمولی چنین امکانی را ندارند.,1,3,train
7059,حتی galaxy sIV هم به این گوشی نمیرسه one x هم بخاطر اندروید با سنس که موجب سنگین شدن سیستم عامل میشد از s3 کم اورد ولی الان تو اپدیت 4.1 تو بنچمارک حرف اول میزنه دیگه چه برسه به htc Butterfly تا به امروز گوشیهای قدرتمند جهان رو باهاشون کار کردم مثل one x .,1,3,train
7129,در ضمن، یک میانبر به قسمت تنظیمات و قسمت ذخیره انرژی نیز وجود دارد.,1,3,train
5423,البته این دوربین امکانات متنوع و خوبی را در اختیار کاربر قرار می‌دهد.,1,3,train
4410,البته با ویدئوهای 720p هیچ مشکلی ندارد.,1,3,train
375,هرچند که ابعاد آن کمی بزرگ‌تر از Ixus 510 HS است ولی وزنی کمتر دارد.,1,3,train
10819,در کل در مقایسه با قیمتش خیلی عالیه و امکانات خوبی داره.,1,3,train
6945,گوشیه فوق العاده ایه هم از لحاظ ظاهر و هم از نظر قطعات و رقیب تازه ای به نام XPERIA Z هم پیدا شده براش ولی برند HTC یه چیز دیگست,1,3,train
4739,وقتی این گوشی را به هدفون متصل می کنیم ، صدای ها و نویز های اضافی صدا کمی افزایش پیدا می کند اما باز هم در مجموع می توان نمره ای بالاتر از حد میانگین به آن اختصاص دارد .,1,3,train
5656,این میزان تراکم پیکسلی بر روی تبلت های 10.1 اینچی مقدار استانداردی است و برای انجام کارهای مختلف، بسیار مناسب است.,1,3,train
7791,اما با اینکه این صفحه نمایش در مقابل رقبا کنتراست رنگ کمتری دارد اما کماکان دید در زوایای مختلف آن از رقبای خود بهتر است و برای کار کردن با آن در زیر نور مستقیم آفتاب هیچ مشکلی نخواهید داشت.,1,3,train
10056,به استثنای چهار کلید جهات، بقیه کلیدها بزرگ و مناسب طراحی گشته اند و به همین دلیل، خطاهای تایپی کم است.,1,3,train
3835,فایل‌ها و برنامه‌های خود را به اشتراک گذاشته، ذخیره ساخته و از آن‌ها لذت ببرید – راحت‌تر از همیشه به یمن وجود قابلیت‌های ارتباطی هوشمند می‌توانید تجربه مشاهده لذت‌بخش‌تر و هوشمندانه‌تری داشته باشید.,1,3,train
5989,در کل در خرید این دوربین شک نکنید.,1,3,train
2987,اما خیلی راحت اگه گوشی موبایلتون hotspote داشته باشه، مثل آب خوردن می تونین gprs و edge رو روی تبلت تون داشته باشین.,1,3,train
2800,در مود Program اختیار بیشتری برای انجام تنظیمات نور دهی خواهید داشت.,1,3,train
3836,با AllShare Play می‌توانید فیلم، عکس و موسیقی و سایر فایل‌های چندرسانه‌ای را مستقیما در تلویزیون خود پخش کرده و از آنها روی صفحه نمایش بزرگ لذت ببرید.,1,3,train
10797,طبق معمول دوربین های سونی، علاوه بر کارت های حافظه ی SD از کارت های حافظه ی Memory Stick Duo نیز پشتیبانی می شود.,1,3,train
3454,متاسفانه این دستگاه امکان چاپ بر روی CD را ندارد که اگر این ویژگی را نیز داشت می‌توان گفت دیگر چیزی کم نداشت ولی با این حال باز هم یکی چاپگر بسیار مناسب از لحاظ کارکرد و همچنین قیمت است.,1,3,train
3650,مرورگری اینترنت در مرورگر استاندارد ویندوز یعنی Internet Explorer با وجود پشتیبانی آن از Wi-Fi با سرعتی مبهوت کننده صورت می‌پذیرد.,1,3,train
8289,از رقبای اصلی این دوربین می‌توان به Fujifilm Finepix F600 EXR، Nikon Coolpix S8200، Olympus VR320، Panasonic Lumix DMC-TZ20، Samsung WB750 و Sony Cybershot DSC-HX9V اشاره کرد.,1,3,train
10807,تعامل هوشمندانه با کنترل صدا و حرکتفن‌آوری جدید و پیشرفته تعامل هوشمند به شما اجازه می‌دهد تا بدون نیاز به فشار دادن دکمه با تلویزیون خود کار کنید.,1,3,train
2554,بعد از تنظیمات چند تا عکس گرفتم و ریختم رو PC عکسا از کیفیت قابل قبولی داره .,1,3,train
13067,ولی تراکم پیکسل های نمایشگر iPod کمی بیشتر است.,1,3,train
7665,در ضمن این دوربین ضدنفوذ ذرات ریز مثل گرد و خاک هم می‌باشد.,1,3,train
2748,در کل، از حرکت در بین منوها و دیدن روان بودن آن بسیار لذت خواهید برد و می‌توان گفت که با این تبلت، قادر خواهید بود از اکثر برنامه های موجود برای سیستم عامل اندروید استفاده نمایید.,1,3,train
6995,بنظر من مشکلاتی مانند باتری در این محصول دیده میشه و اینکه بهتر است منتظر s4 یا مدل جدید تر اچ تی سی باشیم.,1,3,train
9397,من حدود 2ماهه که از دیجی کالا خریدم خیلی خوبه بلندگوش عالیه وقتی هندزفری رو بزاری تو گوشت حتی اگه صداش هم کم باشه هیچ صدایی رو از بیرون نمی شنوی فقط دوربینش زوم نداره که اونو هم با برنامه camerazoom میشه حل کرد,1,3,train
11098,شفافیت رنگ‌ها بسیار مناسب و رنگ مشکی بسیار عمیق و خوب نمایش داده می‌شود.,1,3,train
527,"همچنین این دستگاه توانمندی اسکن با رزولوشن اپتیکال 4,800X2,400dpi و رزولوشن دیجیتال 19,200X19,200dpi را دارد.",1,3,train
7842,در ضمن این تبلت از نسخه 4.1 سیستم عامل اندروید بهره می‌برد.,1,3,train
9033,این لنز خیلی واید است و توانایی زوم آن نیز کاملا در حد یک دوربین کامپکت سطح متوسط است.,1,3,train
5860,به تازگی اندروید 4.0.4 که برای خود ایران هم منتشر شده رو روش نصب کردم که ماندگاری شارژ باتری افزایش چشمگیری پیدا کرده و سرعت گوشی هم به نسبت اندروید 2.3.6 نیز بهتر شده.,1,3,train
9306,این موضوع را می توان هم از نظر میزان کمتر نویز و هم گستره ی بیشتر دینامیکی مد نظر قرار داد.,1,3,train
5128,در این نقد و بررسی می خواهیم با هم نگاهی تخصصی تر و البته واقع بینانه تر به xbox 360 بیاندازیم و با بررسی معایب و مزایایی که در xbox 360 نهفته است گامی استوار تر برای خرید آن برداریم یا اگر صاحب یک xbox 360 هستیم به xbox خود افتخار کنیم.,1,3,train
3926,تو این 2 هفته که داشتم ازش راضی هستم.,1,3,train
4170,بی‌نظیر و عالی باورم نشده یه گوشی میتونه با این قیمت این کیفیت رو داشته باشه فقط لوازم جانبیش گیر نمیاد مثل قاب از هر نظر عالی,1,3,train
8944,که همه‌ی این مودها بسیار جالب هستند.,1,3,train
2980,ولی فعلا تا این لحظه که خیلی ازش راضیم مخصوصا از صفحه نمایشش.,1,3,train
4179,من این گوشی رو تازه سفارش دادم با این مشخصات موجود درسایت و نظرات دوستان مطمئنم گوشی خوبی باشه به محض دریافت نکته و نظرات خودمو برای دوستان میذارم ولی مطمئنم میشه به دیجی کالا اعتماد کرد.,1,3,train
2841,ابعاد مناسب True HD یعنی 68×133 میلی متر به همراه وزن 135 گرمی آن، راحتی خاصی را به کاربر در حین کار کردن با آن می‌دهد.,1,3,train
12725,صدای خوبی هم داره,1,3,train
6960,جزو معدود گوشی های با رم2 گیگ که اجرای عالی فرامین رو تضمین میکنه.,1,3,train
10339,به این ترتیب دیگر نیازی به پر کردن صفحات با آیکون‌ها نداشته و می‌توانید از ویجت‌های مختلف لذت ببرید.,1,3,train
5670,بر خلاف مدل 10.1 اینچی پیشین که قابلیت پخش ویدئوهای Full HD 1080p را نداشت، GALAXY Tab 2 10.1 به لطف پردازنده قوی‌تر می‌تواند این ویدئوها را به راحتی و بدون هیچ‌گونه کاهش سرعتی پخش کند.,1,3,train
3255,• صفحه نمایش و بلندگوها صفحات نمایشی که بر روی این لپ‌تاپ‌ها قرار دارد، واقعا خوب است.,1,3,train
2210,با اینکه One X Plus از صفحه نمایش غول آسای 4.7 اینچی استفاده می‌برد، تنها 135 گرم وزن دارد.,1,3,train
7124,به لطف وجود پروژه کره بر روی نسخه 4.1 اندروید، حرکت در بین منوها واقعا نرم و روان صورت می‌پذیرد، طوری که می‌توانید علت نام گذاری پروژه کره را لمس نمایید.,1,3,train
543,با کلید کپی اگر پرینتر وصل باشه راحت و بدون هیچ عملکرد اضافی کپی شیک و تمیز میگیره.,1,3,train
3404,از دیگر قابلیتهای این گوشی سازگاری کامل اکانت شما با این گوشی است یعنی شما از طریق سایت می توانید مکان گوشی را پیدا کنید، در صورت مفقود شدن برای آن پیغام و زنگ بفرستید و از همه مهمتر در صورت دزدیده شدن می توانید با ارسال پیام برای سارق، او را به برگرداندن گوشی مجبور کنید و در صورت تمکین بطور کل گوشی را قفل نموده و یا گوشی را فرمت کرده و از کار بطور کامل بیاندازید در حالی که تمامی اطلاعات شما کاملا قابل دسترس بوده و .,1,3,train
3360,طراحی و ساخت HTC در طراحی مدل جدید خود، تا حدودی تحول ایجاد نموده.,1,3,train
8245,در ضمن جاوا بودنش برای افرادی که از جوانی فاصله گرفتند و فرصت گریز به اندروید و آی او اس را ندارن ساده و راحت .,1,3,train
11973,میگه معرکست.,1,3,train
6387,به هر حال برای طرفداران گوشی‌های سری Galaxy S سامسونگ، ورود این گوشی به بازار می‌تواند یک خبر خوشحال کننده باشد.,1,3,train
11025,اولین تبلتی است که آفیس رو به این خوبی پشتیبانی میکنه.,1,3,train
6029,حتی چاپ عکس نیز با این پرینتر با کیفیت خوبی صورت می‌گیرد.,1,3,train
4453,راستش من یه 42 اش رو دارم ازش راضی‌ام اما به قول دوستمون مصرفش بالاست یه کم و صد البته گرمای روی سطح تلویزیون و پشتش هم زیاده بطوریکه در ایام تابستان اگه کولر نباشه و زمستان که بخاری روشنه این گرما زیاد احساس میشه ولی کیفیت تصویرش به نظر من خیلی خوبه,1,3,train
12202,دوم اینکه اگر هارد بر اثر مجاورت با یک منبع گرمایی مانند گیرنده های دیجیتال بیش ازحد گرم بشه به طور اتوماتیک خودش از کارمیفته و ازسوختن و گرمای بیشترجلوگیری میکنه.,1,3,train
12546,در کل ما از دوربین راضی بودیم و به کمک پردازنده‌ی A4 عکاسی واقعا سریع شده است.,1,3,train
5103,مهم‌ترین برتری میان‌افزار درایوهای Samsung در حال حاضر این است که به شما اجازه می‌دهد از دی وی دی معمولی نیز برای اجرای بازی‌ها استفاده کنید.,1,3,train
12846,تنها کافیست برنامه را نصب کنید و سپس دکمه Keygen را برروی اتوران بزنید تا بدون هرگونه مشکلی کرک‌ها نصب شوند و برنامه اکتیو شود و شما از نسخه کامل برنامه لذت ببرید.,1,3,train
4066,البته این بدان معنا نیست که با دیدن این گوشی شگفت زده می‌شوید، ولی به هر حال نمی‌توان زیبایی این مدل در عین سادگی آن را کتمان نمود.,1,3,train
9678,نلفن هوشمند با امکانات بالا در عین حال سبک و نازک.,1,3,train
6461,از اصلاح کردن قیمت ممنونم.,1,3,train
1082,حالا می توانید در حالی که راحت در منزل خود نشسته اید از پخش محتواهای گوناگون در تلویزیون خود لذت ببرید.,1,3,train
354,دو کلید هم به صورت مجزا در پایین تاچ پد قرار دارند و بسیار خوب ساخته شده‌اند.,1,3,train
7019,ظاهرا htc تو این ضعیف عمل کرده، قدرت S IV بی شک از این بالا تر میشه چون واقعا Adreno هیچوقت به پای Mali نمیرسه همین Mali 400 به نظرم از Adreno 320 قوی تره.,1,3,train
9114,تشکر از دیجی کالا,1,3,train
10121,معایب: 1-پایین آمدن سطح‌دید در نور زیاد 2-باتری(البته در اندروید4بهترشده) در کل در این سطح قیمت گوشیه مناسبیه..,1,3,train
6054,برای خرید این پرینتر شک نکنید.,1,3,train
12105,دوربین فیلمبرداری JVC GZ-MG335، مجهز به لنزی با محدوده ی کانونی 2.2-77 میلی متر و از نوع JVCاست که لرزش گیر تصویر دیجیتال دارد و لرزش های دوربین را جبران کرده و از محوشدگی تصاویر، جلوگیری می کند.,1,3,train
4209,صدای اسپیکرشم کمه ولی هدفن صداش فوق‌العادست.,1,3,train
8112,نمی تونم بگم عالیه ولی راضی کنندست.,1,3,train
957,در مجموع کوچکی دستگاه این امکان را به شما می دهد که به راحتی آن را درون کیف خود گذاشته و حمل کنید و هر جا که نیاز به تهیه کپی یا اسکن از صفحات یا مدارکی داشتید استفاده کنید.,1,3,train
3733,گوشی خوبی برای کسایی هست که انتظار یک گوشی معمولی با سیستم عامل خوب رو دارن.,1,3,train
10518,جنس قاب پشتی گوشی به گونه ایست که اثر انگشت را جذب نمی‌نماید و کاربر می‌تواند به راحتی و با یک دست با گوشی کار کند.,1,3,train
9303,در آخر نیز باید بگوییم اکنون که کانن به فن آوری فوکوس سریع و دقیق با استفاده از سنسور تصویر دست یافته و همچنین لنزهای STM را نیز ابداع کرده است، به نظر می رسد که در آینده ای نه چندان دور شاهد نخستین دوربین بدون آینه-با لنز قابل تعویض نیز از آن باشیم.,1,3,train
1166,چند بار از دست ام افتاد ولی واقعا مثل اولش کار میکنه ضد آب بودنش رو تجربه نکردم ولی اطمینان میدم مشکلی پیش نمیاد .,1,3,train
8144,طراحی و ساختگوشی Desire C از جنس پلاستیک ساخته شده است و طراحی جمع و جور، گوشه های انحنا دار و وزن کم این گوشی موجب می‌شود که استفاده از آن تنها با یک دست به راحتی امکان پذیر باشد.,1,3,train
2818,تا ایزو 400 نویز در عکس‌ها مشکل ساز نیست.,1,3,train
6815,فکر کنم الان ارزش خرید رو داشته باشه قیمتش مناسب تر شده باتشکر از دیجی کالا,1,3,train
7108,پیشتر و در نقد و بررسی صفحه نمایش گوشی‌های ساخت اپل با تراکم پیکسلی 326ppi، از واژه شگفت انگیز استفاده نمودیم.,1,3,train
7517,گرافیکش هم خیلی پایین و ضعیف نیست .,1,3,train
9270,تغییر بارز دیگر این دوربین نسبت به مدل پیشین، استفاده از نمایشگر لمسی است.,1,3,train
3656,مایکروسافت برای این تبلت جذاب سنسور های مختلفی را استفاده نموده است.,1,3,train
11776,اگر به مشخصات فنی مدل مینی و مینی پرو در خصوص باتری توجه کنید، میبینید که تاک تایم مدل مینی پرو حدود یک ساعت بیشتره، یعنی یک ساعت بیشتر دوام میاره، که این خودش مزید بر علت هست!,1,3,train
8326,Sense 4.0 نسبت به نسخه های پیشین بسیار ساده تر ولی در عین حال کاربردی‌تر شده است.,1,3,train
2100,وزن کم و ضخامت 7.6میلیمتری این گوشی با طراحی زیبا از دیگر موارد کاربر پسندی هستند که میتوان به آنها نیز اشاره کرد.,1,3,train
2928,داک کیبورد نیز، این تبلت را به یک نت بوک ایده آل تبدیل می‌کند.,1,3,train
4132,من همین امروز گوشی رو خریدم گوشی واقعا عالیه دوربین با کیفیت بالا و اینکه نسبت به قیمتش اندوریدش  خیلی بالاست ولی بدیش اینه که منو نداره نمی خوام به خاطر همین یک ایراد ازش امتیاز کم کنم ولی گوشی ای که این همه امکانات داره نسبت به قیمتش واقعا مناسبه توصیه میکنم این گوشی رو بگیرین,1,3,train
10511,خیلی گوشی خوبیه,1,3,train
1852,در مجموع اگر که میخواهید گوشی ای برای 4 یا 5 سال داشته باشید که قدیمی نشه ساپورت بشه برنامه های متنوع و با کیفیت بالا داشته باشه این گوشی رو از دست ندید!,1,3,train
6234,جمع بندی همان‌طور که گفتیم، سامسونگ برای در دست داشتن بازار به تولید مدل ارزان‌تر گوشی موفق خود یعنی گلکسی نوت دست زد و با تولید گلکسی گرند، آرزوی بسیاری برای داشتن یک گوشی بزرگ با قیمتی کمتر را بر آورده نمود.,1,3,train
8927,دوربین در دست کاملا مستحکم احساس می‌شود و به نظر می‌رسد که توانایی تحمل ضربات وارده‌ی معمول روزانه را داشته باشد.,1,3,train
5793,یکی‌از بی‌نقص‌ترین گوشی‌هایی‌که تا حالا داشتم.,1,3,train
2639,روی هم رفته خوبه خوبه.,1,3,train
10147,نسبت به قیمتش خیلی گوشی جمع‌و‌جوری,1,3,train
10926,بازهم تاکید میکنم اگه دانشجو هستید مثل من یا سرو کارتون با کاغذ و دفتر است شک نکنید بخرید.,1,3,train
6783,متن تبدیل به پی دی اف می کند و بعد امکان رمز نگاری داره .,1,3,train
4258,یک پک خوب و ارزان قیمت.,1,3,train
6048,چون خیلی زیاد ازش استفاده نکردم و در حد مصرف خونگی برام واقعا بصرفه بود.,1,3,train
7882,به هر حال، وجود نسخه 4.1 اندروید بر روی هر دستگاهی برای آن یک مزیت را ایجاد می‌نماید.,1,3,train
12115,مشخصه های اصلی دوربین فیلمبرداری JVC GZ-MG335 • ابعاد: 76*68*113 میلی متر• وزن: 310 گرم، بدون باتری• صفحه نمایش TFT به اندازه ی 2.7 اینچ و تعداد 123000 پیکسل• زوم اپتیکال 35 برابر و زوم دیجیتال 800 برابر• لرزش گیر تصویر دیجیتال• باتری یون لیتیوم استاندارد• مجهز به کنترل از راه دور• ذخیره سازی فیلم در قالب MPEG2 • مجهز به خروجی کامپیوتر و تلویزیون• دوربین مجهز به فوکوس خودکار,1,3,train
12647,هر روز که میگذره من بیشتر به قابلیت های این گوشی پی میبرم .,1,3,train
9461,آیپاد نانو نشان می دهد در حداقل فضا می توان امکانات یک پلیر خوب و با کیفیت را در اختیار داشت و دیگر نیازی به فضای زیاد برای تعبیه ی دکمه های گوناگون نیست.,1,3,train
6724,تغییر دیگر در سنسور تصویر بوده که از 14 مگاپیکسل به 16 مگاپیکسل افزایش یافته است.,1,3,train
7611,از دیگر قابلیت‌های خوب این گوشی، پشتیبانی آن از NFC و DLNA می‌باشد.,1,3,train
35,من یک سالی شده که این پرینتر خریدم ولی تا به حال هیچ مشکلی باهاش نداشتم.,1,3,train
10312,بنده این گوشی رو خریدم و واقعا ازش راضی هستم .,1,3,train
7368,HP در سری Presario CQ58 از پردازنده‌های رده پایین Intel Pentium و AMD سری E استفاده کرده است که با وجود اینکه قدرت پردازشی بالایی ندارند، از عملکرد عمومی نسبتا خوبی برخوردارند.,1,3,train
10357,من که راضیم.,1,3,train
2726,باریکی این تبلت در حالیست که فوجیتسو موفق شده برای این دستگاه استاندارد نظامی STD-810G را نیز کسب نماید.,1,3,train
11116,سامسونگ همچنین برنامه های زیادی را به صورت پیش فرض بر روی تبلت خود قرار داده است، برنامه‌هایی مانند S Memo ، S Note ، S Planner ، شبکه های اجتماعی، Pulse Reader ، شبکه های موزیک ، آفیس ، ویدیوپلیر، سازنده ویدیو، All Share و سرآمد همه آنها فتوشاپ لمسی.,1,3,train
3384,چرا که با وجود مدیریت حافظه بسیار خوب ویندوز که عملکرد فوق‌العاده ای را ارائه می‌نماید، گوشی‌های ویندوزی حتی با رم پایین‌تر نیز نسبت به گوشی‌های اندرویدی، ضعفی احساس نخواهند کرد.,1,3,train
12684,قیمت مناسب.,1,3,train
3931,به هر حال امکاناتی که سونی به کاربرش ارائه می‌کنه واقعا بیشتره و دوربینهای سونی عملا دوبینهایی عامه پسندتر و خانوادگی و کانن دوربینهایی حرفه‌ای‌تر از لحاظ کیفیت ثبت تصاویر شناخته میشن.,1,3,train
3202,از لحاظ باتری که نسبت به هم رده هاش سره.,1,3,train
6154,به نظرم فعلا xbox بهتره چون بازی هاش هم بیشتره هم ارزونتره .,1,3,train
3876,باتری لیتیومی این دوربین در یک بار شارژ کامل می‌تواند برای گرفتن تا 450 عکس را پشتیبانی کند و این در حالیست که باتری HX100v تنها توانایی گرفتن تا 300 عکس را داشت.,1,3,train
12805,بسیار عالی ، من این مجموعه را دیروز سفارش دادم و امروز به دستم رسید با پست!,1,3,train
11157,رنگ های زنده تر برای تصاویری بهترت بهبود دهنده گسترده رنگ ها پلاس - Wide Color Enhancer Plus سامسونگ با بهره گیری از یک الگوریتم پیشرفته ارتقای کیفیت تصویر، می تواند کیفیت هر تصویری را بهتر ساخته و جزییات پنهان را آشکار سازد.,1,3,train
6845,گوشی خوبیه از لحاظ کیفیت ا چ دی.,1,3,train
12291,در این رنج قیمت مشخصاتش رو با هر دوربین دیگه ای مقایسه کردم یه سر و گردن بالاتر بوده.,1,3,train
9083,سلام گوشی خوبیه ولی یه مشکلی که داره مصرف باطریش یکم بالاست ولی به قیمتش می ارزه من که ازش راضیم با این که مصرف باطریش بالاست.,1,3,train
1292,گوشی خوش دستیه.,1,3,train
8647,هم باتری خوبی داره هم صفحش زیاد بزرگ نیست که تو جیب جا نشه.,1,3,train
8364,ولی در کل دوربین خوبی هستش..,1,3,train
106,F660 مجهز به باتری لیتیوم-یونی قابل شارژ NP-50A می‌باشد که در هر بار شارژ کامل توانایی شارژ دهی به اندازه‌ی گرفتن 300 عکس را دارد.,1,3,train
5190,از نگاه نخست، معلوم است که N43SM نوت‌بوکی زیباست که ایسوز به طراحی آن اهمیت زیادی داده است.,1,3,train
27,بنابراین اگر به دنبال پرینتری با این ویژگی‌ها هستید، M1132 گزینه‌ی مناسبی است.,1,3,train
3691,ابعاد این گوشی خیلی جمع و جور است که این نیز بر سادگی حمل و نقل آن می‌افزاید.,1,3,train
131,به هر صورت هر دو رزولوشن کاملا بالا هستند تا به خوبی جوابگوی نیازهای عکاسی روزانه باشند.,1,3,train
8622,تو این قیمت گوشی خوبیه، وزن کمی داره و بطور کلی با توجه به قیمت مناسبترین گوشی دوسیمکارته موجود در بازاره با تشکر از دیجی کالا این گوشی در زمان کمتر از 24 ساعت به دستم رسید,1,3,train
4042,دوام باتری تا 300 دقیقه به صورت آماده به کار افزایش پیدا کرده است.,1,3,train
144,دوربین خوبیه.,1,3,train
9200,فیلم برداری خوب و سریع انجام میشه و اصطلاحا دوربین هنگام فوکوس روی سوژه متحرک تار نمیشه و فقط صدای لنز 55-18 IS در هنگام فیلم برداری کمی ازار دهنده هست که با خرید لنزهای STM بر طرف میشه.,1,3,train
7828,سرعتش خوبه !,1,3,train
7737,با اینکه از همه نظر شبیه به آیپد 2 هست اما تو gaming اصلا کم نمیاره .,1,3,train
9862,طراحی و ساختاز نظر طراحی و ساخت این گوشی کاملا شبیه به Asha 308 می‌باشد و می‌توان این گوشی را در بین گوشی‌های جمع و جور و خوش دست قرار داد که به راحتی در دست جای می‌گیرد.,1,3,train
2148,جواب این سوال این است که این پردازنده از چیپ A6 پشتیبانی میکند قدرت این پردازنده را از دو برابر هم بیشتر میکند و البته صفحه نمایش RETINA هم از صفحه نمایش های SUPER AMOLED و SUPER LCD2 بسیار با کیفیت تر است نتیجه را به خودتان واگذار میکنم!,1,3,train
11673,بازیهایی که من روش نصب کردم Need For Speed Most Wanted و PES 2012 و Dead Trigger FullHD و خیلی بازیهای دیگه که راحت اجرا میکنه.,1,3,train
1887,بابت خش پذیری قاب پشتش هم کلی راه حل هست ..,1,3,train
5955,اما به جز این مود، HX10v خوشبختانه از مودهای Program و Manual Exposure هم بهره می‌برد.,1,3,train
3596,این پردازنده‌ها قدرت کمتری نسبت به پردازنده های Intel Core دارند، ولی در عوض، مصرف انرژی آن‌ها نیز بسیار پایین‌تر است.,1,3,train
11937,نه هنگ میکنه و نه به نصب نرم افزارهای زیاد حساسه.,1,3,train
55,کاملا کوچک است و به راحتی در کف دست جای می گیرد.,1,3,train
3644,این صفحه نمایش قابلیت دریافت و درک چندین لمس همزمان( تا 5 لمس ) را داراست و درک لمس در این صفحه نمایش بدون نقص صورت می‌پذیرد.,1,3,train
11475,بهتره .,1,3,train
5730,این گوشی در نسخه هایی با حافظه‌ی داخلی 16 و 32 گیگابایت عرضه می‌شود و در از کارت حافظه‌ی Micro SD تا سقف 32 گیگابایت هم پشتیبانی می‌کند که تقریبا بی‌نظیر است.,1,3,train
9297,لنز دوم، لنز 40mm f/2.8 STM Pancake می باشد که مقام کوچکترین لنز کانن را به خود اختصاص می دهد.,1,3,train
468,با مشخصات خوبی که داره ، قیمت مناسبی داره ( البته توی این گرونی !,1,3,train
4033,صفحه نمایش خیلی با کیفیتی هم داره فقط کاش مثل دوربین کنون قابلیت چرخش کامل داشت .,1,3,train
9408,ازسامسونگ تواین قیمت بهتره.,1,3,train
10510,یکی از خصوصیات گوشی که ذکر نشده اینه که آندرویدش قابل آپدیت به 4.1 است.,1,3,train
3423,بعدشم همه میدونن که htc تو دوربین و صدا کم نمی ذاره یکی از نمونه هاش هم همین گوشی که بهترین دوربین جلو رو در بین گوشیها داره که با کیفیت Full HD فیلمبرداری میکنه، در مورد صدا هم که اسم Beats Audio همه چیز رو میگه.,1,3,train
3839,با قابلیت‌های ارتباطی بهتر می‌توانید فایل‌ها و برنامه‌های چندرسانه‌ای خود را آسان‌تر به اشتراک گذاشته و از آنها لذت ببرید.,1,3,train
6644,وقتی دوربین را بر روی این مود قرار می‌دهید، دوربین شما به یک دستگاه کاملا خودکار تبدیل می‌شود.,1,3,train
7167,تنها چیزی که شاید بشه ازش ایراد گرفت، تراکم پیکسلی نسبتا پایین استیشن هست، بنده راضیم چون Galaxy Note 10.1 و TF300 هم دقیقا همین مشخصه رو دارن!,1,3,train
822,در کل به نظر من گزینه مناسبی برای دو سیم کارت هست مخصوصا اینکه از رقیبایی مثل سامسونگ اس دو اس برتری قطعات و برندی خوبی داره .,1,3,train
332,در مدت زمانی که این دستگاه را تست کردیم، متوجه شدیم که بدنه به خوبی ساخته شده و طی فشارهای روزمره، دچار خمش نمی‌شود.,1,3,train
8569,به قول یکی از دوستان برند دیگه مهم نیست مهم امکانات گوشیه .,1,3,train
8107,به نظرم این گوشی، گوشی خوبیه.,1,3,train
4573,مشکلش اینه که زود شارژش تموم میشه ولی بقیه امکاناتش خیلی عالی هست و قیمتشم مناسبه.,1,3,train
5458,با تشکر از دیجی کالا گوشیه خوبی است اما ظاهر زیبایی ندارد متاسفانه اما از نظر سخت‌افزاری قوی است,1,3,train
406,این دوربین به خوبی از پس خطای رنگی بر می‌آید.,1,3,train
2728,حتی می‌توان گفت که در مقابل قطرات باران نیز مقاوم است و می‌توان در مواقع لزوم در زیر بارش باران نیز با آن کار کرد.,1,3,train
2745,در ضمن، با وجود پردازنده Tegra 3، قادر خواهید بود از TegraZone بازی‌های بسیاری که برای این پردازنده‌ها طراحی شده‌اند را دریافت کرده اجرا نمایید.,1,3,train
6541,با وجود قابلیت پشتیبانی صفحه نمایش این تبلت از دستورات چند لمسی نیز، برای انجام چندین لمس همزمان با تاخیری مواجه نخواهید شد.,1,3,train
12333,به دلیل اینکه مدارات این سنسورها در قسمت پشتی آن‌ها به کار رفته، در ایزوهای بالا عملکرد خیلی بهتری را از خود نشان می‌دهند و نویز کمتری تولید می‌کنند.,1,3,train
4604,کیفیت صفحه نمایشش هم خوبه البته اونقدر که توی تبلیغاتش مینویسن خوب نیست.,1,3,train
7064,اما این مدل اچ تی سی غوغا کرده.,1,3,train
5156,نوع بی‌سیم این دسته بازی نیز، فاصله‌ی ۹ متر را با باتری AA از نوع NimH پشتیبانی می‌کند که این فاصله برای یک دسته بازی بی‌سیم فاصله‌ی مناسبی است.,1,3,train
12425,البته مطمئن نیستم ولی وزن این گوشی واقعا سبک هست و وقتی در دست میگیرید لذت میبرید.,1,3,train
7052,گوشی خیلی خوبیه,1,3,train
12428,دوستان دقت کنید که CPU این گوشی از نوع معماری Cortex-A15 هست و قوی تر از Tegra 3 با معماری Cortex-A9 هست.,1,3,train
5695,من آدم سخت گیر و نکته سنجی در مورد خرید وسایل مورد نیازم هستم، شاید دوربین این دستگاه در نور کم عملکرد خوبی نداشته باشه ولی در نور روز عالیه و این موضوع در برابر تمام خوبی هایش به هیچ وجه چیز مهمی نیست.,1,3,train
10850,دو ماهه که این تبلت رو خریدم، تمام نیازهای من رو در زمینه اینترنت، برنامه های آفیس و نیز برقراری تماس تصویری چه از طریق اینترنت و چه از طریق سیم کارت رایتل برآورده کرده.,1,3,train
4814,ویدیو شفاف تر و رابط کاربری بهتر ولی Sony Handycam HDR-XR550V در میان رقبا جایگاه خوبی دارد.,1,3,train
8626,ارزش خریدو داره.,1,3,train
11141,در ضمن میتونین اگه گوشی اندروید دارین یه برنامه سامسونگ کنترل از بازار بگیرین و با گوشیتون عین کنترل خودش کنترلش کرد.,1,3,train
2600,من بین Nikon Coolpix L870 و این گیر افتادم اما دارم پولامو جمع و جور میکنم که این رو بخرم فکر میکنم گزینه بهتریه,1,3,train
12062,دوربین فیلم‌برداری MG255 به مجموعه نرم‌افزاری خوبی مجهز است.,1,3,train
4056,با سلام خدمت دوستان این دوربین رو به تازگی خریدم البته قبلش میخواستم g12 کنون رو بخرم اما در واقع موقع خرید فروشنده لطف کرد و یک تست از هردو دوربین گرفتم عکس کنون بد نبود اما در بزرگنمایی خیلی بهم ریخته شد اما سونی وضوح خوبی داشت و زوم اون هم غیرقابل تصور بود و مهمترین قسمتش لرزش دست بود که عالی عمل میکرد و خلاصه نقاط قوت : مگاپیکسل بالا با این اندازه سنسور در دوربین های هم قیمت .,1,3,train
9764,البته کمینه‌ی نسبت کانونی آن f/3.3-5.9 می‌باشد که باعث می‌شود در شرایط نوری ضعیف بتوانید بهتر عکاسی کنید.,1,3,train
5968,این دوربین مجهز به فن آوری لرزش گیر اپتیکال Steady Shot می‌باشد تا بدین ترتیب لرزش دست شما اثر کمتری در عکسی که می‌گیرید داشته باشد و حتی در صورت استفاده از زوم بالا یا سرعت شاتر پایین هم بتوانید عکس هایی شارپ داشته باشید.,1,3,train
5883,از خوبیش هرچی بگم کمه.,1,3,train
5258,حسگر تبلت GSP-X7 دارای تکنولوژی حسگر جاذبه (Gravity) می‌باشد که با قابلیت چرخش در چهار جهت هنگام چرخش دستگاه، جذابیت بالایی هنگام کار با تبلت را ایجاد می‌کند.,1,3,train
1566,• سخت افزار از نظر سخت افزاری این تبلت بی نقص به نظر می‌رسد.,1,3,train
12263,تنظیمات داخلیش هم خیلی متنوع.,1,3,train
10116,نمی خوام زیاد در موردش حرف بزنم فقط خلاصه می خوام بهتون بگم که من خودم این گوشی رو 1 ساله که خریدم فقط بگم اگه دوباره برگردم سر نقطه اول شک نکنید همین گوشی رو میخرم و این رو بگم که تنها بدی که داره قطرشه که زیاد مهم نیست و در آخر بگم که تا الآن هر بازی رو که روش نصب کردم به راحتی اجرا کرد و صدایی که داره رو فقط وقتی خریدین می تونین بفهمین که چقدر زیاده.,1,3,train
5157,همچنین در صورت کاهش توان باتری گیم پد بی سیم، چراغ اطراف پاور به صورت چشمک‌زن به کاربر هشدار خواهد داد.,1,3,train
8628,سلام این گوشی تو این رنج قیمت بهترین گوشی دوسیم کارته هستش من چند روز پیش از همین سایت خرید کردم خیلی عالیست فقط کیفیت فیلمبرداریش 480*720 میباشد,1,3,train
3669,این دوربین از حساسیت خوبی بهره می‌برد که در مواردی از مدل‌های مشابه خود بهتر شده است.,1,3,train
1704,برنامه های Find My iPhone و Find My Friends همان‌طور که از نامشان پیداست به شما برای یافتن دوستان قدیمی و البته گوشیتان در صورت مفقود شدن کمک می‌نمایند.,1,3,train
1412,اپل همیشه بهترین کیفیت رو داره,1,3,train
8798,و اکثر امکانات آن، قابلیت‌های استاندارد سیستم عامل اندروید می‌باشد.,1,3,train
5894,گوشی خوبیه,1,3,train
3614,به هر حال این تبلت اولین تبلت ساخت کمپانی مایکروسافت به شمار می‌رود و مایکروسافت شدیدا امیدوار است که با این محصول و در اولین تجربه، از صفر به صد در تولید تبلت برسد.,1,3,train
3569,آفرین به سامسونگ همون چیزی که مشتری میخاد میده بازار .,1,3,train
1686,شاید یکی از اصلی‌ترین برتری‌های محصولات کمپانی اپل که باعث گردیده همه آن‌ها با استقبال فراوانی مواجه گردند، وجود سیستم عامل انحصاری این کمپانی است که در بین سیستم عامل‌های موجود بر روی گوشی‌های موبایل و تبلت ها، به واقع تا به امروز بی رقیب است.,1,3,train
11084,همه این کارها در Galaxy Note 10.1 مقدور می‌باشند که به همراه قلم تعبیه شده بسیار راحت‌تر و لذت بخش تر صورت می‌پذیرند.,1,3,train
9785,منوی صفحه نمایش این دوربین زبانهای مختلف رایج دنیا و همچنین زبان فارسی را دارد .,1,3,train
4327,با توجه به اختلاف قیمت با آیفون ارزش خرید رو دارد..,1,3,train
6756,این دوربین از فن آوری iAuto در فیلم‌برداری اتوماتیک بهره می برد که همان اتوماتیک هوشمند است و باعث می شود که دوربین به صورت خودکار بتواند نوع صحنه را تشخیص دهد و نوردهی و دیگر تنظیمات را متناسب با آن قرار دهد.,1,3,train
1516,• دارای ورودی پرسرعت USB یکی از امکانات منحصر به فرد گیرنده‌های دیجیتال امکان پخش آن‌ها می‌باشد که شما می‌توانید با اتصال فلش و هارد اکسترنال تا حجم 500 گیگابایت به گوش دادن موسیقی، نمایش عکس و همچنین پخش فایل‌های فیلم با فرمت‌های گوناگون و با کیفیت فول اچ دی بپردازید.,1,3,train
5584,اما در کل عملکرد آن برای یک گوشی در این سطح کاملا رضایت‌بخش به نظر می‌رسد.,1,3,train
1829,سیستم عاملی که واقعا کار باهاش لذت بخش است.,1,3,train
3051,به درستی که دوربین بسیار قدرتمندی شرکت asus بر روی آن تعبیه کرده است ، فیلم برداری full HD با ترکیب رنگ های بسیار عمیق و اغوا کننده (تنها در شرایط نور کم کمی از قدرت این دوربین حین فیلم برداری کاسته می شود و فلاش قدرت زیادی ندارد) ، در مقوله عکس برداری هم شما با این تبلت کمبودی حس نخواهید کرد.,1,3,train
4366,میشه گفت این محصول، انقلاب امسال اپل بود.,1,3,train
394,"Ixus 240 HS مجهز به نمایشگر بزرگ و عریض 3.2 اینچی لمسی 460,000 پیکسلی می‌باشد.",1,3,train
1509,این دوربین تقریبا تکمیل شده ی سری A می باشد که می توان بهترین مزیت آنرا استفاده همزمان از صفحه ی لمسی و صفحه کلید دانست.,1,3,train
1602,• باتری سامسونگ با قرار دادن یک باتری 4600 میلی آمپری بر روی تبلت جدید خود، خیال کاربران را از جهت شارژ دهی آن تا حدودی راحت نموده است.,1,3,train
7877,نکته مثبت اکثر محصولات اندرویدی ASUS به روز بودن سیستم عامل آن‌هاست.,1,3,train
8156,نرم افزار و قابلیت‌هایکی از نقاط قوت گوشی Desire C ارائه آن به همراه نسخه 4 سیستم عامل اندروید یا Ice Cream Sandwich است.,1,3,train
3783,تقریبا همه ی این عملکرد خوب در فیلم برداری شرایط ضعیف محقق شده است.,1,3,train
3248,ولی خیلی راحت میتونین از بازار و جاهای دیگه هم این تبلت رو قیمت بگیرین و متوجه بشین توی این سایت از همه جا ارزونتر میتونید بخریدش.,1,3,train
12186,به هر صورت همانطور که گفتیم، 100D کوچکترین دوربین DSLR ی است که ساخته شده و از نظر قواره تفاوت زیادی نسبت به بدون آینه- با لنز قابل تعویض های سطح حرفه ای ندارد.,1,3,train
4561,)صدای تولیدی توسط این گوشی همچون دیگر مدل های xperia در حد خوبیست و با روشن کردن xloud بهتر هم می شود!,1,3,train
11236,بعلاوه ی اینکه عکاسی پیاپی آن نیز با سرعت 5.5 فریم بر ثانیه از 4.5 فریم بر ثانیه ی 6D برتر است.,1,3,train
6601,و در اخر بگم تا تاریخ ثبت این نظر هیچ تبلتی از مدیاپد ارزش خرید بیشتری نداره.,1,3,train
5175,در ضمن سی پی یو و کارت گرافیک و رم ایکس باکس در ازمایشگاههای تست سخت افزاری از لحاظ قدرت پیشی گرفته است و به همین علت سری های اولیه ایکس باکس ها 360 سه چراغه میشودند!,1,3,train
5774,این ویژگی Voice to Speech در جاهای دیگر گوشی مثل جستجو در گوگل یا در مروگر برای نوشتن آدرس های اینترنتی هم کاربرد دارد.,1,3,train
6505,اگر دنبال یک هارد دیسک برای انتقال داده هاتون با اندازه خیلی مناسب و کوچک و امنیت بالا هستین وسترن رو بگیرید.,1,3,train
1736,کیفیت ساختش تکه.,1,3,train
6757,در کل همانطور که گفتیم، PJ600 یکی از بهترین دوربین های مجهز به پروژکتوری است که تا به حال دیده ایم.,1,3,train
6967,من آیفون 5 دارم اما شیفته این شدم!,1,3,train
6895,گوشی فوق العادیه ولی امان از اچ تی سی و داستان دنباله دار باطری .,1,3,train
10287,این گوشی نصبت به قیمت از همه رقیباش یه سروگردن بالاتره شک نکنید!,1,3,train
12325,در کل عالیه.,1,3,train
9231,بدین ترتیب در هر مودی که باشید می توانید سریعا به مود فیلم برداری سویچ کنید و سپس با فشردن دکمه ی Record در قسمت بالا و سمت راست نمایشگر ضبط ویدیویی را آغاز نمایید.,1,3,train
7087,قطر کم آن که در بیشترین حد تنها به 9.1 میلی متر می‌رسد باعث می‌گردد که نگهداری آن در دست و کار با گوشی راحت‌تر گردد.,1,3,train
4220,به نظر من هوآوی یه انقلابه تو گوشی ها، به نظر من این گوشی با توجه به گارانتی یک سالش بیشتر از اینا می‌ارزه.,1,3,train
9208,به نظر دوربین 650d به جهت کارآیی در عکاسی با دوربین 600D تفات خاصی ندارد ، و فقط مزیت ها در مود فیلمبرداری است ، پیشنهاد می کنم اگر علاقه به فیلمبرداری های پورتابل دارید و نمی خواهید هزینه هایی سنگین برای خرید دوربین های مثل 5d بدهید ، این دوربین می تواند برای شما جذاب باشد,1,3,train
5405,با وجود این سخت‌افزار قدرتمند و البته نسخه 4 سیستم عامل اندروید، می‌توان گفت که تقریبا همگی برنامه های موجود برای اندروید را می‌توان به راحتی بر روی Optimus VU نصب و اجرا نمود.,1,3,train
9533,ولی appleخوب تونسته بوده از سال 2007 جای پاشو تثبیت کنه طوری که هنوز اینقدر طرفدار داشته باشه..,1,3,train
5729,چنین سخت‌افزارهایی باعث شده که ذره‌ای مکث و تاخیر در عملکردهای گوشی دیده نشود.,1,3,train
4735,گوشی ظریفیه موقع خریدش کاور فراموش نشه.,1,3,train
12835,در مجموعه گردو، نرم‌افزارها متناسب انتخاب می‌شوند و تمام نیازهای تخصصی و عمومی کاربران را پوشش می‌دهد.,1,3,train
3253,وزن این لپ‌تاپ‌ها بسته به ابعاد مانیتور بین 1.2 تا 2.6 کیلوگرم متغیر است ولی در کل وزن‌ها استاندارد هستند.,1,3,train
12989,در کل باید گفت که به جز بعضی کمبودها چون ظرفیت کم سینی ورودی، D110a پرینتر کاملا خوب و مناسبیست که می تواند پرینت هایی کاملا با کیفیت با سرعتی قابل قبول تولید کند.,1,3,train
5653,وزن این تبلت تنها 588 گرم است و جزو سبک‌ترین تبلت های بازار محسوب می‌شود.,1,3,train
4235,با این امکاناتی که این گوشی داره، این قیمت خیلی مناسبه بنچ مارکی که با نرم افزار antutu benchmark گرفتم رو براتون مینویسم.,1,3,train
7673,بلندگوهااپل بلندگوهای MacBook Pro 2012 را به طور کامل از نو طراحی کرده است و می‌توانیم بدون اغراق بگوییم که این بلندگوها یکی از بهترین بلندگوهاییست که تا به امروز بر روی لپ‌تاپ‌ها دیده بودیم.,1,3,train
12771,وقتی نوبت به عکاسی می‌شود، حتما انتظار دارید که Xperia Pro مانند پسر عمویش یعنی Vivaz عکس‌های خیلی خوبی تولید کند، که البته این حدس درست است.,1,3,train
8769,البته این سادگی به معنای زیبا نبودن گوشی نیست، اما در کل طراحی L7 II با L7 هیچ شباهتی ندارد.,1,3,train
10544,صفحه کلید این گوشی نیز یک صفحه کلید کاربردی و ساده است که تایپ با آن به سادگی صورت می‌پذیرد.,1,3,train
2163,از لحاظ کیفیت هم همه میدونن(مخصوصا سامسونگیها) اپل حرف اول رو تو دنیا میزنه نوت2 رم 2 گیگ داره و میتونه صفحه رو دو قسمت کنه و دو تا برنامه رو باهم اجرا کنه که واقعا این یکی از چیزای استثناییشه.,1,3,train
8392,در دوربین های کولپیکس نیکون ، هیچگونه حاشیه رنگی وجود نداره و عکسها کاملا واضح و شفاف تر هستند .,1,3,train
4077,باید اذعان داشت که با توجه به قیمت این مدل، سخت افزار بسیار خوبی در Asha 302 قرار داده شده است.,1,3,train
11918,با سلام همواره صبر داشته باشید تا بهترین ها را داشته باشید سونی عالیه یکی از بی‌نقص‌ترین تبلت های سونی,1,3,train
10127,از Ace و Xperia mini بهتره.,1,3,train
11391,چون چنین گوشی با چنین قدرتی 16gb واقعا کمه به نظره من,1,3,train
5177,که در حال حاضر این مشکل در ورژنها جدید برطرف شده است!,1,3,train
7583,با نگاهی به مشخصات فنی میشه گفت سعی کرده بازار اونایی رو داشته باشه که میخوان گوشی که انتخاب کردن به زودی قدیمی نشه.,1,3,train
12084,این دستگاه در دو رنگ مشکی و نقره‌ای عرضه شده است.,1,3,train
12469,من پسندیدم,1,3,train
4089,• جمع بندی نوکیا Asha 302 یک گوشی خوش استیل و با پرستیژ محسوب می‌شود که اگر به دنبال یک سیستم عامل به روز نباشید می‌تواند انتخاب بسیار مناسبی برای شما محسوب گردد.,1,3,train
4747,باتریشم خوبه,1,3,train
2300,شارژدهی باتری مناسب است.,1,3,train
552,لبه های لپ‌تاپ کاملا انحنا داشته و این امر کمک قابل توجهی به کار کردن و حمل و نقل لپ‌تاپ می‌کند.,1,3,train
8150,اگرچه این صفحه نمایش از لحاظ کیفیت عالی نیست و وضوح آن در زیر نور مستقیم آفتاب می‌توانست بهتر از این هم باشد اما به طور کلی کیفیت متوسطی دارد و رنگ‌ها و زوایای دید این صفحه نمایش مناسب هستند.,1,3,train
7121,در ضمن، وجود نسخه 4 از فناوری بلوتوث و قابلیت‌های NFC و DLNA نیز ارتباط این دستگاه را با دیگر دستگاه های دیجیتالی راحت‌تر می‌نماید.,1,3,train
12346,البته با فن آوری Clear Image Zoom می‌توان بیشینه‌ی زوم اپتیکال را بدون کاهش محسوس در کیفیت تصویر به صورت مجازی تا 10 برابر افزایش داد.,1,3,train
4998,هدف از نام‌گذاری این کنسول به نام XBOX 360 این است که این کنسول نه تنها نیازهای مربوط به بازی را برای کاربر مرتفع می‌سازد، بلکه این توانایی را دارد که به عنوان یک مرکز چند رسانه‌ای یا Multimedia Center در خانه مورد استفاده قرار گیرد و به صورت ۳۶۰ درجه (جامع) نیازهای دیجیتال کاربر را مورد پوشش خود قرار دهد.,1,3,train
8745,1-صفحه نمایش 4.3 اینچی بزرگ.,1,3,train
6637,ویدیوها در دو فرمت AVCHD و MPEG4 ضبط می‌شوند که دومی برای کار کردن بر روی کامپیوتر و وب آسان تر است.,1,3,train
497,به قدری ظرافت در طراحی این گوشی به کار رفته که تصور میکنم نوکیا در ساخت این گوشی نهایت تجربه و تخصصش را به کار گرفته تا مشتری را از این خرید راضی نگهدارد.,1,3,train
4292,محیط رابط کاربری تغییر خاصی نسبت به iOS 5 نکرده ولی تعدادی امکان و قابلیت جدید مانند یکپارچگی با شبکه اجتماعی فیس‌بوک، مارکت بهبود یافته و برنامه ناوبری Apple Maps، به آن اضافه شده است.,1,3,train
2470,از مشخصاتش معلومه که گوشیه خوبیه .,1,3,train
3237,کافیه از جدول مقایسه همین سایت استفاده کنین تا متوجه برتری های این تبلت بشید.,1,3,train
8957,کمپانی کانن برای تضمین عملکردهای سریع و با کیفیت Canon SX230 HS این دوربین را به پردازنده‌ی تصویر DIGIC 4 مجهز نموده قابل ذکر است که این پردازنده‌ی تصویر اکنون بر روی جدیدترین DSLR‌این کمپانی نیز دیده می‌شود.,1,3,train
3593,این پردازنده های به لطف بهره گیری از تکنولوژی Hyper-Threading قابلیت ایجاد دو هسته ای مجازی دیگر را داشته و می‌توانند به صورت چهار هسته ای کار کنند.,1,3,train
12551,در مورد دوربین VGA دوم نیز باید گفت که برای مکالمه‌ی تصویری کار خود را خوب انجام می‌دهد و حتی در نور کم نیز عملکرد خوبی دارد، ولی نباید انتظار داشته باشید که با آن بتوانید برنده‌ی جشنواره‌های عکاسی شوید!,1,3,train
1996,cpuی آیفون 5 هیچ کمبودی ندارد.,1,3,train
7423,همه چیز در این لپ تاپ عالیه فقط یک نکته داره و اون اینه که آیا باتری 4 سلولی میتونه این سخت افزار رو ساپورت کنه؟,1,3,train
10206,به قول قائم نقوی صفحه‌نمایش زیاد عالی نیست چون در هر اینچ حدود 180 پیکسل هست و زاویه‌دید کمی داره ولی در Sony Ericsson Xperia Neo V این مشکل حل شده در هر اینچ حدود 250 پیکسل و زاویه دید خیلی بالا داره و میتونم بگم از تکنولوژی Bravia که در تلوزیون های شرکت سونی ساخته میشن استفاده میکنه.,1,3,train
568,این بلندگوها به تکنولوژی SRS Premium Sound PRO مجهز بوده و کیفیت صدای رضایت بخشی را ارائه می‌دهند.,1,3,train
10947,تبلت خوبیه.,1,3,train
7577,به نظر من قیمتش خیلی بالا نیست .,1,3,train
12255,برای دیجی کالا پسش فرستادم اونا هم بررسی کردن و یا یک دوربین سالم تعویضش کردن و برام فرستادن.,1,3,train
2118,طراحی :اول از همه طراحی رو بررسی میکنیم ایفون 5 گوشی خیلی زیبا، خوش دست، سبک و نازکه ولی ایا این طراحی برای شما تکراری نیست ؟,1,3,train
6158,سلام به همه دوستان به نظر من خوبی های این محصول خیلی چشمگیر تر از بدی های آن می باشد.,1,3,train
8212,شما این ریموت ضد آب و قابل اتصال به لباس را می توانید به طور جداگانه برای نسخه های مشکی و سفید خریداری کنید.,1,3,train
3778,خوشبختانه جای باتری این دوربین از نوع باز است و بدین ترتیب می‌توانید از باتری های بزرگتر و پرظرفیت تر چون FV70 و FV100 هم بر روی آن استفاده کنید.,1,3,train
1642,بالاخره پس از سال‌ها اپل درگاه انحصاری خود را کنار گذاشت و یک درگاه جدید کوچک‌تر و البته سریع‌تر برای تبادل اطلاعات با نام درگاه رعد رونمایی نمود.,1,3,train
11244,سلام دوستان من از همین سایت خریدم به نظرم دیگه بهتر از این نمیشه همه خصوصیات یه دوربین عالی رو یه جا داره از خریدش پشیمون نمیشید,1,3,train
6766,دکمه های فوق العاده کاربردی روی دستگاه..,1,3,train
12198,حالا میخوام چندتا از بهترین مزیتاشو واستون بگم: 1-از سرعت بسیار عالی برخوردار(به دلیل استفاده از usb3) 2-موقع عدم انتقال داده هارد به صورت standbye درمیاد که میشه گفت تنها هاردیه که این مزیتو داره 3-به دلیل نرم افزاری که روش نصبه امکان رمزگذاری فراهمه 4-درسته که این هارد ضد‌ضربه نیست ولی من تا الان بیشتر از7تا8 بار روی زمین سخت افتاده وتا الان هیچ مشکلی براش پیش نیومده بطور کل باید بگم که اگه دنبال یه هارد کامل و خوب میگردید بدون شک همین رو انتخاب کنید,1,3,train
7115,از آنجائیکه کلا عملکرد SuperLCD ها در زیر نور مستقیم آفتاب و زوایای مختلف نیز خوب ارزیابی می‌گردد، در مورد این صفحه نمایش هم می‌توان گفت که افت عملکرد خاصی را مشاهده ننمودیم.,1,3,train
9071,به خصوص از نظر امکانات هوشمند و آن نمایشگر بزرگ لمسی و قابلیت های ارتباطی.,1,3,train
9180,مدل جدید 700 d کانن هم تازگیها به بازار اومده و تفاوت چندانی با این مدل 650 d نداره فقط نسخه بروز شده همون 650 d هست به نظر من و با توجه به مقایسه ای که بین 650 و 60 d کانن کردم برای کسانی که برای فیلمبرداری میخوان به نظر گزینه بهتری میاد با توجه به پردازشگر digic 5,1,3,train
6725,این مقدار رزولوشن بیشتر هم هرچند که کم می باشد ولی به هر صورت پیشرفت خوبیست.,1,3,train
13072,البته اگر تصویر کره ی زمین که پیش فرض آن است را دوست نداشتید می توانید آن را عوض کنید.,1,3,train
11877,این گوشی از رابط کاربری سونی اریکسون TimeScape بهره می‌برد که اخیرا ویژگی‌ها و ویجت‌های بسیار جذاب و خوبی به آن اضافه شده است.,1,3,train
11504,• صفحه نمایشNexus 4 از یک صفحه نمایش عریض 4.7 اینچی با پنل True HD IPS+ استفاده می‌کند.,1,3,train
12472,آره درست میگه گوشی ضد آبه,1,3,train
11602,انرژی این دوربین از باتری لیتیوم-یونی EN-EL5 تامین می‌شود که در هر بار شارژ کامل توانایی شارژ دهی برای گرفتن تا 200 عکس را به دوربین دارد.,1,3,train
23,کاربرانی که به مصرف انرژی اهمیت می‌دهند حتما خوشحال می‌شوند که این پرینتر دارای ویژگی به نام Auto on/Auto off است که باعث می‌شود وقتی پرینتر احساس می‌کند که مورد استفاده قرار نمی‌گیرد به صورت خودکار به مود Sleep برود.,1,3,train
2336,البته پیشنهادم به همه دوستان اینکه حتما گوشی رو با سیم کارت رایتل تست کنن تا لذت واقعیه کارکردن با این گوشی رو بچشن.,1,3,train
4274,نسبت به قیمتش خوب است.,1,3,train
10261,خیلی ازش راضیم.,1,3,train
7146,البته، با این حال در مصارف عادی باتری این گوشی بین یک تا دو روز دوام می‌آورد که چندان هم عملکرد بدی نیست، اما اگر HTC بر روی Butterfly یک باتری قوی‌تر نیز قرار می‌داد، همین یک ایراد کوچک نیز به آن وارد نمی‌شد و می‌شد آن‌را یک گوشی بدون ایراد نامید.,1,3,train
12813,در ویندوز ۸ نسخه Pro این مجموعه، قابلیت Media Center به ویندوز اضافه شده است و شما به راحتی می‌توانید از امکانات آن استفاده نمایید.,1,3,train
6773,بهترین انتخاب در حال حاضر این اسکنر هست.,1,3,train
6500,از لحاظ پرفرمنس و سرعت و دمای کاری سیگیت بهتره.,1,3,train
10619,اما از هر نظر گوشیه خوبیه وکار کردن باهاش راحته,1,3,train
2090,و از لحاظ گرافیک iPhone طی این 7 سال امتحان خودشو پس داده و ثابت کرده که گرافیکش از هر گوشی android ی بیشتر است .2.,1,3,train
11179,این دوربین 11 مگاپیکسلی عکاسان دیجیتال را از بند میدان دید محدود دوربین های کراپ سنسور رهانید.,1,3,train
7250,چون هم گوشیه قوی ایه و هم میتونه یه تبلت قوی باشه!,1,3,train
6455,در کل مرسی دیجی کالا,1,3,train
10399,سخت افزارگلکسی اس 3 از چیپ (Exynos 4 (4412، پردازنده چهار هسته‌ای قدرتمند Cortex A9 با فرکانس 1.4 گیگاهرتز و پردازشگر گرافیکی Mali-400MP به همراه دو گیگابایت حافظه رم بهره می‌برد که تفاوت سخت‌افزاری آن نسبت به برادر خود یعنی Galaxy S III I9300 همین دو برابر شدن حافظه رم و مدل چیپ آن می‌باشد که این گوشی را به یکی از سریع‌ترین گوشی‌های موجود در بازار تبدیل کرده است.,1,3,train
10656,گوشی جالبی است به خصوص سفیدش.,1,3,train
4705,هیچ گوشی این امکانات رو در اختیارتون نمی گذاره پس میشه گفت بی رقیب است.,1,3,train
4320,واقعا از گوشی بالاتر است سیستم عامل فوق العاده کیفیت بسیار عالی و ظاهر زیبا اما واقعا قیمتش مناسب  نیست با این قیمت به راحتی می شه یه گوشی یا حتی یه تبلت 7 اینچی اندرویدی خرید.,1,3,train
2084,اما یک واقعیت، بدون بزرگنمایی بگم که یک ایرادش اینه که نمیشه ازش ایراد گرفت و یک گوشی به تمام معناست.,1,3,train
240,در ضمن، از کارکرد کلی‌گوشی و دوربین و قدرت پردازش و خصوصا دقت صفحه نمایش و حساسیت بالای اون خیلی‌راضی‌هستم.,1,3,train
11166,شما می توانید با استفاده از کنترل از راه دور تلویزیون خود اشتراک های جدید Skype ایجاد کنید و به اشتراک های موجود دسترسی یافته و با آنها کار کنید.,1,3,train
11224,یکی از جاذبه های بزرگ DSLR های فول فریم چشمی اپتیکال بزرگ و روشن آن هاست.,1,3,train
9968,از نظر سرعت و قدرت عملکرد گوشی، به هر صورت به دلیل وجود پردازنده‌ی سریع‌تری که بر روی آن وجود دارد، انتظارات بالاتری را نیز از آن داریم.,1,3,train
8039,"هرچند که انتظار داشتیم کیفیت آن بهتر می‌شد و دست کم به 460,000 پیکسل افزایش می‌داد ولی به هر صورت نمایشگر روشن و خوبی است.",1,3,train
9749,جمع بندیXperia Tipo یک گوشی موجه در بین گوشی‌های هوشمند سطح پایین محسوب می‌گردد که با قابلیت‌های مناسب، به یک گوشی کاربردی تبدیل می‌شود.,1,3,train
12932,این گوشی ظاهری زیبا داشته و با توجه به رنگ بندی متنوع آن می‌تواند توجه سلیقه های مختلف را به خود جلب کند.,1,3,train
355,و در آخر لازم به ذکر است که تاچ پد G580 به طور کامل از فرمان‌های چند-لمسی یا Multi-touch پشتیبانی می‌کند.,1,3,train
4110,نکته جالب در مورد این گوشی اینه که سوراخی برای ورودی صدای شما در حین مکالمه (میکروفن) قابل مشاهده نیست بلکه میکروفن گوشی در بین صفحه کلید آن پنهان و مخفی است.,1,3,train
4818,از نظر کیفیت فیلمبرداری عالیه و حافظه داخلی خیلی زیادی هم داره اما کیفیت عکاسی اش خوب نیست که با توجه به وظیفه اش که فیلمبرداریست فکر می کنم خیلی مهم نباشه .,1,3,train
10991,سلام دوستان من این تبلت رو امروز خریدم خیلی خوبه فقط قبل از خرید در مورد صفحه نمایشش دو دل بودم اما الان که دارم باهاش کار میکنم خیلی هم خوبه هیچ مشکلی هم نداره.,1,3,train
6524,این یکی از بهترین نقاط قوتشه) -- دارای سیستم امنیت نسبتا قوی (پسورد انتخابی شما هش میشه تا توسط دیگران قابل بازخوانی نباشه.,1,3,train
7040,ولی در کل کیفیت محصولات اچ تی سی بهتر از سامسونگ و ال جی هست.,1,3,train
10322,اگه قیمت خوبی داشته باشه جزو پرفروشترین ها میشه,1,3,train
9854,وزن کمی هم داره و مهمتر از همه تاچش هست که عالی جواب میده,1,3,train
6254,این گوشی رو یکی از دوستام داره واقعا صفحه بزرگه و کار کردن باهاش راحته (البته بستگی به اندازه دستاتون داره) کیفیت فیلم برداریشم خوبه بنظرم نسبت به قیمتش می ارزه,1,3,train
9834,این صفحه نمایش قابلیت دریافت و درک چندین لمس همزمان) را داراست و درک لمس در این صفحه نمایش بدون نقص صورت می‌پذیرد.,1,3,train
4530,گوشی خوبیه(قوی و شکیل و زیبا و بی رقیب)البته تو تیپ وگروه خودش عالیه!,1,3,train
536,اگر که شما از مشکل کمبود فضا رنج می برید و به اسکن کردن نگاتیو هم احتیاجی ندارید LiDE 100 اسکنر خوبی برای شما می باشد.,1,3,train
8822,باعرض سلام وخسته نباشید به شرکت دی جی کالا دوربین فوجی به دستم رسیده واقعا دوربین خوب و با کیفیت هست .,1,3,train
1560,بدین ترتیب که میزان فشاری که شما با قلم بر روی صفحه نمایش ایجاد می‌نمایید کاملا توسط دستگاه درک می‌شود و در موارد مختلف مزیت‌های بسیاری را برایتان ایجاد می‌نماید.,1,3,train
1570,در ضمن، با وجود پشتیبانی این تبلت از سیم کارت، می‌توانید با آن مکالمه و ارسال SMS را نیز انجام دهید که مزیت بسیار بزرگیست.,1,3,train
9849,به هر حال تا به امروز یکی از مشکلاتی که برای تبلت های دارای سیستم عامل Windows 8 RT وجود دارد، کمبود نرم افزار مطابق با آن است که به صورت روزانه در حال افزایش هستند و شاید تا چند ماه دیگر به تعداد قابل توجهی تولید گردند.,1,3,train
4380,این بدین معنیست که این تبلت مانند گوشی Xperia Play توانایی اجرای بازی های PlayStation را توسط برنامهء شبیه ساز خود، دارد.,1,3,train
12834,گردو همیشه سعی می‌کند در مجموعه‌های نرم‌افزاری تعادل منطقی برقرار کند و در عین حال که نرم‌افزارهای مفید و عمومی بسیاری در مجموعه قرار می‌دهد، از قرار دادن نرم‌افزارهای تخصصی نیز غافل نشود.,1,3,train
7649,من فکر میکردم SIII بهترین گوشیه اما مثل اینکه اشتباه کردم الجی از همشون جلو زده!,1,3,train
4467,این رابط کاربری درست است که به زیبایی و تکامل رابط کاربری Sense کمپانی HTC نیست ولی در کل بسیار روان بوده و کار کردن با آن بسیار راحت است.,1,3,train
1889,جناب اقای abozar ameri تمام ضعف هایی که گفتین به غیر از یکیشون تا حالا واسه من پیش نیومده: باطری این گوشی واقعا فوق العاده هست که من تا 2 روز می تونم کارام رو انجام بدم!,1,3,train
5028,۵٫ امکان پردازش ۵۰۰ میلیون مثلث در ثانیه، که اجرای سریع تصاویر سه‌بعدی پیچیده را میسر می‌سازد.,1,3,train
6551,نرم افزار سیستم عامل به کار رفته بر روی این تبلت نسخه 4.0 از سیستم عامل قدرتمند اندروید می‌باشد.,1,3,train
12199,بسته‌بندی خیلی عالی از دیجی کالا شده بود.,1,3,train
3735,من گوشی نوکیا E7 دارم و با سیستم عامل سیمبین بل تقریبا ازش راضی هستم.,1,3,train
4031,راهنمای فارسی خوبی هم روش نصب شده و کلا از زبان فارسی هم پشتیبانی می‌کنه.,1,3,train
12280,-wx50 رو با a810 کانن از نزدیک مقایسه کردم به هیچ وجه کیفیت wx50 به عنوان یه کامپکت شوخی بردار نیست و خجالت زدتون نمیکنه!,1,3,train
7241,با در نظر گرفتن قیمتش و امکانات فوق العادش خیلی از HTC Buttrfly ارزش بیشتری داره.,1,3,train
5829,تو این چند مدتی که دارمش فقط باتریش اذیتم کرده که شاید به خاطر عکس و فیلم‌های عالیه که باهاش میگیرم و واقعا میشه گفت که با امکاناتی که اپراتورها تو ایران ارائه میدن چیزی کم نداره.,1,3,train
12136,این دوربین همچنین مجهز به پورت USB 3.0 هم می باشد تا بتوانید عکس ها و فیلم هایی که می گیرید را با سرعت بیشتری باه رایانه منتقل کنید.,1,3,train
4379,اولین نکته ای که میخواهیم در رابطه با این تبلت بگوییم این است که این اولین تبلتیست که دارای گواهی PlayStation است.,1,3,train
642,من سه ماهی میشه که این لپ تاپ رو خریدم میشه گفت لپ تاپ کم نقصیه.,1,3,train
6934,یکی از اونا asus padfone 2 هست که مزیت اون وجود تبلت مجزا و ضمیمه شدن گوشی به اون هست.,1,3,train
33,در کل پرینتر خوبیه!,1,3,train
7967,و البته ارزشش بیشتر از این هاست!,1,3,train
4812,کیفیت تصویر برای این کلاس خوب است و در محیط های کم نور دوربین خوب عمل می کند.,1,3,train
10968,قابلیت smart stay رو هم داره.,1,3,train
4741,سونی اریکسون Xperia Ray از سنسور Exmor R استفاده می کند که از نظر تئوری آن را برای ثبت عکس در فضاهای کم نور توانمندتر می سازد.,1,3,train
10330,کنتراست و زاویه‌دید صفحه نمایش مناسب و نسبتا خوب است و روشنایی صفحه‌نمایش بسیار بالاست.,1,3,train
10775,اما سونی برای این مورد نیز چاره اندیشیده تا از این مشکل بکاهد.,1,3,train
8250,گوشی بسیار خوبی به نظر میرسه من منتظر ورود به بازار هستم تا بخرمش,1,3,train
11235,با این حال باید گفت که رقیب مستقیم این دوربین یعنی Nikon D600 از نظر مشخصات فنی چند نکته ی برتر دارد که از مهم ترین آن ها می توان به چشمی اپتیکال با توانایی پوشش 100 درصد میدان دید و سیستم فوکوس خودکار 39 نقطه ای اشاره کرد.,1,3,train
5294,این میزان قدرت پردازشی، بستر مناسبی را برای قدرت نمایی رابط کاربری سیستم عامل اندروید فراهم می‌آورد و حرکت بین قسمت‌های مختلف سریع ، روان و لذت بخش صورت می‌گیرد.,1,3,train
7014,من خودم میخوام بگیرم بخاطر صفحه نمایشش دو دلم آخه هر روز پیشرفت میکنه دیگه واقعا lcd هیچ کاربردی نداره حیف این همه آیتم های خوبش نیست که super Amoled نمیزنه درکل منتظرم که بیاد.,1,3,train
9299,در کل همانطور که گفتیم، بر خلاف شباهت های ظاهری 650D به 600D، تغییرات نسبتا زیادی در آن رخ داده است.,1,3,train
3534,همچنین تنظیمات بسیاری نیز به برنامه دوربین گوشی اضافه شده است.,1,3,train
11243,من از این دوربین خوشم اومده فعلا دارم تحقیق میکنم ولی hx30 یکی از گزینه های اوله,1,3,train
10798,در ضمن انرژی این دوربین از باتری لیتیومی NP-BX1 تامین می شود که می تواند پشتیبانی لازم برای گرفتن تا 400 عکس در یک شارژ کامل را فراهم آورد.,1,3,train
7379,این نوت‌بوک یکی از آن‌هایی است که عملکردی کاملا کم سر و صدا دارد.,1,3,train
5772,سرعت تایپ‌کردن ما با آن؛ از صفحه کلید هر گوشی دیگری بهتر بود.,1,3,train
7619,دسترسی سریع به Wi-Fi، GPS، Silent Mode، Screen Rotation و Power Saving بر روی این نوار قرار دارند.,1,3,train
4239,گرافیک خوب .,1,3,train
4112,شاید گوشی asha302 برای آن دسته از کسانی که تا به حال با گوشیهای پیشرفته کار نکرده اند پیشنهاد مناسبی باشد.,1,3,train
8467,در کل باید گفت که NEX-3N نسبت به مدل پیشین خود پیشرفت خیلی خوبی محسوب می شود و بزرگترین نقاط قوت آن را می توان در ابعاد بسیار کوچک، کیت لنز جدید 24-75 میلی متری، اهرم زوم و قابلیت زوم با موتور به همراه کیت لنز جدید و نمایشگر چرخنده ی جدید دید.,1,3,train
3143,به نظرم ظاهر قشنگی داره ارزش خریدن داره,1,3,train
5296,همچنین با بهره گیری از فناوری Wi-Fi امکان اتصال به اینترنت با سرعت بالا بر روی این تبلت وجود دارد.,1,3,train
1196,در ضمن، با انتخاب حالت Outdoor، کار کردن با آن در زیر نور آفتاب نیز به راحتی و بدون مشکل خاصی صورت می‌پذیرد.,1,3,train
3732,از nokia belle خوشم اومد,1,3,train
9844,• باتریبسیاری از تبلت های ساخت ایسوس، به دلیل بهره گیری از داک کیبورد، از باتری موجود در داک نیز استفاده می‌نمایند که این موجب شارژدهی بهتر آن‌ها می‌گردد.,1,3,train
6368,این حافظه‌ی RAM، جزو بالاترین مقادیری است که تا کنون بر روی یک گوشی هوشمند قرار گرفته و پردازشگر گرافیکی هم توان تولید قدرت فراوانی دارد.,1,3,train
11736,عالیه حرف نداره فقط باتریش مشکل داره,1,3,train
3382,همچنین یک پردازشگر گرافیکی Adreno 225 نیز برای اجرای بی نقص پردازش‌های گرافیکی بر روی این گوشی قرار دارد.,1,3,train
4500,توی قیمت بهترین گوشی هست.,1,3,train
4602,gps رو خیلی سریع شناسایی میکنه و روی ماهواره قفل میشه.,1,3,train
8956,دوربین Canon SX230 HS توانایی ضبط ویدیویی با کیفیتFull HD 1080p با سرعت 24 فریم بر ثانیه را دارد که آن را به یکی از معدود دوربین‌های کامپکت ( جمع و جور) بازار با چنین توانایی در فیلم‌برداری با کیفیت تبدیل کرده است.,1,3,train
4223,کیفیت بدنش متوسط رو به خوب.,1,3,train
9089,یک کلام خوب,1,3,train
10976,من این تبلت رو برای قلمش و نرم افزار قلمش که سامسونگ در اون تعبیه کرده دوست دارم.,1,3,train
7376,بنابراین به دلخواه خود می‌توانید یک 4 گیگابایت دیگر را نیز استفاده کنید.,1,3,train
10803,تلوزیون خوبی است بهترین قابلیتی که خودم هم متعجب کرد دوربین واقعا عالی است که روی هوا دست آدم رو تشخیص میده و کیفیت خوبی داره که این واقعا من رو متعجب کرد البته باید بگم که توی نور زیاد عملکرد عالی داره ولی چند نکته ای است که به عزیزانی که می خواهند این تلوزیون را بگیرند بگویم: 1.اگر برای قابلیت های این تلوزیون می خواهید اون را بگیرد باید بگویم که حتما باید شبکه بی سیم اینترنت مثل: وایمکس و وایرلس داسته باشید .,1,3,train
3686,خوب، همانطور که گفتیم Nokia 500 جزو نخستین گوشی‌های هوشمند نوکیا با پردازنده‌ی 1 گیگاهرتزی است که البته پیش از آن شاهد Nokia N9 به عنوان نخستین هم بوده‌ایم.,1,3,train
10329,این میزان درست است که به خوبی گوشی‌های گران قیمت نیست ولی برای نشان دادن جزئیات دقیق و شفاف بر روی این صفحه 3.2 اینچی، بسیار مناسب است.,1,3,train
279,من این گوشی رو پنجشنبه 91/9/2 خریدم گوشی خوبیه  اثر انگشت روی بدنه می مونه برای یه مدت کوتاه سرعتش عالیه و چیزی که برای من مهمه و این گوشی هم داره: باتریش زود خالی نمیشه به لطف پردازنده گوشی تو بازی و پردازش سنگین مشکلی نداره,1,3,train
7076,سلام تنها گوشی کیفیت فول اچ دی فوق العاده هست منتظریم که بیاد .,1,3,train
8807,اما از نظر کیفیت عکس‌ها، وضوح عکس‌ها مناسب به نظر می‌رسد و رنگ‌ها شفاف و دلنشین هستند.,1,3,train
8333,در نهایت می‌توان گفت که HTC One X یکی از بهترین گوشی‌های موجود در دنیاست.,1,3,train
6251,شک نکنید.,1,3,train
10790,مودهای عکاسی دوربین که از طریق پیچ تنظیم قسمت بالایی قابل انتخاب هستند، شامل همان اتوماتیک هوشمند یا iAuto و مودهای دستی Av، Tv و M می شوند.,1,3,train
12806,جای تعجب داشت!,1,3,train
3705,درون این گوشی یک باتری 1110 میلی‌آمپری جای داده شده که توانایی شارژدهی نسبتا خوبی را به گوشی ارایه می‌دهد به طوری که می‌تواند تا 7 ساعت زمان مکالمه، 500 ساعت زمان انتظار و 35 ساعت زمان پخش موسیقی را پشتیبانی کند.,1,3,train
11621,برای من که اتفاق داغ کردنش نیفتاده.,1,3,train
7913,با سلام من فکر میکنم vita بازی هاش درسته که پر‌حجم‌تر از بازی های psp های دیگه باشه ولی قابل‌دانلود هستند.,1,3,train
3402,مشخصات سخت افزاری مناسب در کنار سیستم عامل ویندوز 8، این گوشی را به یک گوشی مناسب برای طرفداران گوشی‌های ویندوزی تبدیل نموده است.,1,3,train
6536,صفحه نمایش موجود بر روی MediaPad 10 یک صفحه نمایش 10.1 اینچی از نوع IPS می‌باشد که قابلیت نمایش 16 میلیون رنگ را داراست و در کمال شگفتی، رزولوشن 1200×1920 را ارائه می‌نماید که تا به این تاریخ در بین تبلت های اندرویدی بی رقیب است.,1,3,train
9777,بنابراین اگر به دنبال دوربینی با این ویژگی‌ها و قیمت فوق العاده ارزان هستید، گزینه‌ی مناسبی است.,1,3,train
8081,به نظرم گوشی باحالیه.,1,3,train
9924,بدین معنی که iPhone 4s تقریبا از تمامی شبکه‌های 3G در هر جایی که باشید می‌تواند پشتیبانی کند.,1,3,train
2575,باتریشم خوبه.,1,3,train
10586,در قسمت زیرین دستگاه دو بلندگوی استریو قرار دارند که کیفیت مناسبی دارند و از رقبای هم قیمت G585، بهتر می‌باشند.,1,3,train
12488,این بدین معناست که Xperia V یکی دیگر از گوشی‌های مقاوم در برابر آب از کمپانی سونی می‌باشد که بعد از Xperia Acro S و Xperia Go، سومین از خانواده Xperia محسوب می‌گردد.,1,3,train
5032,این حافظه متعلق به شرکت سامسونگ می‌باشد و قادر به تامین اطلاعات مورد نیاز پردازنده‌ی گرافیکی با حداقل تاخیر است.,1,3,train
11647,بدون اغراق، تا حالا مشکلی نداشته!,1,3,train
4566,خوش دست و باریک (9.4)2.,1,3,train
7724,به نظر من ایپد مینی بهتر از دیگر تبلت های اندرویدی هستش چون اولا به خاطر سیستم عاملش که ios 6 و ثانیا برنامه های این سیستم عامل که نسبت به اندروید با کیفیت تره ثالثا طراحی اپل است که واقعا نسبت به تبلت های دیگر سر تره فقط تنها ایرادی که میتونم بگیرم قیمتشه.,1,3,train
9057,Wi-Fi هم می تواند همین نقش را بر عهده گیرد، هرچند که با استفاده از Wi-Fi می توانید به شبکه هم متصل شوید و خیلی سریع تصاویری که گرفته اید را ایمیل یا بر روی شبکه های اجتماعی آپلود کنید.,1,3,train
4422,موفق و پیروز باشید,1,3,train
5722,یکی از بهبودهای رخ داده در این صفحه نمایش این است که در نمایشگر گوشی های پیشین، رنگ‌ها غلظتی بیش از حد داشتند.,1,3,train
6381,حتی در فیلم برداری 1080p Full HD نیز فیلم برداری روان و بدون هرگونه مشکل انجام می‌شود.,1,3,train
5026,سایر مشخصات پردازنده گرافیکی XBOX 360 عبارتند از: ۱٫ وجود ۴۸ مسیر پیشرفته‌ی موازی برای محاسبات پیشرفته‌ی گرافیکی ۲٫ معماری سایه‌زنی مشترک که امکان پردازش دستورالعمل‌های سایه‌زنی پیکسلی و راسی را در هر یک از لوله‌ها میسر می‌سازد (در این حالت هر یک از لوله‌های پردازشی، قابلیت اجرای انواع سایه‌زنی پیکسلی و راسی را دارد).,1,3,train
7089,کیفیت ساخت آن نیز همانند اکثر گوشی‌های ساخت HTC بسیار خوب و امیدوار کننده است.,1,3,train
2345,به هر حال من فکر می کنم کمپانی اپل از تمام کمپانی های حال حاظر جهان به شخصیت کاربرانش بیشتر اهمیت می ده.,1,3,train
11133,اگر داشتن با کیفیت‌ترین صفحه نمایش در بین تبلت ها برای شما اولویت محسوب نمی‌شود، و یا اگر به دنبال تبلتی برای انجام کارهای گرافیکی می‌گردید، Samsung Galaxy Note 10.1 یک انتخاب بسیار خوب برای شماست که مسلما از خرید آن پشیمان نخواهید شد.,1,3,train
3717,ولی کیفیت خود دوربینش خوبه,1,3,train
8929,با اینکه از یک دوربین کامپکت عادی کمی بزرگتر است ولی همچنان خوش دست بوده و به خوبی در کف دست جای می‌گیرد و با کارت حافظه و باتری تنها 215 گرم وزن دارد.,1,3,train
7188,با قیمت این میشه یه گوشی و یه تبلت خرید اما هر دوش در سطح متوسط اما گوشی با امکانات سخت افزاری مشابه این به تنهایی همین قیمت رو دارند درحالی که با خرید این گجت علاوه بر داشتن یکی از بهترین گوشی های اندرویدی تا حالا یه پد 10 اینچی دارید که با وجود استفاده از سخت افزار گوشی مبدل به یکی از بهترین تبلت های موجود میشه چه از نظر کیفیت صفحه چه از نظر طراحی و چه از نظر سخت افزاری و همینطور برند معتبر فقط چون کارت حافظه نمیخوره کاش 64 گیگش هم بیاد که بشه با خیال راحت تر اطلاعات روش ریخت,1,3,train
13090,نه خیلی ساده، ولی با این حال لذت بخش است.,1,3,train
8278,در ایزو 800 نویز بیشتری پدیدار می‌گردد ولی همچنان عکس‌ها کاملا قابل استفاده هستند.,1,3,train
5282,همچنین اگرچه این صفحه نمایش از نظر کیفیت به خوبی صفحه نمایش رتینای نسل سوم آی پد نیست، اما میزان غلظت رنگ‌ها و وضوح جزئیات بسیار مناسب هستند.,1,3,train
9070,در کل باید گفت که NX2000 آپدیتی مناسب نسبت به NX1000 می باشد.,1,3,train
6759,مخصوصا اینکه احتیاج به برق اضافی و آداپتور نداره,1,3,train
7289,این لنز در حالت واید 28 میلی متر میدان دید نسبتا باز و خوبی را در بر می‌گیرد.,1,3,train
666,حدود 3 ساعت به طور مداوم کار گرافیکی و مونتاژ سنگین باهاش انجام دادیم و به خوبی از پس پردازش اون بر اومد.,1,3,train
2867,قدرت سخت افزاری مناسب آن، برای اجرای اکثر پردازش‌ها کافیست.,1,3,train
9288,این گونه لنزهای با موتور استپر پیش از این معمولا در دوربین های بدون آینه- با لنز قابل تعویض استفاده می شدند و فوکوس سریع تر و بی سر و صدا تری را ارائه می دهند.,1,3,train
5417,در کل، از نظر نرم افزاری نیز مشکل خاصی با این گوشی نخواهید داشت.,1,3,train
5985,اگر نگم از کانن بهتره باید گفت چیزی هم کم نداره.,1,3,train
10078,اما یکی از نقاط قوت Sleekbook ها، سیستم خنک کننده آنهاست.,1,3,train
10662,با این قیمت مناسبترین گوشی اینه در خریدش تردید نکنین,1,3,train
10132,من در دیجی کالا باهاش آشنا شدم، اول قصد خرید ace 2 را داشتم که قیمتش رفت بالا مثل ray سونی، این گوشی تنها بدیش نرخ جذب امواجش یه مقداری بالاست، نسبت قیمت خارج کشور و داخل کشور هم ارزونه بقیه مقایسه ها را دوستان انجام دادن.,1,3,train
10792,از یاد نبریم که این دوربین توانایی عکاسی پیاپی با سرعت 10 فریم بر ثانیه را دارد که این نیز دوربین را یک سر‌و‌گردن بالاتر از کامپکت های هم رده قرار می دهد.,1,3,train
7305,به هر صورت همانطور که گفتیم، Canon Ixus 510 HS همانند Ixus 500 HS دوربین کامپکتی بسیار زیبا با ظاهر خاص مستطیلی شکل و گوشه های تیز می‌باشد.,1,3,train
7623,دوربیندوربین اصلی این گوشی یک دوربین 5 مگاپیکسلی است که به کمک فلاش LED عکس‌های با کیفیت و با رزولوشن 1944×2592 را ثبت می‌نماید.,1,3,train
12507,در نهایت، باید بگوییم که Xperia V تقریبا همان Xperia T است که قابلیت مقاومت در برابر نفوذ مایعات و همچنین پشتیبانی از اینترنت پر سرعت 4G نیز به آن افزوده شده است.,1,3,train
12214,فوق‌العاده بود.,1,3,train
3838,با فن‌آوری ابری می‌توانید در مواقعی که خانه نیستید نیز بیشترین بهره را از فایل‌ها و محتواهای خویش ببرید.,1,3,train
12380,که البته شما همچنان می‌توانید به عکاسی ادامه دهید.,1,3,train
10492,من بدی ازش ندیدم، واقعا ازش خوشم اومده شبیه به گوشی هنوز معرفی نشده ی Xperia L هستش که نشون میده طراحی بروزی داره.,1,3,train
11898,این دوربین دارای یک فن‌آوری به نام Geo-Tagging است، به طوری که در هر کجا که باشید دوربین به کمک GPS موقعیت مکانی دقیق شما را به همراه عکس ثبت می‌کند تا همانند زمان بدانید این عکس دقیقا در کجا گرفته شده است.,1,3,train
1299,من که ازش راضی ام,1,3,train
2969,فقط ایسوس با خودش یه داک قدرتمند داره که آزادی عمل بیشتری به شما برای انجام کاراتون می ده و اپل هم gprs، edge، 3G و 4G داره که همون طور که تو پست قبلی بهش اشاره کردم این مشکل با hotspot به راحتی قابل حله.,1,3,train
7296,حتی اگر سوژه حرکت کرد هم دوربین آن را در فوکوس نگه می‌دارد.,1,3,train
7817,اگر خواهان داشتن تبلت 7 اینچی با قیمت مناسب هستید، 7 اینچی‌های Nexus و Amazon را به شما پیشنهاد می‌کنیم، اما اگر مقداری هزینه بیشتر برایتان قابل قبول است، حتما آیپد مینی را نیز بررسی نمایید تا برتری‌های آن‌را متوجه شوید.,1,3,train
7086,در کل، طراحی این گوشی زیبا و راضی کننده به نظر می‌رسد.,1,3,train
9773,استفاده از این باتری‌ها تا حد زیادی بر وزن دوربین اضافه کرده است به طوری که علی رغم ابعاد کوچک، وزن آن به 214 گرم می‌رسد که نسبتا زیاد است.,1,3,train
2990,بی شک روند سریع پیشرفت تکنولوژی باعث شده تا شاهد تولید چنین دستگاه های بی نظیری باشیم.,1,3,train
11943,اولین چیزی که بعد از بالا امدن سیستم گوشی جلب توجه میکنه شفافیت و کیفیت صفحه نمایش گوشی هستش.,1,3,train
10616,عکسهای خیلی خوبی میگیره و فیلمبرداریش درسته که 15فریمه ولی خوبه.,1,3,train
9770,این فوق العاده است چرا که از چنین دوربینی در این سطح قیمت و همچنین سنسور تصویر کوچک این توانایی ضبط ویدیویی بعید بود.,1,3,train
8796,رابط کاربری Optimus UI نیز با طراحی ساده و کاربردی خود، به کاربر کمک می‌کند که به راحتی از امکانات گوشی استفاده نماید.,1,3,train
5309,زیرا گوگل معتقد است که عکاسی و فیلم برداری با تبلت چندان مورد توجه و استقبال کاربران قرار نگرفته است و بیشتر آن‌ها تمایل به استفاده از تبلت خود برای برقراری تماس‌های ویدیویی دارند به همین دلیل یک دوربین 1.2 مگاپیکسلی در قسمت جلوی این دستگاه قرار گرفته است که برای این منظور کافی به نظر می‌رسد.,1,3,train
5509,گوشی خوبیه، الان دو هفته میشه که خریدم و تا الان راضیم ازش.,1,3,train
5361,کار کردن با این تبلت احساس خوشایندی دارد.,1,3,train
10914,این قابلیت برای دانشجویان و افرادی که می خواهند یک پرزنتیشن ارایه بدهند خیلی پر کاربرد است به خصوص وقتی میخواید یک کتاب رو خلاصه کنید.,1,3,train
3704,این گوشی مجهز به WLAN برای اتصال به شبکه از طریق سرویس‌های وایرلس محلی و GPS داخلی برای استفاده از انواع اپلیکیشن‌های GPS محور هم می‌باشد.,1,3,train
3632,اما صفحه کلید دیگری نیز برای این تبلت ساخته شده که Type Cover نام دارد و بر خلاف مورد قبلی که صفحه کلید مجازی و در واقع خازنی را در اختیار کاربر قرار می‌دهد، این یکی یک صفحه کلید واقعی با کلید های فیزیکی است که کار با آن کاملا حس کار با یک لپ تاپ را به کاربر منتقل می‌نماید.,1,3,train
8157,در این نسخه از سیستم عامل اندروید، بهینه سازی‌های فراوانی صورت گرفته است و گوشی‌های متعددی هستند که علی رغم دارا بودن سخت افزاری قدرتمند تر از سخت افزار به کار رفته در Desire C، هنوز در انتظار دریافت این نسخه از سیستم عامل اندروید هستند.,1,3,train
8449,همچنین، این گوشی قابلیت پشتیبانی از Wi-Fi، GPRS و Edge را داراست که به کاربر امکان مرورگری اینترنت را نیز می‌دهد.,1,3,train
11217,6D قابلیت Silent Shooting یا عکاسی بی صدا را نیز از 5D Mark III به ارث برده است.,1,3,train
7901,• جمع بندی گرچه Fonepad یک گوشی نیست، ولی می‌تواند تمام وظایف یک گوشی را به خوبی انجام دهد.,1,3,train
2831,خلاصه دوربین جالبیه,1,3,train
7911,مخصوص که فول اچ دی هست بهره گیری از لنز واید با کمینه‌ی نسبت کانونی f/2.7 مخصوص عکس برداری در نور کم و شب هستش که کیفیت خوبی به عکس میده در کل دوربین خوبی هست و منو کاملی داره .,1,3,train
10506,گوشی خوبیه تواین قیمت بابرندمعروف سونی دوسیمکارت معقولی میباشد,1,3,train
11767,با توجه به قیمتش امکانات کاملی داره.,1,3,train
12798,از هر لحاظ عالی,1,3,train
1873,از این بهتر تو دنیا وجود نداره واقعا !,1,3,train
398,با استفاده از Wi-Fi می‌توانید به راحتی عکس‌ها و فیلم‌هایی که گرفته‌اید را به لپ تاپ، گوشی، تبلت و یا حتی دوربین دیگری که این قابلیت را دارد به صورت بی‌سیم منتقل کنید.,1,3,train
10348,عکس‌های گرفته شده با دوربین 5 مگا پیکسلی این گوشی در فضاهای بیرونی از کیفیت خوبی برخوردارند ولی عکس‌های گرفته شده در فضاهای داخلی به خصوص در شرایط نوری ضعیف جزئیات خیلی دقیقی نداشته و کمی نویز دارند.,1,3,train
1290,.در ضمن قیمت مناسبش و خوشدستی و زیباییش هم جای خودشو داره فقط هنوز براش ضد خش و کیف نیومده که ایشالله اونم می یاد,1,3,train
8479,همانطور که گفتیم، HS900 نسبت به مدل پیشین خود که یکی از بهترین دوربین های فیلم برداری در رده‌ی خود در سال 2010 بود، و دوربینی بهبود یافته و نه انقلابی می‌باشد.,1,3,train
791,همچنین بهره گیری از نسخه 4.0 فناوری بلوتوث به اشتراک گذاری فایل بین دستگاه های مختلف را با سرعت بالا ممکن می‌سازد.,1,3,train
7598,اما به هر حال، برای کسانی که ظاهر گلکسی اس 3 را می‌پسندیدند ولی با ابعاد آن چندان خشنود نبودند، این گوشی یک ایده آل محسوب می‌گردد.,1,3,train
7130,با وجود برنامه استاندارد پخش موسیقی بر روی این گوشی که از اکثر فرمت های رایج پشتیبانی می‌نماید و همچنین وجود فناوری BeatsAudio بر روی این گوشی، Butterfly می‌تواند نقش یک مدیاپلیر همراه بسیار خوب را نیز بازی نماید.,1,3,train
7111,کافیست آن‌را در کنار یک صفحه نمایش با رزولوشن HD قرار دهید تا به راحتی تفاوت را متوجه شوید.,1,3,train
2929,صفحه نمایش این دستگاه واقعا جای تقدیر و تمجید دارد.,1,3,train
5688,هم شیکه هم کار راه انداز.,1,3,train
9467,در قلب این دوربین سنسور تصویر 16 مگاپیکسلی CCD قرار گرفته که با توجه به رزولوشن بالایی که دارد می تواند عکس های با کیفیت بالایی را در شرایط نوری خوب تولید کند.,1,3,train
1364,و اینک اپل دقت صفحه نمایش MacBook Pro را از 1440x900 به 2880x1800 افزایش داده که این میزان تراکم پیکسلی کم نظیر 221ppi را ارائه می‌دهد.,1,3,train
3895,یا اینکه بین مودهای لرزش گیری Standard Steady Shot یا Active Mode انتخاب کنید که تا 10 برابر بدون هیچ گونه عارضه‌ی جانبی موثر تر است.,1,3,train
5611,سونی با معرفی این گوشی به خوبی فضای خالی بین Go و Tipo را حل کرده و احتمالا همین نمایشگر بزرگ‌تر آن نیز هرچند که رزولوشن به نسبت پایینی دارد، منجر به استقبال گسترده از آن خواهد شد.,1,3,train
2480,در حقیقت ASUS یک طراحی نوین را در این جا به کار برده که از MotherBoard دو قسمتی استفاده می‌کند و به کمک لوله‌ها و پنجره‌های تهویه گرمای تولید شده را خیلی سریع دفع می‌نماید.,1,3,train
2731,لبه چپ دستگاه کاملا صاف و صیقلی است.,1,3,train
7811,باتری باتری این مدل با توجه به کوچک‌تر بودن صفحه نمایش آن نسبت به مدل‌های پیشین اپل، عملکرد بهتری دارد و در تست‌های انجام گرفته، با کارکرد متمادی بیش از یک و نیم روز شارژدهی خواهد نمود.,1,3,train
8707,ارزش خرید دارد.,1,3,train
4313,جواب این سوال مثبت است.,1,3,train
9853,از نظر ظاهری عالی و خوش دسته.,1,3,train
9447,با اینکه دوربین دوم این گوشی دوربین خیلی با‌کیفیتی نیست، اما وجود آن برای انجام مکالمات تصویری بسیار ضروری و مفید است.,1,3,train
6139,به نظر من ایکس باکس با کینکت یعنی ورزش کامل,1,3,train
4519,رم هم نمیگم عالیه اما کافی هستش و در ضمن بعضی گوشی های دوهسته هم رمشون اینقدره.,1,3,train
1398,باتری با وجود تمام سخت افزارهای فوق‌العاده به کار رفته شده در Retina MacBook Pro، انتظار می‌رفت که باتری آن نتواند شارژ دهی خیلی بالایی داشته باشد ولی در عمل خلاف این امر ثابت شد.,1,3,train
5131,در ابتدا تیم توسعه‌دهنده کنسول‌های بازی در شرکت مایکروسافت تصمیم داشت کنسول XBOX ۳۶۰ را با نام زنون (Xenon) یا XBOX 2 به بازار معرفی کند، اما شرکت مایکروسافت برای این‌که طیف اثر گذاری این محصول را بیشتر برای مردم نمایان کند، نام ایکس‌باکس ۳۶۰را بر آن نهاد.,1,3,train
7459,البته کاربران عادی مطمئنا این کیفیت را قابل قبول می‌دانند.,1,3,train
12465,حسین جان، IP57 به معنی اینه که گوشی ضد آبه,1,3,train
1670,در آزمون سرعت اجرای جاوا اسکریپت، آیفون 5 حدود 50% سریع‌تر از غول LG یعنی Optimus G عمل نمود.,1,3,train
4135,دوربینش اونقدر که میگن ضعیف نیست به نظر من خوبه خلاصه سرعت بالایی داره در خریدش شک نکنید .,1,3,train
7054,مطمئنم تجربه ی متفاوتی رو برای کاربران رقم میزنه .,1,3,train
7531,سنسور تصویر 12 مگاپیکسلی در شرایط نوری خوب می تواند نتایج قابل قبولی را تولید کند.,1,3,train
5033,پهنای باند حافظه پهنای باندی که در حافظه‌ی موجود وجود دارد، حدود ۲۵۶ گیگابایت در ثانیه است که ارتباط سریع میان واحدها را با کمترین تاخیر مهیا می‌کند.,1,3,train
11128,البته در مقایسه با iPad 3 یا TF700 چندان شانسی برای برتری دوربین Note 10.1 وجود ندارد اما در کل عملکرد دوربین بسیار خوب توصیف می‌شود.,1,3,train
12936,با توجه به ابعاد و وزن مناسب این گوشی، می‌توان گفت که جزو گوشی‌های خوش دست می‌باشد.,1,3,train
10748,منتظرم تا بیاد و حتما از دی جی کالا میخرمش,1,3,train
1621,طراحی و ساخت باریک‌ترین و سبک‌ترین iPhone تولید شده تا به امروز.,1,3,train
10393,اپل فقط تو کاره فانتزی بودنه ولی سامسونگ داره روز به روز به کارایی هاش اضافه می کنه,1,3,train
8401,جالب تر از آن این است که لنز این دوربین در حالت ماکرو توانایی فوکوس خودکار بر روی سوژه هایی به نزدیکی 0 سانتی متر را دارد!,1,3,train
2781,این دوربین ابعاد 95X57X18 میلی متر را ارائه می‌دهد که علاوه بر فوق‌العاده کوچک بودن، با قطر تنها 18 میلی متر یکی از باریک‌ترین دوربین‌های ساخته شده تا به این تاریخ نیز هست.,1,3,train
1494,قابلیت ها و افکتهای زیادی برای عکس برداری داره که کاملا کاربردی و بعضا جالب هستند.,1,3,train
12785,گوشیه خوبیه هر کی میگه بده چرت میگه پوله خریدشو نداره اینجوری میگه من آیپاد تاچ داشتم تمام کارای اینترنتیو باهاش انجام میدادم الان iphone 4دیگه ترکونده واقعا من گوشی رو دستش ندیدم چون هم کار باهاش راحته هم امکاناتش کامله منرو واقعا ارضا میکنه ممنون از این نقد مفصل شما کلی به معلوماتم اضافه شد در مورد این گوشی و باعث شد که هر چه سریعتر بخرمش تا الان 3gs داشتم همه محصولات apple رو اوجه,1,3,train
8732,سلام من که تازه خریدم بنظر گوشی خوبیه,1,3,train
10620,شاید سیستم عامل سیمبین به خصوص از نظر اپلیکیشن‌ها عقب‌تر از iOS و Android قرار بگیرد ولی به هر صورت سیستم عاملی کاملا دوست داشتنی به خصوص برای کاربرانی که پیش از این هم به این سیستم عامل عادت کرده‌اند می‌باشد.,1,3,train
3887,"ترکیب بیشینه‌ی گشودگی دهانه‌ی f/2.8، لرزش گیر تصویر اپتیکال و بیشینه‌ی حساسیت سنسور یا ایزو 12,800 این دوربین را کاملا مناسب عکاسی در شرایط نوری ضعیف کرده است.",1,3,train
4491,اندازه ی خوبی داره .,1,3,train
3701,این را هم بگوییم که سیستم عامل سیمبین از قدیم الایام از Multi Tasking یا اعمال چند وظیفه‌ای و Copy & Paste نیز پشتیبانی می‌کند.,1,3,train
12581,شاید بسیاری از کاربران سیستم عامل‌های Android یا Symbian را به iPhone ترجیه بدهند یا صفحه کلیدهای QWERTY فیزیکی را بیشتر بپسندند، ولی از دیدگاه کلی نرم‌افزار، سخت‌افزار، کیفیت ساخت و قدرتمندی iPhone برتری دارد.,1,3,train
11694,با روت کردنش هم مشکل بک زدنش به کل قطع میشه.,1,3,train
10276,همه چیزش درحد عالیه فقط یه چیزی کم داره اونم از lcd شه که از نوعه tft اگه backlight ledبود محشر میشد,1,3,train
5689,تبلت بسیار خوبیه با اینکه دوربینش ضعیف تره اما کارایی زیادی داره.,1,3,train
11686,اما من بهتون اطمینان میدم که اون مشکلش حل شدنیه و اصلا نگران نباشید.,1,3,train
12927,در کل در خارج کشور گوشی های تک سیمکارت گرانترند و طرفدارن بیشتری دارند، آنهم به خاطر شارژ بیشتر و ضرر تشعشع کمتر.,1,3,train
9274,در عمل همه چیز را می توانید از طریق نمایشگر لمسی کنترل کنید تا تقریبا هیچ نیازی به کنترل های فیزیکی نداشته باشید.,1,3,train
4413,همچنین بطور پیش فرض از Flash پشتیبانی میکند.,1,3,train
2593,قبل از همه چیز باید بگم از خرید راحت و بسته بندی شکیل دی جی کالا بیشتر از خود دوربین خوشم اومد البته اینو باید بگم که دلیلش اینه که من قبل از خرید این دوربین نیکون دی 7000 و کانن1100 و چند مدل دیگه رو تست کرده بودم و یه ذهنیت و انتظار بالایی داشتم اما از حق نگذریم به غیر از باتریهای قلمی و درپوش باتری و رم که کمی آزار دهنده است همه چیزش قابل قبوله (با توجه به قیمت),1,3,train
5999,"تبریک به تمام کسانی که دوربین sony hx10 دارن این دوربین یه مزیت خیلی بزرگ نسبت به hx20,30 داره که لنز این دوربین 24 میلی متری هستش .",1,3,train
2337,سلام، اول از هم درپاسخ به رضای عزیز باید بگم غیر از محصولات اپل بعضی از محصولات دیگه هم از نانو سیم استفاده میکنند که مشکل نیست و حل میشه، اما آیفون..,1,3,train
4755,اگر هدفتون فیلمبرداری با کیفیت هست روی این دوربین میشه حساب کرد .,1,3,train
1451,کمینه‌ی نسبت کانونی این لنز در حالت واید و زوم، f/2.8-6.9 است که دست کم در حالت واید لنزی بسیار سریع می‌باشد تا بتوانید در شرایط نوری ضعیف تر هم از سرعت های شاتر بالا استفاده کنید.,1,3,train
12726,گوشی الان خودمم سونی اریکسونه صداشم خوبه!,1,3,train
4360,بدون اشکال!,1,3,train
4157,باتریش هم خوبه.,1,3,train
7326,• سخت افزار داخلی و باتریهمان‌طور که گفتیم این لپ‌تاپ‌ها در کانفیگ‌های بسیار متنوعی ساخته شده‌اند.,1,3,train
11104,کارکرد جالب‌تر آن جاییست که از قابلیت لمس شناور آن بهره می‌برید.,1,3,train
3703,همچنین مجهز به سنسورهای شتاب سنج برای چرخش خودکار تصویر، قطب نمای دیجیتالی، سنسور پروکسیمیتی و سنسور سنجش نور محیطی هم می‌باشد.,1,3,train
10653,xperia tx نسخه ی تصحیح شده ی xperia t است پس حتما نقص های xperia t برطرف شده.,1,3,train
25,توانایی عملیات اسکن و کپی هم باعث می‌شوند که بتوانید دست کم در سه مورد از این پرینتر استفاده کنید.,1,3,train
3450,سرعت چاپ یکی از مهم‌ترین ویژگی‌ها در این دستگاه‌ها است.,1,3,train
4449,واقعا ممنون,1,3,train
9739,همچنین رابط کاربری انحصاری سونی با نام Timescape به کاربر در کارکردن راحت‌تر با گوشی کمک خواهد نمود.,1,3,train
9515,کیفیت صدای این گوشی بهتر شده با طراحی متفاوتش - تنوع برنامه هاش نسبت با اندروید .,1,3,train
6889,گوشی خوبی هستش ولی cpu 1.5-ولی HTC ONE X PLUS 1.7 هستش,1,3,train
4587,فقط یه کم صدای زنگش ضعیفه و تو مکانهای شلوغ و پر سر و صدا احتمالا یک تماس رو از دست بدین ولی کیفیت و بلندی صدای مکالمه اش حرف نداره.,1,3,train
9860,"آخر نوکیا به گوشیهای WLAN , ASHA اضافه کرد .",1,3,train
12124,لنز 25-350 میلی متری این دوربین مجهز به لرزش گیر اپتیکال تصویر نیز می باشد تا لرزش دست شما را تا حد زیادی جبران کند و از تاثیر آن در عکس گرفته شده تا حد ممکن جلوگیری نماید.,1,3,train
12493,ظاهر کیبورد بسیار ساده بوده و کلیدها بزرگ و با فاصله مناسب از هم قرار دارند.,1,3,train
8488,قسمت دستگیره‌ی این دوربین اینک دارای سطحی الیافی برای در دست گیری ایمن تر است و پیچ تنظیم یا همان mode dial نیز با سویچ dial تعویض شده است.,1,3,train
10890,من یک ماهه که خریدمش بجز بدنه ضعیف اون مشکلی نداره و فعلا به نظر من بهترین گزینه در تبلت ها هست فقط اندروید .,1,3,train
6781,به نظر من در این رنج قیمت خیلی مناسبه.,1,3,train
4632,صفحه لمسیش هم به نظر من از ایفون خیلی بهتره .,1,3,train
9466,این دوربین طراحی و ظاهر خیلی شیک و سنتی دارد.,1,3,train
10131,این گوشی نسبت به گوشی های هم تراز خود در بازار از کیفیت و کارایی بالاتری بر خوردار است و ارزش خرید بالایی دارد .,1,3,train
2640,وقتی که فوجی فیلم در نمایشگاه فوتوکینا سال 2010 دوربین مدل X100 خود را معرفی کرد، با ظاهر قدیمی و کیفیت عالی عکس های خود توانست نظر عکاسان حرفه ای را کاملا به خود جلب کند.,1,3,train
10997,سلام-من 3 روزه این تبلت رو از سایت فوق خریداری کردم-من با تمامی تبلت ها از جمله - اپل - ایسوز - موتورولا و گیگابایت کار کردم با اینکه صفحه نمایش این دستگاه کمی نا امید کننده هست اما کار با این تب احساسی که به آدم میده هیچ تبلت دیگری نمیده این دستگاه به جرات میتونم بگم قویترین سخت افزاری را داشته که تا به امروز من دیدم - کمبود سرعت به هیچ عنوان نداره - در بازی های سنگین کم نمیاره - قلمی که روی اون هست بدون شک واقعا بینظیر چون 70% کارهارو دارم با اون انجام میدم واقعا لذت بخشه نکته آخر بدون شک هرچیزه دیگری برداشته بودم پشیمون میشدم.,1,3,train
4567,سبک و زیبا فقط 100 گرم3.,1,3,train
4096,نسبت به پولی که دارین میدین یه چیز رویایی میده .,1,3,train
8451,جمع بندیدر کل، آشا 309 یک گوشی مناسب و خوش قیمت است که به نسبت قیمتش، کارایی و عملکرد مناسبی را داراست.,1,3,train
10207,Sony Ericsson Xperia Neo V همون Sony Ericsson Live With Walkman که یکم صفحه نمایش بزرگتر(نیم اینچ) وکیفیت تر و قیمت بالا تر هست.,1,3,train
9407,من6روزه خریدم بدون گارانتی نسبت به قیمت خیلی کارایی داره.,1,3,train
6678,استفاده از باتری قلمی به جای باتری لیتیومی (البته با خرید باتری قابل شارژ این مشکل حل میشه) در کل ازش راضی هستم و پیشنهاد میکنم در خریدش شک نکنید تو این رنج با این قیمت محاله گزینه بهتری پیدا کنید.,1,3,train
6958,واقعا از htc چیزی کمتر از این انتظار نمیرفت.,1,3,train
1577,این قابلیت که عملکردی بسیار قابل ستایش دارد بدین صورت است که می‌توانید صفحه نمایش را به 2 تکه تقسیم نمایید و از هر تکه جهت اجرای یک برنامه استفاده کنید.,1,3,train
6238,مخصوصا که در مدل دو سیم کارته، تا به این تاریخ این گوشی بی رقیب است.,1,3,train
1328,با باتری لیتیومی قابل شارژ آیپاد شافل؛ می توانید تا 15 ساعت موسیقی گوش کنید.,1,3,train
9757,اگر خیلی سریع بخواهیم به سراغ ویژگی های عکاسی برویم، نخست به سنسور تصویر می‌رسیم که رزولوشن 10 مگاپیکسل را ارائه می‌دهد و سایز آن تنها 1/3 اینچ می‌باشد.,1,3,train
10060,تاچ پد دستگاه ابعاد مناسبی دارد و سطح آن دارای یک بافت دانه دانه است که نه تنها دقت دستگاه را بالا می برد، بلکه باعث می شود تا عرق و چربی دست، از دقت تاچ پد نکاهد.,1,3,train
7176,سلام من ازش راضی ام البته چندتا اشکال عجیب داره **اولا بسیار بسیار سره و از دست راحت لیز می خوره **گاها بی هیچ دلیلی خش خش می کنه!,1,3,train
758,خوب تقریبا این لپ تاپ از همه لحاظ عالیه اما هیچ چیز بی عیب و نقصی وجود نداره و من می خوام ناگفته هاشو بهتون بگم !,1,3,train
11586,اما باز هم از خوبی‌های این لنز بگوییم که، کمینه‌ی نسبت کانونی آن در حالت واید و زوم، f/3.0-5.6 می‌باشد که عالیست.,1,3,train
8918,من حدود دو هفته میشه که خریدمش واقعا نسبت به قیمتش عالیه.,1,3,train
9280,این دوربین با آخرین سیستم کنترل رادیویی فلاش که با 5D Mark III معرفی شد را دارد.,1,3,train
11142,من راحت فایلامو از موبایل بهش انتقال میدم بدون اتصال سیم با all share,1,3,train
9812,عالیه فقط کمبود نرم افزار,1,3,train
5808,پر کار .,1,3,train
1130,خاصیت ضد ضربه بودن آن باعث دریافت شوک و خنثی کردن آثار ناشی از آن است.,1,3,train
3234,باتری مناسب و خوب برای تبلت 12.,1,3,train
8740,من این گوشی رو سفارش دادم ولی هنوز بدستم نرسیده روی کاغذ مشخصاتش نسبت به قیمتش با توجه به دوسیم کارت بودن ، cpu دوهسته ای ، صفحه 4.3 اینچی ، دوربین 8 مگ، حافظه داخلی 4 گیگ و.,1,3,train
5734,به نظر خودمان تا به حال گوشی آندرویدی با چنین سرعت و روانی را تجربه نکرده ایم.,1,3,train
10769,در حالی که مدل HX30v دارای لنز معادل 24 میلی متری با توانایی زوم 20 برابر بود، اکنون این دوربین توانایی زوم 30 برابر را دارد.,1,3,train
251,واقعا تجربه جالبی بود با تشکر,1,3,train
8785,سخت افزارسخت افزار متوسط این گوشی، Optimus L7 II Dual را در بین گوشی‌های هوشمند سطح پایین قرار می‌دهد.,1,3,train
12957,جمع بندیدر مجموع نوکیا با توجه به ابعاد و اندازه صفحه نمایش و رنگ بندی متنوع، توانسته گوشی تقریبا زیبایی را به ارمغان بیاورد.,1,3,train
11997,ویدیو تا 720p راحت پخش میکنه اما 1080p رو نه.,1,3,train
7269,من این دستگاه رو دارم و ازش راضی هستم.,1,3,train
1126,همین امروز خیلی ناجور از دستم افتاد، ولی مثل روز اول کار می کنه!,1,3,train
3992,سونی یه شرکت بزرگ و پیشرفته ست.,1,3,train
11741,تا حالا مشکل گیر کردن باهاش نداشتم مگه اینکه همزمان درحال پیامک زدن و آهنگ گوش کردن و گشتن تو اینترنت و دانلود بوده باشم!,1,3,train
11636,واقعا گوشیه خوبیه.,1,3,train
10032,• طراحی و ساختدر اولین نگاه، ضخامت و ابعاد بسیار باریک Sleekbook، نظر شما را کاملا به خود جلب خواهد کرد.,1,3,train
210,که کاملا  اشتباه میکنند من حدود 3 هفته است که آپدیت کردم هم مشکل وای فای رفع شد هم منو و  کیفیت ویجت ها و Wallpaper ها بالا تر رفت !,1,3,train
12667,هیچ گزینه ای بهترازاین پیدا نکردم هرگوشی رو بااین مقایسه کردم یه نقصی داشت.,1,3,train
11549,تو رنج خودش واقعا حرفه ایه,1,3,train
2015,واقعآ این بار هم مثل همیشه حرف نداره.,1,3,train
4949,آخرین مدل آن شامل خروجی HDMI و همچنین آپدیت نرم افزاری جدید نیز میشود که در مدل های اولیه وجود نداشت.,1,3,train
10302,سیستم اندروید عالی.,1,3,train
2998,همون طور که میدونید این تبلت از پردازنده بسیار قدرتمند NVIDIA Tegra 3 با فرکانس 1.6 گیگاهرتز چهار + یک هسته ای استفاده می‌کنه که نسبت به سخت افزار ایپد بسیار قوی تره اما ایپد جدید بدلیل وجود سیستم عاملش به سخت افزار کمتر نیاز داره و بخاطر همین است که اپل ios 6 رو برای 3gs آفون قرار داده وگرنه گالکسی ایس از پردازنده قدرتمند از اون داره ولی به آندروید 4 آپدیت نمیشه دلیلش بخاطر همین موضوع است و قریبا نمی شه گفت که ایپد بهتر از تبلت تی اف 700 باشه.,1,3,train
3264,• پورت‌ها و اتصالات از لحاظ پورت‌ها، سری 3 از تمام پورت‌های لازم برای مصارف روزمره بهره می‌برد.,1,3,train
5969,کمینه‌ی نسبت کانونی این لنز f/3.3-5.9 است که برای عکاسی در شرایط ضعیف نوری نسبتا خوب است.,1,3,train
4354,""" ( برخلاف آیپاد 4، این مدل پشتش کاملا ضد خشه و این یعنی برطرف کردن یکی از مهم ترین ایرادات !",1,3,train
7344,اما دست کم نسبت به مدل Compaq Presario CQ57 یک مزیت دارد و آن برخورداری از پورت HDMI است.,1,3,train
5723,در Galaxy S II برنامه‌ای وجود دارد که از طریق آن می‌توانید غلظت رنگ نمایشگر را به صورت دلخواه تنظیم کنید.,1,3,train
1086,واقعیت جدید را با تصاویر وضوح بالای کامل تجربه کنید.,1,3,train
4091,از نظر سخت افزار هم که می‌توان ادعا کرد این مدل در بین رقبای خود در این بازه قیمت بسیار خوب عمل کرده است.,1,3,train
4690,بعداز 2ماه تحقیق به این نتیجه رسیدم که تارنج 450 تومن این گوشی بهترین انتخابه به دلایل زیر:دارای دومین صفحه نمایش از نظر تراکم پیکسل بعد از آیفون.,1,3,train
4250,رم خوب.,1,3,train
5992,از دیجی کالا هم تشکر می کنم که مشتری مداری را محور فعالیت خودش قرار داده و یقین دارم هروز بهتر از دیروز خواهد بود,1,3,train
4895,سلام دوستان به جای بحث اگه سخت افزار رو مقایسه کنید متوجه میشید که xbox از ps3 خیلی بهتره GPU قوی تری داره ps3 Cpu قوی تری داره و خیلی داستان های دیگه هستن من هر دو تا رو دارم ولی واقعا xbox خیلی از ps3 سر تره شما رو یه LCD دو تا کنسول رو با HDMI وصل کنید و تفاوت رو ببینید با تشکر از همه دوستان,1,3,train
233,گوشی خوبی نسبت به قیمتش.,1,3,train
920,در همان قسمت پشتی، نمایشگر بزرگ و با کیفیت لمسی این دوربین قرار گرفته است.,1,3,train
12103,JVC GZ-MG335، مزیت سه گانه ای دارد که کار فیلمبرداری، ویرایش و بایگانی را ساده تر می کند.,1,3,train
5280,با اینکه این صفحه نمایش بهترین صفحه نمایش موجود بر روی تبلت ها نیست، اما در میان تبلت های هم رده خودش و با این قیمت، بدون شک بهترین است.,1,3,train
10305,اینترنت عالی ساپورت میکنه.,1,3,train
9104,مزایا: سرعت خوب در اجرای برنامه ها صفحه لمسی خیلی خوب ( به سرعت به دستورات پاسخ می ده ) وزن مناسب مجهز بودن به آندروید 4 سنسور GPS و شتاب سنج عالی معایب: کیفیت عکس دوربین در حد ویواز قبلی من هست که اون هم 5 مگا بود ( در حالی که انتظار داشتم کیفیتش بالاتر باشه ) جهت تست گرم شدن دو ساعت تمام گذاشتم صفحه گوشی روشن باشه .,1,3,train
1636,و در نهایت قطر اعجاب انگیز آن که تنها 7.6 میلی متر می‌باشد.,1,3,train
5352,در خرید این تبلت اندکی شک نکنید .,1,3,train
11750,من با آپدیت آن به اندروید 4.0.4 و غیر فعال کردن بازخورد ویبره برای لمس آن توانستم از سد این مشکل که شاید بعضی ها رو از خریدش منصرف کرده بگذرم .,1,3,train
6866,بدون شک بهترین گوشی اندرویدی تولید شده تا به امروز.,1,3,train
8877,من این دوربین رو الان یک سال دارم و ازش خیلی راضی ام.,1,3,train
11265,با سلام چند روزی میشه دارمش خوش دسته و کاربردی,1,3,train
12534,نه تنها رنگ‌ها و به خصوص رنگ سیاه عمیق و قدرتمند هستند، بلکه شما نمی‌توانید هیچ کدام از پیکسل‌ها را بر روی نمایشگر مشاهده کنید.,1,3,train
1397,به علاوه از آنجایی که این حافظه‌ها از نوع Flash هستند، بر خلاف هاردهای معمولی بر اثر لرزش و ضربه های کوچک ایجاد شده بر اثر مصارف روزمره، دچار آسیب نمی‌شوند.,1,3,train
10998,براحتی میشه گفت که این یه تبلت درست و حسابیه.,1,3,train
4853,منم ایکس باکس دارم و به نظر من ایکس باکس بیشتر حال میده,1,3,train
1469,بنابراین اگر به دنبال همچین ویژگی هایی هستید، A3400 IS برای شما گزینه‌ی مناسبی است.,1,3,train
3810,این قابلیت‌های جدید Smart Hub تلویزیون هوشمند سامسونگ بر غنای زندگی شما افزوده و شریک و مشاور سبک زندگی شما خواهند بود.,1,3,train
6977,سلام اگه باطریش قابلیت تعویض باشه میخرمش,1,3,train
6573,در کل، با اینکه عکاسی با تبلت را همواره جزو موارد غیر ضروری نامیده‌ایم، ولی در مورد این دستگاه برای کسانی که علاقه‌مند به عکاسی نیز هستند، هواوی شرایطی را فراهم نموده است که کاملا آن‌ها را راضی خواهد نمود.,1,3,train
7030,این گوشی یک شاهکار از HTC است اما شاید نتونه به خوبی GALAXY S4 سامسونگ فروش بره چون سامسونگ با ساخت گلکسی S3 یک اعتبار بدست آورده و یک پله از اون بالا تره آیفون هم مثل گلکسی S3 خیلی عالیه اما سیستم عاملش درسته خیلی سریع هست اما خسته کننده و تکراری است,1,3,train
3146,تبلت خوبیه .,1,3,train
6916,نمیگم باتریش خیلی خوبه ولی بد هم نیست.,1,3,train
1615,من 2روزه خریدمش واقعا حرف نداره,1,3,train
1323,آیپاد شافل تنها یک پلیر قابل حمل نیست، بلکه به راحتی می توانید آن را به لباستان یا کیفتان وصل کنید و از شنیدن موسیقی لذت ببرید.,1,3,train
2784,نمایشگری که می‌تواند برای عکاسی از چهره‌ی خود عکاس استفاده شود که کاملا کاربردی است.,1,3,train
1508,اگر بزرگنمایی اپتیکال یه کم بالاتر بود گزینه بسیار مناسبی بود,1,3,train
10361,به قیمتش می ارزه.,1,3,train
1202,در تست‌های سخت افزاری، عملکرد این گوشی در حد برترین گوشی‌های اندرویدی یعنی Galaxy S III و HTC One X قرار داشت که ما را متعجب نمود.,1,3,train
10530,در ضمن، این صفحه نمایش قابلیت دریافت دو لمس همزمان را نیز داراست که شاید در حین انجام بازی با این گوشی، اینکه فقط دو لمس همزمان درک می‌گردند مقداری کاربر را برنجاند.,1,3,train
5703,همچنین به نظر ما از نظر مقاومت در برابر خراش و آسیب های احتمالی مقاوم‌تر از کاور پشتی Galaxy S اصلی است.,1,3,train
12279,-یکی از ابهامات که دارم در رابطه با ساخته که دقیقا در هیچ کجا اشاره نشده این دوربین در چه کشوری ساخته شده هر چی هست تقلبی نیست.,1,3,train
7948,این دوربین از مودهای عکاسی خوبی چون SR Auto، Auto و Program بهره می‌برد.,1,3,train
1728,بزرگترین مشکل این گوشی یعنی بلوتوث حل شد و روی ورژن ۶.,1,3,train
5850,سرعت گوشی هم واقعا رفته بالا .,1,3,train
1009,ناگفته نماند که P7700 حتی میتواند یک رقیب واقعی برای D-SLR های کلاس آماتور باشد.,1,3,train
5599,رزولوشن این دوربین برای یک گوشی در این سطح خیلی خوب است.,2,4,train
11428,واقعا حرف نداره.,2,4,train
3547,بله، گلکسی اس 3 یکی از بهترین گوشی‌های هوشمند ساخته شده تا به این تاریخ است و جانشینی مناسب برای گوشی محبوب Galaxy S II خواهد بود.,2,4,train
2997,من با ایپد جدید و این کار کردم و این تبلت خیلی بهتره تازه کیبورد داره پورت usb و یه صفحه نمایش فوق العاده .,2,4,train
11420,دوستان سلام در خرید این گوشی شک نکنید این رو کسی داره میگه که 4 گوشی قبلیش بترتیب اینا بوده 1 htc one x 2-galaxy s 3 3- padfone 2 4- note 2 و این گوشی واقعا محشره,2,4,train
9916,خوشبختانه از نظر سخت افزارهای داخلی تحول خیلی زیادی رخ داده است.,2,4,train
7118,این چیپ دارای پردازنده چهار هسته ای Cortex-A15 با فرکانس 1.5 گیگاهرتز و پردازشگر گرافیکی Adreno 320 می‌باشد که در حال حاضر قدرتمندترین سخت افزار موجود بر روی گوشی‌های اندرویدی است و بسیار سریع‌تر از پردازنده های قرار داده شده بر روی گوشی‌های رده بالای HTC One X و Samsung Galaxy S III می‌باشد.,2,4,train
2891,لازم به ذکر است که داخل این کیبورد، یک باتری بسیار قدرتمند نیز وجود دارد و هنگامی که Infinity را به کیبورد متصل می‌کنید، طول عمر باتری دستگاه به دو برابر افزایش می‌یابد که در ادامه بیشتر در این رابطه توضیح خواهیم داد.,2,4,train
7170,طراحی فوق العاده زیبایی داره.,2,4,train
12234,بی شک عرض میکنم، هر کس قصد خرید دوربین در این قیمت رو داشته باشه و اینو نگیره خیلی ضرر کرده، من میخواستم مبلغ بیشتری بدم کانن بگیرم، اما یه بنده خدایی که خیلی وارد بود مدلی شبیه به این اما قدیمی تر (s4000) رو بهم معرفی کرد و خریدم و جالب اینجاست که مشابه همون مدل در کانن قیمت خیلی بیشتری داره، واقعا اگه با کسی که یه خرده وارد باشه مشورت کنین بهتون در بعضی موارد مثل این مورد فوجی رو پیشنهاد میده، منم الان بسیار راضی هستم و حتی من که خیلی وارد نیستم هم عکس های حرفه ای با فوجی فیلم گرفتم که همه تعجب کردند، حالا بازم انتخاب با شماست.,2,4,train
10684,در ضمن دوربینش فوق العادست و حالا حالاها رو دست نداره مگه اینکه Xperia Z خود سونی ازش بهتر باشه.,2,4,train
4213,من این گوشی رو یک هفته است گرفتم محشره صفحه بزرگ با کیفیت  سی پی یو قوی  بدون هنگ و گیر کاملا روان فقط صداش کمه والا بقیه امکاناتش عالیه نسخه اندرویدشم 4.1.1 و .,2,4,train
10605,به تمام این‌ها، قیمت مناسب را نیز که اضافه کنید، متوجه خواهید شد که Lenovo G585 یک نوت‌بوک مناسب و یک خرید بسیار خوب محسوب می‌شود.,2,4,train
3985,الان هم ازش راضیم کیفیت عکساش خیلی خوبه ولی به نظرم اینکه یه حداقل دانشی از اصول عکاسی داشته باشی خیلی کمک میکنه که عکسای با کیفیت و زیبایی بتونی بگیری .,2,4,train
2028,گوشی بسیار عالی و خوش دست .,2,4,train
9793,این ها دوربین هایی کاملا کوچک می باشند که به راحتی در هر جیبی جای می گیرند و البته امکانات خیلی زیادی را در خود جای داده اند.,2,4,train
12496,به لطف پشتیبانی این گوشی از انواع راه های ارتباطی مانند Wi-Fi، 3G و سرآمد آن‌ها شبکه پر سرعت 4G و البته تراکم پیکسلی بسیار بالای صفحه نمایش و پردازنده قدرتمند، مرورگری اینترنت با این گوشی بسیار روان و لذت بخش است و هیچ‌گونه جای شکوه یا گلایه ای وجود ندارد.,2,4,train
5487,20- گوشی حتی در حالت بازی سنگین داغ نمیکنه و فقط پشتش کمی گرم میشه که واقعا عالیه.,2,4,train
11487,برای سخت افزار خوب پشتیبانی نرم افزاری عالی قیمت بسیار ایده آل (البته به غیر از ایران با این وضع ارز!,2,4,train
1503,در کل از خریدم خیلی راضی هستم و بنظرم ارزش این دوربین بیشتر از قیمتش هست..,2,4,train
7783,از ابعاد این تبلت که بگذریم، کیفیت بدنه آلومینیومی آن نیز در مقابل بدنه پلاستیکی رقبا قابل مقایسه نیست.,2,4,train
3935,با سلام، من حدود 3ماهه این دوربینو خریدم و در این مدت به نقاط قوتی همچون لنز فوق‌العاده کارل زایس، زوم بالا، نویز کم حتی در ایزو3200، صفحه نمایش با کیفیت و از همه مهمتر فیلم‌برداری فوق‌العاده اون پی بردم و خریدش رو به همه ی عکاسان حرفه ای و آماتور پیشنهاد میکنم.,2,4,train
1471,به روز رسانی: در تست هایی که انجام دادیم، کیفیت عکس های گرفته شده توسط A3400 در حد بسیار خوب قرار داشت.,2,4,train
8900,دوربین فوق العاده ایه واقعا راضی ام -متشکرم,2,4,train
1768,- siri - سرعت اینترنت بسیار خوب .,2,4,train
12933,جنس بدنه گوشی تماما از پلاستیک و بسیار با کیفیت طراحی گردیده است.,2,4,train
8075,گوشی خوبیه تو این قیمت بهترینه,2,4,train
7621,گالری عکس‌ها و مالتی مدیا پلیر نیز بر روی نسخه 4.1 پیشرفت زیادی داشته و بسیار کاربردی و دوست داشتنی شده‌اند.,2,4,train
9716,عالیه، من حتما یکی میخرم..,2,4,train
4825,البته نباید از حق گذشت، گیرز آو وار و الن ویک ایکس باکس هم عالیه.,2,4,train
4257,گوشی خیلی خوبی به نظر می رسه.,2,4,train
3542,از لحاظ نرم افزاری هم این گوشی به آخرین نسخه سیستم عامل اندروید یعنی اندروید 4.1.1 به همراه رابط کاربری TouchWiz مجهز است که تغییرات بسیار زیاد و عالی نسبت به نسخه استاندارد اندروید 4.0.4 دارد.,2,4,train
7970,من دو هفته ای هست ، این دوربین رو گرفتم ، واقعا عالی هست .,2,4,train
9472,عکاسی با این دوربین کار بسیار ساده ایست بدین ترتیب که کافیست آن را بر روی مود اتوماتیک قرار دهید و سپس با نشانه رفتن آن به سمت سوژه دکمه ی شاتر را بفشارید تا بهترین و با کیفیت ترین نتیجه بدست آید.,2,4,train
9776,کاربری این دوربین بسیار ساده است و کافی است که آن را به سوی سوژه نشانه بروید و دکمه‌ی شاتر را بفشارید تا بهترین و با کیفیت ترین عکس گرفته شود.,2,4,train
4025,این دوربین رو 8 ماهه که دارم و ازش خیلی راضیم .,2,4,train
640,بنظرم عالیه.,2,4,train
9978,به طوری که نرم‌افزار این دوربین عملکردی خیلی سریع‌تر از iPhone 4 دارد.,2,4,train
7183,خودش هم از هر لحاظ ازش راضی بود!,2,4,train
4247,تاچ عالی نسبت به بقیه حتی htc.,2,4,train
950,کار با این پویشگرها بسیار ساده است.,2,4,train
11421,LG nexus 4 بهترین انتخاب با قدرتی حیرت انگیز و خارق العاده.,2,4,train
8204,از این نگذریم که طبق ادعای گوپرو، عملکرد فیلم برداری آن در شرایط نوری ضعیف هم تا دو برابر بهتر است.,2,4,train
12310,من به دلیل کیفیت فیلم برداری بسیار خوبش و با توجه به این که 60 f/s هستش خیلی پسندیدم و میخوام بخرمش و به نظرم اگه بودجه ی کمی دارید و فیلم برداری با کیفیت اولویتتون هست حتما این مدل از سونی رو انتخاب کنید ولی اگه زوم بیشتر مد نظرتون هست مدل w690 رو مورد بررسی قرار بدید.,2,4,train
12623,فوق العادست این گوشی با این قیمت.,2,4,train
11271,من میخواستم nikon d3100 رو بخرم که با راهنمایی افراد حرفه ای پول قرض کردم و اینو گرفتم فقط اینو بگم که مفید ترین کار عمرم رو کردم کیفیت عالی و بینظیر فوکوسش در حالت دستی خیلی عالیه 13 تا حالت تصویر برداری داره و میتونین لنز های خوبی براش بخرین از نظر من حتی اگه مبتدی هستین و دوربین هم دستتون نگرفتین یا اینکه خیلی حرفه ای هستین بازم همینو بخرین.,2,4,train
8338,توی یک جمله فقط می‌تونم بگم که فوق‌العادست از همه لحاظ.,2,4,train
7327,پردازنده‌ی Corei7 که قدرتمندترین آن‌هاست، پردازنده‌ای ذاتا چهار هسته‌ای با توان تولید چهار هسته‌ی مجازی و کارکرد با مجموع هشت هسته است که عملکردی کم نظیری را ارائه می‌دهد.,2,4,train
11786,به نظر من که با توجه به قیمتش بهترین امکانات رو داره.,2,4,train
6959,صفحه نمایش بسیار قدرتمندی داره و شبکه های ارتباطیش بسیار خوب هستند.,2,4,train
7754,بهترین تبلتی که میتوان آن را خرید..,2,4,train
12724,کاملا عالی.,2,4,train
10040,کیفیت ساخت نیز بسیار خوب و رضایت بخش است.,2,4,train
9686,فوق العاده است، واقعا ارزش خرید رو داره!,2,4,train
9530,اپل باریک ترین گوشیه جهانه چون ضخیم ترین قسمت رو در نظر میگیرن و سایر گوشی ها مثل RAZR XT910 و .,2,4,train
6909,این گوشی غولیه واسه خودش ، عالیه کانفیگ بالا طراحی زیبا .,2,4,train
1909,قیمتش خیلی اومده پایین کاملا هم گوشی عالی هست.,2,4,train
637,فوق العادس .,2,4,train
11339,یک ویژگی مفید Auto Lighting Optimizer هم وجود دارد که از طریق دکمه‌ی Q قابل دسترسی است و برای تنظیم دقیق‌تر نوردهی کاملا کارآمد است.,2,4,train
6423,اگر قصد خرید هارد اکسترنال دارید وسترن دیجیتال و در مرحله بعد سیگیت بهترین گزینه هستند,2,4,train
473,خیلی سرعتش از رقبای اندرویدی بیشتره این گوشی از معماری بهینه شده krait استفاده میکنه که خیلی در مصرف و سرعت cpu موثره,2,4,train
1739,امنیت گوشی بسیار جالبه  با تشکر از دیجیکالا,2,4,train
699,سلام  من بعد از چند روزی جستجوی جدی برای پیدا کردن یه لپ تاپ 2 هفته قبل به صورت اینترنتی این لپ تاپ رو خریدم واقعا عالی پیشنهاد من به شما هم خریدن این لپ تاپ.,2,4,train
6280,من الان نزدیک دو هفته است که خریدم کاملا و کاملا ازش راضی ام.,2,4,train
490,صفحه نمایش این گوشی کیفیت بسیار خوب و راضی کننده ای داره که هیچ مشکلی حتی در زیر نور افتاب احساس نمی کنید.,2,4,train
10285,از XPERIA MINI بهتره از نظر LCD (بزرگ تره) دوربین مکالمه ویدئویی داره XPERIA MINIنداره صدای باند هاش خیلی بیشتره کلا از اون بهتره.,2,4,train
12450,با سلام خدمت همه ، با مقایسه بین گوشی های موجود در بازار این گوشی امکانات مشتری پسندی داره و مقاومتش در برابر آب ، اون رو خارق العاده کرده ، و منوی اون عین منو های سونی های قبله و دوربینش خوبه و فول HD هست و تفاوت خیلی کمی با ایکسپریا زد داره اون هم در صفحه نمایشه و شباهت زیادی از لحاظ شکل به arc & arc s داره و می توان گفت صفحه نمایش HD داره.,2,4,train
3207,ولی در کل نسبت به قیمتش یک تبلت فوق العاده ای هست، که تو 2012 از سامسونگ معرفی شده.,2,4,train
3298,یکی از نقاط قوت این دوربین توانایی ضبط صدای Dolby digital بسیار با کیفیت با کمک چهار میکروفون است.,2,4,train
10255,من این گوشی رو 3 ماهه گرفتم و خیلی ازش راضیم کیفیت تصویرش خوبه و کیفیت صداش هم عالیییه سی‌پیوش هم که یکه.,2,4,train
6361,همان طور که گفتیم کیفیت دید از زاویه‌ی آن فوق‌العاده است و با چرخاندن و نگاه کردن از زوایای تند تر هم کیفیت رنگ‌ها تغییر نمی‌کند.,2,4,train
120,بعد از آشنا شدن با تنظیمات دوربین و عکسهایی که گرفتم میتونم بگم با کمی دقت و یادگیری فنون عکاسی میشه عکسهای فوق العاده ای انداخت کیفیت فیلمش هم عالی بود برخلاف انتظار باطریش هم خوب بود دو ساعت باهاش کار کردم ولی باطریش هنوز تموم نشده دوربین جمع و جوریه و هیچ ایرادی نداره و پیشنهاد میکنم در خریدش شک نکنید.,2,4,train
8018,دستگیره نسبتا بزرگ است و آرگونومی‌خیلی خوبی را ارایه می‌دهد تا در دست به خوبی جای بگیرد.,2,4,train
7756,به نظر من به غیر از قیمت این محصول که تقریبا 50 دلار اضافی هست اپل تو هیچ چیزی کم نگذاشته.,2,4,train
8503,این کار فیلم برداری را برای شما بسیار سهل و آسان می‌سازد.,2,4,train
11127,اما در مورد دوربین اصلی دستگاه باید بگوییم که کیفیت عکس‌های قابل قبولی را ارائه می‌دهد و حتی در مقایسه با دیگر دوربین‌های 5 مگاپیکسلی به کار رفته در گوشی‌های هوشمند و تبلت ها نیز عملکرد مناسب‌تری را از آن شاهد بودیم که می‌توان آن را در بین برترین دوربین‌های قرار گرفته بر روی تبلت ها دانست.,2,4,train
8425,به روز رسانی: در تست هایی که انجام دادیم، کیفیت عکس های گرفته شده با این دوربین در سطحی واقعا عالی بود.,2,4,train
295,من این گوشی رو تقریبا 2 ماه است که خریدم گوشی بسیار عالی است .,2,4,train
4720,صفحه نمایش بسیار با کیفیت HD با تراکم پیکسلی 297 پیکسل 2.,2,4,train
2846,همچنین تراکم پیکسلی 326ppi این گوشی، در بین رقبای اندرویدی دو هسته ای خود بسیار عالی است.,2,4,train
9680,بسیار عالی هست، حتما می خرم.,2,4,train
12487,این گوشی دارای گواهینامه IPx5/7 می‌باشد که بالاترین گواهی تضمین مقاومت گوشی‌های موبایل در مقابل نفوذ آب می‌باشد.,2,4,train
7247,واقعا فوق العاده است!,2,4,train
8205,عملکرد عکاسی هم فوق العاده شده و با رزولوشن 12 مگاپیکسل، این دوربین می تواند با سرعت 30 فریم بر ثانیه عکاسی کند.,2,4,train
3235,قیمت ارزان این تبلت با توجه به امکانات فوق العاده من هیچکدوم از این ها رو ندارم فقط طبق تحقیقاتم میگم و قصد دارم نکسوس 7 بگیرم ..,2,4,train
9082,ولی به هر حال گوشی بسیار مناسب و خوبی است .,2,4,train
6656,در کل همانطور که گفتیم، M50 دوربین فیلم برداری بسیار خوب دیگری از کانن است که کاملا کوچک و سبک ساخته شده و در ضمن از امکانات و فن آوری‌های پیشرفته و خوبی بهره می‌برد.,2,4,train
11272,بهتره از همینجا بگیرین خیلی مطمئن تره,2,4,train
5725,در قلب Galaxy S II پردازنده‌ی بسیار قدرتمند ARM Cortex A9 با سرعت 1.2 گیگاهرتز قرار گرفته که در نوع خود فوق‌العاده است.,2,4,train
3332,یکی از زیباترین و حرفه‌ای ترین و از همه مهمتر خوشگلترین دوربینهایی است که تابحال دیدم.,2,4,train
2717,دور تا دور این دستگاه را یک لایه آلومینیومی قرمز رنگ فرا گرفته که بسیار زیبا و شکیل است.,2,4,train
6053,از همه نظر عالیه.,2,4,train
11751,امیدوارم بعد از خرید این گوشی خوش ساخت زیبا قدرت مند و به روز از داشتن اون مثل من لذت ببرید.,2,4,train
11570,بدون اغراق نیکون کولپیکس p510 درحال حاضر بهترین دوربین کامپکت دنیا است .,2,4,train
7778,جنس بدنه این تبلت کوچک نیز همانند تبلت های 9.7 اینچی ساخت اپل، تماما از آلومینیوم است و همین موضوع باعث می‌گردد که در این زمینه اپل مجددا بسیار موفق عمل نماید.,2,4,train
1334,من هدفون Beats دارم که وقتی به این ipod وصل کردم فقط میتونم بگم عالی !,2,4,train
10072,درست است که این نوع پردازنده ها به قدرتمندی پردازنده های با ولتاژ استاندارد نمی باشند، ولی در عوض گرمای کمتری تولید کرده و مصرف انرژی بسیار پایینتری نیز دارند.,2,4,train
7931,"دوربین عالی طوری این نکته هم که چند وقتیه توسط اکثر کاربرا مطرح شده راجب داغ کردن گوشیها که باید بگم این قضیه یه امر بسیار طبیعی برای گوشیهای 4هسته است""و اصلا داغ کردن به این معنیه که هر4هسته گوشیتون به اضافه تک هسته کمکی که در گوشیهای 4هسته برای انجام کارای ساده در گوشی هستش سالمن و خوب کار میکنن-البته بااین حال به نظرم نباید بیشتر از56درجه سلیسیوس باشه.",2,4,train
5535,جعبه گوشی فوق‌العاده جذاب و باز هم میگم در حد گوشی های کولکسیونی هست و بعد از باز کردن گوشی اولین چیزی که منو جذب خودش کرد گوشی 5 اینچی 4:3 ال جی فبلت بود که با صفحه نمایش متفاوتش حس خوبی به بیننده انتقال میده.,2,4,train
3346,سیستم صدا برداری دوربین جدید استریو است و با چهار میکروفون مجزا صدا را از محیط با کیفیت عالی ثبت می کند.,2,4,train
7653,ولی با معرفی این غول جدید و بی همتای کمپانی LG خیلی پشیمون شدم که چرا بیشتر صبر نکردم.,2,4,train
7523,از نظر طراحی و بدنه هم عالی است و در کل دستگاهی است که نیاز 80% مردم را پوشش می دهد .,2,4,train
770,من از کار کردن باهاش بسیار لذت بردم و امیدوارم شما هم لذت ببرید !,2,4,train
1454,نزدیک ترین فاصله‌ی فوکوس این لنز در مود ماکرو؛ 3 سانتی متر است که عالیست.,2,4,train
9454,امکانات عالی هم داره .,2,4,train
3938,من که خیلی راضیم.,2,4,train
12852,از نمایشگر لمسی که بگذریم، این پرینتر خیلی خوب و پر امکانات است.,2,4,train
6002,عکس های فوق العاده فلش عالی عکس 3 بعدی و فیلم برداری معرکه ای داره,2,4,train
7668,وقتی دوربین بر روی این مود است، کافی است که آن را به سوی سوژه نشانه بروید و دکمه‌ی شاتر را بفشارید تا تنظیمات بر روی بهترین حالت قرار گیرند و باکیفیت‌ترین عکس گرفته شود.,2,4,train
7276,البته خود میکروفون داخلی هم قدرت خیلی خوبی برای ضبط صدای محیطی دارد.,2,4,train
1492,دوربین بسیار شیک و جمع و جور و سبکی هست..,2,4,train
202,راستی باتری Ion هم علاوه بر صفحه بزرگ و بسیار با کیفیتش خیلی خوب جواب میده و اگه استفاده معمولی داشته باشید تا یه روز و نیم راحت جواب میده .,2,4,train
2209,این گوشی همانند اکثر گوشی‌های رده بالای این کمپانی، دارای بدنه یک پارچه پلی کربناتی است که کیفیت فوق‌العاده بالایی داشته و به کاهش وزن دستگاه کمک فراوانی کرده است.,2,4,train
8443,کیفیت سه بعدیش واقعا عالیه به هیچ وجه پرش یا ماتی تصویر نداره .,2,4,train
12317,خوش دستی 5.تنظیمات خودکار 6.کیفیت عکس های بینظیر 7.,2,4,train
2247,فوق العاده خوش دست و زیبا و مهمتر از همه القای یه حس خوب که یه گوشی گرون قیمت دستته 2.سرعت بالا در load همه برنامه ها 3.صفحه نمایش بینهایت زیبا و زاویه دید عالی 4.,2,4,train
781,به طور کلی زمان پاسخ دهی صفحه نمایش این گوشی مناسب است و زوایای دید بسیار خوبی نیز دارد.,2,4,train
555,کیفیت ساخت 4540s همانند مدل‌های سال‌های گذشته خانواده ProBook بسیار بالا بوده و بدنه با ضربات وارد شده طی مصارف روزانه، دچار خمش و یا پیچش نمی‌شود.,2,4,train
2932,در نهایت اگر به دنبال بهترین تبلت اندرویدی موجود در بازار هستید، بدون هیچ شک و تردیدی ASUS Transformer Pad Infinity بهترین و به عبارتی تنها انتخاب شما خواهد بود.,2,4,train
981,اما برگ برنده ی بزرگ P7700 لنز آن است.,2,4,train
8384,50x زوم پردازشگر digic5 همه چی عالیه,2,4,train
6699,"نمایشگر 3 اینچی 230,000 پیکسلی هم کیفیت کیفیت خیلی خوبی دارد و نسبتا بزرگ است.",2,4,train
1000,به روز رسانی: در تست هایی که انجام دادیم، کیفیت عکس های گرفته شده توسط این دوربین با توجه به سنسور تصویر نسبتا کوچکی که دارد واقعا عالیست.,2,4,train
4524,من که این گوشی رو دارم دقیقا برعکس حرف های شماست کیفیت صفحه نمایش عالی با تراکم پیکسلی بالای297 کیفیت ساخت عالی رابط کاربری خوب,2,4,train
12042,برندهای دیگه باهمین مشخصات رو زیر یک میلیون نمیتونی پیدا کنی فقط هواوی چون توی ایران هنوز بازارشو پیدا نکرده قیمتاش ارزونه و خریدنش به شدت بصرفه است.,2,4,train
12455,میشه گفت یه گوشی خیلی تاپ خواهد بود.,2,4,train
2898,این روشنایی فوق‌العاده به کاربران کمک خواهد کرد که حتی با وجود سطح براق صفحه نمایش، به راحتی با تبلت خود در فضاهای بیرونی و یا در زیر تابش مستقیم نور آفتاب کار کنند.,2,4,train
3978,من با hx100 کار کرده ام دوستانی که می گویند این دوربین با hx100 تفاوت چندانی ندارد باید به عرض شون برسانم که این دوربین یعنی hx200v از لحاظ کیفیت عکس دارای dpi 350 است که در نوع خود و در کلاس کامپکت ها عملکرد بسیار عالی به حساب می آید .,2,4,train
10648,من از دیجیکالا خریدم-در خرید این گوشی شک نکنید - واقعا گوشی خوبیه از هر لحاظ - کیفیت صفحه فوق العاده ای داره - مشکل زاویه دید به هیچ وجه نداره - بلندگو گوشی با کیفیت هست - به نظرم زیباترین گوشی جهان xperia tx هست.,2,4,train
8029,کانن SX40 HS دارای تمامی ویژگی‌های یک دوربین سوپرزوم فوق‌العاده می‌باشد.,2,4,train
5502,امکانات سخت‌افزاری و نرم‌افزاری عالی.,2,4,train
2926,جمع بندی صفحه نمایش با کیفیت، شفاف و روشن Infinity آن را به یک جانشین عالی برای Transformer Prime تبدیل کرده است.,2,4,train
9213,کیفیت فیلمبرداری نیز بسیار خوب است در صورتیکه زوم کامل و درستی انجام شده باشد کاملا زنده و شفاف میباشد.,2,4,train
2115,من آیفونم رو به قیمت کمتر فروختم و رفتم گالاکسی SIII خریدم چیزی فراتر از گوشی، یک دوست، همراه بدون محدودیت، و در کل بسیار راضی هستم از این انتخابم,2,4,train
6482,"من این هارد رو سه روز پیش سفارش دادم امروز رسید دستم سرعتش عالیه, نرم افزاری که روی خودش هست خیلی به کار میاد اگر به دنبال یه هارد همه چی تموم میگردین این عالیه شک نکنین.",2,4,train
12377,ولی فوکوس خودکار حتی در شرایط نوری ضعیف خیلی سریع صورت می‌گیرد و این به مدد سیستم جدید Sonic Speed AF است.,2,4,train
12375,سرعت روشن شدن و آماده شدن این دوربین برای عکاسی بسیار سریع و در حد 2 ثانیه است.,2,4,train
7217,سلام به نظر من بهترینه.,2,4,train
3575,وزن این دستگاه تقریبا 2.5 کیلوگرم بوده و برای یک لپ‌تاپ 15.6 اینچی بسیار مناسب است.,2,4,train
6380,از نظر ضبط ویدیویی، فیلم‌های ضبط شده بسیار شارپ و با کیفیت هستند.,2,4,train
6332,6: دوربین این گوشی در فیلم برداری واقعا عالی هست و کیفیت خوبی در فول اچ دی داره و دارای فوکوس اتومات در حین فیلمبرداری نیز هست که عالیه.,2,4,train
2535,کمینه ی فاصله ی کانونی لنز این دوربین 24 میلی متر است که باعث می شود در یک کادر بتوانید میدان دیدی کاملا گسترده را ثبت کنید.,2,4,train
12870,بعد از دیدن این گوشی خاطرات کار با 6300 برام تداعی شد کسایی که با این گوشی کار کرده باشند میفهمن چی میگم مشتاق به خریدش شدم و از خریدم راضی ام شباهت زیادی با 6300 داره ولی نسبت به اون بدنه شیک تر صفحه نمایش بزرگتر صدای با کیفیت تر باتری قویتر که اجازه مکالمه های طولانی رو به شما میده صفحه کلیدش هم نرم و روان هست البته دو سیم کارت بودنشم که نور علی نوره فقط نداشتن پورت برای وصل کردن به کامپیوتر یکی از نقاط ضعف ازار دهنده اون هست به کسایی که قصد خریدشو دارن پیشنهاد میکنم که یا سفید یا مشکیه این گوشی رو تهیه کنند به نظر من این رنگ ها زیباتر هستند,2,4,train
5231,من تا الان هیچ بدی ازش ندیدم که براتون بگم واقعا لپ تاپ عالیه توی خریدش اصلا شک نکنید مطمئن باشید که هر نیازی داشته باشید از یه لپ تاب .,2,4,train
10828,حالت عکس تمام نما یا پانوراما حالت بسیار جالبی است که در این دوربین ارزان قیمت در دسترس است.,2,4,train
6061,کیفیت چاپ اولیه که حرف نداره.,2,4,train
11506,این صفحه نمایش، همان صفحه فوق‌العاده ایست که LG بر روی گوشی Optimus G نیز استفاده کرده بود و به جرات می‌توان گفت که یکی از بهترین و با کیفیت‌ترین صفحات نمایش موجود بر روی گوشی‌های هوشمند است.,2,4,train
10244,و cpu 1 ghz هم محشرتره.,2,4,train
5855,من خریدمش واقعا راضی هستم امکاناتش واقعا عالی هست.,2,4,train
8046,خطای رنگی بنفش نیز در عکس‌های گرفته شده نسبت به آن چه که در دوربین SX30 IS می‌دیدیم بسیار کمتر است.,2,4,train
11610,این دوربین به طرز خیلی عالی توانایی کنترل خطای رنگی را دارد به طوری که فقط مقدار خیلی کمی خطای رنگی بنفش در مناطق پر کنتراست به چشم می‌خورد.,2,4,train
149,به نظر من که واقعا عالیست هم کیفیت عکس و هم فیلمبرداری مطمئن باشید که از خریدش پشیمان نمیشوید,2,4,train
12418,کیفیت دوربین جزو چند دوربین برتر بازار قرار میگیره گوشی به خوبی در دست جای میگیره و کار کردن باهاش بسیار لذت بخشه از لحاظ نرم افزار همون موقع خرید به صورت فکتوری آندروید ۴.,2,4,train
9204,اما نسبت به حسگر و پردازندش DIGIC 5 خیلی‌خوش بینم چون تجربشون رو تو دوربین‌های دیگه canon دیدم.,2,4,train
7797,شاید اگر مورد به مورد این سخت افزار را با رقبای 7 اینچی خود مقایسه کنید، بر روی کاغذ برتری با Nexus 7 باشد، اما میدانید که عملکرد محصولات کمپانی اپل به لطف وجود سیستم عامل فوق‌العاده آن، کاملا برتر از همرده های بسیار قدرتمند تر از خود است.,2,4,train
1821,من این گوشی رو چند روزی میشه خریداری کردم فوق العادست .,2,4,train
5650,البته این میزان بسیار ناچیز است و GALAXY Tab 2 10.1 همچنان به عنوان یک تبلت بسیار باریک و زیبا شناخته شده است و در دست نگه داشتن آن بسیار راحت و لذت بخش است.,2,4,train
940,برخی کمپانی ها با تولید اسکنرهای بسیار کوچک که تحت عنوان اسکنرهای دستی به بازار معرفی شدند توانستند کمک بسیار شایانی به افراد مختلف بکنند.,2,4,train
9903,حافظه بسیار بالا برای نصب نرم افزار و بازی و مالتی مدیا و .,2,4,train
180,من خودم اهنگ های زیادی روش امتحان کردم ولی اصلا خش و خش نکرد و عالی بود.,2,4,train
9802,WX170 مجهز به نمایشگر 3 اینچی با کیفیت بسیار بالای 921000 نقطه است و این در حالیست که WX100 نمایشگر 2.7 اینچی 460000 نقطه ای دارد.,2,4,train
651,واقعا لپ تاپ فوق العاده ای هستش منم یه هفته پیش این لپ تاپ رو از دیجی کالا تهیه کردم و روش ویندوز 8 ریختم و تمام درایور های لازم رو از خود سایت اچ پی دانلود و نصب کردم و هیچ درایور نصب نشده ای الان ندارم حتی فینگر پرینت و orination sensor هم درست کار میکنند و تو این یه هفته ای که این لب تاب دستمه هیچ کندی و داغ کردنی ازش ندیدم حتی موقعی که باهاش فیلم اچ دی هم نگاه می کنم هیچ باد گرمی از فن این لب تاب خارج نمیشه  با تشکر,2,4,train
3750,گوشی واقعا خوش‌دست و سریعیه.,2,4,train
6420,من این هارد رو دارم عالیه حرف نداره وقتی به کامپیوتر وصل میشه انگار فلش وصل کردی سه سوت میاد بالا اصلاهم سرعت کامپیوتر کم نمی شه بقیه هارد هایی که دیدم فقط یه ساعت طول می کشه بیاد بالا,2,4,train
9195,به صرفه ترین دوربین DSLR با کیفیت عالی عکسها و قیمتی بسیار عالی.,2,4,train
10701,•صفحه نمایش صفحه نمایش 4.5 اینچی Xperia TX دارای دقت 720x1280 است که تراکم پیکسلی بسیار بالای 323ppi را ارائه می‌دهد.,2,4,train
8640,این گوشی یک مدل تک سیم کارته هم داره (مدل LG Optimus L7 II)، اون مدل هم زیباتره و هم قیمتش مناسبتره.,2,4,train
11022,cpu و ram فوق العاده ای داره .,2,4,train
7950,کافیست که آن را به سوی سوژه نشانه بروید و دکمه‌ی شاتر را بفشارید تا دوربین به صورت خودکار بهترین و با کیفیت ترین عکس را تهیه کند.,2,4,train
1321,در نگاه اول، بدنه آلومینیومی براق آن، تنوع رنگ زیاد، طراحی زیبا، آرم اپل پشت آن و همچنین دکمه های ساده ای که به زیبایی روی آن قرار گرفته اند جلب نظر می کند.,2,4,train
12181,سیستم فوکوس داخلی دارد، به صورتی که در هنگام فوکوس هیچ تغییری در طول انجام نمی گیرد و البته از همه مهم تر، در فوکوس خودکار کاملا سریع و کم سر و صدا است تا کاملا مناسب فوکوس خودکار در هنگام فیلم برداری به کمک سنسورهای فوکوس خودکار Phase Detection قرار گرفته بر روی سنسور تصویر باشد.,2,4,train
11716,گوشی خیلی خوبیه و با کارایی بسیار,2,4,train
11251,این دوربین فلاش Pgr-up هم دارد که بردی برابر 7.1 متر را ارائه می‌دهد و بسیار قدرتمند است.,2,4,train
5885,تمامه سریالامو با فیلمام توش میبینم کیفیت تصویرشم که فوق‌العادست.,2,4,train
4300,حتی سنگین‌ترین بازی‌های HD نظیر Infinity Blade نیز کاملا روان و بی نقص اجرا شدند.,2,4,train
5701,با در نظر گرفتن تجهیزات سخت‌افزاری قدرتمندی که درون بدنه جای گرفته، بدنه‌ی باریک Galaxy S II در نوع خود یک شاهکار مهندسی محسوب می‌شود.,2,4,train
11078,قبل از اینکه ویدئوی این تبلت رو تماشا کنم فکر میکردم این تبلت در مقابل ایسوس ترانسفورمر و نیو آیپد حرفی برای گفتن نخواهد داشت اما حالا با کمی اغراق اعتراف میکنم بهترین تبلتیه که تاحالا دیدم,2,4,train
7507,و با توجه به قیمتش یک پیشنهاد عالی مخصوصا برای مهندسین هست.,2,4,train
1809,بهترین گوشی بازاره!,2,4,train
4375,به نظر من این همان ایفون 5 میباشد به شکلی خیلی زیباتر، شکیل تر و باریکتر و تمام امکاناتی رو که ایفون 5 داره اینم داره تنها از سیم کارت پشتیبانی نمیکنه البته میشه با یه دستگاه جی میت مکالمه اونم فعال کرد و یک گزینه خیلی خوبی هست برای کسانی که هزینه خرید ایفون 5 رو ندارن البته هنوز معلوم نیست قیمت اون چقدره.,2,4,train
2630,باید بگم نسبت به تست هایی که کردم خیلی خوب جواب داد در مورد فیلم برداریش باید گفت بد نیست و قابلیت این رو داره که از یک گردش و یا یک مراسم خانگی فیلم یادگاری بردارید اما در مورد عکس :باید گفت کیفیت عکسش نسبت به قیمتش خیلی خوبه چون الان اگر بخوای دوربینی با این کیفیت بخری (در مارک های دیگر مثل کنون ) باید بیشتر خرج کنی عکس هایی که به صورت آتلیه ای میگیره خیلی خوبه و رزولوشن بالایی داره عکس های طبیعتش هم خوبه و قابل تعریفه ولی مثل تمام دوربین های دیجیتال عکس های شبانه اش خیلی خوب نیست و یکی از اساسی ترین مشکل هایی که داره لنز ثابتش هست که قابل تعویض نیست ولی لنز خودش کفایت میکنه چون اولا اصلاح شده است و ثانیا زوم خیلی خوبی داره کیفیت رنگش هم خیلی خوبه و عکس های درستی میگیره و باید گفت جثه کوچک اون خیلی به نفع عکاسه چون همه جا جا میشه,2,4,train
2467,برای اونایی که گوشی های بزرگ رو دوست دارن، بهترین گوشیه!,2,4,train
4518,در ضمن از لحاظ لمس هم بسیار عالی عمل میکنه و اصلا قابل مقایسه با C7 دوستم نیست.,2,4,train
5783,این گوشی هم زیبا و هم قدرتمند با آپدیت شدن به آخرین نسخه آندروید نشون داد که سامسونگ کاملا از محبوبیت این گوشی در بین مردم دنیا آگاهه و میدونه که Galaxy S II نه تنها قدیمی نشده بلکه این گوشی همچنان رقیبی سر‌سخت برای سایر گوشی هایه هوشمنده موجود در بازار هستش.,2,4,train
12978,هرچند که کیفیت متن کمی پایین تر از حد انتظار بود ولی کیفیت چاپ گرافیک و عکس واقعا جزو بهترین های پرینترهای جوهر افشان چند کاره در این رده ی قیمتی است.,2,4,train
4760,من یه فیلمبردار هستم با دوربین های حرفه ای کار کردم این دوربین بااین کوچیکیش میتوونه با حرفه ای ها مقابله کنه حرف نداره اگه یه پایه حرفه ای داشته باشید واسه خودش غولیه,2,4,train
488,تجربه من بعد از داشته یک هفته ای این گوشی وقتی که برای بار اول گوشی در دست میگیرید کاملا متوجه کیفیت ساخت عالی و خوش دست بودن اون میشید.,2,4,train
2799,بدین معنی که وقتی آن را بر روی مود Smart Auto می‌گذارید، تبدیل به یک دوربین کاملا خودکار می‌شود، کافی است که آن را به سوی سوژه نشانه بروید و دکمه‌ی شاتر را بفشارید تا بهترین و با کیفیت‌ترین عکس گرفته شود.,2,4,train
3156,کاملا ازش راضی هستم .,2,4,train
9928,مطمئنا پس از یک سال و نیم همچنان یکی از با کیفیت‌ترین پنل‌های موجود بر روی گوشی‌های تلفن همراه می‌باشد.,2,4,train
10573,علاوه بر ظاهر دستگاه، می‌توان پیشرفت‌های بسیاری نیز در کیفیت ساخت G585 نسبت به G575 دید.,2,4,train
132,با توجه به لنز واید 25 میلی متری که بر روی این دوربین ها قرار گرفته، می توانید مطمئن باشید که در هر کادر می توان میدان دید گسترده ای را ثبت کرد تا بنابراین این دوربین کاملا مناسب عکاسی از منظره هم باشد.,2,4,train
9345,فلاش بالا جهنده با برد 5 متر نیز گزینه ی خیلی خوبی برای عکاسی از سوژه ها در شرایط تاریکی می باشد.,2,4,train
12289,فیلم برداری فول اچ دی: صحبت کردن در این مورد بسیار سخت است باید خودتون تجربه کرده باشید که باور کنید تصویر بسیار زنده و با کیفیت واقعا برای باور اول غیر قابل باور است عکس برداری: عکس برداری این مدل نیز عالی است و حرف های زیادی برای گفتن دارد.,2,4,train
4939,بازی آنلاین عالی با XboxLive .,2,4,train
10721,فیلم‌برداری Xperia TX نیز شرایط یکسانی دارد و بسیار خوب است.,2,4,train
12217,من رنگ سفیدش رو خریدم خیلی زیباست علاوه بر این یکی از پرسرعت ترین هاردهای بازاره و گارانتی خیلی خوبی هم داره.,2,4,train
8878,ارزش خرید خیلی بالایی داره,2,4,train
3123,همان‌طور که انتظار داشتیم، مرورگری اینترنت با GALAXY Tab 2 7.0 بسیار لذت بخش است.,2,4,train
5444,باطری هم بستگی به استفاده داره من خودم 2 روز 1بار شارژ میکنم و بنظرم باطریش مناسبه در ضمن کیفیت صفحه هم عالیه و عملکردش زیر نور آفتاب فوق‌العاده است برعکس خیلی از گوشی های دیگه,2,4,train
7382,البته قسمت استراحت مچ نیز همواره خنک است.,2,4,train
9579,بعد متوجه میشید که اپل چه غولی رو داده بیرون !,2,4,train
12303,با این قیمت یه دوربین از برند sony اونم Full HD - سرعت 60 فریم بر ثانیه واقعا عالیه,2,4,train
3622,پردازش فلز به کار رفته در این محصول با بخار منیزیم باعث مقاومت بیشتر آن گردیده و در کمال استحکام، لطافت بسیاری دارد که به کاربر حس خوبی را از در دست گرفتن آن می‌دهد و لذت کار با آن را نیز بیشتر می‌نماید.,2,4,train
573,این تاچ پد که از نوع مالتی تاچ می‌باشد، کاملا حساس و پاسخگو است و عملکردی عالی را از خود به نمایش می‌گذارد.,2,4,train
7769,با تشکر از سایت محبوب و پر تلاش دیجی کالا این محصول بهترین گزینه برای دانشجویان و اساتید در رشته های مختلف هستش، به ویژه که آی بوکش تقویت شده.,2,4,train
3401,HTC Windows Phone 8X گوشی بسیار قدرتمندیست که با طراحی زیبا و رنگ‌های جذاب خود و جنس پلی کربناتی بدنه که طبق رسم HTC از بهترین مواد تشکیل شده است، با معرفی توسط این کمپانی، توجه بسیاری را به سوی خود جلب نمود.,2,4,train
494,بعد از بازکردن بسته این گوشی، اولین چیزی که جلب توجه کرد، کیفیت ساخت این گوشی بود که بسیار فراتر از حد انتظار بود.,2,4,train
5868,در آخر باید بگم Samsung Galexy S II یک گوشی ماندگار و قدرتمند هست و یکی از بهترین گوشی‌های اندروید حال حاضر موجود در بازار.,2,4,train
7256,در حال حاضر بالاترین سخت افزار ارائه شده در گوشی های موبایل ، در این گوشی و یه مدل از اچ تی سی و سونی هست.,2,4,train
1464,264 را نیز دارد که عالیست.,2,4,train
2269,این گوشی خیلی فوق العاده است من منتظرم تا مدله one x plus بیاد تا اونو بخرم,2,4,train
11782,گوشی بسیار عالیه خیلی خوبه اونم با این قیمت!,2,4,train
5758,سرعت عکس‌برداری و فیلم‌برداری هم فوق‌العاده است.,2,4,train
7513,عالیه اگه الان ساعت 12 شب نبود خریدشو نمینداختم فردا.,2,4,train
8891,من یه ساله که این دوربینو دارم یه مشکلی که دیدم اگر برای افراد فیلمبرداری مهمه یکم تو فیلما لرزش احساس می شه و اصلا با یه دوربین فیلمبرداری قابل مقایسه نیست ولی عکسش عالی علیه.,2,4,train
2791,این لنز فوق‌العاده سریع است.,2,4,train
2744,با وجود این سخت افزار شاهد عملکرد بسیار خوب و روان دستگاه و واکنش سریع آن به دستورات خواهید بود.,2,4,train
12137,به هر صورت همانطور که گفتیم اگر از توانایی زوم 14 برابر بگذریم، L610 تقریبا بهترین دوربین سری L نیکون می باشد.,2,4,train
3284,برای مثال مدل 15.6 اینچی که از پردازنده Core i3 و کارت گرافیک مجزای GeForce GT 520MX استفاده می‌کند، در تست مرورگری اینترنت از طریق Wi-Fi و روشنایی صفحه متوسط، توانست بیش از 6 ساعت شارژ دهی کند که میزان بسیار خوبیست.,2,4,train
6993,بهترین تو دنیا,2,4,train
6481,همش خیلی عالیه,2,4,train
12964,اول اینکه 1 سوپرایز هنگامی که برای اولین بار روشن کردم برام به وجود اومد و این بود که دوستان در دی جی کالا در قسمت مشخصات کلی این پرینتر با دارا بودن wi fi اون اشاره نکرده بودن اما وقتی روشن کردم دیدم WI-FIهم داره کلی خوشحال شدم .,2,4,train
3693,بیشتر قسمت‌های بدنه‌ی آن هم از مواد قابل بازیافت بسیار عالی ساخته شده‌اند.,2,4,train
8821,"سلام من هم از طریق همین سایت با این دوربین اشنا شدم دوربین در مقایسه با قیمتش واقعا عالیه 1-طراحی خوب بدنه دوربین موقع دست گرفتن دوربین واقعا حس خوبی به ادم میده 2-زوم دوربین واقعا عالیه لرزشگیر دوربین هم خیلی کارش رو خوب انجام میده من قبلا فوجی تی 300 داشتم موقع عکس گرفتن از ماه عکسهای خوبی میگرفت ولی حتما با استفاده از سه پایه ولی این دوربین نمیدونم به خاطر شکل ارگونومی خوب که داره هست یا لرزشگیرش نسبت به t300بهتره بدون استفاده از سه پایه عکسهای خوبی میگیره بدون کمترین نویز زومش هم بقدری هست که چاله های روی ماه رو میشه دید 3-داشتن مودهای m,s,a,p این دوربین رو تبدیل به یک دوربین نیمه حرفه عالی کرده 4-فلش با برد 7متر تو این رده قیمت فکر نکنم تو برند دیگه ای اصلا پیدا بشه 5- داشتن چشمی جدا از حس داشتن یک دوربین حرفه ای در کاهش مصرف باطری واقعا عالیه 6-عکس برداری پی در پی خوبی داره دوربین قبلیم فقط تا سه عکس پشت سر هم میگرفت اما موقعی که این دوربین رو روی عکسبرداری پی در پی تنظیم کردم واقعا لذت بردم از خریدی که انجام دادم دوستان یکی از مشکلاتش رو نداشتن نشانگر باطری عنوان کردن که به نظر من زیاد مهم نیست چون شما میتونین با اولین شارژ باطری های دوربین تعداد عکسهای گرفته شده رو ببینیدو در شارژهای بعدی روی تقریبا همین تعداد عکس و زمان فیلمبرداری حساب کنید با تشکر از سایت خوب دیجی کالا که با معرفی و نقد خوب محصولات توسط کارشناسان و مصرف کنندگان در انتخاب محصول خوب به من کمک کرده اند",2,4,train
13081,این امکان آخری بسیار کارآمد و خوب می باشد و برای دیدن و خواندن راحت تر به کار می آید.,2,4,train
11547,واقعا دوربین بسیار بسیار خوبیه .,2,4,train
2871,در کل، با قیمت پایین‌تر نسبت به مدل‌های مشابه، این گوشی یک گوشی مقرون به صرفه با ارزش خرید بالا به شمار می‌آید.,2,4,train
6453,من تازه این هاردو خریدم واقعا پرسرعته و حرف نداره.,2,4,train
4485,طراحی این گوشی بسیار زیبا و خوش دست بوده و به دلیل وزن بسیار سبکی که دارد، نگه داشتن آن در دست بسیار لذت بخش است.,2,4,train
11170,واقعا عالیه چه از لحاظ قیمت و چه از لحاظ کارایی در حد مطلوبی!,2,4,train
12432,سلام گوشی خیلی خیلی خوبیه.,2,4,train
12595,به نظر من که عالیه من که خیلی راضیم ولی خیلی از صفحه کیبوردش استفاده نمیشه,2,4,train
11131,این‌ها مواردیست که باعث می‌گردد Note 10.1 به بهترین انتخاب برای طراحان و گرافیست‌ها تبدیل گردد.,2,4,train
1376,زوایای دید این صفحه نمایش واقعا عالیست به طوری که حتی اگر از بالا یا پایین به صفحه نمایش نگاه کنید، هیچ‌گونه تغییر خاصی در کیفیت صفحه نمایش مشاهده نخواهید کرد.,2,4,train
5997,دوربین های سونی واقعا عالیه مخصوصا این مدل,2,4,train
9603,این گوشی قویترینه حالا می بینید!,2,4,train
12318,کیفیت ساخت بالا 8.,2,4,train
11889,چنین نمایشگرهایی فقط به لمس نوک انگشت حساس می‌باشند و حساسیت بسیار بالاتری نسبت به نمایشگرهای مقاومتی را ارائه می‌دهند.,2,4,train
4088,ولی اگر می‌خواهید با آن موزیک گوش دهید می‌توانید برای حدود 50 ساعت با خیال راحت روی باتری آن حساب کنید که عملکردی فوق‌العاده محسوب می‌گردد.,2,4,train
8436,خیلی تلویزیون خوبیه من بیشتر کار با وای فای دارم عالیه از نظر من بهترینه,2,4,train
6801,بدنه ی این دوربین کاملا خوش ساخت درست شده و در رنگ های مختلفی نیز تولید شده است تا باب طبع سلیقه های مختلف باشد.,2,4,train
993,در قسمت بالای این دوربین نیز فلش بالا جهنده ای قرار گرفته است که خیلی قدرتمند است و بردی در حد 10 متر دارد.,2,4,train
4652,در مورد طراحیش باید بگم که خیلی عالی و قشنگه.,2,4,train
5317,در کنار تمامی محاسن عالی این تبلت (پردازش عالی-داغ نکردن-صفحه نمایش عالی-سخت افزار عالی-قیمت مناسب و ..,2,4,train
6412,بسیار از محصولات این شرکت راضی هستم,2,4,train
169,بدنه خارجی فلزی آن، کیفیت ساخت فوق العاده بالای آن را مشخص می کند و حتی با وجود بزرگ بودن گوشی، به لطف منحنی موجود در پشت آن و وزن مناسب آن، به راحتی در دست جای میگیرد و حس خوبی را به شما القا می کند.,2,4,train
5781,بعد از این آپدیت بسیار کار‌کردن با این گوشی لذت‌بخش‌تر از گذشته شد چرا که احساس میکنم گوشی قدرتمند‌تر از گذشته عمل میکنه و هم اینکه محیط این نسخه از آندروید فوق‌العاده کاربردی‌تر و جذاب‌تر شده و هم چنین بسیاری از امکانات Galaxy S III هم به بهش اضافه شده.,2,4,train
715,راجع به سخت افزارش بگم گرافیکش عالیه حتی واسه کارای سنگین.,2,4,train
8504,سیستم تصویر برداری این دوربین بسیار جالب است.,2,4,train
3664,مشخصه‌های بسیار کارآمد و امکان ضبط بر روی هارد 30 گیگابایتی یا کارت‌های حافظه SD از دیگر ویژگی‌های این دوربین به شمار می‌روند.,2,4,train
2340,من هم قبول دارم که بهترین گوشی هست.,2,4,train
7166,برای همین این دستگاه رو خریدم که هم موبایلم رو به بهترین آپگرید کنم، هم یکی از بهترین تبلت ها رو داشته باشم!,2,4,train
3554,واقعا با زیاد شدن رم این گوشی یکی از بهترین گوشیهای هوشمند در حال حاضر جهانه.,2,4,train
9709,واقعا با این قدرت و امکانات ارزش خرید داره,2,4,train
12784,اصلا اغراق نیست که بگیم آیفون ٤ یکه تاز بی همتا در بین همه فون هاست.,2,4,train
11175,canon بهترین کار رو کرد که سعی‌کرده full frame ارزان قیمتی رو به بازار بده که مسلما خیلی‌مورد توجه قرار میگیره و فروش خوبی خواهد داشت!,2,4,train
7073,خیلی قویه..,2,4,train
2851,در تست‌های انجام شده، این گوشی بدون هیچ مشکلی بازی‌های HD را نیز اجرا کرد و تقریبا می‌توان گفت که در اجرای تمامی برنامه‌ها، بسیار روان عمل نمود.,2,4,train
420,حسگر CMOS کیفیت خیلی بهتری داره و از نظر باطری خیلی کم مصرف تر هست  به نظر من که کیفیت عکس و فیلمش فوق العاده هست .,2,4,train
7126,این ویجت هم اکنون به نهایت خود رسیده است و کاربر را محو خود می‌نماید.,2,4,train
12212,طراحی بسیار جالبی داره ، دارای سرعت انتقال عالی ، نرم‌افزارهای کارامد و پشتیبانی از یو اس بی 3 هست و این امکانات در کنار گارانتی سازگار می تونه تضمین کننده کیفیت این هارد باشه ..,2,4,train
2844,رزولوشن 1280×720 پیکسلی این صفحه نمایش باعث می‌گردد که متن‌ها در آن بسیار واضح و خوانا به نمایش درآیند.,2,4,train
6966,برید کلیپ های این گوشی رو ببینید واقعا شگفت انگیزه!,2,4,train
11466,همه چیزش عالیه!,2,4,train
6059,خیلی عالی  خیلی باکیفیت خیلی سریع,2,4,train
6459,من این هاردو نخریدم اما دوستم داره و خیلی ازش راضی هستیم.,2,4,train
10304,شیک و خوش‌استایل(من رنگ مشکی شو گرفتم خیلی خوش‌ترکیبه).,2,4,train
6025,متون در فونت های معمولی و استاندارد 10 تا 12 کاملا شارپ و با رنگ مشکی عمیق هستند.,2,4,train
6274,اجرای بازی عالی اجرای برنامه عالی آنتن دهی عالی از همه لحاظ راضیتون می کنه .,2,4,train
4673,صفحه ی بسیار با کیفیت.,2,4,train
2765,یک تبلت 10 اینچی با کیفیت ساخت فوق‌العاده خوب، 32 گیگابایت حافظه داخلی، سخت افزار بسیار قدرتمند، دوربین‌های جلو و پشت با کیفیت و البته استاندارد مقاومت در برابر آب و ضربه مسلما تبلت ارزشمندی محسوب می‌گردد.,2,4,train
5665,برنامه های تدوین عکس و ویدئویی که سامسونگ بر روی این تبلت قرار داده است بسیار کامل است و با محیط ساده ای که دارند، بسیار مناسب کاربران مبتدی هستند.,2,4,train
5470,7- قابلیت Quick memo اش واقعا جالبه و با دکمه ای که بالای فبلت هست، واقعا کاربردی میشه.,2,4,train
7916,پی اس ویتا بهترین کیفیت صفحه‌نمایش در تمام دستگاه های قابل حمل جهان حتی بالاتر از رتینای آیفون 5.,2,4,train
6879,ولی این گوشیم هم باطریش خوبه هم سرعتش فوق العادست هم قیافه و جنس بدنه اش عالیه.,2,4,train
12440,بی نظیره,2,4,train
6466,سلام ، من این هارد رو یکماه پیش خریدم خیلی ظریفه ولی گارانتی خیلی خوبی داره از گارانتی اون مطمئن باشید چون از دستم افتاد و سازگار یک دستگاه نو به من داد.,2,4,train
12646,سلام با توجه به قیمت و امکاناتی که داره نسبت به گوشی های هم رده خود ؛گوشی بسیار با کیفیتی است درب آن بسیار نرم باز میشود واقعا لق نمی زنه دوربینه خوبی داره,2,4,train
11869,این نسخه تا به این تاریخ آخرین نسخه‌ی آندروید می‌باشد که به بازار عرضه شده و یک سیستم عامل فوق‌العاده قدرتمند و حرفه‌ای است که روز به روز فراگیر‌تر می‌شود.,2,4,train
8435,سلام تلویزیون خیلی خوبیه ولی واقعا متاسفم که باید یه تلویزیون خارجی رو انتخاب کنم..,2,4,train
3280,از لحاظ پردازش گرافیکی نیز، این لپ‌تاپ‌ها تنوع فوق‌العاده بالایی دارند و می‌توان در کانفیگ های مختلف از پردازشگرهای گرافیکی Intel GMA HD تا کارت گرافیک‌های مستقل قوی‌تر NVIDIA GeForce دید.,2,4,train
3830,با عینک‌های 3 بعدی سامسونگ می‌توانید تصاویر خارق‌العاده 3 بعدی را با دقت فول اچ دی تماشا 1080p نمایید.,2,4,train
10323,از لحاظ طراحی، Live with Walkman کمپانی Sony Ericsson ظاهر بسیار زیبا و به اصطلاح جوان‌پسندی دارد.,2,4,train
7391,در این بخش شما امکاناتی برابر با دستبند fuel nike خواهید داشت که از تمامی اطلاعات حرکتی شما در طول شبانه روز اطلاعات جمع آوری و در بخش fitness اطلاعات بسیار جالبی به شما ارایه خواهد داد .,2,4,train
3161,با این امکانات نسبت به قیمتش عالیه درسته که nexus7 سخت افزار بالاتری داره ولی همین GPRS که P3100 داره توی ایران که همه جا WiFi نداریم خیلی بدرد بخوره تازه اگه بخوایم از امکان مکالمه و SMS اون چشم پوشی کنیم,2,4,train
9702,بهترین اسمارت فون جهان,2,4,train
137,این دوربین ها مجهز به نمایشگر 2.7 اینچی 230000 پیکسلی می باشند که برای دوربین هایی در این سطح کاربری و قیمت کاملا مناسب هستند.,2,4,train
728,دوستان این مدل علاوه بر زیبایی منحصر بفرد و مات بودن صفحش که خیلی مناسب برای کار زیر نور آفتابه ، واقعا قدرت بالایی تو پردازش نرم افزارهای مهندسی داره ، واسه گیم هم که عالیه فقط توصیم اینه که برای مواقعی که میخواین گیم بازی کنین حتما از یه کول پد مناسب استفاده کنین ؛ اگه میخواید عمر لپ تاپتون هم زیاد باشه بیشتر از 2 ساعت مداوم از گرافیکش کار نکشید .,2,4,train
3539,فیلم‌برداری این گوشی نیز همانند عکس‌برداری آن بسیار عالیست.,2,4,train
2590,اول باید از دیجی کالا به خاطر ارسال بسیار سریع و با کیفیت تشکر کنم، بسته بندی کالا و نشان شبنم هم که روش بود خیالمو در مورد کیفیتش راحت کرد دوربین بسیار خوبیه، تنظیمات مختلف و زیادی داره، برای شرایط مختلف هم تنظیم متفاوتی داره، بسیار خوشدست و خوشگله، حس عکاس حرفه‌ای بودن رو میده!,2,4,train
11411,در کل عالیه به نظرم .,2,4,train
12412,در کل راضیم ازش و اصلا هنگ تو کارش نیست و دوربینشم عالی و تو هر شرایطی خوب عکس می گیره.,2,4,train
8011,مطمئن هستم وقتی قدرت زومش رو ببینید شیفته اش میشید.,2,4,train
12388,در تست‌هایی که انجام دادیم، کیفیت عکس‌های گرفته شده توسط TZ-18 در سطح خیلی خوبی قرار دارد.,2,4,train
1338,یک پلیر بی نظیر که واقعا ارزش خریدشو داره.,2,4,train
8553,ازش کاملا راضیم.,2,4,train
6322,به نظرم بهترین دو سیم کارته بازاره !,2,4,train
7727,"با اینکه سخت افزار هر دو دستگاه برابر هست ولی به راحتی میتونم بگم دستگاهی که به ios مجهزه حداقل هشت برابر بهتر,سریعتر,و قدرتمندتر کار میکنه.",2,4,train
11425,سلام من دیشب این گوشی رو خریدم حرف نداره دیشب تا صبح نخوابیدم و باهاش ور رفتم عاااالیه صفحه نمایش بسیار با کیفیت سی پی یو قوی تنها ایرادش نخوردن کارت حافظه است که عیبی نداره به نظر من گوشیه خاصیه دست هیچ کس نیست,2,4,train
12295,کیفیت فیلم برداریش خیلی عالیه.,2,4,train
2525,خیلی لپ تاپ خوبیه بهتون پیشنهاد می کنم که بخرید من ازش دارم و راضی هستم,2,4,train
11395,بی نهایت روونه ، کیفیت دوربین خوبه، فیلبرداری عالیه، هیچ لگی هم نداره,2,4,train
9310,سرعت فوکوس خودکار آن نیز چه در مود Live view و هنگام فیلم برداری و چه غیر از آن فوق العاده و مثال زدنی است.,2,4,train
11174,بسیار عالی‌!,2,4,train
10501,گوشی زیباوقوی.,2,4,train
1824,بهترین گوشی از لحاظ کیفیت ساخت و سخت افزار و سیستم عامل-واقعا معرکه است.,2,4,train
11722,من 1سال میشه این گوشی رو خریدم واقعا که حرف نداره و اگه دوربینش 8 بود با این قیمت از اس 3 هم بهتر بود اندرویدش 4.0.4 میشه مزایا: فیلم برداری HDو دوربین 5مگاپیکسل واقعی پردازنده1000 قیمت عالی نسبت به امکانات کوچیک و جمع و جور صفحه ضد خش و تاچ قوی در کل بهترین گوشیه,2,4,train
11400,صفحه نمایش عالی هست .,2,4,train
4419,قابلیت هایی مانند USB Host، گواهی PlayStation و همچنین قابلیت های مالتی مدیای خاص آن، این تبلت را به یکی از بهترین تبلت های هانی کامبی موجود در بازار تبدیل کرده است.,2,4,train
11944,تاچ گوشی بسیار روان که احساس خوبی به ادم دست میده.,2,4,train
2620,چند نکته: چند قابلیت خیلی خوب داره از جمله تشخیص پلک زدن  تشخیص لبخند و چهره بسیار قوی و ..,2,4,train
6028,این برای پرینت تک رنگ گرافیک ها کاملا مفید می‌باشد.,2,4,train
2700,سرعت عکاسی پیاپی هم با 6 فریم بر ثانیه تا 40 عکس JPEG و 10 عکس RAW خیلی عالیست و بیشتر از دوربین های DSLR سطح مبتدی است.,2,4,train
6807,این دوربین مجهز به لنز 25-200 میلی متر با توانایی زوم 8 برابر است که کمینه ی نسبت کانونی f/3.3 را ارائه می کند و کاملا خوب است.,2,4,train
8339,با آمدن SX50 در دنیای سوپر زومها بقیه رقبا هیچ حرفی واسه گفتن ندارن واقعا لنگه نداره تو رده خودش عالیه هم فیلمبرداریش هم عکاسی حتی در شرایط نوری ضعیف .,2,4,train
470,خیلی خوشگل و جذابه,2,4,train
4974,اتصال به ویندوز مدیا سنتر با رابط بسیار زیبا .,2,4,train
7221,قیمتش واقعا به صرفه است!,2,4,train
2682,همانطور که گفتیم این عملکرد برای دوربینی با سنسور تصویر APS-C فوق العاده است و کیفیتی در حد دوربین های DSLR دارد.,2,4,train
145,همه جا میتونی ازش استفاده کنی مخصوصا اگه جاهای تفریحی یا توی مراسمی کسی بخواد  عکس یا فیلم یادگاری داشته باشه واقعا این دوربین یه پیشنهاد عالی هست چون با توجه به اندازه کوچیکش واقعا کیفیتش عالیه .,2,4,train
5548,در خصوص سخت افزار گوشی باید بگم پردازشگر چهارهسته ای قدرتمند Nvidia بسیار عالی جواب میده و سرعت عکس العمل گوشی در شرایط مختلف در حد مطلوب هستش البته اگر سیستم عامل اندروید و قابلیت استفاده از منابع رو در نظر داشته باشیم باید گفت که پردازشگر 4 هسته ای و 2 هسته ای تقریبا در یک رده هستند ولی باز هم آفرین به این سخت افزار.,2,4,train
6026,این کیفیت برای استفاده هایی که p1102 بدان منظور ساخته شده کاملا کافی می‌باشد.,2,4,train
10160,در کل گوشی خوبیه و همیشه برای کسایی که دوست دارن یه گوشی خوب و قوی و کوچیک داشته باشن، کاملا مناسبه,2,4,train
11843,به هر حال گوشی بسیار خوبیه حتی اگه قیمتش هم بشه بالای 400 هزار تومان باز هم ارزش خرید رو داره.,2,4,train
12672,همسرم مهندس IT هست و تقریبا با همه امکانات گوشی کار کرده و به نظرش بی نظیره.,2,4,train
2182,سیستم عامل:سیستم عامل iPhone OS یا همون i OS بی نظیره در حد دیگر رقبا بی نظیره حالا که ورژن 6 این سیستم عامل در این گجت وجود دارد میتوان گفت واقعا ارزشمند است و رقیب ندارد!,2,4,train
12503,فیلم‌برداری Xperia V نیز شرایط یکسانی دارد و بسیار خوب است.,2,4,train
13078,مرورگر Safari را می توان بهترین مرورگر وب برای دستگاه های کوچکی چون پخش کننده های موسیقی دانست.,2,4,train
7772,باز هم عالیه.,2,4,train
11861,نزدیک دوماه میشه این گوشیرو خریدم واقعیتش بنظر ما این گوشی نسبت به امکاناتش مثل صفحه نمایش بسیار شفاف و تاچ خیلی عالیش و فیلمبرداری اچ دی و سیستم عامل اندروید بسیار حرفه ایش و شکل و شمایل خوبش و جمع وجور بودنش باید بالای 500 هزارتومان میشد من بعنوان یک شخص واقعا علاقمند به گوشی اینو به همه پیشنهاد میکنم .,2,4,train
480,وای عجب گوشی هستش من ازش خوشم اومده حتما یکی ازش میخرم هم ارزونه هم اینکه همه جور امکاناتی داره خیلی هم خوشگله,2,4,train
540,نسبت به قیمتش عالیه.,2,4,train
3865,فقط در همین حد اشاره می‌کنیم که علاوه بر فن آوری هایی که در این دوربین به کار رفته، از نظر طراحی نیز یکی از بهترین‌ها می‌باشد.,2,4,train
10417,در این حالت کمینه‌ی نسبت کانونی نیز f/3.1 است که برای عکاسی در شرایط نوری ضعیف تر بسیار خوب است.,2,4,train
9665,گوشی واقعا زیبایی است.,2,4,train
10112,به هر صورت همانطور که گفتیم، G2710 برای استفاده های چند منظوره ی خانگی و دفاتر کار کوچک، و همچنین علاقه مندان به عکاسی و کسانی که می خواهند عکس های آنالوگ خود را به دیجیتال تبدیل کنند اسکنر خیلی خوبی است.,2,4,train
9140,همچنین وزن این دستگاه نیز 114 گرم است که بسیار مناسب است.,2,4,train
7993,من که خیلی راضی هستم,2,4,train
9101,ولی این یک هفته ای که Desire V رو گرفتم واقعا از کار کردن باهاش لذت می برم.,2,4,train
9623,واقعا انتظاراتو برآورده کرده.,2,4,train
2751,فقط فوجیتسو قالب آن‌را منطبق بر طراحی بدنه تغییر داده است که انصافا تغییر بسیار زیبا و مفیدی بوده است.,2,4,train
9212,از این مورد که بگذریم کیفیت عکسها بسیار عالی است و با وجود پردازنده جدید DIGIC5 کاملا مشهود است.,2,4,train
10213,واقعا گوشی خوبیه.,2,4,train
6813,htc butterfly به معنای واقعی یک گوشی سطح بالاست و میتونه هر کاربری حتی حرفه ای ها رو راضی کنه .,2,4,train
4337,من شخصا آیپاد تاچ نسل چهار دارم که دستگاهی واقعا شگفت انگیزه..,2,4,train
8268,حرفه‌ای ترین مود عکاسی که بر روی این دوربین ارایه می‌شود و بیشترین اختیارات در تنظیمات نوردهی را به کاربر می‌دهد مود Program است.,2,4,train
12471,این گوشی به لطف پردازنده ی دو هسته ای نسل جدید ، باتری بهتر و طراحی فوق العاده و همچنین ضد آب و ضد ضربه بودن دارای اقبال زیادی در فروش خواهد بود و سونی موبایل نشان داد که در زمینه ی اسمارت فون هر روز قدرتمند تر عمل می کند .,2,4,train
5185,کیفیت تصویر همه بازیها هم تاحالا عالی بوده.,2,4,train
40,فضای کمی اشغال میکند و به دلیل سه کاره بودن خیلی از دست آن راضی خواهید بود و سرعت خوبی هم دارد برای نصب هم نیاز به سی دی ندارید و در مدت زمان کمی نصب میشه.,2,4,train
3116,این پردازنده همان مدلیست که در گوشی Galaxy Nexus نیز استفاده شده است و پردازنده فوق العاده قدرتمندیست.,2,4,train
9501,کیفیت تصویرش هم نسبت به 4s واقعا بالاتره.,2,4,train
1411,واقعا محشره,2,4,train
5973,نمایشگر بسیار با کیفیت می‌باشد و کادر بندی و تماشای عکس‌ها از طریق آن بسیار لذت بخش است.,2,4,train
9453,خیلی کوچیک و جمع و جوره .,2,4,train
4399,به کمک این سخت افزار قدرمند، محیط کاربری بسیار روان است، هیچگونه کاهش سرعت و یا به اصطلاح Lagی در آن مشاهده نکردیم.,2,4,train
9034,در ضمن کمینه‌ی نسبت کانونی f/2.7 را ارائه می‌دهد که باعث می‌شود 245 HS تبدیل به یک لنز بسیار سریع شود.,2,4,train
3643,اما با وجود استفاده مایکروسافت از پنل Touch و LCD در یک لایه، دید در زاویه و همچنین عملکرد این صفحه نمایش در زیر نور آفتاب، بسیار عالی و راضی کننده خواهد بود.,2,4,train
12097,سرعت شاتر هم کاملا قابل کنترل است.,2,4,train
3635,در کل، باید بگوییم که طراحی این تبلت از طراحی تبلت ها تا به امروز که یا از پلاستیک و یا از آلومینیوم بودند متفاوت می‌باشد و یک نوآوری توسط مایکروسافت محسوب می‌گردد که بسیار دوست داشتنی است.,2,4,train
344,در زیر دستگاه، دو بلندگوی استریو تعبیه شده‌اند که صدای بسیار خوبی را تولید می‌کنند.,2,4,train
11020,واقعا تبلت محشریه چه از لحاظ استایل و چه از لحاظ سرعت.,2,4,train
2797,حساسیت سنسور نیز تا 3200 بالا می‌رود که خیلی خوب است.,2,4,train
11233,به هر صورت باید گفت که 6D خبر خیلی خوشحال کننده ای برای کسانی است که دوست دارند یک DSLR فول فریم باز هم ارزان قیمت تر داشته باشند.,2,4,train
7535,در قسمت پشت این دوربین نیز نمایشگر 2.7 اینچی 230000 پیکسلی قرار گرفته که برای این دوربین خیلی خوب و مناسب است.,2,4,train
2151,تجربه ی شخصی ام نشان می دهد که اگر چه گالکسی اس تری گوشی محبوب و خوبی هست ولی آیفون واقعا چیز دیگری است و از لحاظ سهولت کاربری نرم افزار ios و گستره بی نظیر نرم افزارهای مرتبط و امکاناتی مانند پیام رسانی ، سرچ در دفترچه تلفن و کلیه محتویات و نوت های ایجاد شده و کتب الکترونیکی ، سهولت تماس، قابلیت بسیار آسان در وبگردی و کپی برداری از صفحات وب ، آیفون برنده ی بی رقیب میدان است.,2,4,train
12374,"نمایشگر 3 اینچی نیز کیفیت 230,000 پیکسل را ارایه می‌کند که خیلی خوب است.",2,4,train
562,کیفیت تصاویر تولید شده شفاف و رنگ‌ها نیز کاملا طبیعی و زنده هستند.,2,4,train
9983,فیلم‌برداری هم مثل عکاسی کیفیتی کاملا عالی دارد.,2,4,train
10170,درآخر باید اعتراف کنم که سی‌پی‌یو اون تحت هیچ شرایطی کم نمیاره.,2,4,train
5219,این اسپیکرها به راحتی می‌توانند صدایی با کیفیت تر و بلندتر از متوسط نوت‌بوک‌ها‌ی همرده تولید کنند.,2,4,train
10964,اینترنت فوق العادست خیلی روان و از فلش پشتیبانی میکنه.,2,4,train
10839,خیلی مناسب.,2,4,train
9612,"از لحاظ کار کردن و سرعت فوق العادست اما پیش از انتشار, کلیپ هایی از ایفون 5 دیده شد که امکانات فوق العاده ای رو نشون میداد مثل کیبورد مجازی یا افتادن تصویر در خارج گوشی و ..",2,4,train
2070,بهترین نسخه سیستم عامل در کنار بهترین سخت افزار .,2,4,train
10164,از این بهتر نمیشه,2,4,train
3165,من 2 ماه که این تبلت رو از دیجی کالا خریدم و در این رنج قیمت بهترین تبلت.,2,4,train
8197,اما نسخه ی Black یا مشکی از همه جذاب تر است، این دوربین توانایی فیلم برداری 4K را ارائه می دهد!,2,4,train
3070,سرعت اجرا بسیار بالا است و مصرف باتری نیز مناسب است.,2,4,train
3358,زیباترین و خوش‌دست ترین و چابک‌ترین و جذاب ترین و ..,2,4,train
3191,با دو بلندگوی با کیفیت و استریو لذت موسیقی رو حس کنید اندروید استفاده شده هم به خوبی از زبان فارسی پشتیبانی می کنه و من تا به حال ندیدم هنگ کنه و سرعت قابل ملاحضه ای داره البته نسخه 4.1 هم برای این تبلت آماده شده و هم اکنون نسخه ی هند اون منتشر شده که با نصب اون سرعت دستگاه بالاتر هم میرود از نظر کارهای پردازشی و رم و سی پی یو مطمئن باشید از پس همه چیز به خوبی برمیاد و کمبودی احساس نمیشه جالب ترین چیزی که توجه منو به خودش جلب کرد جی پی اس اونه که فوق العاده قوی عمل می کنه در کمتر از 10 ثانیه وصل میشه و حتی از داخل خونه و سقف پوشیده هم با دقت بالایی عمل می کنه و نیاز نیست که حتما در محیط باز باشید.,2,4,train
5778,گوشی بسیار خوبی هستش مخصوصا اینکه آپدیت هم براش اومده و همونطور که دوستان گفتن بعد از آپدیت هم سطح گوشی‌های مطرح بهتر میشه,2,4,train
5360,از نظر کیفیت تصویر، صدا، سخت افزار و سرعت پردازش اطلاعات عملکرد بسیار عالی دارد.,2,4,train
2995,من امروز این تبلتو از دیجی کالا خریدم من قبلا هم با new ipad کار کردم از نظر دوربین این تبلت فوق العاده است و اصلا دوربین ایپد با این قابل مقایسه نیست از نظر پردازنده این تبلت هیچ کندی نداره و همه چی روونه ایپد هم مثل همین و اما صفحه نمایش من که لذت بردم ، هیچ صفحه نمایشی حتی به گرد پاش هم نمی رسه حتی ایپد هم نمی تونه به روشنایی و کیفیت فوق العاده این برسه من قبلا با ایپد کار کردم ولی الان که با این کار می کنم اصلا ایپد با این قابل مقایسه نیست.,2,4,train
1732,ولی وقتی که iPhone 5 رو خریدم اصلا نمیتونم با گوشیهای اندرویدی کار کنم واقعا که حرف نداره .,2,4,train
7787,در کل، جنس بدنه این تبلت را بی اغراق برترین در بین 7 اینچی‌ها می‌دانیم.,2,4,train
3555,سامسونگ و ال‌جی همیشه بهترینن.,2,4,train
5336,پردازنده چهار هسته ای قدرتمند و سخت افزار بسیار خوب در تبلتی ارزون..,2,4,train
2619,من فارق التحصیل گرافیکم امروز بعد از سالهای سال حس عکاسی بهم دست داد فوق العاده ست هم کیفیتش هم شکلش هم قیمتش پرفکت نامبروان دیجی کالا متشکریم.,2,4,train
3573,لولاها و چارچوب لپ‌تاپ بسیار مقاوم ساخته شده و به راحتی می‌توانند ضربات کوچک ایجاد شده، مصارف روزمره را تحمل کرده و دچار خمش یا پیچش نخواهند شد.,2,4,train
7400,سلام بالاخره منم گرفتمش فقط میتوم بگم فوق العاده س اسم باتری اش چهار سلولی هستش ولی راحت هفت ساعت الی هشت ساعت شارژ نگه میداره الانم با اون اومدم نت خیلی شیک و جذاب و با سرعت زیاد و .,2,4,train
7150,"من 1 هفته قبل عید این هارد رو از digikala خریدم قبل خرید از هر فروشنده ای سوال کردم , گفتن : اول وسترن نشد سیگیت ( البته از نظر سرعت ) بعد با بخش مشاوره برای فروش digikala تماس گرفتم ایشون هم گفتن از نظر سرعت وسترن عالیه حالا که من حدود 1 ماهه دارمش از نظر خودم عالیه ( سرعت ( فوق العاده ) اندازه و کیفیت و وزن ( مناسب) امنیت و زیبایی ( عالی ) فقط ضد آب نیست.",2,4,train
10961,از لحاظ سرعت عالیه با وجود سی پی یو 4 هسته ای و 2 گیگابایت رم.,2,4,train
786,این میزان قدرت سخت افزاری برای گوشی در این رده بسیار مناسب است و موجب عملکرد روان و سریع آن در حین انجام کار های مختلف می‌شود.,2,4,train
8020,این دوربین از لنز بسیار عالی 24-840 میلی‌متری بهره می‌برد.,2,4,train
11556,حالت های اتوماتیک و از پیش تنظیم شده بسیار زیاد و متنوعی داره.,2,4,train
2814,سنسور تصویر 16 مگا پیکسلی به شما کمک می‌کند که جزئیات را خیلی دقیق ثبت کنید و لنز فوق‌العاده‌ی 25 میلی متری آن که کمینه‌ی نسبت کانونی f/2.5 را ارائه می‌دهد نیز بسیار عالیست.,2,4,train
4650,یه نکته ای رو که فراموش کرددم بگم این بود که کیفیت صفحش واقعا عالیه.,2,4,train
3846,با فیلم های بسیار جالبی که دیجی کالا از نحوه کار با این دستگاه تهیه شده، دیگه هیچ شکی باقی نمی مونه که این تلویزیون یکی از محبوب‌ترین کالاهای صوتی و تصویری دنیاست .,2,4,train
7273,این چشمی رزولوشن 260000 پیکسل را ارائه می دهد که رزولوشن خیلی بالا و خوبیست.,2,4,train
9024,ظاهر این دوربین کاملا کلاسیک است و کاملا در کف دست هم جای می‌شود.,2,4,train
7284,دوربین خوبیه عکس های که باهاش گرفتم خیلی خوبه امادر فیلم برداری سوژه رو چند لحظه گم می کنه وبعداز چند ثانیه فوکس می کنه اما در عکس گرفتن می تونم بگم بی نظیره.,2,4,train
7240,خیلی شگفت انگیزه!,2,4,train
6069,کیفیت چاپ اول خیلی عالیه.,2,4,train
12091,من الان یه ماهی دارمش ازش خیلی راضیم عالیه فقط اگه یه مقدار دوربینش عالی بود بهتر می شد,2,4,train
4381,به محض در دست گرفتن این تبلت، اولین چیزی که توجه شما را به خود جلب خواهد کرد، طراحی منحصر به فرد آن است.,2,4,train
3189,با سلام نسبت به دو مدله قبلی عالیه به دوستان پیشنهاد میدم از سایت دیجی کالا خرید کنن چون قیمتا خوب میفروشن و مطمئنه,2,4,train
8919,فیلمبرداری فوق العاده و عکس های واضح و با نویز کم شما رو شگفت زده میکنه.,2,4,train
5442,گوشی فوق‌العاده‌ایه .,2,4,train
376,این دوربین با ابعادی کاملا مستطیلی شکل ساخته شده و همانند دیگر دوربین‌های سری Ixus بسیار استایلیش و زیبا می‌باشد.,2,4,train
1741,گوشی فوق العاده خوب با سرعت پردازش بسیار بالا مخصوصا برای کسانی مثل من که همیشه با اینترنت و ایمیل سروکار دارند.,2,4,train
12664,سلام به همه دوستان من حدود 1 ماهی میشه که این گوشی رو خریدم در یک کلمه میتونم بگم عالی,2,4,train
7207,سلام دوستان، چند ماهی هست که منتظر پدفون 2 بودم، همه چیزش محشره، دانشجوی ارشدم یعنی همیشه کلی مقاله و کتاب به صورت pdf دارم که بخونم، کدنویسی میکنم و One note و Excel و Power point جز جدانشدنی ام هستن.,2,4,train
6295,واقعا گوشی خوب و عالی هست من خریدم امروز  کیفیت دوربین و فیلمبرداری واقعا عالیه ..,2,4,train
12786,خیلی خیلی عالیه من خریدمش واقعا بی نظیره هم از لحاظ کیفت تصویر و هم از نظر وضوح و شفافیت خیلی عالیه کیفیتش واقعا عالیه من که ازش خیلی خیلی راضیم حرف نداره,2,4,train
3984,"در نهایت بخاطر کیفیت فیلم‌برداری بهتر دوربین سونی ، نمایشگر بزرگتر و بسیار با کیفیت‌تر اون و اینکه به روزتر و پیشرفته‌تره و امکانات بیشتری داره و همچنین بخاطر شکل ظاهر بهتر دوربین سونی , این دوربین رو خریدم.",2,4,train
7639,به نظر من عالیه .,2,4,train
7974,اگر قصد خرید این دوربین رو دارید ، شک نکنید ، این دوربین یکی از سوپرزوم ها دوربین هاست و زوم فوق العاده ای داره .,2,4,train
7678,با سلام من یه دونه اش را دارم خیلی ازش راضی ام کیفیت فوق العاده ای داره روی سیستم که میریزم کیفیتش مشخص میشه باطری فوق العاده ای هم داره,2,4,train
7692,سلام خیلی به درد میخوره.,2,4,train
7885,بعد از باز کردن قفل صفحه نمایش، با تصویر پس زمینه متحرک معروف ایسوس که بر روی دیگر تبلت های آن نیز وجود دارد مواجه می‌شوید که واقعا زیبا و دوست داشتنی است.,2,4,train
4983,در ضمن به نظر من بهترین مدل این کنسول هم Elite هستش چون با داشتن یک هارد قوی می تونید بازی ها رو ، روی اون نصب کنید تا در حین بازی هم سرعت لود بالا بره و هم دستگاه اذیت نشه همچنین این دستگاه لوازم جانبی بسیار خوبی هم داره که احتیاجات کاربران را حل میکنه .,2,4,train
6810,در کل همانطور که گفتیم، Z3000 دوربین کامپکت بسیار خوبیست که امکانات خیلی خوبی را ارائه می دهد.,2,4,train
7917,این محصول شگفت‌انگیز است.,2,4,train
7246,واقعا عالیه از دیدنش شگفت زده شدم,2,4,train
4721,دوربین 8 مگا پیکسلی واقعی ((من واقعا ازش راضیم))3.قدرت پردازشی بسیار عالی در برابر قیمت4.زیبایی بیش از حد آن5.قابلیت آپدیت به اندروید((4.0.4)) ازطریق نرم افزار SONY Update Service6.,2,4,train
9498,دوربینش فوق العاده.,2,4,train
3271,در پایین کیبورد، تاچ پد بزرگ دستگاه قرار دارد که از کیفیت و حساسیت بسیار بالایی برخوردار است.,2,4,train
12001,واقعا عالی بود و اصلا عملکردش تو سایتای سنگین کند نشد.,2,4,train
5229,من این لپ تاپ رو نزدیک یک سال هست که دارم خیلی عالیه از نظر قدرت سخت افزاری که فوق العادست من به بازی های سنگین و با گرافیک علاقه دارم که توی این لب تاپ همش جواب میده بدون اندکی کاهش سرعت!,2,4,train
3544,به علاوه، سامسونگ قابلیت‌های بسیار جالبی (مانند Smart Stay، Direct Call و S Voice) به سیستم عامل اندروید اضافه کرده است که تا به امروز بر روی هیچ گوشی اندرویدی دیگری مشاهده نکرده بودیم.,2,4,train
1023,اما یک ویژگی بسیار خوب که بین آن‌ها مشترک می‌باشد، گیرنده‌ی داخلی GPS است.,2,4,train
8341,بعد از کلی تحقیق sx50 رو خریدم ، دوربین خیلی خوبیه (شاید هم تلسکوپه خوبیه)، فوکوس0 سانتی متر عالیه ، کیفیت عکس و فیلم برداریش هم خیلی خوبه(حرف نداره البته نه در مقایسه با دوربینای حرفه ای ) .,2,4,train
1934,بهترین گوشی حال حاضر دنیاست.,2,4,train
6379,عکس‌های 8 مگاپیکسلی فوق‌العاده شارپ و با کیفیت هستند.,2,4,train
485,اگه از هنگ های اندروید خسته شدید و هوس کردید یه گوشی خوش قیافه، پر دوام و بسیار خوش دست رو همراه داشته باشید که کارای اساسی اسمارت فون ها رو انجام می ده - و البته برنامه های کمتری نسبت به اندروید داره - این لومیای جذاب رو بخرید.,2,4,train
11700,در کل تو خریدش شک نکنید در این رنج قیمتی بهترینه.,2,4,train
6266,ضمنا 95 درصد امکانات نرم افزاری SIII و نوت 2 در این گوشی وجود داره و در این رنج قیمت عالیه.,2,4,train
4027,رینگ قرار گرفته روی لنز دوربین خیلی کاربردیست و خیلی راحت میشه دوربین رو کنترل کرد.,2,4,train
34,این پرینتر فوق العاده است.,2,4,train
4972,قابلیت های مولتی مدیا ۳۶۰ خیلی خوب هستند مثل اتصال به ویندوز برای اجرای فیلم .,2,4,train
10679,سرعت و روانی گوشی واقعا خیره کنندست و کار باهاش لذت بخشه.,2,4,train
4333,بسیار عالی است تا قبل از این آیپاد یک آیفون بدون سیم کارت نبود اما الان تبدیل شده به یک آیفون 5 بدون سیم کارت پس با قیمت دلاری صد در صد ارزش خریدن را دارد .,2,4,train
3610,در نهایت اگر جزو کسانی هستید که به دنبال یک لپ‌تاپ خوب و مناسب برای انجام کلیه کارهای روزانه هستید و تمایل ندارید که هزینه زیادی پرداخت کنید، Acer Aspire E1-531 یک انتخاب بسیار خوب محسوب می‌شود.,2,4,train
2611,همه چیزش خوبه و نسبت به قیمتش واقعا عالی هست عکس های خوبی میگیره سریع هست حس عکاسی حرفه ای رو به کاربرش میده.,2,4,train
7460,اگر ویدیوها را در سایزهای کوچک و بر روی کامپیوتر مشاهده کنید و یا اینکه فیلم برداری کلوزآپ انجام دهید، ویدیوها خیلی خوب به نظر می‌رسند.,2,4,train
8551,فیلمش عالی نیست ولی خوبه بعد عکسشم نویز نداره ویدئو HD و Full HD رو به راحتی بدون هیچ مشکلی پخش میکنه 4 کلید خازنی پایین گوشی مثله شب نما عمل میکنن و نیاز به چراغ ندارن سرعت گوشی عالیه قفل تشخیص چهره مثله اس تیری و بقیه گوشی هایی که آندوید 4 دارن داره بلندی صدای عالی و کیفیت صدای فوق العاده باطریش فوق العاده و خوب شارژ نگهداره کیفیت صفحه نمایشش فوق العاده هست به نظر من تنها مشکلش فیلمشه ولی اونم خیلی بهتر از گوشی های نوکیا و سامسونگ و سونی اریکسون همرده هست.,2,4,train
8318,با اینکه One X از صفحه نمایش غول آسای 4.7 اینچی استفاده می‌برد، تنها 130 گرم وزن دارد.,2,4,train
12663,من این گوشیو به تازگی از این سایت خریدم و خیلی راضی بودم با تشکر از digikala,2,4,train
12395,این دوربین لنز بسیار خوبی دارد که می‌تواند میدان دید خیلی باز تا بزرگنمایی‌های خیلی زیاد را پوشش دهد.,2,4,train
6134,به نظر من که پدیده ی فوق العاده ای هستش و از Ps3 خیلی بهتره.,2,4,train
771,اما یادتون باشه که همیشه یه بهترینی بهتر از بهترین هست اما تو این رنج قیمت اینی که روبروتونه بهترینه !,2,4,train
12191,همچنین 100D از این مزیت بهره می برد که می توانید از همه ی لنزهای کانن بدون استفاده از آداپتور M Mount بر روی آن استفاده کنید.,2,4,train
12548,تا جایی که به ویدیو مربوط می‌شود ضبط 720p HD واقعا عالی بود.,2,4,train
2711,بی دلیل نیست که سایت دیجی کالا عنوان خوش عکس ترین دوربین سال را به این اعجوبه داده است.,2,4,train
9108,گوشی فوق العاده ای است,2,4,train
135,بدین ترتیب که برای عکاسی با آن ها کافیست که دوربین را به سوی سوژه نشانه بروید و دکمه ی شاتر را بفشارید تا مناسب ترین و با کیفیت ترین عکس گرفته شود.,2,4,train
9141,طراحی انحنا دار و بدنه پلاستیکی این گوشی موجب می‌شود تا در دست گرفتن و کار کردن با آن بسیار راحت باشد.,2,4,train
1332,بجز این هیچ mp3 player ای نخرین چون اپل بهترینه.,2,4,train
6416,شک نکنید که با این وضع بهترینه 3 هفته پیش خریدم اگر دنبال هارد هستید زمان رو از دست ندید,2,4,train
8021,این لنز در فاصله‌ی کانونی 24 میلی‌متر بسیار واید می‌باشد و به راحتی می‌تواند میدان دید بسیار گسترده‌ای را پوشش دهد تا به راحتی بتوانید در یک کادر عکس یک چشم‌انداز گسترده‌ی طبیعی را بگیرید.,2,4,train
2338,من مدت هاست4sدارم، واقعا اینکه میگن مشتریان اپل بهش وفادارند راسته، من دیگه هرکاری میکنم نمیتونم از آیفونم جدا بشم، قدرت، کیفیت ساخت بدنه، صفحه نمایش بی نظیر، سیستم عامل بی رقیب، هیجان اپلیکیشنهای فوق العاده و.,2,4,train
52,گوشی بسیار زیبا و مدگرا میباشد,2,4,train
6064,من هم حدود 5ماه هست که دارم برای کاربرد خانگی عالی هست,2,4,train
9656,بازم یه شاهکاره دیگه از اپل,2,4,train
1277,این گوشی رو از همین سایت به عنوان هدیه خریدم گوشی خوش ظاهر و خوش دستی هستش پاسخ دهی تاچش خوبه اندازه خیلی مناسبی داره و واقعا کاربردیه قیمتشم خیلی خوبه,2,4,train
6445,فقط میتونم بگم فوق العاده ست.,2,4,train
10062,عملکرد خود تاچ پد و کلیدهای پایین آن بسیار خوب و رضایت بخش می باشد.,2,4,train
1840,گوشی فوق العاده سریع.,2,4,train
8062,البته انقلابی که می‌توان آن را بیشتر به مدد سنسور تصویر جدید و پیشرفته‌ای دانست که باعث شده کیفیت تصویر تا حد چشمگیری بالا برود و در ضمن قابلیت ضبط ویدیویی Full HD و عکاسی با سرعت 10 فریم بر ثانیه هم امکان‌پذیر شوند.,2,4,train
8175,همانطور که گفتیم، Hero 3 جدیدترین و بهترین هایی هستند که تا به حال به بازار آمده اند و به جرئت بهترین دوربین های ورزشی حساب می شوند.,2,4,train
3700,مرورگر اینترنت آن هم بسیار عالیست و پیشرفت بسیار خوبی نسبت به نسخه‌های پیشین داشته و همچنین از محتوای Flash هم پشتیبانی می‌کند.,2,4,train
1347,برای ریختن آهنگ به دستگاه یه برنامه داره که خیلی راحت نصب میشه آهنگای مورد علاقتونو اونجا انتخاب میکنین و به محظ اینکه دستگاه به رایانه وصل میکنید خودکار شروع به انتقال میکنه خیلی برنامه جالبیه.,2,4,train
10643,گوشی عالیه من خودم تا چند روز دیگه میخوام بخرم تو خریدش شک نکنین,2,4,train
9250,بدین ترتیب سرعت و دقت فوکوس خودکار در هنگام فیلم برداری فوق العاده بالا می رود.,2,4,train
2529,سلام خیلی خوبه بخرین.,2,4,train
5733,پاسخگویی عمومی گوشی واقعا مثال‌زدنی ست.,2,4,train
10900,سخت افزارشم کم نظیر وقدرتمنده.,2,4,train
10753,البته از محسنات این دوربین سونی میشه به لنز وایدتر، ارگونومی و شکل زیباتر، فیلمبرداری کماکان عالی ، نمایشگر باکیفیت ، عکس های شارپ و کیفیت ساخت بالای سونی اشاره کرد.,2,4,train
1780,به نظر من بهترین گوشی دنیا هست,2,4,train
9021,در کل به جز ایراداتی که در بعضی موارد مانند بالا آمدن فلاش به هنگام روشن شدن و نداشتن دکمه‌ی فیزیکی مستقیم Delete برای پاک کردن عکس‌ها به آن وارد است، دوربین Canon SX230 HS یکی از بهترین و کامل‌ترین دوربین‌های کامپکتی است که تا به حال دیده‌ایم.,2,4,train
12609,از هر نظر عالیه رنگ نقره بسیار شیک میباشد خیلی خوش دسته.,2,4,train
11640,بازی های HD رو هم خیلی خوب اجرا میکنه.,2,4,train
3654,با استفاده عادی از آن مانند مرورگری اینترنت، تماشای ویدئو، کار با آفیس، بازی و یا گوش دادن به موزیک، چیزی حدود یک روز این تبلت شارژدهی می‌کند که عملکرد بسیار مناسبیست.,2,4,train
3947,کیفیت تصاویرش خیلی خوبه.,2,4,train
12381,اما سرعت عکاسی پیاپی این دوربین فوق‌العاده است به طوری که توانایی عکاسی پیاپی با سرعت 10 فریم بر ثانیه در رزولوشن کامل را دارد.,2,4,train
8598,واسه گوشیهای اسمارت بهترین اولویت انتخاب باتری میتونه باشه خیلی گوشی زیبا و شکیلی هستش از نظر طراحی و همچنین فکر نمیکردم صفحه نمایشش اینقدر با کیفیت باشه این گوشی تو این رنج قیمت بهترین گوشی دوسیم کارته هستش,2,4,train
12320,بسیار قدرتمند ------------------------ از نقاط ضعفش هم میشه گفت: 1.به حالت کلی نقطه ضعفی نداره ------------------------ اما در مقایسه با دوربین کانن مدل sx-130 که داداشم داره میشه گفت که عکس های برابری دارن اما توی فیلم برداری این مدل سونی به لطف فیلم برداری فول اچ دی به مراتب کیفیت بهتری داره، ضمن اینکه به لحاظ طراحی هم این مدل سونی بسیار سرتر هست.,2,4,train
6230,همانند عکس‌های گرفته شده، کیفیت فیلمبرداری این گوشی نیز بسیار خوب و رضایت بخش است.,2,4,train
5712,در عوض همه‌ی کنترل‌های لمسی و غیر لمسی ارگونومی بسیار خوبی دارند و عملکردشان کاملا راضی‌کننده است.,2,4,train
108,به هر صورت همان‌طور که گفتیم، F660 دوربین کامپکت سوپر زوم بسیار خوبیست که از ویژگی‌ها و فن آوری های خیلی پیشرفته و خوبی بهره می‌برد.,2,4,train
10809,تجربه مشاهده خود را با کیفیت برتر تصویر ارتقا بخشیدلذت مشاهده را با کیفیت برتر تصویر ارتقا داده و تجربه بسیار واقعی‌تر و واضح‌تر و جذاب‌تری از سرگرمی‌داشته باشید.,2,4,train
12874,خود من روزانه 200 پیامک ارسال میکنم و موقع خرید همش این تو ذهنم بود و دلم رو میزد ولی وقتی دستم گرفتم دیدم بازخورد دکمه هاش واقعا خوب و راحته صدای آنچنانی هم نداره و اصلا روی اعصاب نیست.,2,4,train
6623,منوها خیلی استاندارد می‌باشند و پیش از این شبیه به آن را بر روی دوربین های فیلم برداری پیشین کانن هم دیده بودیم.,2,4,train
8660,این کارایی با این قیمت بسیار عالی است.,2,4,train
8890,GPS روی این دوربین واقعا عالیه,2,4,train
2138,قدرت پردازنده عالی٤.,2,4,train
12617,کارهای سنگینی از گوشی کشیدم تا ببینم چقدر تحمل داره ولی تا حالا خدا رو شکر هیچ وقت کم نیاورده.,2,4,train
6035,جای کمی را بر روی میز اشغال می‌کند و سرعت و کیفیت پرینت خیلی خوبی هم دارد.,2,4,train
11930,بهترین و زیبا‌ترین تبلتی هست که تا حالا دیدم.,2,4,train
4407,یکی از بهترین تغییراتی که سونی روی این تبلت انجام داده است، موزیک پلیر آن است که یکی از زیباترین موزیک پلیرهایی است که تا به امروز مشاهده کرده ایم.,2,4,train
10004,• طراحی، ساخت و صفحه‌ی نمایشطراحی گوشی پدفون در یک کلمه زیباست.,2,4,train
4050,از هر لحاظ که بخای انتظاراتمو تقریبا برآورده کرده مخصوصا با زومی فوق‌العاده‌ای که در حین فیلم برداری داره.,2,4,train
9902,استفاده از ابزار صوتی Siri در این گوشی باعث محبوبیت چندین برابر این گوشی درمیان کاربران شده است.,2,4,train
371,با توجه به قیمتش عالیه,2,4,train
2142,واقعا زیبا و خوش دست و اعتیاد آور وقتی اولین بار ایفون 2g رو تو دستم گرفتم و قفل صفحه نمایش اونو باز کردم احساس کردم دوسش دارم پوشش Oleophobic روی صفحه نمایش نمیزاره که انگشت روی صفحه نمایش موقع کشیدن گیر کنه و به همین دلیل لمس کردن ایفون لذت بخشتر از لمس کردن گوشیهای لمسی دیگه است که این 100% اعتیاد آوره و اونایی که ایفون دارن موقعی گوشیشونو عوض میکنن که بخوان اونو به ایفون جدید ارتقا بدن ios مثل زندان میمونه فقط با همون محیط کاربری باید کار کنی به نظر من این خودخواهیه*به قول استیو جابز ما بهتر از مصرف کننده تشخیص میدیم که مصرف کننده چی میخواد* اما رابط کاربری رو اینقدر ساده طراحی کرده که از بچه کوچیک گرفته تا پیرمرد راحت میتونه ازش استفاده کنه در کل دوستانی که تو انتخابشون بین ایفون5 با گلکسی نوت2 گیر کردن و دو دل هستن موقعی به آرامش میرسن که هر دوتاشو با هم داشته باشن,2,4,train
5461,کیفیت رنگ‌هاش هم فوق‌العادست.,2,4,train
12414,به نظرم تو این رنج قیمت بهترین گوشی.,2,4,train
3649,با وجود این سخت افزار مناسب و البته سیستم عامل روان ویندوز که همواره با مدیریت خوب بر حافظه رم، سرعت مناسبی را به کاربر ارائه نموده است، تمامی کارها در این تبلت با سرعتی بسیار خوب انجام خواهند شد.,2,4,train
5991,یک دوربین عالی برای خانواده ها که هیچ کمبودی در اون احساس نمیشه عکس خوب، فیلم خوب، باطری خوب، فلاش خوب، امکانات خوب و ..,2,4,train
9196,بهترین دوربین حرفه ای هست که تا الان دیدمش,2,4,train
7729,این یه واقعیته که ios واقعا یه چیز دیگست و تنها دلیل شهرت و موفقیت اپل همین ios هست.,2,4,train
3590,تاچ پد نیز به خوبی طراحی شده و از حساسیت و کیفیت بسیار بالایی برخوردار است.,2,4,train
5451,گوشی بسیار جالبیه با امکانات سخت‌افزاری و نرم‌افزاری بسیار قوی.,2,4,train
5227,بنابراین اگر به دنبال یک نوت‌بوک مالتی مدیا 14 اینچی خیلی خوب هستید، N43SM گزینه‌ی خیلی خوبی است.,2,4,train
12302,سلام خدمت همه دوستان من این دوربینو بعد از کلی تحقیق و آزمایش مدل های هم رده امروز(14-12-91) گرفتم، واقعا تحسین بر انگیزه باید حتما با عکس چند مدل دیگه مقایسه بشه تا بفهمی از لحاظ عکاسی چقدر معرکه است، تصویربرداریش حرفی واسه گفتن نمی ذاره,2,4,train
5825,من نزدیک 1 ساله این گوشی رو دارم و واقعا محشره (البته اگه اندروید 4 رو روش نصب کنید که دیگه فوق‌العاده میشه !,2,4,train
3567,سخت افزار معرکه‌ای داشت که معرکه‌تر شده  با وجود رم 2 گیگ دیگر آیفون از رقابت خط خورد,2,4,train
9277,در ضمن در مدتی که با آن کار کردیم متوجه Bug خاصی نشدیم و به نظر می رسد که برای نخستین تلاش، کانن خیلی خوب کار کرده است.,2,4,train
9998,واقعا هیجان انگیز و فوق العادست!,2,4,train
288,3.صفحه نمایش فوق العاده است بنده اس 2 هم داشتم اما ion زمین تا آسمون در صفحه نمایش از اس 2 و خیلی گوشی ها بازار بهتره نمره 9 از 10.4.,2,4,train
3272,"سامسونگ واقعا در ساخت این لپ‌تاپ‌ها با توجه به قیمت پایینی که دارند، طراحی و مواد اولیه فوق‌العاده خوبی را به کار برده و به اصطلاح ""سنگ تمام گذاشته است!",2,4,train
2599,فکر میکنم دوربین خیلی خوبی باشه با این امکانات!,2,4,train
6519,حمل و نقلشم واقعا آسونه آخه خیلی جمع و جوره و کوچیکه.,2,4,train
5731,در کنار چنان سخت‌افزار قدرتمندی، سیستم‌عامل کاملا حرفه‌ای و جذاب Android 2.3 با واسط کاربری TouchWiz 3.0 قرار دارد.,2,4,train
12654,همه چی تمومه هم قیافه هم سخت افزار,2,4,train
5800,حالا هم که در خدمتتون هستم واقعا از گوشی راضی‌ام ، اگر بخوام مقایسه کنم سرعت تاچ ویز و کاربردی‌تر بودنش خیلی بهتر از سادگی سونی هست همه چیز هم جلوی دست آدمه گوشی من سری G نیست و ساخت چین .,2,4,train
5237,و در آخر؛ من عاشقش شدم!,2,4,train
8469,من 1سالی میشه این دوربینو دارم ، در کل ازش خیلی راضیم ، از چند چیزش که خیلی خوشم اومد اینان : 1-کیفیته فیلمش بهترینه .,2,4,train
8585,من این گوشی رو واسه دو تا از همکارانم از همین سایت خریداری کردم که واقعا شگفت انگیز است نسبت به این قیمت در برابر سایر رقبا .,2,4,train
9941,این ویژگی می‌تواند برای بسیاری وظایف به کار آید مانند ارسال پیام متنی، پیدا کردن یک محل مانند یک رستوران یا هر محل دیگری، تنظیم ساعت و تنظیم زمان زنگ زدن ساعت و یا هر وظیفه‌ی دیگری که بخواهید.,2,4,train
12102,از مزایای بسیار مفید دوربین فیلمبرداری JVC GZ-MG335، این است که قابلیت فیلمبرداری با کیفیت خوب در شب را دارد.,2,4,train
5827,در کل گوشی‌های سری NOTE و S سامسونگ محشرن و قابلیت‌های فوق‌العاده‌ای دارند.,2,4,train
2444,به دلیل رزولوشن بالایی که این سنسور ارائه می‌دهد، جزئیات می‌توانند با تفکیکی بسیار عالی ثبت شوند.,2,4,train
10096,درب اسکنر خیلی محکم ساخته شده و لولاهای آن به شکلی قرار دارند که می توانند به طور کامل و تا 2.5 سانتی متر بالا بیایند تا حتی اگر قصد اسکن کردن کتاب قطوری را هم داشتید مشکلی برای بستن درب نداشته باشید.,2,4,train
6979,حیرت انگیزه,2,4,train
6545,یک پردازنده چهار هسته ای از نوع Cortex-A9 با فرکانس 1.2 گیگاهرتز به همراه یک گیگاهرتز حافظه رم و پردازشگر گرافیکی بسیار قدرتمند، تشکیل دهنده سخت افزار این تبلت می‌باشند.,2,4,train
302,در کل گوشی عالی است و من هم ازش راضی هستم و تا الان (2/1/2013) در این رنج قیمت بهترین است .,2,4,train
4502,گوشی بسیار خوبیه.,2,4,train
8714,این گوشی رو به چند دلیل سفارش دادم :1- دوسیم کارت بودن 2- صفحه 4.3 اینچی با تراکم پیکسلی 217 3- دوربین8 مگا با دوربین مکالمه ویدیویی 4- باتری 2460 میلی آمپر ساعت 5- پردازنده دوهسته ای 6- ضخامت کم 7- قیمت ارزان 8- زمان عرضه کالا 2013 هستش و اندروید 4 ----------- امیدوارم که انتظاراتم رو برآورده کنه -- ممنون از دی جی کالا,2,4,train
10214,خیلی خوش‌دسته.,2,4,train
4418,در مجموع تبلت Sony S یک تبلت بسیار عالی با قیمتی مناسب است که با طراحی چشم نواز و منحصر به فردی که دارد، خود از سایر رقبای هم رده خود متمایز میکند.,2,4,train
12573,فرصت کوتاهی در استفاده از این دستگاه داشتیم ولی در هفته‌ای که آن را به عنوان گوشی اصلی خود استفاده کردیم و تحت استفاده‌های خیلی سنگین قرار گرفت کارش عالی بود.,2,4,train
2323,به هر صورت همانطور که گفتیم SZ-14 از انواع ارزان قیمت‌تر دوربین های کامپکت سوپرزوم المپوس می باشد که دارای لنزی قدرتمند با توانایی زوم بسیار عالی 24 برابر است.,2,4,train
10434,بدین ترتیب که مثلا اگر دوربین را بر روی مود SR Auto قرار دهید، به یک دوربین کاملا خودکار در عکاسی تبدیل می‌شود، کافیست که آن را به سوی سوژه نشانه بروید و دکمه‌ی شاتر را بفشارید تا دوربین خود به صورت هوشمند نوع صحنه، شرایط نوری، نقاط فوکوس و دیگر پارامترها را تشخیص دهد و همه‌ی تنظیمات را بر روی بهترین حالت قرار دهد تا بهترین و با کیفیت ترین عکس تولید شود.,2,4,train
3563,گوشی عالی بود عالی‌تر شد.,2,4,train
7543,از نظر ساخت عالیه از نظر کیفیت هم عالیه,2,4,train
12020,اما این کیفیت صفحه نمایش محشری داره و سخت افزار خوبی هم داره.,2,4,train
7796,یک پردازنده دو هسته ای با فرکانس 1 گیگاهرتز از نوع A5 به همراه 512 مگابایت حافظه رم و البته پردازشگر گرافیکی PowerVR SGX543MP2 که باعث می‌گردد عملکرد سخت افزاری این تبلت نیز همانند دیگر محصولات اپل، بدون نقص و بسیار عالی باشد.,2,4,train
2608,اما ارزش این در مقابل قیمتش واقعا بالاتره.,2,4,train
6809,عکاسی با این دوربین کار بسیار ساده و راحتیست، از آن جایی که این دوربین یک دوربین Point to Shoot یا نشانه و عکس است، کافیست که آن را بر روی مود اتوماتیک قرار دهید، آن را به سوی سوژه نشانه بروید و دکمه ی شاتر را بفشارید تا بهترین و با کیفیت ترین عکس تولید شود.,2,4,train
12035,خلاصه تو مقام مقایسه با هم ردیفای خودش عالیترینه,2,4,train
10243,صدا و گرافیکش محشره.,2,4,train
9126,به نظر من بهترین دوسیم کارته تولید شده تا به امروزه و من حتما میخرمش.,2,4,train
2589,با عرض سلام وخسته نباشید به شرکت دی جی کالا دوربین فوجی به دستم رسیده واقعا دوربین خوب و با کیفیت هست .,2,4,train
11324,در حقیقت در این شوتینگ مود می‌توانید همه‌ی پارامترهای نوردهی از جمله سرعت شاتر، دیافراگم،‌ایزو و همه ی دیگر تنظیمات را بر عهده بگیرید تا کاملا حرفه‌ای، دلخواه و خلاقانه عکاسی کنید.,2,4,train
11627,واقعا عالیه .,2,4,train
4154,کیفیت ساخت خیلی خوبی داره.,2,4,train
7529,عکاسی با این دوربین کار فوق العاده ساده ایست بدین ترتیب که می توانید آن را به سوی سوژه نشانه بروید و با فشردن دکمه ی شاتر با کیفیت ترین تصویر را تهیه کنید.,2,4,train
8079,امکاناتی که داره خیلی بهتر از اون دوتاست.,2,4,train
9131,اگه گوشی حرفه ای میخواین حتما اچ تی سی بخرین.,2,4,train
1117,به نظر من این بهترین هارد موجود است البته 3 سال گارانتیش خیلی عالیه اما مهمتر اینه که این هارد خیلی خوب از اطلاعات شما محافظت میکنه نسبت به هاردهای دیگر ولی همانطور که دوستان دیگر اشاره کردند پورت اتصال کابل نسبت به خود کابل کمی ضعیف است,2,4,train
12643,صداش واقعا عالیه، دوربینشم خیلی خوبه.,2,4,train
6695,XR160 عمل فوکوس خودکار را حتی در شرایط نوری ضعیف خیلی سریع و دقیق می‌تواند انجام دهد.,2,4,train
3283,میزان شارژ دهی این باتری در کانفیگ های مختلف، بسته به پردازنده، پردازشگر گرافیکی و سایز صفحه نمایش، متفاوت است ولی میزان شارژ دهی همگی بسیار خوب بوده و فراتر از رقبای هم قیمتشان است.,2,4,train
5654,کیفیت ساخت این تبلت بسیار بالاست و با وجود اینکه بدنه ای تمام پلاستیکی دارد، هنگامی که آن را در دست می‌گیرید متوجه استحکام بالای آن خواهید شد.,2,4,train
12890,.کیفیت بلندگو عالی.,2,4,train
12485,در کل، گوشی‌های ساخت سونی همواره از صفحه نمایش‌های بسیار با کیفیت و رضایت بخشی برخوردارند که این مورد در مورد Xperia V نیز صدق می‌نماید.,2,4,train
11184,این دوربین فوق العاده محبوب بود چرا که کیفیت بالا را با قیمتی کاملا مناسب ارائه می داد.,2,4,train
9512,البته امکانات عجیب آیفون هم قابل تحسینه,2,4,train
11394,سلام، بالاخره خریدمش حرف نداره.,2,4,train
8343,من که از هر نظر راضیم .,2,4,train
5234,حدود یک هفته ای میشه که این نت بوک رو از دیجی کالا تهیه کردم و ممنونم به دلیل بسته بندی بسیار عالی که نگرانی بزرگ من در خرید اینترنتی بود، خدارو شکر که دیجی کالا تو این مورد سنگ تموم گذاشت.,2,4,train
7780,قبل‌تر در مورد آیفون 5 به طور کامل گفته بودیم گه با ورود به بازار به دلیل قطر 7.6 میلی متری خود شگفتی همگان را بر انگیخت، حال آیپد مینی از آیفون 5 هم باریک‌تر تولید گردیده است.,2,4,train
59,توانایی زوم 5 برابر هم برای آن خیلی مناسب است ولی از همه بهتر کمینه ی نسبت کانونی f/2.8 آن است که باعث می شود عملکرد این دوربین در شرایط نوری ضعیف خیلی بهبود یابد.,2,4,train
1512,گیرنده دیجیتال فراسو مدل FDR-211 با امکانات جدید، کیفیت ساخت فوق‌العاده و استفاده از تکنولوژی‌های روز به بازار عرضه شده است.,2,4,train
7659,ال جی جدیدا داره سنگ تموم میذاره,2,4,train
8340,سوپر زوم فوق العاده عالی,2,4,train
11617,• سخت افزاراز نظر سخت افزاری این دستگاه استثنایی است.,2,4,train
9810,در کل همانطور که گفتیم، WX170 و WX100 از جمله پیشرفته ترین دوربین های سری WX تا زمان خود می باشند و از فن آوری های بسیار عالی بهره می برند.,2,4,train
2489,در کل کیفیت نمایشگرها نسبت به رده‌ای که نوت‌بوک‌ها در آن قرار دارند بسیار عالیست.,2,4,train
6645,سپس برای فیلم برداری کافیست که دکمه‌ی Rec را بفشارید و آن را به سوی سوژه نشانه بروید تا بهترین و با کیفیت ترین فیلم‌ها گرفته شوند.,2,4,train
11403,طراحی هم منحصر به فرد هست .,2,4,train
8502,بدین ترتیب که کافیست دوربین را به هر سو که می‌خواهید نشانه روید تا به صورت خودکار همه‌ی پارامترها را بسنجد و بهترین تنظیمات را برای صحنه‌ای که در حال فیلم برداری از آن هستید را انجام دهد.,2,4,train
2740,همچنین در زیر نور مستقیم آفتاب نیز عملکرد آن بسیار مناسب است.,2,4,train
2368,مصطفی فولادی: اپل همیشه پر قدرت ظاهر شده و بسیار شور رو هیجان در دل طرفدارانش بر می انگیزد و بسیار خوب است که یک کمپانی یکه تاز در دنیا باشد.,2,4,train
11827,"صفحه نمایش فوق العاده با کیفیت,کافیه نمایشگر این گوشی رو با گوشیهای هم رده از نظر قیمت سامسونگ مثل Galaxy Fit یا Gio مقایسه کنین، خودتون متوجه میشین صفحه نمایش Xperia mini راحت 1 نسل جلوتره 3.",2,4,train
11519,اما جالب‌ترین قابلیتی که به برنامه دوربین اندروید 4.2 اضافه شده است، امکان عکس‌برداری 360 درجه ای یا Photo Sphere است که به کاربر این امکان را می‌دهد که بتوانند عکس‌های سه بعدی بسیار زیبا و با کیفیتی تهیه کنند.,2,4,train
5404,نرم افزار نسخه 4 سیستم‌عامل قدرتمند و محبوب اندروید، سیستم عامل منتخب ال جی برای این گوشی می‌باشد.,2,4,train
553,طراحی سری 4540s همانند اکثر لپ‌تاپ‌های کمپانی HP، بسیار ساده و در عین حال شکیل است.,2,4,train
587,طراحی فوق‌العاده با روکش فلزی، امکانات امنیتی بسیار بالا و پورت‌های فراوان، مدل 15.6 اینچی HP 4540s را به یک لپ‌تاپ ایده آل برای مدیران، مهندسین و در مجموع کاربران اداری تبدیل کرده است.,2,4,train
11892,این در حالی است که دوربین آن علاوه بر توانایی در عکاسی 5 مگاپیکسلی توانایی فیلم‌برداری HD را هم دارد که فوق‌العاده است.,2,4,train
3861,ارگونومی، طراحی و ساخت آن نیز کاملا عالی، با کیفیت و اصولی می‌باشد تا در هنگام عکاسی تسلط کامل را بر دوربین داشته باشید.,2,4,train
2523,اگر طراحی و کیفیت بسیار عالی ASUS را می‌پسندید و در ضمن قصد دارید تا نوت‌بوکی با سخت افزارهای مورد نیاز و سایز مناسب خود را داشته باشید، ASUS X انتخاب خوبیست.,2,4,train
2455,به هر صورت همانطور که گفتیم، W630 مدل دیگری از دوربین‌های کامپکت ارزان قیمت سونی می‌باشد که امکانات و کیفیتی بسیار عالی را ارائه می‌دهد و عملکرد لنز آن در شرایط نوری ضعیف نیز فوق العاده است.,2,4,train
9460,اکنون، تمامی دکمه های معمول پلیرها؛ از جمله دکمه های Play&Pause و سایر دکمه ها حذف شده اند و به جای آن یک صفحه لمسی با رابط کاربری فوق العاده وجود دارد.,2,4,train
11414,یک اسمارت فون جذاب و پر کاربرد ..,2,4,train
11245,عالیه، واقعا ازش راضیم فرشید رضایی از شیراز,2,4,train
3653,اما شارژ دهی این تبلت نیز بسیار خوب است.,2,4,train
269,از بین مدل هایی که تا حالا سونی بیرون داده این بهترینشه و ارزش خرید زیادی داره.,2,4,train
9185,من این دوربین 1 ماهی میشه که خریدم و کاملا ازش راضیم البته بعد از 2 ماه تحقیق بین این و نیکون 5100 و 600 کنون.,2,4,train
10345,ولی در افقی کار کردن با کیبورد گوشی بسیار راحت و لذت‌بخش است.,2,4,train
4329,این یکی از بهترین هاست.,2,4,train
10548,اما همانند بسیاری دیگر از گوشی‌های ساخت سونی، این گوشی نیز می‌تواند برای کاربر نقش یک مدیا پلیر بسیار خوب را بازی کند.,2,4,train
1990,سرعت کلی گوشی بیشتر به نوع چیپست و سیستم عامل بستگی دارد که چیپست بسیار قدرتمند A6 با بهره گیری از سیستم عامل IOS6 سرعت بسیار زیاد را ارائه میدهد .,2,4,train
11124,ضمنا سامسونگ در Note 10.1 از سریع‌ترین مرورگر دنیا یعنی کروم استفاده نموده است.,2,4,train
7752,دوباره میگم بهترین تبلت.,2,4,train
141,این دو دوربین توانایی فیلم برداری با رزولوشن HD را نیز دارند که عالیست.,2,4,train
3724,گوشی بسیار عالی هستش .,2,4,train
12256,"همه چیزش عالیه,مثلا تو تاریکی کامل میشه عکس هایی رو گرفت که واقعا شگفت زده میشین,عکس های پانورامای خوبی میگیره حتی از سوژه های متحرک,فیلم برداریش معرکه است,ولی تا حالا فرصتی پیش نیومده که عکس هاس سه بعدیش یا پانورامای سه بعدیشو چک کنم ,چیزی که دوستای عزیز دیگمون هم اشاره ای بهش نداشتن!",2,4,train
11734,سلام به همگی این گوشی در نوع خودش بینظیره و تا حالا 8 نفر رو فرستادم این گوشیو بگیرن و گرفتن و راضی بودن با این قیمت هیچ گوشی بهش نمیرسه در خریدش شک نکنید و چون پردازنده 1000 دارد ممکنه مصرف باتری نسبت به رقبا بیشتر باشد برای مشکل کلید بک هم بگم سری جدید هم مشکل دارد اما با روت کردن میشه درستش کرد اگرم خاستین میتونید به 4 اپدیت کنین و مشکل حل میشه حتما برای گوشی قاب یا کیف بخرید چون کوچیکه زود از دست در میره و در اخر میگم که از خرید این گوشی پشیمون نمیشید موفق باشید,2,4,train
4234,من این گوشی را امروز از همین سایت دی جی کالا خریدم ، گوشی بسیار زیبا و خوش‌دستیه ، جنس کاور پشتش بسیار لطیف و دوست‌داشتنیه ، تاچ بسیار خوب و پشتیبانی عالی و کامل از زبان فارسی داره ، به همه افرادی که دنبال یک گوشی خوب هستند اما هزینه هم براشون مهمه ، این گوشی زیبا را توصیه می کنم ، تنها موردی که جای مطرح کردن داره اینه که اثر انگشت خیلی سریع روی صفحش جا می گذاره ، که فکر می کنم اون هم حتما چاره داره,2,4,train
9717,بازم اپل از رقیب هاش جلو زد,2,4,train
9168,جمع بندی بدون شک HTC Desire V جزو بهترین گوشی های دو سیم کارته موجود در بازار است زیرا سایر آن‌ها اکثرا بسیار ساده و ابتدایی هستند.,2,4,train
8470,2-کیفیت ساختشم حرف نداره مثل محصولات دیگه ژاپنی 3-دقت و تاچ صفحه که خوبه و نمیشه ایراد خاصی ازش گرفت .,2,4,train
7197,به نظر من واقعا فوق العاده اس ارزش خریدو داره.,2,4,train
2552,در مقایسه با دوربینای هم قیمتش یکی از بهترینهاست,2,4,train
7502,به یکی از دوستان هم پیشنهاد کردم و برای ایشون هم از این سایت خرید کردم.,2,4,train
1823,بهترین گوشی موجود در بازار,2,4,train
7528,VG-150 دوربین بسیار کوچک، باریک، سبک و ارزان قیمتیست که همانطور که گفتیم برای کاربرانی ساخته شده که با بودجه ی خیلی محدود به دنبال دوربینی مناسب می باشند.,2,4,train
4594,صفحه نمایشش فوق‌العادست.,2,4,train
11269,باید بگم عالیه بی نظیر واقعا معرکه است,2,4,train
6400,گوشی گلکسی اس 2 یکی از بهترین گوشی‌های نسل گلکسی به حساب می‌آید و در زمان معرفی خود فروش خیلی خوبی را نیز تجربه کرد.,2,4,train
11848,واقعا بی نظیره، خیلی ازش راضیم.,2,4,train
8263,در کل به نظر ما این دوربین یکی از جالب ترین طراحی‌ها را دارد و با توجه به رنگ آمیزی زیبا و بدنه‌ی فلزی براق هم، Elph 520 HS به یک دوربین شاخص تبدیل شده است.,2,4,train
12579,جمع بندینمی‌خواهیم غلو کرده باشیم ولی iPhone 4 بهترین گوشی تلفن همراهی است که می‌توان در بازار یافت.,2,4,train
9786,و کیفیت گرفتن عکس آن بسیار واضح و پرکیفیت و عالی می باشد و فیلمبرداری آن هم بسیار عالی و بسیار با کیفیت و فوق العاده است.,2,4,train
4512,خیلی خیلی خوبه عالیه,2,4,train
7506,این مدل با بدنه الومینیومی و ویندوز اورجینال طراحی بسیار شیکی دارد.,2,4,train
4866,به نظرم xbox خیلی خیلی بهتره!,2,4,train
10847,سلام دوستان 2 تا خبر عالی واستون دارم یکی اینکه الان به آندروید 4.1 جلی بین آپدیتش کردم عالی تر شد فوق العاده حتما وقتی کامل باهاش کار کردم نقدش رو هم میذارم.,2,4,train
5617,سبکه و فوق العاده اس,2,4,train
6283,من یک هفته است این گوشی را دارم گوشی بسیار عالی است.,2,4,train
6537,این رزولوشن، باعث می‌گردد تراکم پیکسلی این صفحه نمایش 226ppi باشد که بسیار مناسب است.,2,4,train
10150,بسیار خوش‌دست، طراحی خوب و سرعت مناسبی داره.,2,4,train
7395,واقعا عالیه..,2,4,train
56,در قلب این دوربین یک سنسور تصویر 16 مگاپیکسلی CCD قرار گرفته که رزولوشن خیلی بالایی را ارائه می دهد و در شرایط نوری مناسب می توانید عکس های با کیفیتی را با آن تهیه کنید.,2,4,train
11527,گوگل ادعا کرده است که Nexus 4 سریع‌ترین گوشی هوشمند ساخته شده تا به این تاریخ است و این ادعا تا حدی واقعیت دارد.,2,4,train
8129,من پس از مقایسه این گوشی با سایر گوشی ها باید بگم که این گوشی در مقایسه با گوشی های هم رده اش بهترین است,2,4,train
7890,به همین دلیل سرعت و دقت مسیریابی بسیار بالایی را ارائه می‌دهد.,2,4,train
2685,کیفیت عکاسی در شب نیز همانند دوربین های DSLR عالیست به طوری که می توانید نوردهی به مدت 30 ثانیه و یا حتی حالت Bulb برای نوردهی نامحدود را نیز انتخاب کنید.,2,4,train
2316,این دوربین مجهز به لنز 25-600 میلی متری با توانایی زوم 24 میلی متر می باشد که هم حالت واید بسیار عالی را ارائه می کند و هم توانایی زوم آن در سطح بسیار بالا و خوبی قرار می گیرد.,2,4,train
8917,دوربین بسیار خوب با قابلیت فیلمبرداری عالی!,2,4,train
5941,نخست اینکه رزولوشن آن فوق العاده زیاد است و به خوبی می‌تواند تفکیک جزئیاتی بسیار عالی را از خود به نمایش بگذارد.,2,4,train
5508,منم به احتمال زیاد پس فردا یکی میخرم به نظرم با توجه به قیمتش عالیه!,2,4,train
1522,• عملکرد آسان - کلیدهای کامل بر روی دستگاه، کنترل باریک با برد مناسب، منوی آسان و فارسی,2,4,train
192,فوق العاده هستش.,2,4,train
8349,بیشتر از قیمتش می ارزه و دوربین بسیار کار امدی است.,2,4,train
7751,با تشکر از سایت عالی دیجی کالا,2,4,train
10025,به هر صورت همانطور که گفتیم، R30 دوربین سطح مبتدی دیگری از کانن می‌باشد که ویژگی‌های خیلی خوب و نزدیک به دوربین M52 را ارائه می‌دهد.,2,4,train
813,بهترین دو سیم کارته,2,4,train
12449,با سلام خدمت همگی سال نو مبارک گوشی فوق العاده ای هست نسبت به گوشی هایی که در این رنج قیمت هستند در مورد xperia sl هم باید بگم xperia v به لطف چیپست krait با این که 1.5ghz هست از sl که 1.7ghz هست ، قویتره دوربین هم قویتره کلا باید بگم گوشی خوبیه ، من بین این گوشی و xperia tx و xperia t گیر کردم البته باید ضد اب بودنش رو هم در نظر گرفت.,2,4,train
10627,واقعا هم خوش دسته,2,4,train
9113,در کل با این که این گوشی 2 سیم کارته هست و فقط مورد نیاز افرادی هست که می خواهند از شر 2 تا تلفن این و رو اون ور بردن خلاص بشن و هم یک گوشی شیک و زیبا و با امکانانت داشته باشند به نظرم این انتخاب خیلی معقولانه و به صرفه ای هست.,2,4,train
6490,هارد واقعا عالیه از کف دست کوچیکتر و با کارایی و سرعت بالا.,2,4,train
9339,با این حال همین سنسور تصویر نیز می تواند عملکرد خیلی خوبی داشته باشد و به خصوص تفکیک جزئیات بالایی را ارائه دهد.,2,4,train
9343,"اما نکته ی خیلی خوب درباره ی این دوربین، پیچ تنظیم مودهای عکاسی آن است که در قسمت بالا قرار گرفته و از آن طریق می توانید مودهای مختلف از مود عکاسی تمام اتوماتیک iA یا خودکار هوشمند گرفته تا مودهای دستی P,A,S,M را انتخاب کنید.",2,4,train
11378,با توجه به‌تراکم پیکسلی که سنسور دارد، کاهش نویز خیلی خوب انجام می‌شود.,2,4,train
4217,تاچش کیفیت خیلی خوبی داره و منوهاش هم خیلی روون و شکیله، چند تا بازی و برنامه ریختم روش بدون هیچ مشکلی اجراشون کرد.,2,4,train
12416,سلام دوستان خوبم من این گوشی رو ۲ ماهه که دارم استفاده می کنم و بهتر بگم لذت می برم نتیجه و عملکرد این گوشی خوش ساخت رو براتون میگم تا بیشتر باهاش آشنا بشین به نظرم در این سایز و به عبارتی در این ابعاد صفحه نمایش برای دوستانی که دنبال گوشی نه زیاد بزرگ و نه زیاد کوچیک هستند در حال حاضر بهترین ۴.,2,4,train
2349,روح ارتباطی آیفون فایو با یک عدد سیم کارت رایتل معنی میشه در ضمن اگر تمام قابلیت های بی نظیر سخت افزاری آیفون رو در نظر نگیریم ، سیستم عامل اپل هیچ حرفی برای گفتن نمیذاره و به هیچ وسیله هوشمند و قابل حمل دیگه ای ، اجازه عرض اندام نمیده در کل واقعا عالیه مطمئنا اگر کسی فقط یک بار ، یکی از محصولات اپل ، بخصوص ایفون رو خریداری و تجربه کنه ، دیگه هیچ وقت سراغ هیچ برند و مدل دیگه ای نخواهد رفت .,2,4,train
6465,فقط میتونم بگم که پشتیبانی این سایت خیلی خوبه,2,4,train
11507,روشنایی این صفحه نمایش بسیار بالاست، رنگ‌های تولید شده کاملا زنده و طبیعی بوده و زوایای دید نیز عالیست.,2,4,train
10843,اگه دو دل هستید تو خریدش شک نکنید عالیه قیمتش هم واقعا الان فوق العادست ممنون دیجی کالا,2,4,train
11541,• جمع بندیNexus 4 یکی از بهترین گوشی‌های هوشمند ساخته شده تا به امروز بوده و نسبت به مدل قبلی خانواده گوشی‌های نکسوس یعنی Galaxy Nexus، بهبودهای فراوانی داشته است.,2,4,train
2137,صفحه نمایش فوق العاده٣.,2,4,train
2591,زومش هم که حرف نداره با آخرین درجه زوم کیفیتش یه ذره هم فرق نمیکنه!,2,4,train
10324,این گوشی به راحتی در دست جای گرفته و به دلیل ابعاد بسیار خوبی که دارد، کار کردن با آن با یک دست بسیار راحت است و هنگامی که آن را دست می‌گیرید، انگشت شست شما به راحتی می‌تواند تمام نقاط صفحه نمایش را لمس کند.,2,4,train
11828,سخت افزار بسیار قدرتمند نسبت به قیمت گوشی.,2,4,train
6513,فوق العاده سریعه.,2,4,train
6296,2 سیم همزمان و اندروید 4.1.2 با امکانات عالی واقعا خوشم اومد .,2,4,train
10232,خیلی عالیییییه اگه خواستین بگیرین مشکیش قشنگ‌تره تازه به اندروید 4 آپدیت میشه,2,4,train
11881,همچنین نقشه‌های گوگل یا Google Maps ترکیب بسیار عالی به همراه GPS هستند به طوری که می‌توانید محل و مسیر خود را در هر شهر و جاده‌ای که باشید پیدا کنید.,2,4,train
