dataset_index,text,actual_label,predicted_label,actual_label_name,predicted_label_name,is_correct,label_difference,label_distance,character_count,word_count,error_severity,error_direction
85,مود Adv (Advanced) قابلیت‌های خیلی خوبی مثل اینکه چند عکس در کنار هم برای عکاسی پانوراما تهیه کنید را به شما می‌دهد.,1,2,positive,very_positive,False,1,1,116,22,adjacent_class_error,predicted_more_positive
2771,رزولوشن صفحه اش پایینه در حالی که تبلت های 7 اینچی خوب مانند Ainol novo 7 venus و یا nexus 7 و .,-1,-1,negative,negative,True,0,0,96,23,correct,correct
11539,نکته جالب در مورد Nexus 4 این است که این گوشی دارای کیت داخلی شارژ بی‌سیم نیز می‌باشد و می‌توان آن را توسط دستگاه های شارژر بی‌سیم نیز شارژ کرد.,1,1,positive,positive,True,0,0,144,30,correct,correct
7610,در تست‌های سخت افزاری انجام شده بر روی این گوشی، مشخص گردید که این گوشی از نظر قدرت سخت افزاری، عملکردی تقریبا شبیه به Samsung Galaxy S Advance، Htc One S و Samsung Galaxy S II دارد.,0,0,neutral,neutral,True,0,0,182,37,correct,correct
193,واقعا نسبت به قیمتش ارزش داشت (البته اون موقع که من گرفتم ارزون تر بود).,1,-1,positive,negative,False,-2,2,72,15,distant_class_error,predicted_more_negative
3153,اگه کسی میخواد گلکسی تب 2 بخره به نظر من توی عالی بودن این تبلت شک نکنه.,2,2,very_positive,very_positive,True,0,0,72,17,correct,correct
5160,ضمن اینکه هم اکنون حافظه‌های جدیدی با ظرفیت ۲۵۶ مگابایت به بازار عرضه شده که از سرعت و قابلیت‌های بالاتری نسبت به این نوع حافظه‌ها برخوردار هستند.,0,0,neutral,neutral,True,0,0,146,27,correct,correct
797,همچنین برنامه های متنوعی از قبل بر روی این گوشی نصب شده‌اند که از جمله آن‌ها می‌توان به برنامه نقشه گوگل، Dropbox، ایمیل، نمایشگر فایل‌های آفیس و .,1,1,positive,positive,True,0,0,147,28,correct,correct
8607,دوسیم با هم فعاله و خوبیه دیگش اینه مثل دوسیم کارته های دیگه سیم میکرو نمیخواد.,1,0,positive,neutral,False,-1,1,79,16,adjacent_class_error,predicted_more_negative
9647,ولی مشخصات سخت افزاری و نرم افزاری در حدی که باید نیست .,-1,0,negative,neutral,False,1,1,56,13,adjacent_class_error,predicted_more_positive
1486,در کل نسبت به دیگر مدل های هم سری یه سر و گردن بالاتره.,1,1,positive,positive,True,0,0,55,14,correct,correct
2143,همه میدانیم که این گوشی از سیستم عامل ios6 پشتیبانی میکند سیستم عاملی که رییس شرکت سامسونگ در معرفی گلکسی نوت2 دربارش میگوید:این سیستم عامل بی نظیر و دست نیافتنی است و من ارزو دارم روزی از این سیستم عامل بر روی گوشی های سامسونگ استفاده کنم.,1,2,positive,very_positive,False,1,1,240,47,adjacent_class_error,predicted_more_positive
3397,به نظر می‌رسد عملکرد باتری آن نسبت به باتری One X به علت وجود سیستم عامل ویندوز، بهتر باشد.,1,1,positive,positive,True,0,0,91,19,correct,correct
10338,در چهار گوشه صفحه، چهار پوشه وجود دارند که می‌توانید در هر کدام از آن‌ها چهار برنامه قرار دهید.,0,0,neutral,neutral,True,0,0,95,19,correct,correct
1572,این نسخه یکی از جدیدترین نسخ این سیستم عامل است که سامسونگ برای Note 8 انتخاب نموده.,1,2,positive,very_positive,False,1,1,84,17,adjacent_class_error,predicted_more_positive
7910,حسگر CMOS کیفیت خیلی بهتری داره و از نظر باطری خیلی کم مصرف تر هست به نظر من که کیفیت عکس و فیلمش فوق العاده هست .,2,2,very_positive,very_positive,True,0,0,114,27,correct,correct
3964,بله تعداد پیکسل بالاست.,0,0,neutral,neutral,True,0,0,23,4,correct,correct
11971,من این گوشی رو امروز سفارش دادم بیاد.,0,0,neutral,neutral,True,0,0,37,8,correct,correct
12602,بازی HD رو خوب اجرا میکنه.,1,1,positive,positive,True,0,0,26,6,correct,correct
7248,هر چند خیلی جالبه ولی با پولش میشه یه موبایل و یه تبلت بخری!,-1,1,negative,positive,False,2,2,60,14,distant_class_error,predicted_more_positive
12025,گزینه ی دیگری هم بنام Theme UI tool داره که میتونین برای گوشیتون تم بسازید (البته فعلا فقط مدل های D1 و Honor را پشتیبانی میکنه) یکی دیگه از مزیت های این برنامه اینه که لازم نیست برای نصب برنامه روی گوشیتون فایل های apk را داخل گوشی بریزین و بعد نصب کنید.,0,1,neutral,positive,False,1,1,255,53,adjacent_class_error,predicted_more_positive
10837,الان هم قیمتش اومده پایین و مناسب واسه خرید,1,-1,positive,negative,False,-2,2,43,9,distant_class_error,predicted_more_negative
899,توانایی فیلم برداری Full HD نیز که به هر صورت عادلی و مانند مدل پیشین است.,0,0,neutral,neutral,True,0,0,74,16,correct,correct
10377,مقاومت در برابر تکان های وارد شده از ضربهمهم نیست محیط جایی که در آن کار می کنید یا بازی می کنید به چه میزان خشن و سخت باشد، ساختار با دوام قابلیت اعتماد به دسترسی اطلاعات را فراهم می کند.,1,0,positive,neutral,False,-1,1,188,41,adjacent_class_error,predicted_more_negative
9649,"اما از نظر طراحی ساخت , کیفیت صفحه نمایش , دوربین و .",0,0,neutral,neutral,True,0,0,53,13,correct,correct
7162,واقعا عالیه از همه نظر.,2,2,very_positive,very_positive,True,0,0,23,5,correct,correct
10017,البته حساسیت این سنسور از سنسور M52 کمتر می‌باشد و دست کم به نور 5 لوکس حساس می‌باشد.,-1,1,negative,positive,False,2,2,85,18,distant_class_error,predicted_more_positive
7647,خداکنه توی ایران که میاد هم قیمتش به همون خوبی باشه!,0,2,neutral,very_positive,False,2,2,52,11,distant_class_error,predicted_more_positive
9360,فقط می تونم بگم عالیه.,1,2,positive,very_positive,False,1,1,22,5,adjacent_class_error,predicted_more_positive
10346,برنامه دوربین Live with Walkman امکانات اولیه بسیار کاملی دارد.,2,2,very_positive,very_positive,True,0,0,63,10,correct,correct
11480,دقیقا بر عکس اپل که روی چیزای کاربردی مثل وزن .,0,0,neutral,neutral,True,0,0,47,11,correct,correct
10948,آیپد3 هم قبلا داشتم.,0,0,neutral,neutral,True,0,0,20,4,correct,correct
8094,وگرنه htc میتونست از CPU قوی تر هم روی این گوشی استفاده کنه و قرار بده ولی خوب باید دانست که افزایش قیمت به کیفیت صفحه نمایش و قدرت CPU مربوط میشه.,0,1,neutral,positive,False,1,1,147,32,adjacent_class_error,predicted_more_positive
3774,به صورتی که می توان پورت USB، جک 3.5 میلی متری هدفون، میکروفون و پورت AV را بر روی آن یافت.,0,0,neutral,neutral,True,0,0,91,21,correct,correct
7838,اما ASUS مفهوم فبلت را کمی عجب به ثمر رسانده!,0,-1,neutral,negative,False,-1,1,45,10,adjacent_class_error,predicted_more_negative
2856,با وجود سیستم عامل اندروید، قادر خواهید بود از هزاران برنامه موجود برای این سیستم عامل استفاده نمایید.,0,1,neutral,positive,False,1,1,102,18,adjacent_class_error,predicted_more_positive
3178,زیبا و خوش دسته !,1,2,positive,very_positive,False,1,1,17,5,adjacent_class_error,predicted_more_positive
7477,هرچند که یک آداپتور سنتی AC همراه با دوربین می‌باشد، ولی می‌توانید از طریق کابل USB و اتصال آن به رایانه نیز باتری دوربین را شارژ کنید.,0,0,neutral,neutral,True,0,0,135,27,correct,correct
1666,اما به نظر می‌رسد کمپانی اپل، پردازنده جدید خود را مخصوص آیفون 5 طراحی و تولید نموده است.,0,1,neutral,positive,False,1,1,89,18,adjacent_class_error,predicted_more_positive
10347,برای مثال می‌توان به قابلیت تشخیص لبخند و قابلیت پانورامای سه بعدی اشاره کرد.,1,0,positive,neutral,False,-1,1,77,14,adjacent_class_error,predicted_more_negative
12437,من تعریفش رو خیلی شنیدم اما باید امتحان کرد,0,-1,neutral,negative,False,-1,1,43,9,adjacent_class_error,predicted_more_negative
11162,با قابلیت AllShare Play می توانید فیلم، عکس، موسیقی و بسیاری فایل های رسانه ای دیگر را هر دستگاه سازگار، شامل کامپیوترها که در نزدیکی تلویزیون قرار دارند پخش کنید.,0,0,neutral,neutral,True,0,0,163,30,correct,correct
10768,از بدنه ی حرفه‌ای‌تر این دوربین نسبت به مدل پیشین که بگذریم، بزرگترین پیشرفت که باعث شگفتی همگان هم شد، در لنز این دوربین بوده است.,1,2,positive,very_positive,False,1,1,131,26,adjacent_class_error,predicted_more_positive
6614,با وزن تنها 270 گرم نیز یکی از سبک وزن ترین‌ها می‌باشد.,2,1,very_positive,positive,False,-1,1,55,12,adjacent_class_error,predicted_more_negative
7116,در نهایت، این صفحه نمایش توسط محافظ Gorilla Glass کاور گردیده است.,1,0,positive,neutral,False,-1,1,66,12,adjacent_class_error,predicted_more_negative
2217,زاویه دید صفحه One X Plus نیز بسیار بالاست بطوریکه می‌توان گفت حتی از زاویه دید 178 درجه‌ای، هیچ‌گونه کاهش کیفیتی را مشاهده نخواهیم کرد.,1,2,positive,very_positive,False,1,1,136,25,adjacent_class_error,predicted_more_positive
569,بلندی صدا نیز بسیار مناسب است ولی با این وجود، علاقه‌مندان به موسیقی و تماشای ویدئو بهتر است که از بلندگوهای خارجی و یا هدفون استفاده کنند.,1,2,positive,very_positive,False,1,1,139,27,adjacent_class_error,predicted_more_positive
985,این پیشرفت خیلی خوبیست و باعث می شود که عملکرد این دوربین در شرایط ضعیف نوری کاملا برتر باشد و بتوان با سرعت های شاتر بالاتری عکاسی کرد.,2,1,very_positive,positive,False,-1,1,136,28,adjacent_class_error,predicted_more_negative
12586,بزرگترین ضعفش عکساس تو شبه که زیاد دلچسب و مطلوب نیست.,-2,-1,very_negative,negative,False,1,1,54,11,adjacent_class_error,predicted_more_positive
4145,من چند روزیه این گوشی رو خریدم و به نظر من که در ماه شاید 2-3 تا گوشی عوض میکنم با این قیمت میشه گفت فوق‌العادست برای خریدش شک نکنید,2,2,very_positive,very_positive,True,0,0,132,30,correct,correct
11061,مهم ترین موضوع وجود قلم و دیدگاه آموزشی و علمی و Note خیلی قوی اونه و..,2,0,very_positive,neutral,False,-2,2,71,16,distant_class_error,predicted_more_negative
395,کیفیت نمایشگر خیلی خوب است و به دلیل لمسی بودن، باعث شده که بیشتر دکمه‌های فیزیکی از روی بدنه‌ی دوربین حذف شوند.,2,2,very_positive,very_positive,True,0,0,112,22,correct,correct
11775,از اونجایی که معماری چیپست (Chipset) مدل مینی پرو از مدل مینی جدیدتره، مشکل داغ کردنش تا حدود زیادی نسبت به مدل مینی کمتر مشاهده میشه و استفاده کنندگان شکایت کمتری رو در این خصوص گزارش دادن پس بنابراین مشکل داغ شدن تا حدود زیادی در مدل مینی پرو حل شده و در حد معقوله.,1,1,positive,positive,True,0,0,267,55,correct,correct
9572,در ضمن اوج قدرت اپل وقتی مشخص میشه که با یه پردازنده 2 هسته ای داره با 4 هسته ایها مبارزه میکنه و اونها رو به راحتی شکست میده!,2,1,very_positive,positive,False,-1,1,126,29,adjacent_class_error,predicted_more_negative
3592,• سخت افزار داخلی اکثر مدل‌های E1-531 از نسل دوم پردازنده های دو هسته ای Intel Core i3 و Core i5 استفاده می‌کند.,0,0,neutral,neutral,True,0,0,112,23,correct,correct
5396,جایی که یک دفتر چه یادداشت به صورت پیش فرض قرار دارد که می‌توان در آن هر چیزی را به هر شکلی که دوست دارید ثبت نمایید.,1,0,positive,neutral,False,-1,1,117,27,adjacent_class_error,predicted_more_negative
11784,سلام من حدودا یک ماه هست که این گوشی رو گرفتم و باید بگم که نسبت به امکاناتش و در مقایسه با بقیه مدلهای با همین امکانات، محشره!,2,2,very_positive,very_positive,True,0,0,127,28,correct,correct
5050,دیگر کاربردها • قابلیت اجرای دیسک‌هایDVD و CD • پخش تمام فرمت‌های صوتی و تصویری از جمله DIVX • اتصال به کامپیوتر توسط کابلUSB • ذخیره‌سازی اطلاعات تا حجم ۱۲۰ گیگابایت • اتصال به شبکه برای انجام بازی‌های گروهی • اتصال به اینترنت سوالات متداول سوال: منظور ازRegion در کنسول چیست و این ریجن‌ها چه تفاوتی با هم دارند؟,0,0,neutral,neutral,True,0,0,313,59,correct,correct
2587,به نظرم نمیشه این دوربین نیمه حرفه ای را با Canon IXUS 1000 HS مقایسه کرد زوم 24 برابر و کیفیت 14 مگا پیکسل کجا و Canon IXUS 1000 HS کجا بهتره با توجه به دسته بندی دوربین ها مقایسه انجام بشه,0,0,neutral,neutral,True,0,0,190,42,correct,correct
7617,در قسمت پایین صفحه نمایش، 5 میانبر به برنامه‌ها قرار دارند که چهار تای آن‌ها قابل تغییر توسط کاربر می‌باشند.,0,0,neutral,neutral,True,0,0,108,20,correct,correct
1263,من دیروز برای مادرم یک عدد رنگ قرمزش رو خریدم و امکانات خوبی داره مثل CPU 1GHz و آندروید 4.1 که واقعا با این قیمت خیلی خوبه ولی یک مشکل داره که دو کلید لمسی اطراف کلید Home چراغ هاش روشن نمیشه.,1,1,positive,positive,True,0,0,193,42,correct,correct
7880,وجود پروژه کره بر روی اندروید 4.1 باعث گردیده که این نسخه از اندروید نسبت به نسخه های پیشین به مراتب روان‌تر باشد.,2,1,very_positive,positive,False,-1,1,114,23,adjacent_class_error,predicted_more_negative
8134,منتها چرا cpu 600 Mh گذاشتن .,0,0,neutral,neutral,True,0,0,29,7,correct,correct
10726,لازم به ذکر است که بر خلاف مدل مشابه یعنی Xperia T، باتری این گوشی توسط کاربر قابل تعویض می‌باشد.,1,1,positive,positive,True,0,0,97,20,correct,correct
7468,همچنین نور دهی نیز از همین طریق قابل تنظیم است.,1,0,positive,neutral,False,-1,1,47,10,adjacent_class_error,predicted_more_negative
11559,تنظیمات فوکوس نقطه ای عالی داره.,1,2,positive,very_positive,False,1,1,32,6,adjacent_class_error,predicted_more_positive
7212,کافیه با مدلهای مشابه برند های دیگه مقایسه کنید.,0,0,neutral,neutral,True,0,0,48,9,correct,correct
1333,راستش با چیزایی که شنیده بودم داشتم منصرف میشدم از خریدنش اما حالا که خریدم واقعا بیش از اندازه راضی هستم دوستانی که میگن کیفیت خوبی نداره باید بگم که بهتره این انتقاد رو از هدفونش کنید !,1,0,positive,neutral,False,-1,1,187,38,adjacent_class_error,predicted_more_negative
4791,بدنه ی دوربین محکم است .,1,0,positive,neutral,False,-1,1,24,6,adjacent_class_error,predicted_more_negative
49,ولی میتوان با این قیمت یکی دیگر از اعضای خانواده اکسپریا را خرید - اکسپریا U - که از لحاظ سخت افزاری واقعا با این گوشی قابل قیاس نیست .,0,1,neutral,positive,False,1,1,135,30,adjacent_class_error,predicted_more_positive
5153,البته دسته‌ی بازی طراحی شده در این کنسول از لحاظ طراحی شباهت فراوانی به دسته‌ی بازی نوع S کنسول XBOX دارد.,0,0,neutral,neutral,True,0,0,106,21,correct,correct
5775,به عنوان یک گوشی تلفن همراه با چنین ویژگی‌ها و فناوری‌های خیره‌کننده‌ای، Galaxy S II گوشی آسانی برای جمع بندی و اظهار نظر است.,1,1,positive,positive,True,0,0,126,24,correct,correct
10702,چنین تراکم پیکسلی بالایی، حتی کوچک‌ترین جزئیات و متون را کاملا شفاف نشان می‌دهد.,2,2,very_positive,very_positive,True,0,0,80,14,correct,correct
7057,این یکی دیگه اخرشه.,1,-1,positive,negative,False,-2,2,19,4,distant_class_error,predicted_more_negative
6826,خوش ساخت گران قیمت,0,0,neutral,neutral,True,0,0,18,4,correct,correct
1547,در نهایت می‌توان نقطه ضعف اصلی این تبلت را در طراحی و ساخت آن دانست، جائیکه از یک تبلت با این امکانات و قدرت، انتظار بیشتری می‌رفت ولی توسط سامسونگ برآورده نشد.,-1,-1,negative,negative,True,0,0,160,32,correct,correct
1997,زیرا جدید ترین و بالا ترین cpuی آیفون است و غیر ممکن است در برنامه ای کم بیاورد.,1,0,positive,neutral,False,-1,1,80,18,adjacent_class_error,predicted_more_negative
7153,سلام این هارد خیلی مقاومه (در برابر ضربه تستش کردم ) ولی از اولش که گرفتمش سیم رابطش مشکل داشت .,0,0,neutral,neutral,True,0,0,96,21,correct,correct
6383,اما صفحه کلید لمسی یا همان صفحه کلید مجازی روی نمایشگر Galaxy S II فوق‌العاده است.,2,2,very_positive,very_positive,True,0,0,82,16,correct,correct
1478,سلام من این دوربین رو چند وقت پیش خریدم صفحه نمایش لمسی اون بزرگ و خوبه، تاچش هم مشکلی نداره عکس برداری و فیلم برداریش هم عالیه(باتوجه به قیمت)تنها مشکلش نداشتن افکت های عکس برداری و تشخیص لبخنده، که فکر نکنم زیاد مهم باشه لازم به ذکره این دوربین حسگر ژیروسکوپ هم داره درکل در این محدوده قیمت بهترین گزینه است.,1,1,positive,positive,True,0,0,310,61,correct,correct
4730,در انتها دو تا گوشی رو پسندید: Sony Ericsson Xperia Ray و Sony Xperia Uو بخاطر اینکه میخواست نرم افزار و بازی های زیادی روش نصب کنه و سونی اکسپریا یو از نظر حافظه محدودیت داره سونی اریکسون اکسپریا ری رو خرید.,0,0,neutral,neutral,True,0,0,208,42,correct,correct
6477,استقامتشم خوبه وقتی تو دست میگیریش کیفیت ساخت رو حس میکنی اگر دنبال یه هارد بی دردسر میگردین از لحاظ اندازه و سرعت و استقامت این عالیه.,2,2,very_positive,very_positive,True,0,0,135,27,correct,correct
8782,تراکم پیکسلی این صفحه 217ppi می‌باشد با اینکه تراکم پیکسلی خیلی خوبی نیست، اما انتظارات را از یک گوشی در این سطح برآورده می‌نماید.,1,1,positive,positive,True,0,0,130,24,correct,correct
3713,ولی در صورت استفاده از آهنگ و موسیقی متاسفانه شارژش زود تمام میشود.,-1,-1,negative,negative,True,0,0,67,13,correct,correct
5408,همچنین 4 میانبر قابل تغییر نیز وجود دارند که می‌توان آن‌ها را به هر برنامه ای تخصیص داد.,0,0,neutral,neutral,True,0,0,88,18,correct,correct
11963,کابل یو اس بی کابل شارژ کوچک انتخاب شده و مثل گوشیهای سونی و .,0,0,neutral,neutral,True,0,0,62,15,correct,correct
13018,ظرفیت 60 گیگابایتی دوربین به شما امکان می‌دهد حداکثر تا 5 ساعت به صورت XP یا 7 ساعت به صورت SP کار کنید.,0,0,neutral,neutral,True,0,0,104,23,correct,correct
9993,جواب دادن به سوال نخست کمی سخت‌تر است.,-1,-1,negative,negative,True,0,0,38,8,correct,correct
9936,این در واقع یک شاخه از پروژه‌ی DARPA با نام CALO می‌باشد که در اوایل سال 2010 اپل این کمپانی را خرید و اکنون از عملکردهای آن در iOS 5 استفاده می‌کند.,0,0,neutral,neutral,True,0,0,149,32,correct,correct
1992,چه برسه به چیپست A6 که به گفته ی اپل دو برابر در CPU و GPU از آیفون 4S قوی تر است.,0,0,neutral,neutral,True,0,0,82,22,correct,correct
5573,بدنه خیلی ساده است ولی به هیچ وجه ضعیف به نظر نمی‌رسد.,1,-1,positive,negative,False,-2,2,54,12,distant_class_error,predicted_more_negative
2697,"از همه جالب تر اینکه شما می توانید به راحتی و به طور کامل بین استفاده از چشمی اپتیکال و الکترونیکی سویچ کنید تا به طور کامل تصویر یک چشمی الکترونیکی با رزولوشن 1,440,000 پیکسل برای شما به نمایش در آید.",1,1,positive,positive,True,0,0,201,41,correct,correct
9969,برای مثال در بنچ مارک SunSpider 9.1 JavaScript ما توانستیم به عدد خیلی خوب 2200 میلی‌ثانیه برسیم و این در حالی است که متوسطی که برای iPhone 4 بدست آوردیم 3700 میلی‌ثانیه بود که در نتیجه 4s بسیار سریع‌تر است.,2,2,very_positive,very_positive,True,0,0,207,40,correct,correct
181,از نظر من خوش دست ترین و کاملترین گوشیه که دیدم ولی با لمس ضعیف دکمه های پایینش با دوستان موافقم .,1,2,positive,very_positive,False,1,1,98,22,adjacent_class_error,predicted_more_positive
8417,اما به جز لنز بهبود بارز بعدی را می توان در نمایشگر دید.,1,0,positive,neutral,False,-1,1,56,13,adjacent_class_error,predicted_more_negative
388,مود خلاقانه تر Program هم وجود دارد.,1,1,positive,positive,True,0,0,36,7,correct,correct
4224,دوربینش در روشنایی خوب عمل میکنه و در نور کم مطلوب نیست.,0,0,neutral,neutral,True,0,0,56,12,correct,correct
880,با این حال مقداری عریض‌تر شده و به نظر ما ظاهری جدی‌تر پیدا کرده است.,0,-1,neutral,negative,False,-1,1,69,15,adjacent_class_error,predicted_more_negative
638,توی رنج قیمتش بهترینه ..,2,2,very_positive,very_positive,True,0,0,24,5,correct,correct
3022,و مهمترین دلیلی که من اینفینیتی رو عوض کردم نداشتن قابلیت استفاده از سیم کارت بود.,-1,-1,negative,negative,True,0,0,82,16,correct,correct
630,کیفیت ساخت خوبی هم دارد.,1,2,positive,very_positive,False,1,1,24,5,adjacent_class_error,predicted_more_positive
7624,همچنین کیفیت فیلم برداری این دوربین HD و با سرعت 30 فریم بر ثانیه می‌باشد.,0,0,neutral,neutral,True,0,0,74,15,correct,correct
4071,این به این معناست که از صفحه نمایش آن نمی‌توان انتظار تصویر چندان خوبی در مقابل صفحه نمایش‌های Super AMOLED و یا Super Clear LCD را داشت.,-1,-1,negative,negative,True,0,0,137,27,correct,correct
6270,اندازه این گوشی زیادی بزرگه.,-1,0,negative,neutral,False,1,1,28,5,adjacent_class_error,predicted_more_positive
2915,محیط رابط کاربری به لطف پردازنده بسیار قدرتمند چهار هسته ای حتی زمانی که از تصویر پس زمینه متحرک استفاده کردیم، کاملا روان است.,2,2,very_positive,very_positive,True,0,0,127,24,correct,correct
317,حرف آخر اینکه اگه اهل بازی و اینترنت با گوشی هستید اس 2 یا وان اس (البته دوربین 8 وان اس رو هم من از 10بهش 6 میدم، ولی بقیه ی امکاناتش در حد عالین!,1,0,positive,neutral,False,-1,1,147,35,adjacent_class_error,predicted_more_negative
4762,لنز واید ، از کجا میشه تهیه کرد و قیمتش حدودا چقده؟,0,0,neutral,neutral,True,0,0,51,12,correct,correct
2030,برخلاف تمام پیش بینیهای اغراق آمیز .,0,0,neutral,neutral,True,0,0,36,7,correct,correct
12253,دوربین بسیار خوبیه هم عکساش خوبه هم فیلمش که عالیه ، فقط سایز خود دوربین خیلی کوچیکه.,2,2,very_positive,very_positive,True,0,0,85,17,correct,correct
8291,صداش واقعا ضعیفه.,-2,0,very_negative,neutral,False,2,2,17,3,distant_class_error,predicted_more_positive
1070,از نظر عملکرد در حساسیت‌های مختلف هم باید گفت که، نویز تنها از ایزو 800 می‌تواند مقداری مشکل ساز باشد.,-1,-1,negative,negative,True,0,0,102,20,correct,correct
1219,از اینجا به بعد را در مورد قابلیت‌های نرم افزاری گوشی صحبت خواهیم کرد، چرا که کارایی داک آن نیز به قابلیت‌های گوشی وابسته است.,0,1,neutral,positive,False,1,1,126,25,adjacent_class_error,predicted_more_positive
3530,لازم به ذکر است که همانند دیگر گوشی‌های مبتنی بر اندروید 4، گلکسی اس3 نیز از زبان فارسی بطور کامل پشتیبانی می‌کند.,1,0,positive,neutral,False,-1,1,114,22,adjacent_class_error,predicted_more_negative
8092,قرمزش قشنگه.,1,1,positive,positive,True,0,0,12,2,correct,correct
11780,اما با این قیمت نه سامسونگ، نه ال جی، نه جی ال ایکس، نه اپل، نه نوکیا هچ مدلی ندارن که به تو ارائه بدن که این همه امکانات داشته باشه و به درد بخور هم باشه!,1,1,positive,positive,True,0,0,155,37,correct,correct
6840,با نگه داشتن کلید پاور برای چند لحظه موبایل خاموش میشه.,0,0,neutral,neutral,True,0,0,55,11,correct,correct
11165,اگر کیت دوربین Skype را که بطور جداگانه فروخته می شود تهیه کنید می توانید با نرخ های بسیار پایین و یا حتی به رایگان با عزیزان خود در اقصی نقاط جهان روی صفحه عریض تلویزیون تماس های ویدیویی با کیفیت عالی برقرار کنید.,1,2,positive,very_positive,False,1,1,214,44,adjacent_class_error,predicted_more_positive
11200,هرچند که 6D مجهز به GPS و Wi-Fi داخلی است ولی به طور کلی می توان گفت که D600 با توجه به بهره گیری از سیستم فوکوس خودکار پیشرفته تر، دو شیار کارت حافظه، چشمی اپتیکال با توانایی 100 درصد میدان دید، و فلاش داخلی دوربین مجهز تری می باشد.,1,1,positive,positive,True,0,0,233,50,correct,correct
7620,نسخه 4.1 اندروید تغییرات زیادی نسبت به نسخه قبلی داشته، کمپانی سامسونگ نیز ویجت هایی را برای استفاده کاربر به آن افزوده است.,1,0,positive,neutral,False,-1,1,124,23,adjacent_class_error,predicted_more_negative
10752,کانن رقیب این کمپانی فکر میکنم آپدیت منطقی تری از مدل قبلی بیرون داده(canon sx280) .,0,0,neutral,neutral,True,0,0,84,16,correct,correct
7235,این در حالیه که با این پول میتونید هم یه تبلت خوب داشته باشید هم یه گوشی خیلی خوب .,-2,2,very_negative,very_positive,False,4,4,83,20,distant_class_error,predicted_more_positive
8926,کیفیت ساخت همان ترکیب همیشگی پلاستیک و فلز است.,0,0,neutral,neutral,True,0,0,47,9,correct,correct
13038,(مطمن باشید از خرید این شاهکار apple پشیمان نمیشوید.,2,1,very_positive,positive,False,-1,1,52,9,adjacent_class_error,predicted_more_negative
1207,تصور کنید که در حال کار با تبلت هستید و گوشی در داک قرار دارد، در همین زمان یک تماس ورودی با شما انجام می‌پذیرد.,0,0,neutral,neutral,True,0,0,112,25,correct,correct
7223,واقعا ارزش خرید داره.,2,2,very_positive,very_positive,True,0,0,21,4,correct,correct
9323,در حقیقت دوربینی چون SX40 HS و مدل های پیشین آن هم در همین رده قرار می گیرند، هرچند که شباهت آن به دوربین های Bridge خیلی بیشتر می باشد.,0,0,neutral,neutral,True,0,0,136,30,correct,correct
10671,گوشی زیبایی هست اما به نظر من htc buttrfly بهتره .,-1,-1,negative,negative,True,0,0,50,11,correct,correct
10221,سلام گوشی فوق‌العاده‌ای هستش از هر نظر هر کی میخواد گوشی با این اطلاعات بخره همینو بخره فقط به اندروید4 اپدیت نکنید بهتره چون سرعتش کم میشه.,1,2,positive,very_positive,False,1,1,140,27,adjacent_class_error,predicted_more_positive
7449,قبل از خرید رفتم تو یه فروشگاه تا ببینم قیمتش نسبت به سایت چطوریه.,0,0,neutral,neutral,True,0,0,66,14,correct,correct
2703,اما خوشبختانه دوربین در این هنگام قفل نمی شود و می توانید عکس بعدی را هم بگیرید.,0,1,neutral,positive,False,1,1,80,17,adjacent_class_error,predicted_more_positive
9693,"خدایی بگم, قیمتشم هر چی باشه ارزش داره دیگه محصول اپل و کلاس کاری خودش ..",1,1,positive,positive,True,0,0,73,16,correct,correct
927,در ضمن دکمه ی iA یا همان اتوماتیک هوشمند نیز در همان قسمت بالا قرار دارد.,0,0,neutral,neutral,True,0,0,73,16,correct,correct
7554,کلیپ فول اچ دی ..,0,0,neutral,neutral,True,0,0,17,5,correct,correct
12135,عکس های گرفته شده توسط این دوربین نیز بر روی انواع کارت های حافظه ی SD ذخیره می شوند.,0,0,neutral,neutral,True,0,0,85,19,correct,correct
3260,کیفیت بلندگوهای سری 3 نیز نسبت به رقبا در این بازه قیمتی، بسیار خوب است.,1,2,positive,very_positive,False,1,1,72,15,adjacent_class_error,predicted_more_positive
11796,اندروید 4 رو هم که می گیره که تو این بازه ی قیمتی این گوشی رو منحصر به فرد میکنه.,2,1,very_positive,positive,False,-1,1,81,20,adjacent_class_error,predicted_more_negative
2804,البته کابل HDMI برای اتصال به HDTV ندارد.,-1,0,negative,neutral,False,1,1,41,8,adjacent_class_error,predicted_more_positive
9704,1- بهترین دوربینو نداره PURE VIEW و LUMIA دارن 2 -نه باریکترینه و سبک ترین هم نیست باریک ترین Droid RAZR هست با 7.1 میلیمتر سبک تر از اون Sony Xperia XS با 95 گرم بهترین صفحه نمایشو هم خودشون میگن داره ولی میبینی که مثل باریک ترین و سبک ترین حتما بهترین نیست 16:9 چیزی بود که استیو جابز ازش متنفر بود و اینکه تقریبا همه ی گوشی های دیگه 16:9 هستند و بالاتر از 4 اینچ هم هستند بهترین هدفون دنیا هم نیست خیلی بهتر از اون هم هست,-2,1,very_negative,positive,False,3,3,424,91,distant_class_error,predicted_more_positive
11885,بر روی نمایشگر این گوشی یک سطح شیشه‌ای ضد خش قرار گرفته است تا در حمل و نقل‌های روزانه دچار خراش نشود.,1,1,positive,positive,True,0,0,102,22,correct,correct
1735,دوربینش بی نقصه .,1,2,positive,very_positive,False,1,1,17,4,adjacent_class_error,predicted_more_positive
5691,ویدئو .,0,0,neutral,neutral,True,0,0,7,2,correct,correct
8125,به نظرم 3 تا مشکل داره: 1- دوربینش فلش نداره.,-1,-1,negative,negative,True,0,0,45,10,correct,correct
3460,از سوی دیگر سرعت اسکن در این دستگاه برای هر صفحه در حدود 15 ثانیه می‌باشد و ویژگی بارز دیگر اسکنر این دستگاه، امکان اسکن خودکار دو رو است.,0,1,neutral,positive,False,1,1,138,29,adjacent_class_error,predicted_more_positive
1730,میشه گفت دیگه هیچ نقصی برای این گوشی وجود نداره.,1,2,positive,very_positive,False,1,1,48,10,adjacent_class_error,predicted_more_positive
8655,گوشی خوبی است.,1,1,positive,positive,True,0,0,14,3,correct,correct
4701,لذت تماشای فیلم های HD رو از دست ندید7- دوربین ری خیلی با کیفیت هست هم تو عکس و هم تو فیلم از وایلد فایر بالاتره ولی تنظیمات منوی دوربین وایلد فایر کاملتر هست8- کیفیت و بلندی صدای بلند گو های ری بالا تر هست9- ری واقعا گوشی خوبی هست، هم خوش دسته و هم خوش استیل (البته طلایی رو گرفتم) باریک و سبک که به راحتی تو جیب پیراهن جا میشه10 - نسخه اندروید 2.3.4 داره که خیلی عالیه و تغییرات جالبی نسبت به 2.3.3 و 2.2.1 کرده11- پردازنده قوی داره و بازی های HD رو به خوبی اجرا میکنه.,1,1,positive,positive,True,0,0,471,101,correct,correct
4906,کی راست میگه؟,0,0,neutral,neutral,True,0,0,13,3,correct,correct
8180,شاید بتوان واقعا بزرگترین بهبود را در همین لنز مشاهده کرد چرا که تاثیر مستقیمی بر کیفیت عکس ها دارند و خود گوپرو هم مانور تبلیغاتی زیادی بر روی آن داده است.,2,1,very_positive,positive,False,-1,1,156,32,adjacent_class_error,predicted_more_negative
1648,به هر حال اگر به بدنه iPhone 4S که تقریبا ضد خش بود عادت کرده باشید، ممکن است مدل جدید کمپانی اپل برایتان چندان رضایت بخش نباشد.,-1,-1,negative,negative,True,0,0,128,27,correct,correct
7440,هرچند که لامپ LED دیگر به زمان گرم شدن احتیاج ندارد و خیلی زود روشن و آماده می‌شود، با این حال برای اسکن یک عکس 6X4 در رزولوشن 300ppi حدود 19 تا 25 ثانیه زمان لازم است.,-1,0,negative,neutral,False,1,1,168,37,adjacent_class_error,predicted_more_positive
12340,دوربین خود همه‌ی تنظیمات را برای گرفتن بهترین و با کیفیت ترین عکس انجام می‌دهد.,1,2,positive,very_positive,False,1,1,79,15,adjacent_class_error,predicted_more_positive
3122,محیط نرم افزاری به لطف پردازنده بسیار قدرتمند دو هسته ای و حافظه RAM بالا، بسیار روان است و می‌توانیم بگوییم که به جز حالتی که از تصویر پس زمینه متحرک استفاده کردیم، تقریبا هیچ‌گونه کاهش سرعتی هنگام کار کردن با این تبلت مشاهده نکردیم.,2,2,very_positive,very_positive,True,0,0,234,45,correct,correct
9873,فقط تنها عیبش گران تمام شدن دسترسی به برنامه هاش است.,-1,0,negative,neutral,False,1,1,53,11,adjacent_class_error,predicted_more_positive
2921,باتری پس از باتری قدرتمند Transformer Prime، انتظار بسیار زیادی از باتری TF700 داشتیم.,0,2,neutral,very_positive,False,2,2,86,14,distant_class_error,predicted_more_positive
9915,عاقلانه هم این بوده که طراحان اپل اشتباه iPhone 4 را بر روی 4s تکرار نکنند و ما هم فکر می‌کنیم که این مورد کاملا حل شده باشد.,2,1,very_positive,positive,False,-1,1,125,28,adjacent_class_error,predicted_more_negative
1424,پس بهتره ایرادات این مدل رو هم مرور کنیم:1-هیچ توجه کردین این لپ تاپ CD و DVD درایو نداره !,-1,0,negative,neutral,False,1,1,91,20,adjacent_class_error,predicted_more_positive
4593,اگه دنیا به عقب برگرده و بگن دوباره گوشیتو انتخاب کن تو این رده قیمت همین گوشی اولینه!,0,0,neutral,neutral,True,0,0,86,18,correct,correct
10817,در جواب به آقای خانجانی باید بگم که زوم اپتیکال هنگام فیلمبرداری داره؛ ولی در حالت پیشفرض روی زوم دیجیتاله.,0,0,neutral,neutral,True,0,0,107,20,correct,correct
4680,امکان گروه بندی اعضای دفتر تلفن وجود نداره.,-1,0,negative,neutral,False,1,1,43,8,adjacent_class_error,predicted_more_positive
346,در یک جمع بندی سریع، می‌توان گفت که کیفیت بلندگوی های G580 در مقایسه با نوت‌بوک های هم رده، کمی بهتر است ولی با این وجود، طرفداران دنیای موسیقی و کسانی که علاقه‌مند به تماشای فیلم با نوت‌بوک خود هستند، بهتر است که از بلندگوهای خارجی و یا هدفون استفاده کنند.,0,-1,neutral,negative,False,-1,1,257,51,adjacent_class_error,predicted_more_negative
12755,با توجه به کار گیری سیستم عامل Android 2.3 و واسط کاربری Timescape سونی اریکسون، اینترفیس Xperia Pro بسیار شبیه به اینترفیس Xperia Neo و Xperia Play می‌باشد.,0,0,neutral,neutral,True,0,0,157,28,correct,correct
6174,عملکرد خیلی بیصدا و استفاده از فن قدرتمند که تا پنج ساعت بازی مداوم هیچ مشکلی بوجود نمیاد.,2,2,very_positive,very_positive,True,0,0,90,18,correct,correct
2398,در سمت چپ گوشی هیچ کلیدی وجود نداشته و نهایتا در بالای آن، خروجی صوتی 3.5 میلی‌متری و شیار میکرو سیم کارت قرار گرفته‌اند.,0,0,neutral,neutral,True,0,0,121,24,correct,correct
7421,عالی و بی نظیره.,2,2,very_positive,very_positive,True,0,0,16,4,correct,correct
8515,کیفیت عکس‌ها کاملا ابتدایی است.,-1,2,negative,very_positive,False,3,3,31,5,distant_class_error,predicted_more_positive
4229,به نظر میرسه باتری نسبتا خوبی داشته باشه.,1,1,positive,positive,True,0,0,41,8,correct,correct
6823,هستش.,0,0,neutral,neutral,True,0,0,5,1,correct,correct
9331,این در حالیست که دوربینی چون SX40 HS توانایی زوم 35 برابر را دارد.,0,0,neutral,neutral,True,0,0,66,14,correct,correct
5966,به هر صورت فاصله‌ی کانونی معادل 25 میلی متر باعث شده است که این دوربین یکی از وایدترین لنزها را در بین دوربین‌های غیر DSLR داشته باشد.,1,0,positive,neutral,False,-1,1,134,27,adjacent_class_error,predicted_more_negative
12899,با این قیمت تو این اوضاع انتخاب خوبیه!,1,1,positive,positive,True,0,0,38,8,correct,correct
5803,سلام بچه ها آندروید 4.1.2 جیلی بین نسخه نهایی برای این گوشی اومده که می تونید دانلود کنید  در نسخه جیلی بین همه این مشکلات برطرف شده یعنی عالی شده.,2,0,very_positive,neutral,False,-2,2,147,30,distant_class_error,predicted_more_negative
2581,من خودم سایت شخصی دارم و فروشنده محصول در اینترنت هستم ولی جدا خرید از دیجی کالا لذت بخش است.,1,1,positive,positive,True,0,0,93,20,correct,correct
1160,ضد ضربه و ضد آب با طراحی بی نظیر شیار کابل روی کاورش واقعا کارآمده.,2,2,very_positive,very_positive,True,0,0,67,15,correct,correct
1696,بنابراین به صورت کلی سعی می‌کنیم به تغییرات اصلی آن اشاره نماییم.,0,0,neutral,neutral,True,0,0,65,12,correct,correct
5605,این دقیقا همان مقداریست که از دوربین یک گوشی با پردازنده‌ی تک هسته ای انتظار داریم.,0,0,neutral,neutral,True,0,0,83,16,correct,correct
2068,) 4.قیمت کمتر (برای رقابت با سایرین) اما با این حال گوشی فوق العاده ای هستش.,2,2,very_positive,very_positive,True,0,0,76,16,correct,correct
8048,کیفیت عکس‌های SX40 HS بالاتر است و در عوض دوربین پاناسونیک عملکردی سریع‌تر، نمایشگری بزرگتر و با کیفیت‌تر، توانایی عکاسی در فرمت RAW و کنترل کامل نوردهی در هنگام فیلم‌برداری را ارایه می‌کند.,0,1,neutral,positive,False,1,1,190,33,adjacent_class_error,predicted_more_positive
7021,Single Core اینتل تونست از دو هسته ای ها جلو بزنه.,1,0,positive,neutral,False,-1,1,50,11,adjacent_class_error,predicted_more_negative
1599,دوربین جلویی که صرفا جهت مکالمات تصویری تعبیه شده و چندان مناسب عکاسی نمی‌باشد.,-1,-1,negative,negative,True,0,0,79,14,correct,correct
3588,در بالا-سمت چپ کیبورد و در کنار بلندگوی لپ‌تاپ، کلید پاور دستگاه قرار دارد.,0,0,neutral,neutral,True,0,0,75,14,correct,correct
7516,من 2 هفته پیش از دیجی خریدم و به نظرم عالیه .,2,2,very_positive,very_positive,True,0,0,45,12,correct,correct
4214,من این گوشی رو یک هفته است گرفتم محشره صفحه بزرگ با کیفیت  سی پی یو قوی  بدون هنگ و گیر - کاملا روان فقط صداش کمه و بقیه امکاناتش عالیه نسخه اندرویدشم 4.1.1 و .,0,2,neutral,very_positive,False,2,2,160,36,distant_class_error,predicted_more_positive
4664,من با گالکسی ای سی که تقریبا هم قیمتش بود مقایسه کردم باز هم اکسپریاری خیلی بیشتر می ارزه چون گالاگسی ای سی مشکلاتی داره مثل کیبورد اسمسش و.,0,2,neutral,very_positive,False,2,2,140,29,distant_class_error,predicted_more_positive
3606,بنابراین اگر جزو کسانی هستید که لپ‌تاپ خود را زیاد جابجا می‌کنید، پیشنهاد می‌کنیم که کابل برق آن را همیشه همراه خود داشته باشید.,0,1,neutral,positive,False,1,1,128,24,adjacent_class_error,predicted_more_positive
486,خودم گلکسی نوت ۱ دارم و با اینکه گوشی رو روت کردم و روش رام عالی سیانوژن نصبه اما هم سایز و هم هنگ های فراوون باعث شده که تصمیم بگیرم بفروشمش و این لومیا رو بخرم.,0,0,neutral,neutral,True,0,0,162,37,correct,correct
9977,اما به جز کیفیت، نخستین چیزی که توجه ما را به خود جلب می‌کند سرعت عکاسی بسیار بالای آن است.,2,2,very_positive,very_positive,True,0,0,91,20,correct,correct
10704,البته صفحه نمایش فوق‌العاده‌ی این گوشی دارای نقاط ضعفی نیز می‌باشد که برای مثال می‌توان به زاویه دید متوسط (به خصوص در حالت افقی) و عملکرد نسبتا ضعیف آن در شرایط نوری قوی (مانند فضاهای خارجی و یا زیر نور آفتاب) اشاره کرد.,0,-1,neutral,negative,False,-1,1,221,43,adjacent_class_error,predicted_more_negative
1847,اپل در گرافیک و پردازنده بی رقیبه.,1,1,positive,positive,True,0,0,34,7,correct,correct
9289,این لنزها بیشتر مناسب ضبط ویدیویی و البته فوکوس خودکار Contrast Detection می باشند.,0,0,neutral,neutral,True,0,0,83,14,correct,correct
8201,WVGA که دیگر غوغا است و می تواند سرعت فریم 240 را ارائه دهد.,2,1,very_positive,positive,False,-1,1,60,14,adjacent_class_error,predicted_more_negative
168,در نگاه اول شباهت های زیادی بین طراحی این گوشی و سری های قبلی Xperia خواهید یافت.,0,0,neutral,neutral,True,0,0,81,17,correct,correct
10700,حذف کلیدهای سخت افزاری از زیر صفحه نمایش، به سونی این امکان را داده است که فضای زیری صفحه نمایش را کوچک‌تر کرده و در نهایت بدون افزایش سایز کلی دستگاه، صفحه نمایش بزرگ‌تری بر روی آن قرار دهد.,1,1,positive,positive,True,0,0,191,39,correct,correct
8613,صفحه با کیفیتی داره.,1,1,positive,positive,True,0,0,20,4,correct,correct
7807,دوربین دوربین 5 مگاپیکسلی iSight با لنز F2.4 و سنسور Backside Illuminated این تبلت، کیفیت عالی را ارائه می‌کند.,2,2,very_positive,very_positive,True,0,0,111,19,correct,correct
12715,دوربینش خیلی خوبه صداشم در حد گوشی های خوب واکمن نیست ولی خوبه مخصوصا نسبت به سری خودش تاچ خوبیم داره و .,1,1,positive,positive,True,0,0,105,23,correct,correct
8264,Elph 520 HS مجهز به لنز 28-336 میلی متر با توانایی زوم اپتیکال 12 برابر است.,1,1,positive,positive,True,0,0,76,16,correct,correct
4545,در پایان باید بگم سونی اریکسون از 100 برای اکسپریا ری حدود90 امتیاز لازم را می گیرد.,0,0,neutral,neutral,True,0,0,84,17,correct,correct
8489,"اینک سایز نمایشگر به 3.5 اینچ افزایش پیدا کرده و از رزولوشن 460,000 پیکسلی بهره می‌برد که از 921,000 پیکسل دوربین کانن کیفیت کمتری دارد.",-1,1,negative,positive,False,2,2,136,25,distant_class_error,predicted_more_positive
3730,نکته: اگه میخواین ورژن سیستم عاملتون رو ببینید این رمز رو بزنید(#0000#*){ستاره- مربع- 4تا صفر-مربع} و با این ورژنی که نوشتم مقایسه کنید.,0,0,neutral,neutral,True,0,0,136,23,correct,correct
9671,این همه منتظر شدیم اپل اینو معرفی کنه؟,0,0,neutral,neutral,True,0,0,38,8,correct,correct
9840,سنسور شتاب سنج، سنسور ژیروسکوپ و نهایتا سنسور قطب نما.,0,0,neutral,neutral,True,0,0,54,10,correct,correct
7547,درضمن گوشی 3d max LG با پردازنده قوی تر وقابلیت ضبط وپخش سه بعدی ازین ارزونتره.,1,0,positive,neutral,False,-1,1,79,16,adjacent_class_error,predicted_more_negative
12937,همچنین صفحه کلید این گوشی طوری طراحی شده که افرادی که ارسال و دریافت پیامک زیادی دارند بتواند به راحتی با این گوشی کار کنند.,1,0,positive,neutral,False,-1,1,124,25,adjacent_class_error,predicted_more_negative
11212,اما Wi-Fi می تواند ویژگی جالب تری باشد.,1,1,positive,positive,True,0,0,39,8,correct,correct
8344,من دو مدل قبل تر این گوشی رو داشتم.,0,0,neutral,neutral,True,0,0,35,9,correct,correct
12526,از دیگر امکانات نیز می‌توان به ژیروسکوپ؛ علاوه بر سنسور شتاب سنج، سنسور نوری، سنسور Proximity، A-GPS و قطب‌نمای دیجیتال اشاره کرد.,1,0,positive,neutral,False,-1,1,130,22,adjacent_class_error,predicted_more_negative
1910,اپل رو واقعا دوست دارم.,1,0,positive,neutral,False,-1,1,23,5,adjacent_class_error,predicted_more_negative
1637,همه این‌ها باعث شده که این گوشی در عین زیبایی، به یک گوشی بسیار خوش دست و راحت نیز تبدیل گردد که کار کردن با آن حتی برای افرادی که دست‌های کوچکی نیز دارند بسیار راحت خواهد بود.,2,2,very_positive,very_positive,True,0,0,176,38,correct,correct
12512,در کل این گوشی از نظر طراحی نسبت به تمامی گوشی‌های موجود در بازار در کلاس بالاتری قرار می‌گیرد.,1,1,positive,positive,True,0,0,95,19,correct,correct
10313,کلا سونی اریکسون نسبت به پولی که هزینه می کنید گوشیهای خوبی داره.,1,2,positive,very_positive,False,1,1,65,13,adjacent_class_error,predicted_more_positive
12691,اسپیکر قدرتمند با بهره گیری از سیستم Xploud 3.صفحه نمایش با کیفیت و همراه با زاویه دید بالا 4.موتور پردازش تصویر عالی Bravia Engine 5.سیستم قدرتمند موقیعت یابی Glonass کشور روسیه (علاوه بر GPS که متعلق به ایالات متحده ست) 6.دوربین بسیار با کیفیت 8 مگا پیکسلی همراه با سنسور بسیار با ارزش Exmor R شرکت سونی جهت عکاسی یا فیلمبرداری در نور کم همراه با فلاش و تثبیت کننده عکاسی و فیلمبرداری ؛ قابلیت فوکوس خودکار پی در پی و فوکوس لمسی و حالت ماکرو (فواصل نزدیک) 7.کیبورد کشویی QWERTY برای تایپ سریع که خیلی نرم و روان هست 8.دوربین جلو جهت Video Call و قابل استفاده در برنامه های Skype و Google Talk 9.,2,2,very_positive,very_positive,True,0,0,597,116,correct,correct
8306,گوشی بسیار قدرتمند و باکیفیتیه فقط باطریش در حد و اندازه این گوشی نیست,1,2,positive,very_positive,False,1,1,70,14,adjacent_class_error,predicted_more_positive
951,تنها کافی است آن را بر روی قسمتی که می خواهید از آن اسکن تهیه کنید قرار دهید و سپس کلید اسکن را فشار داده و روی آن قسمت بکشید و در انتها بار دیگر کلید اسکن را فشار دهید.,0,0,neutral,neutral,True,0,0,169,40,correct,correct
732,توی یک هفته کار با این مدل هیچ گونه اثری از کرش یا کم شدن سرعت علیرغم نصب بازی های سنگین و انواع نرم افزارهای مهندسی ندیدم ، این مدل تنها مشکلش که زیادم به چشم نمیاد عدم وجود نور پس زمینه صفحشه .,0,-1,neutral,negative,False,-1,1,195,44,adjacent_class_error,predicted_more_negative
9244,کسانی که پیش از این کاربر دوربین های 500D، 550D و 600D بوده اند و با فیلم برداری آن ها کار کرده اند حتما متوجه این موضوع شده اند که در مود Live view و هنگام فیلم برداری، فوکوس خودکار فوق العاده کندتر صورت می گیرد و احیانا پر اشتباه.,-2,2,very_negative,very_positive,False,4,4,232,50,distant_class_error,predicted_more_positive
3981,من بین خرید دوربین canon 40x و این دوربین سونی خیلی مردد بودم .,0,2,neutral,very_positive,False,2,2,63,14,distant_class_error,predicted_more_positive
1053,این دوربین شوتینگ مودهای مختلفی دارد که از طریق منوها قابل دسترسی هستند.,1,0,positive,neutral,False,-1,1,72,13,adjacent_class_error,predicted_more_negative
10278,عامل اصلی مصرف باتری در واقع همون LCD گوشی شماست ، با کاهش نور صحفه نمایش می توانید ساعات بیشتری رو از گوشی خودتون استفاده کنید .,0,0,neutral,neutral,True,0,0,129,27,correct,correct
3082,بله با تبلت هایی که داره میاد حتما به دردش میخوره و برا اینکه از تبلت های جدید اندرویدی عقب نمونه باید استانداردهاشو بالا می برد.,0,1,neutral,positive,False,1,1,129,26,adjacent_class_error,predicted_more_positive
10299,دو هفته ای میشه که خریدمش.,0,0,neutral,neutral,True,0,0,26,6,correct,correct
11409,اگر اهل نوشتن و خوندن به زبان انگلیسی باشد و صدالبته اس ام اس زدن با این زبان ، دیکشنری گوشی به همراه امکان نوشتن کلمات فقط با حرکت انگشت روی صفحه فوق العاده است(Gesture Typing) .,2,-1,very_positive,negative,False,-3,3,179,37,distant_class_error,predicted_more_negative
10000,یک وسیله با 3 کاربرد !,1,0,positive,neutral,False,-1,1,22,6,adjacent_class_error,predicted_more_negative
3604,این میزان بدین معناست که در مصارف روزمره عادی E1-531 می‌تواند بین 4 تا 5 (بسته به نوع پردازنده و پردازشگر گرافیکی) شارژ دهی کند.,0,1,neutral,positive,False,1,1,128,25,adjacent_class_error,predicted_more_positive
8820,در مورد دوربین هم بسیار باکیفیت ساخته شده و در بدنه مشکل نیست فقط صفحه نمایش کیفیت پایینی دارد.,0,2,neutral,very_positive,False,2,2,95,19,distant_class_error,predicted_more_positive
5272,اگرچه جنس بدنه Google Nexus 7 از پلاستیک ساخته شده است اما بسیار مقاوم و با کیفیت به نظر می‌رسد و به دلیل شکل کاملا مستطیلی آن، به راحتی می‌توان با یک دست با آن کار کرد.,1,1,positive,positive,True,0,0,169,37,correct,correct
1365,حال شاید برای شما این سوال پیش آید که با وجود اینکه تراکم پیکسلی، صفحه نمایش Retina MacBook Pro نسبت به گوشی آیفون4 و آی پد3 بسیار کمتر است، آیا باز هم می‌توان این صفحه را Retina دانست؟,0,0,neutral,neutral,True,0,0,185,38,correct,correct
11879,علاوه بر 320 مگابایت حافظه‌ی داخلی که درون این گوشی وجود دارد، Xperia Mini توانایی پشتیبانی از کارت حافظه‌ی Mini SD تا سقف 32 گیگابایت را نیز دارد که این مقدار حافظه، خیال شما را از بابت فضا برای ذخیره فایل‌هایتان راحت می‌کند.,1,1,positive,positive,True,0,0,226,43,correct,correct
9239,به خصوص در فیلم برداری!,0,1,neutral,positive,False,1,1,23,5,adjacent_class_error,predicted_more_positive
1425,چه برسه به اینکه بخواین توش BlueRay ببینین!,0,0,neutral,neutral,True,0,0,43,8,correct,correct
7065,این گوشی جای هیچ حرف و حدیثی نذاشته.,1,2,positive,very_positive,False,1,1,36,8,adjacent_class_error,predicted_more_positive
6366,در قلب Galaxy S II یک پردازنده‌ی بسیار قدرتمند دو هسته ای با سرعت 1.2 گیگاهرتز قرار گرفته که در زمان ورود Galaxy S II به بازار در سال 2011 فوق‌العاده بود، اما در حال حاضر و در بین دنیای چهار هسته ایها حرف خاصی برای گفتن ندارد.,-1,2,negative,very_positive,False,3,3,226,48,distant_class_error,predicted_more_positive
11569,(البته میتونین یه نگاهی به Fujifilm X-S1 بندازین، اگه با قیمتش مشکلی ندارین) موفق باشید.,0,0,neutral,neutral,True,0,0,88,15,correct,correct
7536,در مورد فیلم برداری VGA نیز همین مورد صادق است.,0,0,neutral,neutral,True,0,0,47,10,correct,correct
3047,هر وقت هم محل جغرافیایی رو دستی وارد کنی که اب و هوا رو لود کنه یه بار نشون میده چند بار کلا نشون نمیده من که نفهمیدم مشکل کجاست.,0,-1,neutral,negative,False,-1,1,129,30,adjacent_class_error,predicted_more_negative
1957,من یه گوشی سیمبیان دارم، اما با سیستم عامل اندروید و ios کار کردم و راستش باید بگم از دید من هر کدوم خوبیها و بدیهای خودشون رو دارن، و اینکه بستگی به خود کاربر داره که از رابط کاربری کدوم سیستم عامل بیشتر لذت میبره اما اگه بخوام نظر خودمو بعنوان کسی که با هر دو سیستم عامل به یک اندازه کار کرده بگم، باید بگم از دید من اولا تا کسی با یک سیستم عاملی کار نکرده باشه(یعنی تجربه استفاده شخصی از اون سیستم عامل رو نداشته باشه) واقعا نباید بیاد اون رو با یه سیستم عاملی که ازش استفاده کرده مقایسه کنه و راجع بهش نظر بده و ثانیا بنظرم اپل یه سری برتری های قاطعانه نسبت به برندهای دیگه داره(حقیقتا من نه طرفدار سرسخت اپلم و نه طرفدار سرسخت سامسونگ و یا ال جی و یا کمپانی های دیگه، اما همشون رو دوست دارم چون خوب کار کردن)که یه سری از این برتری ها بخاطر سیستم عاملشه(نرم افزار)ویه سری دیگه بخاطر برتری های ساختاری تو محصولاتشه، مثلا شکی تو این نیست که ios با یک پردازنده 2 هسته ای روی آیفون 4s از نظر پردازشی بهتر از مثلا اچ تی سی 4 هسته ای وان x عمل میکنه و این بخاطر بهره مندی بهینه ios از پردازندست.,0,1,neutral,positive,False,1,1,993,211,adjacent_class_error,predicted_more_positive
10041,با اینکه بدنه دستگاه کاملا از پلاستیک ساخته شده ولی مقاوت بالایی را در اکثر قسمت های لپ تاپ شاهد هستیم.,1,1,positive,positive,True,0,0,103,21,correct,correct
6915,در مورد وان ایکس هم همین حرف ها گفته می شد که باتریش ضعیفه اما من یکی از دوستام داشت و وقتی باهاش کار می کنم مثل بقیه ی گوشی های اندرویدی باتری مصرف میکنه.,1,-2,positive,very_negative,False,-3,3,155,35,distant_class_error,predicted_more_negative
11396,همه چی عالی .,2,2,very_positive,very_positive,True,0,0,13,4,correct,correct
923,این باعث شده که احساس خیلی بهتری در هنگام کار کردن با نمایشگر داشته باشید.,2,2,very_positive,very_positive,True,0,0,74,15,correct,correct
110,در آینده و با ورود این محصول به بازار سعی می‌کنیم اطلاعات بیشتری را از آن ارایه کنیم.,0,0,neutral,neutral,True,0,0,85,18,correct,correct
9721,یک دوربین 8 مگاپیکسلی با سنسور بسیار پیشرفتهBackside Illuminated CMOS و دیافراگم f/2.4 که همانند دوربین آیفون 4S عملکرد بسیار خوبی دارد.,2,2,very_positive,very_positive,True,0,0,136,22,correct,correct
185,من این گوشی و دو ماهه گرفتم رزولوشنش خیلی خوبه ولی اگر بخواد بکلایتش روشن باشه خیلی خوب میشه ولی باطری به یک روز هم نمیرسه درضمن وای فایش هم زیاد قاطی میکنه یه مشکل دیگه هم که داره اینه که شیشه اش ضد خش نیست در کل اگر این مسائل براتون مهم نباشه گوشی خوبیه,0,1,neutral,positive,False,1,1,255,56,adjacent_class_error,predicted_more_positive
10395,روی کاغذ که عالی هست و بی رقیب ولی باید بیاد و ببینیم چطوره.,1,2,positive,very_positive,False,1,1,60,14,adjacent_class_error,predicted_more_positive
5013,امکانات کلی XBOX 360 • هارددیسک پرتابل این دستگاه به یک هارددیسک بیست گیگابایتی SATA مجهز می‌باشد که امکان ذخیره‌ی بازی، موسیقی و دموهای مختلف را به کاربر می‌دهد.,0,1,neutral,positive,False,1,1,162,29,adjacent_class_error,predicted_more_positive
9435,• صفحه نمایشصفحه نمایش 4 اینچی به کار رفته در این گوشی با فناوری نور پس زمینه LED-Backlit که از تکنولوژی Bravia سونی بهره برده است ، کنتراست رنگ بسیار خوب و رنگ‌های بسیار زنده‌ای را تولید می‌نماید.,2,1,very_positive,positive,False,-1,1,197,38,adjacent_class_error,predicted_more_negative
11966,در زمان استفاده بیشتر از گوشی قسمت پشت از سمت دوربین داغ میکند.,-1,0,negative,neutral,False,1,1,63,13,adjacent_class_error,predicted_more_positive
7973,کیفیت full hd فیلمبرداریش حرف نداره .,2,2,very_positive,very_positive,True,0,0,37,7,correct,correct
10029,یکی از مزیت هاش نسبت به قیمتش قابلیت چاپ دو رو هست که باعث صرفه جویی در برگه میشه,1,1,positive,positive,True,0,0,81,19,correct,correct
10065,به علاوه خروجی تصویری HDMI و پورت شبکه Ethernet نیز وجود دارند.,0,1,neutral,positive,False,1,1,63,12,adjacent_class_error,predicted_more_positive
9658,بعد از استیو iphone هم مرد دو ساله منتظریم اونوقت یه گوشی می زنن که هیچ چیز خاصی نداره.,-2,0,very_negative,neutral,False,2,2,87,19,distant_class_error,predicted_more_positive
1861,در زمینه انعطاف پذیریه os همین بس که در مرور زمان کاربر بتواند از حداکثر تواناییه سخت افزار بهره مند شود، و با نگاه تخصصی تر بتواند مشکلات دیوایس خود را رفع و رجوع کند!,0,0,neutral,neutral,True,0,0,168,35,correct,correct
4036,با تشکر از سایت بسیار عالی دیجی کالا که خیلی کمک به انتخاب بهترین‌ها می کنه,1,2,positive,very_positive,False,1,1,75,16,adjacent_class_error,predicted_more_positive
6196,درگاه microUSB نیز در قسمت زیرین گوشی جای داده شده است.,0,0,neutral,neutral,True,0,0,55,11,correct,correct
7001,به نظر من گوشی های HTC دو تا مشکل بزرگ دارن 1:باتری ضعیف، 2:نداشتن OTG یا همان USB ON the go,-1,-2,negative,very_negative,False,-1,1,92,21,adjacent_class_error,predicted_more_negative
1344,هدفونش خیلی خوب از پس صدای بلندش بر میاد اصلا صداش با بالا رفتن کیفیتش کم نمیشه.,2,2,very_positive,very_positive,True,0,0,80,17,correct,correct
5871,طوری که اگه یه بار از دستتون بیوفته خراب می‌شه.,-1,0,negative,neutral,False,1,1,47,10,adjacent_class_error,predicted_more_positive
9517,با صفحه ی 4 اینچی یک ردیف به برنامه ها اضافه شده در ضمن اپل مثل اکثر برند ها نیست که هر موبایلش رو با یک قیافه بده بیرون اپل میخواهد شکل اولیه ی خودش رو حفظ کنه.,1,0,positive,neutral,False,-1,1,161,38,adjacent_class_error,predicted_more_negative
3833,در این طراحی از نمای منحنی گون جذاب و یک پایه نوآورانه استفاده شده است که در کنار هم یک شاهکار کامل هنری محسوب می‌شوند.,2,2,very_positive,very_positive,True,0,0,119,25,correct,correct
6499,اگر با Seagate Backup plus 1TB که چند هفته پیش اونم پیشنهاد ویژه بود و یکی ازش خریدم ، مقایسه کنیم..,0,0,neutral,neutral,True,0,0,100,21,correct,correct
845,ایول دقیقا اون چیزیه که مد نظر منه!,1,1,positive,positive,True,0,0,35,8,correct,correct
3120,این تبلت بطور پیش فرض از آخرین نسخه سیستم عامل گوگل یعنی اندروید 4.0 استفاده می کند.,0,0,neutral,neutral,True,0,0,84,17,correct,correct
2847,سخت افزار گوشی True HD یکی از برترین سخت افزار های در بین گوشی‌های 2 هسته ای به شمار می‌رود.,2,1,very_positive,positive,False,-1,1,92,20,adjacent_class_error,predicted_more_negative
6272,انگار سامسونگ خواسته با بزرگ کردن زیادی این گوشی با صفحه نمایش کوچکتر یه جوری به اندازه گوشی نوت2 نزدیکش کنه اما کمی ابعادش مناسبتر بود گوشی قابل قبولتری میشد همینطور وزنش هم کمی زیاده و میتونست کمی سبکتر ساخته بشه ولی قابلیت دو سیمکارته بودنش تو این سطح خوبه,-1,-1,negative,negative,True,0,0,259,50,correct,correct
2714,جالب ترین و باحال ترین وسیله ای که من تا حالا داشتم .,2,2,very_positive,very_positive,True,0,0,53,13,correct,correct
7812,جمع بندی به هر حال، تبلتی که در هفته اول فروش بیش از 3 میلیون دستگاه فروش رفته است، نمی‌تواند تبلت بدی باشد.,1,0,positive,neutral,False,-1,1,108,23,adjacent_class_error,predicted_more_negative
7918,از دیدن فیلم های Full HD لذت ببرید.,2,1,very_positive,positive,False,-1,1,35,8,adjacent_class_error,predicted_more_negative
6358,عملکرد در زوایای مختلف نیز بسیار خوب است و در زیر نور مستقیم آفتاب نیز کاملا رضایت بخش ارزیابی می‌گردد.,2,2,very_positive,very_positive,True,0,0,103,20,correct,correct
6705,هرچند که آن‌ها نیز باید از طریق سیستم منو انتخاب شوند.,0,0,neutral,neutral,True,0,0,54,11,correct,correct
6210,بر خلاف محصولات برتر این کمپانی، چیپ موجود بر روی این گوشی Exynos نیست و BCM28155 می‌باشد.,0,0,neutral,neutral,True,0,0,90,17,correct,correct
7427,همچنین تنها ظرفیت اسکن همزمان 4 فیلم عکاسی را دارند.,0,0,neutral,neutral,True,0,0,52,10,correct,correct
733,4540 با توجه به سوییچ کردن گرافیک فشار زیادی به گرافیک قدرتمند AMD نمیاره .,1,1,positive,positive,True,0,0,75,15,correct,correct
9594,گرفتنش تو دست با توجه به کوچکتر بودن صفحه نمایش اون نسبت بقیه گوشیهای هم رده راحت تره مثلا گرفتن s3 یکم سخته.,1,-1,positive,negative,False,-2,2,109,23,distant_class_error,predicted_more_negative
6175,عملکرد عالی کینکت بدون نیاز به وسیله ای که خیلی عالی حرکات شما رو شناسایی میکنه.,2,2,very_positive,very_positive,True,0,0,80,16,correct,correct
11359,صدا از طریق میکروفون مونو داخلی ضبط می‌شود ولی قابلیت اتصال میکروفون اکسترنال استریو را نیز دارد.,0,0,neutral,neutral,True,0,0,97,17,correct,correct
2135,دوستان سلام راستش من هم در اوایل معرفی ایفون ٥ نسبت بهش بدبین بودم و همش با ٤ اس خودم مقایسه می کردم اما زمانی که گوشی رو خریدم و بعد از چند روز که بهش عادت کردم فهمیدم واقعا محشره شاید علت اینکه بسیاری از دوستان بهش انتقاد دارن قیمت بالای اونه که برای من که حداقل دو سال گوشی را نگه می دارم قیمت در اولیت نیست مزایای این گوشی١.,1,-1,positive,negative,False,-2,2,328,72,distant_class_error,predicted_more_negative
121,قبل از خرید فنون عکاسی رو یاد بگیرید.,0,0,neutral,neutral,True,0,0,37,8,correct,correct
11625,خیلی عالی از نظر من همین صفحه کوچک و وزن سبکش که خوبه و دوربینش هم عالی,2,2,very_positive,very_positive,True,0,0,71,17,correct,correct
9412,من یک ماهه که دارم ازش استفاده می کنم و راضیم.,1,1,positive,positive,True,0,0,46,11,correct,correct
11790,این مشکل قاطی کردن دکمه ی بک و منو هم که دوستان بهش اشاره کردن تا حالا اصلا برام پیش نیومده.,1,0,positive,neutral,False,-1,1,92,21,adjacent_class_error,predicted_more_negative
4477,قدرت بلندگوی این گوشی بسیار زیاد است به همین حتی در فضاهای شلوغ به راحتی می‌توانید صدای زنگ خوردن گوشی خود را بشنوید.,1,2,positive,very_positive,False,1,1,117,23,adjacent_class_error,predicted_more_positive
3600,حافظه RAM سری E1-531 نیز در کانفیگ های مختلف بین 2 تا 4 گیگابایت متغیر است.,0,0,neutral,neutral,True,0,0,75,16,correct,correct
5592,همچنان در رابط کاربری این گوشی هم شاهد 5 صفحه‌ی خانگی هستیم که امکان حذف هیچ کدام وجود ندارد.,-1,-1,negative,negative,True,0,0,93,19,correct,correct
11557,مثلا میتونید در یک حالت انتخاب رنگ کنید و از کادری که عکس میگیرید فقط همون رنگ در عکستون میمونه و بقیه عکس سیاه و سفید میشه.,0,0,neutral,neutral,True,0,0,124,27,correct,correct
4303,اپل بر روی نسل پنجم iPod Touch یک دوربین 5 مگاپیکسلی قرار داده که دقت تصاویر آن، هفت برابر دوربین iPod Touch نسل چهارم است.,0,0,neutral,neutral,True,0,0,123,25,correct,correct
7491,وای عجب گوشی هستش من ازش خوشم اومده حتما یکی ازش میخرم هم ارزونه هم اینکه همه جور امکاناتی داره خیلی هم خوشکله,1,2,positive,very_positive,False,1,1,110,23,adjacent_class_error,predicted_more_positive
5765,این هم ویژگی جالبی است.,1,1,positive,positive,True,0,0,23,5,correct,correct
8725,اگر خواهان خرید گوشی تا در این رنج قیمت هستید در خرید آن هیچ شکی نکنید و فوق العادست.,1,2,positive,very_positive,False,1,1,85,19,adjacent_class_error,predicted_more_positive
8292,طراحی خوبی داره,1,1,positive,positive,True,0,0,15,3,correct,correct
10996,دوستان چرا همه با نیو آیپد مقایسه میکنن ممنون میشم با یک آندروییدی هم قیمت خودش هم مقایسه کنید مثل infinity من قصد خرید t700 دارم به این دلایل صفحه FHD که طبق تست های انجام شده کنتراست بیشتری نسبت به نیو آیپد داشته یعنی کیفیت تصویر بهتر cpu tegra 3 با فرکانس 1.6 یعنی سریع ترین تبلت آندرویید در حال حاضر و همینطور یک cpu تک هسته ایی همراه داشتن داک ولی تنها کمبودی که داره پشتیبانی نکردن از سیم کارت که با hotspot مشکلش حل میشه و اینکه چند برنامه همزمان باز نمیشه ((مولتی تسک داره ولی چند برنامه نمیشه همزمان کار کرد باهاشون)),1,1,positive,positive,True,0,0,526,106,correct,correct
7935,دوربینHTC در سری گوشی‌های One خود، یک پردازشگر به نام ImageChip قرار داده است که وظیفه انجام محاسبات مربوط به دوربین گوشی را بر عهده دارد.,0,0,neutral,neutral,True,0,0,138,26,correct,correct
725,البته تو سری های مختلف از مارک های مختلف که بدنه فلزی داشتن هم این مشکل وجود داشته ولی به هرحال شاید نشه اون رو یه مشکل دونست.,0,0,neutral,neutral,True,0,0,126,28,correct,correct
996,طبق استانداردهای CIPA نیز باتری لیتیوم-یونی این دوربین توانایی پشتیبانی برای گرفتن تا 330 شات را دارد.,0,0,neutral,neutral,True,0,0,102,17,correct,correct
9440,• نرم افزاروجود سیستم عامل اندروید نسخه 4 در این گوشی، به کاربر این امکان را می‌دهد که اکثر برنامه های موجود برای سیستم عامل اندروید را نصب و استفاده نماید.,1,0,positive,neutral,False,-1,1,156,31,adjacent_class_error,predicted_more_negative
6486,عالی بود,2,2,very_positive,very_positive,True,0,0,8,2,correct,correct
7493,این گوشی حتی نسبت به لومیا 820 نیز لبه های گرد تری دارد که به نظر می‌رسد ظاهر آن‌را جوانانه تر نماید.,1,0,positive,neutral,False,-1,1,101,22,adjacent_class_error,predicted_more_negative
9550,(۱٫۵×۱٫۴=۲٫۱).,0,0,neutral,neutral,True,0,0,14,1,correct,correct
11888,بعلاوه از فن‌آوری لمسی خازنی بهره می‌برد.,1,1,positive,positive,True,0,0,41,7,correct,correct
10782,خیلی کم چیزی کمتر از 1 استاپ.,1,-1,positive,negative,False,-2,2,29,7,distant_class_error,predicted_more_negative
1960,همینطور اپل برتری های دیگه ای هم نسبت به گوشیهای اندرویدی داره اما یه سری برتری ها هم اندرویدی ها نسبت به اپل دارن مثلا باید واقع بین باشیم که تو کشور ما نمیشه از حتی 80%امکانات نرم افزاری اپل استفاده کرد اما تقریبا بسادگی میشه از 100%امکانات گوشیهای اندرویدی لذت برد.,0,-1,neutral,negative,False,-1,1,268,52,adjacent_class_error,predicted_more_negative
12183,اتفاقا به همان صورت جایگاه باتری و کارت حافظه در یک جا می باشد.,0,0,neutral,neutral,True,0,0,63,14,correct,correct
3868,سنسور تصویر از همان سنسورهای 1/2.3 اینچی کوچک است که بر روی دوربین‌های این رده استفاده می‌شود.,0,0,neutral,neutral,True,0,0,94,17,correct,correct
10502,بدون هیچ ضعفی هست من دارم وراضیم صداش یکم ضعیفه.,1,1,positive,positive,True,0,0,48,10,correct,correct
2973,یعنی gprs و edge.,0,1,neutral,positive,False,1,1,17,4,adjacent_class_error,predicted_more_positive
8520,البته اگر صحنه‌ای که از آن در حال فیلم برداری هستید دارای سوژه هایی واضح در قسمت پس زمینه و پیش زمینه باشد، اثر سه بعدی خیلی بهتر دیده می‌شود.,1,2,positive,very_positive,False,1,1,142,30,adjacent_class_error,predicted_more_positive
3379,در کل، یکی از مواردی که در مورد گوشی‌های رده بالای HTC برای ما عجیب به نظر می‌رسد، عدم استفاده این کمپانی از صفحه نمایش‌های SuperAMOLED می‌باشد.,0,-1,neutral,negative,False,-1,1,144,27,adjacent_class_error,predicted_more_negative
2079,اینها تمام مواردی بود که از گوشی های سونی اریکسون ، سونی و گلکسی های سامسونگ دیده ام.,0,0,neutral,neutral,True,0,0,85,18,correct,correct
5102,در صورتی که جدیدترین میان‌افزار درایو LG ورژن ۲٫۴ می‌باشد.,0,0,neutral,neutral,True,0,0,58,10,correct,correct
11433,صدای مکالمه و اسپیکر هم عالیه.,2,2,very_positive,very_positive,True,0,0,30,6,correct,correct
10365,M500 مجهز به لنز با توانایی زوم 10 برابر است.,1,0,positive,neutral,False,-1,1,45,10,adjacent_class_error,predicted_more_negative
2517,وب کم این نوت‌بوک‌ها رزولوشن VGA را ارایه می‌دهد که رزولوشن چندان بالایی نیست ولی به هر صورت برای مکالمه‌های ویدیویی مناسب است.,1,1,positive,positive,True,0,0,127,23,correct,correct
1144,بعد از دو روز به دستم رسید.,0,0,neutral,neutral,True,0,0,27,7,correct,correct
5676,GALAXY Tab 2 10.1 را نمی‌توان یک جانشین مناسب برای تبلت معروف GALAXY Tab 10.1 دانست.,-1,0,negative,neutral,False,1,1,84,16,adjacent_class_error,predicted_more_positive
3913,در آینده و با به بازار آمدن این دوربین، سعی می‌کنیم که آپدیت هایی بر روی این نقد و بررسی داشته باشیم.,0,0,neutral,neutral,True,0,0,101,22,correct,correct
4055,امیدوارم تو انتخابتون کمک کرده باشم,0,0,neutral,neutral,True,0,0,35,6,correct,correct
9041,چقدر شبیه سری سونی آلفا نکسه این!,0,0,neutral,neutral,True,0,0,33,7,correct,correct
9919,هرچند که اپل از گفتن این موضوع امتناء کرده، ولی این پردازنده بر روی iPhone 4s با سرعت ساعتی 800 مگاهرتز کار می‌کند و این در حالی است که سرعت ساعتی آن بر روی iPad 2 همان 1 گیگاهرتز بود.,0,0,neutral,neutral,True,0,0,184,40,correct,correct
11171,:|,0,0,neutral,neutral,True,0,0,2,1,correct,correct
4581,"کیفیت صفحه نمایشش فوق العاده است,سرعت cpu خیلی بالاست و اصلا کم نمیاره,خوش دست و ظریفه و هم چنین محکم.",2,2,very_positive,very_positive,True,0,0,102,20,correct,correct
10053,این بلندگوها که با همکاری کمپانی Altec Lansing ساخته شده اند، کیفیت صدایی کاملا رضایت بخش ارائه می دهند.,1,2,positive,very_positive,False,1,1,104,19,adjacent_class_error,predicted_more_positive
5169,باعرض سلام خدمت گیمرهای عزیز میخواستم چند نکته درمورد xbox 360 و ps3 به حضورتان برسانم!,0,0,neutral,neutral,True,0,0,87,16,correct,correct
7580,کلا گوشی خوبیه .,1,1,positive,positive,True,0,0,16,4,correct,correct
9040,چه جالب !,1,1,positive,positive,True,0,0,9,3,correct,correct
937,تا چه حد موفق بوده اید؟,0,0,neutral,neutral,True,0,0,23,6,correct,correct
11493,ظاهر گوشی بسیار زیباست و پشت آن همانند گوشی LG Optimus G به یک بافت هولوگرافیک مزین شده است که ظاهر فوق‌العاده زیبایی به آن داده است.,2,2,very_positive,very_positive,True,0,0,133,27,correct,correct
2947,منم گرفتم این تبلتو ولی یه مشکلی داشت فرستادم شرکت هماهنگ واسه گارانتیش ولی الان بیست روزه هی امروز و فردا میکنن.,0,0,neutral,neutral,True,0,0,113,22,correct,correct
11907,• کننده رسانه - پخش فیلم با کیفیت فول اچ دی و زیرنویس فارسی دیگر نیاز نیست برای مشاهده فیلم‌های HD و Full HD الزاما از کامپیوتر و یا نوت‌بوک استفاده نمایید .,0,0,neutral,neutral,True,0,0,157,33,correct,correct
10315,فضا برای نصب نرم افزار زیاد داره و تاچش هم خیلی خوبه .,1,2,positive,very_positive,False,1,1,54,13,adjacent_class_error,predicted_more_positive
8301,در خریدش شک نکنید حتی الان که از تولیدش گذشته فقط بگم گارانتی یاس بهترین گارانتی موجوده (یاس همون ارین جدیده) قیمت دی جی کالا فرقی با بیرون نداره واقعا هم مطمئن هستش از اینجا بخرید شک نکنید.,1,1,positive,positive,True,0,0,190,38,correct,correct
11634,خیلی گوشی خوبیه از همه لحاظ راحت روت میشه و کاستوم رام هاروهم بدون هنگ کردن ساپورت میکنه و خوش دسته و.,2,1,very_positive,positive,False,-1,1,102,22,adjacent_class_error,predicted_more_negative
10110,کیفیت اسکن عکس های رنگی هم خیلی خوب است ولی همچنان همان مشکل در رنگ خاکستری به چشم می خورد.,-1,2,negative,very_positive,False,3,3,91,20,distant_class_error,predicted_more_positive
10853,) با این تبلت بسیار لذت خواهند برد و از داشتنش پشیمون نخواهند شد.,2,2,very_positive,very_positive,True,0,0,65,14,correct,correct
9539,برای مثال شرکت موتورولا در حال حاضر ۳ تلفن دارد که ضخامت آنها کمتر از آیفون 5 است.,0,0,neutral,neutral,True,0,0,82,18,correct,correct
8002,من هم ۱۰ روزی می‌شه که این دوربینو خریدم.,0,1,neutral,positive,False,1,1,41,9,adjacent_class_error,predicted_more_positive
4843,ایکس باکس 360 الایت از پی اس 3 خیلی بهتر و به صرفه تره,2,1,very_positive,positive,False,-1,1,54,14,adjacent_class_error,predicted_more_negative
5687,حرف نداره.,1,2,positive,very_positive,False,1,1,10,2,adjacent_class_error,predicted_more_positive
7055,واقعا متفاوت .,1,2,positive,very_positive,False,1,1,14,3,adjacent_class_error,predicted_more_positive
2225,این سیستم عامل به خودی خود، پیشرفت‌های زیادی نسبت به نسخه‌های پیشین داشته است و HTC با قرار دادن جدیدترین رابط کاربری خود با نام Sense 4 Plus این بهبودها را دو چندان کرده است.,1,2,positive,very_positive,False,1,1,175,35,adjacent_class_error,predicted_more_positive
6317,اصلا طرح هاشون متنوع نیست!,-1,-1,negative,negative,True,0,0,26,5,correct,correct
262,به نظر من یه پردازنده ی دو هسته ای با دوربین 12 و یک صفحه ی مناسب 4.55 اینچی خیلی خیلی با این قیمتی که الان تو بازار داریم مناسبه !,1,2,positive,very_positive,False,1,1,131,31,adjacent_class_error,predicted_more_positive
6492,بهترین وسیله برای نگه داشتن بکاپ با امنیت بالا با استفاده از نرم افزاری که تو خودش داره.,2,2,very_positive,very_positive,True,0,0,88,18,correct,correct
1222,رنگ بندی زیبا و درخشان آن به راستی کاربر را هیجان زده می‌نماید.,1,1,positive,positive,True,0,0,63,13,correct,correct
12749,از دیدن دکمه‌ی شاتر خرسند شدیم چرا که اخیرا شاهد حذف شدن تدریجی آن‌ها بر روی گوشی‌های با نمایشگر لمسی بوده‌ایم.,1,0,positive,neutral,False,-1,1,111,21,adjacent_class_error,predicted_more_negative
7742,کیفیت ساخت اپل رو که همه میدونن.,0,0,neutral,neutral,True,0,0,32,7,correct,correct
9667,با دوربین 8.,0,0,neutral,neutral,True,0,0,12,3,correct,correct
12704,نسبت به قیمتش واقعا بی رقیبه امکاناته بالایی داره فقط ای کاش خوشگلتر بود,1,1,positive,positive,True,0,0,72,14,correct,correct
7960,که البته SX50 و..,0,0,neutral,neutral,True,0,0,17,4,correct,correct
445,در کل، می‌توان گفت که صفحه نمایش لومیا 620 به دلیل عملکرد بسیار خوب یکی از مزایای آن محسوب می‌گردد.,2,2,very_positive,very_positive,True,0,0,99,20,correct,correct
3477,"کارتریج‌های این دستگاه عبارتند از:PG-440, CL-441 (Optional)PG-440XL, CL-441XL.",0,0,neutral,neutral,True,0,0,78,8,correct,correct
10270,با سلام خدمت دوستان:عزیزانی که در خرید این گوشی شک دارن باید بگم من جیو داشتم از اون خوشم نیومد لایو گرفتم .,1,0,positive,neutral,False,-1,1,108,23,adjacent_class_error,predicted_more_negative
2884,در سمت چپ Infinity، پورت 3.5 میلی‌متری هدفون، شیار microSD و خروجی microHDMI و در انتهای این لبه، کلید پاور قرار دارد.,0,0,neutral,neutral,True,0,0,118,22,correct,correct
1529,و یا همزمان با مطالعه، در اینترنت هم گشت و گذار و جستجو نمایید .,0,0,neutral,neutral,True,0,0,64,15,correct,correct
12782,من از اسمارتفون های زیادی استفاده کردم ولی باید گفت این یه چیز دیگه هست.,1,0,positive,neutral,False,-1,1,72,15,adjacent_class_error,predicted_more_negative
3292,لپ تاپی در حد انتظار از یک لپ تاپ ارزان قیمت خیلی خوبه .,1,1,positive,positive,True,0,0,56,14,correct,correct
4222,امروز این گوشی به دستم رسید.,0,0,neutral,neutral,True,0,0,28,6,correct,correct
11616,اگرچه جنس بدنه Google Nexus 7 از پلاستیک ساخته شده است اما بسیار مقاوم و باکیفیت به نظر می‌رسد و به دلیل شکل کاملا مستطیلی آن، به راحتی می‌توان با یک دست با آن کار کرد.,2,1,very_positive,positive,False,-1,1,168,36,adjacent_class_error,predicted_more_negative
4124,این بدان معنا است که قیمت آن شما را متعجب خواهد ساخت.,1,0,positive,neutral,False,-1,1,53,12,adjacent_class_error,predicted_more_negative
7388,با توجه به قیمت مناسب دستگاه، قابلیت‌ها و امکانات دستگاه بسیار رضایت بخش است.,1,2,positive,very_positive,False,1,1,77,14,adjacent_class_error,predicted_more_positive
12913,4- منوی کاربری دستگاه اشکالات سابق گوشی هایی چون X1 را ندارد؛ به عنوان مثال می توانید نام و نام خانوادگی فارسی طولانی را در دفترچه تلفن ثبت کنید.,1,0,positive,neutral,False,-1,1,145,29,adjacent_class_error,predicted_more_negative
11526,این چیپ، پردازنده چهارهسته ای Krait با فرکانس 1.5 گیگاهرتز و پردازشگر گرافیکی Adreno 320 را پشتیبانی می‌کند.,0,1,neutral,positive,False,1,1,108,18,adjacent_class_error,predicted_more_positive
772,طراحی و ساخت گوشی Desire SV از جنس پلاستیک ساخته شده است و طراحی جمع و جور، گوشه های انحنا دار و ابعاد مناسب این گوشی موجب می‌شود که استفاده از آن تنها با یک دست نیز امکان پذیر باشد.,1,1,positive,positive,True,0,0,182,40,correct,correct
643,تمامی بازی های جدیدو توش راحت بازی کردم .,1,1,positive,positive,True,0,0,41,9,correct,correct
3807,با محتواها و قابلیت‌های بهبود یافته تجربه مشاهده هوشمندانه‌تری داشته باشید با سه سرویس انحصاری و جدید سامسونگ – برنامه‌های کاربردی برای سرگرمی کودکان - Kids، برنامه‌های کاربردی برای تندرستی – Fitness و برنامه‌های کاربردی برای خانواده - Family Story – وارد دنیای سرگرمی‌های آنلاین شده و از محتواهای ارتقا یافته جدید آنها بهره‌مند شوید.,1,0,positive,neutral,False,-1,1,334,55,adjacent_class_error,predicted_more_negative
4359,- البته کاملا بی نقص کار می کنه حتی تاچش.,1,1,positive,positive,True,0,0,41,10,correct,correct
9940,شما می‌توانید هر سوالی را که خواستید به صورت کلامی و شفاهی (به زبان انگلیسی) از گوشی بپرسید و جواب آن را دریافت نمایید.,0,0,neutral,neutral,True,0,0,119,24,correct,correct
10556,اما متاسفانه کیفیت فیلم برداری این دوربین VGA و ضعیف است و اصلا جایی برای دفاع باقی نمی‌گذارد.,-2,-1,very_negative,negative,False,1,1,94,18,adjacent_class_error,predicted_more_positive
7472,البته طراحی و ساخت جمع و جور و سبک CX190 یکی از جذابیت‌های آن می‌باشد ولی وقتی آن را در دست می‌گیرید مقداری پلاستیکی و غیر محکم به نظر می‌رسد.,-1,1,negative,positive,False,2,2,142,30,distant_class_error,predicted_more_positive
6620,مثلا وقتی دوربین را بر روی مود Smart Auto می‌گذارید، به صورت خودکار توانایی نوع صحنه، میزان نور محیط و دیگر پارامترها را دارد تا تنظیمات را بر روی بهترین حالت قرار دهد تا با کیفیت ترین تصویر بدست آید.,0,1,neutral,positive,False,1,1,200,40,adjacent_class_error,predicted_more_positive
5959,همچنین این دوربین مود عکاسی 3D یا سه بعدی هم دارد.,0,0,neutral,neutral,True,0,0,50,11,correct,correct
3111,در سمت چپ تبلت نیز شیار مموری کارت قرار دارد که از کارت های حافظه microSD با ظرفیت حداکثر 32 گیگابایت پشتیبانی می کند.,0,0,neutral,neutral,True,0,0,118,24,correct,correct
8676,من بررسی کردم و به محض اینکه این گوشی اومد(یک هفته پیش) 4 تا از این گوشی رو واسه خودم و دوستام خریدم جدی 4 تا,1,0,positive,neutral,False,-1,1,109,26,adjacent_class_error,predicted_more_negative
11037,در آخر من این تبلتو بهترین تبلت بازار تا به امروز می دونم و اون رو به همه کسانی که به دنبال تبلتی با کارایی بالا و نه فقط پرستیژ بالا هستند پیشنهاد میکنم.,2,2,very_positive,very_positive,True,0,0,154,34,correct,correct
9154,سیم کارت‌های قرار گرفته بر روی این گوشی می‌توانند باند های مختلف مخابراتی را در شبکه های 2G پشتیبانی کنند اما امکان استفاده از قابلیت‌های شبکه 3G فقط بر روی سیم کارت اول فراهم است.,-1,1,negative,positive,False,2,2,180,35,distant_class_error,predicted_more_positive
11472,اما باز هم خوبه بستگی به قیمتش داره اگه سر به فلک نکشه تو ایران خیلی خوبه,1,1,positive,positive,True,0,0,73,17,correct,correct
10144,من 1 سال این گوشی رو دارم گوشی خیلی خوبیه.,1,1,positive,positive,True,0,0,42,10,correct,correct
2156,ایا دو برابر کیفیت دوربین داره؟,0,0,neutral,neutral,True,0,0,31,6,correct,correct
4278,اپل تمام تلاش خود را کرده تا iPod Touch را باریک‌تر و سبک‌تر کند و در این کار کاملا موفق بوده!,2,1,very_positive,positive,False,-1,1,94,21,adjacent_class_error,predicted_more_negative
10774,بدین ترتیب که وقتی در بزرگنمایی های بالا در حال عکاسی از سوژه هستید، لرزش دست شما منجر به تار شدن تصویر گردد.,-1,1,negative,positive,False,2,2,109,23,distant_class_error,predicted_more_positive
9199,این دوربین در شرایط نوری ضعیف تا ISO 6400 عکسهای فوق العاده ای میگیره.,2,2,very_positive,very_positive,True,0,0,70,14,correct,correct
10535,نمی‌توان گفت که سخت افزار این گوشی ضعیف است، اما به واقع سخت افزار قدرتمندی نیز برای یک گوشی در این سطح محسوب نمی‌گردد.,0,-1,neutral,negative,False,-1,1,119,24,adjacent_class_error,predicted_more_negative
12862,با این حال از نظر کیفیت چاپ عکس باید گفت که در سطحی کاملا حرفه ای قرار ندارند.,-1,0,negative,neutral,False,1,1,78,18,adjacent_class_error,predicted_more_positive
8393,همانطور که گفتیم، توانایی ایجاد بزرگنمایی لنز SX50 HS بی نظیر است.,2,2,very_positive,very_positive,True,0,0,66,12,correct,correct
3784,مشخصا فیلم های این دوربین نویز کمتر، حساسیت بیشتر به نور و رنگ های غلیظ تری دارند.,1,1,positive,positive,True,0,0,82,17,correct,correct
10751,با توجه به کامپکت بودن به‌صرفه نیست که همین نکته سبب میشه به گزینه های دیگری فکر کرد.,-1,-1,negative,negative,True,0,0,85,18,correct,correct
383,همچنین کمینه‌ی نسبت کانونی آن نیز f/2.7-5.9 می‌باشد که دست کم در حالت واید لنز بسیار سریعی می‌باشد تا در شرایط نوری ضعیف بتوانید با سرعت‌های شاتر بالاتری عکاسی کنید.,1,2,positive,very_positive,False,1,1,165,30,adjacent_class_error,predicted_more_positive
9381,صفحش فوق‌العاده است و دوربین خوبی داره و عکس‌برداریش خیلی سریعه با اینکه اتوفوکوس داره.,2,2,very_positive,very_positive,True,0,0,87,15,correct,correct
4435,سلام تلویزیون های پلاسما عمر کمتری نسبت به led دارن و همین طور مقاومتشون در برابر ضربه کمتره در ضمن مصرف و گرما بیشتری هم دارن ولی اگه دنبال سایز بالا با قیمت پایین می گردین مورده نسبتا خوبیه ولی توصیه میکنم بودجتون رو بالا ببرین و led بخرین یا اگه پلاسما خریدین حتما خیلی مراقب ضربه خوردن و ریختن آب و..,-1,1,negative,positive,False,2,2,304,62,distant_class_error,predicted_more_positive
10460,یه خبر خوب در مورد این گوشی ، قراره برای این گوشی نسخه 4.1 اندروید عرضه بشه، تغییرات حاصله در این نسخه، اضافه شدن حالت STAMINA برای بهبود عملکرد باتری، بروزرسانی موزیک پلیر ، ویدئو، .,1,1,positive,positive,True,0,0,183,36,correct,correct
11724,"آندروید 4 روش نصب کردم ولی یه مشکل داره اونم اینه که فارسی نمیشه و توی سایت‌های فارسی , فارسی رو برعکس مینویسه.",-1,0,negative,neutral,False,1,1,111,23,adjacent_class_error,predicted_more_positive
3980,در سری کامپکت ها حرف اولو می زنه!,1,0,positive,neutral,False,-1,1,33,8,adjacent_class_error,predicted_more_negative
2493,• کیبورد و تاچ پد صفحه کلید هرچند که از نوع مدرن‌تر جزیره ای با کلیدهای جدا از هم جزیره‌ای نیست، ولی عملکرد بسیار خوبی دارد.,2,2,very_positive,very_positive,True,0,0,124,26,correct,correct
8776,نهایتا بر روی قاب پشتی نیز دوربین به همراه فلاش LED و بلندگوها تعبیه شده‌اند که به همراه لوگوی LG، قاب پشت را شیک و زیبا نموده‌اند.,1,0,positive,neutral,False,-1,1,131,27,adjacent_class_error,predicted_more_negative
2769,من خودم این تبلت رو دارم و هیچ مشکلی نداره رزولوشن عالی هست هیچ فرقی با نوت ۱۰.,2,0,very_positive,neutral,False,-2,2,79,18,distant_class_error,predicted_more_negative
7642,فروشش توی امریکا با قیمت واقعا مناسب شروع شده!,1,1,positive,positive,True,0,0,46,9,correct,correct
3896,یک پورت HDMI بر روی این دوربین وجود دارد که از آن طریق دوربین را می‌توانید به HDTV متصل کنید.,0,0,neutral,neutral,True,0,0,93,20,correct,correct
2802,مودهای عکاسی خیلی متنوع هستند.,2,1,very_positive,positive,False,-1,1,30,5,adjacent_class_error,predicted_more_negative
4838,من دیروز با پدرم رفته بودم دبی برای خرید کنسول بازی wii برترین کنسول دنیاست همتون عاشقش میشید.,1,0,positive,neutral,False,-1,1,94,18,adjacent_class_error,predicted_more_negative
6661,فیلم برداریشم خوبه با توجه به اینکه دوربین عکاسی هست.,0,1,neutral,positive,False,1,1,53,10,adjacent_class_error,predicted_more_positive
3173,مزایای این تبلت به همراه داشتن قابلیت های مکالمه تلفنی - قرار گرفتن سیم کارت (برای استفاده از اینترنت) - GPS - و نهایتا نسخه خوبی از اندروید است.,1,1,positive,positive,True,0,0,145,29,correct,correct
3557,بیاد میخرمش.,0,0,neutral,neutral,True,0,0,12,2,correct,correct
1167,تنها مشکل از نظر من سوکتشه که تا حالا مشکلی باهاش نداشتم و فکر نکنم اینقدرهام بد باشه .,1,1,positive,positive,True,0,0,87,19,correct,correct
3285,• جمع بندی در مجموع به راحتی می‌توان گفت سری 3 لپ‌تاپ‌های سامسونگ جزو بهترین و با کیفیت‌ترین لپ‌تاپ‌های ارزان قیمت موجود در بازار هستند.,2,2,very_positive,very_positive,True,0,0,136,25,correct,correct
7743,صفحه نمایش و.,0,0,neutral,neutral,True,0,0,13,3,correct,correct
12713,در ضمن کیفیت بسیار بالایی هم داره هم از لحاظ صدا هم دوربین.,2,2,very_positive,very_positive,True,0,0,59,13,correct,correct
8330,به طور کلی عکس‌های گرفته با گوشی One X کیفیت بسیار بالایی دارند.,2,2,very_positive,very_positive,True,0,0,64,13,correct,correct
2565,متم امروز خریدم.,0,0,neutral,neutral,True,0,0,16,3,correct,correct
4710,ولی اکسپریا ری هم صفحه نمایش با کیفیتی داره هم چگالی تصویر خوبی داره و تصاویر واضحی رو ارائه میده و هم پردازنده و چیپست گرافیکی بسیار خوبی داره.,2,1,very_positive,positive,False,-1,1,144,29,adjacent_class_error,predicted_more_negative
10588,همانند G575، کیبورد G585 نیز تجربه تایپی فوق‌العاده خوبی را ارائه می‌کند.,2,2,very_positive,very_positive,True,0,0,73,12,correct,correct
10432,"از طریق این پیچ تنظیم می‌توانید مودهای عکاسی مختلفی چون SR Auto، Panorama و حتی مودهای P,A,S,M را نیز انتخاب کنید.",1,0,positive,neutral,False,-1,1,114,21,adjacent_class_error,predicted_more_negative
4662,گوشی عالی.,2,2,very_positive,very_positive,True,0,0,10,2,correct,correct
908,یکی از مهمترین و اصلی ترین گزینه های یک عکس در هنگام کروپ آن ، عدم مشاهده اوجاج و حاشیه و پراکندگی رنگ اضافه در سوژه میباشد و تمام برندهای دوربین عکاسی با ساختن لنزهای بسیار حساس و دقیق سعی در از بین بردن این مورد میباشند و نیکون در این خصوص نسبت به سایرین موفق‌تر بوده .,1,2,positive,very_positive,False,1,1,271,58,adjacent_class_error,predicted_more_positive
7733,تبلت خوبی هست و براحتی در یک دست جا میشه و قیمت خوبی هم داره؛؛؛تنها ایرادی که میشه از اون گرفت مانیتورش هست که اصلن با مانیتور بکار رفته در آیپد رتینا قابل مقایسه نیست و تراکم پیکسل پایینی داره.,1,1,positive,positive,True,0,0,194,40,correct,correct
4907,آخر به کجا کشیده میشه؟,0,0,neutral,neutral,True,0,0,22,5,correct,correct
9821,ایسوس برای سبک‌تر تولید نمودن محصولات خود، در تولید آن‌ها از تکنولوژی قالب ریزی نانو (Nano Molding) استفاده کرده است.,1,0,positive,neutral,False,-1,1,117,20,adjacent_class_error,predicted_more_negative
10989,حالا منتظر تبلت دیگش با سیستم عامل ویندوز 8 هستیم که ببینیم چی کار کرده امیدوارم که کارش تو این یکی خوب باشه ببخشید که طولانی شد,0,0,neutral,neutral,True,0,0,128,27,correct,correct
5619,باورم نمی شد وقتی دیدم بازی های مختلفی چون پرندگان خشمگین، تمپل ران و ..,0,0,neutral,neutral,True,0,0,72,15,correct,correct
3958,مهم اینه که چجوری عکس بگیرید.,0,0,neutral,neutral,True,0,0,29,6,correct,correct
12859,از نظر سرعت باید گفت که این پرینتر نسبتا کند عمل می کند به طوری که سرعت چاپ سیاه و سفید آن حدود 12 صفحه بر دقیقه و رنگی حدود 8 صفحه بر دقیقه است.,-1,1,negative,positive,False,2,2,145,35,distant_class_error,predicted_more_positive
3798,تعامل هوشمندانه با کنترل صدا و حرکت فن‌آوری جدید و پیشرفته تعامل هوشمند به شما اجازه می‌دهد تا بدون نیاز به فشار دادن دکمه با تلویزیون خود کار کنید.,1,1,positive,positive,True,0,0,148,29,correct,correct
8283,فلاش دوربین در مکان های داخلی عملکردی عالی دارد.,2,2,very_positive,very_positive,True,0,0,48,9,correct,correct
13051,شاید برای مدت ها انتظار چنین پخش کننده ای با نمایشگر بزرگ لمسی، مرورگری وب بسیار پیشرفته به همراه Wi-Fi، واسط کاربری مولتی تاچ، پخش کننده ی ویدیویی تحت وب (you tube) از Apple می رفت و اکنون این نیز محقق شده است.,2,2,very_positive,very_positive,True,0,0,211,43,correct,correct
5002,رنگ مشکی بدنه‌ی کنسول و دسته‌ی کنترلر بازی و هم‌چنین هدست، اولین تفاوتی است که به چشم می‌خورد.,0,0,neutral,neutral,True,0,0,94,18,correct,correct
10746,با اجازه اساتید مجرب دیجی کالا بنده یه چیزی را عرض کنم و آن اینه که معمولا انتظار مطلوب از عدد بالای سوپر زومها و سنسور ( همه برندهای دوربین های کامپکت ) آن چیزی نیست که روی آنها درج شده .,-1,0,negative,neutral,False,1,1,188,42,adjacent_class_error,predicted_more_positive
4937,تمام بازی ها با کیفیت HD .,0,1,neutral,positive,False,1,1,26,7,adjacent_class_error,predicted_more_positive
10725,در ضمن می‌توانید تا 18 ساعت به طور مداوم به موسیقی گوش دهید.,0,1,neutral,positive,False,1,1,60,13,adjacent_class_error,predicted_more_positive
7151,حالا میخوام چندتا از بهترین مزیتاشو واستون بگم: 1-از سرعت بسیار عالی برخوردار(به دلیل استفاده از usb3) 2-موقع عدم انتقال داده هارد به صورت standbye درمیاد که میشه گفت تنها هاردیه که این مزیتو داره 3-به دلیل نرم افزاری که روش نصبه امکان رمزگذاری فراهمه 4-درسته که این هارد ضد ضربه نیست ولی من تا الان بیشتر از7تا8 بار روی زمین سخت افتاده وتا الان هیچ مشکلی براش پیش نیومده بطور کل باید بگم که اگه دنبال یه هارد کامل و خوب میگردید بدون شک همین رو انتخاب کنید,2,2,very_positive,very_positive,True,0,0,456,89,correct,correct
3803,* تعامل صوتی در تمام زبان‌ها، گویش‌ها و مناطق موجود نمی‌باشد.,0,0,neutral,neutral,True,0,0,61,11,correct,correct
2547,در کل همانطور که گفتیم، S3200 دوربین Bridge ارزان قیمتی از فوجی فیلم است که قیمت مناسب را در ازای امکانات مناسب ارائه می کند.,1,1,positive,positive,True,0,0,125,25,correct,correct
81,ولی برخلاف F770 نمی‌توان در فرمت حرفه ای تر و خام RAW با آن عکاسی کرد.,-1,0,negative,neutral,False,1,1,70,16,adjacent_class_error,predicted_more_positive
1635,اما با توجه به افزایش سایز صفحه نمایش، طول iPhone 5 نسبت به iPhone 4S افزایش یافته و به 123.8 میلی متر رسیده است.,0,1,neutral,positive,False,1,1,113,24,adjacent_class_error,predicted_more_positive
3677,دوربین فیلم‌برداری MG555 به مجموعه نرم‌افزاری خوبی مجهز است.,1,1,positive,positive,True,0,0,60,9,correct,correct
11047,یکم فکر کنین!,0,0,neutral,neutral,True,0,0,13,3,correct,correct
3077,کافیست دستگاه را جیلبریک نموده و به ITUNES متصل کنید.,0,1,neutral,positive,False,1,1,53,10,adjacent_class_error,predicted_more_positive
13050,"Apple iPod touch نام پخش کننده ی دیگری از Apple است که می توان آن را در یک جمله این گونه معرفی کرد: ""همان iPhone بدون امکان برقراری تماس می باشد"".",0,0,neutral,neutral,True,0,0,146,31,correct,correct
3014,رم 2 گیگ گالاکسی نوت 10.1 نیز دست شما رو برای اجرای همزمان چندین برنامه و بازی و .,0,0,neutral,neutral,True,0,0,82,19,correct,correct
7578,نسبت به امکاناتی که داره و همچنین مخصوصا اندروید 4.1 به نظر من تو این رده خیلی بد نیست .,0,1,neutral,positive,False,1,1,88,20,adjacent_class_error,predicted_more_positive
9761,حساسیت سنسور نیز فقط تا 1600 بالا می‌رود.,0,0,neutral,neutral,True,0,0,41,8,correct,correct
5631,"من این گوشیو خریدم و بعد از 2 روز استفاده از آن به نتایج زیر رسیدم : نقاط قوت : 1-دوربین 5 مگاپیکسلی با گرفتن عکس های عالی (زمانی که نور زیاد باشه کیفیت عکس بیشتر میشه) 2-تعداد رنگ صفحه نمایش این گوشی 16,777,216 است که در مقایسه با Htc one x که 16,000,000 رنگ داره خیلی بهتره 3-سیستم عامل اندروید ورژن v4.0 Ice Cream Sandwich4-شکل ساده و شیک و ابعاد بسیار مناسب (به نظر من زیباترین و خوش دست ترین گوشی Xperia است)5-دارای پردازنده Qualcomm MSM7225A که با سرعت بسیار خوب میتواند بیشتر بازی ها را بدون هنگ کردن اجرا کنه نقاط ضعف : 1-بلندگو های ضعیف 2-صدای کم هنگام استفاده از هندزفری3-جنس بدنه گوشی که باعث سر خوردن میشود4-باتری نسبتا ضعیف",0,2,neutral,very_positive,False,2,2,636,123,distant_class_error,predicted_more_positive
9989,البته این بهترین گوشی آیفون پدیده‌ی کاملا جدیدی نیست، بلکه همانطور که گفتیم بر شانه‌های پادشاه قبلی یعنی iPhone 4 قرار گرفته است و گویی 4s فقط آپگریدی بر روی iPhone 4 می‌باشد.,1,0,positive,neutral,False,-1,1,175,33,adjacent_class_error,predicted_more_negative
10139,این گوشی فوق‌العادست با آپدیت کردن به آندروید جدید مشکل باطری هم حل شد و الان دیگه هیچ مشکلی باهاش ندارم پیشنهاد می کنم حتما اگه قصد خرید گوشی تو این رنج دارین اینو انتخاب کنید,1,1,positive,positive,True,0,0,176,36,correct,correct
3766,اکنون این لنز برند Zeiss را دارد و این در حالیست که مدل پیشین دارای لنز G سونی بود.,0,0,neutral,neutral,True,0,0,83,19,correct,correct
2021,دوربین 8 مگاپیکسل و رم 1 گیگابایتی.,0,0,neutral,neutral,True,0,0,35,7,correct,correct
8305,گوشیه خوبیه اما حیف که از حافظه جانبی پشتیبانی نمیکنه.,0,1,neutral,positive,False,1,1,54,10,adjacent_class_error,predicted_more_positive
1387,این کیبورد داری نور پس زمینه نیز هست که تنظیمات مختلفی هم دارد و این تنظیمات توسط نرم افزار مربوطه قابل تغییر است.,0,0,neutral,neutral,True,0,0,114,23,correct,correct
1521,شما به راحتی می‌توانید با امکانات فراوانی که این دستگاه برای ضبط برنامه دارد در تمام ساعات شبانه روز و حتی زمان‌هایی که در منزل نیستید با زمان‌بندی و تعیین ساعات مختلف ضبط از مشاهده‌ی برنامه‌های محبوب خود که تا به حال امکان دیدن آن را نداشته‌اید لذت ببرید.,1,1,positive,positive,True,0,0,256,49,correct,correct
1493,صفحه نمایش بزرگی داره و لمسی بودن صفحه اش هم خیلی به کار میاد بخصوص وقتی که بخواهید روی هر نقطه از تصویر فوکوس کنید با لمس اون نقطه فوکوس انجام میشه.,1,1,positive,positive,True,0,0,149,32,correct,correct
2801,مود پانوراما برای عکاسی پانوراما و مود 3D برای عکاسی سه بعدی هم وجود دارد.,0,0,neutral,neutral,True,0,0,74,15,correct,correct
2966,همونطور که می دونین اپل پردازنده 2 هسته ای داره که با وجود ios باعث قدرت بسیار زیاد اون در اجرای هر برنامه و با هر شرایطی می شه ولی ایسوس TF700T دارای یه پردازنده تک هسته ای معمولی به علاوه یه پردازنده بسیار قدرتمند 4 هسته ایه.,1,2,positive,very_positive,False,1,1,227,48,adjacent_class_error,predicted_more_positive
4225,تاچش خوب عمل میکنه و کندی نداره.,1,1,positive,positive,True,0,0,32,7,correct,correct
253,ازش راضیم .,1,1,positive,positive,True,0,0,11,3,correct,correct
8072,صفحه نمایشگرشم نسبتاعالی و درحد راضی کنندست.,2,1,very_positive,positive,False,-1,1,44,7,adjacent_class_error,predicted_more_negative
123,دوربین بسیار قوی با حسگر فوق العاده.,2,2,very_positive,very_positive,True,0,0,36,7,correct,correct
8865,من این دوربین را یکسال پیش خریدم .,0,0,neutral,neutral,True,0,0,34,8,correct,correct
4412,مرورگر اینترنت این تبلت نیز همانند سایر تبلت های هانی کامبی بسیار عالیست.,2,2,very_positive,very_positive,True,0,0,73,13,correct,correct
1554,همچنین دید در زوایای مختلف آن کاملا خوب به نظر می‌رسد.,1,1,positive,positive,True,0,0,54,11,correct,correct
10990,سلام بر دوستان و تشکراز دیجی کالا من این تبلت راهفته اول ورودش خریدم مرورگرش خوب است از نظرمن طراحی خوبی دارد و امکانات کار با آن زیاد هست و زمانی که ازقلمش استفاده نمایید دیگه تمایلی به خرید آیپد و امثالش نداری واقعا کاربا آن لذت بخش هست.,1,1,positive,positive,True,0,0,239,49,correct,correct
2347,توجه کرد .,0,0,neutral,neutral,True,0,0,10,3,correct,correct
3495,طراحی و ساخت از لحاظ طراحی، Galaxy S III کمی تغییر نسبت به دو برادر کوچک‌تر خود یعنی Galaxy S و Galaxy S II داشته است.,0,0,neutral,neutral,True,0,0,118,26,correct,correct
8554,دوسیم کارتش باهم فعال هست.,1,0,positive,neutral,False,-1,1,26,5,adjacent_class_error,predicted_more_negative
1769,معایب : - کمی قاب پشتش خش پذیر است که با انداختن یک قاب به راحتی این مشکل حل می شود .,0,1,neutral,positive,False,1,1,85,22,adjacent_class_error,predicted_more_positive
3342,و این قدرت را دارد که عمق تصویر فوق العاده ای را به فیلم بردار ارایه دهد.,2,2,very_positive,very_positive,True,0,0,73,17,correct,correct
2228,One X Plus نیز همانند مدل پیشین و گوشی‌های Sensation XE و Sensation XL، از سیستم صوتی Beats Audio بهره می‌برد ولی بر خلاف گوشی‌های قبلی، شما می‌توانید در One X Plus در تمام برنامه‌ها و بازی‌ها از این امکان بهره ببرید.,0,0,neutral,neutral,True,0,0,217,42,correct,correct
1024,GPS داخلی ویژگی بسیار خوبی است که بر روی FT3 وجود دارد.,2,2,very_positive,very_positive,True,0,0,55,12,correct,correct
10231,ده پونزده روزی میشه که خریدمش.,0,0,neutral,neutral,True,0,0,30,6,correct,correct
616,فقط تنها مشکلی که داره اینه که داغ میکنه !,-1,-1,negative,negative,True,0,0,42,10,correct,correct
12562,iBook/iMovieاگر شما از iBook بر روی iPAD استفاده کرده باشید تجربه‌ی یکسانی با iPhone را به شما می‌دهد، فقط کمی‌کوچکتر.,1,0,positive,neutral,False,-1,1,118,20,adjacent_class_error,predicted_more_negative
9136,قیمتش نسبت به امکاناتش زیاده,-1,-1,negative,negative,True,0,0,28,5,correct,correct
7841,Fonepad اولین تبلت اندرویدیست که از پردازنده Intel Atom استفاده می‌کند.,0,0,neutral,neutral,True,0,0,71,11,correct,correct
9106,نداشتن دوربین جلو به طور پیش فرض نداشتن زبان فارسی در منوها و صفحه کلید ( البته این مشکل با نرم افزار به سادگی قابل حل شدن است ),-1,1,negative,positive,False,2,2,128,29,distant_class_error,predicted_more_positive
5835,من می خواستم بگم یکی از نقاط قوت این گوشی.,0,1,neutral,positive,False,1,1,42,10,adjacent_class_error,predicted_more_positive
6978,بی رقیبه,1,1,positive,positive,True,0,0,8,2,correct,correct
8028,در قسمت بالای بدنه‌ی دوربین نیز یک فلاش Pgr-Up قرار گرفته که در هنگام نیاز می‌توانید از نور آن برای عکاسی در شرایط نوری ضعیف استفاده نمایید.,0,0,neutral,neutral,True,0,0,140,27,correct,correct
7097,در قسمت زیرین صفحه نمایش، سه کلید خازنی کنترلی اندروید با کارایی‌های متفاوت ( بازگشت، خانه و آخرین برنامه‌های اجرا شده ) قرار گرفته‌اند.,0,0,neutral,neutral,True,0,0,136,24,correct,correct
3940,فارسی نیز ساپورت میکند.,0,1,neutral,positive,False,1,1,23,4,adjacent_class_error,predicted_more_positive
10784,فراموش نکنیم بگوییم که، این لنز می تواند از فاصله ی 5 سانتی متری هم بر روی سوژه فوکوس کند تا در کل مود ماکروی خیلی خوبی داشته باشد.,1,1,positive,positive,True,0,0,131,29,correct,correct
1781,من طرفدار سونی ایکسون هستم(حتی همین حالا که دیگه نیست) پس به عنوان بی طرف میگم.,0,0,neutral,neutral,True,0,0,79,16,correct,correct
220,اگه زیاد با گوشی کار کنید حرارت گوشی میره بالا به صورتی که واقعا اذیت میکنه دوربینش خوبه اما نه به اندازه 12 12 را به صورت 4:3 میگیره 16:9 را 9 مگا پیکسل میگیره و موقع زوم افت کیفیت زیادی داره ولی در کل دوربینش قابل قبوله از لحاظ سرعت واقعا کم نمیاره و واقعا سریعه فارسی را کاملا ساپورت میکنه  مشکلی که من باهاش دارم اندازه بزرگ اونه و اینکه گوشی با این قیمت و امکانات بدون اینترنت به دردم نمیخوره,-1,1,negative,positive,False,2,2,397,83,distant_class_error,predicted_more_positive
1,پرینتری چند کاره از رده‌ی Entry Level یا سطح مبتدی.,0,0,neutral,neutral,True,0,0,51,10,correct,correct
12024,گزینه ای هم بنام بروزرسانی داره که در صورتی که شرکت هوآوی آپدیت جدید بده آنلاین میتونین آپدیت رو دریافت کنید.,1,0,positive,neutral,False,-1,1,109,21,adjacent_class_error,predicted_more_negative
252,من 20 روزه خریدم.,0,0,neutral,neutral,True,0,0,17,4,correct,correct
6428,بسته بندی خیلی عالی از دیجی کالا شده بود.,2,2,very_positive,very_positive,True,0,0,41,9,correct,correct
5764,وقتی شما دو انگشت خود را به صورت همزمان بر روی نمایشگر می‌گذارید منوی تنظیمات، حساسیت و دیگر ویژگی های آن ظاهر می‌شود.,0,1,neutral,positive,False,1,1,118,23,adjacent_class_error,predicted_more_positive
8790,در کل، این گوشی از نظر سخت افزاری نسبت به L7 مقداری بهتر شده است.,1,1,positive,positive,True,0,0,65,15,correct,correct
11638,من این گوشی را 7 ماه پیش خریدم و اصلا مشکل بک خوردن که بعضی از دوستان گفتن نداره چون در سری های جدید این مشکل رفع شده است.,1,1,positive,positive,True,0,0,122,29,correct,correct
1381,نکته مهم، حفظ کیفیت در صداهای بلند است به طوری که هر چقدر که بلندی صدا را زیاد کردیم، هیچ‌گونه اعوجاج یا کاهش کیفیتی مشاهده نکردیم.,1,2,positive,very_positive,False,1,1,131,26,adjacent_class_error,predicted_more_positive
1586,و وجود سخت افزار مناسب و سیستم عامل اندروید، حداکثر سرعت مرورگری را با این تبلت تجربه خواهید نمود.,1,1,positive,positive,True,0,0,98,19,correct,correct
2145,اگر شما مراحل ساخت این گوشی رو ببینید از کیفیت ساخت فوق العاده بالای ان حیرت زده میشوید.,2,2,very_positive,very_positive,True,0,0,88,18,correct,correct
5681,به علاوه این تبلت به طور پیش فرض از سیستم عامل اندروید 4.0 استفاده می‌کند که بسیار روان‌تر و بهینه تر از نسخه های پیشین است.,2,2,very_positive,very_positive,True,0,0,124,26,correct,correct
2106,.اما مهمترین فاکتور در این سیستم عامل سازگاری آن با CPUگوشی میباشد که اپل این موضوع را در 4s ثابت کرده است، چرا که تمامی اپلیکیشن های iOS را به خوبی و با سرعتی بس dار بالا و بدون وقفه اجرا میکرد حال آیفون 5 دو برابر سرعتش در پردازش و گرافیک بالاتر رفته است.,1,1,positive,positive,True,0,0,257,55,correct,correct
1358,چند نکته بسیار مهم وجود دارد که در رابطه با Retina MacBook Pro باید بدانید: اول اینکه پردازنده و حافظه RAM کاملا به برد دستگاه لحیم شده‌اند و امکان ارتقای آن‌ها وجود ندارد.,-1,0,negative,neutral,False,1,1,172,33,adjacent_class_error,predicted_more_positive
5623,خلاصه بگم میتونم این گوشی رو در حد گالاکسی اس سامسونگ قرار بدم.,0,0,neutral,neutral,True,0,0,63,13,correct,correct
6881,قیمش 2 برابر one x + هستش ولی مشخصاتش زیاد فرق نداره با اون.,-1,0,negative,neutral,False,1,1,60,14,adjacent_class_error,predicted_more_positive
6415,"من 1 هفته قبل عید این هارد رو از digikala خریدم قبل خرید از هر فروشنده ای سوال کردم , گفتن : اول وسترن نشد سیگیت ( البته از نظر سرعت ) بعد با بخش مشاوره برای فروش digikala تماس گرفتم ایشون هم گفتن از نظر سرعت وسترن عالیه  حالا که من حدود 1 ماهه دارمش از نظر خودم عالیه ( سرعت ( فوق العاده ) اندازه و کیفیت و وزن ( مناسب) امنیت و زیبایی ( عالی )  فقط ضد آب نیست.",2,2,very_positive,very_positive,True,0,0,361,83,correct,correct
3578,در سمت راست نیز درایو نوری و دو پورت USB 2.0 دیگر قرار دارند.,0,0,neutral,neutral,True,0,0,61,14,correct,correct
12591,دوربینش حرف نداره ..,2,2,very_positive,very_positive,True,0,0,20,4,correct,correct
5109,چنان‌چه کنسول آکبند خریداری شود، تشخیص این‌که درایو کنسول کدام مدل است وجود ندارد چرا که تا درایو کنسول eject نشود نمی‌توان مدل را آن‌را فهمید و هیچ کدام از مغازه دارها نیز کنسول آکبند را برای مشتری باز نمی‌کنند مگر آنکه ۱۰۰?,0,0,neutral,neutral,True,0,0,225,43,correct,correct
11766,واقعا گوشی عالییه.,2,2,very_positive,very_positive,True,0,0,18,3,correct,correct
1717,کیفیت فیلم برداری آن نیز همان‌طور که پیش بینی می‌شد Full HD می‌باشد.,0,0,neutral,neutral,True,0,0,68,13,correct,correct
12048,این گوشی نسبت به قیمتش واقعا عالیه,2,2,very_positive,very_positive,True,0,0,34,7,correct,correct
10236,حدود یک هفته است که دارمش.,0,-1,neutral,negative,False,-1,1,26,6,adjacent_class_error,predicted_more_negative
12993,در قسمت جلویی GZ-HD3 می‌توانید لنز 10 برابر Konica Minolta HD را ببینید که کلاهک لنز از آن محافظت می‌کند.,1,0,positive,neutral,False,-1,1,105,20,adjacent_class_error,predicted_more_negative
1687,شکل ظاهری iOS 6 نسبت به نسخه قبلی آن تغییری نداشته است.,0,0,neutral,neutral,True,0,0,55,12,correct,correct
6114,هر چند با مقایسه دو دستگاه Xbox 360 Slim و Xbox 360 خواهید دید که این کنسول خیلی هم باریک تر نشده است (یا حداقل این باریک شدن خیلی به چشم نمی آید).,-1,0,negative,neutral,False,1,1,147,33,adjacent_class_error,predicted_more_positive
10154,چند تا عیب هم داره: ١- عمر باتری چندان مناسب نیست.,-1,-1,negative,negative,True,0,0,50,11,correct,correct
1220,ایسوس بر روی پدفون از نسخه‌ی 4.0 سیستم عامل اندروید استفاده نموده است.,0,1,neutral,positive,False,1,1,70,13,adjacent_class_error,predicted_more_positive
11135,اما به نظرم این دستگاه خوب و با کیفیتی باشه.,1,1,positive,positive,True,0,0,44,10,correct,correct
10557,باتریانرژی مورد نیاز برای این دستگاه توسط یک باتری لیتیوم یونی تامین می‌شود که دارای ظرفیت 1530 میلی آمپر است.,0,0,neutral,neutral,True,0,0,110,20,correct,correct
12443,سلام من مدتی است که این گوشی را دارم بسیار گوشی خوبی است ولی یک مشکلی که دارد مشکل مرگ ناگهانی است که بسیار نگران کننده است امیدوارم هر چه زودتر این مشکل رفع شود شنیدم که در مورد اکسپریا زد کمپانی اعتراف کرده و به زودی آپ دیت نرم افزار ارایه می شود,-1,2,negative,very_positive,False,3,3,248,54,distant_class_error,predicted_more_positive
12773,در ضمن با وجود دکمه‌ی شاتر فیزیکی دیگر نیازی به فشردن دکمه‌ی شاتر از طریق نمایشگر لمسی نیست.,1,1,positive,positive,True,0,0,92,18,correct,correct
12470,XPERIA V پردازنده S4 پردازشگر قوی ادرونو 225 ضد آب و ضد گردو غبار بودن IP55/57 صفحه نمایش اچ دی 4.3 اینچی با تراکم پیکسلی بسیار بالا 342 PPi و همچنین طراحی زیبا و دوربین عالی این اسمارت فون را جزء بهترین ها قرار خواهد داد با تشکر,2,2,very_positive,very_positive,True,0,0,229,48,correct,correct
11034,اگر این سخت افزار بر روی آیپد بود بی شک تمامی شما از آن به عنوان تحولی در صنعت تبلت یاد می کردید و آن را فوق تصور می دانستید.,0,1,neutral,positive,False,1,1,125,30,adjacent_class_error,predicted_more_positive
6624,ولی مسئله بیشتر کیفیت نمایشگر است که کیفیت خیلی خوبی نیست.,-1,2,negative,very_positive,False,3,3,58,11,distant_class_error,predicted_more_positive
6421,واقعا هارد خوبیه توی جیب عقب هم میشه بذاریش و خیلی هم سبکه  اینی که من خریدم ساخت مالزیه ولی جنس روش اونقدرا که فکر میکردم براق نیست,1,1,positive,positive,True,0,0,132,28,correct,correct
2790,این کمینه‌ی نسبت کانونی بسیار عالی، به شما اجازه می‌دهد که بتوانید در شرایط نوری نزدیک به تاریکی هم با سرعت‌های شاتر بالاتر عکاسی کنید.,2,2,very_positive,very_positive,True,0,0,135,25,correct,correct
2214,HTC One X Plus شیار مموری کارت ندارد ولی حافظه داخلی 64 گیگابایتی آن، این کاستی را جبران کرده است.,1,0,positive,neutral,False,-1,1,98,20,adjacent_class_error,predicted_more_negative
1309,نداشتن دوربین دوم,-1,-1,negative,negative,True,0,0,17,3,correct,correct
8577,منم مشکل باتری داشتم.,-1,0,negative,neutral,False,1,1,21,4,adjacent_class_error,predicted_more_positive
367,• جمع بندی لنوو سعی کرده است با معرفی سری G580، نوت‌بوک هایی مالتی مدیا با قیمت مناسب را به بازار عرضه کند.,1,1,positive,positive,True,0,0,107,23,correct,correct
5643,با این حال از نرم افزار OCR کاملا شگفت زده شدیم به صورتی که با موفقیت توانست یک سند A4 را به فایل متنی تبدیل کند.,1,1,positive,positive,True,0,0,113,26,correct,correct
9485,چیز زیادی درباره‌ی طراحی این دوربین وجود ندارد.,0,0,neutral,neutral,True,0,0,47,8,correct,correct
9620,دوستان توجه کنید که فعلا ما ایرانی ها نمیتونیم این گوشی رو بخریم چون به خاطر 4g lte که داره فقط از نانو سیم کارت پشتیبانی میکنه و مثل میکرو سیم نیست که بتونیم خودمون از معمولی ها درستش کنیم.,-1,0,negative,neutral,False,1,1,190,40,adjacent_class_error,predicted_more_positive
3805,* تعامل هوشمند در تمام زبان ها/گویش‌ها و مناطق موجود نمی‌باشد.,0,0,neutral,neutral,True,0,0,62,11,correct,correct
1131,من به عنوان شخصی که از این مدل استفاده کردم(البته در مقابل انواع هارد دیسک ها) از کیفیت خوب آن بسیار راضیم.,2,2,very_positive,very_positive,True,0,0,107,22,correct,correct
1058,همچنین اگر بر روی مود عکاسی 3D بروید می‌توانید عکس‌های سه بعدی تهیه کنید.,0,0,neutral,neutral,True,0,0,73,14,correct,correct
8297,تو اجرای سنگین ترین بازی ها هم یه ذره کم نمیاره.,1,1,positive,positive,True,0,0,48,11,correct,correct
1216,این کار بدون مکث زیاد صورت می‌پذیرد.,1,1,positive,positive,True,0,0,36,7,correct,correct
8548,خیلی خوب و راحت HD رو پخش میکنه .,1,2,positive,very_positive,False,1,1,33,9,adjacent_class_error,predicted_more_positive
6605,در قسمت بالای دوربین می‌توانیم دکمه‌ی پاور، دکمه‌ی شاتر و اهرم زوم را ببینیم.,0,0,neutral,neutral,True,0,0,77,14,correct,correct
3866,اما این دوربین از سنسور تصویر 18.1 مگاپیکسلی Exmor R CMOS بهره می‌برد.,0,1,neutral,positive,False,1,1,70,13,adjacent_class_error,predicted_more_positive
7478,همچنین بر روی بدنه می‌توان شیار کارت حافظه‌ی SD و پورت AV out را نیز مشاهده کرد.,0,0,neutral,neutral,True,0,0,80,17,correct,correct
10094,نخستین چیزی که در مورد Hp Scanjet G2710 نظر ما را به خود جلب می کند طراحی آن است.,0,1,neutral,positive,False,1,1,81,19,adjacent_class_error,predicted_more_positive
9804,این را نیز بگوییم که WX170 در رنگ های متنوع تری تولید شده تا بیشتر مورد علاقه ی سلیقه های متفاوت قرار گیرد.,1,1,positive,positive,True,0,0,107,23,correct,correct
4440,تلویزیون بی‌نظیریه ولی داغ میکنه,1,-1,positive,negative,False,-2,2,32,5,distant_class_error,predicted_more_negative
4543,در آپدیت این گوشی به اندروید 4 باید بگم کمی از سرعت این گوشی کاسته می شود و فیلم برداری دچار باگ هایی می شود اما این مشکلات خیلی خیلی کم بوده و به چشم خیلی کم می آید پس ارزش آپدیت داره.,1,2,positive,very_positive,False,1,1,185,43,adjacent_class_error,predicted_more_positive
8987,بنابراین تمام کنترل‌ها به قسمت سمت راست نمایشگر منتقل شده‌اند.,0,0,neutral,neutral,True,0,0,62,10,correct,correct
12954,البته فیلم برداری آن با کیفیتQCIF صورت می‌پذیرد که حداقل کیفیت در دوربین‌ها می‌باشد و چندان چشم گیر نیست.,-1,-1,negative,negative,True,0,0,105,19,correct,correct
10087,برای مثال، بر خلاف اکثر آلترابوک ها که از بدنه های فلزی و آلومینیومی استفاده می کنند، بدنه Sleekbook کاملا پلاستیکیست.,-1,0,negative,neutral,False,1,1,118,21,adjacent_class_error,predicted_more_positive
1256,جدید هم هست,1,1,positive,positive,True,0,0,11,3,correct,correct
1709,هیچ برنامه جدیدی که برای نسخه جدید سیستم عامل اپل نسبت به نسخه پیشین یک برتری ایجاد نماید بر روی iOS 6 قرار داده نشده است.,-1,1,negative,positive,False,2,2,122,26,distant_class_error,predicted_more_positive
10907,الآن هم nexus اومده اما یه سری ویژگی های note از nexus بهتره مثل داشتن نرم افزار snote و photoshop touch- دوربین5 hd-صفحه ی نمایش بزرگتر-سیم کارت خوردن که قابلیت تماس و gprs رو به اون میده و .,1,1,positive,positive,True,0,0,192,39,correct,correct
2430,صفحه نمایش این گوشی هم دارای یکی از بیشترین روشنایی هاست.,0,1,neutral,positive,False,1,1,57,11,adjacent_class_error,predicted_more_positive
8506,شرکت از این سیستم اصطلاحا با نام 3MOS یاد می‌کند.,0,0,neutral,neutral,True,0,0,49,10,correct,correct
12382,اما این کار فقط تا 1.5 ثانیه و 15 عکس می‌تواند صورت گیرد.,0,0,neutral,neutral,True,0,0,57,13,correct,correct
278,گوشی به هیچ عنوان هنگ نمی کند حتی اگر چند روز مدام با گوشی کار کنید.,1,1,positive,positive,True,0,0,68,16,correct,correct
6471,ممنون DigiKala .,1,1,positive,positive,True,0,0,16,3,correct,correct
11629,کلا همه چیش خوبه,1,1,positive,positive,True,0,0,16,4,correct,correct
7758,چون اونا هیچکدوم دوربین پشت ندارن و هیچ کدوم کارایی که آیپد مینی داره رو در خودشون جای ندادن.,2,0,very_positive,neutral,False,-2,2,93,19,distant_class_error,predicted_more_negative
10667,البته بیشتر میتونم بگم این مدل مدل تصحیح شده ی t هست چون بجز شکل ظاهری میبینیم دکمه ی پاور تغییر مکان داده و سونی به اشتباهش پی برد { در T من اون دکمه ها رو ایراد میبینم } !,0,0,neutral,neutral,True,0,0,173,41,correct,correct
5216,بنابراین علاوه بر کیفیت خود نمایشگر، این فن‌آوری هم باعث می‌شود که تصاویر را با کیفیت بسیار بیشتری ببینید.,2,2,very_positive,very_positive,True,0,0,106,19,correct,correct
9376,من چند ماه این گوشی رو دارم واقعا حرف نداره.,2,0,very_positive,neutral,False,-2,2,44,10,distant_class_error,predicted_more_negative
11032,به اون دوستانی که میگن تغییر زیادی نسبت به تب 2 نداشته و یا این سخت افزار زیاد ارزش نداشته می خوام بگم که سامسونگ دیگه باید چی کار میکرد؟,0,0,neutral,neutral,True,0,0,137,30,correct,correct
10929,حدود 3 روز پیش این تبلت رو خریدم.,0,0,neutral,neutral,True,0,0,33,8,correct,correct
939,همان طور که میدانید اسکنر ها از ابتدا تا کنون نه فقط در حوزه فنی بلکه در ابعاد و اندازه نیز تغییرات فراوانی داشته اند.,0,0,neutral,neutral,True,0,0,118,25,correct,correct
2526,من همه چیزش و چک کردم خیلی خوبه گرافیکشم خوبه بازی ها رو راحت و روان میاره,2,1,very_positive,positive,False,-1,1,74,17,adjacent_class_error,predicted_more_negative
10934,3- سخت افزار و نرم افزار روش کاملا مچ هستند.,1,0,positive,neutral,False,-1,1,44,10,adjacent_class_error,predicted_more_negative
48,با توجه به خاص بودن صفحه نمایش قیمت آن بالا میباشد .,0,1,neutral,positive,False,1,1,52,12,adjacent_class_error,predicted_more_positive
275,با سلام خدمت تمام دوستانی که گوشی رو نخریدن و بین چند مدل گوشی شک دارند و بنده مدت یک هفته هست که این گوشی را از همین سایت پر طرفدار و کاملا مشتری مدار تهیه کردم و خیلی راضی هستم و وظیفه خود می دانم یه چند موردی که به نظر شخصی من مزیت و عیب هست را ذکر میکنم و امیدوارم که به درد دوستانی که هنوز موفق به خرید این گوشی نشدند بخورد.,1,1,positive,positive,True,0,0,329,76,correct,correct
10711,حافظه داخلی این گوشی 16 گیگابایت است که به طور پیش فرض تنها 11 گیگابایت از آن در اختیار کاربر قرار دارد که البته می‌توان این حافظه را در صورت نیاز از طریق درگاه کارت حافظه microSD تا 32 گیگابایت دیگر افزایش داد.,1,1,positive,positive,True,0,0,211,43,correct,correct
5027,۳٫ پشتیبانی کامل از سایه‌زنی نسخه ۳ برای پردازش بازی‌های جدید ۴٫ قابلیت پردازش ۴۸ میلیارد دستورالعمل سایه‌زنی در ثانیه که توان پردازشی چشم‌گیری را در اجرای بازی‌ها به وجود می‌آورد.,1,1,positive,positive,True,0,0,180,31,correct,correct
9038,در کل باید گفت که Ixus 245 HS نمونه‌ی کاملی از یک دوربین سطح متوسط و خوب است.,1,1,positive,positive,True,0,0,77,18,correct,correct
2942,با بیمه و گارانتی هماهنگ متاسفانه!,-1,-1,negative,negative,True,0,0,34,6,correct,correct
6469,فعلا که ازش راضیم .,1,1,positive,positive,True,0,0,19,5,correct,correct
11854,) .,0,0,neutral,neutral,True,0,0,3,2,correct,correct
10140,گوشیه خیلی عالیه.,2,2,very_positive,very_positive,True,0,0,17,3,correct,correct
11437,کیفیت ساخت فوق العاده ای داره؛ از لحاظ سخت افزاری هم جزو برترین های موجود هست (بدون در نظر گرفتن Samsung Galaxy S IV با پردازنده ی هشت هسته ای اش) ولی طبق معمول گذشته، نبود اسلات کارت حافظه ایراد بسیار بزرگی برای یک ابر اسمارتفون هست که متاسفانه در این مدل دیده میشه.,0,2,neutral,very_positive,False,2,2,267,54,distant_class_error,predicted_more_positive
1843,مستحکم و بی نظیری هست با ایجاد یک اکانت اپل به راحتی میشه از بیشتر امکانات دستگاههای اپل استفاده کرد بعضی از امکانات مانند pass book اصلا در ایران کارایی ندارند و این ربطی به اپل ندارد از زمان ارائه ios 6 اپل تحریم ها بر علیه ایران را برداشته در حالی که دیگر کمپانی ها مانند گوگل یا مایکروسافت ایران را از لیست تحریم خود حذف نکرده اند البته قیمت آیفون و s3 اصلا در خارج از ایران هم قابل مقایسه نیستن و گالاکسی نوت 2 هم کمی از آیفون 5 16 گیگ قیمت پایین تری دارد,1,-1,positive,negative,False,-2,2,460,98,distant_class_error,predicted_more_negative
6538,به دلیل وجود پنل IPS بر روی این صفحه نمایش، عملکرد آن در زوایای مختلف نیز بسیار مناسب و قابل قبول است.,2,2,very_positive,very_positive,True,0,0,102,22,correct,correct
12133,اگر خواستید می توانید نوع قابل شارژ را خریداری کنید تا هر بار پس از تمام شدن یک جفت مجبور به خریدن یک جفت دیگر نباشید.,0,0,neutral,neutral,True,0,0,118,26,correct,correct
1596,برای علاقه‌مندان به عکاسی دستگاه های به مراتب کوچکتر، سبک‌تر و صد البته با کیفیت‌تری وجود دارد.,0,0,neutral,neutral,True,0,0,95,17,correct,correct
8376,با این اندازه سنسور بهتره از 12 مگاپیکسل بالاتر نره.,0,1,neutral,positive,False,1,1,52,10,adjacent_class_error,predicted_more_positive
12799,گوشی بسیار زیبا و کارائی است من خریدم والان این نظرو با اون نوشتم وسند کردم.,1,2,positive,very_positive,False,1,1,76,16,adjacent_class_error,predicted_more_positive
8709,این گوشی مشخصات خوب با قیمتی مناسب دارد.,1,1,positive,positive,True,0,0,40,8,correct,correct
8214,به همراه این سه دوربین، یک کیس ضد آب تا عمق 60 متر نیز همراه شده که واقعا عالیست.,2,2,very_positive,very_positive,True,0,0,81,19,correct,correct
6662,تو ایزوهای پایین مقداری نویز داره که بخاطر حسگر cmos هست احتمالا.,-1,-1,negative,negative,True,0,0,65,12,correct,correct
13074,به عقیده ی من Apple می توانست از آیکون های بزرگتری بهره ببرد تا تمام صفحه را در بر بگیرند.,-1,1,negative,positive,False,2,2,90,20,distant_class_error,predicted_more_positive
3612,مخصوصا که این تبلت ویندوزی که همانند یک لپ تاپ کارایی‌های متنوعی دارد، اولین محصول در این نوع است.,1,1,positive,positive,True,0,0,98,19,correct,correct
1291,من همین امروز این گوشی رسید دستم.,0,0,neutral,neutral,True,0,0,33,7,correct,correct
9410,به نظر من بهترین موبایل شرکت سونی XPERIANEOL هستش همه چیزاش هم خوبه فقط تنها مشکلی که داره حافظه و رم کمش هست,0,1,neutral,positive,False,1,1,109,23,adjacent_class_error,predicted_more_positive
10455,(مثلا نوشته 80db- زیر 85db- اینترنت و تلفن میتونید کار کنید، بالا تر از اون اگر به بالای 90 برسه، دیگه اینترنت نمیتونید کار کنید و از دسترس خارج میشه و بالای 95db- دیگه اس ام اس هم نمیتونید بدید) در شرایط عادی فرکانس زیر 71 هست که عالیه.,0,0,neutral,neutral,True,0,0,237,49,correct,correct
2541,"اگر از جمله ی کاربران تازه کار هستید می توانید مود اتوماتیک را انتخاب کنید و مودهای P,A,S,M نیز برای عکاسی خلاقانه تر به کار می روند.",1,1,positive,positive,True,0,0,133,27,correct,correct
12086,به این ترتیب، شما می‌توانید در هر زمان که خواستید به صورت آنلاین با رقبای بی‌شماری در سراسر جهان بازی کنید.,1,0,positive,neutral,False,-1,1,107,21,adjacent_class_error,predicted_more_negative
8149,صفحه نمایش صفحه نمایش 3.5 اینچی این گوشی دارای رزولوشن HVGA است همچنین تراکم پیکسلی این گوشی 165 پیکسل در هر اینچ است.,0,0,neutral,neutral,True,0,0,118,23,correct,correct
5401,با قابلیت پشتیبانی این گوشی از 3G، GPRS، Edge و Wi-Fi، دسترسی به اینترنت از روش‌های گوناگون امکان‌پذیر خواهد بود.,1,1,positive,positive,True,0,0,113,20,correct,correct
11718,سلام این گوشی مشکل بک و منو داره که اگه میخواید مشکلتون حل بشه باید اون رو به اندروید4 آپ کنید.,0,1,neutral,positive,False,1,1,95,21,adjacent_class_error,predicted_more_positive
954,ضمنا این مدل اسکنر تا 32 گیگابایت حافظه را می‌تواند پشتیبانی کند که اگر با کیفیت معمولی اسکن کنید، ظرفیتی معادل 25000 صفحه A4 را در اختیار شما قرار می‌دهد.,0,1,neutral,positive,False,1,1,155,30,adjacent_class_error,predicted_more_positive
9719,در ضمن، با توجه به تجربه موفق iPhone 4S، عملکرد iPhone 5 نیز در زیر نور آفتاب و در زوایای مختلف هیچ گونه کاهشی ندارد.,2,1,very_positive,positive,False,-1,1,117,25,adjacent_class_error,predicted_more_negative
10659,من این گوشیو 4 روزه خریدم و ازش راضیم.,1,1,positive,positive,True,0,0,38,9,correct,correct
11443,باطری کمی کارایی مناسب نداره و سریع تموم میشه ( گوشیای دیگه با سخت افزار مشابه شارژ دهی بهتری دارن ) 2.,-1,1,negative,positive,False,2,2,103,22,distant_class_error,predicted_more_positive
11975,بازی های HD رو هم رو اجرا میکنه.,1,1,positive,positive,True,0,0,32,8,correct,correct
6501,چون در دلش دیسکهای ساخت سامسونگ رو داره.,0,0,neutral,neutral,True,0,0,40,8,correct,correct
9780,اما تا الان که واقعا از خریده این دوربین پشیمونم .,-1,-1,negative,negative,True,0,0,50,11,correct,correct
11492,• طراحی و ساختاز لحاظ طراحی، Nexus 4 شباهت زیادی با عضو قبلی خانواده گوشی‌های نکسوس یعنی Samsung Galaxy Nexus دارد اما لبه های گوشی انحنای کمتری دارند.,0,0,neutral,neutral,True,0,0,151,28,correct,correct
9565,و اما گوشی Iphone 4s به پای Galaxy s2 نمیرسد چه برسه به S3 و کیفیت صفحه نمایش این گوشی پایین تر از S2 بود.,-2,-2,very_negative,very_negative,True,0,0,106,25,correct,correct
1613,به نظرم تفاوت خاصی با Note 10.1 نداره فقط قدرت پردازش این 1.6 هست مال Note 10.1 قدرت پردازشش 1.4؛ تازه Note 10.1 فلش دوربین داره که این نداره.,-1,0,negative,neutral,False,1,1,142,29,adjacent_class_error,predicted_more_positive
328,قاب پشت صفحه نمایش، یک روکش متالیک دارد و کمی شبیه به فلز برس داده شده به نظر می‌رسد و متاسفانه تا حدودی اثر انگشت را نشان می‌دهد.,-1,-1,negative,negative,True,0,0,130,28,correct,correct
7871,پردازشگر گرافیکی این چیپ نیز PowerVR SX540 است که در کنار یک گیگابایت حافظه RAM، سخت افزار این تبلت را تکمیل می‌کند.,0,1,neutral,positive,False,1,1,116,22,adjacent_class_error,predicted_more_positive
2301,آیا یک روز کافی نیست!,0,0,neutral,neutral,True,0,0,21,5,correct,correct
11961,در صورت نیاز باید یکی تهیه شود .,0,0,neutral,neutral,True,0,0,32,8,correct,correct
8916,من هم یه سه ماهی هست خریدم واقعا ازش راضیم.,2,2,very_positive,very_positive,True,0,0,43,10,correct,correct
5104,بنابراین اجرای بازی‌های xbox1 را راحت‌تر می‌کند.,1,1,positive,positive,True,0,0,48,7,correct,correct
2250,با سلام خدمتان دوستان.,0,0,neutral,neutral,True,0,0,22,4,correct,correct
10564,دوربین این گوشی نیز یک دوربین متوسط و کاربردیست.,1,0,positive,neutral,False,-1,1,48,9,adjacent_class_error,predicted_more_negative
10321,گوشی خیلی خوبیه به نظر میاد پردازنده بالا و دوربین همراه با فلش و فوکوس اتوماتیک.,1,1,positive,positive,True,0,0,81,16,correct,correct
10241,بدون حاشیه میگم واقعا گوشی خوبیه.,1,2,positive,very_positive,False,1,1,33,6,adjacent_class_error,predicted_more_positive
1008,نیکون یکی از بهترین و بزرگترین شرکت های لنزسازی دنیاست، که در زمینه لنز همیشه کمر هر دوربین قوی ای را به زمین زده است، یکی از دلایل برتری P7700 نسبت به رقیبش، میتواند قیمت ارزان تر آن باشد.,2,1,very_positive,positive,False,-1,1,189,39,adjacent_class_error,predicted_more_negative
6012,کاور بالایی را که باز کنید به کارتریج دسترسی پیدا می‌کنید.,0,1,neutral,positive,False,1,1,58,11,adjacent_class_error,predicted_more_positive
7675,باتریبا وجود تمام سخت افزارهای فوق‌العاده به کار رفته شده در Retina MacBook Pro، انتظار می‌رفت که باتری آن نتواند شارژ دهی خیلی بالایی داشته باشد ولی در عمل خلاف این امر ثابت شد.,1,1,positive,positive,True,0,0,178,34,correct,correct
5126,مادربورد جاسپرش(Jasper) بهتر از بقیه مادریورد هاشه.,1,1,positive,positive,True,0,0,51,7,correct,correct
563,از نقاط قوت اصلی صفحه نمایش این لپ‌تاپ‌ها می‌توان به روکش ضد بازتاب آن اشاره آن کرد که به کاربران این امکان را می‌دهد که بتوانند با لپ‌تاپ خود به راحتی در فضاهای پر نور و یا در زیر تابش مستقیم نور آفتاب کار کنند.,1,1,positive,positive,True,0,0,212,45,correct,correct
12650,این روزا اکثر گوشی ها یه مشکلی چیزی از شون درمیاد ولی این گوشی نه مشکل صدا نه مشکل تصویر و.,1,1,positive,positive,True,0,0,91,21,correct,correct
12259,اگه دنبال دوربین دیجیتال خوب میگردین این مدل عالیه,1,1,positive,positive,True,0,0,50,9,correct,correct
4158,از معایبش، صدای کم بلندگوی خارجی و کیفیت پایین صفحه نمایش زیر نور آفتابه.,-1,-1,negative,negative,True,0,0,73,14,correct,correct
7980,نویز بسیار کمی‌هم داره.,2,-1,very_positive,negative,False,-3,3,23,4,distant_class_error,predicted_more_negative
819,گوشی خوبی به نظر میرسه .,1,1,positive,positive,True,0,0,24,6,correct,correct
1060,به محض فشردن دکمه‌ی پاور در قسمت بالای دوربین، دوربین در عرض یک ثانیه روشن و آماده‌ی عکاسی می‌شود.,0,0,neutral,neutral,True,0,0,98,19,correct,correct
9394,HTC و سامسونگ تو این حدود قیمت گوشی های به مراتب بهتری دارن,0,1,neutral,positive,False,1,1,59,13,adjacent_class_error,predicted_more_positive
9054,سامسونگ کلا عادت دارد که چنین چیزهایی را بر روی دوربین خود قرار دهد.,0,1,neutral,positive,False,1,1,68,14,adjacent_class_error,predicted_more_positive
472,حتی شرکت بزرگ مایکروسافت هم در صفحه آغازین سایت ویندوز فون خود این سایت رو با تصاویری از سری لومیای نوکیا زیباتر کرده و قابل توجه کسانی که اعلام می کنند برای این سیستم عامل نرم افزار نیست باید گفت که فقط 126000 نرم افزار در سایت ویندوزفون وجود داره و این گوشی هم از هر لحاظ کامل و بدون نقصه چرا که سیستم عامل ویندوز فون بر عکس اندروید و آی ا اس نیازی به رم خیلی بالا نداره و کاملا روان و راحت کار می کنه.,1,1,positive,positive,True,0,0,404,88,correct,correct
7360,تولید رنگ صفحه نمایش CQ58 زیاد رضایت بخش نیست ولی از آن جایی که این نوت‌بوک برای انجام کارهای حرفه ای ساخته نشده، بنابراین مشکل خاصی ایجاد نمی‌کند.,0,1,neutral,positive,False,1,1,147,28,adjacent_class_error,predicted_more_positive
9380,تا 4 روز دوام داره.,1,1,positive,positive,True,0,0,19,5,correct,correct
1449,لنز این دوربین فاصله‌ی کانونی 28-140 میلی متر را پوشش می‌دهد که توانایی زوم 5 برابر را فراهم می‌آورد.,0,1,neutral,positive,False,1,1,101,19,adjacent_class_error,predicted_more_positive
891,این دوربین در ضمن در حالت واید بر روی مقدار معادل 24 میلی متر قرار می گیرد.,0,1,neutral,positive,False,1,1,75,17,adjacent_class_error,predicted_more_positive
802,مرورگر ارائه شده بر روی HTC Desire SV دسترسی به اینترنت و گشت و گذار در دنیای وب را با سرعت بالا ممکن می‌سازد.,0,1,neutral,positive,False,1,1,110,24,adjacent_class_error,predicted_more_positive
884,در نقد و بررسی P510 لنز آن را فوق‌العاده خواندیم.,2,2,very_positive,very_positive,True,0,0,49,10,correct,correct
368,بازه ای که در آن نوت‌بوک های فوق‌العاده ای مانند سونی سری EH قرار دارند.,0,2,neutral,very_positive,False,2,2,72,15,distant_class_error,predicted_more_positive
10886,جنس بدنه که زیاد راضی نیستم چون زود لک میشه و من مدام باید دستمال دستم باشه و پاکش کنم.,-1,-1,negative,negative,True,0,0,87,20,correct,correct
294,و به نظر من بدترین ضعف گوشی شکاف hdmi و usb گوشیه که اگه زیاد مجبور به شارژ و استفاده از پورت هاش باشید مطمئنا خسته تون می کنه,-1,0,negative,neutral,False,1,1,126,29,adjacent_class_error,predicted_more_positive
6462,تنها سایت مطمئن و مردمی فقط **دی جی کالا**,1,0,positive,neutral,False,-1,1,42,9,adjacent_class_error,predicted_more_negative
5368,علت اصلی این تعجب، ابعاد عجیب و منحصر به فرد این گوشی بود.,0,0,neutral,neutral,True,0,0,58,13,correct,correct
5921,گوشی عالی هست و همه امکانات رو تو سایت نوشته فقط چند تا نکته راجب به نظرات دوستان بدم..,2,2,very_positive,very_positive,True,0,0,87,19,correct,correct
5488,21- یه مشکلی که داره اینه که یکی دو روز اول، وقتی به USB وصله، تاچش قاطی میکنه، ولی بعد از یکی دو روز درست میشه.,1,-1,positive,negative,False,-2,2,112,26,distant_class_error,predicted_more_negative
2607,منم مثل خیلی های دیگه عشق نیکون و کانن رو داشتم!,0,0,neutral,neutral,True,0,0,48,11,correct,correct
397,اما ویژگی خاص دیگر این دوربین، دارا بودن رادیو Wi-Fi داخلی است.,1,1,positive,positive,True,0,0,63,12,correct,correct
1483,البته شاید اشکال از عکاسی خودم باشه که بعید میدونم.,0,-1,neutral,negative,False,-1,1,51,10,adjacent_class_error,predicted_more_negative
1812,با قطر کمی که این داره برای هرکسی جابه‌جاییش راحته!,1,-1,positive,negative,False,-2,2,51,10,distant_class_error,predicted_more_negative
2569,نقد کالا: 1-اساسی ترین مشکل این دوربین وجود باتری قلمی به جای باتری یون لیتیوم استاندارد هست.,-2,-1,very_negative,negative,False,1,1,93,17,adjacent_class_error,predicted_more_positive
598,شکیل ساده با امکانات زیاد و مقرون به صرفه.,2,1,very_positive,positive,False,-1,1,42,9,adjacent_class_error,predicted_more_negative
5389,با وجود این نسبت تصویر، در هنگام خواندن متون و مرورگری اینترنت لذت فراوانی خواهید برد.,1,2,positive,very_positive,False,1,1,86,16,adjacent_class_error,predicted_more_positive
1386,به علاوه از آنجایی که Retina MacBook Pro به درایو نوری مجهز نیست، کلید خروج (Eject) از روی کیبورد حذف شده است.,0,0,neutral,neutral,True,0,0,110,22,correct,correct
2747,حافظه داخلی Stylistic به میزان 32 گیگابایت است که با توجه به قابلیت این دستگاه مبنی بر پشتیبانی از کارت حافظه جانبی، می‌توان با کارت‌های microSD آن‌را افزایش داد.,1,1,positive,positive,True,0,0,162,29,correct,correct
6750,PJ600 توانایی فیلم برداری Full HD را دارد و با توجه به بهره گیری از سنسور تصویر نسبتا بزرگ 1/4 اینچی می تواند عکس هایی با رزولوشن 24 مگاپیکسل را نیز تولید کند که این فوق‌العاده است.,1,1,positive,positive,True,0,0,181,37,correct,correct
652,2 ماهی میشه دارم میگردم که یه لپ تاپ خوب پیدا کنم بخرم .,0,0,neutral,neutral,True,0,0,56,14,correct,correct
10169,اما نباید سخت‌افزار قدرتمند و اسپیکرهای خوبش و همچنین دوربین باکیفیتش رو که به راستی از نظر وضوح بسیار بالاتر از ویواز است را نادیده گرفت.,2,0,very_positive,neutral,False,-2,2,138,26,distant_class_error,predicted_more_negative
4297,اپل نیز بر این موضوع واقف بوده و در نسل پنجم iPod Touch، چیپ قدرتمند A5 را قرار داده است.,1,0,positive,neutral,False,-1,1,89,20,adjacent_class_error,predicted_more_negative
6367,در حقیقت Galaxy S II جزو نخستین گوشی‌های هوشمند با پردازنده‌ی دو هسته‌ای بود و که غوغای فراوانی نمود.,1,0,positive,neutral,False,-1,1,101,19,adjacent_class_error,predicted_more_negative
6805,در قلب این دوربین سنسور تصویر 16 مگاپیکسلی CCD قرار گرفته است که رزولوشن خیلی بالایی را ارائه می دهد و در شرایط نوری مناسب می توانید عکس های خیلی با کیفیتی بگیرید.,2,2,very_positive,very_positive,True,0,0,163,33,correct,correct
5891,دیگه با این قابلیت usb on the go لپتاپمم دیگه نیاز نیست که هی بار کنم رو کولم.,0,0,neutral,neutral,True,0,0,78,18,correct,correct
3228,اولین گوشی با اندروید 4.1 (لوبیا ژله ای) 6.,1,0,positive,neutral,False,-1,1,43,9,adjacent_class_error,predicted_more_negative
12476,این طراحی منحصر به فرد در کنار قاب پلاستیکی نرم پشت گوشی، آن را بسیار خوش دست کرده و با وجود صفحه نمایش بزرگ 4.3 اینچی، به راحتی در دست جای می‌گیرد.,1,2,positive,very_positive,False,1,1,148,32,adjacent_class_error,predicted_more_positive
4350,پشت این محصول زیبا از جنس آلومینیوم های رنگی بسیار با کیفیته.,2,2,very_positive,very_positive,True,0,0,61,12,correct,correct
8678,حالا مگه چی میشه یا خود گوشی این کار رو به طور پیش فرض انجام میده یا برنامه مخصوصش رو از یه جا پیدا میکنی و نصب میکنی .,1,0,positive,neutral,False,-1,1,119,29,adjacent_class_error,predicted_more_negative
11513,برای ورود به این بخش تنظیمات تنها کافیست که نوار Notifications را با دو انگشت به سمت پایین بکشانید.,0,-1,neutral,negative,False,-1,1,99,19,adjacent_class_error,predicted_more_negative
9842,در حقیقت می‌توان به جرات گفت که دوربین VivoTab جزو برترین دوربین‌های موجود بر روی تبلت ها قرار دارد.,1,1,positive,positive,True,0,0,100,19,correct,correct
12902,به نظر خوب میاد ولی خدا کنه مثل بقیه این سری گوشیهای نوکیا صدای طرفی که زنگ زده و در حال مکالمه است از اونطرف شنیده نشه,0,1,neutral,positive,False,1,1,119,27,adjacent_class_error,predicted_more_positive
5658,هنگامی که تبلت را به صورت افقی نگه می‌دارید، در دو طرف آن، بلندگوهای استریو قرار دارند که بسیار خوب طراحی شده‌اند بطوریکه دستان شما جلوی بلندگوها را نمی‌گیرند.,1,2,positive,very_positive,False,1,1,159,29,adjacent_class_error,predicted_more_positive
894,یکی از بهبودهای انجام گرفته در این دوربین نسبت به مدل پیشین، در سنسور تصویر دیده می شود.,1,0,positive,neutral,False,-1,1,88,18,adjacent_class_error,predicted_more_negative
4994,در آن سال مایکروسافت توانست با کمک پردازنده Intel و هم‌چنین پردازنده‌ی گرافیکی NVIDIA کنسولی ارائه دهد که از نظر سخت‌افزاری قویتر از کنسول رقیب یعنی PlayStation 2 باشد، اما با این وجود نتوانست آن‌طور که باید، با این کنسول رقابت کند.,0,1,neutral,positive,False,1,1,232,42,adjacent_class_error,predicted_more_positive
2549,عکسش تعریفی نیست.,-1,-1,negative,negative,True,0,0,17,3,correct,correct
10602,• جمع بندیG585 همان‌طور که در ابتدا گفتیم، نوت‌بوکیست با باطن یک نت بوک.,0,0,neutral,neutral,True,0,0,72,14,correct,correct
416,IXY فقط زبان ژاپنی و انگلیسی داره .,0,-1,neutral,negative,False,-1,1,35,8,adjacent_class_error,predicted_more_negative
4334,دوستان کی میگه فقط سفید هست رنگ تمام سیاه هم وجود داره و فکر نکنم با صرف باشه چون قیمت دلار رو می دونید وگرنه بهترین هست این به وضوح معلومه,1,0,positive,neutral,False,-1,1,139,31,adjacent_class_error,predicted_more_negative
2039,"کشیده شدن آیفون5 یکم تو ذوق میزنه ولی باید دید که آیا در عمل در یک صفحه ""4 باز هم میشه با یکدست کار کرد یا خیر.",-1,-1,negative,negative,True,0,0,111,27,correct,correct
6148,ولی یکی از مشکلاتش اینه که باید هر سال آپدیت بشه در ضمن همه بازی ها برای کینکت پیدا نمیشه برای مثال آپدیت xbox360 من مال 2011 و بسیاری از بازی های جدید رو ساپورت نمی کنه در حالی ps3 فقط وفقط یک بار آپدیت می خواد و از این نظر ps3 خیلی برتره.,-1,0,negative,neutral,False,1,1,240,54,adjacent_class_error,predicted_more_positive
11479,اندروید استاد کارهای نمایشی و و جلب نظره!,1,1,positive,positive,True,0,0,41,8,correct,correct
1356,این بسیار باعث خشنودیست که اپل بالاخره تصمیم گرفت که از پورت USB 3.0 به جای پورت USB 2.0 در لپ‌تاپ‌های خود استفاده کند.,1,0,positive,neutral,False,-1,1,119,24,adjacent_class_error,predicted_more_negative
7204,واقعا نسبت به امکانات و سخت افزارش میشه گفت منحصر به فرده .,2,1,very_positive,positive,False,-1,1,59,13,adjacent_class_error,predicted_more_negative
6530,در جلوی تبلت و طرفین صفحه نمایش، تنها دوربین دوم را مشاهده می‌نمایید و این تبلت از هر گونه کلید فیزیکی برای کنترل اندروید عاری است.,0,0,neutral,neutral,True,0,0,131,26,correct,correct
7872,با وجود پردازنده های قدرتمند چهار و حتی هشته ای هسته ای موجود در بازار، Fonepad از لحاظ قدرت پردازشی، یک تبلت رده متوسط محسوب می‌گردد و نباید انتظار داشته باشید که بتواند به راحتی بازی‌های HD را اجرا نماید.,0,1,neutral,positive,False,1,1,206,40,adjacent_class_error,predicted_more_positive
2327,نمیدانم چرا دوستان از پرداختن به برندهای معروفی همچون المپوس که سابقه درخشانی در صنعت عکاسی دارد خودداری میکنند.,0,0,neutral,neutral,True,0,0,112,19,correct,correct
11554,این دوربین در حالت تقدم شاتر سرعت 1/4000 ثانیه هم برای عکاسی داره.,0,0,neutral,neutral,True,0,0,66,13,correct,correct
1764,از خریدش واقعا راضی ام!,2,1,very_positive,positive,False,-1,1,23,5,adjacent_class_error,predicted_more_negative
12850,پیش از این پرینتر Dell 2355dn را نیز دیده بودیم که نمایشگر لمسی داشت.,0,-1,neutral,negative,False,-1,1,69,14,adjacent_class_error,predicted_more_negative
7092,اما از Galaxy Note که دارای صفحه نمایشی 5.3 اینچی و تنها 0.3 اینچ بزرگ‌تر از این گوشی است، چیزی حدود 12 میلی متر در عرض باریک‌تر است.,1,0,positive,neutral,False,-1,1,133,28,adjacent_class_error,predicted_more_negative
13058,بر خلاف iPhone، قاب دور نمایشگر iPod به رنگ مشکی می باشد.,0,1,neutral,positive,False,1,1,57,12,adjacent_class_error,predicted_more_positive
8461,بنابراین سرعت فوکوس خودکار 3N به خوبی 5R نیست.,-1,1,negative,positive,False,2,2,46,9,distant_class_error,predicted_more_positive
7760,واسه همین هست که تفاوت تو قیمتشون زیاده.,0,0,neutral,neutral,True,0,0,40,8,correct,correct
3587,• کیبورد و تاچ پدبه لطف بدنه عریض لپ‌تاپ، Acer یک کیبورد بزرگ به همراه بخش عددی جداگانه را بر روی سری E1-531 قرار داده است.,1,0,positive,neutral,False,-1,1,123,26,adjacent_class_error,predicted_more_negative
9228,از قسمت پشتی نیز این دو دوربین شباهت بسیار زیادی با یکدیگر دارند و فقط مقداری تفاوت در طراحی قاب نمایشگر و کمی تفاوت در طراحی دکمه ها دیده می شود.,0,0,neutral,neutral,True,0,0,146,31,correct,correct
3110,اگر تبلت را بصورت عمودی نگه دارید، در سمت راست آن از بالا به ترتیب، کلید پاور، کلیدهای کم و زیاد کردن صدا و سنسور مادون قرمز تبلت قرار دارند.,0,0,neutral,neutral,True,0,0,141,30,correct,correct
11731,از 7 ماه کارکردی که با این گوشی داشتم تنها ایرادی که تونستم ازش بگیرم تنها اندازه کوچک و صدای نسبتا پایین اون بوده.,-1,-1,negative,negative,True,0,0,115,24,correct,correct
11802,"تعدادی از همکارام از سری x10 mini, x8 خریدن و راضی بودن.",1,0,positive,neutral,False,-1,1,56,12,adjacent_class_error,predicted_more_negative
9581,هیچ شکی نیست که آیفون 5 بهترین گوشیه دنیا هست ولی به دلایلی من Android رو به iOS ترجیح میدم یکی از اونا اینه که Android به راحتی از بلوتوث پشتیبانی میکنه ولی iOS رو اول باید جیلبریک کرد و بعد هم باید دنبال برنامه iBluetooth گشت و دومی اینه که اگر توجه کرده باشید بیشتر امکانات آیفون اعم از نقشه ها و ..,-1,1,negative,positive,False,2,2,302,64,distant_class_error,predicted_more_positive
12344,این لنز در حالت واید میدان دید خیلی گسترده و خوبی را پوشش می‌دهد و عملکرد آن بهتر از لنزهای با کمینه‌ی فاصله‌ی کانونی 28 میلی متر است.,1,2,positive,very_positive,False,1,1,134,28,adjacent_class_error,predicted_more_positive
2232,در حقیقت این کار مشابه قابلیت AirPlay موجود بر روی تبلت iPad 2 است.,0,0,neutral,neutral,True,0,0,67,14,correct,correct
1806,یه گوشیه تمام عیار,2,1,very_positive,positive,False,-1,1,18,4,adjacent_class_error,predicted_more_negative
12299,مهمتر از همه کیفیت فیلبرداریش که Full HD هست و با کیفیت بی نظیر تحویل میده بدون پیکسل شدن و به راحتی روی کامپیوتر پخش میشه,1,1,positive,positive,True,0,0,122,26,correct,correct
2825,سیستم لرزش گیر تصویر نیز عملکرد خیلی خوبی دارد و باعث می‌شود که لرزش دست شما در عکس‌ها اثر تاری ایجاد نکند.,2,1,very_positive,positive,False,-1,1,107,22,adjacent_class_error,predicted_more_negative
8102,بازی های ساده با گرافیک مناسب رو اجرا میکنه اما چون خودم علاقه ای به بازی های گرافیک بالا ندارم برای گوشی تا حالا نصب نکردم ولی پیس 2011 رو نصب کردم که هیچ مشکلی نداشت .,1,1,positive,positive,True,0,0,169,37,correct,correct
1858,سال ها از خرید اولین گوشی همراه گذشته (z5 sony) ، در این مدت چند گوشی عوض کردم و با گذر زمان سلایق کاربری ام تغییر کرد ، همیشه به این فکر کردم که چرا همه ی امکانات در یک دیوایس موجود نیست؟,0,0,neutral,neutral,True,0,0,188,43,correct,correct
9582,به اینترنت نیازمنده و ایران هم که از این امر مستثناست و نتیجه میگیریم Android بیشتر از iOS به درد ایران میخوره.,-1,0,negative,neutral,False,1,1,111,22,adjacent_class_error,predicted_more_positive
2538,پشت این لنز، سنسور تصویر 14 مگاپیکسلی CCD قرار گرفته است که هرچند از انواع پیشرفته تر CMOS نیست ولی رزولوشن مناسبی را ارائه می دهد تا بتوانید در شرایط نوری بهتر عکس های خوبی بگیرید.,1,1,positive,positive,True,0,0,181,36,correct,correct
4718,من حدود پنچ ماهی میشه که این گوشی فوق العاده رو دارم.,1,2,positive,very_positive,False,1,1,53,12,adjacent_class_error,predicted_more_positive
2743,سخت افزار سخت افزار این دستگاه شامل یک پردازنده چهار هسته ای Cortex-A9 با فرکانس 1.4 گیگاهرتز به همراه چیپ Tegra 3 و یک پردازشگر گرافیکی Octocore Mobile GeForce می‌شود که همراه با یک گیگابایت حافظه رم، وظیفه انجام پردازش‌ها را بر عهده دارند.,0,0,neutral,neutral,True,0,0,241,44,correct,correct
4840,تمام حرکات واقعی مثل اینکه خودتون داخل بازی هستین.,0,0,neutral,neutral,True,0,0,50,9,correct,correct
10973,خوشبختانه قرار هستش که برای این تبلت هم آپدیت 4.1 بیاید.,1,1,positive,positive,True,0,0,56,11,correct,correct
3689,برخلاف بسیاری گوشی‌های هوشمند امروزی بازار که در سطح خیلی بالایی قرار دارند، مثل محصولات شرکت HTC و یا Samsung نوکیا 500 اصلا گوشی باریکی نیست و قطری در حدود 1.4 سانتی‌متر دارد.,0,0,neutral,neutral,True,0,0,177,33,correct,correct
4819,به نظر من تنها مشکلش واید کم اونه که باید یه لنز واید بخرید اما یه کم گرونه .,-1,-1,negative,negative,True,0,0,77,19,correct,correct
7096,این گوشی در دو رنگ مشکی-قرمز و مشکی-سفید ارائه گشته است.,1,0,positive,neutral,False,-1,1,56,11,adjacent_class_error,predicted_more_negative
5553,برای کسانی که نگران حالت 4:3 ال سی دی هستند LG این مشکل رو حل کرده و شما میتونید با نگه داشتن دو ثانیه ای کلید Home نمایشگر رو به حالت Wide تبدیل کنید ( نکته بسیار مهم و کاربردی ) کیفیت دوربین در شرایط کم نور بدون فلاش مطلوب نیست که البته 99 درصد دوربین ها همین طور هستند.,0,1,neutral,positive,False,1,1,272,60,adjacent_class_error,predicted_more_positive
8022,قابلیت زوم 35 برابر هم واقعا کم نظیر است و در حال حاضر فقط دوربین‌هایی چون Nikon P500 و Olympus SP-810 UZ هستند که زوم 36 برابر دارند.,2,0,very_positive,neutral,False,-2,2,134,28,distant_class_error,predicted_more_negative
11818,سلام این گوشیو ده روزه که خریدم ولی وقتی دماش بالا میره حدود 30 دکمه بکش بکل قاطی میکنه ولی بقیه چیزاش خوبه فقط این مشکل داغ کردن اعصاب خوردیه اگه میدونستم نمی خریدمش.,-2,1,very_negative,positive,False,3,3,167,34,distant_class_error,predicted_more_positive
5984,در آینده سعی می‌کنیم اطلاعات بیشتری از این محصول ارائه دهیم.,0,0,neutral,neutral,True,0,0,60,11,correct,correct
2252,ولی با این مبلغ گزینه های بهتری هست.,0,1,neutral,positive,False,1,1,36,8,adjacent_class_error,predicted_more_positive
2359,اپل باید بدونه شرکت های دیگه مثل سامسونگ خیلی سریع دارند پیشرفت می کنند چون تقریبا 90 درصد لوازم ساخت محصولاتشان را خودشان تولید می کنند.,0,0,neutral,neutral,True,0,0,137,26,correct,correct
3435,شاید یک پیشنهاد مناسب برای این مشکل، استفاده از پرینترهای چند کاره باشد.,0,1,neutral,positive,False,1,1,72,13,adjacent_class_error,predicted_more_positive
1007,که P7700 توانایی 8 فریم در ثانیه را دارد یعنی 4 برابر سرعت G1X که 2 فریم در ثانیه است، که این مربوط به پروسسور قوی تر نیکون میباشد.,1,0,positive,neutral,False,-1,1,131,29,adjacent_class_error,predicted_more_negative
2282,شک نکنین همه بزرگان بازار نیاز شما رو برطرف میکنن.,1,1,positive,positive,True,0,0,50,10,correct,correct
2988,به نظر من نداشتن gprs و edge در برابر سخت افزار فوق العاده و پشتیبانی از صفحه نمایش Full HD اصلا عیبی برای این تبلت نیست.,1,-1,positive,negative,False,-2,2,121,26,distant_class_error,predicted_more_negative
2976,تا یکی دو روز آینده هم یه خورده دیگه روش تست انجام می دم و مرحله به مرحله تو همین جا براتون کامنت می زارم.,0,0,neutral,neutral,True,0,0,106,25,correct,correct
2890,وزن داک 540 گرم وزن است و هنگامی که آن را به دستگاه متصل می‌کنید، دستگاه به یک نت بوک تبدیل شده و وزن کلی آن به 1.1 کیلوگرم می‌رسد که باز هم بسیار سبک محسوب می‌شود و به راحتی می‌توان آن را جابجا کرد.,1,1,positive,positive,True,0,0,199,45,correct,correct
7366,انجام وظایف ساده ای چون اجرای Microsoft Office، مرورگری اینترنت، پخش DVD و ویدیوهای اینترنتی.,0,0,neutral,neutral,True,0,0,93,15,correct,correct
2986,تنها مشکلی که در مورد نخریدن این تبلت باهاش مواجه بودم، نداشتن gprs و edge روی این تبلت بود.,-1,-1,negative,negative,True,0,0,92,19,correct,correct
1085,اگر بافت غنی و واضح تصاویر فول اچ دی را تجربه کنید، برنامه های تلویزیونی و فیلم های دلخواه تان دیگر هرگز مانند گذشته نخواهند بود.,1,1,positive,positive,True,0,0,129,26,correct,correct
12972,معمولا پرینترهای جوهر افشان چند کاره ست آپ نسبتا مفسلی دارند.,0,0,neutral,neutral,True,0,0,61,11,correct,correct
9294,این سیستم لرزش گیر جدید کارایی بهتری دارد و می تواند انواع مختلف لرزش دست را جبران کند.,1,1,positive,positive,True,0,0,87,18,correct,correct
9630,من که انتظار بیشتری از اپل داشتم در iphone 5 بهتره که همون 4s داشته باشم چون که در ظاهر یکی اند، تکراری .,-1,-1,negative,negative,True,0,0,105,24,correct,correct
266,گاهی اوقات موقع اس ام اس دادن یا استفاده از wifi هنگ میکنه.,-1,-1,negative,negative,True,0,0,59,13,correct,correct
7994,من هم قصد خرید این دوربین رو دارم.,1,0,positive,neutral,False,-1,1,34,8,adjacent_class_error,predicted_more_negative
4403,بر خلاف سامسونگ و یا HTC، سونی تغییرات ظاهری خاصی بر روی رابط کاربری اندروید 3 ایجاد نکرده است و شما تقریبا با محیط استاندارد اندروید هانی کامب کار میکنید.,1,0,positive,neutral,False,-1,1,155,30,adjacent_class_error,predicted_more_negative
3904,همانطور که گفتیم، دیگر پیشرفت این دوربین نسبت به مدل پیشین، به بهره‌گیری از پورت PictBridge مربوط می‌شود.,1,2,positive,very_positive,False,1,1,105,18,adjacent_class_error,predicted_more_positive
2773,فلسفه به وجود آمدن تبلت کنار رفتن کیبرد فیزیکی کامپیوتر از طریق لمس یک صفحه با کیفیت است یادمون باشه برای چه منظوری می خواهیم تبلت بخریم.,0,0,neutral,neutral,True,0,0,137,27,correct,correct
8596,واقعا گوشی خوبی هستش.,1,2,positive,very_positive,False,1,1,21,4,adjacent_class_error,predicted_more_positive
5263,این آیتم یعنی جی پی آر اس در شرایطی وجود داره که تبلت سیمکارت بخوره و تبلت GSPAD X7 قابلیت نصب سیم کارت رو نداره.,-1,0,negative,neutral,False,1,1,113,25,adjacent_class_error,predicted_more_positive
4328,عالیه خیلی زیباست,2,2,very_positive,very_positive,True,0,0,17,3,correct,correct
11779,باور کنید که تمام گوشی های مختلف رو با برند های مختلف تو این قیمت بررسی کردم و بعد با در نظر گرفتن این همه امکانات متوجه شدم که اصلا تو این قیمت گوشی دیگه ایی خریدن اشتباهه، البته اگه بخواید یه خرده بیشتر پول بزارید روش مدل های بهتر از این هم موجوده که بهتر از اینه.,1,0,positive,neutral,False,-1,1,266,58,adjacent_class_error,predicted_more_negative
8748,4-پردازنده دو هسته ای .,1,0,positive,neutral,False,-1,1,23,5,adjacent_class_error,predicted_more_negative
928,در کل هرچند که G6 دوربین کوچکی است ولی به لطف دستگیره‌ی بزرگی که دارد همانند مدل پیشینش به خوبی در دست جای می گیرد.,1,1,positive,positive,True,0,0,115,25,correct,correct
12730,//,0,0,neutral,neutral,True,0,0,2,1,correct,correct
114,پس از آن گویی سیستم کاهش نویز درونی دوربین به یکباره به کار می‌افتد که البته مقداری افراط می‌کند و در حساسیت 1600 شاهد کاسته شدن از غلظت رنگ‌ها و مقدار جزئیات هستیم.,-1,-1,negative,negative,True,0,0,165,33,correct,correct
3216,most wanted و gta.,0,0,neutral,neutral,True,0,0,18,4,correct,correct
2715,فقط اگه لوازم جانبی بتونین براش بیارین واقعا عالی میشه,1,2,positive,very_positive,False,1,1,54,10,adjacent_class_error,predicted_more_positive
3291,من هم تهیه اش کردم از سایت  نسبت به قیمتش بدک نیست  سی پی یو مقداری پایینه  باتری هم 3.5 نگه می داره,-1,-1,negative,negative,True,0,0,100,23,correct,correct
5174,یعنی در حدود گیمهای معمولی ایکس باکس!,0,0,neutral,neutral,True,0,0,37,7,correct,correct
7680,یه رقیب جدی هم داره به اسم Asus Google Nexus 7 که واقعا موفقتر عمل کرده به خصوص تو قیمت.,-1,1,negative,positive,False,2,2,88,20,distant_class_error,predicted_more_positive
13083,بدین صورت که شما دستگاه را به هر طریق که در دست بگیرید صفحه ی نمایش نیز می چرخد.,0,0,neutral,neutral,True,0,0,80,19,correct,correct
11006,من قبول دارم که استایل زیاد جالبی نداره و معلومه که سامسونگ کمی با عجله این تبلت رو به بازار ارائه کرده .,-1,0,negative,neutral,False,1,1,105,23,adjacent_class_error,predicted_more_positive
11584,این لنز واقعا می‌تواند مثل یک تلسکوپ عمل کند تا سوژه های کاملا دوردست را بتوانید ثبت کنید.,2,1,very_positive,positive,False,-1,1,90,18,adjacent_class_error,predicted_more_negative
11867,سیامک از اهواز,0,1,neutral,positive,False,1,1,14,3,adjacent_class_error,predicted_more_positive
4227,صفحه نمایش آنچنان شفافی نداره ولی کیفیتش خوبه.,0,1,neutral,positive,False,1,1,46,8,adjacent_class_error,predicted_more_positive
9091,عالی!,2,2,very_positive,very_positive,True,0,0,5,1,correct,correct
10553,این دوربین از قابلیت‌هایی نظیر فوکوس خودکار، لرزش گیر دست و ژئوتگینگ بهره می‌برد.,1,1,positive,positive,True,0,0,81,14,correct,correct
7982,سلام من 1 سال پیش دوربین NIKON P500 از دی جی کالا خریدم دقیقا همین مشخصات رو داره البته با زوم 36 برابر اپتیکال .,0,0,neutral,neutral,True,0,0,113,25,correct,correct
7015,درسته که فول اچ دیه ولی نکسوس 4 از صفحه نمایش True HD-IPS + LCD استفاده میکنه.,-1,-1,negative,negative,True,0,0,78,17,correct,correct
5990,دوربین های سونی واقعا عالیه,2,2,very_positive,very_positive,True,0,0,27,5,correct,correct
12605,باتری واقعا ضعیفی داره.,-1,-2,negative,very_negative,False,-1,1,23,4,adjacent_class_error,predicted_more_negative
10118,سلام به همه منم حدود 2 ساله این گوشی رو دارم.,0,0,neutral,neutral,True,0,0,45,11,correct,correct
6752,تصاویر نیز همانطور که گفتیم قابلیت ذخیره شدند بر روی هارد دیسک داخلی 220 گیگابایتی را دارند.,0,0,neutral,neutral,True,0,0,92,17,correct,correct
12822,نحوه کار با نرم‌افزارهایی همانند ACDSee، Adobe Acrobat Pro، Internet Download Manager و بسیاری از برنامه‌ها و نکات آموزشی را در این دی وی دی خواهید آموخت.,0,0,neutral,neutral,True,0,0,154,27,correct,correct
9797,حتی ابعاد و وزن این دو دوربین هم تقریبا یکسان می باشد.,0,0,neutral,neutral,True,0,0,54,12,correct,correct
1598,Note 8 هم دارای یک دوربین اصلی 5 مگاپیکسلی در پشت و یک دوربین 1.3 مگاپیکسلی در جلو می‌باشد که البته کیفیت فیلم برداری دوربین پشتی HD می‌باشد.,0,0,neutral,neutral,True,0,0,141,28,correct,correct
7249,واقعا به قیمتش میارزه!,1,2,positive,very_positive,False,1,1,22,4,adjacent_class_error,predicted_more_positive
11186,فول فریم ارزان قیمت این شرکت در سال 2008 و با نام D700 وارد بازار شد.,0,0,neutral,neutral,True,0,0,69,16,correct,correct
1749,.) برای سیستم عامل iOS نرم افزاری دانلود کنم باهاش مشکل دارم باید برم از کامپیوتر دانلود کنم اونوقت بیام با کابل بریزم تو گوشی.,-1,0,negative,neutral,False,1,1,127,25,adjacent_class_error,predicted_more_positive
7418,نکته دیگه راجع به backlite هست که من با کلی تحقیق متوجه شدم که z500 های عرضه شده در ایران فاقد این آپشن هستند متاسفانه که بزرگترین عیب و مشکل z500 هست,-1,-1,negative,negative,True,0,0,150,32,correct,correct
7336,با این حال مثل دیگر نوت‌بوک‌ها، قسمتی که در زیر آن، درایو نوری قرار دادن خیلی راحت‌تر فرو می‌رود.,-2,0,very_negative,neutral,False,2,2,97,19,distant_class_error,predicted_more_positive
7263,من XR500 دارم کیفیت فیلم و عکس فوق العادس، کسی میدونه روی این مدل لنز میشه نصب کرد یا نه؟,2,2,very_positive,very_positive,True,0,0,89,20,correct,correct
13068,به طوری که نمایشگر iPhone، 160dpi و نمایشگر iPod، 163dpi است.,0,2,neutral,very_positive,False,2,2,61,11,distant_class_error,predicted_more_positive
4703,نظر کلی : از اینکه وایلد فایر رو با ری عوض کردم راضی هستم هرچند که به وایلد فایر عادت کرده بودم.,1,0,positive,neutral,False,-1,1,96,22,adjacent_class_error,predicted_more_negative
4028,کیفیت فیلم‌برداری خیلی بالایی داره و نیاز به داشتن یه دوربین فیلم برداری مستقل رو کاملا برطرف می کنه .,2,1,very_positive,positive,False,-1,1,102,20,adjacent_class_error,predicted_more_negative
9666,صفحه اش هم که 4 اینچ شده.,0,0,neutral,neutral,True,0,0,25,7,correct,correct
8518,این لنز به قسمت جلوی دوربین پیچ می‌شود.,0,0,neutral,neutral,True,0,0,39,8,correct,correct
12376,عمل زوم از وایدترین حالت در حدود 5 ثانیه طول می‌کشد که نسبتا زیاد است.,-1,-1,negative,negative,True,0,0,70,15,correct,correct
10532,یکی دیگر از موارد لازم به ذکر، فقدان سنسور تنظیم خودکار نور صفحه نمایش است که کاربر را مجبور به تنظیم دستی نور آن می‌نماید.,-1,1,negative,positive,False,2,2,123,25,distant_class_error,predicted_more_positive
9636,تا دیروز S II مسخره میکردم چون که خیلی سبک بود احساس میکردم بی قابلیته، اما..,-2,1,very_negative,positive,False,3,3,77,16,distant_class_error,predicted_more_positive
6858,این گوشی باتری خیلی خوبی داره و ازمایششو پس داده,1,2,positive,very_positive,False,1,1,48,10,adjacent_class_error,predicted_more_positive
5639,یکی دیگه از ایراداشم جای دست (اثر انگشت روی بدنش میمونه!,-1,-1,negative,negative,True,0,0,56,11,correct,correct
7211,اسوس به دور از هیاهو یک غول ساخته.,0,0,neutral,neutral,True,0,0,34,8,correct,correct
8982,بدین صورت عکس 12 مگاپیکسلی در عرض 2 ثانیه بر روی کارت حافظه ذخیره خواهد شد.,1,0,positive,neutral,False,-1,1,75,16,adjacent_class_error,predicted_more_negative
11824,امکاناتش به نسبت قیمتی که داره فوق العادست.,2,2,very_positive,very_positive,True,0,0,43,8,correct,correct
9792,سری WX دوربین های کامپکت سونی اساسا از مدل های میانه، بالاتر از سری W و پایین تر از HX به حساب می آیند.,0,1,neutral,positive,False,1,1,103,24,adjacent_class_error,predicted_more_positive
1259,از نظر سرعت سی پی یو ، حافظه رم ، سیستم عامل و دو سیم کارته همزمان بودن بسیار عالیه (نسبت به قیمت) ولی یک ایراد بزرگ داره که اصلا قابل چشم پوشی نیست و اون هم باتری ضعیفشه.,-1,1,negative,positive,False,2,2,171,39,distant_class_error,predicted_more_positive
8914,اما بعد از کار با آن باید بگوییم این دوربین در سری دوربینهای کامپکت فوق العاده است.,1,2,positive,very_positive,False,1,1,83,17,adjacent_class_error,predicted_more_positive
6491,بخصوص اینکه U3 هم ساپورت میکنه.,1,1,positive,positive,True,0,0,31,6,correct,correct
2577,هنوزم شارژ داره .,0,0,neutral,neutral,True,0,0,17,4,correct,correct
4428,از نظر برند هم اگر قصد خرید یک پلاسما رو دارین می تونید با پاناسونیک شروع کنید اگر هم قیمت مناسبتر می خواین ال جی برند خیلی قویتری در زمینه ساخت تلویزیون حساب میشه تازه خدمات فوق‌العاده پس از فروشش باعث میشه از خریدتون راضی‌تر باشین,2,2,very_positive,very_positive,True,0,0,232,46,correct,correct
6298,من این گوشی رو به عنوان پیشنهاد شگفت انگیز دیجی کالا قبول کردم و به نظرم واقعا شگفت انگیز هست.,2,2,very_positive,very_positive,True,0,0,94,20,correct,correct
2185,دوربین این گوشی میتواند به صورت فول HD 1080P فیلم برداری کند.,0,0,neutral,neutral,True,0,0,61,12,correct,correct
3762,PJ710v با سنسور تصویر و لنزی قوی همراه شده است.,1,0,positive,neutral,False,-1,1,47,10,adjacent_class_error,predicted_more_negative
75,F660 از بیشتر دوربین‌های کامپکت point to shoot بزرگ‌تر می‌باشد.,0,0,neutral,neutral,True,0,0,63,10,correct,correct
7681,ipad mini تو کیفیت صفحه نمایش هم از رقیباش عقبه.,-1,0,negative,neutral,False,1,1,48,10,adjacent_class_error,predicted_more_positive
4847,گرافیکشم هیچ فرقی با ps3 نمیکنه.,0,0,neutral,neutral,True,0,0,32,6,correct,correct
11663,اولین عیبی که تو اولین روزهایی که من باهاش کار کردم به چشم اومد.,-1,1,negative,positive,False,2,2,64,14,distant_class_error,predicted_more_positive
7220,با پولی که برای این تبلت داده میشه، میشه هم یه گوشی رده بالا خرید هم یه تبلت,-1,1,negative,positive,False,2,2,76,18,distant_class_error,predicted_more_positive
2931,دوربین TF700 نیز نسبت به مدل‌های پیشین بهبود فراوانی یافته و در کل می‌توان گفت که یکی از بهترین دوربین هاییست که تا به امروز بر روی تبلت ها دیده بودیم.,2,1,very_positive,positive,False,-1,1,151,31,adjacent_class_error,predicted_more_negative
5932,البته HX10v با ابعاد 105X60X34 میلی متر کمی از آن دو کوچکتر و با وزن 234 گرم کمی سبک تر است.,0,1,neutral,positive,False,1,1,92,21,adjacent_class_error,predicted_more_positive
9357,در ضمن توجه داشته باشید یک گوشی با این قیمت و این امکانات رو فقط تو گوشی هایی برند سونی پیدا میکنید.,0,1,neutral,positive,False,1,1,100,22,adjacent_class_error,predicted_more_positive
11385,اندروید ورژن 5 ، اول برای این گوشی می آد، wifi قدرتمند، ساپورت معتبرترین کمپانی دنیا، ابعاد گوشی مناسب ، بهترین صفحه نمایش انتخاب شده از سوی دیجی کالا در سال 2012.قیمت عالی نسبت به رقبا، طراحی عالی باتری متوسط کیفیت دوربین نه فوق العاده ولی بد هم نیست درحد خودش با کیفیته، پشت گوشی بعد از کمی بازی HD گرم میشه ولی به هیچ عنوان داغ نمیشه حتی بعد از چند ساعت بازی.,2,2,very_positive,very_positive,True,0,0,362,74,correct,correct
1134,با رنگ مشکی که در اوج سادگی، فوق العاده زیباست.,2,2,very_positive,very_positive,True,0,0,47,10,correct,correct
5499,امکانات جانبی در حد متوسط.,0,0,neutral,neutral,True,0,0,26,5,correct,correct
7709,این فقط یک آیپد کوچک شده نیست، بلکه از خیلی جنبه‌ها بهترین تبلت اپل تاکنون است,2,2,very_positive,very_positive,True,0,0,78,16,correct,correct
6147,من به شخصه از این کنسول راضی هستم بسیار عالی هستش ظاهر بسیار زیبایی داره از ps3 که در این مورد سره در مورد گرافیک هم باید بگم قبول دارم ps3 بهتره ولی شما به هزینه های ایکس باکس نگاه کنید چقدر به صرفه تره ولی اصلا تفاوت زیادی با هم ندارن اگر واقعا میخواید این کنسول روبگیرید بهترین انتخاب رو داشتید شک نکنید عالیه من که راضی هستم باز هم ممنون دیجی کالا,2,2,very_positive,very_positive,True,0,0,351,74,correct,correct
2848,این گوشی با پردازنده 1.5 گیگاهرتزی دو هسته ای از نوع Scorpion به همراه یک چیپ Qualcomm و پردازشگر گرافیکی Adreno 220 ، به راحتی از پس تمامی دستورات شما بر خواهد آمد.,1,1,positive,positive,True,0,0,165,33,correct,correct
9937,چیزی که بر روی این سیستم عامل استفاده شده به صورت عمدی خیلی متفاوت از نسخه‌های پیشین می‌باشد.,0,0,neutral,neutral,True,0,0,93,18,correct,correct
3050,استحکام و دیزاین آن حتی زمانی که به داک مجهز می شود حیرت آور است و کاربر حس خوبی را درک می کند!,1,1,positive,positive,True,0,0,95,23,correct,correct
11488,) امتیاز 10 حقشه با یکمی چشم پوشی از ایرادای جزئیش.,2,0,very_positive,neutral,False,-2,2,51,11,distant_class_error,predicted_more_negative
8543,اینجوری بهتر بود.,1,1,positive,positive,True,0,0,17,3,correct,correct
1302,با سلام من چند لحظه پیش این گوشی را سفارش دادم قیمت پایین این کالا یکم تو شک می اندازه چون سخت افزار های نوشته شده برای این گوشی در این رنج قیمت فوق العاده به نظر می رسد اما این گوشی فقط یک دوربین مکالمه تصویری کم داره که اگر این رو هم داشت عالی می شد,0,-1,neutral,negative,False,-1,1,251,58,adjacent_class_error,predicted_more_negative
11533,دوربین اصلی Nexus 4 دارای یک سنسور 8 مگاپیکسلی است که عکس‌های فوق‌العاده با کیفیت‌تری نسبت به Galaxy Nexus ثبت می‌نماید.,2,2,very_positive,very_positive,True,0,0,120,21,correct,correct
5524,بی انصافیه اگه طراحی ظریف، دقیق و زیبا در عین حال مستحکم و متفاوت این گوشی رو نادیده گرفت.,1,0,positive,neutral,False,-1,1,90,19,adjacent_class_error,predicted_more_negative
4863,p:,0,0,neutral,neutral,True,0,0,2,1,correct,correct
9088,به نظر من با این پول میشه یه GALAXY S ADVANCE گرفت که هم دو هسته ای و هم صفحه super amoled داره.,0,0,neutral,neutral,True,0,0,96,23,correct,correct
42,هر از چند گاهی مثلن وقتی که برق قطع میشود کاغذ که وسط دستگاه گیر کرده برای در آوردنش ریسک باید بکنی بکشی در بیاد یا نه مونده به شانس شما از روشهای مختلف امتحان کردم خودش نمیتونه در بیاره.,-1,-1,negative,negative,True,0,0,187,40,correct,correct
13053,در نگاه نخست iPod touch شبیه به iPhone می باشد.,0,0,neutral,neutral,True,0,0,47,10,correct,correct
8090,من داییم این گوشی رو داره تمام بازی ها و نرم افزار ها از جمله بازیهای اچ دی رو اجرا می کنه.,0,1,neutral,positive,False,1,1,91,22,adjacent_class_error,predicted_more_positive
705,در کل باید گفت که : Its the best choice.,0,0,neutral,neutral,True,0,0,40,10,correct,correct
8988,از بالا که شروع کنیم شاهد یک دکمه‌ی On/Off هستیم.,0,0,neutral,neutral,True,0,0,49,10,correct,correct
1123,من همین امروز که به عنوان پیشنهاد ویژه توی سایت گذاشته بودن سفارشش دادم.,0,0,neutral,neutral,True,0,0,72,14,correct,correct
11581,پیش از این بیشترین مقدار توانایی ایجاد بزرگنمایی که بر روی دوربین‌های هم رده دیده بودیم، حدود 36 برابر بود.,0,-1,neutral,negative,False,-1,1,107,20,adjacent_class_error,predicted_more_negative
1419,با نگاهی موشکافانه به این مدل می توان شاخصه های آن را بدین گونه بر شمرد.,0,1,neutral,positive,False,1,1,72,16,adjacent_class_error,predicted_more_positive
4336,همونطور که مهندسان اپل در کنفرانس معرفی گفتن، در این یکی دو سال، آیپاد تاچ و به تبع اون آیپاد تاچ نسل 4 ، محبوب ترین دستگاه پخش موزیک و حتی بازی در بین کاربران بوده.,2,2,very_positive,very_positive,True,0,0,165,36,correct,correct
4533,"263, H.",0,0,neutral,neutral,True,0,0,7,2,correct,correct
6369,چنین سخت افزارهایی باعث شده که ذره‌ای مکث و تاخیر در عملکردهای گوشی دیده نشود.,1,1,positive,positive,True,0,0,78,15,correct,correct
3601,کنترل گرمای این سخت افزار نیز به خوبی انجام شده است و لپ‌تاپ در هنگام کار کردن در بازه های زمانی طولانی، زیاد گرم نمی‌شود.,1,1,positive,positive,True,0,0,122,25,correct,correct
932,با این حال طبق ادعای کمپانی، این دوربین از نظر پردازش عکس‌ها قوی‌تر عمل می کند تا عکس‌های با کیفیت‌تری بدست آید.,1,1,positive,positive,True,0,0,112,22,correct,correct
10178,اومدم اینجا و از گوشی لایو که تک سیم بود خوشم اومد و تمام خصوصیاتش رو خوندم و خریدم.,1,0,positive,neutral,False,-1,1,84,19,adjacent_class_error,predicted_more_negative
2508,مزیت این نوع پردازنده‌ها بیشتر در ارایه ی قابلیت‌های فوق‌العاده در مالتی تسکینگ یا انجام چند وظیفه به صورت همزمان است که بر عملکرد عمومی و سرعت پردازش تاثیر بسزایی دارد.,2,2,very_positive,very_positive,True,0,0,169,31,correct,correct
3137,شاید تنها نقطه ضعف این تبلت، کیفیت عکاسی ضعیف آن باشد ولی باید این موضوع را هم در نظر بگیرید که در کل دوربین های عکاسی بر روی تبلت ها، کاربرد فراوانی ندارند.,-1,-1,negative,negative,True,0,0,157,33,correct,correct
8747,3-باتری بسیار پر ظرفیت 2460 میلی آمپری که برای این گوشی و با این قیمت به نظر من بسیار ارزنده هست.,1,2,positive,very_positive,False,1,1,97,21,adjacent_class_error,predicted_more_positive
1530,همه این کارها در Galaxy Note 8 به لطف قلم تعبیه شده بسیار راحت‌تر و لذت بخش تر از گذشته مقدور می‌باشند.,2,1,very_positive,positive,False,-1,1,103,22,adjacent_class_error,predicted_more_negative
1475,از حساسیت 400 مقداری نویز در عکس ها مشاهده می شود اما همچنان جزئیات عکس ها خیلی خوب پیدا هستند.,1,1,positive,positive,True,0,0,95,20,correct,correct
11509,این بار گوگل با معرفی نسخه 4.2 این سیستم عامل، دو محصول سخت افزاری معرفی کرد.,0,1,neutral,positive,False,1,1,77,16,adjacent_class_error,predicted_more_positive
12422,این گوشی رو خریدم و راضیم.,1,0,positive,neutral,False,-1,1,26,6,adjacent_class_error,predicted_more_negative
6571,با این دوربین امکان عکاسی در حالت‌های پیاپی، HDR، Panorama و عکاسی در شرایط نوری ضعیف را خواهید داشت.,0,1,neutral,positive,False,1,1,101,19,adjacent_class_error,predicted_more_positive
5766,آخرین کنترل حرکتی نیز مربوط به Panning یا حرکت در بین آیکون‌ها و صفحات خانگی است.,0,0,neutral,neutral,True,0,0,81,16,correct,correct
10209,یک مورد دیگه باید بگم که Android v4 ice cream sandwich برای گوشی هایی هست که رمشون 1Gbباشه زیاد به اپدیت اندروید دقت نکنید و توصیه میکنم کسایی که میخوان اپدیت کنن زیاد خدشون رو دردسر نندازن و با همین جور ورژن بزارن چون شانسی هست ممکن هست بخوره ممکن هست نکنه اگه یه جستجو در اینترنت کننین میبینید که مشکل های زیاد و بدی برای این نوع گوشی ها پیش امده .,-1,1,negative,positive,False,2,2,350,73,distant_class_error,predicted_more_positive
11491,اگه اسم ال جی پشتش نبود واسه خریدش شکی نمی کردم ولی حالا باید بیشتر فکر کرد روش.,-1,-1,negative,negative,True,0,0,80,18,correct,correct
10392,گوشی عالی بود عالی تر شد.,2,2,very_positive,very_positive,True,0,0,25,6,correct,correct
5865,لازم میدونم این رو هم بگم که در مورد هنگ‌هایی که برخی کابران اشاره کردن در واقع اون به نحوه کارکرد شما برمیگرده!,0,0,neutral,neutral,True,0,0,112,23,correct,correct
10491,کیفیت تصویرش هم نسبت به رزولیشین عالی هستش من واقعا راضی هستم کیفیت بدنه هم خوب هستش ، پشتش شبیه به Xperia ZL هست!,2,2,very_positive,very_positive,True,0,0,114,24,correct,correct
4376,قیمتش قطعا نسبت به ایفون 5 خیلی کمتره ولی تمام کارهای ایفون 5 رو انجام میده جز مکالمه.,1,1,positive,positive,True,0,0,86,18,correct,correct
3144,تبلت خیلی خوبیه واقعا ارزش خرید داره مخصوصا این که سیم کارت هم میخوره,2,2,very_positive,very_positive,True,0,0,69,14,correct,correct
7544,من ترجیح میدم بجای این مبلغ پول واسه این گوشی، sensation xe بخرم,-1,0,negative,neutral,False,1,1,64,13,adjacent_class_error,predicted_more_positive
7593,مدل جدید سامسونگ که باز هم از خانواده Galaxy می‌باشد و گلکسی اس 3 مینی نام دارد، مشخصاتی شبیه به Galaxy S و طراحی شبیه به Galaxy S III دارد تا گوشی دلخواه کسانی باشد که ابعاد بزرگ Galaxy S III را نمی‌پسندند و می‌خواهند با هزینه ای کمتر، یک گلکسی اس 3 جمع و جور تر داشته باشند.,1,0,positive,neutral,False,-1,1,276,59,adjacent_class_error,predicted_more_negative
5212,در کل نمایشگر تصاویر را خیلی شارپ و شفاف نشان می‌دهد.,2,1,very_positive,positive,False,-1,1,53,11,adjacent_class_error,predicted_more_negative
6024,صحبت درباره‌ی کیفیت پرینترهای لیزری تک رنگ مدرن کمی سخت است چرا که بسیاری تولید کنندگان در تولیدات خود به کیفیت های خیلی خوب و نظیر هم دست یافته اند.,1,2,positive,very_positive,False,1,1,149,30,adjacent_class_error,predicted_more_positive
12780,تنها دلیل من هم برای نخریدن این گوشی همین صفحه ی کوچیکشه,-1,-1,negative,negative,True,0,0,56,12,correct,correct
9378,فوق‌العاده است.,1,2,positive,very_positive,False,1,1,15,2,adjacent_class_error,predicted_more_positive
4130,در حقیقت Nokia Asha 2 گوشی در داخل یک گوشی است و تنها منظورمان به این دلیل نیست که از 2 سیم کارت پشتیبانی می کند.,0,1,neutral,positive,False,1,1,113,26,adjacent_class_error,predicted_more_positive
102,"نمایشگر 3 اینچی هم رزولوشن 460,000 پیکسل را ارایه می‌دهد که رزولوشن بسیار بالا و خوبیست.",2,2,very_positive,very_positive,True,0,0,88,16,correct,correct
2855,رابط کاربری بسیار ساده و کاربردی و کیبورد مخصوص آن نیز بسیار خوب طراحی گردیده‌اند.,2,2,very_positive,very_positive,True,0,0,82,15,correct,correct
10286,کیفیت هدستش برای WALKMAN خیلی جالب نیست اما همه چیش نسبت به قیمتش عالیه من از دیجی کالا خریدم خوبیش اینه که که دیگه مسخره بازیه علائدین یارو نداره,1,-1,positive,negative,False,-2,2,146,29,distant_class_error,predicted_more_negative
4017,من خودم SONY- HX100V دارم به نظر من فرق به جزء سنسور 18 مگاپیکسل و برد فلش تا 12 متر فرق چندانی ندارند.,0,0,neutral,neutral,True,0,0,103,23,correct,correct
1580,در توضیح تعدادی از برنامه های پیش فرض سامسونگ باید بگوییم که برنامه S Note برنامه ایست که به شما در طراحی کارت با تعدادی قالب پیش فرض کمک می‌کند که می‌توانید آن‌ها را در قالب فایل PDF ذخیره نمایید.,1,0,positive,neutral,False,-1,1,197,40,adjacent_class_error,predicted_more_negative
4160,) عیب دیگه ای که داره اینه که هنوز لوازم جانبی برای هواوی (مثل گارد و برچسب) تو بازار ایران کم پیدا میشه.,-1,-1,negative,negative,True,0,0,105,23,correct,correct
7362,از نظر کیفیت دید از زاویه نیز همان قدر که از نوت‌بوکی در این رده‌ی قیمتی انتظار می‌رود از این نوت‌بوک شاهد بودیم.,0,0,neutral,neutral,True,0,0,113,23,correct,correct
4789,اگر چه سونی کنترل ها را کمی تغییر داده ولی دوربین شبیه مدل های قبلی است .,0,0,neutral,neutral,True,0,0,73,17,correct,correct
7280,در ضمن در قلب آن نیز سنسور تصویر 1/3 اینچی 2.3 مگاپیکسلی CMOS قرار گرفته است.,0,0,neutral,neutral,True,0,0,77,16,correct,correct
5342,بهترین پشتیبانی در تبلت های آندرویدی2.,2,2,very_positive,very_positive,True,0,0,38,6,correct,correct
12610,واقعا تو این رنج قیمت عالیه امکانات 20,2,2,very_positive,very_positive,True,0,0,38,8,correct,correct
11576,نمیشه از این دوربین انتظار عکسایه بهتری از سایر سوپر زوم ها داشته باشیم.,1,0,positive,neutral,False,-1,1,72,14,adjacent_class_error,predicted_more_negative
3493,سر و صدای نسبتا متوسطی هم هنگام کار دارد ولی کیفیتش خوبه,1,1,positive,positive,True,0,0,56,12,correct,correct
649,من دو ماهی هست خریدمش بسیار لپ تاپ خوبیه و نه داغ میکنه و نه هیچ مشکلی داره و گرافیک و سی پی یوشم بسیار جدید و قدرتمند هست و در نوع خودش خیلی زیبا و کارآمد هست تا وقتی باهاش کار نکنی نمیدونی چقدر خوش ساخت و با کیفیت و قدرتمند هست,2,2,very_positive,very_positive,True,0,0,229,53,correct,correct
8915,مخصوصا شفافیت بالا نویز کم و زوم بالا با کیفیت فوق العاده خوب.,2,2,very_positive,very_positive,True,0,0,62,13,correct,correct
6865,مقاومت و امکاناتی که سونی اضافه کرده.,0,2,neutral,very_positive,False,2,2,37,7,distant_class_error,predicted_more_positive
7725,به نظر من از محصولات اپل هیچ عیب و ایرادی نمیشه گرفت و محصول جدید اپل هم از این امر مستثنا نیست و از رقیبای خودش مثل nexus 7 خیلی خیلی بهتره.,2,2,very_positive,very_positive,True,0,0,141,32,correct,correct
9352,گوشی خوبیه یعنی نسبت به قیمتش عالیه تو این رده با این قیمت دیگه بهتر از این نیست دوربینش خوبه اندازش خوبه لمسشم روانه بگیریدش ضرر نکردید,1,1,positive,positive,True,0,0,136,27,correct,correct
11033,"اگر سخت افزار رو ارتقا نمی داد میگفتین سامسونگ کم کاری کرده حالا که چنین سخت افزار بالایی رو که در کمتر تبلتی یا شاید در هیچ تبلتی دیگری شاهد نیستیم رو روش گذاشته, این چنین اون رو مواخذه میکنید.",1,-1,positive,negative,False,-2,2,194,40,distant_class_error,predicted_more_negative
7697,من حدود دو هفته پیش گرفتم.,0,0,neutral,neutral,True,0,0,26,6,correct,correct
4172,قیمت اولیه رو کمتر میگن بعد که سیمکارتو میگیرن میگن باید مبلغی بدی برات برنامه بریزیم وگرنه نمیتونی با جایی تماس بگیری.,0,0,neutral,neutral,True,0,0,119,22,correct,correct
11154,این دستگاه ها با ایجاد امکان دسترسی به محتواهای عالی و نیز مجموعه Samsung Apps، گشت و گذار در اینترنت، Skype و بسیاری امکانات دیگر، برترین تجربه سرگرمی های خانگی را برای خانواده شما به ارمغان می آورند.,1,1,positive,positive,True,0,0,201,38,correct,correct
2712,این دوربین ایده آل برای ورزشهای از قبیل پرواز، دوچرخه سواری، اسکی و اسکیت، سنگ نوردی، کوه نوردی، غار نوردی، بانجی جامپینگ، قایق رانی و دیگر ورزشهای از این دست می باشد.2- مدل HD MotorSports HERO که مناسب برای علاقه مندان اتومبیل رانی، موتور سواری، دوچرخه سواری، کارتینگ و جت اسکی می باشد.,1,1,positive,positive,True,0,0,287,53,correct,correct
11618,• نرم افزارهمان‌طور که گفته شد Google Nexus 7 اولین تبلتی است که به صورت پیش فرض از نسخه 4.1 یا Jelly Bean اندروید بهره می‌برد.,1,0,positive,neutral,False,-1,1,127,26,adjacent_class_error,predicted_more_negative
12379,حدود 1 ثانیه به طول می‌انجامد تا هر عکس JPEG بر روی کارت حافظه ذخیره گردد.,0,0,neutral,neutral,True,0,0,74,16,correct,correct
5370,در واقع، این گوشی شباهت زیادی به تبلت ها دارد، چرا که طراحی آن به گونه ایست که با عرض زیاد خود، در واقع یکی از عریض‌ترین گوشی‌های موجود در جهان به شمار می‌رود.,0,0,neutral,neutral,True,0,0,159,34,correct,correct
2287,یعنی همه گوشی ها از نظر عملکرد یکی هستند، ولی از اینجا به بعد رو دقت کنین برای انتخاب روی این گزینه ها دقت کنین:1.,0,0,neutral,neutral,True,0,0,114,25,correct,correct
5693,باسلام من تبلت اپل هم داشته ام اما تبلت سامسونگ با سیستم عامل اندروید عالیه چون این سیستم عامل کارایی سریع و آسان را در اختیار ما گذاشته ریختن نرم افزارها راحت و سریع بوده این تبلت برای مطالعه عالیست,2,1,very_positive,positive,False,-1,1,199,40,adjacent_class_error,predicted_more_negative
8375,آقای خورشیدی کار کانن درسته.,1,0,positive,neutral,False,-1,1,28,5,adjacent_class_error,predicted_more_negative
7820,همچنین مجهز به لنز با توانایی زوم اپتیکال 18 برابر نیز می‌باشد.,1,1,positive,positive,True,0,0,63,12,correct,correct
8052,در ضمن این دوربین مجهز به یک مود iAuto هم می‌باشد که مود اتوماتیک هوشمند خوانده می‌شود و برای عکاسان مبتدی یا کسانی که حوصله‌ی درگیر شدن با تنظیمات دوربین خود را ندارند مناسب است.,1,1,positive,positive,True,0,0,179,35,correct,correct
12827,به‌روزترین مجموعه به همراه نرم‌افزارهای جدید در هر نسخه :گردو را می‌توان بی‌اغراق به‌روزترین مجموعه نرم‌افزار نامید.,1,1,positive,positive,True,0,0,116,17,correct,correct
12321,------------------------ شدیدا تاکید میشه در صورت محدود بودن بودجه حتما این مدل رو انتخاب کنید قیمت دیجی کالا هم نسبت به بازار که من مقایسه کردم بسیار مناسب هست,2,2,very_positive,very_positive,True,0,0,160,29,correct,correct
2893,صفحه نمایش پیش از عرضه Infinity، تبلت Transformer Prime بهترین کیفیت صفحه نمایش را در بین تبلت های اندرویدی داشت ولی Infinity با بهره گیری از یک صفحه نمایش Full HD با دقت 1920x1200، روشنایی بیشتر و رنگ‌های طبیعی‌تر، توانست تخت پادشاهی را از Prime بگیرد.,2,1,very_positive,positive,False,-1,1,253,46,adjacent_class_error,predicted_more_negative
9468,بعلاوه توانایی فیلم برداری HD نیز با آن همراه شده تا علاوه بر عکاسی بتوانید یک دوربین فیلم برداری خیلی خوب را هم همراه خود داشته باشید.,1,2,positive,very_positive,False,1,1,135,27,adjacent_class_error,predicted_more_positive
9542,چرا 4 هسته ای نمیزنه .,-1,0,negative,neutral,False,1,1,22,6,adjacent_class_error,predicted_more_positive
5281,صفحه نمایش 7 اینچی این تبلت از نوع IPS بوده و قادر است تصاویری را با دقت 800×1280 پیکسل نمایش دهد.,1,0,positive,neutral,False,-1,1,98,21,adjacent_class_error,predicted_more_negative
10820,مثلا تو این رنج قیمت، جز محدود دوربینایی هست که عکاسی پانوراما داره و hd فیلم میگیره.,1,0,positive,neutral,False,-1,1,85,17,adjacent_class_error,predicted_more_negative
3339,ضمن اینکه این نخستین هندی کم ای است که سنسور Exmor APS HD CMOS دارد.,0,0,neutral,neutral,True,0,0,68,15,correct,correct
5511,آقای کورش من خودم از طرفداران الجی هستم اما باید انصاف داشته باشیم.,0,0,neutral,neutral,True,0,0,67,13,correct,correct
10593,در ضمن تاچ پد G585 کاملا از فرمان‌های چند لمسی (مالتی تاچ) پشتیبانی می‌کند.,2,1,very_positive,positive,False,-1,1,75,14,adjacent_class_error,predicted_more_negative
6779,در عرض دو روز 170 عکس اسکن کردم و 200 صفجه جزوه رنگی .,0,0,neutral,neutral,True,0,0,54,14,correct,correct
4382,برخلاف اکثر تبلت های موجود در بازار، که یک ظاهر مستطیلی شکل یکنواحتی دارند، Sony S ظاهری همانند یک مجله از وسط لوله شده داشته و قطر این تبلت در قسمت های مختلف آن، متفاوت است.,0,0,neutral,neutral,True,0,0,174,36,correct,correct
11238,بنابراین اگر دارای لنزهایی چون 10-22mm f/3.5-4.5 USM، 15-85mm f/3.5-5.6 IS USM و یا 60mm f/2.8 Macro USM هستید دیگر نمی توانید از آن بر روی این دوربین استفاده نمایید.,-1,0,negative,neutral,False,1,1,166,30,adjacent_class_error,predicted_more_positive
2906,در این حالت، چهار هسته دیگر غیر فعال می‌شوند و این کار باعث افزایش شارژ دهی باتری Infinity می‌شود.,0,1,neutral,positive,False,1,1,98,19,adjacent_class_error,predicted_more_positive
12705,خیلی گوشی خوبیه در عین حال قیمتش خیلی مناسبه نسبت به رقباش حداقل کم نمیاره,1,1,positive,positive,True,0,0,74,15,correct,correct
9614,فوق العادس.,2,2,very_positive,very_positive,True,0,0,11,2,correct,correct
1439,این در حالی است که A1300 از چشمی اپتیکال بهره می‌برد و این فرقش با A810 را می‌سازد.,0,1,neutral,positive,False,1,1,83,18,adjacent_class_error,predicted_more_positive
4100,حدود یک ماهی میشه که این گوشی رو خریدم و از امکانات و عملکردش در مقایسه با قیمتش بسیار راضی هستم.,2,2,very_positive,very_positive,True,0,0,97,21,correct,correct
12844,نصب خودکار برنامه‌ها: پاره‌ای از نرم‌افزارها برای نصب کامل و اکتیو شدن نیاز به فایل‌هایی دارند که باید با نسخه اصلی جایگزین شوند.,0,0,neutral,neutral,True,0,0,129,23,correct,correct
3258,رنگ‌های تولید شده توسط صفحه نمایش بسیار زنده و طبیعی بوده و زاویه دید آن نیز رضایت بخش است.,2,2,very_positive,very_positive,True,0,0,91,19,correct,correct
12160,بیشترین تغییر در کنترل ها این جا مشاهده می شود.,0,0,neutral,neutral,True,0,0,47,10,correct,correct
8127,3- دکمه های تاچ پایین صفحه نمایش چراغ نداره و روشن نمیشه!,-1,0,negative,neutral,False,1,1,57,12,adjacent_class_error,predicted_more_positive
5606,نکته‌ی خوب این است که خوشبختانه ویدیوها خیلی روان هستند.,2,2,very_positive,very_positive,True,0,0,56,10,correct,correct
4242,درکل گوشی خوبیه پیشنهاد میکنم از دست ندینش.,1,1,positive,positive,True,0,0,43,8,correct,correct
5000,بسته بندی elite این کنسول ؟,0,0,neutral,neutral,True,0,0,27,6,correct,correct
4046,clear zoom باعث می شود که در زوم120X عکس کاملا واضح گرفته شود یعنی دوربین به طورخودکار 6 عکس میگیرد و از ترکیب آنها یک عکس کاملا واضح ارایه می دهد.,1,2,positive,very_positive,False,1,1,147,31,adjacent_class_error,predicted_more_positive
7862,به طور کلی صفحه نمایش Fonepad دقیقا همان صفحه نمایشیست که ASUS بر روی تبلت محبوب Google Nexus 7 نیز قرار داده است و کیفیت بسیار خوبی دارد.,2,2,very_positive,very_positive,True,0,0,138,28,correct,correct
10988,اما نیو ایپد 2048x1536 که از یه تلوزیون HD هم بالاتره گرافیکم که بهترینه سامسونگ باید مثل ASUS نواوری میکرد نه کپی از محصولات قبلیش نواوری یعنی مثل ASUS که با گذاشتن یک هسته مجازی در حالت که کارهای عادی با تبلت میکنید فعال میشه و عمر باتری بالا میره نه اضافه کردن رمو CPU .,-1,0,negative,neutral,False,1,1,273,56,adjacent_class_error,predicted_more_positive
6992,دقت کرده بودید این گوشی رادیو نداره,-1,0,negative,neutral,False,1,1,35,7,adjacent_class_error,predicted_more_positive
3844,تلویزیون خوبی است بهترین قابلیتی که خودم هم متعجب کرد دوربین واقعا عالی است که روی هوا دست آدم رو تشخیص میده و کیفیت خوبی داره که این واقعا من رو متعجب کرد البته باید بگم که توی نور زیاد عملکرد عالی داره ولی چند نکته ای است که به عزیزانی که می خواهند این تلوزیون را بگیرند بگویم: 1.اگر برای قابلیت های این تلوزیون می خواهید اون را بگیرد باید بگویم که حتما باید شبکه بی سیم اینترنت مثل: وایمکس و وایرلس داسته باشید .,2,1,very_positive,positive,False,-1,1,415,86,adjacent_class_error,predicted_more_negative
7479,پورت‌های mini HDMI و mini USB هم بر روی بدنه وجود دارد.,0,0,neutral,neutral,True,0,0,55,12,correct,correct
11990,در کل از خریدش راضیم با این قیمت بهتر از این نمیتونستم گوشی پیدا کنم.,1,1,positive,positive,True,0,0,69,15,correct,correct
68,به خصوص اینکه باعث می‌شود که احتمال لیز خوردن دوربین در دست کمتر گردد و اثری از لکه و اثر انگشت هم بر روی آن باقی نماند.,1,1,positive,positive,True,0,0,120,27,correct,correct
4681,قضیه باطری هم که جای خود داره..,0,0,neutral,neutral,True,0,0,31,7,correct,correct
7693,پیشنهاد من اینه که از همین سایت بخرین پشیمون نمیشین.,1,0,positive,neutral,False,-1,1,52,10,adjacent_class_error,predicted_more_negative
12631,نظیر نداره بهترینه گوشی هاست,2,2,very_positive,very_positive,True,0,0,28,5,correct,correct
5521,در جواب آقای بهرام میخوام بگم اکه اینجوری به قضیه نگاه کنیم نوت 2 هم فقط از نظر قیمت از اچ تی سی باترفلای بهتره!,0,0,neutral,neutral,True,0,0,112,25,correct,correct
2885,در سمت راست تنها کلیدهای کم و زیاد کردن صدا وجود دارند.,0,0,neutral,neutral,True,0,0,55,12,correct,correct
782,همچنین رنگ‌ها بسیار زنده و طبیعی هستند و به سختی می‌توان پیکسل‌های تصویر را از یکدیگر تشخیص داد.,2,0,very_positive,neutral,False,-2,2,96,18,distant_class_error,predicted_more_negative
7793,این بدین معنا نیست که با دیدن صفحه نمایش این تبلت نا امید می‌شوید، بلکه عملکرد آن کاملا رضایت بخش ارزیابی می‌گردد.,2,1,very_positive,positive,False,-1,1,114,22,adjacent_class_error,predicted_more_negative
12522,طراحی نوین امکان جای‌گیری باتری لیتیوم-یونی بزرگتر را فراهم آورده است.,1,1,positive,positive,True,0,0,70,11,correct,correct
10031,نسبت به قیمتش خوبه,1,1,positive,positive,True,0,0,18,4,correct,correct
11701,یا علی,0,0,neutral,neutral,True,0,0,6,2,correct,correct
5747,با استفاده از برنامه‌ی Google Sky Map، گوشی را به هر سوی آسمان که نشانه بروید نقشه‌ی زنده‌ی آن به همراه همه‌ی اجرام و اطلاعاتشان برای شما به نمایش در خواهد آمد!,0,1,neutral,positive,False,1,1,160,32,adjacent_class_error,predicted_more_positive
10596,این پردازنده‌ها کم مصرف بوده و قدرت کمی دارند به همین دلیل تنها برای انجام کارهای سبک روزانه مانند مرورگری اینترنت، تماشای ویدیو و کار با نرم افزارهای Office مناسبند.,-1,1,negative,positive,False,2,2,166,30,distant_class_error,predicted_more_positive
11435,خلاصه گوگل داره به شما میگه میخوای ساپورت 4-5 ساله من بسازی؛میخوای خالص ترین تجربه آندروید رو داشته باشی؛ پس باید با یه سری کم و کاستی ها بسازی و اون هم فقط حافظه 12 گیگه!,0,0,neutral,neutral,True,0,0,171,36,correct,correct
8141,گوشی خوب و جم جوریه البته در حد قیمت خودش,1,1,positive,positive,True,0,0,41,10,correct,correct
3855,به ادامه‌ی توضیحات درباره‌ی این دوربین می‌پردازیم.,0,0,neutral,neutral,True,0,0,50,7,correct,correct
3067,در هفته اول به دلیل قرار گرفتن گوشی موبایلم روی این تبلت متوجه خش های ریز روی آن شدم.,0,-1,neutral,negative,False,-1,1,85,19,adjacent_class_error,predicted_more_negative
12671,الان هم واسه خواهر زادم سفارش دادم.,0,1,neutral,positive,False,1,1,35,7,adjacent_class_error,predicted_more_positive
9822,با استفاده از همین تکنولوژی، ایسوس موفق شده این تبلت را با وزن 525 گرم یعنی بیش از 50 گرم کمتر از Surface RT و بیش از 125 گرم کمتر از آیپد 4 تولید نماید.,1,1,positive,positive,True,0,0,153,35,correct,correct
435,در سمت راست این گوشی کلید های پاور، کنترل صدا و شاتر قرار گرفته‌اند.,0,0,neutral,neutral,True,0,0,68,14,correct,correct
9275,حتی می توانید عمل Touch to Focus را انجام دهید و یا دکمه ی شاتر را بفشارید.,0,1,neutral,positive,False,1,1,75,17,adjacent_class_error,predicted_more_positive
7370,بنابراین مطمئنا این نوت‌بوک‌ها مناسب انجام بازی‌های رایانه ای نیست.,-2,-1,very_negative,negative,False,1,1,67,10,adjacent_class_error,predicted_more_positive
4753,دوست عزیز اسلوموشن بودن تصویر دلایل زیادی داره 1-سرعت کم پردازش کارت گرافیک 2-مقدار بازدهی فرکانس مانیتور 3-نرم افزار پخش کننده فیلم,-1,0,negative,neutral,False,1,1,132,22,adjacent_class_error,predicted_more_positive
12966,کلا 2 تا ایراد داره اول اینکه خیلی سرو صدا داره و دوم اینکه ازش زیاد انتظار پرینت خوب نداشته باشین چاپ رنگیش تعریفی نداره .,-2,-1,very_negative,negative,False,1,1,123,26,adjacent_class_error,predicted_more_positive
4137,امروز ٢ تا از دیجی کالا خریدم ..,0,0,neutral,neutral,True,0,0,32,8,correct,correct
12,همچنین USB Flash card یا شیار کارت حافظه هم وجود ندارد.,0,0,neutral,neutral,True,0,0,55,11,correct,correct
381,اما برخلاف لنز Ixus 510 HS که توانایی زوم 12 برابر را داشت، لنز 24-120 میلی متر Ixus 240 HS توانایی زوم 5 برابر را دارد.,-1,0,negative,neutral,False,1,1,120,26,adjacent_class_error,predicted_more_positive
6691,هرچند که عکس‌ها کیفیت بدی ندارند، ولی انتظار زیادی هم از این دوربین به عنوان یک دوربین عکاسی نباید داشته باشید.,-1,0,negative,neutral,False,1,1,111,21,adjacent_class_error,predicted_more_positive
8848,به نظرم صدای موتورش هنگام زوم زیاده و از معایبش میشه به نداشتن بلوتوث و وایرلس اشاره کرد.,-1,-1,negative,negative,True,0,0,89,18,correct,correct
3524,از دیگر برنامه‌هایی که تغییر بسیاری داشته است، ویدئو پلیر گوشی است.,0,0,neutral,neutral,True,0,0,67,12,correct,correct
8365,از سایت خوب دی جی کالا هم تشکر میکنم,1,1,positive,positive,True,0,0,36,9,correct,correct
5861,در کل این گوشی کاملا ایده‌آله واسه کسایی که خیلی براشون مهمه که گوشی از هر لحاظی نمره قابل قبولی بگیره.,1,1,positive,positive,True,0,0,103,21,correct,correct
12900,با سلام ، من سه روزه خریدم و باهاش کار کردم از همه نظر عالی و خوبه خوش دست و خوش فرمه آنتن دهیش هم حرف نداره اما چراغ قوه نداره با تشکر از سایت خوبتون,2,2,very_positive,very_positive,True,0,0,150,36,correct,correct
3145,اگر یک سامسونگ p3100 داشته باشین، یک لپ تاپ و یک اسمارت فون از همه بیشتر از سامسونک p3100 استفاده خواهید کرد از دانشجو تا مهندس و پزشک همه لازمتون میشه بهترین سایز 7 اینج هست و بهترینش تا امروز p3100 نکسوس هم خوبه ولی بعضی کارارو که تو ایران میشه انجام داد باید sim card داشته باشین,1,1,positive,positive,True,0,0,282,58,correct,correct
10823,من این دوربین گرفتم و ازش راضیم البته صدای اسپیکرش خیلی بلند نیست، کیفیت عکس و فیلمش هم عالیه صفحه نمایشش هم کیفیت خوبی داره ولی از 2.7 اینج یک مقدار کمتر و اگر خواستین محافظ صفحه نمایش براش بگیرین 2.4 بگیرین.,1,1,positive,positive,True,0,0,209,42,correct,correct
8405,بنابراین با SX50 HS در حقیقت یک دوربین فوق العاده و بی نظیر را خواهید داشت.,2,2,very_positive,very_positive,True,0,0,75,16,correct,correct
2150,نکته ی مهمی که باید در انتخاب یک گوشی در نظر داشت خوش دست بودن و اندازه ی مناسب آن است.,0,1,neutral,positive,False,1,1,87,21,adjacent_class_error,predicted_more_positive
9557,۱ تبدیل به نقطه ضعف IOS حتی در نسخه جدید ۶ ان شده است.,-1,0,negative,neutral,False,1,1,54,14,adjacent_class_error,predicted_more_positive
3351,دوما :نورگیری ان بسیار کم است ودر شرایط نور کم تصویر بسیار بی کیفیت میشود.,-2,-2,very_negative,very_negative,True,0,0,74,15,correct,correct
9877,عالی از همه لحاظ: سیستم عامل نمایشگر دوربین کارایی امکانات,2,2,very_positive,very_positive,True,0,0,58,10,correct,correct
4128,این برای نوکیا خیلی اهمیت دارد چرا که با عرضه ی این گوشی فروش زیادی خواهد کرد.,1,0,positive,neutral,False,-1,1,78,17,adjacent_class_error,predicted_more_negative
10695,ظاهر زیباسخت افزار قدرتمندقیمت مناسب البته نه واسه ما.,1,1,positive,positive,True,0,0,54,9,correct,correct
11180,1Ds و مدل پس از آن یعنی 1Ds Mark II فول فریم های خیلی بزرگ جثه و گران قیمتی بودن که با توانایی عکاسی پیاپی با سرعت بالایی که ارائه می کردند در حقیقت دوربین هایی به حساب می آمدند که می شد با آن ها از صحنه های خیلی سریع ورزشی عکاسی کرد.,2,2,very_positive,very_positive,True,0,0,234,54,correct,correct
9191,۱ ماه شاید هم بیشتر مقایسه هارو میخوندم و از اونجا که 650D کم نویز تر بود و من نویز خیلی‌برام مهم کانن رو انتخاب کردم.,1,0,positive,neutral,False,-1,1,118,26,adjacent_class_error,predicted_more_negative
422,البته اگه زوم اپتیکالش بیشتر بود بهتر میشد,0,0,neutral,neutral,True,0,0,42,8,correct,correct
6220,به طور مثال شما می‌توانید تعیین نمایید که در حین استفاده از اینترنت یکی از سیم کارت‌ها، تماس‌های ورودی فقط به سیم کارت دیگر پذیرفته شود.,0,0,neutral,neutral,True,0,0,136,26,correct,correct
2879,قسمت جلویی تبلت به طور کامل توسط صفحه نمایش 10.1 اینچی و قاب ضخیم آن اشغال شده است.,0,0,neutral,neutral,True,0,0,83,18,correct,correct
5328,از لحاظ نرم افزاری در این قیمت بدون رقیب هست بنده این نظر را با همین تبلت درج کردم ولی نباید انکار کرد که این تبلت عیب بزرگی دارد آنهم پشتیبانی نکردن از حافظه ی جانبی هست ولی از لحاظ سرعت و قدرت نرم افزاری از تبلت های گران قیمتی مانند 7plus بسیار بالاتر است صفحه ی نمایش آن هم با اینکه سوپر امولد نیست کیفیت بالا و نور دهی بسیار مناسبی دارد و رنگ ها بسیار زنده اند و در آخر بدنه ی پشتی آن مورد برسی قرار می گیرد که موقع کار کردن حس بسیار خوبی را منتقل می کند و از عرق دست هم جلو گیری می کند,1,1,positive,positive,True,0,0,490,111,correct,correct
8666,حال اگر مالک قصد تهیه کیف برای گوشی داشته باشه کیفی خواهد داشت که از پشتی از دو ناحیه سوراخ است و نمای بسیار بدی ایجاد می کند.,-1,1,negative,positive,False,2,2,126,28,distant_class_error,predicted_more_positive
12788,صورت می گیره و موجب آسیب رسیدن به گوشی می شه.,-1,0,negative,neutral,False,1,1,45,11,adjacent_class_error,predicted_more_positive
3183,از اندازه مناسب و خوش دستی و روزلوشن و کیفت بالا ال سی دی گرفته تا سیستم عامل کامل .,2,1,very_positive,positive,False,-1,1,84,20,adjacent_class_error,predicted_more_negative
11161,دسترسی بیسیم و پخش محتواهای مختلفبا قابلیت اشتراک گذاری بیسیم می توانید بیشترین بهره را از محتواها و تجهیزات خود ببرید.,1,1,positive,positive,True,0,0,119,21,correct,correct
3157,بنظر من این تبلت کاملا مهندسی شده و معقول هست .,2,2,very_positive,very_positive,True,0,0,47,11,correct,correct
11368,سرعت روشن شدن تا آماده شدن برای عکاسی نیز پیشرفت نکرده است.,-1,0,negative,neutral,False,1,1,59,12,adjacent_class_error,predicted_more_positive
10785,در قلب این دوربین سنسور تصویر 20 مگاپیکسلی BSI-CMOS قرار گرفته است.,1,0,positive,neutral,False,-1,1,67,12,adjacent_class_error,predicted_more_negative
9162,مرورگر ارائه شده بر روی HTC Desire V دسترسی به اینترنت و گشت و گذار در دنیای وب را با سرعت بالا ممکن می‌سازد.,1,1,positive,positive,True,0,0,109,24,correct,correct
6712,دوربین های با باطری قلمی مانند دوربین اس ایکس160 با باطری لیتیومی دیگر مدلها مثلا دبلیوایکس 100قابل شارژهستند فقط کافیه نوع باطری که انتخاب میکنید شارژی باشد,1,0,positive,neutral,False,-1,1,157,27,adjacent_class_error,predicted_more_negative
12052,از همه بهتر هم می تونم به کیفیت بالای صفحه نمایشش اشاره کنم .,1,1,positive,positive,True,0,0,61,14,correct,correct
9633,ما نانو سیم نداریم.,-1,0,negative,neutral,False,1,1,19,4,adjacent_class_error,predicted_more_positive
211,سلام دوستان من این گوشیرو خریدم برای خودم و یه سولا برای مادرم.,0,0,neutral,neutral,True,0,0,63,13,correct,correct
8826,بدست که میگیری حس حرفه‌ایه عکاسی بهت دست میده مخصوصا وقتی از چشمیش استفاده میکنی.,1,1,positive,positive,True,0,0,81,15,correct,correct
8151,عملکردقدرت پردازشی Desire C توسط یک پردازنده تک هسته ای 600 مگاهرتزی تامین می‌شود و میزان حافظه RAM این دستگاه نیز 512 مگابایت است.,0,0,neutral,neutral,True,0,0,131,24,correct,correct
3240,این تبلت آخرین نسخه سیستم عامل اندروید رو داره و بسیاری از کاستی های نسخه های قبلی این نسخه مرتفع شده.,1,0,positive,neutral,False,-1,1,102,21,adjacent_class_error,predicted_more_negative
342,کنتراست و کیفیت رنگ‌های تولید شده در حد خوبی قرار دارند ولی عکاسان حرفه ای و یا کسانی که کارهای گرافیکی انجام می‌دهند، ممکن است از کیفیت صفحه نمایش G580 راضی نباشند.,0,1,neutral,positive,False,1,1,165,32,adjacent_class_error,predicted_more_positive
10799,در کل باید کفت که HX50v بهترین دوربین کامپکت میان رده یا همان کامپکت های سوپرزوم تا به تاریخ معرفی می باشد.,0,2,neutral,very_positive,False,2,2,107,22,distant_class_error,predicted_more_positive
3263,ولی اگر تمایل به گوش کردن به موسیقی یا تماشای ویدئو با صدای بلند دارید، پیشنهاد می‌کنیم که از هدفون یا از بلندگوهای خارجی استفاده کنید.,0,0,neutral,neutral,True,0,0,135,26,correct,correct
6436,واقعا هارد خوبیه سرعتش مناسبه - وزن و ضخامتش کمه  تا الان که مشکلی نداشته پس از تمام تستها اطلاعات بیشتری در اختیارتون میذارم.,2,1,very_positive,positive,False,-1,1,126,24,adjacent_class_error,predicted_more_negative
8616,سلام من این گوشی رو 3 روزه خریدم تو این قیمت بهترینه,1,0,positive,neutral,False,-1,1,52,12,adjacent_class_error,predicted_more_negative
7887,از جمله این برنامه‌ها می‌توان به App Locker، ASUS Studio، Buddy Buzz، Chrome، File Manager، Google Plus، Maps، Messenger، MyBitCast، MyPainter، Play Music، WebStorage و YouTube اشاره نمود.,0,0,neutral,neutral,True,0,0,188,28,correct,correct
5738,و البته سامسونگ نیز این اتهامات رد کرده است.,0,0,neutral,neutral,True,0,0,44,9,correct,correct
904,این دوربین نیز همانند P510 دارای GPS داخلی است.,0,0,neutral,neutral,True,0,0,47,9,correct,correct
12985,باید یادتان باشد که حتما در سایت Hp پرینتر خود را رجیستر کنید و یک آدرس ایمیل برای آن بگیرید.,0,0,neutral,neutral,True,0,0,93,20,correct,correct
5454,ممنون دیجی کالا.,0,0,neutral,neutral,True,0,0,16,3,correct,correct
2358,اپل با وجود سیستم عامل عالی اش همیشه خوب بوده نه عالی ، پردازنده جدیدش بحث برانگیزه ، اما اپل در این مدل جدید نو آوری چندانی نداشته و به وضوح سیر نزولی این شرکت پس از مدلهای 4 اس و 5 را میشه دید و می توان این نزول را از نبود استیو جابز افسانه ای دانست .,-1,2,negative,very_positive,False,3,3,253,59,distant_class_error,predicted_more_positive
8468,با سلام به همه ، اولش می خواستم از همه دیجیکالایی ها به خاطر سایت و خدماته عالیشون تشکر کنم .,2,1,very_positive,positive,False,-1,1,93,21,adjacent_class_error,predicted_more_negative
8532,یکی از نقاط ضعف این دوربین، ضبط نشدن صدا هنگام زوم اپتیکال در حین فیلمبرداری است و ماکرو هم از فاصله 10cm کار می کنه که وقتی میخواین عکس های ماکرو بگیرین یکم با مشکل روبرو میشین و از لحاظ قدرت نرم افزاری هم ضعیفه، یعنی شما چیزی به اسم افکت های سپیا، سیاه و سفید، یا از این جور چیزها ندارین ..,-2,1,very_negative,positive,False,3,3,292,63,distant_class_error,predicted_more_positive
4417,دوربین این تبلت میتواند در رزلوشن HD 720p فیلمبرداری کند که به کمک فوکوس ممتد، کیفیت بسیار خوبی را ارائه میدهد.,2,2,very_positive,very_positive,True,0,0,111,21,correct,correct
12369,در مود intelligent Auto نیز کافی است که دوربین را به سوی سوژه نشانه بروید تا خود همه‌ی تنظیمات را انجام دهد و بهترین عکس گرفته شود.,2,1,very_positive,positive,False,-1,1,131,27,adjacent_class_error,predicted_more_negative
10020,دومی برای کار کردن بر روی کامپیوتر و نیز استفاده بر روی وب آسان تر است.,1,1,positive,positive,True,0,0,71,16,correct,correct
6914,در جواب دوستانی که میگن باتری این گوشی ضعیفه بگم که باتری این گوشی 2020 لیتیوم پلیمری هستش.,0,1,neutral,positive,False,1,1,91,18,adjacent_class_error,predicted_more_positive
952,اگر بخواهید که اسکنی که تهیه کرده اید کیفیتی خوبی داشته باشد باید سعی کنید که سرعت پیمایش یکنواختی داشته باشد.,0,0,neutral,neutral,True,0,0,110,21,correct,correct
5038,این واحد پردازشی از نوع ۳۲ بیتی است و در هر ثانیه قادر به پردازش بیش از ۲۵۶ نوع صدای مختلف می‌باشد.,0,0,neutral,neutral,True,0,0,99,22,correct,correct
10581,روشنایی این صفحه نمایش بسیار خوب است و این روشنایی بالا باعث می‌شود تا بتوانید با G585 و با وجود روکش براق صفحه نمایش آن، در محیط‌های پرنور و یا در زیر تابش نور آفتاب نیز کار کنید.,2,2,very_positive,very_positive,True,0,0,180,38,correct,correct
6687,اما رنگ‌ها خیلی خوب به نظر می‌رسند و غلظت ملایمی دارند.,2,2,very_positive,very_positive,True,0,0,55,11,correct,correct
8818,فقط خوشکله و زومه بالایی داره و خوش دسته.,1,1,positive,positive,True,0,0,41,9,correct,correct
3243,ولی عدم وجودش هم باعث کاستی نمیشه چون تبدلش وجود داره.,0,-1,neutral,negative,False,-1,1,54,11,adjacent_class_error,predicted_more_negative
12608,هر از گاهی به کوچولو تیک میزنه اما با توجه به قیمت اصلا مهم نیست.,0,1,neutral,positive,False,1,1,65,15,adjacent_class_error,predicted_more_positive
3779,در تستی که با باتری همراه این دوربین انجام دادیم، این دوربین توانست تا مقداری کمتر از 2 ساعت فیلم برداری را در کیفیت کاملا انجام دهد که نسبتا خوب است.,1,1,positive,positive,True,0,0,150,31,correct,correct
6946,خیلی حیف شد!,0,-1,neutral,negative,False,-1,1,12,3,adjacent_class_error,predicted_more_negative
1353,به علاوه مدل جدید تنها قابلیت خواندن کارت حافظه SD را دارد.,0,0,neutral,neutral,True,0,0,59,12,correct,correct
9845,در تست مرورگری اینترنت از طریق Wi-Fi با روشنایی متوسط، این تبلت توانست بیش از 9 ساعت شارژ دهی کند.,1,0,positive,neutral,False,-1,1,98,20,adjacent_class_error,predicted_more_negative
8313,نمیدونم چرا اچ تی سی به باتری توجه کافی نداره.,-1,-1,negative,negative,True,0,0,46,10,correct,correct
9058,البته برای اتصال به دستگاه های سازگار نخست می بایست که اپلیکیشن Samsung Smart App مخصوص Android یا iOS را بر روی دستگاه خود نصب کنید.,0,0,neutral,neutral,True,0,0,133,26,correct,correct
8873,من حدود 6 ماهه که این دوربین را خریدم ، به نظر من بجز باطری خیلی ضعیف مشکل دیگری ندارد .,0,-1,neutral,negative,False,-1,1,88,21,adjacent_class_error,predicted_more_negative
4578,4- بهبود رابط کاربری 5-جالبتر از همه اگر گوشی شما مجهز به دوربین مکالمه تصویری باشد برای آنلاک کردن گوشی میتوانید از قابلیت تشخیص چهره گوشی استفاده نمایید.,0,1,neutral,positive,False,1,1,155,28,adjacent_class_error,predicted_more_positive
13065,بدون چنین دکمه هایی شما مجبور به روشن کردن نمایشگر و استفاده از دکمه های مجازی لمسی خواهید بود که کمی اذیت کننده است.,-1,1,negative,positive,False,2,2,117,24,distant_class_error,predicted_more_positive
1340,باتریش که زود شارژ میشه و حداقل 4 روز کار میکنه که با اون ابعاد واقعا فوق العاده است.,2,2,very_positive,very_positive,True,0,0,85,19,correct,correct
3031,اگر به دنبال تبلت 7 اینچی ارزان قیمت هستید asus google nexus 7 و ZTE T98 بسیار مناسب هستند.,1,1,positive,positive,True,0,0,91,19,correct,correct
2566,تو این رنج قیمت بهترین انتخابه.,2,1,very_positive,positive,False,-1,1,31,6,adjacent_class_error,predicted_more_negative
8843,حدود یکساله این دوربین رو دارم همه چیزش عالیه.,1,2,positive,very_positive,False,1,1,46,9,adjacent_class_error,predicted_more_positive
11553,قطعا نیکون در تولید دوربین های حرفه ای جز بهترین دوربین های موجود در بازار هست اما در این رده با وجود FZ200 پاناسونیک از لحاظ کیفیت برتر و یا SX50 کنون از لحاظ زوم فوق العاده زیاد همراه نویز کم حرفی برای گفتن نداره..,0,2,neutral,very_positive,False,2,2,216,45,distant_class_error,predicted_more_positive
1122,من این هارد رو با پیشنهاد ویژه خریدم هارد خوب و مناسبیه ولی سوکتش اصلا خوب نیس و به نظر میرسه ممکنه کنده بشه,-1,1,negative,positive,False,2,2,108,24,distant_class_error,predicted_more_positive
9125,کسانی که میگند s2 بهتره، عزیزم اون گوشی تک سیمه، این دو سیمه و باید با هم رده خودش مقایسه بشه.,0,0,neutral,neutral,True,0,0,94,21,correct,correct
754,که صدای فن دقیقا تایید میکنه این موضوع رو .,0,0,neutral,neutral,True,0,0,43,10,correct,correct
5255,باتری طول عمر باتری در شرایط مختلف متفاوت است.,0,0,neutral,neutral,True,0,0,46,9,correct,correct
2390,قاب پشتی به همان بافت‌های حلقه ای مخصوص تبلت ها و نوت بوک های ایسوس به نام Zen مزین شده است که نه تنها از جذب اثر انگشت جلوگیری می‌کند، بلکه از لیز خوردن گوشی در دست شما نیز جلوگیری می‌کند.,0,1,neutral,positive,False,1,1,189,41,adjacent_class_error,predicted_more_positive
12123,این نوع طراحی برای دوربینی با چنین توانایی زوم بالایی خیلی مفید است چرا که بدین ترتیب خیلی راحت تر می توانید آن را در دست بگیرید و با خیال راحت تری عکاسی کنید.,2,2,very_positive,very_positive,True,0,0,159,34,correct,correct
4824,من هم ایکس باکس دارم هم پی اس 3، هر دوشون بجای خود خوبن، ولی انحصاریهای پی اس 3 یه چیز دیگش که ایکس باکس به گرد پاشونم نمیرسه.,0,1,neutral,positive,False,1,1,126,29,adjacent_class_error,predicted_more_positive
10293,این گوشی فوق‌العاده است.,1,2,positive,very_positive,False,1,1,24,4,adjacent_class_error,predicted_more_positive
12699,گوشی خوبیه من حدود چند هفته ای میشه که خریدمش کیفیت تصویرش خوبه من سیستم عاملشو با کلی دردسر آپدیت کردم وقتی بالا میاد دیگه خبری از سونی اریکسون نیست و فقط لوگو سونی رو میبینی یه خورده کندتر شده یه خورده فقط ولی ارزش آپدیت کردنو داره از لحاط ظاهری خوبه کیفیت ساختشم خوبه ولی من نوکیا رو از نظر کیفیت ساخت بدنه خیلی سرتر میدونم یه خوردی لقی که نمیشه اسمشو گذاشت ولی میشه گفت شله بایه تکون قابش حرکت می کنه ولی اصلا مهم نیست در اجرای نرم افزار و ازنظر سخت افزاری ( دوربین ، سی پی یو و جی پی اس ، و حساسیت تاچ اسکرین ) خوبه یه گوشی فوق العاده نیست ولی تو رنج قیمتش از نظر امکانات سخت افزاری و نرم افزاری بی رقیبه ولی میشه گوشی های محکم تر و زیباتر و با کیفیت ساخت (از نظر متریال ) پیدا کرد,1,1,positive,positive,True,0,0,686,150,correct,correct
6599,و البته یه عیب کوچولو هم داره که اونم کاهش جزئی فریم هنگام باز کردن بازی هایی مثل most wantedو.,-1,1,negative,positive,False,2,2,95,20,distant_class_error,predicted_more_positive
12173,کانن ادعایی درباره ی افزایش سرعت فوکوس خودکار آن نکرده ولی ظاهرا که اکنون می تواند عمل فوکوس خودکار Phase Detection را برای مساحتی در حد 80 درصد Live View انجام دهد.,0,0,neutral,neutral,True,0,0,165,32,correct,correct
10461,آلبوم، .,0,0,neutral,neutral,True,0,0,8,2,correct,correct
5776,به نظر ما بهترین گوشی آندرویدی است که تا به حال دیده ایم و برای هر قشری می‌تواند کاملا کاربردی و کارآمد باشد.,2,2,very_positive,very_positive,True,0,0,109,23,correct,correct
6257,دوستان عزیز باید هنگام مقایسه دو تا محصول به فاکتورها و ویژگی های آن توجه کنند.,0,0,neutral,neutral,True,0,0,79,16,correct,correct
5719,همانطور که گفتیم کیفیت دید از زاویه‌ی آن فوق‌العاده است و با چرخاندن و نگاه کردن از زوایای تندتر هم کیفیت رنگ‌ها تغییر نمی‌کند.,1,2,positive,very_positive,False,1,1,127,24,adjacent_class_error,predicted_more_positive
10576,در مجموع می‌توان گفت که به عنوان یک نوت‌بوک در این بازه قیمتی، G585 کیفیت ساخت رضایت بخشی دارد.,1,1,positive,positive,True,0,0,95,19,correct,correct
3354,من منتظرم بیاد یکی میخوام.,0,0,neutral,neutral,True,0,0,26,5,correct,correct
8550,سلام خدمت دوستان آقای امیرحسین قرباغی من از این گوشی گرفتم ولی هیچ کدوم از مشکلاتی که شما اینجا نوشتین نداره دو تا سیم کارت همزان فعالن و کار میکنن عکسش عالیه و میشه گفت در حد اس تیری هست.,1,0,positive,neutral,False,-1,1,188,40,adjacent_class_error,predicted_more_negative
290,در ارتباطات هم گوشی خوبیه فقط حواستون باشه آپدیتش نکنید که وایفایش مرخص میشه 7.کلید های پایین رو یکم باید تحمل کنید تا واستون روون بشه .,1,0,positive,neutral,False,-1,1,136,27,adjacent_class_error,predicted_more_negative
4586,"با دوربین 8 مگاپیکسلی ray هم عکسهای خیلی با کیفیتی می تونید ثبت کنید,فیلمبرداری هم که با کیفیت HD ذخیره میشه و کیفیت فوق العاده ای دارن.",2,2,very_positive,very_positive,True,0,0,136,27,correct,correct
3823,فن‌آوری تکامل هوشمند - Smart Evolution حقیقتا هر سال تلویزیون جدیدی به شما خواهد داد.,0,0,neutral,neutral,True,0,0,85,15,correct,correct
893,کمینه ی نسبت کانونی f/3.0 نیز خیلی خوب است و باعث می شود که برای نوردهی نسبتا سریع باشد.,2,2,very_positive,very_positive,True,0,0,88,19,correct,correct
2053,جدا امیدوارم بتونم بگیرمش، چون تا به حال در برابر iPod Touch و iPad مقاومت کردم!,0,-2,neutral,very_negative,False,-2,2,80,16,distant_class_error,predicted_more_negative
242,گوشی خوبی است طبق گفته دوستان دکمه های پایین گوشی را نباید فشار داد بلکه باید به سمت بالا کشید طبق گفته خود سایت سونی اینهم برای این است که موقع بازی یا کارهای دیگه دست شما به این کلیدها خورد عمل نکند و به نظر من هم خوبه,1,0,positive,neutral,False,-1,1,220,49,adjacent_class_error,predicted_more_negative
6991,بهترین گوشیه که تا حالا دیدم,1,2,positive,very_positive,False,1,1,28,6,adjacent_class_error,predicted_more_positive
7977,من تقریبا ۹ ماه که دارمش.,0,0,neutral,neutral,True,0,0,25,6,correct,correct
10672,گوشی خیلی خوبیه ولی به نظرم sl بهتره حداقل رو کاغذ سی پی یوش 1.7 هستش.,0,2,neutral,very_positive,False,2,2,70,16,distant_class_error,predicted_more_positive
7574,به نظر میاد گوشی خیلی خیلی خوبی باشه,2,2,very_positive,very_positive,True,0,0,36,8,correct,correct
935,مورد خیلی خاص دیگری برای گفتن درباره ی این دوربین وجود ندارد، به جز اینکه حقیقتا G6 هم مثل مدل های پیشین خود از دوربین‌های بسیار خوب به حساب می آید.,2,2,very_positive,very_positive,True,0,0,148,31,correct,correct
11426,به نظرمن از نظر ظاهری بهترین گوشی جهانه,2,1,very_positive,positive,False,-1,1,39,8,adjacent_class_error,predicted_more_negative
10353,با سلام من این مدل رو تهیه کردم و ویندوز 8 روش نصب کردم.,0,0,neutral,neutral,True,0,0,56,14,correct,correct
10520,این ابعاد برای یک گوشی با صفحه نمایش 3.5 اینچی مناسب است.,1,1,positive,positive,True,0,0,57,12,correct,correct
4140,.البته باید باهاش کار کرد..,0,0,neutral,neutral,True,0,0,27,5,correct,correct
6340,و در ضمن دوربین عکاسی خیلی قوی داره ولی احساس می کنم قیمتش باید کمی منطقی تر بشه گرچه قیمتش نسبت به امکاناتش خوبه .,1,1,positive,positive,True,0,0,115,25,correct,correct
4848,ایکس باکس خوراک بازی کردنه.,1,0,positive,neutral,False,-1,1,27,5,adjacent_class_error,predicted_more_negative
12824,نکته قابل توجه در مورد ویندوز۸ همانطوری که اشاره شد، تغییرات بسیار وسیع آن است به طوری که بسیاری از کاربران، حتی کاربران حرفه‌ای در برخورد اول با ویندوز۸ سردرگم شده و نیاز به صرف وقت زیادی برای بازآموزی قسمت‌های ثابت ویندوز خواهند داشت.,0,1,neutral,positive,False,1,1,236,44,adjacent_class_error,predicted_more_positive
10519,ابعاد این گوشی 62×113.5 میلی متر است و 115 گرم نیز وزن دارد.,0,0,neutral,neutral,True,0,0,60,13,correct,correct
9319,من به تازگی این دوربین راخریده ام کیفیت تصویرش محشره واقعا سوپرزوم است کار کردن با این دوربین خیلی راحته میتوان جزئیات خیلی کوچک صحنه را درعکسی که گرفته اید ببینید من که خیلی از خرید این دوربین راضی ام,2,2,very_positive,very_positive,True,0,0,201,40,correct,correct
1750,من زیاد نمی پسندم البته نظرم شخصیه و دیدگاه تخصصی نداره و اگر بخوام زمانی گوشی بخرم این گوشی اولویت سوم یا چهارم من خواهد بود چون خیلی از امکاناتش به درد من نمیخوره پس برای یه کاربر معمولی گوشی های اندرویدی با این قیمت هست که بسیار کار امد تره.,-1,-1,negative,negative,True,0,0,244,51,correct,correct
10181,کیفیت عکسش هم معمولیه و فوق‌العاده نیست.,0,-1,neutral,negative,False,-1,1,40,7,adjacent_class_error,predicted_more_negative
1915,محصولات اپل برای کسایی هست که دیگه به iOS عادت کردند ولی باید گفت این گوشی تقریبا در هیچ موردی بهترین گوشی دنیا نیست.,-1,2,negative,very_positive,False,3,3,117,24,distant_class_error,predicted_more_positive
7962,تازه لنز SX50 از SX40 برای دیافراگم خیلی ضعیف تره..,0,0,neutral,neutral,True,0,0,51,10,correct,correct
8076,3 هفته ای میشه خریدم با این امکانات قیمتش خوبه مشکلاتی که داره 1_باطریش زود تموم میشه(اگه استفاده چندانی نداشته باشی 5 روز نگه میداره.,0,-1,neutral,negative,False,-1,1,134,25,adjacent_class_error,predicted_more_negative
1553,روشنایی صفحه نمایش نیز عالیست.,2,2,very_positive,very_positive,True,0,0,30,5,correct,correct
362,در حالت عادی فن‌های این نوت‌بوک هیچ‌گونه صدایی تولید نمی‌کنند و حتی هنگامی که بار محاسباتی پردازنده، صد در صد باشد، صدای تولید شده توسط سیستم خنک کنندگی دستگاه، بسیار کم است.,0,2,neutral,very_positive,False,2,2,174,32,distant_class_error,predicted_more_positive
10368,فلش درایو S007 که اخیرا تولید شده است حالت ارتجاعی دارد و تحمل افتادن بر روی سطوح ناهموار را دارد با سرعت انتقال اطلاعات بالا به اندازه کافی برای اینکه با خود نگه دارید مناسب است.,1,1,positive,positive,True,0,0,179,36,correct,correct
6303,با سلام  بنده بعد از یک هفته تحقیق این گوشی رو خریدم .,0,0,neutral,neutral,True,0,0,54,13,correct,correct
12283,لازم میدونم چند نکته رو بگم :تو خوش دستی این دوربین شک نکنید چون هیچ دوربینی به پاش نمیرسه.,1,0,positive,neutral,False,-1,1,91,19,adjacent_class_error,predicted_more_negative
2955,بهترین به نظر من ASUS TF700 هست,1,1,positive,positive,True,0,0,31,7,correct,correct
6763,زیبا با کارایی خوب,1,1,positive,positive,True,0,0,18,4,correct,correct
3822,به دنیای جدیدی از برنامه‌های تعاملی و قابلیت‌های جدید گام بگذارید، تلویزیون شما دیگر هرگز مانند گذشته نخواهد بود.,0,0,neutral,neutral,True,0,0,113,19,correct,correct
9843,همچنین یک دوربین 2 مگاپیکسلی نیز جهت انجام مکالمات تصویری در جلوی تبلت قرار گرفته که عملکرد این دوربین نیز به عنوان وب کم بسیار راضی کننده است.,1,2,positive,very_positive,False,1,1,143,28,adjacent_class_error,predicted_more_positive
3903,GPS می‌تواند به صورت دستی خاموش یا روشن شود و وضعیت آن هم به صورت آیکون کوچکی بر روی نمایشگر به نمایش در می‌آید.,0,0,neutral,neutral,True,0,0,112,24,correct,correct
11427,دوستان بنده این گوشی رو دیروز خریدم.,0,0,neutral,neutral,True,0,0,36,7,correct,correct
9346,انرژی این دوربین از طریق باتری لیتیوم-یونی قابل شارژ تامین می شود که طبق استانداردهای CIPA در هر بار شارژ کامل توانایی پشتیبانی برای گرفتن تا 195 عکس را دارد.,0,0,neutral,neutral,True,0,0,158,30,correct,correct
6451,من نمی‌فهمم اصلا برای چی باید پول بیش‌تری بدم برای همچین گارانتی‌.,-1,0,negative,neutral,False,1,1,66,12,adjacent_class_error,predicted_more_positive
2295,.ولی واقعیت اینه که این محصولات هنوز جواب پس نداده اند.,-1,0,negative,neutral,False,1,1,55,11,adjacent_class_error,predicted_more_positive
8688,یه رم 8گیگ گرفتم.,0,0,neutral,neutral,True,0,0,17,4,correct,correct
6414,قیمت مناسب، اندازه ی کوچک، طراحی شیک و جمع و جور، کیفیت ساخت خوب,2,2,very_positive,very_positive,True,0,0,64,14,correct,correct
12955,در نظر داشته باشید که تمرکز اصلی نوکیا در این مدل، روی کیفیت دوربین نبوده است، کما اینکه در مدل‌هایی مانند 808 Pure View که قابلیت اصلی آن دوربین 41 مگاپیکسلی است، رقیبی برای نوکیا وجود ندارد.,1,0,positive,neutral,False,-1,1,192,37,adjacent_class_error,predicted_more_negative
5459,من این گوشی رو یه هفته و نیمه که خریدم.,0,0,neutral,neutral,True,0,0,39,10,correct,correct
6679,قیمتی هم که دیجی کالا میده قابل مقایسه با بازار نیست با سپاس فراوان از دیجی کالا.,0,0,neutral,neutral,True,0,0,81,17,correct,correct
9427,ولی برای کسانی که از امکانات اینجور گوشی ها استفاده می کنن، اتصال به اینترنت جهت تنظیمات و فعال سازی های اولیه، الزامیه و بدون وصل شدن به اینترنت، استفاده ی کامل از تمامی اپلیکیشن ها امکان پذیر نیست.,-1,1,negative,positive,False,2,2,199,39,distant_class_error,predicted_more_positive
37,در مورد کیفیت اسکن و پرینت و کپی می تونین خودتون تغییرش بدین و در کل عالیه!,2,2,very_positive,very_positive,True,0,0,75,17,correct,correct
6956,قطعا از لحاظ باتری ضعف ندارند.,1,-1,positive,negative,False,-2,2,30,6,distant_class_error,predicted_more_negative
8154,حافظه داخلی گوشی Desire C چهار گیگابایت است و همچنین ارتقاء حافظه این گوشی از طریق کارت حافظه microSD تا 32 گیگابایت امکان پذیر است.,1,0,positive,neutral,False,-1,1,132,25,adjacent_class_error,predicted_more_negative
11110,لازم به ذکر است که Note 10.1 در سه ظرفیت 16 ، 32 و 64 گیگابایتی تولید گردیده که البته همگی آنها نیز قابلیت پشتیبانی از کارت حافظه microSD را دارند، بنابراین هیچ نگرانی بابت حافظه جهت ذخیره اطلاعات نخواهید داشت.,1,1,positive,positive,True,0,0,210,41,correct,correct
11931,واقعا گوشی خوبیه و توی هیچ برندی گوشی با این امکانات و این قیمت نمیتوانید پیدا کنید,1,1,positive,positive,True,0,0,83,17,correct,correct
12889,کیفیت مکالمه بسیار عالی.,2,2,very_positive,very_positive,True,0,0,24,4,correct,correct
7763,جدا از اینکه پردازنده و گرافیک و رم آن نیز ارتقا پیدا میکنه.,0,1,neutral,positive,False,1,1,60,13,adjacent_class_error,predicted_more_positive
10086,اما این بدین معنی نیست که Sleekbook می تواند با آلترابوک ها رقابت کند.,0,0,neutral,neutral,True,0,0,70,14,correct,correct
3428,قطع به یقین تا به حال مدل‌های مختلف این دستگاه‌ها را دیده‌اید و یا حتی با آن‌ها کار کرده‌اید.,0,0,neutral,neutral,True,0,0,93,19,correct,correct
1661,با علم به اینکه iPhone 4S در زمان ورودش به بازار با کیفیت صفحه نمایش خود شگفتی همگان را بر انگیخت، می‌توانید تصور نمایید که عملکرد صفحه نمایش iPhone 5 تا چه اندازه عالیست.,2,2,very_positive,very_positive,True,0,0,171,34,correct,correct
1018,بعلاوه، FT3 اگر از ارتفاع 2 متری، یعنی به احتمال زیاد ارتفاعی بیشتر از قد شما سقوط کند و به زمین سخت بخورد هم هیچ آسیبی نمی‌بیند.,1,-1,positive,negative,False,-2,2,129,27,distant_class_error,predicted_more_negative
12992,این دوربین ابعادی برابر با 6.125×3×3.25 اینچ دارد و وزن آن نیز با احتساب باتری تقریبا 1.5 پوند است.,0,0,neutral,neutral,True,0,0,99,19,correct,correct
942,اگر شما یک دانشجو باشید حتما می دانید که به دفعات برایتان پیش آمده که نیاز به گرفتن کپی و یا عکس از یک کتاب و یا جزوه داشته اید، مهندسین عمران معمولا نیاز دارند که نقشه های خود را همراه داشته باشند، وکلا همیشه مدارک زیادی را حمل می کنند و چندین مورد دیگر که در تمامی این ها یک پویشگرهای دستی می تواند به راحتی و در زمانی بسیار کوتاه از این مدارک ، نقشه ها و متون اسکن تهیه کرده و بر روی یک حافظه ذخیره کند و درمواقع مورد نیاز در اختیار شما قرار دهد.,2,0,very_positive,neutral,False,-2,2,449,99,distant_class_error,predicted_more_negative
9608,فکر کنم اپل با این گوشی از گردونه رقابت با سامسونگ و سونی و نوکیا عقب بیافته.,-1,-1,negative,negative,True,0,0,77,17,correct,correct
12265,سلام ، من تازه خریدمش ، با این قیمت برای کاربری خانگی خیلی خوبه هم عکس هاش خوبه و هم فیلم برداریش ، فقط از نظر طراحی میتونست بهتر باشه و قفل درب باطری هم خوب طراحی نشده احتمال آسیب دیدنش زیاده و امکان توقف موقت یا pause در حین فیلم برداری نداره ، ممنون از دیجی کالا,1,1,positive,positive,True,0,0,265,58,correct,correct
629,سرعت و عملکرد خوبی دارد.,1,1,positive,positive,True,0,0,24,5,correct,correct
9425,-------------------------------------------------------------------------- یک نکته رو باید برای تمامی گوشی های هوشمند اشاره کنم؛ اونم اینکه همشون، بلا استثنا احتیاج به اینترنت دارن تا تنظیمات و اقدامات اولیه ی نرم افزارها و بازی هاشون انجام و فعال سازی بشه.,0,0,neutral,neutral,True,0,0,257,37,correct,correct
7415,فعلا فرصت کار ببیشتر و تست سخت افزارش پیش نیومده .,0,0,neutral,neutral,True,0,0,50,11,correct,correct
4349,رنگ های متنوع !,1,1,positive,positive,True,0,0,15,4,correct,correct
6211,همچنین پردازشگر گرافیکی این دستگاه نیز از نوع VideoCore IV می‌باشد.,0,0,neutral,neutral,True,0,0,67,11,correct,correct
1667,به هر حال اپل چندان به اعلام جزئیات سخت افزاری گوشی‌های خود علاقه‌مند نشان نمی‌دهد.,0,-1,neutral,negative,False,-1,1,83,15,adjacent_class_error,predicted_more_negative
6489,من تو پیشنهاد قبلی این هارد رو خریدم،  حرف نداره، عالیه،  هر شب پیشنهاد ویژه رو چک میکنم,2,2,very_positive,very_positive,True,0,0,88,18,correct,correct
1811,به نظر من یکی از برترین و زیباترین گوشی هاییه که تا به حال منتشر شده!,2,1,very_positive,positive,False,-1,1,69,16,adjacent_class_error,predicted_more_negative
1888,قبلا s3 داشتم ولی واقعا ایفون چیز دیگه ای هست اصلا اسمش اعتباره و از نظر کیفیت حرف اول رو میزنه,1,-1,positive,negative,False,-2,2,95,21,distant_class_error,predicted_more_negative
7938,با اینکه این دو دوربین هایی ارزان قیمت محسوب می‌شوند، ولی بدنه‌ی فلزی آن‌ها خیلی زیبا ساخته شده و طراحی خوبی دارند.,1,1,positive,positive,True,0,0,115,22,correct,correct
9065,این دوربین هم همچنان می تواند در مودهای اتوماتیک هوشمند و دستی عکاسی کند.,1,1,positive,positive,True,0,0,73,14,correct,correct
4007,بهترین مگاپیکسل با این اندازه سنسور در همه دوربینا بین 10 تا 12 .,0,2,neutral,very_positive,False,2,2,65,14,distant_class_error,predicted_more_positive
4888,میخواستم ببینم واقعیت داره این حرفها که اگه 3 چراغ بشه اینطوری و اونطوری میشه!,0,0,neutral,neutral,True,0,0,78,15,correct,correct
9135,به نظر من galaxy s2 از هر لحاظ خیلی از این بهتره,0,-1,neutral,negative,False,-1,1,48,12,adjacent_class_error,predicted_more_negative
4547,(توجه داشته باشید که ضخامت گوشی 9.4 میلیمتره و وزنش صد گرمه)2) این گوشی بالاترین نسبت ابعاد صفحه به رزولوشن رو بین سونی اریکسون ها داره.,1,0,positive,neutral,False,-1,1,136,26,adjacent_class_error,predicted_more_negative
2149,در مورد خش پذیری بدنه اپل که دوستان بعضا انتقاد دارند باید این نکته را در نظر داشته باشند که گالکسی اس تری به مراتب بدنه ای بسیار ضعیف تر از اپل دارد و در این زمنیه آسیب پذیر تر است.,0,-1,neutral,negative,False,-1,1,182,41,adjacent_class_error,predicted_more_negative
2756,از جمله آن‌ها می‌توان Google Chrome، ES File Explorer، Gmail، Google Plus، ID Gard، Maps، Movie Studio، آنتی ویروس Norton Security، Sound Recorder، ، TegraZone، ThinkFree Office و Youtube را نام برد که به همراه آن‌ها ویجت های کاربردی زیادی نیز برای استفاده کاربر وجود دارد.,1,0,positive,neutral,False,-1,1,273,46,adjacent_class_error,predicted_more_negative
9601,با این اوصاف این گوشی همانند گذشته پیش بینی می شود هیولای بی رقیب بازار تلفن های همراه باشد و به همه علاقمندان توصیه می کنم کمی صبر کنند تا از نزدیک این گوشی با امکانات جدید بسنجند.,1,-1,positive,negative,False,-2,2,181,38,distant_class_error,predicted_more_negative
7214,به طرز عجیبی فوق العادست!,2,2,very_positive,very_positive,True,0,0,25,5,correct,correct
3607,• جمع بندی Acer Aspire E1-531 با توجه به قیمتی که دارد، یک لپ‌تاپ بسیار خوب و یک خرید مقرون به صرفه محسوب می‌شود.,2,2,very_positive,very_positive,True,0,0,113,24,correct,correct
10888,حالا بماند که یه وایمکسم براش باید بگیریم در کل نسبت به قیمتی که خودش داره با لوازم جانبیش یکمی سنگینه در ضمن چون حساسه گارانتی درست و حسابی هم نداره یعنی فقط برای اتفاقات خیلی خاص گارانتی میکنن و باید مواظب باشیم ولی در کل عالیه .,1,-1,positive,negative,False,-2,2,231,48,distant_class_error,predicted_more_negative
1410,همان‌طور که در ابتدا گفتیم، Retina MacBook Pro تلفیقی از گذشته و آینده است که تبدیل به یک دستگاه دوست داشتنی، زیبا، قدرتمند و کم نظیر شده است و برای کسانی طراحی شده است که به دنبال بهترین بهترین‌ها هستند و حاضرند بهای آن را نیز پرداخت کنند.,2,2,very_positive,very_positive,True,0,0,240,48,correct,correct
11085,• طراحی و ساخت انتظار می‌رفت در طراحی و ساخت این تبلت، سامسونگ سنگ تمام بگذارد و یک تبلت با کیفیت ساخت متمایز از دیگر تبلت های سامسونگ را ارائه دهد.,0,-1,neutral,negative,False,-1,1,148,31,adjacent_class_error,predicted_more_negative
6735,انرژی این دوربین از طریق دو باتری قلمی سایز AA تامین می شود که اگر نوع خوب و با کیفیتشان را تهیه کنید می توانند انرژی گرفتن تا 380 عکس را فراهم آورند.,0,0,neutral,neutral,True,0,0,150,33,correct,correct
9787,کیفیت صفحه نمایش آن بالا است.,1,0,positive,neutral,False,-1,1,29,6,adjacent_class_error,predicted_more_negative
11145,همیشه اتصال به اینترنت با تلویزیون برای من مهم بود به همین خاطر این تلویزیون رو انتخاب کردم.,1,1,positive,positive,True,0,0,92,18,correct,correct
5060,• مفاهیم ntsc یا pal از سیستم‌های استاندارد پخش تصاویر تلویزیونی هستند که در کشورهای مختلف فرق دارند.,0,0,neutral,neutral,True,0,0,101,18,correct,correct
1031,لنز این دوربین یک لنز معادل 28-128 میلی متر با توانایی زوم 4.6 برابر می‌باشد.,0,0,neutral,neutral,True,0,0,77,15,correct,correct
12707,قیمتشو که تو سایت زده درسته دیگه .,0,1,neutral,positive,False,1,1,34,8,adjacent_class_error,predicted_more_positive
875,با تشکر از دیجی کالا و شما که وقت گذاشتید و نقد این بنده حقیر رو خوندید.,0,0,neutral,neutral,True,0,0,72,17,correct,correct
4073,اما به هر حال خارج از انصاف است که این صفحه نمایش را برای این مدل یک نقطه ضعف تلقی کنیم.,0,-1,neutral,negative,False,-1,1,88,21,adjacent_class_error,predicted_more_negative
8610,1 هفته ای هست که خریدمش .,0,2,neutral,very_positive,False,2,2,25,7,distant_class_error,predicted_more_positive
9236,بنابراین آیا مزیت خرید 650D نسبت به 600D فقط همین ها خواهند بود؟,0,0,neutral,neutral,True,0,0,64,13,correct,correct
3478,قیمت این کارتریج‌ها به نسبت زیاد است و این مورد شاید کمی ناراحت کننده باشد.,-1,-1,negative,negative,True,0,0,75,15,correct,correct
12167,خوشبختانه یک چیزی که فدای کوچک سازی این دوربین نشده، چشمی است.,1,-1,positive,negative,False,-2,2,62,12,distant_class_error,predicted_more_negative
3849,همچنین سیستم تهویه مطبوع و ماشین لباسشویی.,0,0,neutral,neutral,True,0,0,42,7,correct,correct
6727,این در حالیست که پردازشگر DIGIC 5 نیز چند ماه پیش معرفی شده بود.,0,0,neutral,neutral,True,0,0,64,14,correct,correct
784,پردازنده دو هسته ای Snapdragon به کار رفته در این گوشی دارای قدرت پردازشی یک گیگاهرتز است و 768 مگابایت حافظه RAM نیز برای آن در نظر گرفته شده است.,0,0,neutral,neutral,True,0,0,147,30,correct,correct
5283,به طور کلی صفحه نمایش Google Nexus 7 کیفیت بسیار خوبی دارد و مشاهده ویدیوها، عکس‌ها و سایر موارد بر روی آن بسیار لذت بخش خواهد بود.,2,2,very_positive,very_positive,True,0,0,131,27,correct,correct
11043,دوستان این تبلت یه تبلت معمولیه مثل همه ی تبلت ها و روونی و قدرتمندی ایپد و حتی ترنسفورمر رو نداره چون (اینجا مهمه) اندروید نمیتونه درست حسابی از سی پی یو های چند هسته ای استفاده کنه (دقیقا بر عکس ios) ویدئو تبلیغ این تبلت هم چیز فوق العاده ای نبود!,-1,-1,negative,negative,True,0,0,249,52,correct,correct
2341,به نظر من گوشی APPLE گوشی خوبی هست ولی این که حدودا ظاهرش مثلIPHONE4هست بد هست و اندازه صفحه اش هم نسبتا بزرگ نیست,-1,1,negative,positive,False,2,2,114,24,distant_class_error,predicted_more_positive
1288,یعنی وقتی با یکی از سیمکارتها مشغول مکالمه هستید اگه با سیمکارت دومتون تماس بگیرن دیگه بوق اشغال نمی زنه,0,-1,neutral,negative,False,-1,1,104,20,adjacent_class_error,predicted_more_negative
4188,فیلم برداری تعریفی نداره!,-1,-1,negative,negative,True,0,0,25,4,correct,correct
6511,کل رابطش فقط یه کابل USB3 هست و ظاهر بسیار شیک و خوشگلی داره.,2,2,very_positive,very_positive,True,0,0,61,14,correct,correct
12231,نرم افزارسیستم عامل به کار رفته بر روی این تبلت نسخه 4.0 از سیستم عامل قدرتمند اندروید می‌باشد.,1,1,positive,positive,True,0,0,95,18,correct,correct
2219,در این مورد HTC هیچ تغییری را در گوشی جدید خود اعمال ننموده است.,0,1,neutral,positive,False,1,1,64,14,adjacent_class_error,predicted_more_positive
10765,در همان قسمت بالا نیز فلاش بالاجهنده ای دیده می شود که برد 5.6 متر را نیز ارائه می دهد.,0,0,neutral,neutral,True,0,0,87,20,correct,correct
2786,ویژگی بسیار عالی دیگر این دوربین، لنز 25-125 میلی متر آن می‌باشد.,2,2,very_positive,very_positive,True,0,0,65,12,correct,correct
12328,ولی ابعاد کوچک و طراحی آن‌ها دقیقا یکسان است.,0,0,neutral,neutral,True,0,0,45,9,correct,correct
9329,بدین معنی که لنز بسیار وایدی است و می تواند میدان دید خیلی گسترده ای را در بر بگیرد.,2,2,very_positive,very_positive,True,0,0,84,19,correct,correct
1079,طراحی شده برای حداکثر جذابیت طراحی منحصر به فرد سامسونگ لذت مشاهده را به حداکثر ممکن ارتقا داده و نیز فضای داخلی خانه شما را زیباتر می سازد.,2,2,very_positive,very_positive,True,0,0,140,28,correct,correct
1056,وقتی دوربین بر روی این مود است، کافی است که آن را به سوی سوژه نشانه بروید و دکمه‌ی شاتر را بفشارید تا تنظیمات بر روی بهترین حالت قرار گیرند و با کیفیت‌ترین عکس گرفته شود.,2,2,very_positive,very_positive,True,0,0,170,36,correct,correct
7608,رنگ‌ها بسیار زنده و عمیق هستند و عملکرد آن در زوایای مختلف نیز کاملا رضایت بخش است.,2,2,very_positive,very_positive,True,0,0,83,17,correct,correct
7312,کیفیت عکس در گوشه ها نیز خیلی خوب است.,1,2,positive,very_positive,False,1,1,38,9,adjacent_class_error,predicted_more_positive
357,حافظه RAM این نوت‌بوک ها نیز بین 2 تا 4 گیگابایت است که البته به راحتی می‌توان از طریق محفظه ای که در قسمت زیر دستگاه قرار دارد، آن را ارتقاء داد.,0,0,neutral,neutral,True,0,0,146,32,correct,correct
8657,از دیجی کالا خریدم.,0,0,neutral,neutral,True,0,0,19,4,correct,correct
4531,معایب از نظر من: کیفیت پایین تصویر+کیفیت ساخت نا مناسب+رابط کاربری نا مناسب,-1,-2,negative,very_negative,False,-1,1,75,13,adjacent_class_error,predicted_more_negative
12820,در بسته‌های آموزشی نرم‌افزارهای کاربردی می‌توانید شاهد آموزش پرکاربردترین نرم‌افزارهای کاریردی و سیستمی باشید.,1,0,positive,neutral,False,-1,1,110,14,adjacent_class_error,predicted_more_negative
4802,کلید های GPS و روشن کردن دستی هم موجودند.,0,0,neutral,neutral,True,0,0,41,9,correct,correct
11920,البته اون نمونه بتا بود و نقصهای کوچیکی داشت.,1,1,positive,positive,True,0,0,45,9,correct,correct
11941,من در حدود 2 هفته ای میشه رنگ سفید این مدل دو سیم کارته رو خریدم مزایا و معایب این گوشی را براتون مینویسم.,1,0,positive,neutral,False,-1,1,106,24,adjacent_class_error,predicted_more_negative
12863,همانطور که گفتیم، هرچند در این پرینتر نقاط ضعفی مثل محدودیت سینی ورودی و سرعت مشاهده می شود، ولی ترکیب کیفیت چاپ، امکانات جانبی و استفاده ی آسانی که به دلیل نمایشگر لمسی بوجود آمده باعث شده که CM1415FN یک پرینتر برتر باشد.,1,1,positive,positive,True,0,0,222,43,correct,correct
2642,در مدل پس از آن یعنی X10 نیز ویژگی های دیگری اضافه شده بودند که علاوه بر رفع نواقص مدل پیشین آن را بیشتر مناسب عکاسان مبتدی کرده بود.,0,1,neutral,positive,False,1,1,133,29,adjacent_class_error,predicted_more_positive
2136,نازکی و سبکی عالی٢.,2,1,very_positive,positive,False,-1,1,19,4,adjacent_class_error,predicted_more_negative
752,ولی همون سری اداری و بیزنس بهترین اسمی هست که میشه واسش گذاشت.,0,-1,neutral,negative,False,-1,1,62,13,adjacent_class_error,predicted_more_negative
6627,تا جایی که به فوکوس خودکار مربوط می‌شود، این دوربین سریع ترین فوکوس خودکار را ندارد و کمی به طول می‌انجامد تا بتواند یک سوژه را با وضوح بالا نمایش دهد.,0,-1,neutral,negative,False,-1,1,151,31,adjacent_class_error,predicted_more_negative
2147,شاید با خود بگویید که این گوشی پردازنده دو هسته ای دارد پس چطور از 4 هسته ای بالاتر است؟,0,0,neutral,neutral,True,0,0,88,20,correct,correct
10024,این دوربین خود همه‌ی تنظیمات را به صورت خودکار انجام می‌دهد.,1,1,positive,positive,True,0,0,60,11,correct,correct
10481,اگر دوربین دوم و فلاش هم داشت بدون نقص مینمود.,0,1,neutral,positive,False,1,1,46,10,adjacent_class_error,predicted_more_positive
6172,امکان خرید هر فیلم و موزیکی که در جهان موجود باشه توسط کنسولتون.,0,0,neutral,neutral,True,0,0,64,13,correct,correct
4597,معایبی داره که وقتی‌به آندروید ۴ ارتقاش بدین همش رفع میشه!,1,1,positive,positive,True,0,0,58,11,correct,correct
10387,بهترین گوشی از هر نظر فکر کنم تا 4 سال دیگه هم همه برنامه ها و بازی هارو راحت اجرا کنه!,0,2,neutral,very_positive,False,2,2,87,21,distant_class_error,predicted_more_positive
930,نخست از Clear Retouch بگوییم که در حقیقت ابزاری است شبیه به Healing Tool یا Clone Tool در فوتوشاپ.,0,0,neutral,neutral,True,0,0,98,19,correct,correct
10300,فوق‌العاده است در مجموع.,1,2,positive,very_positive,False,1,1,24,4,adjacent_class_error,predicted_more_positive
8810,این باتری تا 12 ساعت مکالمه ممتد را پشتیبانی می‌نماید و تا 800 ساعت در حالت آماده باش، شارژ نگه می‌دارد که در بین گوشی‌های هوشمند ، عملکرد بسیار خوبی به شمار می‌آید.,1,2,positive,very_positive,False,1,1,165,33,adjacent_class_error,predicted_more_positive
551,به همین دلیل سطح آن همواره تمیز باقی می‌ماند.,1,-1,positive,negative,False,-2,2,45,9,distant_class_error,predicted_more_negative
9341,در ضمن این سنسور تصویر و پردازشگر امکان ضبط ویدیویی 720p HD را هم برای این دوربین فراهم آورده اند.,0,1,neutral,positive,False,1,1,98,20,adjacent_class_error,predicted_more_positive
2320,برای اینکه لرزش دست شما بر روی سنسور تصویر ثبت نشود این دوربین مجهز به لرزش گیر تصویر مکانیکی می‌باشد.,1,1,positive,positive,True,0,0,102,20,correct,correct
12697,یه گوشی عالی ولی یکم لقه و در کل بگم خوبه,1,1,positive,positive,True,0,0,41,11,correct,correct
11249,پلاستیکی که در بدنه‌ی این دوربین به کار رفته از نوع SoRPlas می‌باشد که نوعی پلاستیک بسیار مقاوم و با دوام می‌باشد.,2,1,very_positive,positive,False,-1,1,114,22,adjacent_class_error,predicted_more_negative
5115,اما نه به طور کامل!,-1,0,negative,neutral,False,1,1,19,5,adjacent_class_error,predicted_more_positive
12116,با سلام در مورد این دوربین دانستن این نکته الزامی است که با وجود اینکه عکسبرداری با آن دارای کیفیت مطلوب است ولی در موقع فیلمبرداری فاقد زوم اپتیک است و فقط به زوم دیجیتالی اکتفا میشود که این مورد بهتر است قبل از خرید به اطلاع کاربر آن برسد.,0,-1,neutral,negative,False,-1,1,241,50,adjacent_class_error,predicted_more_negative
4484,این گوشی در حقیقت برادر کوچک Xperia arc محسوب می‌شود.,0,0,neutral,neutral,True,0,0,53,10,correct,correct
1329,و همچنین با کابل USB و اتصال به کامپیوتر آن را شارژ نمایید.,1,0,positive,neutral,False,-1,1,59,13,adjacent_class_error,predicted_more_negative
6749,ولی PJ600 یک دوربین فیلم برداری کاملا پیشرفته است که علاوه بر پروژکتور خیلی خوب کیفیت فیلم‌برداری بالایی را نیز ارائه می کند.,2,2,very_positive,very_positive,True,0,0,125,23,correct,correct
12600,واقعا خوبه.,1,1,positive,positive,True,0,0,11,2,correct,correct
2101,دوربین 8مگاپیکسلی این گوشی منهای، افزوده شدن قابلیت عکسبرداری در محیط کم نور با کمترین نویز تصویر، می توان گفت همان دوربین مدل قبلی یعنی 4sاست که طلیعه دار 8 مگاپیکسلی های موجود تا به امروز است.,1,1,positive,positive,True,0,0,194,37,correct,correct
12765,این گوشی از پردازنده‌ی 1GHz Snapdragon بهره می‌برد که به خصوص با توجه به بهره گیری از سیستم عامل اندروید برای کار راحت‌تر و روان‌تر با اینترفیس آن یک نیاز مبرم است.,0,1,neutral,positive,False,1,1,164,32,adjacent_class_error,predicted_more_positive
10912,2-نصب راحت و بی دردسر برنامه ها و اجرای همزمان چندین برنامه با هم و استفاده از قابلیت آن TASK manager ، دردسر نصب برنامه روی آیپد که مشخصه!,1,1,positive,positive,True,0,0,139,29,correct,correct
5877,سلام من 5 ماه هست که از این گوشی استفاده میکنم قبلش بگم که من قبل از اینکه این گوشی رو خریداری کنم از گوشی های سامسونگ خوشم نمی‌اومد تا وقتی که گوشی گالکسی اس 2 رو دیدم و تجربه کردم البته وقتی اون رو به اندروید 4 ارتقاع دادم باورم نمی شد که این همون گوشیه چون واقعا از نظر گرافیکی جالب‌تر شده بود و .,0,-1,neutral,negative,False,-1,1,300,67,adjacent_class_error,predicted_more_negative
805,فوکوس خودکار، ژئوتگینگ و همچنین حالت‌های مختلف تصویربرداری، عکاسی و فیلم برداری با این گوشی را بسیار لذت بخش می‌کند.,0,2,neutral,very_positive,False,2,2,116,20,distant_class_error,predicted_more_positive
6089,به راحتی می تونید با تعویض یک درام مشکل کم رنگی دستگاه رو حل کنید.,1,1,positive,positive,True,0,0,66,15,correct,correct
8671,"گوشی خوبیه امروز سفارش دادم نسبت ,قیمت به امکانات روی کاغذ خوبه حالا ببینیم در عمل حرفی برای گفتن داره یا نه..",1,0,positive,neutral,False,-1,1,110,22,adjacent_class_error,predicted_more_negative
8453,از بدنه که شروع کنیم، باید گفت که 3N دارای نمایشگری چرخنده است.,1,0,positive,neutral,False,-1,1,63,13,adjacent_class_error,predicted_more_negative
10541,رابط کاربری Timescape نیز بر روی این گوشی قرار دارد که همان رابط کاربری استاندارد اندروید است که تحت تغییراتی قرار گرفته و به این شکل تغییر داده شده است.,1,0,positive,neutral,False,-1,1,153,30,adjacent_class_error,predicted_more_negative
10615,گوشی واقعا خوش دست وسریعیه.,2,2,very_positive,very_positive,True,0,0,27,5,correct,correct
1849,درسته که المینیوم دورش مقاومت کمتری داره ولی با یه کاور حل میشه و جای هیچ مشکلی نیست و اینو بگم واقعا در طراحی بی رقیب و بی نظیر و..,1,1,positive,positive,True,0,0,132,30,correct,correct
7172,با سلام من یه یک هفته ای هست اینو گرفتم ولی یه مشکلی که خیلی نگرانم کرده اینه که زمان اتصال گوشی به استیشن یا همون داکت کانکشن خوب برقرار نمیشه و صفحه نمایش تب شروع به چشمک زدن میکنه لازم به ذکر هست که نمایندگیشم تلفن جواب نمیده,-2,0,very_negative,neutral,False,2,2,228,49,distant_class_error,predicted_more_positive
11172,دوربین فول فریم عالی با قیمت مناسب .,2,2,very_positive,very_positive,True,0,0,36,8,correct,correct
9848,وجود داک کیبورد در کنار تبلت ها یک ایده بسیار جذاب است، اما اگر قرار باشد به داک و تبلت در کنار هم به عنوان یک لپ تاپ نگاه شود، شاید جذابیت آن از بین برود، چرا که کوچکی صفحه نمایش 10.1 اینچی برای لپ تاپ و همچنین کوچکی کیبورد آن، مشکل ساز خواهد شد.,1,-1,positive,negative,False,-2,2,247,55,distant_class_error,predicted_more_negative
2400,PadFone 2 در سه مدل 16، 32 و 64 گیگابایتی وجود دارد ولی متاسفانه این گوشی از کارت‌های حافظه microSD پشتیبانی نمی‌کند.,0,0,neutral,neutral,True,0,0,117,22,correct,correct
9926,در قسمت جلوی دستگاه همان نمایشگر 3.5 اینچی 960X640 پیکسلی Retina قرار دارد که 16 ماه پیش ما را شگفت‌زده کرده بود.,2,0,very_positive,neutral,False,-2,2,113,22,distant_class_error,predicted_more_negative
12701,بالاخره گوشی مورد پسندم رو پیدا کردم.,1,0,positive,neutral,False,-1,1,37,7,adjacent_class_error,predicted_more_negative
5072,تعدادی از بازی‌های XBOX360 بسته به نظر خود سازنده Region-Free هستند، یعنی بازی بر روی تمامی یا بعضی از ریجن‌ها اجرا می‌شود.,0,0,neutral,neutral,True,0,0,123,22,correct,correct
10100,در قسمت پشت دستگاه نیز سوکت هایی برای ورودی پاور، کانکشن USB و Transparency Adapter قرار گرفته اند.,0,0,neutral,neutral,True,0,0,99,18,correct,correct
1027,در ضمن وقتی عکس می‌گیرید، اطلاعات دقیق جغرافیایی محل به همراه عکسی شما به صورت یک فایل Extif ثبت می‌شود که باز هم به نوبه‌ی خود کاملا می‌تواند کاربردی باشد.,1,1,positive,positive,True,0,0,156,30,correct,correct
4150,اما در مورد Y300.,0,0,neutral,neutral,True,0,0,17,4,correct,correct
5501,جای قلم نداره پس داشتنشو فراموش کنید.,-1,0,negative,neutral,False,1,1,37,7,adjacent_class_error,predicted_more_positive
7983,دوستان بهتون اطمینان میدم NIKON به مراتب حرفه ای تر ، قوی تر و خلاصه فوق العاده تر از CANON .,0,1,neutral,positive,False,1,1,93,21,adjacent_class_error,predicted_more_positive
8570,به هر حال من که راضیم,1,1,positive,positive,True,0,0,21,6,correct,correct
11855,درسته که صفحه نمایش اون کمی کوچک تر گوشی های با این سطح امکانات هتسش ولی می ارزه با این قیمت .,1,1,positive,positive,True,0,0,94,22,correct,correct
3960,این دوربین مهم‌ترین امکانش همین لنز خیلی خوب و قوی هست.,2,2,very_positive,very_positive,True,0,0,55,11,correct,correct
7272,این در حالیست که امروزه معمولا دوربین های فیلم برداری گران قیمت تر دارای چشمی هستند.,0,0,neutral,neutral,True,0,0,84,16,correct,correct
10668,من شخصا حاضر نیستم نه t رو بخرم و نه tx بلکه acro s یا ion رو ترجیح میدم !,-1,0,negative,neutral,False,1,1,74,20,adjacent_class_error,predicted_more_positive
10931,2 ماه این تبلت رو دارم واقعا ازش راضیم هیچی از ipad کم نداره به جز کیف و وسایل جانبی که بعد از 1 ماه تونستم کیفش رو پیدا کنم در ضمن دوستانی که مشخصات رو خوندن ولی تا حالا صفحه نمایش این تبلت رو ندیدند به این تبلت ایراد نگیرند هر چی باشه صفحه ipad رو هم سامسونگ می زنه در کل صفحه نمایش بی نظیری داره ( با توجه به تراکم پیکسلی کم ),2,1,very_positive,positive,False,-1,1,329,76,adjacent_class_error,predicted_more_negative
10625,ممنون از دیجی کالا بابت گذاشتن نظر ممنون از شما خواننده ی عزیز,0,0,neutral,neutral,True,0,0,62,13,correct,correct
4205,خیلی روونه.,2,2,very_positive,very_positive,True,0,0,11,2,correct,correct
11337,معمولا مود Evaluative برای بیشتر شرایط به خوبی جواب می‌دهد و کل تصویر را پردازش می‌کند.,1,0,positive,neutral,False,-1,1,87,16,adjacent_class_error,predicted_more_negative
1761,به نظر من ایفون 5 با تمامی گوشی ها متفاوت است و این تفاوت بی نظیریه!,1,0,positive,neutral,False,-1,1,68,16,adjacent_class_error,predicted_more_negative
11097,این دقت برای اینکه از نگاه کردن و کار کردن با آن نهایت لذت ببرید، کافیست.,1,1,positive,positive,True,0,0,73,16,correct,correct
5564,همین چند ماه پیش بود که سونی، یک گوشی به نام Xperia Tipo را معرفی کرد، آن زمان Tipo را یک گوشی اندرویدی سطح مبتدی برای کاربرانی معرفی کردیم که قصد دارند یک گوشی نسبتا جمع و جور با قیمت ارزان داشته باشند.,0,1,neutral,positive,False,1,1,203,43,adjacent_class_error,predicted_more_positive
2230,یکی از لوازم جانبی که می‌توانید برای این گوشی تهیه کنید، MediaLink نام دارد.,0,0,neutral,neutral,True,0,0,76,14,correct,correct
10366,در کل همانطور که گفتیم، M500 دوربین فیلم برداری بسیار خوب دیگری از کانن است که کاملا کوچک و سبک ساخته شده و در ضمن از امکانات و فن آوری‌های پیشرفته و خوبی بهره می‌برد.,1,2,positive,very_positive,False,1,1,167,35,adjacent_class_error,predicted_more_positive
2306,بعضی ها عدم استفاده از SD رو عیب میدونن!,0,-1,neutral,negative,False,-1,1,40,9,adjacent_class_error,predicted_more_negative
738,) توصیه ی من برای کسانی که دنبال یه لپ تاب به اصطلاح میانه قیمت میگردن اینه که در خرید این مدل شک نکنن چون مطمئنم بعد از دیدن لپ تاب حتما از انتخاب خودتون خوشحال خواهید بود و دیگه این که هنگام خرید با سرویس نصب ویندوز و درایور خریداری کنید تا دچار مشکل نشید(به علت داشتن فینگر تاچ و..,1,0,positive,neutral,False,-1,1,284,61,adjacent_class_error,predicted_more_negative
6159,مزایای بی نظیر این محصول مثل زیبایی طراحی آن هوشمندی آن در بازی و به ویژه خدمات اینترنتی آن برای بازی با کاربران دیگر این محصول را در اقصی نقاط جهان بسیار بهتر و تحسین آمیزی با رقیب اصلی خود یعنی ps3 خود دارد ولی از جهت دیگر دارای معایبی مثل نداشتن درایو بلوری بازی هایی با اجرای ضعیف تر نسبت به ps3 می باشد که این موجب شده تعدادی ازکاربران رغبت خود را از دست دهند.,0,1,neutral,positive,False,1,1,365,77,adjacent_class_error,predicted_more_positive
322,چه از نظر ظاهر و چه از نظر اجزای داخلی شاید نتوان تفاوت زیادی بین این گوشی و دیگر گوشی‌های سری Xperia قائل شد و تشخیص مدل گوشی شاید برای بسیاری از افراد که این گوشی را می‌بینند کار زیاد آسانی نباشد.,0,0,neutral,neutral,True,0,0,198,42,correct,correct
10199,و دوربین جلو برای google talk یا skype استفاده می شود.,0,0,neutral,neutral,True,0,0,54,11,correct,correct
6860,قابل تعویض نیست,0,-1,neutral,negative,False,-1,1,15,3,adjacent_class_error,predicted_more_negative
12364,در ضمن به دلیل بهره‌گیری از لرزش‌گیر اپتیکال تصویر Power O.,0,1,neutral,positive,False,1,1,59,11,adjacent_class_error,predicted_more_positive
5415,بدین ترتیب به محض ورود به ماشین یا محل کار و نزدیک کردن گوشی به چیپ NFC موجود، کلیه تنظیمات گوشی مطابق میل شما تغییر خواهد کرد.,0,0,neutral,neutral,True,0,0,127,27,correct,correct
9363,سرعتش خیلی بالاست و دوربین خیلی خوبی داره.,2,2,very_positive,very_positive,True,0,0,42,8,correct,correct
12090,به نظر من این تبلت با صفحه بزرگ قیمت پایین می تونه رقیب بزرگی برای ایسوز eee pad transformer tf 300 tg باشه و این دو وا قعا از اپل با قیمت بالا و سیستم عاملی با عناوین کم (نرم افزار و بازی ) محدود بهترن,1,1,positive,positive,True,0,0,202,46,correct,correct
2559,ولی پس از تجربه استفاده کاملا از حالت اتوماتش راضیم.,2,1,very_positive,positive,False,-1,1,52,10,adjacent_class_error,predicted_more_negative
8684,بهترین انتخاب هم از لحاظ قیمت و امکاناته,1,1,positive,positive,True,0,0,40,8,correct,correct
7294,همچنین یکی از جالب ترین ویژگی ها، Touch to Focus است.,0,1,neutral,positive,False,1,1,53,11,adjacent_class_error,predicted_more_positive
2408,در پشت PadFone 2 شکافی برای قرارگیری گوشی طراحی شده که گوشی در آن قرار می‌گیرد و هیچ دربی برای محافظت از آن وجود ندارد.,0,0,neutral,neutral,True,0,0,119,25,correct,correct
1961,خب البته یکی از مسایل مهم برای هر کاربری مثل خودم قیمت گوشیمه که متاسفانه اپل در این زمینه بصورت نجومی کار میکنه.,-1,-1,negative,negative,True,0,0,113,23,correct,correct
11319,"مودهای عکاسی غیر خلاقانه یا مبتدی شامل Flash Off, Portrait, Landscape, Sports, Night Portrait و مودی که همواره آن را بر روی یک DSLR بی معنی می‌دانستیم یعنی Close Up می‌شوند.",0,1,neutral,positive,False,1,1,173,31,adjacent_class_error,predicted_more_positive
11185,اما نیکون خیلی دیرتر وارد رقابت فول فریم ها شد به طوری که در سال 2007 دوربین D3 را معرفی کرد که آن هم از آن فول فریم های گران قیمت بود.,-1,-1,negative,negative,True,0,0,135,32,correct,correct
8727,گوشیه خوبیه تو این رنج قیمت با اون دوربینو سیستم عاملش که واقعا در این حد عالیه,1,2,positive,very_positive,False,1,1,79,17,adjacent_class_error,predicted_more_positive
8990,پیشتر درباره‌ی آن توضیحاتی ایراد کردیم.,0,0,neutral,neutral,True,0,0,39,6,correct,correct
5720,چه با آن به تماشای فیلم بنشینید و چه به مرورگری وب بپردازید نمایشگر 4.3 اینچی Galaxy S II شما را به این فکر می‌اندازد که احتمالا بهترین نمایشگر موجود بر روی تلفن های همراه تا به این تاریخ است.,2,1,very_positive,positive,False,-1,1,192,40,adjacent_class_error,predicted_more_negative
6321,به نظر من xperia ها مخصوصا SONY از اینا بهتره مخصوصا sony xperia S.,1,0,positive,neutral,False,-1,1,67,14,adjacent_class_error,predicted_more_negative
10739,امکاناتش هم خیلی سطح بالا نیست فکر نکنم از فروش بالایی برخوردار بشه,-1,-1,negative,negative,True,0,0,67,13,correct,correct
2322,این را نیز بگوییم که SZ-14 توانایی عکاسی 3D یا سه بعدی را دارد.,1,0,positive,neutral,False,-1,1,63,14,adjacent_class_error,predicted_more_negative
751,در کل میشه گفت لپ تاپی خوب و با طراحی بی نظیر .,2,2,very_positive,very_positive,True,0,0,47,13,correct,correct
8442,امکاناتش فوق العاده ست.,2,2,very_positive,very_positive,True,0,0,23,4,correct,correct
8661,با سلام من این گوشی رو سفارش دادم و فعلا نمی دونم چه جوریه اما چیزی که می شه ملاک مقایسه قرار داد مقایسه این گوشی باhtc desire v هست که اختلاف قیمت بین این دو گوشی وجود داره ضمن اینکه این گوشی از باطری قوی تر، گارانتی ، نسخه جدیدتر اندروید و کیفیت فیلم برداری بالاتر برخورداره و نظر شخصی من LG برند بهتری نسبت به سامسونگ هست مخصوصا با اختلاف قیمت فاحش و اون دسته از دوستانی که میگن LG برند نیست شاید تبلیغات LG در حد سامسونگ نبوده اما حداقل تجربه من از LG رضایت بخش بوده در ضمن دوستان عزیز این گوشی رو باید با هم رده های خودش مقایسه کنن و مثلا توقع 4x رو از این گوشی نداشته باشن اما نسبت به قیمت بسیار مناسبه.,1,1,positive,positive,True,0,0,609,131,correct,correct
7703,سلام من راضیه راضیم واسه اونایی که اپل دوست دارن و قیمت پایین تری میخوان هزینه کنند این عالیه,2,2,very_positive,very_positive,True,0,0,93,19,correct,correct
3294,خیلی خوبه,2,2,very_positive,very_positive,True,0,0,9,2,correct,correct
1864,"""سپاس""",0,1,neutral,positive,False,1,1,6,1,adjacent_class_error,predicted_more_positive
10808,با محتواها و قابلیت‌های بهبود یافته تجربه مشاهده هوشمندانه‌تری داشته باشیدبا سه سرویس انحصاری و جدید سامسونگ – برنامه‌های کاربردی برای سرگرمی کودکان - Kids، برنامه‌های کاربردی برای تندرستی – Fitness و برنامه‌های کاربردی برای خانواده - Family Story – وارد دنیای سرگرمی‌های آنلاین شده و از محتواهای ارتقا یافته جدید آنها بهره‌مند شوید.,0,0,neutral,neutral,True,0,0,333,54,correct,correct
1094,HDMI سرعت تبادل بالای مورد نیاز داده های دیجیتال وضوح بالا از چندی دستگاه را مستقیما به تلویزیون شما ارائه می کند.,1,1,positive,positive,True,0,0,114,22,correct,correct
6734,SX160 IS توانایی فیلم برداری 720p HD با سرعت 30 فریم بر ثانیه و صدای استریو را نیز ارائه می دهد که برای دوربینی در این کلاس خیلی خوب است.,2,2,very_positive,very_positive,True,0,0,137,30,correct,correct
7404,لپ تاپ خیلی خوبیه ایراد خاصی ندارد .,1,-1,positive,negative,False,-2,2,36,8,distant_class_error,predicted_more_negative
9549,در مقایسه با ایفون 4S که ۸۰۰ مگاهرتزی است این پردازنده دارای قدرت پردازش دو برابر بیشتر است.,1,0,positive,neutral,False,-1,1,92,18,adjacent_class_error,predicted_more_negative
2922,در تست مرورگری اینترنت از طریق Wi-Fi با روشنایی متوسط، این تبلت توانست بیش از 7 ساعت شارژ دهی کند.,0,0,neutral,neutral,True,0,0,98,20,correct,correct
3638,از دیگر شکاف‌های موجود بر روی دستگاه می‌توان به شکاف کارت حافظه، جک هدفون، خروجی TV و درگاه اتصال داک کیبورد اشاره نمود.,0,0,neutral,neutral,True,0,0,120,23,correct,correct
8314,از این بابت جلوی سامسونگ کم میاره و این خیلی بده.,-1,-2,negative,very_negative,False,-1,1,49,11,adjacent_class_error,predicted_more_negative
4560,مرورگری اینترنت با این گوشی از آب خوردن هم آسان تر است (به لطف تراکم پیکسلی فوق العاده!,2,2,very_positive,very_positive,True,0,0,87,18,correct,correct
4480,جزئیات خوب بوده ولی رنگ‌ها کمی مرده هستند ولی در مجموع دوربین ray کیفیت قابل قبولی را ارائه می‌دهد.,1,1,positive,positive,True,0,0,99,19,correct,correct
5092,این کار با اتصال کنسول به کامپیوتر و با استفاده از کابل SATA انجام می‌شود.,0,0,neutral,neutral,True,0,0,74,15,correct,correct
8013,ولی اگر میخواهید دوربینی بخرید که مدت ها از خرید دوربین بی نیاز بشید این دوربین رو توصیه می کنم.,2,1,very_positive,positive,False,-1,1,96,20,adjacent_class_error,predicted_more_negative
5886,رم 16 ترنسند کلاس 10 روشه که از رو اونم بی هیچ لگی فیلم 1080 6 گیگی اجرا کرده برام.,1,2,positive,very_positive,False,1,1,83,20,adjacent_class_error,predicted_more_positive
4862,هیچ مشکلی هم نداره می تونین برای مشکل گرما یه پنکه براش بذارین !,1,1,positive,positive,True,0,0,64,14,correct,correct
404,ایزو 1600 مقدار بیشتری نویز و کاسته شدن از غلظت رنگ‌ها را نشان می‌دهد ولی عکس‌ها همچنان کاملا قابل استفاده هستند.,1,-1,positive,negative,False,-2,2,113,21,distant_class_error,predicted_more_negative
9161,HTC Desire V قادر است فایل‌های صوتی را با فرمت های معروفی نظیر MP3، eAAC+، WMA، WAV پخش نماید و به دلیل بهره‌گیری از فناوری صوتی Beats Audio می‌توان کیفیت صدای خوبی را از آن توقع داشت.,1,1,positive,positive,True,0,0,184,37,correct,correct
449,این سخت افزار عملکرد روان ویندوز 8 را بر روی لومیا 620 تضمین می‌نماید.,1,1,positive,positive,True,0,0,70,14,correct,correct
1382,کیبورد و تاچ پدRetina MacBook Pro تاچ پد همیشگی شیشه ای اپل را به همراه دارد.,0,0,neutral,neutral,True,0,0,77,16,correct,correct
10718,این گوشی می‌تواند با سرعت بسیار بالایی عکس‌برداری کند و همان‌طور که پیش‌تر اشاره کردیم، می‌توانید هنگامی که گوشی قفل است، با فشار دادن کلید سخت افزاری شاتر، در کسری از ثانیه، عکس‌برداری کنید.,2,2,very_positive,very_positive,True,0,0,191,34,correct,correct
513,شاید عامل این سقوط قبول نکردن اندروید توسط نوکیا است.,0,-1,neutral,negative,False,-1,1,53,10,adjacent_class_error,predicted_more_negative
3714,نسبت به قیمتش گوشی خیلی خوبیه ،  سرعت خیلی خوب  تاچ عالی داره جی پی اسش هم خیلی خوب و کارآمده تنها ضعفش دوربینشه که لنزش ثابته و عکس هاش کیفیت خوبی نداره باطریش هم خوبه سبک و خوش‌دسته در کل ارزش خریدش رو از 10 من 8 میدم(2نمره رو هم به خاطر دوربینش ازش کم میکنم),2,1,very_positive,positive,False,-1,1,261,57,adjacent_class_error,predicted_more_negative
5498,سرعت عالی.,2,2,very_positive,very_positive,True,0,0,10,2,correct,correct
6326,به نظر من نیازی به معرفیه این گوشی نبود با وجود note و note2 اما واسه در دست گرفتن بهتر بازار و رقابت با HTC Butterfly این گوشی معرفی شد که شاید بشه گفت از لحاظ سخت افزاری ضعیفه,-1,-1,negative,negative,True,0,0,177,39,correct,correct
4023,فیلم برداریش Full HD هستش اونم با 60 فریم در ثانیه.,0,0,neutral,neutral,True,0,0,51,11,correct,correct
2582,در مورد دوربین هم بسیار با کیفیت ساخته شده و در بدنه مشکل نیست فقط صفحه نمایش کیفیت پایینی دارد.,1,2,positive,very_positive,False,1,1,96,20,adjacent_class_error,predicted_more_positive
9909,این دقیقا برخلاف احساسی است که از بسیاری گوشی‌های بزرگتر با بدنه‌ی پلاستیکی به شما دست می‌دهد.,0,0,neutral,neutral,True,0,0,94,17,correct,correct
10936,4- قلمش هم واقعا نعمتی هست.,1,2,positive,very_positive,False,1,1,27,6,adjacent_class_error,predicted_more_positive
558,به علاوه خروجی‌های تصویری VGA و HDMI و پورت شبکه گیگابیتی نیز وجود دارند.,0,0,neutral,neutral,True,0,0,73,14,correct,correct
11294,"نمایشگر با کیفیت 1,040,000 نقطه چندان متفاوت از نمایشگر 920,000 نقطه‌ای دوربین قدیمی‌تر 500D به نظر نمی‌رسد ولی نسبت تصویر 4:3 آن دقیقا معادل نسبت تصویر سنسور است و بنابراین عکس‌ها کاملا در آن جای می‌گیرند تا دیگر نوارهای سیاه در قسمت بالا و پایین تصویر بوجود نیاید.",0,-1,neutral,negative,False,-1,1,266,48,adjacent_class_error,predicted_more_negative
12113,JVC GZ-MG335، در رنگ های قرمز، مشکی و نقره ای، تولید می گردد.,0,1,neutral,positive,False,1,1,61,13,adjacent_class_error,predicted_more_positive
11596,"این دوربین مجهز به نمایشگر 3 اینچی 920,000 پیکسل می‌باشد که کیفیت بسیار بالا و خوبیست.",2,2,very_positive,very_positive,True,0,0,86,16,correct,correct
5226,هرچند که به عنوان یک نوت‌بوک مالتی‌مدیا، انتظار دیدن بعضی پورت‌ها‌ی دیگر را نیز (علاوه بر HDMI که بر روی آن وجود دارد) داشتیم.,0,0,neutral,neutral,True,0,0,126,24,correct,correct
10075,طبق استانداردهایی که کمپانی اینتل برای مفهوم Ultrabook مشخص کرده است، برای اینکه لپ تاپی جزو آلترابوک ها محسوب گردد، باید حافظه داخلی آن از نوع پرسرعت SSD باشد.,0,0,neutral,neutral,True,0,0,160,29,correct,correct
9457,عالییه حتما یکی میخرم.,2,0,very_positive,neutral,False,-2,2,22,4,distant_class_error,predicted_more_negative
2707,عملکرد ایزوش فوق العادست اگه fujifilm به این کارش ادامه بده و یه فول فریم 14 مگاپیکسلی بزنه شاهکار در عملکرد ایزو میشه .,2,2,very_positive,very_positive,True,0,0,120,24,correct,correct
5937,همچنین تنوع رنگی بسیار خوب مشکی، سفید، قرمز و نقره‌ای را هم ارائه می‌دهد.,2,2,very_positive,very_positive,True,0,0,73,14,correct,correct
3690,البته این باعث می‌شود که در هنگام استفاده از گوشی نگرانی کمتری برای مراقبت از آن داشته باشید و به هر صورت از سنت همیشگی محکم و قابل اعتماد بودن گوشی‌های نوکیا در این گوشی هم استفاده شده.,1,1,positive,positive,True,0,0,186,38,correct,correct
3941,من حدود دو ماهه اینو خریدم.,0,0,neutral,neutral,True,0,0,27,6,correct,correct
9455,نخرین از دسش دادین !,2,1,very_positive,positive,False,-1,1,20,5,adjacent_class_error,predicted_more_negative
3224,کیفیت ساخت خوب Asus با همکاری Google2.,1,2,positive,very_positive,False,1,1,38,7,adjacent_class_error,predicted_more_positive
11928,انتخاب بین خرید xperia و padfon واقعا کاره سختی شده.,1,0,positive,neutral,False,-1,1,52,10,adjacent_class_error,predicted_more_negative
12457,شکی نیست که سونی به یکی از بهترین کمپانی های موبایل تبدیل شده.,2,2,very_positive,very_positive,True,0,0,62,13,correct,correct
11418,که البته شارژ دهی به مراتب بالاتر و بهتر گوشی هایی مثل آیفون 5 داره که در بعضی موارد برای بار سوم هم در روز مجبور به شارژ کردن می شوید!,1,1,positive,positive,True,0,0,135,31,correct,correct
9511,امیر من در این گوشی فقط این عیب هارو دیدم که تقریبا همه جا بهش اشاره شده من تحقیق کردم و فهمیدم که با پنس های مخصوص میشه نانو سیم کارت درست کرد(با سیم کارت معمولی) من می خواهم xperia v بخرم، چیزی که ایفون نداره ولی v داره مثل ip57 (ضد آب) 4g (نسل 4 باند های ارتباطی که بعضی جاها نوشته ایفون هم 4gداره)وnfc.,-2,0,very_negative,neutral,False,2,2,306,66,distant_class_error,predicted_more_positive
9583,به نظر من هیچ پیشرفت مهمی نداشته,-2,-1,very_negative,negative,False,1,1,32,7,adjacent_class_error,predicted_more_positive
7288,این دوربین هم مجهز به لنز 28-336 میلی متر با توانایی زوم اپتیکال 12 برابر است.,1,1,positive,positive,True,0,0,78,16,correct,correct
234,منم یه ماهه خریدمش.,0,0,neutral,neutral,True,0,0,19,4,correct,correct
12958,این گوشی دارای امکاناتی همچون پخش رادیو ، چراغ قوه ، فرمان پذیری صوتی و .,0,0,neutral,neutral,True,0,0,73,16,correct,correct
2331,خوب، Hero به طرز شگفت انگیزی کوچک و سبک وزن است.,1,1,positive,positive,True,0,0,48,11,correct,correct
2114,برای نصب نرم افزار هر چیزی بخوای نصب کنی باید از فیلتر اپل رد بشه یعنی از سایت اپل با نرم افزار iTunes امکان نصبش رو داری برای نصب برنامه باید اکانت iTunes رو بگیری.,0,-1,neutral,negative,False,-1,1,165,35,adjacent_class_error,predicted_more_negative
7164,معرکه است!,2,2,very_positive,very_positive,True,0,0,10,2,correct,correct
2803,این دوربین توانایی فیلم برداری 720p HD با سرعت 30 فریم بر ثانیه را هم دارد.,1,0,positive,neutral,False,-1,1,75,16,adjacent_class_error,predicted_more_negative
4744,بدیاش اینه که فلشش خودکار نیست.,-1,-1,negative,negative,True,0,0,31,6,correct,correct
8181,این لنز هم همچنان کمینه ی نسبت کانونی f/2.8 را ارائه می کند.,0,0,neutral,neutral,True,0,0,60,13,correct,correct
1676,در تست کلی Egypt HD نیز آیفون 5 در صدر جدول قرار گرفت و ال‌جی را به مکان دوم جدول فرستاد.,0,0,neutral,neutral,True,0,0,89,21,correct,correct
10204,این گوشی تو این رنج قیمت بهترینه,1,2,positive,very_positive,False,1,1,32,7,adjacent_class_error,predicted_more_positive
1582,برنامه S Planner همان‌طور که از اسم آن می‌توان متوجه شد یک برنامه تقویم بسیار کارآمد است که به شما در برنامه ریزی‌هایتان کمک شایانی می‌نماید.,2,1,very_positive,positive,False,-1,1,141,26,adjacent_class_error,predicted_more_negative
6567,از دیگر موارد لازم به ذکر، وجود یک نوار شبیه به نوارNotification در سمت راست پایین صفحه نمایش است که می‌توان از داخل آن به راحتی به بلوتوث و دیگر ملزومات تبلت دسترسی داشت.,1,0,positive,neutral,False,-1,1,171,34,adjacent_class_error,predicted_more_negative
11028,فوتو شاپ لمسی هم که همه جوره جای بحث نداره.,1,-1,positive,negative,False,-2,2,43,10,distant_class_error,predicted_more_negative
9754,این دوربین برای افتادن از فاصله‌ی حدود 80 سانتی متری ضد ضربه و تا عمق حدود 3 متری هم ضد آب می‌باشد.,0,1,neutral,positive,False,1,1,99,22,adjacent_class_error,predicted_more_positive
2862,از دیگر قابلیت‌های دوربین این گوشی می‌توان به قابلیت تشخیص چهره و لبخند، عکاسی پانوراما، عکاسی پیاپی و ثبت موقعیت مکانی و زمانی اشاره نمود.,0,1,neutral,positive,False,1,1,139,25,adjacent_class_error,predicted_more_positive
12762,به هر صورت ممکن است از این امکان هم خوشتان بیاید.,1,-1,positive,negative,False,-2,2,49,11,distant_class_error,predicted_more_negative
10583,کنتراست تصویر بسیار پایین است و رنگ‌های تولید شده مقداری مرده به نظر می‌رسند.,-2,-2,very_negative,very_negative,True,0,0,77,14,correct,correct
7542,نسبت به گوشی های هم قیمت خودش مثل xperia SL امکاناتش خیلی ضعیفه پیشنهاد میکنم برای این رنج قیمت xperia SL بخرید,-2,-2,very_negative,very_negative,True,0,0,111,22,correct,correct
3174,تبلت Nexus 7 خیلی از این تبلت بهتره هم پردازنده 4 هسته ایش و هم صفحه ی نمایش با کیفیت تری داره.,1,2,positive,very_positive,False,1,1,95,22,adjacent_class_error,predicted_more_positive
1716,قابلیت دیگری که با آن اضافه شده است قابلیت عکاسی پانوراماست که به شما این امکان را می‌دهد که عکس‌هایی با کیفیت 28 مگاپیکسل نیز ثبت نمایید.,0,1,neutral,positive,False,1,1,138,27,adjacent_class_error,predicted_more_positive
247,سلام  من الان دارم با این گوشی متن رو می‌نویسم  امروز دستم رسید رنگ مشکی از دیجی کالا خریدم فوق العادست  صفحه نمایش عالی اندازه بزرگو باریک و عالی  تاج منو هاش با نیم ساعت کار کردن یاد میگیری و مشکلی نداره.,2,2,very_positive,very_positive,True,0,0,206,42,correct,correct
2588,"سلام من هم از طریق همین سایت با این دوربین اشنا شدم دوربین در مقایسه با قیمتش واقعا عالیه 1-طراحی خوب بدنه دوربین موقع دست گرفتن دوربین واقعا حس خوبی به ادم میده 2-زوم دوربین واقعا عالیه لرزشگیر دوربین هم خیلی کارش رو خوب انجام میده من قبلا فوجی تی 300 داشتم موقع عکس گرفتن از ماه عکسهای خوبی میگرفت ولی حتما با استفاده از سه پایه ولی این دوربین نمیدونم به خاطر شکل ارگونومی خوب که داره هست یا لرزشگیرش نسبت به t300 بهتره بدون استفاده از سه پایه عکسهای خوبی میگیره بدون کمترین نویز زومش هم بقدری هست که چاله های روی ماه رو میشه دید 3-داشتن مودهای m,s,a,p این دوربین رو تبدیل به یک دوربین نیمه حرفه عالی کرده 4-فلش با برد 7متر تو این رده قیمت فکر نکنم تو برند دیگه ای اصلا پیدا بشه 5- داشتن چشمی جدا از حس داشتن یک دوربین حرفه ای در کاهش مصرف باطری واقعا عالیه 6-عکس برداری پی در پی خوبی داره دوربین قبلیم فقط تا سه عکس پشت سر هم میگرفت اما موقعی که این دوربین رو روی عکسبرداری پی در پی تنظیم کردم واقعا لذت بردم از خریدی که انجام دادم  دوستان یکی از مشکلاتش رو نداشتن نشانگر باطری عنوان کردن که به نظر من زیاد مهم نیست چون شما میتونین با اولین شارژ باطری های دوربین تعداد عکسهای گرفته شده رو ببینید و در شارژهای بعدی روی تقریبا همین تعداد عکس و زمان فیلمبرداری حساب کنید با تشکر از سایت خوب دیجی کالا که با معرفی و نقد خوب محصولات توسط کارشناسان و مصرف کنندگان در انتخاب محصول خوب به من کمک کرده اند",2,2,very_positive,very_positive,True,0,0,1299,268,correct,correct
6008,در قسمت بالای آن نیز سینی دیگری بیرون می‌آید که قابلیت پشتیبانی از 10 برگ کاغذ با ابعاد دیگر را دارد.,0,0,neutral,neutral,True,0,0,101,21,correct,correct
9831,باید بگوییم که صفحه نمایش این تبلت برای کارایی‌های آن مناسب و کافیست.,1,1,positive,positive,True,0,0,69,13,correct,correct
4536,این گوشی را می توان از نظر کیفیت تصویر و کیفیت عکاسی تحسین کرد.,1,0,positive,neutral,False,-1,1,63,14,adjacent_class_error,predicted_more_negative
8567,به نظر من برای کسی که میخواد تا این قیمت هزینه کنه گوشیه عالی هست.,1,2,positive,very_positive,False,1,1,66,15,adjacent_class_error,predicted_more_positive
61,عکاسی با این دوربین کار بسیار ساده ایست، کافیست که آن را بر روی مود اتوماتیک قرار دهید، سپس به سوی سوژه نشانه بروید و دکمه ی شاتر را بفشارید تا بهترین و با کیفیت ترین عکس ها بدست آید.,2,2,very_positive,very_positive,True,0,0,183,40,correct,correct
2080,هنگامی که تبلت آیپد 3 رو خریدم تفاوت خاصی رو در دو سیستم عامل متوجه شدم.,0,0,neutral,neutral,True,0,0,72,16,correct,correct
4821,در ضمن توی شب هم خیلی عالی فیلم می گیره .,2,2,very_positive,very_positive,True,0,0,41,11,correct,correct
10854,در ضمن، من برای گرفتن این تبلت، در حدود 2 ماه تحقیق کردم و از بین ipad new-4Gen و همچنین Asus-Transformer-infinity و نیز Note 10.1 من نوت رو انتخاب کردم چون بسیار کارا و باکیفیت و سریع هستش.,2,2,very_positive,very_positive,True,0,0,190,38,correct,correct
8609,در کل باید بگم دی جی کالا واقعا سایت عالی هست که به ماحق انتخاب با مقدار پول دلخواهو میده.,1,2,positive,very_positive,False,1,1,90,20,adjacent_class_error,predicted_more_positive
304,به نظر من یه پردازنده ی دو هسته ای با دوربین 12 و یک صفحه ی مناسب 4.55 اینچی خیلی با این قیمتی که الان تو بازار داریم مناسبه !,1,1,positive,positive,True,0,0,126,30,correct,correct
2124,ایا ازش خسته نشدید ؟,0,0,neutral,neutral,True,0,0,20,5,correct,correct
7161,به نظر من معرکس با این هزینه آیفن 5 میشه گرفت ولی این محصول هم گوشی داره هم تبلت یعنی گوشیش هم در حد آیفن 5 پس ارزش خریدن داره از لحاظ زیبایی هم که نظیر نداره,2,1,very_positive,positive,False,-1,1,158,37,adjacent_class_error,predicted_more_negative
7684,واقعا به نسبت قیمتش تبلت عالیه.,1,2,positive,very_positive,False,1,1,31,6,adjacent_class_error,predicted_more_positive
10375,*** درپوش USB برای محافظت در برابر آب می بایستی بسته باشد.,0,0,neutral,neutral,True,0,0,58,12,correct,correct
4950,بهترین چیز در مورد ۳۶۰ این است که الان دارای بهترین و بیشترین بازی در بین رقبای خود است.,2,2,very_positive,very_positive,True,0,0,88,19,correct,correct
12790,اگه از من می پرسید میگم تو دنیا رو دست این گوشی وجود نداره,1,0,positive,neutral,False,-1,1,58,14,adjacent_class_error,predicted_more_negative
9784,روز شنبه هم برای گرفتن فیدبک درخصوص کارشون و کالا تماس گرفتن، همینطور این دوربین رو نمایندگی اش نداشت و گرون تر از این هم می گفتن باشه البته شاید به خاطر گارانتی اما این سایت هم نسبت به چندتا سایت مشابه ارزون تر بود و هم نسبت به نمایندگی.,1,1,positive,positive,True,0,0,238,50,correct,correct
5983,همانطور که اشاره کردیم تقریبا تنها تفاوت آن با HX20v نیز در لنز با توانایی زوم کمتر آن می‌باشد که البته بزرگنمایی 4 برابر خیلی تفاوت زیادی نیست ولی به هر صورت اختلاف قیمت ایجاد کرده است.,0,0,neutral,neutral,True,0,0,186,37,correct,correct
8841,فقط مشکل کوچیکش همون فلشش هست که بی موقع بالا میاد.,-1,-1,negative,negative,True,0,0,51,11,correct,correct
683,باید بگم واقعا عالیه، از نظر CPU که نسل سوم هست و گرافیکش که 2 هست.,2,2,very_positive,very_positive,True,0,0,67,16,correct,correct
4206,شفافه و تاچشم عالیه.,2,2,very_positive,very_positive,True,0,0,20,4,correct,correct
6215,نرم افزار سیستم عامل موجود بر روی این گوشی نسخه 4.1 از سیستم عامل اندروید می‌باشد.,0,0,neutral,neutral,True,0,0,82,16,correct,correct
9850,اما در کل، VivoTab RT یک تبلت با کیفیت دیگر از کمپانی ایسوس است که وظایف خود به عنوان تبلت را به خوبی انجام می‌دهد و کاربر را راضی نگاه خواهد داشت.,1,1,positive,positive,True,0,0,147,32,correct,correct
5839,من حدود یک ساله دارمش و واقعا ازش راضی هستم.,1,2,positive,very_positive,False,1,1,44,10,adjacent_class_error,predicted_more_positive
10006,• قلمدر کنار داک تبلت این گوشی، یک قلم بلوتوث نیز وجود دارد.,0,0,neutral,neutral,True,0,0,60,13,correct,correct
8331,می‌توان به راحتی گفت که دوربین 8 مگا پیکسلی موجود بر روی HTC One X یکی از بهترین دوربین‌های موجود بر روی گوشی‌های هوشمند تا به این تاریخ است.,2,1,very_positive,positive,False,-1,1,141,29,adjacent_class_error,predicted_more_negative
1349,طراحی مدل جدید به طرز چشمگیری نسبت به مدل سال گذشته باریک‌تر و سبک‌تر شده است.,1,1,positive,positive,True,0,0,78,16,correct,correct
12635,در کل گوشی خوبیه و نسبت به قیمتش می ارزه.,1,1,positive,positive,True,0,0,41,10,correct,correct
2048,یکی از بهترین گوشی های حال حاضر در چند سال اخیر بین گوشی ها هوشمند دنیا می باشد که به دلیل دارای بودن سیستم عامل iOS که برترین سیستم عامل می باشد که تنها رقیب آن سیستم عامل آندروید در رقابت تنگاتنگ آن در رتبه دوم قرار دارد و از جمله ویژگی های دیگر این گوشی که آن را از دیگر گوشی های هوشمند برتر کرده است وجود پردازنده بسیار قوی که امکان اجرا کردن چندین برنامه همزمان را ایجاد می سازد و از جمله وجود سنسور های سرگرم کننده و جالب که کار با گوشی را مفرح می سازد و از جمله اصلاحاتی که در این سری از گوشی خود بکار برده است قوی تر کردن دوربین عکاسی آن می باشد که عکس هایی با رزولوشن بالا را می سازد که در سری های قبل مخصوص نسل 3 آن عکس برداری ضعیفی دارا بوده است که در نسل پنجم به کیفیت بسیار بالا تری ارتقا یافت و همجنین فیلم برداری کاملا HD که فیلم های با کیفیت بالا را می توانید با آن بگیرید از ایراد های آن نیز می توان به وجود نداشتن رادیو و مایکروسافت آفیس اشاره کرد و از جمله گوشی های که با آن گوشی در حال رقابت است می توان به galaxy s3 اشاره کرد که وزنی بیشتر و اندازه ای بزگ تر را دارد .,1,1,positive,positive,True,0,0,989,222,correct,correct
13076,هرچند که آنتن گیرنده ی آن واقعا در جای نامناسبی قرار گرفته است.,-1,2,negative,very_positive,False,3,3,63,13,distant_class_error,predicted_more_positive
12201,تا به امروز هر چی از دیجی کالا خریدم با‌کیفیت بوده و راضی بودم .,1,1,positive,positive,True,0,0,64,15,correct,correct
1751,آیفون 5 من داشتم عالی بود بنظر من بهترین گوشی هست,2,2,very_positive,very_positive,True,0,0,49,11,correct,correct
10194,بسیار خوش‌دست و عالی هست و البته حتما براش قاب ژله ای و محافظ ضدخش صفحه‌نمایش بگیرید..,2,2,very_positive,very_positive,True,0,0,86,17,correct,correct
2500,در بیشتر نوت‌بوک‌ها این مسئله با خاموش کردن موقتی تاچ پد حل می‌شود.,0,0,neutral,neutral,True,0,0,67,13,correct,correct
5982,به هر صورت همانطور که گفتیم، HX10v یکی از پیشرفته ترین، پر امکانات ترین و خوش ساخت ترین دوربین‌های کامپکت سوپرزومی است که تا به حال دیده ایم.,2,2,very_positive,very_positive,True,0,0,141,28,correct,correct
696,من لب تاب رو خریدم و بسیار راضیم.,2,2,very_positive,very_positive,True,0,0,33,8,correct,correct
11075,پردازنده ی عالی..,2,2,very_positive,very_positive,True,0,0,17,3,correct,correct
8809,باتریباتری 2460 میلی آمپری به کار رفته بر روی این گوشی ما را واقعا خوشحال نمود.,1,0,positive,neutral,False,-1,1,79,16,adjacent_class_error,predicted_more_negative
1326,با زدن دکمه ی Voice Over که روی آیپاد شافل قرار دارد می توانید عنوان یا جزئیات آهنگی که در حال پخش است را بشنوید و همچنین زمانی که باتری شما در حال تمام شدن است؛ به شما اخطار می دهد.,0,1,neutral,positive,False,1,1,182,41,adjacent_class_error,predicted_more_positive
1633,دلیل این امر این است که اپل اعتقاد دارد این حداکثر سایز استاندارد برای کار کردن با یک دست با گوشی می‌باشد.,0,0,neutral,neutral,True,0,0,106,22,correct,correct
8937,بعضی از آن‌ها همان‌هایی هستند که بر روی دوربین‌های سری سطح مبتدی DSLR‌های کانن و دوربین‌های میکرو چهار سوم یا Micro Four Third هم دیده می‌شوند.,0,0,neutral,neutral,True,0,0,143,26,correct,correct
11744,بهترین گوشی از نظر قیمت و امکانات سخت افزاری و نرم افزاری البته اگر دکمه BACKگوشی خراب نشه و گیر نکنه,1,1,positive,positive,True,0,0,101,21,correct,correct
11959,زمانی که هنگام تاریکی بخواهید گوشی رو شارژ بزنید چراغ نشان دهنده وضعیت شارژ به کناره قاب گوشی میتابد و همچنین در هنگام لمس علامت بک و ..,0,0,neutral,neutral,True,0,0,136,28,correct,correct
511,چون فایل منیجر بر روی گوشی وجود ندارد و نصب برنامه های جدید به صورت صد در صد آفلاین امکان پذیر نیست و همچنین امکان نصب برنامه های کرک شده وجود ندارد.,-1,-1,negative,negative,True,0,0,149,32,correct,correct
12758,احتمالا بر روی محصول نهایی عرضه شده این مشکلات رفع می‌شوند.,1,0,positive,neutral,False,-1,1,59,11,adjacent_class_error,predicted_more_negative
11912,در بازاری که اکثر برندها تقریبا یکنواخت و مشابه کار کردند این طراحی واقعا بی‌نظیره و این در حالیه که از اغلب یاشاید همه هم رده های خودش سبکتر هم هست.,2,2,very_positive,very_positive,True,0,0,149,31,correct,correct
1180,اما کلید پاور و جک 3.5 میلی متری صدا، در لبه‌ی بالایی این گوشی تعبیه شده‌اند.,0,0,neutral,neutral,True,0,0,77,16,correct,correct
1462,کافی است که آن را به سوی سوژه نشانه بروید و دکمه‌ی شاتر را بفشارید تا به صورت خودکار همه‌ی تنظیمات بر روی بهترین حالت قرار گیرد و با کیفیت ترین عکس گرفته شود.,1,2,positive,very_positive,False,1,1,158,34,adjacent_class_error,predicted_more_positive
11659,من 8 ماهه این گوشی رو دارم و هر اطلاعاتی از این گوشی بخواین من میتونم بهتون بگم.,0,0,neutral,neutral,True,0,0,80,18,correct,correct
11401,قدرت پردازش گوشی حرف نداره و هیچ جا کم نخواهید داشت .,2,1,very_positive,positive,False,-1,1,53,12,adjacent_class_error,predicted_more_negative
9025,در قسمت پشتی این دوربین نمایشگر 3.5 اینچی قرار گرفته است که تقریبا تمام این قسمت را در بر گرفته است.,0,0,neutral,neutral,True,0,0,100,21,correct,correct
10999,البته بدرد کسانی که نتونند درست از توانایی اون استفاده بکنند نمیخوره و پول حروم کردنه.,0,0,neutral,neutral,True,0,0,86,16,correct,correct
8262,به هیچ عنوان دستگیره نیز بر روی آن جای سازی نشده است تا در هنگام در دست گرفتن دوربین در حقیقت کل بدنه را در دست گرفته باشید.,0,-1,neutral,negative,False,-1,1,124,28,adjacent_class_error,predicted_more_negative
12312,میتونی روش حساب کنی تو عکاسی از نظر کیفیت خوبه فقط یه کم ابعاد عکس مربع مانند 3456×4608 که کل مانیتور رو نمیگیره و بعدا خودت باید تنظیم کنی وزن سبکی هم داره باطریش اگه میشد مثل کانون بیرون از دوربین شارژ میشد خیلی خوب بود یه مقدار زومش کمه ولی میشه باهاش کنار اومد,1,-1,positive,negative,False,-2,2,264,55,distant_class_error,predicted_more_negative
4457,سایز کوچک و مناسب این گوشی به شما این امکان را می‌دهد که به راحتی و با یک دست با آن کار کنید و انگشت شست شما می‌تواند بدون هیچ مشکلی تمام نقاط صفحه را لمس کند.,1,1,positive,positive,True,0,0,159,37,correct,correct
11113,شکل کلی اندروید ساندویچ بستنی در این نسخه حفظ شده که البته سامسونگ تغییراتی را هم مانند ایجاد یک سری میانبر بسیار کاربردی در جهت ساده تر کردن آن اعمال نموده است.,1,1,positive,positive,True,0,0,161,32,correct,correct
12694,ساپورت سیم کارتهای معمولی که در ایران هست 19.,0,0,neutral,neutral,True,0,0,45,9,correct,correct
1165,حدودا دو ماهی میشه خریدم خیلی عالیه من قبلا هارد های دیگری رو امتحان کردم از جمله Western Digital سری My passport و هارد ضد ضربه silicon power Armor A80 واقعا میتونم بگم از همشون بهتره هم از لحاظ سرعت و هم از لحاظ کیفیت ساخت .,2,2,very_positive,very_positive,True,0,0,226,47,correct,correct
12187,در حقیقت همیشه می گفتیم که آن دوربین ها مناسب کسانی هستند که جثه ی بزرگ DSLR ها را نمی پسندند ولی به دنبال دوربینی با لنز قابل تعویض می باشند.,1,1,positive,positive,True,0,0,142,31,correct,correct
2533,بدین ترتیب که با توانایی زوم 24 برابر این لنز در رده ی پایین تر سوپرزوم ها قرار می گیرد.,-1,1,negative,positive,False,2,2,88,20,distant_class_error,predicted_more_positive
2286,تا اینجا هنوز هیچ راهنمای انتخابی نداریم!,0,0,neutral,neutral,True,0,0,41,7,correct,correct
12817,اکتیویتور همراه ویندوز نیز به صورت دائمی بوده و تمام قسمت‌های ویندوز به وسیله آن فعال می‌شود.,1,0,positive,neutral,False,-1,1,93,17,adjacent_class_error,predicted_more_negative
4324,زود باشید تا دیر نشده.,0,-1,neutral,negative,False,-1,1,22,5,adjacent_class_error,predicted_more_negative
10629,درباره ی کیفیت ساخت هم نظر نمیدم چون باید از کسایی که با هر دو کار کردن پرسید.,0,0,neutral,neutral,True,0,0,78,18,correct,correct
10705,•نرم افزار و سخت افزار داخلیXperia TX به طور پیش فرض از سیستم عامل اندروید نسخه 4.0 استفاده می‌کند که به رابط کاربری انحصاری سونی مزین شده است.,0,0,neutral,neutral,True,0,0,143,28,correct,correct
4215,سلام و با تشکر از دیجی کالا به خاطر ارسال سریع کالا امروز این گوشی بدستم رسید فوق‌العاده برازنده این گوشی هست,2,2,very_positive,very_positive,True,0,0,109,22,correct,correct
434,به هر حال، قیمت بالای لومیا 920 و 820 مانعی برای بسیاری از افراد جهت خرید آن‌ها ایجاد می‌نماید که با تولید و عرضه لومیا 620، امکان داشتن مدل ارزان قیمت آن‌ها نیز برای آن‌ها فراهم گشته است.,1,1,positive,positive,True,0,0,188,38,correct,correct
2609,سفارش دادم زیاد بررسی کردم تا تصمیم گرفتم بخرم دستم برسه میام نقد میکنم,0,0,neutral,neutral,True,0,0,71,14,correct,correct
6073,اما از سرعت چاپ خوبی برخوردار است و تیراژ خوبی را چاپ می نماید.,1,1,positive,positive,True,0,0,63,14,correct,correct
1609,اگر مکالمه با تبلت 8 اینچی برای شما یک مزیت محسوب می‌گردد، و یا اگر به دنبال تبلتی برای انجام کارهای گرافیکی می‌گردید، Samsung Galaxy Note 8 یک انتخاب بسیار خوب برای شماست که مسلما از خرید آن پشیمان نخواهید شد.,1,1,positive,positive,True,0,0,210,41,correct,correct
442,این صفحه نمایش قادر است 16 میلیون رنگ را تولید نماید و همانند لومیا 920 مجهز به تکنولوژی ClearBlack می‌باشد که باعث می‌گردد متون در آن بسیار خوانا تر باشند و عملکرد آن زیر نور آفتاب بسیار خوب باشد.,2,2,very_positive,very_positive,True,0,0,197,39,correct,correct
6001,این دوربینو من یه هفته ای میشه خریدم  تصویر برداری در حد خیلی خیلی عالیه  زومش بی نظیره بدون افت هنگام عکاسی محشره خیلی خوش دستو خوش فرمه اما یه چیزی خیلی نگرانم میکنه سایز عکسا در حد 35 در 26 سانتی متره البته اضافه کنم با رزولوشن 350 dpi  ولی اینکه هنگام زوم عکسا نویز دارن و کیفیت ندارن خیلی به همم می ریزه کاش میتونستم عکس با سایز بنر بگیرم که تو زوم مشکلی نداشته باشن,1,1,positive,positive,True,0,0,371,78,correct,correct
1906,همین که اسم اپل روی این گوشی هست خودش خیلیه.,1,1,positive,positive,True,0,0,44,10,correct,correct
8648,دو هسته ایه بنظرم عالیه .,1,2,positive,very_positive,False,1,1,25,6,adjacent_class_error,predicted_more_positive
10825,این دوربین یک مدل جیبی و سبک می باشد.,0,0,neutral,neutral,True,0,0,37,9,correct,correct
11696,باتریش خیلی زود تموم میشه!,-1,-1,negative,negative,True,0,0,26,5,correct,correct
3108,سامسونگ در صفحه نمایش این تبلت از پنل Super PLS LCD استفاده کرده است که رنگ های بسیار زنده و طبیعی را تولید کرده و زاویه دید فوق العاده بالایی دارد.,2,2,very_positive,very_positive,True,0,0,148,31,correct,correct
9232,پیچ تنظیم مودهای عکاسی هم دستخوش تغییراتی شده و اکنون دیگر شاهد آن مود دوست داشتنی A-DEP نیستیم.,-1,1,negative,positive,False,2,2,96,18,distant_class_error,predicted_more_positive
4532,"برخی از افراد ترجیح میدن یک گوشی با امکانات روز در ابعاد کوچک در عین حال زیبا برای استفاده روز مره داشته باشند به نظر من اکسپریا ری به دلایل زیر یک پیشنهاد ایده آل میتونه باشه:1- قابلیت ارتقا به جدید ترین ورژن از اندروید 42- صفحه نمایش بسیار با کیفیت با نمایش 300 پیکسل در یک اینچ که با دید انسان برابری می کند ( لازم به بیان هست که چشم ما 325 پیکسل در اینچ هست و این یعنی تکنولوژی سونی)3- کیفیت دوربین 8 مگاپیکسل با سنسور exmor r cmos که در دوربین های حرفه ای مورد استفاده قرار میگیره قابلیت تصویر برداری سه بعدی و نمایش آن و همچنین تصویر برداری پانوراما با همراهی فلش قوی led که پیشنهاد میشه در هنگام فلش زدن به دلیل قدرت بالا بهش نگاه نکنین که کوری زمانی میاره4- دوربین دوم با کیفیت 2 مگاپیکسل برای مکالمه تصویری5- کیفیت فیلم برداری hd 6- بدنه باریک و زیبا با ضخامت 9.4 mm و وزن 100g7- بالا ترین رزولوشن 845*480 به همراه موتور براویا سونی8- پردازنده قوی9- صفحه نمایش مولتی تاچ و کنترل لمسی حساس و حسگر شتاب سنج و مجاورت سنج، 10- صفحه نمایش ۳٫۳ اینچ لمسی با وضوح بسیار بالا و تفکیک ۱۶ میلیون رنگ11- مسیر یاب جی پی اس، ثبت موقعیت جغرافیایی به همراه تصویر، 12- ۳۰۰ مگابایت حافظه داخلی 13- شبکه بیسیم، رادیوی اف ام استریو، بلوتوث استریو14- پشتیبانی از گیم های hd و سنگین15- صفحه ضدخش، نسل ۳٫۵، پردازنده یک گیگاهرتز، قابلیت افزایش کارت حافظه16- پخش موسیقی MP4 (AAC), MP3, M4A, 3GPP, AMR, AMR-WB, WAV, RealAudio, iMelody, XMF, WMA 917- پخش فیلم MP4, 3GPP (H.",2,0,very_positive,neutral,False,-2,2,1355,267,distant_class_error,predicted_more_negative
8009,2 هفته ای مبشه که این دوربین رو خریدم.,0,0,neutral,neutral,True,0,0,38,9,correct,correct
4288,رنگ‌های تولید شده و روشنایی صفحه نمایش دستگاه بسیار بالاست و در مجموع می‌توان گفت که کیفیت صفحه نمایش iPod Touch بسیار بهتر از رقبای اصلی مانند Samsung Galaxy Player 5.0 است.,2,2,very_positive,very_positive,True,0,0,174,32,correct,correct
3009,در بررسی تخصصی این دو تبلت و انجام تستهای بنچمارک روی هردوشون، گالاکسی نوت 10.1 بهتر عمل کرد.,0,0,neutral,neutral,True,0,0,93,18,correct,correct
1211,حال قابلیت دوم قلم به کمک شما می‌آید و نقش یک میکروفن-هدفون را برای شما ایفا می‌نماید.,0,1,neutral,positive,False,1,1,86,17,adjacent_class_error,predicted_more_positive
1802,سلام به همه دوستان اپل باز من از ایفون 2g تا ایفون 5 را گرفتم از تمام انها هم راضی هستم، بنظر من ایفون 5 را که تهیه میکنید دیگر به لپ تاپ هم نیاز پیدا نمیکنید.,1,2,positive,very_positive,False,1,1,159,37,adjacent_class_error,predicted_more_positive
10649,جزو زیبا ترین و خوشدست ترین گوشی هاست.,2,2,very_positive,very_positive,True,0,0,38,8,correct,correct
12368,با وجود اینکه این دوربین دارای شوتینگ مودهای حرفه‌ای عکاسی است، ولی متاسفانه از فرمت RAW پشتیبانی نمی‌کند و حرفه‌ای‌ترها نیز باید به همان عکس‌های JPEG اکتفا کنند.,-1,-1,negative,negative,True,0,0,162,28,correct,correct
10089,اما باید در نظر داشته باشید که Sleekbook قیمتی کمتر از نصف قیمت آلترابوک ها دارد!,1,0,positive,neutral,False,-1,1,81,16,adjacent_class_error,predicted_more_negative
7044,همچنین Adreno 320 در مقابل Mali T604 حرفی برای گفتن نداره.,1,-1,positive,negative,False,-2,2,58,11,distant_class_error,predicted_more_negative
9159,به لطف وجود سیستم عامل اندروید، امکان شخصی سازی صفحات، اضافه کردن ویجت ها، تغییر تصاویر پس زمینه و..,1,0,positive,neutral,False,-1,1,100,19,adjacent_class_error,predicted_more_negative
11169,تجربه چندرسانه ای کامل در منزلتلویزیون سامسونگ با ورودی های واسط چندرسانه ای وضوح بالا (HDMI) نشیمن خانه شما را به یک مرکز سرگرمی های چندرسانه ای تبدیل خواهد کرد.,1,1,positive,positive,True,0,0,162,30,correct,correct
1246,خدا کنه بیاد ایران !,0,0,neutral,neutral,True,0,0,20,5,correct,correct
11601,264 ذخیره شوند.,0,0,neutral,neutral,True,0,0,15,3,correct,correct
6316,این گوشه های جدید سامسونگ همش شبیه همه!,0,0,neutral,neutral,True,0,0,39,8,correct,correct
2432,پنل Super IPS + روی این گوشی بر روی تبلت TF700T ایسوز هم وجود دارد.,0,0,neutral,neutral,True,0,0,67,15,correct,correct
12324,صدای فیلمبرداریش عالیه و تکنولوژی ضد لرزش و ردیابی خودکار سوژه حسابی کیفیت کارو بالا میبره.,2,2,very_positive,very_positive,True,0,0,91,16,correct,correct
10585,در بالای صفحه نمایش یک وب کم با کیفیت 0.3 مگاپیکسل قرار دارد که می‌توان به کمک آن تماس‌های اینترنتی نسبتا خوبی برقرار کرد.,1,1,positive,positive,True,0,0,122,24,correct,correct
7078,البته می‌توان ادعا نمود که این گوشی حتی اولین گوشی است که رزولوشن صفحه نمایش آن FullHD است و در روزهای پایانی سال 2012 میلادی معرفی گردید.,1,0,positive,neutral,False,-1,1,138,27,adjacent_class_error,predicted_more_negative
8608,تنها ایرادی که میشه با این رنج قیمت از این گوشی گرفت اینه که موقع گرفتن تماس باید با یک دکمه از قبل سیم یک و دورو انتخاب کنید و مثل گوشیهای دوسیم دیگه نیست که بعد گرفتن شماره روی صفحه سیم یک و دورو انتخاب کنید.,-1,-1,negative,negative,True,0,0,210,47,correct,correct
6248,روی صفحه نمایشش شک داشتم.,0,0,neutral,neutral,True,0,0,25,5,correct,correct
7329,• جمع بندیدر مجموع به راحتی می‌توان گفت سری 3 لپ‌تاپ‌های سامسونگ جزو بهترین و با کیفیت‌ترین لپ‌تاپ‌های ارزان قیمت موجود در بازار هستند.,2,2,very_positive,very_positive,True,0,0,135,24,correct,correct
4927,خیلی هم ازش راضی هستم.,2,1,very_positive,positive,False,-1,1,22,5,adjacent_class_error,predicted_more_negative
9494,i5 رو خریدم، سیم کارتم روی 4s بود، داخل خشابش گذاشتم و فروشنده پانچش کرد.,0,0,neutral,neutral,True,0,0,73,15,correct,correct
4171,فقط مواظب باشین از بازار علادین تهران نخرید، براتون خیلی گرونتر درمیاد.,-1,0,negative,neutral,False,1,1,71,12,adjacent_class_error,predicted_more_positive
5300,در این نسخه از اندروید بهینه سازی‌های فراوانی صورت گرفته است و سرعت عملکرد رابط کاربری آن به لطف پروژه کره (Project Butter) نسبت به نسخه های قبلی بسیار بیشتر شده است.,1,2,positive,very_positive,False,1,1,166,32,adjacent_class_error,predicted_more_positive
1694,بر اساس اعلام کمپانی اپل، Siri به حدی هوشمند شده که می‌تواند بر اساس محلی که شما در آن قرار دارید، مکان‌های تفریحی نیز به شما پیشنهاد دهد!,1,0,positive,neutral,False,-1,1,138,28,adjacent_class_error,predicted_more_negative
3675,کاربرانی که تمایل دارند در مود اتوماتیک کار کنند نیز می‌توانند از 5 حالت در نظر گرفته شده نیز بهره ببرند که بر روی LCD دوربین نمایش داده می‌شوند.,0,0,neutral,neutral,True,0,0,145,29,correct,correct
12794,بالاخره 6 ماه شد که گوشی عوض نکردم .,0,0,neutral,neutral,True,0,0,36,9,correct,correct
12154,با این حال اگر دست بزرگی نداشته باشید واقعا در دست گرفتن این دوربین سخت نیست چرا که دستگیره ی نصفه و نیمه ولی خوبی دارد.,1,-1,positive,negative,False,-2,2,120,26,distant_class_error,predicted_more_negative
9996,ولی اگر اکنون صاحب یک iPhone 4 لزومی ندارد که به iPhone 4s آپگرید شوید.,0,1,neutral,positive,False,1,1,71,15,adjacent_class_error,predicted_more_positive
1161,وزنش 220g رابط اتصالش USB 3.0 که سرعتش عالیه.,2,1,very_positive,positive,False,-1,1,45,9,adjacent_class_error,predicted_more_negative
650,لپ تاپ خوبیه,1,-1,positive,negative,False,-2,2,12,3,distant_class_error,predicted_more_negative
11704,واقعا تو این قیمت گوشی بهتر از این گیرتون نمی یاد.,1,1,positive,positive,True,0,0,50,11,correct,correct
7634,بالاخره این گوشی بعد از چند ماه وارد ایران شد!,0,0,neutral,neutral,True,0,0,46,10,correct,correct
229,چون از یه اسپیکر استفاده میکنن ولی مقدار کمی صدای SONY S بیشتر از ION هست به این دلیل که Sجلویه اسپیکرش هیچ محافظی نیست ولی ION با رو کش یک تکه درب پشتی از اسپیکر محافظت میکنه ولی با هندزفری های جدید SONY که رویه ION قرار داده شده لذت موسیقی برای کسایی که عاشق موسیقی با بیس بالا هستن رو 100% تضمین میکنه چهار دکمه لمسی پایین که متخصصین سونی با کلی زحمت با ساختار شناور ساختند که فوق العادست.,1,1,positive,positive,True,0,0,392,82,correct,correct
10490,من خودم گوشی رو دارم، حتی یک بار هم هنگ نکرده توی این مدتی که داشتمش به جز دوربینش که در شب واقعا بدرد نخوره، در بقیه ی موارد، کار با گوشی، بلندگو، دو سیم کارته بودنش و کار باهاش بسیار خوب هستش.,2,2,very_positive,very_positive,True,0,0,194,43,correct,correct
54,بعلاوه از سنت راحی خود کاسیو هم پیروی کرده و شکل و شمایل آن کاملا کاسیویی می باشد.,0,0,neutral,neutral,True,0,0,82,18,correct,correct
1619,عالیه ولی به نظرم یه گوشی بزرگ هست تا یه تبلت,1,1,positive,positive,True,0,0,45,11,correct,correct
7202,به نظر من باید طوری طراحیش میکردن که تبلتش نیاز کمتری به گوشی داشت نه اینکه صددرصد به گوشی محتاج باشه.,-2,1,very_negative,positive,False,3,3,102,21,distant_class_error,predicted_more_positive
4588,من در یک جمع بندی کلی اینو می تونم بهتون بگم که با توجه به پولی که بابت خرید این گوشی پرداخت می کنید اصلا پشیمون نخواهید شد و کلا گوشی با ارزشیه.,1,1,positive,positive,True,0,0,145,33,correct,correct
7679,به هر حال این برندیه که نمیشه ایراد اساسی ازش گرفت ولی واقعا تو این یه مورد میشه گفت قیمتش زیاد معقول به نظر نمیرسه.,-1,-1,negative,negative,True,0,0,116,25,correct,correct
7315,سرعت خیلی پایینی داره.,-2,2,very_negative,very_positive,False,4,4,22,4,distant_class_error,predicted_more_positive
12088,برق مصرفی آن نیز برق شهر است.,0,1,neutral,positive,False,1,1,29,7,adjacent_class_error,predicted_more_positive
9958,"او پاسخ خواهد داد که ""هیچکدام!",0,0,neutral,neutral,True,0,0,30,6,correct,correct
8498,اما یکی از بهبودهای خیلی خوب این دوربین نسبت به مدل پیشین، نمایشگر آن می‌باشد.,2,2,very_positive,very_positive,True,0,0,78,15,correct,correct
5603,کنتراست عکس‌ها نیز به نظرمان بیش از حد بالا است.,-1,0,negative,neutral,False,1,1,48,10,adjacent_class_error,predicted_more_positive
1362,دقت صفحه نمایش این گوشی 960x640 بود که تراکم پیکسلی بسیار بالای 315ppi را ارائه می‌کرد.,0,2,neutral,very_positive,False,2,2,87,16,distant_class_error,predicted_more_positive
10246,حدود1ماهه برا خانومم خریدمش-گوشی خوبیه ولی کیفیت صفحه‌نمایشش خیلی خوب نیست حافظه داخلی کمه ولی سرعت گوشی قابل‌قبوله در ضمن تاچش هم خیلی حساس نیست و روان کار نمیکنه اما کیفیت عکساش عالیه راحت وباکیفیت میشه چاپش کردوصداش هم که دیگه معرکست برا کسایی که به موسیقی خیلی علاقه دارن توصیه میشه .,1,2,positive,very_positive,False,1,1,288,53,adjacent_class_error,predicted_more_positive
5610,در کل همان طور که گفتیم، Miro در سطح مبتدی گوشی‌های اندرویدی با استاندارد سال 2012 قرار می‌گیرد که امکاناتی درخور را با قیمتی مناسب ارائه می‌دهد.,1,1,positive,positive,True,0,0,145,27,correct,correct
5580,کنتراست تصویر و رنگ‌ها خیلی خوب هستند ولی رزولوشن پایین ممکن است مقداری خوش آیند کاربر نباشد.,1,-1,positive,negative,False,-2,2,93,17,distant_class_error,predicted_more_negative
854,اما الزاما همچین قضیه ای همواره صادق نیست.,0,0,neutral,neutral,True,0,0,42,8,correct,correct
1534,ابعاد آن 136×211 میلی‌متر و قطر آن نیز حدود 8 میلی متر می‌باشد.,0,0,neutral,neutral,True,0,0,63,13,correct,correct
6407,تکنولوژی هوش امنیتی یکپارچه (Collective Intelligence) پاندا، قدرت دو چندانی به این نرم‌افزار بخشیده که می‌تواند جدیدترین بدافزارهای رایانه‌ای را در مدت زمان بسیار کوتاهی شناسایی، طبقه‌بندی و پاکسازی کند.,2,2,very_positive,very_positive,True,0,0,203,30,correct,correct
12108,متاسفانه، این دوربین مجهز به فوکوس دستی نمی باشد که این ویژگی دوربین برای عکاس های حرفه ای که عاشق تنظیمات دستی هستند، بسیار مهم است.,-1,-1,negative,negative,True,0,0,133,26,correct,correct
9691,آیفون 5 شروعی برای سقوط اپل؛ به نظر من برای شرکت خلاق و نوآوری مثل اپل ارائه این گوشی یک قدم به عقب بود تا رو به جلو برعکس گوشی های جدید خانواده گالکسی سامسونگ S3 & Note2 این گوشی هیچ چیز جدیدی برای ارائه نداشت.,-2,-1,very_negative,negative,False,1,1,211,46,adjacent_class_error,predicted_more_positive
9789,دوربین دارای طراحی و زیبایی خاصی است.,1,0,positive,neutral,False,-1,1,37,7,adjacent_class_error,predicted_more_negative
4845,من ایکس باکس الایت دارم حرف نداره به نظر من ارزش خریدنشو داره,1,2,positive,very_positive,False,1,1,61,13,adjacent_class_error,predicted_more_positive
9946,جالب است، ولی Siri چگونه می‌فهمد که همسر شما کیست؟,0,0,neutral,neutral,True,0,0,50,10,correct,correct
10558,باتری این گوشی قادر است با یک بار شارژ حدودا تا 6 ساعت در حالت مکالمه مداوم و تا 530 ساعت در حالت آماده به کار شارژ دهی داشته باشد که عملکرد بسیار خوبی به شمار می‌رود.,2,2,very_positive,very_positive,True,0,0,167,37,correct,correct
6559,با وجود فلش پلیر که به صورت پیش فرض بر روی آن قرار دارد، مشکلی برای مشاهده فیلم‌ها و بازی‌های فلش نخواهید داشت.,1,1,positive,positive,True,0,0,111,23,correct,correct
2281,الان اسمارت فونها به جایی رسیدن که قدرتهای سخت افزاری بسیار مشابه هم عمل میکنن در نتیجه مقوله مقایسه پردازنده و رم و بنجمارک ها رو کنار بذارین!,0,2,neutral,very_positive,False,2,2,143,28,distant_class_error,predicted_more_positive
12513,امکانات داخلیفقط ظاهر این دستگاه نیست که دستخوش تغییرات شده است؛ بلکه از نظر امکانات درونی نیز تغییرات کلی دیده می‌شود.,0,0,neutral,neutral,True,0,0,119,21,correct,correct
7080,HTC مدل جدید خود را با نام J Butterfly در ژاپن عرضه نمود و سپس، با نام Droid DNA نیز در آمریکا به فروش رسانید.,0,0,neutral,neutral,True,0,0,110,25,correct,correct
13079,این مرورگر که بر روی iPod موجود می باشد بسیار قدرتمند است و کار کردن با آن ساده می باشد.,2,2,very_positive,very_positive,True,0,0,88,20,correct,correct
1719,از دیگر قابلیت‌های دوربین می‌توان به لرزشگیر تصویر، فوکوس لمسی، ثبت موقعیت مکانی و زمانی، تشخیص چهره و عکاسی HDR اشاره نمود.,0,0,neutral,neutral,True,0,0,124,22,correct,correct
7782,قطر آن هم که چیزی در حد یک شگفتی است، چرا که حدود 3 میلی متر از هر دوی آن‌ها باریک‌تر است.,2,0,very_positive,neutral,False,-2,2,90,22,distant_class_error,predicted_more_negative
1842,.باریک.,1,1,positive,positive,True,0,0,7,1,correct,correct
8883,دوربین f600 شرکت فوجی فیلم با قیمت کم تر کلی امکانات واسه دوربین گذاشته مثل پانورما و پانورمای 360 درجه-GPS با چندین مکان سیو شده و کلی مد های زیبا وکارامد.,0,1,neutral,positive,False,1,1,156,31,adjacent_class_error,predicted_more_positive
8722,البته خودم رفتم از پست تحویل گرفتم و گرنه معلوم نبود که کی می آوردند.,1,0,positive,neutral,False,-1,1,69,15,adjacent_class_error,predicted_more_negative
12486,بدنه قوسی شکل این گوشی با یک قاب پلاستیکی پوشیده شده است که قابلیت باز شدن توسط کاربر را دارد.,0,0,neutral,neutral,True,0,0,94,20,correct,correct
10908,از دیجی کالا بابت توضیحات جامع در این مورد ممنونم,1,0,positive,neutral,False,-1,1,49,10,adjacent_class_error,predicted_more_negative
6364,یکی از بهبودهای رخ داده در این صفحه نمایش این است که در نمایشگر گوشی‌های پیشین، رنگ‌ها غلظتی بیش از حد داشتند.,-1,1,negative,positive,False,2,2,110,22,distant_class_error,predicted_more_positive
12778,من طرفدار سامسونگ هستم ولی باید یک چیزی رو اعتراف کنم .,0,0,neutral,neutral,True,0,0,55,12,correct,correct
2952,Samsung Galaxy Note 10.1 N8000 فقط RAM دو برابر ایسوس داره در عوض صفحه نمایش با تراکم کمتر HD در مقابل FHD ایسوس  دوربین 5 مگاپیکسل در مقابل 8  CPU هم چون Exynos هست فرض می کنیم که مساویه GPU Mail-400 به نظر شما از دوازده هسته ای TF700 بهتره ؟,0,0,neutral,neutral,True,0,0,243,51,correct,correct
8328,One X همانند گوشی‌های Sensation XE و Sensation XL، از سیستم صوتی Beats Audio بهره می‌برد ولی بر خلاف گوشی‌های قبلی، شما می‌توانید در One X در تمام برنامه‌ها و بازی‌ها از این امکان بهره ببرید.,1,0,positive,neutral,False,-1,1,191,36,adjacent_class_error,predicted_more_negative
8536,برای استفاده خانگی خیلی مناسبه.,2,2,very_positive,very_positive,True,0,0,31,5,correct,correct
524,به محض اینکه برای نخستین بار دستگاه را روشن کردید یک فرایند خودکار پیکربندی را اجرا می کند که حدود یک دقیقه به طول می انجامد.,1,1,positive,positive,True,0,0,125,26,correct,correct
6136,به نظر من درسته از لحاظ سخت افزاری XBOX 360 Slim از PS3 Slim کمی ضعیفتره، اما باید توجه داشته باشیم که برای کشش گرافیکی و اجرای بهتر بازی ها XBOX حدود 512 مگابایت در اختیار گرافیک و پخش تصویری بازی ها قرار میده ولی PS3 حدود 256 مگابایت.,0,1,neutral,positive,False,1,1,236,49,adjacent_class_error,predicted_more_positive
339,لازم به ذکر است که سری G580 دارای Wi-Fi با استاندارد 802.11 b/g/n بوده و از بلوتوث نسخه 3.0 نیز پشتیبانی می‌کند.,0,0,neutral,neutral,True,0,0,112,22,correct,correct
3710,کیفیت مکالمه و صفحه نمایش بسیار بالا - سرعت عالی  باتری نسبتا قوی - آنتن‌دهی قوی - عکس‌های قوی و بدون نویز - تاچ خیلی خوب - کیفیت عالی صدا - وزن سبک - زیبا GPS و Navigator کاملا رایگان و کاربردی با نقشه ی داخل شهر های مهم ایران (با دانلود رایگان از اینترنت طریق گوشی) اصفهان - تهران - کرج - قشم - مشهد - یزد - شیراز - کرمانشاه - تبریز - قم با سخنگوی فارسی اما معایب : برای بازی و نرم افزار و وبگردی پیشنهاد نمیشود.,2,2,very_positive,very_positive,True,0,0,414,91,correct,correct
1446,بنابراین شما می‌توانید دوربین را هم از طریق نمایشگر، و هم از طریق دکمه های فیزیکی کنترل کنید.,1,0,positive,neutral,False,-1,1,93,18,adjacent_class_error,predicted_more_negative
7485,برای دسترسی به دو تنظیم دستی که ذکر کردیم می‌بایست کاملا وارد سیستم منوها شوید و هرچند که منوها کاملا منطقی طراحی شده‌اند ولی به هر صورت زمانی برای جستجو احتیاج خواهید داشت.,-1,0,negative,neutral,False,1,1,173,33,adjacent_class_error,predicted_more_positive
539,من یکیشو امتحان کردم .,0,0,neutral,neutral,True,0,0,22,5,correct,correct
8723,در کل گوشی خیلی خوبیه فقط در رندر اولیه بعضی از بازی ها یکم کند عمل می کنه ولی در کل از همه گوشی های هم رده و هم قیمت خود یک سروگردن بالاتره.,1,1,positive,positive,True,0,0,141,34,correct,correct
6600,وجود داره که البته اشکال یا ضعفی در سخت افزار وجود نداره و علت اینه که دیتای گرافیک این تبلت کمه و این اتفاق وقتی میوفته که بازی را با دیتای گرافیک های دیگه نصب میکنیم و البته یه خورده به خاطر رزولوشن بالای این تبلت هست که کاهش فریم به وجود میاد که با اورکلاک کردن gpu کاملا حل میشه.,1,1,positive,positive,True,0,0,283,61,correct,correct
7389,اگر می‌توانید از محدودیت‌ها و ضعف‌های جزئی گفته شده در این نقد و بررسی، چشم پوشی کنید، CQ58 یک خرید خوب و مقرون به صرفه می‌باشد.,1,0,positive,neutral,False,-1,1,128,26,adjacent_class_error,predicted_more_negative
3489,سلام من 1 روزه این پرینتر رو خریداری کردم ولی اصلا کیفیت چاپ رنگی نداره و ازش زده شدم البته فقط پرینت کردنش خوب نیست من هم چون فقط برای همین میخواستمش ازش زده شدم و گذاشتمش گوشه خونه,-1,-1,negative,negative,True,0,0,182,39,correct,correct
5065,(تقریبا اکثر مغازه دار‌ها این ترانس‌ها را نیز به همراه کنسول می‌فروشند).,0,0,neutral,neutral,True,0,0,72,12,correct,correct
11040,من خودم اینو دیروز خریدم و با ایپد کنار هم تست کردم واقعا چیزی کم نداشت و تو سرعت بالاتره از ایپد فقط نور صفحش پایین تره همین که اونم نسبت به مزیت هاش مانند مشخصات و قلمش عالیه,2,2,very_positive,very_positive,True,0,0,176,39,correct,correct
4378,Sony S اولین تبلت هانی-کامبی کمپانی سونی است که در دو مدل 16 و 32 گیگابایتی وارد بازار شده است.,0,0,neutral,neutral,True,0,0,95,20,correct,correct
9127,من قبلا دیزایر معمولی داشتم.,0,0,neutral,neutral,True,0,0,28,5,correct,correct
703,گرافیکش که دیگه حرف نداره .,2,2,very_positive,very_positive,True,0,0,27,6,correct,correct
9171,بهترین دوربین DSLR در بین رقبا!,2,2,very_positive,very_positive,True,0,0,31,6,correct,correct
1628,شاید همگان انتظار داشتند همان گونه که در نسل چهارم نسبت به نسل سوم گوشی‌های اپل، طراحی آن دست‌خوش تغییرات عمده ای گشت، در مورد نسل جدید نیز این اتفاق بی افتد که این‌گونه نشد.,0,0,neutral,neutral,True,0,0,174,35,correct,correct
5218,اسپیکرهای این نوت‌بوک بزرگتر از اسپیکرهای معمولی موجود بر روی نوت‌بوک‌ها هستند و در زیر نمایشگر قرار گرفته‌اند.,0,0,neutral,neutral,True,0,0,111,18,correct,correct
4473,البته مانند سایر گوشی‌های 3.3 اینچی، تایپ کردن با این گوشی به خصوص در حالت عمودی نیاز به کمی تمرین دارد ولی هنگامی که گوشی را به حالت افقی می‌برید، تایپ کردن بسیار راحت و لذت بخش می‌شود.,1,1,positive,positive,True,0,0,186,38,correct,correct
9246,پیش از این سونی این مشکل را در دوربین های SLT حل کرده بود و با استفاده از یک آینه ی ثابت نیمه شفاف کاری می کرد که نور هم به سنسور تصویر و هم سنسورهای AF برسد.,1,1,positive,positive,True,0,0,158,38,correct,correct
12625,گوشی خیلی عالی هست .,2,2,very_positive,very_positive,True,0,0,20,5,correct,correct
6241,نسبت به پولش واقعا کارایی داره.,1,1,positive,positive,True,0,0,31,6,correct,correct
2729,در کل، از نظر طراحی و کیفیت ساخت این تبلت می‌توان گفت که بسیار مناسب و رضایت بخش بود و ما را راضی نمود.,2,2,very_positive,very_positive,True,0,0,103,24,correct,correct
10064,سه عدد پورت USB بر روی لبه های کناری این لپ تاپ ها تعبیه شده است، که بسته به مدل دستگاه، می توانند از نوع USB 2.0 یا USB 3.0 باشند.,0,0,neutral,neutral,True,0,0,131,31,correct,correct
9267,این دوربین آپشنی به نام Multi Shot Noise Reduction دارد که از طریق منوی High ISO Speed NR قابل انتخاب است.,0,0,neutral,neutral,True,0,0,106,21,correct,correct
13063,تنها دکمه ی فیزیکی دیگری که بر روی دستگاه می بینیم در قسمت لبه ی بالایی دستگاه قرار دارد و مربوط به روشن و خاموش کردن نمایشگر می باشد.,0,0,neutral,neutral,True,0,0,134,29,correct,correct
4282,• پورت‌ها و اتصالات بر روی لبه پایینی iPod Touch، بلندگو، جک هدفون 3.5 میلی‌متری و درگاه جدید آذرخش قرار دارند.,0,0,neutral,neutral,True,0,0,111,21,correct,correct
10685,باتریش در حد متوسطه و با توجه به گوشی نمیشه گفت سونی از یک باتری قدرتمند استفاده کرده.,-1,1,negative,positive,False,2,2,86,18,distant_class_error,predicted_more_positive
1854,اول اینکه با وجود یکسان بودن تقریبی قیمت در خارج از ایران GS3 و I5 اینجا اختلاف چشمگیری دارن..,0,-1,neutral,negative,False,-1,1,94,19,adjacent_class_error,predicted_more_negative
11049,وقتی خریدید به یاد حرف من میوفتید که این اس پن اصلا کاربرد برای ما نداره!,-1,-1,negative,negative,True,0,0,73,16,correct,correct
2583,من این دوربین رو حدود یک ماه پیش از دیجی کالا خریدم حقیقتا قبل از خرید با توجه به مشخصاتش روی کاغذ انتظار یه دوربین نیمه حرفه ای و با کیفیت بالا رو داشتم ولی متاسفانه بعد از اینکه تجربه استفاده ازش رو پیدا کردم نسبت بهش سرد شدم.,-1,-1,negative,negative,True,0,0,228,49,correct,correct
5351,با وجود سیم کارت این تبلت تمامی امکانات اینترنتی رو که شما احتیاج دارید بطور پیش فرض داره و یقین کنید این امکانات بهترین در نوع خودشون هست چون گوگل خودش اینا رو بهینه کرده و پشتیبانی میکنه .,1,1,positive,positive,True,0,0,190,39,correct,correct
10208,ولی اگه میخواین که سرعت بالاتری موبایلتون داشته باشه صفحه نمایش کمتر مفید تر هست.,1,1,positive,positive,True,0,0,81,15,correct,correct
4168,وقتی چند گیگ بازی و برنامه تو مموری بریزید یکم سرعت منو برنامه های میاد پایین.,-1,-1,negative,negative,True,0,0,78,16,correct,correct
10479,صدای اسپیکر خروجی واکمن و مکالمه اش و هدفونش عالیه درمجموع ازخریدم راضیم.,2,2,very_positive,very_positive,True,0,0,73,13,correct,correct
3540,جمع بندی در نهایت به راحتی می‌توان گفت که Galaxy S III یکی از بهترین گوشی های اندرویدی ساخته شده تا به این تاریخ است.,2,2,very_positive,very_positive,True,0,0,117,25,correct,correct
8540,ضمنا کارت حافظه پیشنهادی آن برای ذخیره عکس خیلی زیاد است و قیمت دوربین را بالا برد,0,0,neutral,neutral,True,0,0,82,17,correct,correct
750,وقتی لپ تاپ پلاگین هست، و بسته باشه ، اگه به آرامی دستی روش کشیده بشه یه حالت وجود برق احساس میشه .,0,-1,neutral,negative,False,-1,1,99,23,adjacent_class_error,predicted_more_negative
8682,باتری قوی پردازنده دو هسته ای و دو سیم کارته بودن و گارانتی دو سالش خیلی برجسته تر از امکانات دیگش هست.,1,1,positive,positive,True,0,0,103,22,correct,correct
6900,هرجور بازی و برنامه ای که دلتون بخواد اجرامیکنه سرعت گوشی انقدر زیاده که تصورشم برای آدم مشکله.,2,1,very_positive,positive,False,-1,1,95,18,adjacent_class_error,predicted_more_negative
4226,کیفیت صدا و پخش اون خوبه.,1,1,positive,positive,True,0,0,25,6,correct,correct
11386,حافظه داخلیش هم به نظر من کافی ، کسی که زیاد فیلم دوست داره نگاه کنه مشکل بر می خوره فقط یه نکته که لوازم جانبیش گیر نمی آد.,0,-1,neutral,negative,False,-1,1,124,29,adjacent_class_error,predicted_more_negative
5951,نخستین و مهم ترین آن‌ها مود عکاسی کاملا اتوماتیک intelligent Auto می‌باشد.,1,0,positive,neutral,False,-1,1,74,12,adjacent_class_error,predicted_more_negative
9809,همانند تقریبا همه ی دوربین های سونی، این دو دوربین نیز علاوه بر کارت های حافظه ی SD از کارت های حافظه ی Memory Stick Duo هم پشتیبانی می کنند.,0,0,neutral,neutral,True,0,0,141,30,correct,correct
7515,اگه یه گرافیک یه گیگ داشت دیگه حرف نداشت !,-1,1,negative,positive,False,2,2,42,10,distant_class_error,predicted_more_positive
8812,طراحی زیبا و باریک این گوشی، در کنار سخت افزار مناسب و سیستم عامل اندروید و البته دوربین 8 مگاپیکسلی و صفحه نمایش 4.3 اینچی با کیفیت آن، Optimus L7 II را به نماینده ای شایسته برای گوشی‌های خانواده L کمپانی ال‌جی تبدیل نموده است که با توجه به قیمت مناسب آن، گوشی مقرون به صرفه ای به شمار می‌رود.,1,1,positive,positive,True,0,0,294,60,correct,correct
10830,این عالیه.,2,2,very_positive,very_positive,True,0,0,10,2,correct,correct
11812,قیمتش نسبت به امکاناتش خیلی کمه..,2,-1,very_positive,negative,False,-3,3,33,6,distant_class_error,predicted_more_negative
12566,عمل ویرایش بسیار سریع بود و شما می‌توانید بوسیله‌ی آن کارهای ساده ای چون بریدن یک کلیپ به دو قطعه‌ی مجزا را به راحتی انجام دهید.,1,1,positive,positive,True,0,0,128,26,correct,correct
2896,دقت بالای این صفحه نمایش، زمانی کاملا مشخص می‌شود که به مرورگری اینترنت پرداخته یا فایل‌های متنی را مشاهده کنید.,0,0,neutral,neutral,True,0,0,112,20,correct,correct
5591,سونی از اینترفیس خود بر روی آن استفاده کرده و نمی‌دانیم چرا این قدر سعی داشته که آن را به اندروید نسخه‌ی نان زنجبیلی شبیه کند!,-1,0,negative,neutral,False,1,1,126,26,adjacent_class_error,predicted_more_positive
2270,سلام واقعا اچ تی سی گل کاشت ، این گوشی فوق العادست ، یکی از قدرتمند ترین برند ها اچ تی سی است,2,2,very_positive,very_positive,True,0,0,93,23,correct,correct
8686,گوشی خیلی شیکو باریکه کیفیت صفحه هم خیلی خوبه.,2,2,very_positive,very_positive,True,0,0,46,9,correct,correct
11831,آنتن دهی مناسب.,1,1,positive,positive,True,0,0,15,3,correct,correct
3800,دوربین داخلی با قابلیت تشخیص چهره به شما اجازه می‌دهد تا بدون نیاز به تایپ کردن شناسه یا اسم رمز وارد Smart Hub یا سایر اشتراک‌های شخصی خود شوید.,0,1,neutral,positive,False,1,1,145,29,adjacent_class_error,predicted_more_positive
3659,در کل، با یک تبلت جدید آشنا شدیم که به گفته مایکروسافت قرار بود جای لپ تاپ را نیز برای کاربر بگیرد.,0,0,neutral,neutral,True,0,0,99,22,correct,correct
11894,از دیگر قابلیت‌های آن فوکوس لمسی می‌باشد، بدین ترتیب بر روی هر سوژه‌ای که خواستید فوکوس شود کافی است که از طریق نمایشگر بر روی آن لمس کنید.,1,0,positive,neutral,False,-1,1,139,28,adjacent_class_error,predicted_more_negative
10624,یه پیشنهاد میکنم به اونایی که این گوشیو دارن حتما آپدیت کنید(اندرید 4.1.2 با حجم حدودن 233از Update center) تا از مصرف باتری حدودن 2 برابر و بسیاری اشکالات که رفع شده و امکاناتی که اضافه شده از جمله قابلیت عکس برداری هنگام فیلم برداری چه دوربین جلو و چه دوربین عقبش، بهبود سرعت گوشی، دوربین خیلی خیلی بهتر از قبل شده، گوشی کمتر از قبل داغ می کند هنگام بازی های hdمثل mosvanted، و از همه بهتر افزایش کیفیت و صدای اسپیکر که خیلی عالی شده.,2,1,very_positive,positive,False,-1,1,436,87,adjacent_class_error,predicted_more_negative
2613,خودم از دیجی کالا خریدمش بسیار با کیفیت به دستم رسید,2,2,very_positive,very_positive,True,0,0,52,11,correct,correct
6118,انحناهای ایجاد شده روی این کنسول نیز به جلوه ظاهری آن افزوده است.,1,1,positive,positive,True,0,0,65,13,correct,correct
1583,نکته بسیار مفید این برنامه قابلیت به روز رسانی آن با تقویم فیسبوکتان است که خیلی از مواردی که خودتان هم یادتان نباشد را به شما یاد آوری می‌کند.,1,2,positive,very_positive,False,1,1,143,29,adjacent_class_error,predicted_more_positive
8549,دوربینشم خوب و با کیفیت خوبیه مخصوصا دوربین جلو که با این که vga هست در حد 2 مگاپیکسل یا بیشتر عمل میکنه ضبط صداش هم خوبه باتریش هم حتی از بعضی از تبلت ها میلی آمپر بالاتری داره .,1,1,positive,positive,True,0,0,179,40,correct,correct
10637,از این گوشی حرفه ای تر ندیدم .,2,2,very_positive,very_positive,True,0,0,30,8,correct,correct
10382,ابزار OStoGO به شما این امکان را می دهد که بتوانید DVD ویندوز 7 خود را از روی دیسک به دستگاه های ذخیره سازی قابل حمل ADATA منتقل کنید.,0,0,neutral,neutral,True,0,0,134,29,correct,correct
6236,البته به واقع رزولوشن صفحه نیز در کارهای عادی روزمره به چشم نمی‌آید و قابل گذشت است.,1,0,positive,neutral,False,-1,1,84,17,adjacent_class_error,predicted_more_negative
12981,البته می توان گفت که کیفیت چاپ عکس نیز بی نقص نیست.,-1,1,negative,positive,False,2,2,51,12,distant_class_error,predicted_more_positive
10595,• سخت افزار داخلی و باتری همان‌طور که در ابتدا گفتیم، تمام مدل‌های سری G585 از چیپ های AMD Fusion استفاده می‌کنند.,0,0,neutral,neutral,True,0,0,114,22,correct,correct
6864,کیفیت ساخت.,0,2,neutral,very_positive,False,2,2,11,2,distant_class_error,predicted_more_positive
12674,واسه اجرای بازی ها هم خیالتون راحت باشه، کم نمیاره.,1,1,positive,positive,True,0,0,51,10,correct,correct
12521,از نظر ارتباطات بی‌سیم نیز این گوشی به 802.11n WiFi Radio، Quad-Band HSUPA و Bluetooth نسخه‌ی 2.1 مجهز شده است.,1,0,positive,neutral,False,-1,1,111,20,adjacent_class_error,predicted_more_negative
10262,واقعا فوق‌العادست,2,2,very_positive,very_positive,True,0,0,17,2,correct,correct
3405,در خصوص استفاده از اپلیکیشن هایی که ممکن باشد موجود نباشد هم باید بگویم که اصلا چنین چیزی ممکن نیست چرا که در حال حاضر بر روی استور مایکروسافت بیش از 170 هزار اپلیکیشن موجود است و من خودم بدون پرداخت یک ریال توانستم تمامی خواهشهای خودم را که حتی نتوانسته بودم بر روی آیفون فایو بدست بیاورم را در این گوشی بدست آورم.,0,0,neutral,neutral,True,0,0,315,64,correct,correct
84,با گذاشتن دوربین بر روی این مود، کافیست که برای گرفتن عکس آن را به سوی سوژه نشانه بروید و دکمه‌ی شاتر را بفشارید تا دوربین خود نوع صحنه، شرایط نوری و دیگر موارد را بسنجد و تنظیمات را بر روی بهترین حالت قرار دهد تا با کیفیت‌ترین عکس بدست آید.,1,2,positive,very_positive,False,1,1,241,51,adjacent_class_error,predicted_more_positive
1835,نکته دوم به طرز ساخت و خط تولید این گوشی بر می گردد که فکر نکنم هیچ کمپانی در دنیا دارای یک همچین خط تولیدی باشد.,0,-1,neutral,negative,False,-1,1,113,26,adjacent_class_error,predicted_more_negative
2924,هنگامی که داک کیبورد را به دستگاه متصل کردیم، این میزان به بیش از 13 ساعت افزایش داد که نه تنها میزان بی نظیریست، بلکه Infinity را در صدر جدول بهترین شارژ دهی قرار داد.,1,1,positive,positive,True,0,0,168,35,correct,correct
9340,حساسیت آن نیز فقط تا 1600 بالا می رود که کاملا معمولیست.,0,1,neutral,positive,False,1,1,56,12,adjacent_class_error,predicted_more_positive
10452,و این که نسبت به قیمتش چیزی به جز این انتظار نمی ره,-1,1,negative,positive,False,2,2,51,13,distant_class_error,predicted_more_positive
12284,فیلم برداریش عالیه و کیفیت عکسش هم راضیتون میکنه.,2,1,very_positive,positive,False,-1,1,49,9,adjacent_class_error,predicted_more_negative
5843,) داره.,0,0,neutral,neutral,True,0,0,7,2,correct,correct
345,شفافیت صدا بسیار خوب بوده و بلندی صدا نیز مناسب است.,2,2,very_positive,very_positive,True,0,0,52,11,correct,correct
848,یه کم نگران کننده است!,0,0,neutral,neutral,True,0,0,22,5,correct,correct
2373,سلام  گوشیه خوبی میتونه باشه اما نسبت به قیمتش نمی ارزه، خواهشا دوستان تعصبی قضاوت نکنین نگین که از گوشیه .,-1,1,negative,positive,False,2,2,107,21,distant_class_error,predicted_more_positive
10534,این سخت افزار، برای اجرای اکثر دستورات کاربر کافیست.,1,0,positive,neutral,False,-1,1,52,9,adjacent_class_error,predicted_more_negative
6496,این هارد که الان پیشنهاد ویژه شده.,0,0,neutral,neutral,True,0,0,34,7,correct,correct
12977,در تست های کیفیت اما نتایج خوبی بدست آمد.,1,0,positive,neutral,False,-1,1,41,9,adjacent_class_error,predicted_more_negative
1617,در کل به قیمتش می ارزه,1,1,positive,positive,True,0,0,22,6,correct,correct
10390,سامسونگ و الجی همیشه بهترینن.,1,-1,positive,negative,False,-2,2,29,5,distant_class_error,predicted_more_negative
10469,خیلی عالی و خوبه!,2,2,very_positive,very_positive,True,0,0,17,4,correct,correct
6732,بدین صورت که برای عکاسی با آن کافیست که دوربین را به سمت سوژه نشانه بروید و دکمه ی شاتر را بفشارید تا بهترین و با کیفیت ترین عکس گرفته شود.,2,2,very_positive,very_positive,True,0,0,139,31,correct,correct
3902,این دوربین حتی قطب نمای دیجیتال داخلی هم دارد که به شما می‌گوید عکس شما در چه جهتی گرفته شده است!,0,0,neutral,neutral,True,0,0,97,21,correct,correct
11498,به علاوه شیشه استفاده شده در قاب پشتی گوشی، استحکام بالایی در برابر ضربه نداشته و به همین دلیل کاربران Nexus 4 باید در نگهداری از آن بیشتر دقت کنند.,-1,0,negative,neutral,False,1,1,148,30,adjacent_class_error,predicted_more_positive
8851,من حدود 1 هفته هست که این مدل دوربین رو خریدم.,0,0,neutral,neutral,True,0,0,46,11,correct,correct
7810,همچنین یک دوربین 1.2 مگاپیکسلی برای مکالمات تصویری در قسمت جلویی آیپد مینی قرار دارد که کیفیت راضی کننده ای دارد.,1,2,positive,very_positive,False,1,1,113,21,adjacent_class_error,predicted_more_positive
1261,تو منوی اینفوی گوشی حافظه داخلی را زده 1.4گیگابایت و در دسترس را 1.3,0,1,neutral,positive,False,1,1,68,14,adjacent_class_error,predicted_more_positive
13049,آیپاد تاچ برای کسانی که توانایی مالی برای خرید آیفون را ندارند بسیار وسیله ی خوبی است شما با هزینه خیلی کمتری میتوانید از امکانات بسیار خوب اپل استفاده کنید.,2,2,very_positive,very_positive,True,0,0,157,30,correct,correct
10829,در کل در این رنج قیمت انتخاب به جا و مناسبی می باشد.,1,1,positive,positive,True,0,0,52,13,correct,correct
12677,لازم به ذکره که نباید خودمون به صورت دستی بعد از root کردن گوشیمون به روز رسانی رو انجام بدیم.,0,0,neutral,neutral,True,0,0,94,20,correct,correct
7434,همچنین سه دکمه‌ی PDF نیز مشاهده می‌شوند که یکی از آن‌ها برای اسکن رنگی، یکی دیگر برای اسکن سیاه و سفید و دیگری هم دکمه‌ی Custom است.,0,0,neutral,neutral,True,0,0,132,27,correct,correct
4751,باقی خرده مشکلات واسه هر گوشی هست.,0,0,neutral,neutral,True,0,0,34,7,correct,correct
104,در قسمت لبه‌ی سمت راست دوربین کاوری لاستیکی دیده می‌شوند که پورت‌های این دوربین زیر آن قرار گرفته‌اند.,0,0,neutral,neutral,True,0,0,102,18,correct,correct
12510,در قسمت پایین دستگاه میکروفون، اسپیکر و پورت 30-Pin Dock Connector دیده می‌شوند.,0,0,neutral,neutral,True,0,0,80,13,correct,correct
10439,کمینه‌ی سرعت شاتر این دوربین 8 ثانیه است که می‌تواند کمی برای عکاسی در شب کم باشد.,-1,1,negative,positive,False,2,2,82,17,distant_class_error,predicted_more_positive
7352,بعلاوه از عملکردهای چند لمسی چون Pinch to Zoom هم پشتیبانی می‌کند.,1,1,positive,positive,True,0,0,66,12,correct,correct
2128,ایفون فایو یک سوپر اسمارتفون فوق العاده است تاچ بی نظیر صفحه نمایش عالی باتری مناسب سیستم عامل بسیار عالی امکانات فراوان که به زندگی معنایی دیگه می بخشه از همه مهم تر اعتبارش اما قبول کنید که حداقل نیمی از کاربرد هاش تو ایران بی فایده است به علاوه الآن تو ایران اندروید خیلی پیشرفت کرده و جایگزین جاوا شده حالا انتخاب با خودتان است اما به نظر شخصی من اس3 یا نوت 2 برای ما ایرانی ها بهتر است یا هر گوشی دیگری *یا نهایت احترام به اپلی ها*سپاس,1,2,positive,very_positive,False,1,1,440,91,adjacent_class_error,predicted_more_positive
4659,یه کم بد طراحی شده که با گذاشتن گوشی تو محافظ سیلیکنونی مشکلش حل میشه.,0,1,neutral,positive,False,1,1,70,15,adjacent_class_error,predicted_more_positive
4640,همین .,0,0,neutral,neutral,True,0,0,6,2,correct,correct
4,به هر صورت معمولا چیزی که بیشتر کاربران از پرینتری پر کار در این سطح قیمت برای خانه و یا دفتر کار انتظار دارند، تولید پرینت های با کیفیت بالا، با سرعت زیاد و البته هزینه‌ی نگهداری پایین است.,2,-1,very_positive,negative,False,-3,3,190,39,distant_class_error,predicted_more_negative
581,دسته دوم مدل‌های حرفه ای تر هستند که از کارت گرافیک مجزای AMD مدل HD 7650M استفاده می‌کنند که قدرت پردازشی بسیار بالایی دارد.,0,2,neutral,very_positive,False,2,2,125,24,distant_class_error,predicted_more_positive
4414,به همین دلیل تجربه اینترنتی این تبلت با یک کامپیوتر رو-میزی برابر است.,0,0,neutral,neutral,True,0,0,70,13,correct,correct
10413,با ابعاد 122X93X100 میلی متر و وزن 510 گرم، تقریبا هم قد و قواره‌ی یک دوربین DSLR سطح مبتدی مثل Canon EOS 600D می‌باشند.,0,0,neutral,neutral,True,0,0,120,24,correct,correct
6925,به جرئت میگم در حال حاضر این قدرتمندترین دستگاه قابل حمل موجود بر پایه معماری ARM هست.,1,1,positive,positive,True,0,0,86,17,correct,correct
4264,فارسیش هم عالیه این گوشی تازه اومده.,2,2,very_positive,very_positive,True,0,0,36,7,correct,correct
2993,فکر می کنم بهترین تبلت تو دنیا باشه.,1,2,positive,very_positive,False,1,1,36,8,adjacent_class_error,predicted_more_positive
11374,پس از آن هم به دوربین‌های فول فریم گران قیمت‌تر مانند 5D می‌رسیم.,0,0,neutral,neutral,True,0,0,65,13,correct,correct
6487,چه شانسی آوردم خریدم I love U digi kala,1,0,positive,neutral,False,-1,1,39,9,adjacent_class_error,predicted_more_negative
12194,واقعا بی‌نظیره، من اگر بازم بخواهم دوباره هارد اکسترنال بگیرم انتخابم همین مارک و مدل هست، واقعا سرعت بالا آمدنش عالیه مثل فلش مموری، امنیتش که خیلی برام مهم بود یکی دیگر از مزیتاشه با یک پسورد مطمئن تمام اطلاعات شما حفظ میشه و در کل الان 6 ماهه که گرفتم و ازش راضی هستم ممنون از سایت خوب دیجی کالا,2,2,very_positive,very_positive,True,0,0,298,61,correct,correct
8051,"این دوربین هم از مودهای عکاسی کاملا حرفه‌ای P, A, S, M که امکان کنترل دستی نوردهی و دیگر پارامترهای عکاسی را به شما می‌دهند و برای عکاسان حرفه‌ای‌تر یا کسانی که می‌خواهند خلاقانه‌تر عکاسی کنند لازم است، بهره می‌برد.",2,1,very_positive,positive,False,-1,1,215,40,adjacent_class_error,predicted_more_negative
3924,به نظر من نداشتن کفشک فلاش نقص برای کاربران معمولی و کاربران نیمه حرفه ای نیست.,1,-1,positive,negative,False,-2,2,79,16,distant_class_error,predicted_more_negative
1555,البته تراکم پیکسلی 189ppi آن در مقایسه با تبلت های برتر دنیا مقداری پایین‌تر است و جزو بهترین‌ها نیست.,-1,1,negative,positive,False,2,2,102,19,distant_class_error,predicted_more_positive
5052,به طوری که به فرض بازی‌هایی که در قاره‌ی امریکا به فروش می‌رسند فقط برروی کنسول‌هایی که در آن قاره خریداری شده‌اند اجرا می‌شوند.,0,0,neutral,neutral,True,0,0,128,24,correct,correct
9271,نمایشگر دقیقا همان ابعاد و رزولوشن مدل پیشین را دارد و به همان صورت از نوع چرخنده می باشد.,1,0,positive,neutral,False,-1,1,90,19,adjacent_class_error,predicted_more_negative
3323,وزن کلی این دوربین 1.3 کیلوگرم می باشد.,0,0,neutral,neutral,True,0,0,39,8,correct,correct
9471,در قسمت پشتی دوربین هم نمایشگر 3 اینچی 230000 پیکسلی قرار گرفته که عمل کادر بندی و سپس تماشای تصاویر گرفته شده را می توانید از طریق آن انجام دهید.,0,0,neutral,neutral,True,0,0,146,30,correct,correct
1063,طبق ادعایی که خود پاناسونیک کرده، سرعت فوکوس خودکار این دوربین حدود 28 درصد بیشتر از مدل پیشین می‌باشد.,0,0,neutral,neutral,True,0,0,103,19,correct,correct
5135,در بدو ورود اولین xbox های 360 به بازار ایران همگام و هم زمان با سراسر دنیا و در غیاب رقیبی چون ps3 برای آن چشمهای زیادی محو تازگی و نو آوری های بکار رفته در آن بویژه دسته های بیسیم آن بود بدون اینکه صحبتی از اصطلاح سه چراغه و سرعت لود درایو دستگاه مطرح باشد تا اینکه کم کم چشم کاربر ایرانی دستگاه به سه چراغ قرمز رنگ بجای چراغ سبز پاور دستگاه روشن شد و همه چیزی که برای کاربر باقی می ماند جعبه ای سفید رنگ بود با نشان xbox که کار خاصی را انجام نمی داد!,1,0,positive,neutral,False,-1,1,453,101,adjacent_class_error,predicted_more_negative
9479,برای مثال لرزش گیر تصویر اپتیکال عملکرد خیلی خوبی دارد.,1,2,positive,very_positive,False,1,1,55,10,adjacent_class_error,predicted_more_positive
10171,*** موفق باشید***,0,0,neutral,neutral,True,0,0,17,3,correct,correct
9632,از نظر حافظه فرق نمیکنه با 4s ، جانبی.,0,0,neutral,neutral,True,0,0,38,9,correct,correct
12190,در ضمن M در رده ی بدون آینه با لنز قابل تعویض شیبه به SLR ها نبود و از نوع Range Finder است.,0,1,neutral,positive,False,1,1,92,23,adjacent_class_error,predicted_more_positive
7607,کیفیت این صفحه نمایش در بین گوشی‌های همرده آن، بسیار خوب ارزیابی می‌شود.,2,2,very_positive,very_positive,True,0,0,72,13,correct,correct
5319,و این یعنی دردسر,-1,0,negative,neutral,False,1,1,16,4,adjacent_class_error,predicted_more_positive
3537,تصاویر گرفته شده با دوربین این گوشی از کیفیت بسیار بالایی برخوردارند، جزئیات بسیار دقیق بوده، نویز تصاویر کم بوده و رنگ‌های تولید شده بسیار طبیعی هستند.,2,2,very_positive,very_positive,True,0,0,152,27,correct,correct
3124,از فلش به طور کامل پشتیبانی می‌شود و حتی صفحات اینترنتی سنگین نیز به راحتی و به سرعت باز می شوند.,2,1,very_positive,positive,False,-1,1,97,21,adjacent_class_error,predicted_more_negative
9286,همراه با 650D، کانن دو لنز جدید را معرفی کرده که هر دو از موتورهای فوکوس خودکار Linear stepper استفاده می کنند.,1,0,positive,neutral,False,-1,1,111,22,adjacent_class_error,predicted_more_negative
5130,بهتر است به پنج سال پیش برگردیم به روزی که مایکروسافت پرده از آخرین محصول مربوط به بازی های رایانه ای خود برداشت و طفل نوپای خود را بطور رسمی در تاریخ 12 مه 2005 ، در نمایشگاه سرگرمی های الکترونیکی (E3) به همگان معرفی نمود.,0,0,neutral,neutral,True,0,0,223,46,correct,correct
3936,خیلی دوربین خوبیه کیفیت عکساش عالیه .,2,2,very_positive,very_positive,True,0,0,37,7,correct,correct
6653,I.,0,0,neutral,neutral,True,0,0,2,1,correct,correct
6348,کاور پشتی این گوشی به نظر از نظر مقاومت در برابر خراش و آسیب‌های احتمالی مقاوم‌تر از کاور پشتی Galaxy S اصلی است.,1,1,positive,positive,True,0,0,113,23,correct,correct
4740,دوربین 8 مگاپیکسلی با عملکرد خوب XPERIA Ray به یک دوربین هشت مگاپیکسلی که یک فلاش LED منفرد را یدک می کشد ، مجهز است.,1,1,positive,positive,True,0,0,117,25,correct,correct
3483,همچنین اگر سرعت کپی برای شما از اهمیت بالای برخوردار است، باید به سراغ دستگاه های کپی رفته و شاید مجبور به پرداخت هزینه ای بیشتر از این باشید.,0,0,neutral,neutral,True,0,0,142,29,correct,correct
5964,این لنز در حالت واید 25 میلی متر به راحتی توانایی پوشش میدان دیدی بسیار گسترده را دارد تا بتوانید در یک کادر عکس یک چشم انداز گسترده‌ی طبیعی را بگیرید.,1,2,positive,very_positive,False,1,1,151,31,adjacent_class_error,predicted_more_positive
12809,پک عالیه من نسخه 13 رو گرفتم مفید بود.,1,2,positive,very_positive,False,1,1,38,9,adjacent_class_error,predicted_more_positive
5928,البته سونی سال پیش مدل HX100v را معرفی کرده بود ولی آن دوربین را می‌شد دوربین حرفه‌ای تری دانست که هرچند همچنان آن را جزو کامپکت‌های سوپرزوم قرار دادیم (و همچنین HX200v)، ولی در حقیقت با دستگیره‌ی بزرگ و امکانات خاص دیگری که دارد، در کلاس دیگری قرار می‌گیرد و قیمت کاملا بالاتری نیز دارد.,0,1,neutral,positive,False,1,1,288,55,adjacent_class_error,predicted_more_positive
2435,همینطور با یه Update به 4.1 Upgrade نمیشه برای اینکه مشکلی پیش نیاد توی 3 - 4 Update Upgrade میشه.2 گیگا بایت رم هم باعث میشه شما بتونین به راحتی از قابلیت Multi Tasking استفاده کنین.,0,1,neutral,positive,False,1,1,183,36,adjacent_class_error,predicted_more_positive
12815,NetFramework 3.5 به صورت پیش‌فرض برروی ویندوز ۸ است که این مشکل نیز با اضافه کردن نسخه ۲ تا ۳.,0,1,neutral,positive,False,1,1,94,20,adjacent_class_error,predicted_more_positive
9865,این گوشی قابلیت پشتیبانی ازGPRS و Edge و WLAN را داراست که به کاربر امکان مرورگری اینترنت را نیز می‌دهد.,1,1,positive,positive,True,0,0,104,20,correct,correct
5440,منی که همش بازی میکنم به دلیل کمبود حجم مموری نتونستم most wanted که 2 گیگ حجم داره رو نصب کنم ---------------------------------------------------------------------------------- کاش LG OPTIMUS 4X HD میخریدم دقیقا با همین مشخصات هم ارزونتر بود هم خوش‌دست‌تر فقط صفحه نمایش کمی کوچکتر داره اما وضوح تصویرشون یکی هست,0,-1,neutral,negative,False,-1,1,313,48,adjacent_class_error,predicted_more_negative
9143,در قسمت پایین این صفحه نمایش سه دکمه لمسی معمول HTC قرار گرفته‌اند و در قسمت بالای آن نیز سنسور های مجاورت و سنجش نور تعبیه شده‌اند.,0,0,neutral,neutral,True,0,0,132,27,correct,correct
6071,این موضوع در هنگام پرینت عکس بسیار قابل مقایسه است.,0,2,neutral,very_positive,False,2,2,51,10,distant_class_error,predicted_more_positive
6548,لازم به ذکر است که نسخه جهانی این تبلت دارای پردازنده 1.4 گیگاهرتزی و 2 گیگابایت رم می‌باشد که این نسخه وارد ایران نشده و نسخه حاضر دارای 1 گیگابایت رم و پردازنده 1.2 گیگاهرتزی است.,0,0,neutral,neutral,True,0,0,181,36,correct,correct
11462,در ضمن دوربین این گوشی بسیار عالی عمل میکند!,2,2,very_positive,very_positive,True,0,0,44,9,correct,correct
11424,چند ایراد مثل نداشتن درگاه کارت حافظه و محکم نبودن صفحه پشت گوشی ایراد های بزرگی برای این ابر گوشی نیست.,0,-1,neutral,negative,False,-1,1,104,21,adjacent_class_error,predicted_more_negative
4644,تو تمام نقدا و بنچمارکا از گوشیای دیگه که سخت افزارشون مثل این گوشیه سر تر بوده.,1,1,positive,positive,True,0,0,80,17,correct,correct
7012,البته صفحه نمایش s3 بزرگ هست اما butterfly هم چیزی کم نمیاره _ از همه چیز مهم تر زیبایی و کلاس کاری که htc حرف اول رو میزنه و فکر کنم قیمتش نسبت به samsung بهتر باشه تا الان که اینطور بوده.,1,1,positive,positive,True,0,0,189,42,correct,correct
3651,در تست‌های انجام شده، عملکرد این تبلت از نظر سرعت اجرای مرورگر و باز کردن صفحات وب، کاملا مشابه آیپد جدید و در واقع جزو برترین‌ها قرار گرفت.,1,1,positive,positive,True,0,0,140,28,correct,correct
9900,این گوشی با استفاده از سی پی یو دو هسته ای قدرتمند خود واقعآ جایی برای بحث نگذاشته است ( کارکرد روان بدون افت سرعت گوشی ) 2.,2,1,very_positive,positive,False,-1,1,124,28,adjacent_class_error,predicted_more_negative
7927,من این محصول را خریداری کردم کیفیت نمایشگر فوق‌العاده مطلوبی دارد.,1,2,positive,very_positive,False,1,1,66,11,adjacent_class_error,predicted_more_positive
7328,به علاوه بر روی کانفیگ‌های مختلف می‌توانید مقادیر حافظه‌ی RAM مختلفی از 2 تا 8 گیگابایت را و حافظه‌ی هارددیسک از 320 تا 640 گیگابایت هم بیابید.,0,0,neutral,neutral,True,0,0,143,27,correct,correct
4552,این گوشی همانطور که دی جی کالا در نقد خود گفته یکی از باریکترین و سبکترین گوشی های هوشمند است!,1,0,positive,neutral,False,-1,1,94,20,adjacent_class_error,predicted_more_negative
10920,شاید دلیل اجرا نکردن بعضی از بازی ها دیتای نامناسب و عدم سازگاری با اندروید 4 باشه.,0,-1,neutral,negative,False,-1,1,83,17,adjacent_class_error,predicted_more_negative
9010,در زیر آن پیچ اسکرول و دکمه‌ی Function/Set دیده می‌شوند که در حقیقت کنترل و رفت و آمدن بین منوها تماما باید از طریق همین پیچ انجام گیرد.,0,0,neutral,neutral,True,0,0,136,28,correct,correct
9116,قیمتش بالاست به نظرم فقط چون اسم htc روشه.,-1,1,negative,positive,False,2,2,42,9,distant_class_error,predicted_more_positive
12498,درست که امکانات بسیاری ندارد ولی به طور پیش فرض از اکثر فرمت های تصویری مانند DivX و Xvid پشتیبانی می‌کند و همان‌طور که انتظار می‌رفت Xperia V می‌تواند به راحتی ویدئوهای Full HD را پخش کند.,1,1,positive,positive,True,0,0,189,37,correct,correct
3955,عکسهایی که باهاش میگیرم فوق‌العادست.,2,2,very_positive,very_positive,True,0,0,36,5,correct,correct
11979,اما در عرض 40 دقیقه شارژ میشه.,1,0,positive,neutral,False,-1,1,30,7,adjacent_class_error,predicted_more_negative
12059,دوربین فیلم‌برداری JVC مدل GZ-MG255 به قابلیت‌های جدیدی برای کاهش نویز تصویر مجهز است.,1,1,positive,positive,True,0,0,86,14,correct,correct
795,به لطف وجود سیستم عامل اندروید، امکان شخصی سازی صفحات، اضافه کردن ویجت ها، تغییر تصاویر پس زمینه و.,0,0,neutral,neutral,True,0,0,99,19,correct,correct
12056,دوربین فیلم‌برداری GZ-MG255 از دیگر مدل‌های JVC است که کیفیت تصویری بسیار خوبی دارد.,2,2,very_positive,very_positive,True,0,0,84,14,correct,correct
8863,من 6 ماهه که این دوربین رو دارم فوق العادست و فیلم برداری کاملا با کیفیتی داره زوم 14 تو عکسهایی که میخوام بگیرم خیلی به کیفیت تصویر با زووم کمک میکنه در کل خرید این دوربین شما رو صاحب عکسها و فیلمهای با کیفیت و ماندگار میکنه,2,2,very_positive,very_positive,True,0,0,225,48,correct,correct
9359,من حدود 7 ماهه این گوشی را خریدم خیلی عالیه فقط یکم زود شارژ تمام میکنه و اونم به خاطر صفحه ی بزرگشه ولی در کل گوشی خوبیه .,1,1,positive,positive,True,0,0,123,29,correct,correct
2113,چون تو آمریکا ممنوعه دوم اینکه نرم افزار بخوای نصب کنی باید قفلش رو بشکنید (جیلبریک بشه).,0,-1,neutral,negative,False,-1,1,89,17,adjacent_class_error,predicted_more_negative
1487,من دوربین خریدم راضی هستم,1,1,positive,positive,True,0,0,25,5,correct,correct
1983,کاش اپل به جای آیفون 5 اسم این محصول رو آیفون 4ss می ذاشت یه کم عجولانه این محصول رو معرفی کرد خیلی از آپشن هایی که وعده داده بودند رو نتونستند اجرا کنند اپل تحت فشار رسانه ها بود و نتونست اون چیزی که می خواست رو اجرا کنه رزولوشن پایین طراحی ظاهری تکراری عدم بهبود مصرف باطری عدم ارتقا دوربین استفاده مجدد از هوم کی تاچ قبلی عدم تفاوت در آنتن دهی نسبت به 4s تغییر قطر تغیر اندازه صفحه نمایش صدای استریو وزن کمتر اچ دی شدن دوربین دوم و تغییرات نرم افزاری  چیزی نیست که اپل بخواد به خاطر اونا محصول جدید تولید کنه همونطوری که می دونیم کلا اپل تنوع محصولات نداره مخصوصا در زمینه گوشی کاش شرکت اپل وقت بیشتری رو صرف تولید این محصول می کرد من همه محصولات اپل از 3جی تا 4اس رو تجربه کردم گوشی 3جی با 3جی اس تفاوت زیادی نداشت گوشی 3جی اس با 4 خیلی متفاوت و شگفت انگیز بود معرفی گوشی 4اس بعد از 4 که حال همه رو گرفت خیلی انتظار می رفت که ایفون 5 غوغایی به پا کنه اما به نظر من این امر میسر نشد حالا ببینبم 5اس چی می شه.,-1,-1,negative,negative,True,0,0,911,199,correct,correct
4522,از نظر من همه چیش عالیه طراحی فوق العاده بدنه ظریف و جالب نسبت به اندازش کارایی فوق العاده است فقطه ضعف از نظر من کم بودن تعداد فرمت برای پخش فیلم که با یک برنامه پلیر حل میشه  کاراییش هم فوق العاده,2,2,very_positive,very_positive,True,0,0,198,43,correct,correct
9348,به هر صورت همانطور که گفتیم، SX500 IS دوربین نسبتا ارزان قیمت سوپرزوم دیگری از کانن است که مناسب افراد با بودجه ی کم که به توانایی زوم 30 برابر این دوربین بعلاوه ی ظاهر و امکانات عکاسی دستی آن علاقه دارند می باشد.,1,1,positive,positive,True,0,0,213,44,correct,correct
11521,Google Now و جستجوی صوتی Google نیز بهبودهای فراوانی یافته‌اند.,2,0,very_positive,neutral,False,-2,2,63,10,distant_class_error,predicted_more_negative
8335,گوشیه فوق العاده ایه اگه بشه میگیرمش همه چی تمومه فقط اگه آپدیت های اندروید براش بیاد مثل محصولات nexus همه چیش کنار فقط فیلم برداری 720p-60f/s واقعا فوق العاده ست,1,2,positive,very_positive,False,1,1,163,31,adjacent_class_error,predicted_more_positive
12996,در عین حال، لنز این دوربین با فیلترهای 46 میلی‌متری سازگار است.,1,0,positive,neutral,False,-1,1,63,12,adjacent_class_error,predicted_more_negative
386,همانند دیگر دوربین‌های هم رده، Ixus 240 HS هم دوربینی نشانه و عکس می‌باشد که اصولا در حالت اتوماتیک کار می‌کند.,0,1,neutral,positive,False,1,1,111,21,adjacent_class_error,predicted_more_positive
8561,باطریش فوق العاده است.,2,2,very_positive,very_positive,True,0,0,22,4,correct,correct
12627,موبایل خیلی خوبیه.,2,2,very_positive,very_positive,True,0,0,18,3,correct,correct
4620,و برنامه و بازی خوری مناسب .,1,1,positive,positive,True,0,0,28,7,correct,correct
2000,به نظر من اپل دیگه دوره اش سر رسیده اگر قرار به خریدن گوشی با امکانات بالا باشه اس 3 انتخاب بهتری هست و اگر هم باز قرار به خرید سیستم عامل عالی باشه باز هم آندرید بهتره و اگر کیفیت صفحه نمایش باز هم اس 3 بهتره,-1,2,negative,very_positive,False,3,3,209,48,distant_class_error,predicted_more_positive
5268,البته قابل مقایسه با جی اس پد ایکس 8 نیست اما با اینحال بنظر می آید کمپانی جی اس پد بیشتر به فکر کیفیت محصولاتشه تا سایر کمپانی های چینی.,0,1,neutral,positive,False,1,1,137,30,adjacent_class_error,predicted_more_positive
8286,سیستم لرزش گیر تصویر مکانیکی هم در شرایطی که در حال استفاده از سرعت های شاتر پایین هستید یا از زوم زیاد استفاده می‌کنید عملکرد خیلی خوبی دارد.,1,1,positive,positive,True,0,0,142,28,correct,correct
182,ولی در کل بهترین گوشیه که دیدم من که ازش راضیم,1,1,positive,positive,True,0,0,46,11,correct,correct
3169,از دیجی کالا هم نهایت تشکر رو دارم که بهترین قیمت ها رو داره.,1,2,positive,very_positive,False,1,1,61,14,adjacent_class_error,predicted_more_positive
4990,امیدوارم استفاده کرده باشید، بدرود.,0,0,neutral,neutral,True,0,0,35,5,correct,correct
9272,ولی برای نخستین بار بر روی دوربین های DSLR، 650D مجهز به نوع لمسی نمایشگر می باشد تا باز هم این دوربین برای مبتدی ها مناسب تر شود.,1,1,positive,positive,True,0,0,130,28,correct,correct
12892,ولی رو دوربینش اصلا حساب نکنید.,-2,-1,very_negative,negative,False,1,1,31,6,adjacent_class_error,predicted_more_positive
8484,یک دوربین دیگر با نام HDC-SD800 هم وجود دارد که فاقد چشمی الکترونیکی، جک هدفون و میکروفون است و فیلم های آن نیز فقط بر روی کارت حافظه‌ی SD/SDHC/SDXC ذخیره می‌شوند و حافظه‌ی داخلی ندارد.,-1,0,negative,neutral,False,1,1,185,35,adjacent_class_error,predicted_more_positive
13017,GZ-HD3 در مدت زمانی کم‌تر از دو ثانیه روشن می‌شود.,0,0,neutral,neutral,True,0,0,50,10,correct,correct
12495,حافظه داخلی این گوشی 8 گیگابایت است که البته می‌توان این حافظه را در صورت نیاز از طریق درگاه کارت حافظه microSD تا 32 گیگابایت دیگر افزایش داد.,1,1,positive,positive,True,0,0,143,28,correct,correct
1871,باید به اون دسته از دوستانی که از برنامه ی Maps به عنوان ضعف یاد میکنن بگم که میشه برنامه ی Google maps رو با حجم 10.6 MB از Appstore دانلود کرد .,0,0,neutral,neutral,True,0,0,146,33,correct,correct
2351,عالیه فقط همین,2,1,very_positive,positive,False,-1,1,14,3,adjacent_class_error,predicted_more_negative
9209,این دوربین نسبت به 600d ارزش خرید نداره مخصوصا در زمان های اولیه انتشار آن.,-1,1,negative,positive,False,2,2,75,15,distant_class_error,predicted_more_positive
6343,و در آخر اینکه از انتخابتون لذت خواهید برد و مطمئنا ناراضی نخواهید بود چون می دونم کارخانه ها هیچ چیزیو کامل تولید نمی کنن اما به راحتی می گم کسانی که از B7722 لذت بردند و یادشونه که چه گوشیه کاملی بود از این گوشی هم به همون اندازه لذت خواهند برد .,1,1,positive,positive,True,0,0,248,54,correct,correct
1025,با استفاده از GPS در هنگامی که در حال عکاسی هستید، می‌توانید نام منطقه یا محلی را که در آن قرار دارید را، به همراه عرض و طول جغرافیایی در هنگام عکاسی در قسمت زیرین تصویر نمایشگر ببینید.,0,0,neutral,neutral,True,0,0,185,38,correct,correct
4041,اغراق رنگ نسبت به مدل پیشین به طرز کاملا مشخصی کاهش پیدا کرده است.,1,2,positive,very_positive,False,1,1,66,14,adjacent_class_error,predicted_more_positive
4595,فقط دوست درین بشینین صبح تا شب به صفحه نمایشش نگاه کنین.,0,0,neutral,neutral,True,0,0,56,12,correct,correct
7369,بسته به نوع پردازنده، این نوت‌بوک‌های از پردازشگرهای گرافیکی Intel HD یا AMD Radeon سری HD 7000M استفاده می‌کنند.,0,0,neutral,neutral,True,0,0,113,19,correct,correct
4953,Bioshock و MassEffect لذت ببرید.,1,1,positive,positive,True,0,0,32,5,correct,correct
1037,البته به نظر می‌آید که اگر آن را محکم به جایی بکوبید و یا در استفاده های نا ملایم ورزشی حتما جای ضربات وارده بر روی آن بماند، ولی هیچ گاه خراب نمی‌شود.,1,-1,positive,negative,False,-2,2,151,33,distant_class_error,predicted_more_negative
5998,با خیلی ها مقایسه کردم بهتر بود,1,-1,positive,negative,False,-2,2,31,7,distant_class_error,predicted_more_negative
2344,هیچ کدوم به پای سیستم عامل آیفون هم نمی رسد چه برسد به پای صنعت استفاده شده در این گوشی .,0,0,neutral,neutral,True,0,0,89,21,correct,correct
5146,تمام پک‌ها دقیقا یک نوع کنسول و با قدرت کاملا یکسانی را دارا هستند.,0,0,neutral,neutral,True,0,0,67,14,correct,correct
4750,به نظر من تنها مشکلش که به چشم میاد اینه که فلش خودکار نداره، یعنی جای خالیش حس میشه.,-1,-1,negative,negative,True,0,0,85,19,correct,correct
5037,واحد پردازش صوتی واحد پردازش صوتی در کنسول XBOX 360 از دقت ۴۸ کیلوهرتز شانزده بیت، در هنگام پخش فایل های صوتی پشتیبانی می‌کند.,0,0,neutral,neutral,True,0,0,126,24,correct,correct
3198,آنچه که در نقد این تبلت می نویسم صرفا تجربه شخصی است.,0,0,neutral,neutral,True,0,0,53,12,correct,correct
6119,وزن Xbox 360 Slim نیز مقداری از Xbox 360 کمتر شده است.,1,0,positive,neutral,False,-1,1,54,12,adjacent_class_error,predicted_more_negative
9825,این تبلت با اتصال داک کیبورد آن، تبدیل به یک نت بوک می‌گردد !,0,1,neutral,positive,False,1,1,61,14,adjacent_class_error,predicted_more_positive
2628,سری جدید دوربین های فوجی جذابیت های غیر قابل انکاری به ارمغان آورده که به سادگی نمیشه از کنار اون گذشت در واقع دوربین Fujifilm Finepix S3200 رو هم میتوان در خانواده سوپر زوم ها قرار داد و هم واید ها حسگر این دوربین با اندازه 1/2.3 اینچ - 4.55 × 6.17 میلی‌متر کیفیت قابل قبولی اونم تو این رنج قیمتی میده کیفیت رنگها ، کیفیت عکسها در حالت زوم ، کیفیت صفحه نمایش و قدرت فلاش این دوربین هم در خانواده slr like ها واقعا حرف برای گفتن داره اگر دنبال خرید یه دوربین با کاربرد راحت هستید و تمایل ندارید هزینه های بالای دوربین های slr و لنز های گران آن ، همچنین وزن سنگین و محدودیت های یک slr رو تجربه کنید Fujifilm Finepix S3200 واقعا گزینه مناسبی محسوب میشه البته اگر توی همین سبک دوربین یعنی slr like ها دنبال یه دوربین بهتر میگردید بهتره سراغ سری g شرکت کانن برید که البته حسگری جدید تر )cmos ) و البته بزرگتر رو به همراه داره .,1,1,positive,positive,True,0,0,823,170,correct,correct
3472,ولی باید توجه داشت که برای فکس، ما نیازی به رزولوشن بالاتر از این نداریم.,0,0,neutral,neutral,True,0,0,73,15,correct,correct
9322,بلکه از آن هایی که شباهت بیشتر با دوربین های رده ی Bridge چون Nikon LZ20 دارند.,0,0,neutral,neutral,True,0,0,79,17,correct,correct
11850,به همه این گوشی رو توصیه می کنم.,1,1,positive,positive,True,0,0,32,8,correct,correct
3718,یه ساله خریدم خیلی ضعیف است بازی هم که چی بگم هیچ کدوم رو باز نمیکنه,-2,0,very_negative,neutral,False,2,2,68,16,distant_class_error,predicted_more_positive
1155,آدم میترسه خراب بشه!,-1,0,negative,neutral,False,1,1,20,4,adjacent_class_error,predicted_more_positive
8789,همچنین یک پردازشگر گرافیکی Adreno 203 نیز برای اجرای بهتر پردازش‌های گرافیکی بر روی این گوشی قرار گرفته است.,0,1,neutral,positive,False,1,1,108,19,adjacent_class_error,predicted_more_positive
7849,وزن Fonepad نزدیک به 340 گرم است.,0,0,neutral,neutral,True,0,0,33,7,correct,correct
4903,شیره PS3 همه دروغ میگن!,-1,0,negative,neutral,False,1,1,23,5,adjacent_class_error,predicted_more_positive
7851,برای مثال، تبلت iPad mini با وجود داشتن صفحه نمایش 7.9 اینچی، ده درصد سبک‌تر از Fonepad می‌باشد.,0,0,neutral,neutral,True,0,0,96,18,correct,correct
9428,من میگم با این قیمت تکه من تو شهرستانم همین امروز فردا یکی میگیرم,1,0,positive,neutral,False,-1,1,65,14,adjacent_class_error,predicted_more_negative
4392,در بالای این صفحه، دوربین دوم 0.3 مگاپیکسلی قرار دارد که از آن برای مکالمات تصویری استفاده میشود.,0,0,neutral,neutral,True,0,0,97,18,correct,correct
10051,در بالای صفحه نمایش، یک وب کم TrueVision HD تعبیه شده است که می تواند با کیفیت 720p فیلمبرداری کند و در شرایط نوری مناسب، می توان تماس های تصویری با کیفیتی با آن برقرار کرد.,1,2,positive,very_positive,False,1,1,173,36,adjacent_class_error,predicted_more_positive
6640,خوشبختانه سنسور تصویر حساسیت بسیار زیادی به نور دارد و کمینه‌ی نوری 0.1 لوکس را می‌تواند ثبت کند.,2,1,very_positive,positive,False,-1,1,97,18,adjacent_class_error,predicted_more_negative
5680,برای نمونه پردازنده این تبلت نسبت به مدل سال گذشته بسیار قوی‌تر شده و هم اکنون می‌تواند ویدئوهای Full HD 1080p را به راحتی اجرا نماید.,2,1,very_positive,positive,False,-1,1,134,26,adjacent_class_error,predicted_more_negative
9737,در تست‌های انجام گرفته، عملکرد سخت افزاری این گوشی تقریبا مشابه LG Optimus L3 می‌باشد.,0,0,neutral,neutral,True,0,0,86,15,correct,correct
1435,"دوربین های A2300,A2400,A3400 و A4000 را می‌توانیم در یک دسته، و مدل های A810 و A1300 را در دسته‌ی دیگر قرار دهیم.",0,0,neutral,neutral,True,0,0,113,22,correct,correct
6680,من این دوربین رو چند وقته دارم و بسیار ازش راضی هستم.,1,2,positive,very_positive,False,1,1,53,12,adjacent_class_error,predicted_more_positive
2558,دوربین واقعا خوبیه، زمان سفارش این دوربین به خاطر نظر بعضی ازدوستان نسبت به عکسبرداری در حالت اتومات تردید داشتم.,2,1,very_positive,positive,False,-1,1,113,20,adjacent_class_error,predicted_more_negative
3017,من به شخصه به عنوان یک دانشجو از گلکسی نوت 10.1 بسیار راضی هستم.,0,2,neutral,very_positive,False,2,2,64,14,distant_class_error,predicted_more_positive
125,برای کاهش نویز هم میشه سرعت شاتر رو با زاویه نور تنظیم کرد.,1,1,positive,positive,True,0,0,59,13,correct,correct
5419,در ضمن، با وجود 32 گیگابایت حافظه داخلی، این گوشی یک مالتی مدیا پلیر نیز می‌باشد که می‌توان برای گوشی دادن به موسیقی روی آن حساب نمود.,0,1,neutral,positive,False,1,1,134,27,adjacent_class_error,predicted_more_positive
3105,GALAXY Tab 2 همانند مدل های گذشته از صفحه نمایشی هفت اینچی استفاده می کند.,0,0,neutral,neutral,True,0,0,74,15,correct,correct
9634,صفحه نمایش واقعا میبایست 0.5 اینچ فرق کنه.,-1,0,negative,neutral,False,1,1,42,8,adjacent_class_error,predicted_more_positive
6509,این هارد رو من چندروز پیش خریدم و جز خوبی چیزی نداره.,1,0,positive,neutral,False,-1,1,53,12,adjacent_class_error,predicted_more_negative
5376,قاب پشتی این گوشی با اینکه از جنس پلاستیک است، اما به علت بافت موجود بر روی آن، علاوه بر جلوه خوبی که به گوشی بخشیده است، از لیز خوردن آن از دست نیز جلوگیری می‌نماید.,1,1,positive,positive,True,0,0,166,36,correct,correct
10190,سونی لایو رو من از خرداد تا الان دارم.,0,0,neutral,neutral,True,0,0,38,9,correct,correct
853,بنده خودم وقتی می بینم که تو گوشی ها یه مدل جدیدتر از اون یکی اومده، اولین فکری که میکنم اینه که خب حتما جدیده بهتره دیگه!,0,1,neutral,positive,False,1,1,122,27,adjacent_class_error,predicted_more_positive
4446,و حتی جستجوهای زیادی که در گوگل انجام دادم متوجه شدم این مدل مشکل سوختن تصویر دارد که  مشکل در گاز صفحه نمایش می باشد.,-1,-1,negative,negative,True,0,0,118,25,correct,correct
6836,"همچنین درصورت عدم موجود بودن باتری در بازار، با یک شبیه سازی ساده ""پیل"" و هزینه نه چندان زیاد، مشکل خرابی و تعویض باتری نیز قابل حل است.",1,-1,positive,negative,False,-2,2,136,28,distant_class_error,predicted_more_negative
5184,در این 2 سال فقط در 2 مورد دستگاه هنگ کرد که با یک خاموش روشن کردن همه چیز به حالت عادی برگشت.,1,0,positive,neutral,False,-1,1,94,23,adjacent_class_error,predicted_more_negative
8652,ال جی تو این مورد عالی و کامل عمل کرده اگر فیلمبرداری full hd هم داشت دیگه بینظیر میشد,1,2,positive,very_positive,False,1,1,86,19,adjacent_class_error,predicted_more_positive
11105,قبل‌تر و در نقد و بررسی گوشی Xperia Sola در مورد قابلیت لمس شناور توضیح دادیم، بر طبق این قابلیت، شما برای اینکه به دستگاه بفهمانید که به کدام نقطه اشاره می‌کنید لازم نیست که حتما آن را لمس نمایید و با مقداری فاصله نیز دستورات را درک می‌نماید.,0,0,neutral,neutral,True,0,0,243,49,correct,correct
10993,من میخواستم از پشتیبانی و تعهد کاری دیجی کالا تشکر کنم من وقتی این تبلت رو خریدم، دکمه روشن خاموش کردن اون یکم گیر داشت و وقتی با پشتیبانی دیجی کالا تماس گرفتم پیکشون رو فرستادن تا دستگاه رو پس بفرستم.,1,1,positive,positive,True,0,0,201,41,correct,correct
2647,به طوری که ماونت لنزی کاملا جدید و همچنین لنزهایی متفاوت برای آن ساخته شده اند.,1,0,positive,neutral,False,-1,1,79,16,adjacent_class_error,predicted_more_negative
8362,من فقط از یک چیزش ناراضی هستم..,-1,1,negative,positive,False,2,2,31,7,distant_class_error,predicted_more_positive
681,من 15 شهریور خریدم.,0,0,neutral,neutral,True,0,0,19,4,correct,correct
4322,تو خریدش شک نکنید.,1,1,positive,positive,True,0,0,18,4,correct,correct
2218,در زیر صفحه نمایش، سه کلید لمس خازنی کنترلی گوشی‌های اندرویدی قرار دارد.,0,0,neutral,neutral,True,0,0,72,13,correct,correct
2088,حال قضاوت با شما.,0,0,neutral,neutral,True,0,0,17,4,correct,correct
5335,عالی ولی ای کاش sms و camera هم داشت.,1,-1,positive,negative,False,-2,2,37,9,distant_class_error,predicted_more_negative
11572,اگر قیمت مناسب داشته باشه حتما می خرم!,1,1,positive,positive,True,0,0,38,8,correct,correct
5014,۱۴ گیگابایت از فضای این هارددیسک برای کاربر قابل استفاده است، زیرا حدود ۶ گیگابایت از فضای این هارددیسک توسط نرم افزار و امکانات جانبی موجود در کنسول استفاده شده است.,0,0,neutral,neutral,True,0,0,166,31,correct,correct
5483,توصیه میشه با هندزفری مخصوصش ، یا هندزفری بلوتوثی مکالمه کنید.,0,0,neutral,neutral,True,0,0,62,11,correct,correct
7216,واقعا تبریک میگم به شرکت فوق العاده ی ایسوس .,2,2,very_positive,very_positive,True,0,0,45,10,correct,correct
2638,طراحی خوب بدنه دوربین موقع دست گرفتن دوربین واقعا حس خوبی به ادم میده روی هم رفته نسبت به قیمتش خیلی عالیه نقطه ضعفش فقط اینه که مقدار باتری رو نشون نمیده فقط وقتی باطری خالی میشه آلارم میده و اینکه باید همیشه نسبت به محیط روشن یا تاریک تنظیماتش رو عوض کنی.,1,-1,positive,negative,False,-2,2,257,53,distant_class_error,predicted_more_negative
1585,با پشتیبانی این تبلت از تمامی تکنولوژی‌های اتصال به اینترنت مانند 3G ، Wi-Fi و .,0,1,neutral,positive,False,1,1,80,16,adjacent_class_error,predicted_more_positive
417,درسته منو فارسی نداره ولی حداقل میتونین مطمئن باشین که یه دوربین ساخت ژاپن خریدین نه ساخت چین.,1,0,positive,neutral,False,-1,1,94,18,adjacent_class_error,predicted_more_negative
5358,با توجه به موارد ذکر شده و تجربه شخصی ذکر شده امید می رود دوستانی که قصد خریداری این تبلت با توانایی اعجاب انگیز سخت افزاری را دارند با توجه به حجم مورد نیاز خود اقدام به خرید نمایند.,1,0,positive,neutral,False,-1,1,183,39,adjacent_class_error,predicted_more_negative
6718,در کل به نظر می رسد که SX160 IS تا حدی از مدل پیشینش خوش تیپ تر می باشد.,1,1,positive,positive,True,0,0,72,19,correct,correct
11074,در اولین فرصت یکی میخرم.,0,0,neutral,neutral,True,0,0,24,5,correct,correct
1404,برای مثال در حال حاضر مرورگر Google Chrome، صفحه Retina را پشتیبانی نمی‌کند و همین باعث می‌شود که نه تنها ظاهر رابط کاربری برنامه، بلکه متون نیز مات نشان داده شوند به طوری که ترجیح خواهید داد که از این برنامه تا موقعی که برای صفحه Retina به روز رسانی نشود، استفاده نکنید.,-1,1,negative,positive,False,2,2,271,53,distant_class_error,predicted_more_positive
2273,دیگه حتی نیازی به مقایسه این گوشی با گوشیای دیگه نیست چون هم رده ای هم نداره.,1,-1,positive,negative,False,-2,2,77,17,distant_class_error,predicted_more_negative
7026,چون پردازنده 4 هسته ای اون تا 2.5 گیگاهرتز و رم اون هم DDR3 هستش و USB 3 داره.,1,0,positive,neutral,False,-1,1,78,19,adjacent_class_error,predicted_more_negative
11613,از رقبای اصلی این دوربین می‌توان به Canon Powershot SX40 HS، Casio EX-FH25، Fujifilm Finepix HS20 EXR، Nikon P500، Olympus SP-810 UZ و Panasonic Lumix DMC-FZ100 اشاره کرد.,0,0,neutral,neutral,True,0,0,171,28,correct,correct
3199,از مزایای p3100 می توان به سرعت پردازش بالا، کیفیت تصویر واضح با رنگ های گیرا ، عملکرد سریع حسگرها، صدای واضح و با کیفیت، ذخیره ی باتری به مدت نسبتا طولانی، قابلیت نمایش فایل های آفیس و پشتیبانی کامل از زبان فارسی و فرمت های مختلف صوتی و تصویری اشاره نمود در کنار این مزیت های می توان به دوربین ضعیف، هنگ کردن در صورت استفاده ی بلند مدت، نداشتن رابط یو اس بی، عدم وجود رادیو و ابعاد کوچک تبلت که سبب می شود بعد از مدتی احساس خستگی بکنید اشاره کرد در یک جمع بندی می توان گفت که این تبلت برای افرادی که قصد مرور اینترنت به صورت روزانه، و کارهای روزمره را دارند توصیه می شود ، ولی اگر قصد شما از خرید تبلت بازی کردن یا دیدن فیلم هست بهتر است به تبلت هایی با صفحه نمایش بزرگتر فکر کنید در هر صورت این تبلت برای کسانی توصیه می شود که قابل حمل بودن تبلت برایشان از اهمیت ویژه ای برخوردار است .,0,1,neutral,positive,False,1,1,787,169,adjacent_class_error,predicted_more_positive
6085,بسیار عالیه ، این مشکلاتی که دوستان گفتن خیلی کم پیش میاد و در صورت وقوع نهایتا با 10.000 تومان هزینه و عوض کردن قطعه (مگنت یا درام) مثل روز اولش می شه.,2,2,very_positive,very_positive,True,0,0,152,33,correct,correct
755,قبل از این ، دل داشتم inspron 6400 ، با اینکه ویندوزش ویستا بود و خیلی ضعیف، ولی هیچ وقت این مشکلات رو مشاهده نکردم .,0,0,neutral,neutral,True,0,0,117,26,correct,correct
8971,در دو طرف لنز نیز دو سوراخ کوچک دیده می‌شود که همان میکروفون‌های استریو هستند دیده می‌شوند.,0,0,neutral,neutral,True,0,0,91,17,correct,correct
9396,واقعا گوشی عالی هستش,2,2,very_positive,very_positive,True,0,0,20,4,correct,correct
5878,بهتون پیشنهاد می کنم حتما گوشی خودتون رو ارتقا بدید البته اگه تا الان این کار رو نکردین,0,0,neutral,neutral,True,0,0,87,18,correct,correct
444,اما با وجود ابعاد و رزولوشن تصویر این صفحه نمایش، تراکم پیکسلی به دست آمده معادل 246ppi می‌باشد که بسیار قابل قبول است.,1,1,positive,positive,True,0,0,119,23,correct,correct
11597,نمایشگر نیز از نوع چرخنده است.,1,0,positive,neutral,False,-1,1,30,6,adjacent_class_error,predicted_more_negative
10883,یک ماهه این تبلت رو خریدم میشه گفت هیچ کاری رو بی پاسخ نمی ذاره بنده شغلم با اینترنت هستش و دانشجوی کامپیوترم و این تبلت تمام کارهای مرتبط با کامپیوتر و مخصوصا اینترنت رو برام انجام میده,2,1,very_positive,positive,False,-1,1,186,38,adjacent_class_error,predicted_more_negative
881,ظاهری که باعث شده این دوربین شباهت بیشتری به DSLR ها پیدا کند.,0,0,neutral,neutral,True,0,0,62,13,correct,correct
4256,تو خریدش شک نکنید,0,1,neutral,positive,False,1,1,17,4,adjacent_class_error,predicted_more_positive
9287,این لنزها با لوگوی STM (Stepper Motor) مشخص شده اند.,0,0,neutral,neutral,True,0,0,52,10,correct,correct
4121,و نباید هیچ انتظاری از ان داشت.,-1,-1,negative,negative,True,0,0,31,7,correct,correct
12868,اون چیزیکه در برخورد اول احساس کردم .,0,0,neutral,neutral,True,0,0,37,8,correct,correct
6744,بسیار عالی و با‌کیفیت و بدون هیچ نقصی.,0,2,neutral,very_positive,False,2,2,38,8,distant_class_error,predicted_more_positive
10266,۳ اینچه ولی تفاوت قیمتش حدود۱۰۰است تازه لایوحافظه فلش ۲ روشه حافظه داخلی اش حدود۲برابر بیشتره فرمت های بیشتری میخونه کیفیت فیلم برداری اش HDاست دوربین دوم داره صفحه‌اش هم ضدخشه,1,0,positive,neutral,False,-1,1,176,31,adjacent_class_error,predicted_more_negative
9245,این بدین دلیل است که در این هنگام دوربین برای فوکوس خودکار از فن آوری Contrast Detection وابسطه به سنسور تصویر و نه Phase Detection وابسطه به سنسورهای AF استفاده می کند.,0,0,neutral,neutral,True,0,0,169,32,correct,correct
8379,12 مگاپیکسل کمه .,-1,-1,negative,negative,True,0,0,17,4,correct,correct
205,رفع مشکل وای فای ..,0,0,neutral,neutral,True,0,0,19,5,correct,correct
2824,خطای بشکه نیز در کمینه‌ی فاصله‌ی کانونی 25 سانتی متر خیلی خوب کنترل می‌شود و فلاش داخلی نیز با نور مناسب و عدم ایجاد اثر سرخی چشم عملکرد خیلی خوبی دارد.,2,2,very_positive,very_positive,True,0,0,152,31,correct,correct
7009,رم.,0,-1,neutral,negative,False,-1,1,3,1,adjacent_class_error,predicted_more_negative
1370,با وجود اینکه دقت بالا، نقش مهمی در کیفیت صفحه نمایش بازی می‌کند، تکنولوژی‌های دیگر استفاده شده در صفحه نمایش Retina MacBook Pro باعث شده است که کیفیت صفحه نمایش این لپ‌تاپ، با اختلاف زیاد از تمام لپ‌تاپ‌های موجود در دنیا تا به این تاریخ بیشتر شود.,1,1,positive,positive,True,0,0,248,47,correct,correct
5707,در قسمت بالای نمایشگر، سنسور سنجش نورمحیطی و دوربین جلویی، و در قسمت زیر نمایشگر دو دکمه‌ی لمسی آندرویدی دیده می‌شود.,0,0,neutral,neutral,True,0,0,117,21,correct,correct
8618,این گوشی از هر لحاظ برای من عالی بود برای خرید.,1,2,positive,very_positive,False,1,1,47,11,adjacent_class_error,predicted_more_positive
6650,کمینه‌ی نسبت کانونی آن نیز f/1.8 می‌باشد.,0,0,neutral,neutral,True,0,0,41,7,correct,correct
11571,یکی از بهترین مدلهای که قرار به زودی بیاد!,1,2,positive,very_positive,False,1,1,42,9,adjacent_class_error,predicted_more_positive
604,من این لپ تاپ رو قبل عید از همین سایت خریدم.,0,0,neutral,neutral,True,0,0,44,11,correct,correct
10528,این صفحه نمایش تصاویر را با رزولوشن 320×480 پیکسل نمایش می‌دهد و تراکم پیکسلی بسیار خوب 165ppi را تولید می‌نماید.,1,1,positive,positive,True,0,0,113,20,correct,correct
11986,من بعد یک ماه بررسی این گوشیو خریدم قبلا هم سامسونگ Ace داشتم.,0,0,neutral,neutral,True,0,0,62,13,correct,correct
4095,این گوشی واقعا عالیه .,2,2,very_positive,very_positive,True,0,0,22,5,correct,correct
5539,و در بین این دو ورودی کابل Micro USB / شارژر قرارداده شده که دارای درب کشویی بسیار شکیل و جذابی هستش.,2,0,very_positive,neutral,False,-2,2,101,22,distant_class_error,predicted_more_negative
2595,و اگه داشته باشین به نسبت به قیمتش عالیه.,2,1,very_positive,positive,False,-1,1,41,9,adjacent_class_error,predicted_more_negative
12945,شما می‌توانید برای هر تماس انتخاب کنید که از کدام سیم کارت استفاده کنید.,0,0,neutral,neutral,True,0,0,72,14,correct,correct
8,ابعاد آن 415 x 265 x 250 میلی متر می‌باشد و وزن آن نیز به حدود 7 کیلوگرم می‌رسد که وزنی نسبتا کم محسوب می‌گردد.,1,1,positive,positive,True,0,0,111,25,correct,correct
1432,"البته در سری سال 2012 که شامل 6 دوربین A2300, A2400, A3400, A400, A810 و A1300 می‌شوند؛ پیشرفت های خیلی خوبی صورت گرفته تا ارزش بالایی در برابر قیمت خود داشته باشند.",1,2,positive,very_positive,False,1,1,165,32,adjacent_class_error,predicted_more_positive
280,من خریدم ازش خیلی راضیم,2,2,very_positive,very_positive,True,0,0,23,5,correct,correct
8370,به نظر بنده زوم مهم نیست sx40 رو خریداری کردم فکر میکنم سرتر باشه باید دید تو عمل چیکار میکنه,0,0,neutral,neutral,True,0,0,93,20,correct,correct
2231,این وسیله توسط درگاه HDMI به تلویزیون شما متصل شده و به شما این امکان را می‌دهد که هر آنچه که بر روی گوشی خود می‌بینید، به صورت بی سیم بر روی تلویزیون نیز مشاهده کنید.,0,0,neutral,neutral,True,0,0,167,36,correct,correct
466,این گوشی، با سخت افزار مناسب، صفحه نمایش بسیار خوب و طراحی زیبای خود، هر کاربر علاقمند به سیستم عامل ویندوز فون را وسوسه می‌نماید که یکی از آن خریداری کند.,2,2,very_positive,very_positive,True,0,0,155,31,correct,correct
1054,ولی به هر صورت از آن جایی که یک دوربین Point to Shoot می‌باشد، مجهز به مود عکاسی intelligent Auto نیز می‌باشد.,0,0,neutral,neutral,True,0,0,110,22,correct,correct
167,این گوشی، دارای گواهی PlayStation است که مسلما توجه علاقه مندان به بازی ها را به خود جلب خواهد کرد و همچنین سخت افزاری که این گوشی را تغذیه می کند به قدری عالیست که کاربران را متحیر خواهد کرد.,1,2,positive,very_positive,False,1,1,192,40,adjacent_class_error,predicted_more_positive
3131,فیلم های گرفته شده با این تبلت جزئیات قابل قبولی را نشان داده و از کیفیت صوتی بسیار مناسبی برخوردارند.,2,1,very_positive,positive,False,-1,1,102,20,adjacent_class_error,predicted_more_negative
2708,البته من خودم امیدوارم نسخه ی بعدیش هم به اندازه X-pro1 خوش عکس باشه .,0,0,neutral,neutral,True,0,0,70,15,correct,correct
8398,به طوری که میدان دید 1.7 درجه در محور X و 1.14 درجه در محور Y را پوشش دهد.,0,0,neutral,neutral,True,0,0,74,19,correct,correct
10992,فکر کنم تبلت بسیار خوبی است میخوام یکی از اونو بخرم,2,2,very_positive,very_positive,True,0,0,51,11,correct,correct
62,به هر صورت همانطور که گفتیم، ZS6 دوربین نسبتا ارزان قیمت خیلی خوبیست که امکانات خوب را در برابر قیمت مناسب ارائه می کند.,2,1,very_positive,positive,False,-1,1,120,24,adjacent_class_error,predicted_more_negative
10193,به طوریکه شما میتونید روی اون حتی برای بازی های اچ دی حساب کنید.,1,0,positive,neutral,False,-1,1,64,14,adjacent_class_error,predicted_more_negative
5010,قابلیت جالبی که در این نوع گیم پد وجود دارد، هماهنگی آن با تمام دستگاه‌های مجهز به USB و سیستم عامل ویندوز XPاست که این موضوع امکان استفاده از آن را روی کامپیوتر امکان پذیر می‌سازد.,1,0,positive,neutral,False,-1,1,181,36,adjacent_class_error,predicted_more_negative
9316,در حقیقت می‌توان به جرات گفت که کمتر تبلتی در بازار وجود که دوربینی به خوبی دوربین Stylistic داشته باشد.,2,1,very_positive,positive,False,-1,1,104,20,adjacent_class_error,predicted_more_negative
5078,هم‌چنین، داشبورد (محیط سیستم عامل گرافیکی کنسول) نیز کاملا انگلیسی است.,0,0,neutral,neutral,True,0,0,71,11,correct,correct
5545,وارد منوی Messages شدم و با استفاده از قلم خازنی شروع به نوشتن پیغام کردم و باید بگم اندازه Screen با 5 اینچ 4:3 لذت تایپ کیبرد اندروید رو افزایش میده.,1,1,positive,positive,True,0,0,151,31,correct,correct
3331,ظاهرا دوربین خوبی است اگه بشه برای مراسمات ازش استفاده کرد که عالی میشد,1,1,positive,positive,True,0,0,71,14,correct,correct
390,درست همانند 510 HS این دوربین هم توانایی ضبط ویدیویی 1920X1080p Full HD با سرعت 24 فریم بر ثانیه با صدای استریو و فرمت AVI H.,0,0,neutral,neutral,True,0,0,125,26,correct,correct
9577,نانو سیم علاوه بر کوچک تر بودن، نازک تر هم هستش.,0,1,neutral,positive,False,1,1,48,11,adjacent_class_error,predicted_more_positive
1243,حال به این مشخصات، داک تبدیل این گوشی به تبلت را نیز که اضافه نمایید، واقعا هیجان انگیز است.,1,2,positive,very_positive,False,1,1,92,19,adjacent_class_error,predicted_more_positive
6607,"این در حالیست که دکمه های Play,Video Snap,Auto و Battery info در کنار آن‌ها قرار گرفته اند.",0,0,neutral,neutral,True,0,0,91,17,correct,correct
2190,همیشه وقتی صحبت از تلفن همراه میشد یکه تازه این عرصه اپل بود.,1,-1,positive,negative,False,-2,2,61,13,distant_class_error,predicted_more_negative
7602,درگاه microUSB نیز در لبه پایینی گوشی تعبیه شده است.,0,0,neutral,neutral,True,0,0,52,10,correct,correct
10939,من می خرمش,0,0,neutral,neutral,True,0,0,10,3,correct,correct
9956,در ضمن Siri از آن جایی که با شما مکالمه‌ی متقابل دارد بسیار واقعی و جذاب به نظر می‌رسد.,2,2,very_positive,very_positive,True,0,0,87,19,correct,correct
5398,سخت افزار Optimus VU از سخت‌افزار قدرتمندی برخوردار است.,1,0,positive,neutral,False,-1,1,56,9,adjacent_class_error,predicted_more_negative
5424,از جمله این امکانات می‌توان به فوکوس اتوماتیک، ثبت محل عکس، تشخیص چهره و لبخند و لرزش گیر اشاره کرد.,0,1,neutral,positive,False,1,1,100,20,adjacent_class_error,predicted_more_positive
3871,به هر صورت منتظر به بازار آمدن این دوربین برای نقد و بررسی دقیق تر عکس‌های آن خواهیم بود.,0,0,neutral,neutral,True,0,0,89,19,correct,correct
19,حتی اگر رزولوشن را به 1200 برسانید هم سرعت به 12 صفحه در دقیقه کاهش می‌یابد که باز هم سرعت خوبیست.,1,-1,positive,negative,False,-2,2,98,21,distant_class_error,predicted_more_negative
7011,سیستم عامل.,0,0,neutral,neutral,True,0,0,11,2,correct,correct
11150,از برنامه های کاربردی، فیلم ها، Skype، گشت و گذار در اینترنت و بسیاری قابلیت های دیگر لذت ببریددنیای جدید سرگرمی های خانگی شخصی را با Smart Hub بروزآوری شده سامسونگ و سه سرویس جدید کشف کنید.,0,1,neutral,positive,False,1,1,190,37,adjacent_class_error,predicted_more_positive
3413,سلام من این گوشیو چند وقته که از دیجی کالا گرفتم فقط در این حد بهتون بگم که واقعا عالیه و تنها موردی که میخوام بهتون بگم تا توجه بهش داشته باشین اینه که این گوشی فایل منیجر نداره و برنامشم وجود نداره که دانلود بشه (البته بصورت رسمی و بدون دستکاری در سیستم(منظورم هک کردن گوشیه)) و برای نصب برنامه و بازی حتما باید از طریق اینترنت اقدام کنین دیگه مشکلی نداره فقط یکم بنظرم مصرف باتریش بالاست من قبل از این آیفون 4 داشتم که اونم از دیجی کالا گرفته بودم خلاصه برای خریدش شک نکنین(با توجه به اون دو مورد بالا),1,1,positive,positive,True,0,0,505,104,correct,correct
4409,ویدئو پلیر این تبلت نیز از ظاهر بسیار خوبی برخوردار است ولی متاسفانه این تبلت، همانند اکثر تبلت هایی که از پردازنده Tegra 2 استفاده میکنند، نمیتواند ویدئوهای Full HD را روان پخش کند.,-1,-1,negative,negative,True,0,0,182,34,correct,correct
7771,هرچند که هسته و گرافیک و دوربینشو مثل آیپد 4 بالا نبردن.,-1,0,negative,neutral,False,1,1,56,12,adjacent_class_error,predicted_more_positive
3136,از مزایای اصلی این تبلت می توان به بهره گیری از جدیدترین نسخه سیستم عامل اندروید، باتری بسیار قدرتمند و سنسور مادون قرمز اشاره کرد.,2,2,very_positive,very_positive,True,0,0,131,25,correct,correct
8460,3N فاقد پیکسل های اختصاص یافته به فوکوس خودکار Phase Detection، Wi-Fi و نمایشگر لمسی که بر روی 5R دیدیم است.,-1,-1,negative,negative,True,0,0,108,21,correct,correct
11189,بنابراین باز هم به تحولی دیگر در آن ها نیاز بود.,0,0,neutral,neutral,True,0,0,48,11,correct,correct
4849,بهتون پیشنهاد میکنم که حتما بخرید.,0,0,neutral,neutral,True,0,0,34,6,correct,correct
12770,خوشبختانه عمل Pinch to Zoom کاملا سریع و روان صورت می‌گیرد.,2,1,very_positive,positive,False,-1,1,59,11,adjacent_class_error,predicted_more_negative
8304,2 تا بازی میریزی توش پر میشه!,-1,1,negative,positive,False,2,2,29,7,distant_class_error,predicted_more_positive
4261,با وجود پردازنده دو هسته ای که داره قیمتش مناسبه فقط باید امتحانشا تو ایران پس بده چون گوشی جدیده,1,0,positive,neutral,False,-1,1,97,20,adjacent_class_error,predicted_more_negative
10516,طراحی و ساختXperia E از نمای جلویی یک گوشی با طراحی ساده محسوب می‌گردد.,0,0,neutral,neutral,True,0,0,71,14,correct,correct
566,تصاویر گرفته شده با این وب کم از کیفیت رضایت بخشی برخوردارند.,1,1,positive,positive,True,0,0,61,12,correct,correct
3029,تبلت های Acer Iconia Tab A700Huawei MediaPad 10 FHDSamsung Galaxy Note 10.1Sony Xperia Tabletو .,0,0,neutral,neutral,True,0,0,96,15,correct,correct
2883,لازم به ذکر است که ایسوس دلیل اصلی قرار دادن این نوار پلاستیکی را، بهبود کیفیت Wi-Fi و GPS دستگاه اعلام کرده است.,0,0,neutral,neutral,True,0,0,113,23,correct,correct
1391,این کارت گرافیک، قدرتی همانند کارت‌های گرافیک رده بالای GeForce GTX 460M و GeForce GTX 560M دارد و به راحتی جوابگوی سنگین‌ترین وظایف گرافیکی حتی اجرای بازی‌های کامپیوتری نیز خواهد بود.,1,2,positive,very_positive,False,1,1,184,31,adjacent_class_error,predicted_more_positive
11312,Toy Camera یک اثر Vignetting به عکس گرفته شده می‌دهد (تاریک شدن اطراف فریم) و در ضمن یک تغییر رنگ محسوس را هم در آن‌ایجاد می‌کند.,0,1,neutral,positive,False,1,1,129,26,adjacent_class_error,predicted_more_positive
708,من این نوت بوک رو خریدم از دیجی کالا  واقعا نوت بوک عالی ای هست از هر نظر که فکرشو بکنید!,2,2,very_positive,very_positive,True,0,0,89,21,correct,correct
12653,همه چی تمام,2,0,very_positive,neutral,False,-2,2,11,3,distant_class_error,predicted_more_negative
13006,گزینه Index از میزان عمر باتری و مقدار فضای هارد 60 گیگابایتی دوربین خبر می‌دهد.,0,0,neutral,neutral,True,0,0,80,15,correct,correct
7603,نهایتا، بر روی قاب پشتی گوشی نیز دوربین، فلاش LED و بلندگو به چشم می‌خورد.,0,0,neutral,neutral,True,0,0,74,15,correct,correct
1145,بسته بندی خیلی خوبی کرده بودن و طوری بود که توی حمل و نقل آسیب نمیدید.,2,2,very_positive,very_positive,True,0,0,70,16,correct,correct
10058,به دلیل ضخامت بسیار باریک Sleekbook ها، آستانه و عمق کلیدها کم بوده و کلیدها فضای کافی برای حرکت ندارد.,-1,-1,negative,negative,True,0,0,103,20,correct,correct
12330,بدنه کم و بیش شبیه به دوربین های سایبرشات این سری سال گذشته‌ی کمپانی است و بدنه ای فلزی و کاملا صیقلی دارد.,1,0,positive,neutral,False,-1,1,107,23,adjacent_class_error,predicted_more_negative
28,من دو سال است که از این پرینتر استفاده می کنم.,0,0,neutral,neutral,True,0,0,46,11,correct,correct
4563,اگر به دنبال یک گوشی با امکانات بالا که آن را دست هرکسی نمیبینید هستید.,0,1,neutral,positive,False,1,1,71,15,adjacent_class_error,predicted_more_positive
7303,کمتر استفاده از این نوع کارت حافظه‌ها را بر روی دوربین های دیجیتال دیده بودیم و عمده‌ی استفاده‌ی آن‌ها بر روی گوشی های تلفن همراه بوده است.,0,0,neutral,neutral,True,0,0,139,27,correct,correct
5960,با استفاده از این مود می‌توانید عکس‌های سه بعدی بگیرید و سپس آن‌ها را بر روی تلوزیون‌های سه بعدی مشاهده کنید.,0,0,neutral,neutral,True,0,0,109,21,correct,correct
12044,با سلام خدمت دوستان من دوسیمکارتشو دارم خیلی عالیه فکرنمی کردم با این قیمت بشه اینجورگوشی ای خرید از لحاظ انتن دهی هر دو سیم کارت عالیه باتریشم با مکالمه و اس دادن و کمی اهنگ گوش کردن من 2روز و نیم بردم بازی های اچ دی مثل ریل ریسینگ 3 رو به راحتی اجرا کرده تاچش عالیه دوربینش متوسط به بالاست سرعتش عالیه و باتریشم عالیه بدنه مقاوم و خوبیم داره,2,1,very_positive,positive,False,-1,1,343,72,adjacent_class_error,predicted_more_negative
10567,لنوو G585 را می‌توان نوت‌بوکی با باطن یک نت بوک دانست.,0,1,neutral,positive,False,1,1,54,11,adjacent_class_error,predicted_more_positive
2374,یا .,0,0,neutral,neutral,True,0,0,4,2,correct,correct
12915,2- این گوشی به دلیل سهولت کار، صفحه کلید بزرگ و جدا، کیفیت خوب صفحه نمایش، مناسب افراد بالای 50 سال سن است.,1,1,positive,positive,True,0,0,107,23,correct,correct
3246,ولی اگر از سایت های دیگه قیمت گرفته باشید، به این واقعیت میرسید که اگر بخواید یه تبلت که همه جوره بتونه نیازهاتون رو برطرف کنه و قیمت خوبی هم داشته باشه فقط و فقط همین میتونه باشه.,1,1,positive,positive,True,0,0,180,38,correct,correct
4260,سری گوشی‌های جدید هواوی واقعا خوب و جالب‌اند صفحه نمایش بزرگ، امکانات خوب، باتری خوب، طراحی بهتر، قیمت مناسب و آندروید 4.1 مثل همین گوشی یا اسند جی 350.,2,1,very_positive,positive,False,-1,1,152,29,adjacent_class_error,predicted_more_negative
6586,سلام دوستان من این تبلت رو امروز گرفتم خیلی عالیه.,2,2,very_positive,very_positive,True,0,0,50,10,correct,correct
8669,به نظر گوشی خوبی میاد سخت افزار متوسطی داره که به نسبت قیمت مناسبه ولی نقطه قوتش باتری پرظرفیتشه که به نظر من مهم ترین مشخصه واسه گوشیه.,1,1,positive,positive,True,0,0,136,28,correct,correct
8486,تنها تفاوت HS900 با SD900 که دوربین دیگری از پاناسونیک هست نیز در این است که SD900 حافظه‌ی داخلی ندارد.,0,1,neutral,positive,False,1,1,103,20,adjacent_class_error,predicted_more_positive
9170,پس اگر شما هم به دنبال یک تلفن همراه دو سیم کارته جمع و جور و هوشمند هستید، HTC Desire V را نیز جزو گزینه های خود قرار دهید.,1,0,positive,neutral,False,-1,1,124,29,adjacent_class_error,predicted_more_negative
12903,من این گوشی رو در تاریخ 24/11/1391 خریدم.,0,0,neutral,neutral,True,0,0,41,8,correct,correct
8920,بین دوربین های کامپکت بهترین انتخاب هستش.,1,2,positive,very_positive,False,1,1,41,7,adjacent_class_error,predicted_more_positive
12544,با فلاش وضعیت بهتر شد.,1,0,positive,neutral,False,-1,1,22,5,adjacent_class_error,predicted_more_negative
21,رزولوشن اسکن می‌تواند به 1200dpi هم برسد.,0,1,neutral,positive,False,1,1,41,7,adjacent_class_error,predicted_more_positive
3170,با سلام من 2 روزه خریدم خیلی عالیه,2,2,very_positive,very_positive,True,0,0,34,8,correct,correct
12462,شک نکنین ولی به نظر من اگه دوربین جلو ( تماس ویدئویی ) HD بود و ظرفیت باطری 200 میلی آمپر بیشتر بود .,1,1,positive,positive,True,0,0,101,24,correct,correct
12046,تاچش خوبه باطری متوسط دوربین ضعیفه و فیلم برداری ضعیفتر اصلا خوشکل نیست کیفیت بدنش خیلی بده کارکردن با اس ام اس و شماره گیرش خیلی سخته و کانتکتش ضعیفه و برنامه جانبی هم نمیتونید بریزید چون دو سیم کارتست سرعتش خوبه و برنامه بدون مشکل نصب و اجرا میشه نیم ساعته کامل شارژ میشه ولی زود تموم میشه البته مثل بقیه گوشیهای اندرویدی دو سیم کارتش با هم عالی کار میکنه و مشکلی نداره در مجموع من پشیمونم و به نظر من مقداری پول بیشتر بذارید روش یه گوشی بهتر بخرید البته در مورد برندش نمیتونم بگم این برند خوب نیست ، ممکنه این مدلش ضعیف بوده,-2,-1,very_negative,negative,False,1,1,527,108,adjacent_class_error,predicted_more_positive
3232,GPU ( گرافیک ) قدرتمند 12 هسته ULP GeForce10.,1,0,positive,neutral,False,-1,1,45,9,adjacent_class_error,predicted_more_negative
9395,گوشی عالی هستش خیلی ازش راضیم تنها عیبش نداشتن زوم دوربین هستش باطریشم خیلی قوی هستش,1,2,positive,very_positive,False,1,1,84,16,adjacent_class_error,predicted_more_positive
12963,سلام دوستان 3 روزه که از دی جی کالا خریدمش .,0,0,neutral,neutral,True,0,0,44,11,correct,correct
9558,تشخیص بسیار ضعیف تر و سرعت پایین تر آن نسبت به GOOGLE NOW ضعف های IOS را مشهود نموده است.,-2,-1,very_negative,negative,False,1,1,89,20,adjacent_class_error,predicted_more_positive
10835,من یه هفته میشه این تبلت رو گرفتم.,0,0,neutral,neutral,True,0,0,34,8,correct,correct
2877,قالب گیری آلومینیوم و پلاستیک در سطح نانو با استفاده از تزریق پلاستیک، طوری عمل می‌کند که گویی پلاستیک ریشه یک درخت است و در آلومینیوم عمیقا رشد می‌کند.,0,0,neutral,neutral,True,0,0,152,29,correct,correct
4981,تنها چیزی که می تونم بگم اینکه این کنسول فوق العاده است .,2,2,very_positive,very_positive,True,0,0,57,13,correct,correct
8902,فقط به نظرم باتری آن چنان قوی نیست !,-1,0,negative,neutral,False,1,1,36,9,adjacent_class_error,predicted_more_positive
4092,ضمن اینکه موزیک پلیر این گوشی با امکان پخش بیش از 50 ساعت موسیقی با هر بار شارژ، یکی دیگر از مزیت‌های بسیار مثبت گوشی محسوب می‌گردد.,1,1,positive,positive,True,0,0,132,27,correct,correct
10867,نمیدونم شاید نرم‌افزارتون خرابه یا شاید هم سخت افزار مشکل داره.,0,-1,neutral,negative,False,-1,1,63,11,adjacent_class_error,predicted_more_negative
6596,من از این تبلت خریدم مهمترین نکته اینکه از نظر من باطریش ضعیف است بعد یک ماه استفاده از این تبلت و مقایسه آن با تبلت رفقا پیشنهاد میکنم این تبلت نخرید cpu آن فقط اسمش چهار هسته ای و به نسبت ایسوس و سامسونگ واقعا ضعیف است عرایض بنده را فقط وقتی متوجه میشوید که در عمل کارایی این تبلت با یکی دو برند معتبر مقایسه کنید به هر حال انتخاب با خودتونه شاید بهتر باشه کمی صبر کنید و یه تبلت بهتر بخرید.,-2,-1,very_negative,negative,False,1,1,393,85,adjacent_class_error,predicted_more_positive
5155,قابلیت جالبی که در این نوع گیم پد وجود دارد، هماهنگی آن با تمام دستگاه‌های مجهز به USB و سیستم عامل ویندوز XP است که این موضوع امکان استفاده از آن را روی کامپیوتر امکان پذیر می‌سازد.,1,1,positive,positive,True,0,0,182,37,correct,correct
4405,سونی تعداد زیادی سرویس و برنامه بطور پیش فرض بر روی این تبلت قرار داده است که برای مثال میتوان به Video Unlimited و Music Unlimited اشاره کرد.,1,0,positive,neutral,False,-1,1,142,28,adjacent_class_error,predicted_more_negative
6457,زیبا و شیک.,1,2,positive,very_positive,False,1,1,11,3,adjacent_class_error,predicted_more_positive
9265,یک تغییر بسیار دوست داشتنی دیگر در این دوربین نسبت به مدل های پیشین در به کار گیری سیستم شاتر جدید می باشد که عکاسی پیاپی با سرعت 5 فریم بر ثانیه را مقدور کرده است.,2,1,very_positive,positive,False,-1,1,164,36,adjacent_class_error,predicted_more_negative
11355,برای شروع فیلم برداری می‌بایست از پیچ تنظیم اصلی بر روی مودmode video بروید و سپس دکمه‌ی Record که همان دکمه‌ی Live view می‌باشد که در زیر انگشت شست دست راست قرار می‌گیرد را بفشارید.,0,0,neutral,neutral,True,0,0,182,35,correct,correct
5544,چرا که کمی فشار در بعضی مواقع نیاز هست تا پاسخگویی بهتر از طرف صفحه نمایش دریافت بشه.,0,-1,neutral,negative,False,-1,1,85,18,adjacent_class_error,predicted_more_negative
8431,لنز نیز خطای رنگی نسبتا کمی ایجاد می کند و فقط مقداری خطای رنگی بنفش در مناطق پر کنتراست دیده می شود.,-1,-1,negative,negative,True,0,0,101,22,correct,correct
5505,نسبت به مدل های مشابه با برند مختلف قیمت خوبی داره.,1,1,positive,positive,True,0,0,51,11,correct,correct
12648,روز های اول اهمیتش رو نمیدونستم واقعا گوشی تک ایه مشکلی نداره برای خرید فوق العاده است .,2,2,very_positive,very_positive,True,0,0,88,18,correct,correct
5970,کمینه‌ی فاصله‌ی فوکوس این لنز در مود ماکرو 5 سانتی متر است که عالیست.,2,2,very_positive,very_positive,True,0,0,69,14,correct,correct
12354,باتری لیتیوم-یونی NP-BN نیز توانایی شارژدهی تا 240 عکس را به دوربین دارد.,1,0,positive,neutral,False,-1,1,73,13,adjacent_class_error,predicted_more_negative
6225,در ضمن نسخه 4 از فناوری بلوتوث و همچنین فناوری DLNA نیز برای ایجاد ارتباط با دیگر دستگاه‌ها موجود است.,0,0,neutral,neutral,True,0,0,102,20,correct,correct
9730,در سمت راست گوشی کلید کنترل صدا، در سمت چپ درگاه microUSB و نهایتا در قاب پشتی گوشی دوربین به همراه بلندگو به چشم می‌خورند که به همراه یک لوگوی سونی، به زیبایی گوشی افزوده‌اند.,1,0,positive,neutral,False,-1,1,176,35,adjacent_class_error,predicted_more_negative
2175,7.6 میلیمتر باریکه اما وقتی از عکسش نگاه میکنی میشه 1.0 سانتی متر صفحه ی این آیفون یه کم بلند به نظر میرسه زیباییش بستگی به نظر شخصی است اما پشت قاب این اسمارت فون حرف دیگری میزند!,0,0,neutral,neutral,True,0,0,180,38,correct,correct
11642,با سلام من این گوشی رو نزدیک به 1 سال و نیم هست که دارم و خیلی خیلی ازش راضیم!,2,2,very_positive,very_positive,True,0,0,78,20,correct,correct
9464,توسط شتاب سنج موجود در آیپاد نانو- فوق العاده باتری که می توان به مدت یک شبانه روز (24 ساعت) بدون وقفه با آیپاد نانو موسیقی گوش کرد- پخش عمده ی فرمتهای موسیقی- به بازار با حافظه ی فلش 8 و 16 گیگابایتی (حافظه 8 گیگابایت آن تا 2000 عدد موسیقی می تواند ذخیره کند)- حمل و اتصال به لباس توسط گیره آن - گسترده ی رنگ- اکثر فرمتهای عکس- ساعت زمان شارژ کامل باتری- العاده کوچک، سبک و باریک,2,1,very_positive,positive,False,-1,1,380,80,adjacent_class_error,predicted_more_negative
159,عکساش اندازه ی بزرگی دارن و حتی میشه روی صفحه ی دیتا شو هم با کیفیت عالی روشون زوم کرد.,2,2,very_positive,very_positive,True,0,0,87,20,correct,correct
9480,حتی در بیشینه‌ی زوم 30 برابر نیز (بیشتر از زوم 12 برابر اپتیکال) خیلی خوب کار می‌کند.,1,2,positive,very_positive,False,1,1,85,17,adjacent_class_error,predicted_more_positive
2246,با سلام خدمت همه دوستان من الان 1ماهه این گوشیرو گرفتم.,0,0,neutral,neutral,True,0,0,55,11,correct,correct
3583,با وجود این، رنگ‌های تولید شده توسط صفحه نمایش بسیار زنده و طبیعی هستند و زوایای دید آن نیز به خصوص در حالت افقی، کاملا رضایت‌بخش است.,2,2,very_positive,very_positive,True,0,0,134,27,correct,correct
7200,واقعا معرکست,2,2,very_positive,very_positive,True,0,0,12,2,correct,correct
6121,از ظرفیت هارد دیسکی 4GB گرفته تا ظرفیت بسیار مناسب 320GB.,1,2,positive,very_positive,False,1,1,57,11,adjacent_class_error,predicted_more_positive
11728,5 ماهه که دارمش و ازش راضیم.,1,2,positive,very_positive,False,1,1,28,7,adjacent_class_error,predicted_more_positive
2616,به نظر خیلی کارا می آید نمیشه ازش گذشت ، من سفارش می دهم بعد از یک هفته می آیم نظرم را می گم,2,0,very_positive,neutral,False,-2,2,92,24,distant_class_error,predicted_more_negative
2353,احتمالا تا 2 ماه آینده بخرم.,0,0,neutral,neutral,True,0,0,28,6,correct,correct
12883,تنها عیب بزرگی که من تو این گوشی دیدم و دقیقا همین مورد رو تو گوشی C2-03 و کسی هم بهش اشاره نکرده و بر عکس ازش تعریف کردن!,-1,0,negative,neutral,False,1,1,122,29,adjacent_class_error,predicted_more_positive
1689,به هر حال هیچ کاربری از حق انتخاب برای تنوع بدش نمی‌آید، این در مورد کاربران iOS نیز صدق می‌نماید.,0,0,neutral,neutral,True,0,0,98,20,correct,correct
3286,طراحی این لپ‌تاپ‌ها بسیار خوب بوده و مواد اولیه استفاده شده در ساخت آن‌ها بسیار مرغوب می‌باشند.,2,2,very_positive,very_positive,True,0,0,95,17,correct,correct
6550,این دستگاه در سه ظرفیت 8، 16 و 32 گیگابایتی تولید گردیده که با وجود قابلیت پشتیبانی آن از کارت حافظه جانبی، می‌توان تا 32 گیگابایت دیگر نیز به آن افزود.,1,0,positive,neutral,False,-1,1,152,31,adjacent_class_error,predicted_more_negative
8324,از لحاظ نرم افزاری، HTC One X به طور پیش فرض از اندروید 4.0 یا ساندویچ بستنی استفاده می‌کند.,0,0,neutral,neutral,True,0,0,92,19,correct,correct
12445,ممنون فقط دوربین جلوش از tx ضعیف تره و حافظه داخلیش کم تره .,-1,1,negative,positive,False,2,2,60,14,distant_class_error,predicted_more_positive
611,در کل میشه گفت لپ تاپ خیلی خوبیه و آدم رو حداقل واسه دو سه سال ساپورت میکنه.,2,1,very_positive,positive,False,-1,1,76,18,adjacent_class_error,predicted_more_negative
2290,سابقه کمپانی در ساخت گوشی، من خودم طرفدار برند اسوس هستم و وقتی پدفون رو تولید کرد واقعا لذت بردم ولی اکنون وقت خرید اسمارت فون از اسوس و سونی نیست!,-1,1,negative,positive,False,2,2,148,31,distant_class_error,predicted_more_positive
7056,اگه بتونم حتما یکیشو میخرم .,1,0,positive,neutral,False,-1,1,28,6,adjacent_class_error,predicted_more_negative
10301,دوربینش خوبه(حداقل در مقایسه با N95 ولی بهتر از اون نیست) سرعت گوشی عالی.,1,2,positive,very_positive,False,1,1,73,14,adjacent_class_error,predicted_more_positive
9522,اپل همچنان بی رقیبه.,2,0,very_positive,neutral,False,-2,2,20,4,distant_class_error,predicted_more_negative
9046,از قسمت بالا هم که به دوربین بنگریم، به طرز شگفت آوری شاهد حذف شدن پیچ تنظیم مودهای عکاسی از روی بدنه هستیم.,0,0,neutral,neutral,True,0,0,108,23,correct,correct
12873,و برای پیامک بازها پیشنهاد نمیکنم.,0,0,neutral,neutral,True,0,0,34,6,correct,correct
3365,بدنه این گوشی نیز همانند گوشی‌های سری One این کمپانی، از پلی کربنات ساخته شده است.,0,0,neutral,neutral,True,0,0,82,16,correct,correct
11819,خوش باشین,0,1,neutral,positive,False,1,1,9,2,adjacent_class_error,predicted_more_positive
3069,در خصوص کیفیت نمایش و روشنایی صفحه نمایش باید بگویم خیلی عالی و بسیار بالاتر از ipad 4 است.,2,2,very_positive,very_positive,True,0,0,91,19,correct,correct
5435,از نظر ظاهری و کیفیت ساخت می‌توان آن‌را حتی برتر از Note II سامسونگ نیز دانست.,1,1,positive,positive,True,0,0,78,16,correct,correct
5750,این‌ها فقط نمونه‌ای از هزاران برنامه‌ی کاربردی و سرگرم کننده‌ی آندروید هستند و تقریبا از هر قشری، چه دانشجو، دانش آموز، مدیر یک شرکت، پزشک، مهندس، بازاریاب، ورزشکار و هرچه که باشید، برنامه هایی برای شما وجود دارد و Galaxy S II با سیستم عامل آندروید خود می‌تواند مورد نیاز شما باشد.,0,1,neutral,positive,False,1,1,281,52,adjacent_class_error,predicted_more_positive
4558,این گوشی رو میتوان arc sکوچک دانست که البته به دوربین مکالمه ی تصویری مجهز شده!,0,-1,neutral,negative,False,-1,1,79,16,adjacent_class_error,predicted_more_negative
10497,اصلا کیفیت دوربین و رزولوشن تصویر راضیم نکرد.,-1,-2,negative,very_negative,False,-1,1,45,8,adjacent_class_error,predicted_more_negative
5504,باطری میتونست قوی تر باشه واسه من که همش دارم کتاب میخونم 16 ساعت جواب داد.,0,0,neutral,neutral,True,0,0,75,16,correct,correct
6331,4: شارژ این گوشی در صورت کار و مکالمه عادی 1.5 روز و در بازی های مختلف نهایتا 2-3 ساعت 5:در استفاده از نت و وای فای و بلوتوث روشن هم 4 ساعتی با نور زیاد جوابگو هست .,0,0,neutral,neutral,True,0,0,165,39,correct,correct
615,سلام، من هم این مدل رو تقریبا 5 ماه هست که خریداری کردم، واقعا عالیه.,0,2,neutral,very_positive,False,2,2,69,15,distant_class_error,predicted_more_positive
6641,صدا نیز به صورت Dolby Digital AC-3 ضبط می‌گردد.,0,0,neutral,neutral,True,0,0,47,9,correct,correct
2468,همه چیزش هم در حد خوبیه.,1,1,positive,positive,True,0,0,24,6,correct,correct
10076,اما HP جهت پایین نگاه داشتن قیمت نهایی Sleekbook ها، از حافظه های سنتی HDD استفاده کرده.,0,0,neutral,neutral,True,0,0,88,17,correct,correct
2979,فقط باید چند تا نرم افزار و بازی سنگین روش نصب کنم که متاسفانه هنوز فرصتش رو پیدا نکردم.,0,-1,neutral,negative,False,-1,1,88,19,adjacent_class_error,predicted_more_negative
2503,• سخت افزار داخلی همان‌طور که گفتیم این نوت‌بوک‌ها در کانفیگ های نسبتا متنوع و البته قدرتمندی ساخته شده است.,2,1,very_positive,positive,False,-1,1,108,20,adjacent_class_error,predicted_more_negative
4059,تا الان بیش از 5000 هزار عکس باهاش گرفتم واقعا خیلی ازش راضیم و خیلی دوستش دارم اگه قرار باشه عوضش کنم با a77 عوضش می کنم با تشکر از دیجی کالا که تو انتخاب خیلی کمک میکنه,2,1,very_positive,positive,False,-1,1,170,38,adjacent_class_error,predicted_more_negative
12248,انرژی این دوربین از طریق باتری‌های قلمی سایز AA تامین می‌شود.,0,0,neutral,neutral,True,0,0,61,11,correct,correct
7655,این پردازنده با حافظه 2 گیگ محشره دوربین وسیستم عامل هم که رشد کرده پس میشه گفت عالیه,2,2,very_positive,very_positive,True,0,0,85,18,correct,correct
3851,به جز کیفیت .,0,0,neutral,neutral,True,0,0,13,4,correct,correct
8739,متشکرم!,0,0,neutral,neutral,True,0,0,7,1,correct,correct
9436,اما در هنگام نگاه کردن با زاویه به صفحه نمایش و همچنین هنگام کار با گوشی در زیر نور آفتاب، عملکرد صفحه‌نمایش کاهش می‌یابد.,-1,1,negative,positive,False,2,2,122,24,distant_class_error,predicted_more_positive
3692,هرچند که این گوشی فلزی نیست، ولی از پلاستیک معمولی، بسیار مقاوم‌تر می‌باشد.,2,1,very_positive,positive,False,-1,1,75,13,adjacent_class_error,predicted_more_negative
6787,به نظر من که هم ظاهر زیبایی داره و هم قیمت مناسبی و هم جمع و جوره.,2,1,very_positive,positive,False,-1,1,66,17,adjacent_class_error,predicted_more_negative
10840,اگه یه نگاه به سخت افزاراش بندازین اینو درک میکنین,0,0,neutral,neutral,True,0,0,50,10,correct,correct
3208,امیدوارم تونسته باشم تجربه ام رو به شما انتقال بدم.,0,0,neutral,neutral,True,0,0,51,10,correct,correct
1043,در عوض لنز دوربین همواره در معرض قرار دارد.,0,0,neutral,neutral,True,0,0,43,9,correct,correct
5420,البته پیشنهاد می‌کنیم که برای این کار، از هدفون استفاده نمایید، چرا که کیفیت بلند گو ها چندان رضایت‌بخش نیستند.,-1,-1,negative,negative,True,0,0,111,20,correct,correct
12400,توصیه برای کساییکه مثل من بین این گوشی و s3 موندن؛ کیفیت تصویر این گوشی بسیار پایین تراز s3 هستش، رابط کاربری S3 هم خیلی بهتره.,-1,2,negative,very_positive,False,3,3,127,26,distant_class_error,predicted_more_positive
9315,نرم افزارسیستم عامل موجود بر روی تبلت جدید فوجیتسو همان طور که گفتیم سیستم عامل محبوب و قدرتمند اندروید می‌باشد.,1,1,positive,positive,True,0,0,112,20,correct,correct
8562,سرعت gpsوgprsش خوبه.,1,1,positive,positive,True,0,0,20,3,correct,correct
5090,Firmware در واقع میان‌افزار داخلی سیستم (کنسول) است که برای ارتباط بین قطعات سخت‌افزاری به کار می‌رود.,0,1,neutral,positive,False,1,1,102,17,adjacent_class_error,predicted_more_positive
7458,تا جایی که به کیفیت فیلم برداری مربوط می‌شود، می‌توان گفت که کیفیت فیلم‌های گرفته شده به بدی فیلم‌هایی است که دوربین CX130 می‌گرفت.,-1,0,negative,neutral,False,1,1,131,24,adjacent_class_error,predicted_more_positive
1601,البته در مقایسه با iPad 3 چندان شانسی برای برتری دوربین Note 8 وجود ندارد اما در کل عملکرد دوربین بسیار خوب توصیف می‌شود.,1,1,positive,positive,True,0,0,121,24,correct,correct
1969,به نظرم اندروید از ios بالاتر نیست!,0,0,neutral,neutral,True,0,0,35,7,correct,correct
4489,به علاوه فلاش LED به طور خودکار عمل نمی‌کند و باید آن را به صورت دستی فعال کنید.,-1,-1,negative,negative,True,0,0,80,18,correct,correct
3230,Chipset قدرتمند Tegra 38.,1,2,positive,very_positive,False,1,1,25,4,adjacent_class_error,predicted_more_positive
12249,اگر از نوع آلکالاین معمولی آن‌ها استفاده کنید با دو جفت نوی آن می‌توانید تا حدود 300 عکس بگیرید تا باتری تمام شود.,0,0,neutral,neutral,True,0,0,114,23,correct,correct
1389,این پردازنده‌ها نه تنها فوق‌العاده قدرتمندتر از مدل‌های پیشین هستند، بلکه مصرف انرژی کمتری نیز دارند.,2,2,very_positive,very_positive,True,0,0,101,16,correct,correct
9031,این دوربین توانایی فیلم‌برداری Full HD را هم طبق انتظار دارد.,0,0,neutral,neutral,True,0,0,61,11,correct,correct
2782,بدنه از فلز خش دار مشکی رنگ ساخته شده و فوق‌العاده شیک می‌باشد.,2,2,very_positive,very_positive,True,0,0,63,13,correct,correct
419,نکته دیگه اینه که حسگر دوربین CMOS هست نه CCD .,0,0,neutral,neutral,True,0,0,47,11,correct,correct
679,بدلیل وجود کارت گرافیک عالی تصاویر را به خوبی پردازش میکند .,2,2,very_positive,very_positive,True,0,0,60,12,correct,correct
6075,البته تا چند بار می تونید شارژش کنین که 10 تومن واستون آب می خوره .,0,0,neutral,neutral,True,0,0,67,16,correct,correct
5220,در ساخت سیستم صوتی این نوت‌بوک از فن‌آوری استفاده شده که ایسوز از آن به نام Sonic Master یاد می‌کند.,0,0,neutral,neutral,True,0,0,100,20,correct,correct
7600,در زیر صفحه نمایش، کلید Home به همراه دو کلید خازنی بازگشت و منو قرار گرفته‌اند.,0,0,neutral,neutral,True,0,0,80,16,correct,correct
7292,تقریبا کنترل کاملا دوربین از طریق همین نمایشگر لمسی صورت می‌پذیرد.,0,1,neutral,positive,False,1,1,66,11,adjacent_class_error,predicted_more_positive
10863,سامسونگ در ساخت این تبلت کم نذاشته اما بهتر بود که روی بدنه بیشتر کار میکرد با خرید این تبلت خودتونو بی نیاز از هر ابزار دیگه ای تصور کنید,1,-1,positive,negative,False,-2,2,138,30,distant_class_error,predicted_more_negative
432,طراحی و ساخت طراحی این گوشی کمی متفاوت‌تر از گوشی‌های دیگر خانواده لومیا است به طوری که لبه‌ها کمی انحنا داشته و صفحه نمایش آن کاملا تخت است.,0,0,neutral,neutral,True,0,0,141,28,correct,correct
4539,می توان گوشی اکسپریا ری را کوچک موبایل بزرگ از لحاظ امکانات نامید.,0,0,neutral,neutral,True,0,0,66,13,correct,correct
8555,دوربین عکاسیش عالیه.,1,2,positive,very_positive,False,1,1,20,3,adjacent_class_error,predicted_more_positive
7238,عالیه فعلا از این بهتر نیست,2,2,very_positive,very_positive,True,0,0,27,6,correct,correct
4657,فقط یه عیبی دیدم تو این گوشی.,-1,0,negative,neutral,False,1,1,29,7,adjacent_class_error,predicted_more_positive
10858,ولی برای اندروید تو ایران انواع سایت ها هست.,0,0,neutral,neutral,True,0,0,44,9,correct,correct
1531,• طراحی و ساخت انتظار می‌رفت در طراحی و ساخت این تبلت، سامسونگ سنگ تمام بگذارد، و یک تبلت با کیفیت ساخت متمایز از دیگر تبلت های سامسونگ را ارائه دهد.,0,-1,neutral,negative,False,-1,1,149,31,adjacent_class_error,predicted_more_negative
10523,جک 3.5 میلی متری هدفون نیز در قسمت بالایی گوشی جای داده شده است.,0,0,neutral,neutral,True,0,0,64,14,correct,correct
12023,این برنامه یک پی سی سوئیت خوب هست که با اتصال گوشیتون از طریق USB و یا Wifi میتونین اکثر قسمت های مهم گوشیتون نظیر برنامه ها و بازی ها -مخاطبین - پیام ها - موسیقی و فیلم و عکس و حتی تصویر زمینه را ویرایش ذخیره و مدیریت کنید .,1,1,positive,positive,True,0,0,225,51,correct,correct
458,از قابلیت‌های این دوربین می‌توان به فوکوس خودکار و ثبت موقعیت مکانی و زمانی اشاره نمود.,1,0,positive,neutral,False,-1,1,87,16,adjacent_class_error,predicted_more_negative
1071,از ایزو 1600 نیز جزئیات شروع به ناپدید شدن می‌کنند که این به دلیل کار کردن سیستم کاهش نویز است.,0,-1,neutral,negative,False,-1,1,95,20,adjacent_class_error,predicted_more_negative
1581,همچنین یک برنامه بسیار کاربردی در جهت ارائه نیز می‌باشد.,2,2,very_positive,very_positive,True,0,0,56,10,correct,correct
6589,از لحاظ باتری واقعا عالیه.,2,2,very_positive,very_positive,True,0,0,26,5,correct,correct
1815,سبک و زیبا و پر قدرت!,1,1,positive,positive,True,0,0,21,6,correct,correct
12731,کاش کاتالوگ گوشی ها هم آنلاین توی سایت بود,-1,1,negative,positive,False,2,2,42,9,distant_class_error,predicted_more_positive
867,(در رنگ سفید و سورمه ای زیباتره!,0,0,neutral,neutral,True,0,0,32,7,correct,correct
9687,از هر لحاظ بهترینه، سخت افزار قدرتمندش حتما حس خوبی به آدم میده ولی این که خیلی از قابلیت هاش در ایران کار نمیکنه خیلی بده .,-2,2,very_negative,very_positive,False,4,4,124,27,distant_class_error,predicted_more_positive
12022,طبق بررسی بنده در سایت رسمی شرکت هوآوی نرم افزاری هست به اسم HiSuite که زبان فارسی هم هست.,1,0,positive,neutral,False,-1,1,90,19,adjacent_class_error,predicted_more_negative
6141,من که خودم PS3 دارم ولی با XBOX هم بازی کردم.,0,0,neutral,neutral,True,0,0,45,11,correct,correct
384,کمینه‌ی فاصله‌ی فوکوس آن نیز در مود ماکرو 3 سانتی متر می‌باشد.,0,0,neutral,neutral,True,0,0,62,12,correct,correct
10959,قبلش هم چند روز راجب این تبلت، ایسوس پرایم و ایپد تحقیق کردم.,0,0,neutral,neutral,True,0,0,61,13,correct,correct
13086,البته احتمالا در بازار محصولاتی از برندهای دیگر را شاهد خواهید بود که مدت زمان بیشتری را شارژ بدهند.,1,1,positive,positive,True,0,0,100,19,correct,correct
9881,عین همین گوشی رو داشته باشید ..,0,0,neutral,neutral,True,0,0,31,7,correct,correct
12474,سونی Xperia V یک گوشی بین دو مدل Xperia T و Xperia J محسوب می‌گردد که همزمان با آن‌ها معرفی گردید.,0,0,neutral,neutral,True,0,0,98,21,correct,correct
6260,این گوشی در میان گوشی های دو سیم کارته کاملا یک سر و گردن بالاتره و هیچ رقیبی تو بازار ایران نداره.,2,1,very_positive,positive,False,-1,1,99,22,adjacent_class_error,predicted_more_negative
7387,• جمع بندی در کل باید گفت که HP Compaq Presario CQ58 نوت‌بوک ارزان قیمت خیلی خوبیست که امکانات خوبی را در برابر قیمتی که دارد ارائه می‌کند.,1,1,positive,positive,True,0,0,139,28,correct,correct
5848,مثلا دایرکت کال یا همون چیزی که گوش رو نزدیک گوشی میبرید با شماره طرف تماس میگیره ..,0,0,neutral,neutral,True,0,0,84,18,correct,correct
8207,بسیار خوب، پس فهمیدیم که نسخه ی Black با فاصله ی خیلی زیاد بهترین است.,2,2,very_positive,very_positive,True,0,0,70,15,correct,correct
7869,مغز متفکر این تبلت چیپ Intel Atom Z2420 است که یک پردازنده تک هسته ای با فرکانس 1.2 گیگاهرتز را کنترل می‌کند.,0,0,neutral,neutral,True,0,0,109,22,correct,correct
2453,"این دوربین مجهز به نمایشگر 2.7 اینچی با رزولوشن 230,000 پیکسل می‌باشد که هم سایز و هم رزولوشن کاملا استاندارد و خوب هستند.",1,0,positive,neutral,False,-1,1,122,23,adjacent_class_error,predicted_more_negative
5529,با تشکر از سایت خوب دیجی کالا به نظر من رزولوشن 1024*768 برای صفحه نمایش 5 اینچ کمه و اگه رم گوشی 2 گیگ بود خیلی بهتر می شد ولی در کل گوشی خوبیه,1,1,positive,positive,True,0,0,144,34,correct,correct
12017,البته شایان ذکر است که سیم کارت های همراه اول در آن هر از گاهی از شبکه خارج می شوند ولی این مشکل با سیم کارت های ایرانسل وجود ندارد.,0,-1,neutral,negative,False,-1,1,132,30,adjacent_class_error,predicted_more_negative
3589,کلیدها بسیار بزرگ بوده و با وجود اینکه کیبورد از نوع جزیره ای نیست، تایپ کردن با آن بسیار لذت بخش است.,2,2,very_positive,very_positive,True,0,0,102,22,correct,correct
11598,البته نه از آن چرخنده‌هایی که با یک تک لولا در قسمت سمت چپ بتوانند به هر سو چرخش کنند، بلکه فقط می‌تواند به سمت بالا و پایین بچرخد تا به راحتی از ارتفاع بالای سر و پایین‌تر هم بتوانید بدون کوچک‌ترین زحمتی با آن عکاسی کنید.,0,1,neutral,positive,False,1,1,222,47,adjacent_class_error,predicted_more_positive
2617,سلام من همین امروز بدستم رسید.,0,0,neutral,neutral,True,0,0,30,6,correct,correct
9372,تو این قیمت و با این مشخصات گوشی خیلی خوبیه,1,1,positive,positive,True,0,0,43,10,correct,correct
8061,به هر صورت همانطور که گفتیم، SX40 HS نسبت به SX30 IS همانطور که پسوند آن‌ها هم متفاوت می‌باشد یک دوربین انقلابی محسوب می‌شود.,2,2,very_positive,very_positive,True,0,0,125,24,correct,correct
879,این دوربین شباهتی بسیار زیاد با مدل پیشین دارد.,0,0,neutral,neutral,True,0,0,47,9,correct,correct
4865,با PS3 هم به حد کافی بازی کردم.,0,0,neutral,neutral,True,0,0,31,8,correct,correct
14,بنابراین شما می‌مانید و یک پورت USB برای اتصال به رایانه.,0,0,neutral,neutral,True,0,0,57,11,correct,correct
11099,همچنین دید در زوایای مختلف آن خوب به نظر می‌رسد.,1,1,positive,positive,True,0,0,48,10,correct,correct
3546,"""پاسخ این سوال مثبت است.",1,1,positive,positive,True,0,0,24,5,correct,correct
9484,اما اگر روشنایی را بالا ببرید وضعیت کمی بهتر می‌شود.,1,1,positive,positive,True,0,0,52,10,correct,correct
897,نمی دانیم این دو مگاپیکسل بیشتر چقدر به کار می آید.,0,0,neutral,neutral,True,0,0,51,11,correct,correct
6778,به نظرم بهترین انتخابه,1,2,positive,very_positive,False,1,1,22,4,adjacent_class_error,predicted_more_positive
1883,راستی تاچش برای من بعضی وقتها مشکل دار میشه هر چی میزنم نمیگیره .,-1,1,negative,positive,False,2,2,65,14,distant_class_error,predicted_more_positive
956,منبع تغذیه این وسیله دو عدد باتری و از نوع AA Alkaline می باشد.,0,0,neutral,neutral,True,0,0,63,14,correct,correct
7403,زیبایی در کنار قدرت .,1,0,positive,neutral,False,-1,1,21,5,adjacent_class_error,predicted_more_negative
3916,تصاویر HX200v نیز مانند بیشتر رقبا، در حالت واید کامل و زوم کامل در گوشه‌ها کنی سافت است.,0,-1,neutral,negative,False,-1,1,89,18,adjacent_class_error,predicted_more_negative
7346,• کیبورد و تاچ پدCQ58 صفحه کلیدی کاملا استاندارد و فاقد صفحه کلید عددی دارد.,1,0,positive,neutral,False,-1,1,76,15,adjacent_class_error,predicted_more_negative
2516,حافظه‌ی رم بیشتر به خصوص در باز کردن چند برنامه به صورت همزمان، و مثلا کار کردن با چند برنامه‌ی گرافیکی کاملا به کار می‌آید.,0,-1,neutral,negative,False,-1,1,124,25,adjacent_class_error,predicted_more_negative
4881,تجربه شخصی خودم در برخورد با ایکس باکس های سه چراغه در مددل elite تقریبا 1 به 20 هست.,0,0,neutral,neutral,True,0,0,85,19,correct,correct
12520,به نظر حافظه‌ی زیادی می‌آید ولی از آن جایی که دوربین این گوشی توانایی ضبط ویدیویی 720p HD دارد احتمالا زودتر از انتظار پر خواهد شد.,1,1,positive,positive,True,0,0,131,26,correct,correct
10403,دوربینبرخلاف تصور خیلی از کاربران، دوربین این گوشی نسبت به مدل پیشین یعنی Galaxy S II، تغییرات بسیاری داشته است.,0,0,neutral,neutral,True,0,0,112,20,correct,correct
6873,واقعا عالیه!,2,2,very_positive,very_positive,True,0,0,12,2,correct,correct
1448,به هر صورت دیدن یک نمایشگری لمسی بر روی دوربینی در این رده‌ی قیمت بسیار عالیست.,2,2,very_positive,very_positive,True,0,0,79,16,correct,correct
2420,داک تبلت نیز دارای صفحه نمایشی 10.1 اینچی با پنل IPS LCD و دقت 1280x800 است.,0,0,neutral,neutral,True,0,0,76,16,correct,correct
9406,گوشی خوبیه.,1,1,positive,positive,True,0,0,11,2,correct,correct
830,به نظر گوشی خوبی میاد ارتقا یافته ی Desire C,1,0,positive,neutral,False,-1,1,44,10,adjacent_class_error,predicted_more_negative
6307,بقیه مشخصات گوشی هم عالی هست و تمام بازی های HD که داشتم رو به راحتی اجرا کرد .,2,1,very_positive,positive,False,-1,1,79,19,adjacent_class_error,predicted_more_negative
7017,خیلی خوبه صفحش هم که میگن تو دنیا تکه,1,2,positive,very_positive,False,1,1,37,9,adjacent_class_error,predicted_more_positive
9045,به طبع، تمام دکمه ها و کنترل های سمت راست نمایشگر هم حذف شده اند و از آن ها فقط یک دکمه ی Playback، یک دکمه ی Record و یک دکمه ی Home باقی مانده است.,0,0,neutral,neutral,True,0,0,149,36,correct,correct
7227,کمپانی asus امسال واقعا عالی بوده .,2,2,very_positive,very_positive,True,0,0,35,7,correct,correct
1127,آقا جدا این هارد فوق العادست من امروز (9 بهمن 91) خریدمش در حالی که رقیبش یعنی My Passport شرکت وسترن دیجیتال ارزونتر بود و الان هم اصلا پشیمون نیستم.,2,-1,very_positive,negative,False,-3,3,150,30,distant_class_error,predicted_more_negative
971,تغییرات دیگر در سراسر بدنه هم ایجاد شده اند که شامل مقداری تغییر در ساخت خود بدنه، طراحی و چینش دکمه ها و البته مقداری دستگیره ی بزرگتر می شوند.,0,0,neutral,neutral,True,0,0,144,30,correct,correct
12081,طراحی پلی استیشن 2 سری 70000 نسبت به مدل قبلی خود تفاوت چندانی ندارد، ولی از لحاظ تکنولوژی تا اندازه‌ای نسبت به نسل قبلی خود برتری دارد.,1,0,positive,neutral,False,-1,1,136,27,adjacent_class_error,predicted_more_negative
6795,کانن LiDE 110 اولین از سری LiDE اسکنرهای کانن می باشد که پس از آن نیز LiDE 210 و LiDE700F موجود می باشند.,0,0,neutral,neutral,True,0,0,105,23,correct,correct
2184,دوربین:انتظار داشتیم دوربین آن 12 یا 16 باشد اما دوربین آن 8 مگا پیکسلی است البته اپل گفته که از مدل پیشین دوربین 4s برتر و بهتر است .,0,0,neutral,neutral,True,0,0,134,29,correct,correct
11115,البته متاسفانه ابن قابلیت در مورد تمامی برنامه‌ها کاربرد ندارد و تعدادی از برنامه‌ها از جمله S-Note، مرورگر، ویدئوپلیر و آفیس را شامل می‌شود که امیدواریم در نسخه های بعدی سیستم عامل، سامسونگ این نقیصه را نیز برطرف نماید.,-1,-1,negative,negative,True,0,0,220,39,correct,correct
11164,با تماس های ویدیویی Skype روی صفحه عریض تلویزیون با دیگران در تماس باشیدبا برنامه کاربردی Skype برای تلویزیون های هوشمند که به رایگان از طریق فروشگاه Samsung App در دسترس شماست می توانید از منزل خود با دوستان و بستگان در تماس باشید.,0,0,neutral,neutral,True,0,0,232,44,correct,correct
2573,امیدوارم لحظه های خوبتون رو با این دوربین ثبت کنید.,1,-1,positive,negative,False,-2,2,51,10,distant_class_error,predicted_more_negative
4879,توصیه به بستن فن اکسترنال روی پاور دستگاه نمی کنم چون مضرات خاص خودش رو داره و ممکنه به مرور زمان به دستگاهت آسیب برسونه.,0,0,neutral,neutral,True,0,0,121,25,correct,correct
12738,به نظر گوشی کاملی می اید فقط قیمت!,0,0,neutral,neutral,True,0,0,34,8,correct,correct
6292,با توجه به مشخصات و قیمت Samsung Galaxy S Duos S7562 خیلی بهتره,2,1,very_positive,positive,False,-1,1,63,13,adjacent_class_error,predicted_more_negative
10697,این طراحی منحصر به فرد در کنار قاب پلاستیکی نرم پشت گوشی، آن را بسیار خوش دست کرده و با وجود صفحه نمایش بزرگ 4.5 اینچی، به راحتی در دست جای می‌گیرد.,1,2,positive,very_positive,False,1,1,148,32,adjacent_class_error,predicted_more_positive
3814,* برای بهره‌مندی از برخی قابلیت‌ها و ویژگی‌های تلویزیون هوشمند ممکن است نیاز به ارتقای ثابت‌افزار باشد.,0,0,neutral,neutral,True,0,0,103,17,correct,correct
3752,تاچش حرف نداره.,2,2,very_positive,very_positive,True,0,0,15,3,correct,correct
3125,به لطف پردازنده قدرتمند دو هسته ای و یک گیگابایت حافظه RAM، پخش فایل های ویدئویی Full HD 1080p برای GALAXY Tab 2 هیچ مشکلی نیست.,1,1,positive,positive,True,0,0,128,26,correct,correct
9103,مزایا و معایبی که در زیر می گم طبیعتا در مقایسه با سایر گوشی های هوشمند نیست چون اونها رو امتحان نکردم.,0,0,neutral,neutral,True,0,0,103,22,correct,correct
7991,فقط gps نداره که اونم امکان واجبی نیست و لی کیفیت بالای عکسهاش اونو جبران می کنه.,1,0,positive,neutral,False,-1,1,81,17,adjacent_class_error,predicted_more_negative
6510,بی صداست.,1,1,positive,positive,True,0,0,9,2,correct,correct
1501,افکتها و قابلیت های کامل و جالبی داره که واقعا کاربردی هم هستند..,1,1,positive,positive,True,0,0,65,13,correct,correct
4285,این بند به کاربر احساس امنیت بیشتری هنگام کار کردن با دستگاه به خصوص هنگام عکس‌برداری منتقل می‌کند.,1,1,positive,positive,True,0,0,99,18,correct,correct
9402,سرعت خوبه,1,1,positive,positive,True,0,0,9,2,correct,correct
12649,فکر نکنم تو این رنج قیمت بتونید بهتر از این پیدا کنید دوربین هشت، اندروید خوب قابل اپدیت به 4.,1,1,positive,positive,True,0,0,94,20,correct,correct
8801,همچنین با وجود پشتیبانی این گوشی از Wi-Fi، 3G، Edge و GPRS و همچنین سخت افزار مناسب و صفحه نمایش بزرگ و وضوح بالای آن، مرورگری اینترنت در این گوشی به یکی از کارهای لذت بخش با آن تبدیل خواهد شد.,1,1,positive,positive,True,0,0,193,41,correct,correct
11711,و تا زمانی که سرد نمیشد درست کار نمی کرد لذا فروختمش.,-1,-1,negative,negative,True,0,0,53,12,correct,correct
8243,چند تا بازی داره که دمو هست و خوب برای مادر من مهم هم نیست .,0,1,neutral,positive,False,1,1,60,16,adjacent_class_error,predicted_more_positive
4699,حتی چند بار تو آفتاب تابستون جا مونده بود که دمای باتری رو چک می کردم 78 درجه بود به طوری که نمی شد تو دست گرفتش ولی هیچ مشکلی نداشت باتریش حداکثر 2 روز و اگه باهاش خیلی کار کنید یک روز.,0,1,neutral,positive,False,1,1,186,43,adjacent_class_error,predicted_more_positive
9183,در ضمن من دوربینم رو از digikala خریدم!,0,1,neutral,positive,False,1,1,39,8,adjacent_class_error,predicted_more_positive
727,سوالی که برای من مطرحه اینه که آیا در بلند مدت استفاده از این لپ تاپ با برق بدون ارت میتونه مشکل ساز باشه یه نه.,0,-1,neutral,negative,False,-1,1,112,26,adjacent_class_error,predicted_more_negative
3338,در واقع این دوربین از فناوری مشابه Micro Four Thirds استفاده می کند اما از آنجایی که این فناوری به نام شرکت پاناسونیک و المپوس است، شرکت سونی تصمیم گرفته که فناوری خودش را Interchangeable Lens HD camcorder بنامد.,0,0,neutral,neutral,True,0,0,212,39,correct,correct
10801,درود این محصول سامسونگ از جهات بسیاری مطلوب و قابل قبول است اما بنده بعد از خرید این محصول متوجه شدم که اولا فاقد امکان تصویر در تصویر میباشد و همینطور بعد از استفاده از عینک سه بعدی آن توسط خودم و اعضا خانواده همگی دچار سردرد و تحوع شدیم که در مقایسه با محصولات مشابه ال جی که دارای عینک پسیو هستند این معضل بزرگیست.,-2,-1,very_negative,negative,False,1,1,317,66,adjacent_class_error,predicted_more_positive
10267,نگران نخواندن فایل ها پی دی اف نباشید با نصب برنامه pdf reader فایل های pdfرا اجرا نمایید,0,1,neutral,positive,False,1,1,89,18,adjacent_class_error,predicted_more_positive
3674,با دوربین فیلم‌برداری JVC مدل GZ-MG555 دیگر برای ثبت فایل‌ها بر روی DVD یا ویرایش آن‌ها مشکلی نخواهید داشت.,1,1,positive,positive,True,0,0,107,19,correct,correct
9473,اگر در شرایط نوری خوب، بر روی یک سوژه بوسیله‌ی زوم متمرکز شوید، تصویر خیلی شفاف، خوب و با جزئیات فراوان است.,1,1,positive,positive,True,0,0,108,22,correct,correct
3200,سلام دوستان.,0,0,neutral,neutral,True,0,0,12,2,correct,correct
5500,دوربین کیفیت متوسط.,0,0,neutral,neutral,True,0,0,19,3,correct,correct
3771,در عوض می توانید مدل PJ760v را انتخاب کنید که مشخصات آن خیلی شبیه به این دوربین می باشد ولی چشمی الکترونیکی هم دارد.,0,0,neutral,neutral,True,0,0,116,24,correct,correct
603,سلام به همگی.,0,0,neutral,neutral,True,0,0,13,3,correct,correct
4345,.اما جدا از این، وقتشه بگیم از برتری هایی که این آیپاد نسبت به آیفون 5 داره !,0,1,neutral,positive,False,1,1,77,18,adjacent_class_error,predicted_more_positive
3576,شاید تنها نقطه ضعف بدنه را بتوان براق بودن سطح خارجی آن دانست که بسیار مستعد جذب اثر انگشت است و ترجیح می‌دادیم که Acer بدنه خارجی دستگاه را به یک روکش مات مجهز می‌کرد.,-1,-1,negative,negative,True,0,0,168,35,correct,correct
7500,این لپ تاپ رو من بعد از یک ماه تحقیق انتخاب کردم و خریدم.,0,0,neutral,neutral,True,0,0,57,14,correct,correct
1568,یک پردازشگر گرافیکی ARM Mali-400MP هم به این سخت افزار قدرتمند کمک می‌کند که حتی کارهای گرافیکی و سنگین‌ترین بازی‌ها را هم به راحتی پردازش کند.,1,1,positive,positive,True,0,0,143,26,correct,correct
2494,با این حال صفحه کلید ASUS X نیز کاملا دوست داشتنی است.,2,1,very_positive,positive,False,-1,1,54,12,adjacent_class_error,predicted_more_negative
7018,مطمئن باشید این گوشی رقیب خوبی برای galaxy s iii خواهد شد و همینطور apple,1,0,positive,neutral,False,-1,1,73,15,adjacent_class_error,predicted_more_negative
4143,سلام دوستان  من این گوشی رو 2-3 روزی هست که میشه گرفتم حافظه بالایی رو داره صفحه تاچش قوی هست باتریش واسه من که خوب جواب داده دوربین انتظارات رو تا حدودی برآورده میکنه بازی hd رو راحت اجرا کرده تنها عیبی که به نظرم داره کیفیت صداش هست.,1,1,positive,positive,True,0,0,235,49,correct,correct
11534,حتی عکس‌های گرفته شده در شرایط نوری ضعیف نیز از کیفیت رضایت بخشی برخوردارند.,1,1,positive,positive,True,0,0,76,14,correct,correct
1799,من فردا نوت 2 میخرم چون به یقین نیازهای مرا تامین خواهد کرد.,0,0,neutral,neutral,True,0,0,60,13,correct,correct
3375,صفحه نمایش صفحه نمایش این گوشی یک صفحه نمایش 4.3 اینچی SuperLCD 2 می‌باشد که قابلیت نمایش 16 میلیون رنگ را نیز داراست.,0,0,neutral,neutral,True,0,0,118,23,correct,correct
10780,فراموش نکنیم بگوییم که، کمینه ی نسبت کانونی این لنز در حالت واید و زوم، f/3.5-6.3 می باشد.,0,0,neutral,neutral,True,0,0,90,18,correct,correct
6664,فقط ای کاش مقداری سبک تر بود.,-1,-1,negative,negative,True,0,0,29,7,correct,correct
6919,به نظر من گوشی سونی xperia Z سر تر از htc است.,-1,1,negative,positive,False,2,2,46,12,distant_class_error,predicted_more_positive
9502,وضوح رنگاش آدم رو به تحسین وامیداره.,2,-1,very_positive,negative,False,-3,3,36,7,distant_class_error,predicted_more_negative
8716,2- حداکثر رزولوشن ضبط فیلم با دوربین اصلی 720x480 و با دوربین جلو 640x480 است.,0,0,neutral,neutral,True,0,0,78,15,correct,correct
12683,گوشی عالیی هست مخصوصا واسه بیزینس و کار با اینترنت,2,0,very_positive,neutral,False,-2,2,50,10,distant_class_error,predicted_more_negative
12287,در کل راضی هستم و میتونم به جرات بگم در این رنج دوربینی به پاش نمیرسه.,1,1,positive,positive,True,0,0,70,16,correct,correct
11789,من 4 ماهه که این گوشی رو دارم.,0,0,neutral,neutral,True,0,0,30,8,correct,correct
6042,در کل ازش راضیم.,1,1,positive,positive,True,0,0,16,4,correct,correct
9681,تک تک هستش,2,0,very_positive,neutral,False,-2,2,10,3,distant_class_error,predicted_more_negative
8795,نرم افزارسیستم عامل این گوشی نسخه 4.1 اندروید می‌باشد که به شما امکان نصب و استفاده از هزاران برنامه موجود برای این سیستم عامل خوش ساخت را می‌دهد.,1,1,positive,positive,True,0,0,146,28,correct,correct
7803,اما اگر شهر بزرگی را جستجو نمایید، نقشه 3 بعدی آن شما را بسیار هیجان زده خواهد کرد، ضمن اینکه اپل در هر نسخه جدیدی که از iOS ارائه می‌نماید، مقداری از ایرادات Maps را برطرف می‌نماید.,1,1,positive,positive,True,0,0,182,37,correct,correct
479,ارزان ترین گوشی با سیستم عامل ویندوزفون8..,1,1,positive,positive,True,0,0,42,7,correct,correct
3172,با این حال بنده 6200 رو به خاطر دوربین جلوی 2 مگا پیکسلی - ساپورت رم تا 64 - سی پی یو 1.2 و قابل آپدیت بودن به آندروید 4.1 ، ترجیح داده و خریداری کردم باید به عرض برسانم قیمت 6200 خیلی به صرفه تر از 3100 است.,1,0,positive,neutral,False,-1,1,208,49,adjacent_class_error,predicted_more_negative
10316,سرعتش مناسب و بالاست.,1,1,positive,positive,True,0,0,21,4,correct,correct
9897,Apple Iphone 4S واقعا به آدم یه احساس خیلی خوبی میده کار کردن باهاش از هر نظر عالیه.,2,2,very_positive,very_positive,True,0,0,84,18,correct,correct
3261,در صداهای متوسط، کیفیت صدای تولید شده بسیار شفاف و دقیق است.,2,2,very_positive,very_positive,True,0,0,60,12,correct,correct
8760,cpuدوهسته ای 1گیگا هرتز، gpu adreno203 وظاهرش هم که تغییر کرده اما قیمتش تنها کمی زیاد تر شده که این عالیه.,1,-1,positive,negative,False,-2,2,107,21,distant_class_error,predicted_more_negative
1715,و با قرار گیری یک لایه از جنس یاقوت بر روی لنز دوربین، هم محافظت بهتری از آن به عمل می‌آید و هم عکس‌ها شفافیت بیشتری پیدا خواهند نمود.,1,1,positive,positive,True,0,0,134,29,correct,correct
3948,فیلم برداریش حرف نداره ( میشه باهاش موزیک ویدیو ساخت ) اما متاسفانه دو هفته پیش گمش کردم .,2,-1,very_positive,negative,False,-3,3,90,19,distant_class_error,predicted_more_negative
5739,اما آنچه که با قطعیت میتوان اشاره کرد این است که رقابت در این سطح بسیار نزدیک شده است و دیگر فاصله های تکنولوژیکی به اندازه سالهای پیش تعیین کننده نیستند.,0,1,neutral,positive,False,1,1,154,31,adjacent_class_error,predicted_more_positive
8276,در ایزوهای 100 و 200 عکس‌ها کاملا بدون نویز و با کیفیت هستند.,2,2,very_positive,very_positive,True,0,0,61,13,correct,correct
10664,بهترین گوشی در حد قیمت خودشه,2,1,very_positive,positive,False,-1,1,28,6,adjacent_class_error,predicted_more_negative
3000,در موضوع اجرا بازی های سنگین باید بگم که در هردو به روانی اجرا می شوند در ایپد هیچ وقت هنگ نکرده در ایسوس هم بخاطر سخت افزار قدرتمند هنگ نخواهد کرد اما اگر به دنبال تنوع در بازی ها هستید من به شما ایسوس را پیشنهاد میکنم اما اگه به دنبال بهترین تبلت دنیا هستی بی شک Asus Transformer Pad Infinity شما را ناراحت نخواهد کرد,1,1,positive,positive,True,0,0,319,67,correct,correct
12946,همین طور می‌توانید یک سیم را به عنوان پیش فرض تعیین کنید تا همیشه برای تماس‌های خروجی از آن استفاده نماید.,0,1,neutral,positive,False,1,1,106,21,adjacent_class_error,predicted_more_positive
10658,من خودم یک ماهه TX دارم، اون آقایی که گفتن لوگوی اکسپریاش روشن نمیشه اینطور نیست و خیلی زیبا روشن میشه که در T روشن نمیشه بنظرم تنها و تنها مزیت T نسبت به TX ساپورت بیشتر اون از طرف توسعه دهنده ها هست که البته TX هم ساپورت میشه ولی خوب دیرتر از T در کل TX مزیت های بیشتری از طراحی گرفته تا موارد دیگه نسبت به T داره,1,1,positive,positive,True,0,0,315,71,correct,correct
6007,سینی جلویی قابلیت جای دادن 150 برگ کاغذ را در خود دارد.,0,0,neutral,neutral,True,0,0,55,12,correct,correct
6354,بنابراین از نظر پورت‌ها و کنترل‌های فیزیکی خیلی خلوت است و حتی دکمه‌ی شاتر دوربین هم وجود ندارد.,-1,-1,negative,negative,True,0,0,96,18,correct,correct
8406,اما مطمئنا نباید کیفیت خیلی بالایی را از آن انتظار داشته باشید چرا که چنین توانایی در زوم به معنی به کار رفتن المنت های اپتیکی خیلی زیاد در آن می باشد که هرکدام از آن ها می توانند خطای خود را داشته باشند و کاهش نور ورودی را رقم بزنند.,0,-1,neutral,negative,False,-1,1,234,51,adjacent_class_error,predicted_more_negative
9438,• سخت افزارپردازنده یک گیگاهرتزی در کنار تراشه Qualcomm، پردازنده گرافیکی 245 مگاهرتزی و رم 512 مگابایتی این گوشی باعث شده که Neo L به سریع‌ترین و قدرتمندترین گوشی تولید شده در خانواده Neo تا به این لحظه تبدیل گردد.,2,2,very_positive,very_positive,True,0,0,215,40,correct,correct
8677,تو سایت رایتل 3 مورد رو نوشته : 1- قابلیت کارکرد در شبکه نسل سوم تلفن همراه 2- امکان مکالمه تصویری نرم افزاری 3- مکالمه تصویری مبتنی بر شبکه نسل سوم که این گوشی 2 تا اول رو ساپورت میکنه اگه خودتون هم یه سر بزنید به سایت رایتل و قسمت دوم که سبز رنگه و فقط شامل قسمت های 1و 2 میشه رو امتحان کنید میبینید این گوشی تو لیست هست یعنی میشه باهاش مکالمه تصویری داشت ولی به کمک یه سری نرم افزار مخصوص این کار که فکر نمیکنم مشکلی باشه .,1,1,positive,positive,True,0,0,426,94,correct,correct
3626,این نحوه ایستادن تبلت، کار با آن و همین طور صفحه کلید متصل شده به آن را بسیار راحت‌تر می‌نماید.,1,1,positive,positive,True,0,0,95,20,correct,correct
6817,من خودم از طرفدارهای htc هستم به نظرم گوشی فوق العاده ای هست و سایز صفحه نمایش مناسبه به نسبت نوت2 .,1,1,positive,positive,True,0,0,100,22,correct,correct
12914,نتیجه : 1- سه عیب اساسی فوق آزار دهنده است.,-1,-2,negative,very_negative,False,-1,1,43,10,adjacent_class_error,predicted_more_negative
1688,در این بخش می‌توان گفت که یکنواختی همیشگی iOS در مقابل تنوع بی انتهای سیستم عامل اندروید مقداری خسته کننده می‌نماید.,-1,-1,negative,negative,True,0,0,116,21,correct,correct
11341,یک اشکال که به دوربین 550D وارد بود سرعت کند وارد شدن به مود Live view بود.,-1,0,negative,neutral,False,1,1,75,17,adjacent_class_error,predicted_more_positive
8833,من 3 ماهه ازش استفاده می کنم واقعا راضی هستم.,1,1,positive,positive,True,0,0,45,10,correct,correct
9985,به هر صورت همه چیز دوربین این گوشی خیلی خوب است.,2,2,very_positive,very_positive,True,0,0,48,11,correct,correct
1322,آنچه مسلم است طراحی زیبای آیپاد اپل چشمگیر است و با در دست گرفتن آن کیفیت ساخت اپل را احساس خواهید کرد.,2,2,very_positive,very_positive,True,0,0,103,22,correct,correct
8933,کانن در این تنظیمات یک Easy Mode هم جای داده است و این علاوه بر مود Smart Auto می‌باشد که توانایی تشخیص صحنه و سوژه را به دوربین می‌دهد.,1,2,positive,very_positive,False,1,1,136,29,adjacent_class_error,predicted_more_positive
8654,واقعا قیمتش نسبت به امکاناتش خیلی کمه این اگه سامسونگ یا اچ تی سی بود قیمتش خیلی بیشتر از اینا بود امکاناتی که این گوشی داره و آدمو بیشتر تو این رنج قیمت مجذوب خودش میکنه عبارتند از : - دو سیم کارته بودن - صفحه نمایش لمسی 4.3 اینچی - دوربین 8 مگاپیکسلی - آندروید v4.1.2 - و از همه مهمتر باتری 2460 میلی آمپری (که واقعا اکثر دارندگان گوشیهای لمسی از نداشتن یک باتری قدرتمند رنج میبرن),2,1,very_positive,positive,False,-1,1,383,79,adjacent_class_error,predicted_more_negative
6714,چون با شارژ خالی کردن باطری این امکانات هیچ بدردتون نمیخوره من یه مدل sx120 is داشتم خیلی امکانات خوبی داشت ولی چون باطری شارژی نبود بدردم نخورد و ردش کردم و الان میخوام sony wx50 بخرم چون هم کوچیک وسبکه و هم کیفیت فیلم برداریش تو این رنج قیمت بی نظیره حتما sony wx50 رو مورد بررسی قرار بدید.,1,1,positive,positive,True,0,0,292,60,correct,correct
10389,"واقعا"" با زیاد شدن رم این گوشی یکی از بهترین گوشیهای هوشمند در حال حاضر جهانه.",1,2,positive,very_positive,False,1,1,78,16,adjacent_class_error,predicted_more_positive
5171,چون هر دیسک بلورای در حدود 50 یا60 درصد خالی هستش !,0,0,neutral,neutral,True,0,0,51,12,correct,correct
12076,من خودم دارم.,0,0,neutral,neutral,True,0,0,13,3,correct,correct
2315,همانطور که گفتیم، SZ-14 همانند بسیاری از دوربین های هم رده ی المپوس از نوع دوربین های کامپکت سوپرزومی است که دستگیره ی نصفه و نیمه ای هم بر روی آن ها قرار می گیرد تا بتوانید دوربین را خیلی محکم‌تر در دست بگیرید.,0,1,neutral,positive,False,1,1,211,44,adjacent_class_error,predicted_more_positive
8726,نسبت به قیمتش فوق العادست,2,2,very_positive,very_positive,True,0,0,25,5,correct,correct
9791,همانطور که گفتیم، WX170 و WX100 دو دوربین پیشرفته و نسبتا گران قیمت از سری خود هستند.,1,0,positive,neutral,False,-1,1,85,17,adjacent_class_error,predicted_more_negative
8014,قدرت زومش باور نکردنیه!,2,0,very_positive,neutral,False,-2,2,23,4,distant_class_error,predicted_more_negative
86,این دوربین توانایی ضبط ویدیویی 1080p Full HD را نیز دارد.,1,0,positive,neutral,False,-1,1,57,11,adjacent_class_error,predicted_more_negative
4106,دوربین 3.2 مگا پیکسلی که روی این دوربین هست در مقایسه با قیمت گوشی مناسب و خوب است.,1,1,positive,positive,True,0,0,83,18,correct,correct
5246,سیستم عامل سیستم عامل تبلت GSP-X7 اندروید است.,0,0,neutral,neutral,True,0,0,46,8,correct,correct
9566,و با اومدن آندروید دیگر ios هیچ جایگاهی در سیستم عامل جدید نداره S2 بالاتر از Iphone 4s هستش و اگر برند اپل بر روی S2 بود همین گوشی قیمتش بالای 2میلیون تومن بود.,-2,1,very_negative,positive,False,3,3,161,34,distant_class_error,predicted_more_positive
10105,این در مورد Transparency Scanner هم صادق است چرا که نور پس زمینه در درب هم از همین فن آوری بهره می برد.,0,0,neutral,neutral,True,0,0,103,23,correct,correct
1747,2-دوما هر برنامه ای که میخوای دانلود کنی حتما باید بر توی خود سایت اپل یعنی Apple Store این یعنی محدودیت یعنی مثل اندورید اینطوری نیست که هر چیزی خواستی بدون هیج محدودیت دانلود کنی.,0,-1,neutral,negative,False,-1,1,181,35,adjacent_class_error,predicted_more_negative
1315,با این قیمت و امکانات مناسب واقعا بی نظیره ابعادشم مناسبه و خوش دسته دوربین 3.2هم کاملا مناسبه در این رنج قیمت بی نظیره اندروید4.1هم که جایی وسه بحث نمیذاره.,2,2,very_positive,very_positive,True,0,0,157,30,correct,correct
9241,بزرگترین تغییری که در 650D نسبت به مدل های پیشین رخ داده، استفاده از سنسور تصویر Hybrid CMOS است.,0,2,neutral,very_positive,False,2,2,97,19,distant_class_error,predicted_more_positive
10606,کیفیت مکالمه و صفحه نمایش بسیار بالا - سرعت عالی باطری نسبتا قوی - آنتن دهی قوی -عکس های قوی و بدون نویز -تاچ خیلی خوب - کیفیت عالی صدا- وزن سبک - زیبا GPS و Navigator کاملا رایگان و کاربردی با نقشه ی داخل شهر های مهم ایران (با دانلود رایگان از اینترنت طریق گوشی) اصفهان - تهران - کرج - قشم - مشهد - یزد - شیراز - کرمانشاه - تبریز - قم با سخنگوی فارسی اما معایب : برای بازی و نرم افزار و وبگردی پیشنهاد نمیشود.,2,2,very_positive,very_positive,True,0,0,410,90,correct,correct
98,به همین دلیل نیز F660 از لرزش گیر ترکیبی تصویر مکانیکی پیشرفته و الکترونیکی بهره می‌برد تا بتوانید با خیال آسوده و حتی در سرعت‌های شاتر پایین و بزرگنمایی های بالا نیز عکس‌های خیلی شارپ و با کیفیتی تولید کنید.,2,1,very_positive,positive,False,-1,1,208,40,adjacent_class_error,predicted_more_negative
2598,توصیه میکنم Canon IXUS 1000 HS بخرید که: 1) کانون هست 2) ژاپنیه 3) بدنه تمام فلز 4)باطری فوق العاده ای داره از دیجیکالا بخرید چون هم گارانتیش واقعا معتبره هم قیمتش عالیه.,2,2,very_positive,very_positive,True,0,0,170,33,correct,correct
10712,به لطف تراکم پیکسلی بسیار بالای صفحه نمایش و پردازنده قدرتمند، مرورگری اینترنت با این گوشی بسیار روان و لذت بخش است و هیچ‌گونه جای شکوه یا گلایه ای وجود ندارد.,2,2,very_positive,very_positive,True,0,0,159,31,correct,correct
3957,دوربین خیلی خیلی خوبی هست.,2,2,very_positive,very_positive,True,0,0,26,5,correct,correct
12262,کیفیت عکسش هم از مدلهای تو همین رده بهتره ولی عالی نیست.,1,-1,positive,negative,False,-2,2,56,12,distant_class_error,predicted_more_negative
297,که اصلا اینطور نیست چون اولا دکمه ها لمسی هستند و با گرمایش دست کار میکنند پس هیچ ربطی به فشار زیاد یا کم نداره !,0,0,neutral,neutral,True,0,0,113,26,correct,correct
774,پورت micro-USB در لبه پایینی این دستگاه قرار دارد و در لبه سمت راست آن نیز کلید کم و زیاد کردن صدا تعبیه شده است.,0,0,neutral,neutral,True,0,0,113,25,correct,correct
1226,اما یک نکته در مورد مدیا پلیر این گوشی لازم به ذکر است.,0,0,neutral,neutral,True,0,0,55,13,correct,correct
4439,حالا چند سانتیمتر ضخیمتر باشه جای کسی رو اشغال نکرده که,0,0,neutral,neutral,True,0,0,55,11,correct,correct
10937,حتی اگه به تکنولوژی خاص این قلم هم نیازی نداشته باشی به هیچ عنوان نمیشه با یک قلم عادی که برای سایر تبلت ها می خری مقایسه اش کنی.,1,-1,positive,negative,False,-2,2,129,29,distant_class_error,predicted_more_negative
349,به جز کلیدهای Enter، Space و کلید Shift سمت راستی، بقیه کلیدها ابعاد استانداردی دارند و در کل کیبورد G580 یک تجربه تایپ کردن بسیار راحت و لذت بخش را در اختیار کاربران خود قرار می‌دهد.,1,1,positive,positive,True,0,0,183,36,correct,correct
3840,* استفاده از قابلیت ذخیره‌سازی در وب مستلزم ثبت نام جداگانه نزد یک ارائه کننده ثالث فضای ذخیره‌سازی می‌باشد.,0,0,neutral,neutral,True,0,0,108,19,correct,correct
8668,در مقایسه با دو سیمکارته Glaxy S DUOS که ظاهر بسیار زیبا و کاملا مشابه با S III داره بسیار در طراحی اینگوشی ال جی ضعیف عمل شده.,-1,2,negative,very_positive,False,3,3,127,28,distant_class_error,predicted_more_positive
4926,من هم یه چند ماهی می شه که این کنسول رو خریدم.,0,0,neutral,neutral,True,0,0,46,12,correct,correct
1428,خوشبختانه دگمه های Start و Ctrl+Alt+Del همچنان عمل خواهند نمود3-عملکرد متفاوت پد موس در MacBook ها تفاوت در عملکرد scroll و پیچیدگی Right Click در این سری کامپیوترها4-میزان دوام باتری در Windows بسیار کمتر از 7 ساعت است چیزی در حدود 4.5 ساعت5-قیمت بالای این مدل در مقایسه با سایر مدلهای موجود در بازار ما را به نتیجه گیری می رساند که این مدل برای عکاسان، طراحان گرافیک، کسانی که در صنعت ساخت فیلم و مونتاژ فعالیت می کنند و نهایتا کاربرانی که بتوانند با سیستم عامل Mac کار کنند مناسب است و سایر عاشقان اپل بهتر است مدل غیر Retina را که هم زمان با معرفی این محصول با سخت افزار های ارتقاع یافته با همان قیمت سابق به بازار عرضه شده برگزینند.,0,2,neutral,very_positive,False,2,2,637,124,distant_class_error,predicted_more_positive
258,دکمه های لمسیش سخته کار کردن باهاش.,-1,-1,negative,negative,True,0,0,35,7,correct,correct
12357,مدل خیلی خوبیه!,2,2,very_positive,very_positive,True,0,0,15,3,correct,correct
8354,الان که با این دوربین مقایسه اش کردم دیدم هنوزم از canon سرتره.,0,-1,neutral,negative,False,-1,1,63,13,adjacent_class_error,predicted_more_negative
11093,البته در کنار تبلت هم یک شکاف جهت قرار گرفتن قلم موجود می‌باشد.,0,0,neutral,neutral,True,0,0,63,13,correct,correct
7895,که این امر کمی تعجب آور است زیرا در دست نگه داشتن و عکس گرفتن با تبلت های هفت اینچی بسیار راحت‌تر از تبلت های ده اینچیست.,2,1,very_positive,positive,False,-1,1,121,27,adjacent_class_error,predicted_more_negative
6890,این گوشی باطریش قابل تعویض نیست و همچنین رادیو ندارد ضمن اینکه ظرفیت باطریش خیلی کمه و زود شارژ خالی میکنه و همیشه باید یک شارژ در برق همراهتان بکشید اینور و آنور معلوم نیست چرا HTC این عیوب آشکار را در گوشی های جدیدش برطرف نمی کنه و مشکل همچنان ادامه داره .,-1,-1,negative,negative,True,0,0,258,54,correct,correct
1681,با وجود ابعاد کوچک این گوشی، به نظر می‌رسد که اپل مجبور بوده فضای داخلی آن را به صورت بسیار حرفه ای مدیریت کند، و یکی از تغییرات در مورد کانکتور آن اعمال گردید.,0,2,neutral,very_positive,False,2,2,160,34,distant_class_error,predicted_more_positive
2812,با استفاده از Wi-Fi به راحتی و بدون اینکه نیاز باشد دوربین را با کابل به کامپیوتر یا لپ تاپ وصل کنید، می‌توانید عکس‌ها و فیلم‌ها را به صورت بی‌سیم منتقل کنید.,1,1,positive,positive,True,0,0,158,32,correct,correct
1922,نسبت به 4s پیشرفت کرده اما تو طراحی ظاهری که اصلا به دلم ننشست!,-1,1,negative,positive,False,2,2,63,14,distant_class_error,predicted_more_positive
3597,از لحاظ پردازش گرافیکی، سری E1-531 به دو دسته تقسیم می‌شوند.,0,0,neutral,neutral,True,0,0,60,11,correct,correct
1804,همه امکانات را مخصوصآ در اینترنت برایتان به آسانی فراهم میکند.,1,1,positive,positive,True,0,0,62,11,correct,correct
5344,یک آندروید بهینه شده توسط مهندسین گوگل نه شرکای تجاری گوگل3.,0,0,neutral,neutral,True,0,0,60,11,correct,correct
2173,-----------------------------------------------------------------------1.طراحی:چی بگم ؟,0,0,neutral,neutral,True,0,0,87,3,correct,correct
8574,سلام و با تشکر از پرسنل دیجی کالا بعد از کار 1هفته با این گوشی درکل می توان معایبش اینگونه گفت: 1- برنامه ها کپی نمیشه روی SD یا نمیشه روی SD نصبشون کرد 2- حافظه 4گیگ 2گیگ بیشتر نمیمونه واستون 3-دکمه های پایین نور نداره تو شب اذیت میشی 4- باتریش زود خالی میشه نسبتا مزایا: -1 یک دوسیمکارت خوب که کلی شبکه مخابراتی ساپورت میکنه 2- اندروید جدید -3 سی پی یو خوب ولی عالی نیست -4 خوش دست و خوش ساخت درکل میتونم بگم شاهکاریه واسه ال جی واقعا من که خوشحالم انتخابش کردم و اصلا پشیمون نیستم,1,-1,positive,negative,False,-2,2,483,101,distant_class_error,predicted_more_negative
11303,در قسمت بالای دوربین پیچ تنظیم آشنای همه ی DSLRها دیده می‌شود.,0,0,neutral,neutral,True,0,0,62,12,correct,correct
12923,X1-00 بهترین گوشی برای کسانی که به شارژ موبایل اهمیت می دهند بود که با 1466 ساعت شارژ استند بای ، هیچ گاه به طور رسمی وارد ایران نشد و مدل دو سیمکارته آن X1-01 که شارژ کمتری را نگه میدارد به طور رسمی وارد کشور شد ؛ آنهم در دو رنگ نامناسب از نظر من، قرمز و آبی مدل تک سیمکارته 206 دارای 1132 شارژ استندبای است.,0,1,neutral,positive,False,1,1,309,68,adjacent_class_error,predicted_more_positive
8625,امکاناته بالایی نسبت به قیمتش داره.,1,1,positive,positive,True,0,0,35,6,correct,correct
5198,قدرت واقعی N43SM در زیر بدنه‌ی آن قرار دارد.,0,0,neutral,neutral,True,0,0,44,9,correct,correct
9992,و سوال دوم اینکه آیا این آپگرید ارزشش را داشته است یا نه؟,0,0,neutral,neutral,True,0,0,57,13,correct,correct
2982,کسی که تبلت اندرویدی میخواد بهتر از این گیرش نمیاد این جور که سخت افزارش نشون میده از نت10.1 هم بهتره,1,1,positive,positive,True,0,0,101,21,correct,correct
10128,این گوشی فوق‌العادست با آپدیت کردن به آندروید 4 مشکل باطری حل میشه و دیگه هیچ مشکلی نداره پیشنهاد می کنم حتما اگه قصد خرید گوشی تو این رنج دارین اینو انتخاب کنید از دیجی کالا هم ممنونم,1,1,positive,positive,True,0,0,184,38,correct,correct
11657,دوربینش که خیلی خوبه مخصوصا تو روز ولی تو شب کیفیت عالی نداره ولی خوبه.,1,2,positive,very_positive,False,1,1,71,15,adjacent_class_error,predicted_more_positive
3439,پس از این مقدمه کوتاه به معرفی یکی از این پرینترها چند کاره می‌پردازیم.,0,0,neutral,neutral,True,0,0,71,14,correct,correct
12572,باتریاین برای ما بسیار خوشایند و امیدوار کننده بود که چنین شارژدهی باتری را از iPhone مشاهده کردیم.,2,2,very_positive,very_positive,True,0,0,99,18,correct,correct
8412,دکمه ی Play Back نیز به جایی که پیش از این دکمه ی Record وجود داشته منتقل شده است.,0,0,neutral,neutral,True,0,0,82,19,correct,correct
7466,البته رزولوشن سنسور واقعا 5.3 مگا پیکسل نیست و نهایتا 1.3 مگا پیکسل می‌باشد که باز هم به روش‌های دیجیتالی افزایش پیدا کرده است.,0,0,neutral,neutral,True,0,0,127,24,correct,correct
4914,مهم گرافیک هست، که xbox 360 بهتر از ps 3 هست.,1,1,positive,positive,True,0,0,45,11,correct,correct
12969,این پرینتر به شما اجازه ی استفاده از کارت حافظه برای پرینت مستقیم از روی آن و پیش نمایش عکس ها بر روی نمایشگر رنگی 2.4 اینچی را می دهد.,1,1,positive,positive,True,0,0,135,30,correct,correct
3877,این را هم بگوییم که گستره‌ی سرعت شاتر HX200v از 1/4000 ثانیه تا 30 ثانیه می‌باشد که گستره‌ای کاملا حرفه‌ای و در حد دوربین‌های DSLR سطح مبتدی است.,1,0,positive,neutral,False,-1,1,145,28,adjacent_class_error,predicted_more_negative
6171,فقط کافیه که یه سرعت 256 داشته باشین تا بتونین به جمعیت جهانی وصل بشین و با این کار تازه دنیای xbox واستون باز میشه.,1,0,positive,neutral,False,-1,1,116,25,adjacent_class_error,predicted_more_negative
3313,جبران نوردهی نیز تا 2EV عمل می کند.,0,0,neutral,neutral,True,0,0,35,8,correct,correct
10398,صفحه نمایشدر قسمت جلویی گوشی، صفحه نمایش بسیار بزرگ 4.8 اینچی Super AMOLED با رزلوشن 720x1280 قرار دارد که کیفیت فوق‌العاده بالایی دارد.,2,2,very_positive,very_positive,True,0,0,136,23,correct,correct
711,من یه 4530 دارم از همه لحاظ عالیه اصلا هم داغ نمیکنه 4540 هم ورژن جدید همون هستش فکر نمیکنم مشکل داغ کردن داشته باشه، hp های قدیمی مشکل داغ کردن داشتن ولی جدیدا ندارن.,1,1,positive,positive,True,0,0,167,35,correct,correct
2514,از نظر حافظه‌ی RAM و هارد دیسک نیز، ASUS X در تنوع خیلی خوبی موجود می‌باشد.,2,0,very_positive,neutral,False,-2,2,75,16,distant_class_error,predicted_more_negative
12536,وقتی که ویدیوهای HD را بر روی آن مشاهده کنید حتما شگفت‌زده خواهید شد.,2,2,very_positive,very_positive,True,0,0,69,14,correct,correct
1250,به نظر خیلی خوب میاد مخصوصا داک هم داره,2,2,very_positive,very_positive,True,0,0,39,9,correct,correct
4479,تصاویر گرفته شده با دوربین 8 مگا پیکسلی این گوشی (که به سنسور Exmore R نیز مجهز است) از کیفیت نسبتا خوبی برخوردارند.,1,1,positive,positive,True,0,0,116,23,correct,correct
3064,شما با نصب برنامه اسکچ بوک موبایل و یا اسکچ بوک پرو روی این تبلت میتونید یک سخت افزار 583 گرمی سبک و کارآمد رو در امر طراحی با خودتون همیشه همراه داشته باشید.,1,0,positive,neutral,False,-1,1,158,34,adjacent_class_error,predicted_more_negative
9751,سخت افزار مناسب، نرم افزار به روز، شارژ دهی خوب و طراحی زیبا، Xperia Tipo را به یک گوشی دوست داشتنی تبدیل نموده است.,1,1,positive,positive,True,0,0,116,24,correct,correct
5831,این گوشی با توجه به سخن متخصصین سایت دیجی کالا و همچنین کاربرای عزیزی که این گوشی رو در اختیار دارند و از عملکرد اون آگاهند به واقع یک ابر گوشی در بین گوشی های هوشمنده و یکی از محبوبترین گوشی‌های همراه در دنیا.,2,1,very_positive,positive,False,-1,1,210,44,adjacent_class_error,predicted_more_negative
11846,از همه امکاناتش استفاده کردم.,0,0,neutral,neutral,True,0,0,29,5,correct,correct
4493,رام های غیر رسمی کامل اندروید 4.1.2 برای این گوشی اومده که واقعا گوشی رو معرکه میکنه.,1,1,positive,positive,True,0,0,85,17,correct,correct
6009,پنل بالایی از پلاستیک مشکی مات ساخته شده و این در حالی است که اطراف آن به رنگ براق می‌باشد.,0,0,neutral,neutral,True,0,0,91,20,correct,correct
4617,شفافیت صفحه نمایش .,1,0,positive,neutral,False,-1,1,19,4,adjacent_class_error,predicted_more_negative
787,این گوشی دارای 4 گیگابایت حافظه داخلی است و امکان ارتقاء حافظه آن تا 32 گیگابایت از طریق کارت حافظه microSD نیز وجود دارد.,0,0,neutral,neutral,True,0,0,122,24,correct,correct
12925,زمان استند بای برای نسخه دو سیم کارته این گوشی 680 ساعت (بیش از 28 روز) است.,0,0,neutral,neutral,True,0,0,76,17,correct,correct
7715,app store.,0,0,neutral,neutral,True,0,0,10,2,correct,correct
11484,ولی همونطور که میبینیم امکاناتی که تو این گوشی استفاده شده مثل پردازنده ی 4 هسته ای( که دیدیم اپل با پردازنده ی دو هسته ای آیفون 5 همه ی چهار هسته ای ها رو شکست داد پس فقط نمیتوان به اعداد و ارقام توجه داشت).,-1,0,negative,neutral,False,1,1,208,46,adjacent_class_error,predicted_more_positive
12424,وزن این گوشی کمتر اعلام شده و در یک بار تست غیر همزمان دستی به نظرم tx سبکتر آمد!,0,1,neutral,positive,False,1,1,81,19,adjacent_class_error,predicted_more_positive
631,یکی از لپ تاپ های خوب شرکت HP هستش.,1,1,positive,positive,True,0,0,35,9,correct,correct
6980,گوشیه بسیار خوبیه.,1,2,positive,very_positive,False,1,1,18,3,adjacent_class_error,predicted_more_positive
8227,امروز این 308 طلایی خریدم .,0,0,neutral,neutral,True,0,0,27,6,correct,correct
11811,.حرف نداره..,2,2,very_positive,very_positive,True,0,0,12,2,correct,correct
2384,دراخر باید بگم ایفون5گوشی که تو دنیا حرف اولو میزنه.,0,1,neutral,positive,False,1,1,52,10,adjacent_class_error,predicted_more_positive
10109,اما رنگ های خاکستری کمی تمایل به رنگ آبی دارند.,-1,0,negative,neutral,False,1,1,47,10,adjacent_class_error,predicted_more_positive
5086,البته استفاده از مود چیپ در حال حاضر به هیچ عنوان توصیه نمی شود و تقریبا هیچ کدام از مغازه دار ها هم برروی کنسول های ۳۶۰ خود مود چیپ نصب نمی کنند به دلیل این‌که هکر‌ها روش دیگری برای کپی خور کردن XBOX360 پیدا کرده اند به طوری که با هک کردن نرم افزار درایو دیسک خوان کنسول، آنرا کپی خور می کنند.,-1,-1,negative,negative,True,0,0,294,64,correct,correct
11241,این می تواند مقداری برای حرفه ای ترها یا عکاسانی که بیشتر به سرعت های بالا احتیاج پیدا می کنند نگران کننده باشد.,-1,1,negative,positive,False,2,2,112,23,distant_class_error,predicted_more_positive
9276,شما می توانید با تمام عملکردها، منوها و زیر منوها کار کنید.,0,0,neutral,neutral,True,0,0,59,12,correct,correct
11495,در قسمت جلو و پشت گوشی دو لایه از شیشه ضد خش Gorilla Glass قرار دارند.,1,0,positive,neutral,False,-1,1,70,16,adjacent_class_error,predicted_more_negative
8573,به جز باطری که نسبتا ضعیف است در مجموع و با توجه به رنج قیمت گوشی بسیار خوبی است,1,1,positive,positive,True,0,0,80,19,correct,correct
7975,تنها عیبش به نظر بنده اینه که موقع فیلمبرداری صدای لنز یه کم تو فیلم هست.,-1,-1,negative,negative,True,0,0,73,16,correct,correct
10152,در کل گوشی خوبیه.,1,1,positive,positive,True,0,0,17,4,correct,correct
5585,جعبه‌ی این گوشی را که باز می‌کنید با تجهیزات خیلی ساده ای مواجه می‌شوید.,-1,0,negative,neutral,False,1,1,72,14,adjacent_class_error,predicted_more_positive
9375,کلید‌های فیزیکی زیر صفحه نمایش خیلی سفت هستن و سرعت کار رو پایین میارن بخصوص اینکه صفحه لمسی خیلی حساسی داره و حین کار با اون بخوای از کلیدهای فیزیکی هم استفاده کنی، تضاد این دو تا خیلی اذیت میکنه!,-2,-1,very_negative,negative,False,1,1,197,40,adjacent_class_error,predicted_more_positive
10318,شماره گیر هوشمند هم براحتی روش نصب میشه.,1,2,positive,very_positive,False,1,1,40,8,adjacent_class_error,predicted_more_positive
3043,از لحاظ کیفیت اسکرین و تراکم پیکسلی ان واقعا چیزی کمتر از ایپد جدید ندارد.,0,1,neutral,positive,False,1,1,74,15,adjacent_class_error,predicted_more_positive
10134,گوشی فوق‌العاده‌ایه,2,2,very_positive,very_positive,True,0,0,19,2,correct,correct
6060,سرعت چاپش خیلی خوبه.,2,2,very_positive,very_positive,True,0,0,20,4,correct,correct
3806,* سطح امنیت تشخیص چهره به اندازه ورود با شناسه و اسم رمز بالا نیست.,-1,1,negative,positive,False,2,2,67,15,distant_class_error,predicted_more_positive
3543,همه چیز بسیار روان بوده و کوچک‌ترین کاهش سرعتی در حین کار کردن با گوشی احساس نخواهید کرد.,1,2,positive,very_positive,False,1,1,89,18,adjacent_class_error,predicted_more_positive
9218,در ایران بیشتر بالاست.,0,0,neutral,neutral,True,0,0,22,4,correct,correct
12134,با این حال پشتیبانی از این نوع باتری ها باعث می شود که اگر به سفری ماجراجویانه رفتید که به الکتریسیته برای شارژ باتری دسترسی نداشتید می توانید چند جفت باتری غیر قابل شارژ با خود ببرید تا هر با که یک جفت تمام شد آن را تعویض کنید.,0,1,neutral,positive,False,1,1,228,49,adjacent_class_error,predicted_more_positive
11837,میزان دوام باطری گوشی میتونست بهتر از این باشه امتیاز من به این گوشی 9.6 از 10,1,1,positive,positive,True,0,0,78,17,correct,correct
6998,"قویترین چیپ ست های شرکتهایی مثله Qualcomm و TI , Nvidia در حد چیپ ست های نسل قبل سامسونگ و اپل هم نیستند.",-1,0,negative,neutral,False,1,1,105,23,adjacent_class_error,predicted_more_positive
12404,با مقایسه میشه متوجه شدکه چیپ cpu و پردازنده گرافیکی این گوشی فوق العاده قوی هستش و از همه مهمتر این هستش که این گوشی ضد آب و ضد خش می باشد.,2,1,very_positive,positive,False,-1,1,140,32,adjacent_class_error,predicted_more_negative
8410,با این حال ظاهر کمی جدی تر شده و در چینش دکمه ها نیز تغییراتی ایجاد شده است.,1,1,positive,positive,True,0,0,76,18,correct,correct
2499,بدین ترتیب که اگر در حال تایپ کردن در یک وسیله‌ی نقلیه باشید، ممکن است در اثر تکان‌ها، قسمت پایین کف دست شما مرتبا به تاچ پد برخورد کند و عمل کلیک انجام شود.,0,0,neutral,neutral,True,0,0,157,34,correct,correct
4817,شاید به این دلیل که دراین مدل برخلاف مدل قبلی xr-520 فلاش این دوربین در بالای ان قرار دارد و فلاش آن کوچکتر از xr-520 شده است. 3-منوها در مقایسه با مدل قبلی کمی پیچیده به نظر می رسد دوستان مطالب بالا فقط برای آگاهی بیان شد و این اشکالات به نظر شخص دیگری شاید زیاد هم به چشم نیاید.,-1,-1,negative,negative,True,0,0,280,60,correct,correct
10885,من تازه خریدمش فوق العادست یعنی هیچ ایرادی نمیشه بهش گرفت جز..,2,2,very_positive,very_positive,True,0,0,62,12,correct,correct
11323,مود M یا Manual شوتینگ مود عکاسی کاملا دستی می‌باشد.,0,0,neutral,neutral,True,0,0,52,10,correct,correct
2788,این در حالیست که توانایی زوم 5 برابر می‌تواند برای گرفتن عکس‌های پرتره هم مناسب باشد.,1,1,positive,positive,True,0,0,85,16,correct,correct
12622,به تجربه عرض می کنم.,0,0,neutral,neutral,True,0,0,20,5,correct,correct
4335,امروز بیست و نهم شهریور نود و یک هستش و نقدی که می خونین قبل از اومدن این محصول نوشته میشه :یک آپدیت فوق العاده.,2,2,very_positive,very_positive,True,0,0,112,25,correct,correct
2073,با سلام خدمت تمامی عزیزانی که قصد دارند با تمام نقدهایی که از سوی دیگر دوستان خوندند، یک نقد عادلانه را از کسی که تجربه کار با محصولات اندروید رو به مدت سه سال داشته و یک سال هم از محصولات اپل استفاده کرده بخونند.,0,0,neutral,neutral,True,0,0,213,45,correct,correct
934,این دوربین نیز همانند مدل پیشین توانایی فیلم برداری Full HD باسرعت 60 فریم بر ثانیه در فرمت AVCHD را دارد که البته می‌توانید کنترل کاملی را نیز بر روی پارامترهای نوردهی در هنگام فیلم برداری داشته باشید.,1,0,positive,neutral,False,-1,1,202,38,adjacent_class_error,predicted_more_negative
11853,از لحاظ امکانات چیزی از گوشی های گرون قیمت کم نداره (مثل desire hd و.,1,1,positive,positive,True,0,0,69,15,correct,correct
8366,سلام به همه دوستان که خریدار این دوربین هستن من 8 ماه پیش با کلی تحقیق و این سایت اون سایت گشتن با بودجه ای که داشتم تصمیم گرفتم SX40 بخرم واقعا ازش راضیم برای کسی که مبتدیه و میخواد کارشو شروع کنه تو عکاسی عالیه میگن 12.1 ولی خیلی کیفیتش خوبه یه زومش: عالیه چون مثلا یه فاصله ی خیلی دور میاری نزدیک بعد با کیفیت عجیب عکس میگیره ادم خیلی لذت میبره مثلا فاصله تا 1کیلومترو(تو طبیعت) میاری جلو نزدیک نزدیک بعد یه عکس با کیفیت بالا خیلی زومش جالبه ولی جدا از زوم هیچ کمبودی نداره با قیمت روز به نظرم می ارزه حالا امروز امدم تو سایت دیدم SX50 آمده شاید قبلا بوده من ندیدم من که تازه دیدم یه مقایسه کردم با مدله قبلیش هیچ تغییره محسوسی نکرده ایزوش خیلی خوب شده قبول دارم زومش 35 که فوق العادست پس 50 چی میتونه باشه(فکر نکنم نیاز بشه) فقط تنها فکر کنم چیزی که سرتر با فرمت RAW ذخیره میکنه که مدله قبلش نیست بعضی جاها هم SX40 سرتره حالا باز تصمیم با خودتونه اگه اختلاف قیمتشون براتون مهم نیست زیاد SX50 خوبه ولی اگه نه جدی دارم میگم زیاد تفاوت نداره شک نکن SX40,0,2,neutral,very_positive,False,2,2,954,199,distant_class_error,predicted_more_positive
7103,نهایتا بر روی قاب پشتی گوشی نیز، دوربین 8 مگاپیکسلی به همراه فلاش LED قرار دارند که به همراه یک لوگوی HTC و لوگوی Beats، زیبایی خاصی را به قاب پشتی بخشیده‌اند.,1,1,positive,positive,True,0,0,159,32,correct,correct
6305,ال سی دی این گوشی در مقایسه با نوت2 و اس3 بسیار روشن تر و واضح تر هست به طوری که اصلا باور نمیکنید تا نبینید .,2,2,very_positive,very_positive,True,0,0,110,27,correct,correct
12155,خوشبختانه کانن توانسته که بیشتر دکمه ها و کنترل های دیگر دوربین های سری Rebel را بر روی این یکی نیز حفظ کند.,1,0,positive,neutral,False,-1,1,108,23,adjacent_class_error,predicted_more_negative
8084,من این گوشی رو از دیجی کالا خریدم و از لحاظ کارایی پرفکته همچنین از لحاظ شارز نگه داشتن اما ایراد بزرگی که داره سخت افزاریه و اون اینه که پس از استفاده تقریبا شش تا نه ماه دیگه باطری نگه نمیداره و قسمت پایین گوشی داغ میشه و قابل تعمیر هم نیست چون مخزن باطریش چسبیده به برد اصلی یعنی پرسه و نمیشه قطعه ی خرابو برداشت و یکی سالمشو جاش گذاشت.,-1,-1,negative,negative,True,0,0,339,73,correct,correct
6066,تا حالا مشکلی نداشته و خیلی خوب کار کرده.,2,2,very_positive,very_positive,True,0,0,41,9,correct,correct
13048,پبشنهاد من به شما دوستان عزیز این است که اگر قصد خرید یک PDA را دارید اما قدرت خرید دستگاههایی مثل HTC یا Imate را ندارید IPod Touch را تجربه کنید قطعا شما را غافلگیر خواهد کرد,2,0,very_positive,neutral,False,-2,2,176,37,distant_class_error,predicted_more_negative
3336,همچنین می تواند از لنزهای مختلفی از سری A-mount که برای دوربین های DSLR سونی ارایه شده اند، با یک اداپتور هماهنگ کننده استفاده کند.,0,0,neutral,neutral,True,0,0,131,25,correct,correct
7630,جمع بندیدر کل، باید بگوییم همان‌طوری که در اوایل نقد اشاره داشتیم، این گوشی برای دوست داران Galaxy S III که توان خرید این گوشی را ندارند و یا ابعاد بزرگ آن برایشان مناسب نیست، بهترین گزینه می‌باشد.,1,2,positive,very_positive,False,1,1,197,38,adjacent_class_error,predicted_more_positive
4255,در حد گوشی های سامسونگ با قیمت بالاتر، قابلیت داره.,1,1,positive,positive,True,0,0,51,10,correct,correct
12207,ظریف و دوست داشتنی.,2,1,very_positive,positive,False,-1,1,19,4,adjacent_class_error,predicted_more_negative
12606,در مورد اندرویدش باید بگم خود Sony Companion Pc به راحتی براتون به نسخه 4 تبدیل میکنه اما بعدش چراغ Notification دیگه برای اس ام اس کار نمیکنه.,-1,0,negative,neutral,False,1,1,143,28,adjacent_class_error,predicted_more_positive
4745,حافظه داخلی گوشی کمه.,-1,0,negative,neutral,False,1,1,21,4,adjacent_class_error,predicted_more_positive
11799,قیمت این گوشی با امکاناتی که داره واقعا مناسبه.,1,2,positive,very_positive,False,1,1,47,9,adjacent_class_error,predicted_more_positive
11406,دوربین 8 مگاپیکسل بی ادعا هست که مثل وان ایکس و اس 3 هست تقریبا .,0,0,neutral,neutral,True,0,0,65,16,correct,correct
5908,بازی های سنگین با گرافیک بالا هم مثل آسفالت 7 بخوبی رو سری G جواب داد ولی یه مشکلی از نظر من که داره (بازم میگم از نظر من) اینه که پیش گوشی های دیگه انگار جلوه نداره و احساس میکنی گوشی اسباب بازیه ولی در کل هیچی کم نداره.,0,1,neutral,positive,False,1,1,221,50,adjacent_class_error,predicted_more_positive
12893,.هندزفریش رو بندازید دور اصلا بدرد نمیخوره کیفیت آهنگ ها با هندزفری دیگه بد نیست.,-2,-2,very_negative,very_negative,True,0,0,81,15,correct,correct
1646,این جنس آلومینیوم، همان موادیست که اپل در تولید لپ تاپ‌های خود نیز از آن بهره می‌برد.,0,1,neutral,positive,False,1,1,85,17,adjacent_class_error,predicted_more_positive
476,بزودی بازار برمیگرده به سمت نوکیا  این گوشی هم از هر نظر عالیه  هم سخت افزار  نرم افزار  زیبایی  منتظرشم بیاد، خیلی دوست دارم بخرمش,2,1,very_positive,positive,False,-1,1,131,25,adjacent_class_error,predicted_more_negative
10814,واقعا از گوشی بالاتر است سیستم عامل فوق العاده کیفیت بسیار عالی و ظاهر زیبا اما واقعا قیمتش مناسب نیست با این قیمت به راحتی می شه یه گوشی یا حتی یه تبلت 7 اینچی اندرویدی خرید.,-1,1,negative,positive,False,2,2,175,37,distant_class_error,predicted_more_positive
8027,همانند دیگر دوربین‌های دیجیتال پیشرفته‌ی امروزی، لنز این دوربین هم از لرزش‌گیر اپتیکال تصویر بهره می‌برد تا لرزش دست شما باعث تار شدن تصویر نشود.,1,1,positive,positive,True,0,0,145,25,correct,correct
7622,به لطف سخت افزار مناسب، نسخه 4.1 اندروید و صفحه نمایش بزرگ، مرورگری اینترنت برای کاربران Galaxy S III Mini به کاری لذت بخش تبدیل خواهد شد.,1,2,positive,very_positive,False,1,1,138,27,adjacent_class_error,predicted_more_positive
6346,با در نظر گرفتن تجهیزات سخت افزاری قدرتمندی که درون بدنه جای گرفته، بدنه‌ی باریک Galaxy S II در نوع خود یک شاهکار مهندسی محسوب می‌شد.,1,2,positive,very_positive,False,1,1,133,26,adjacent_class_error,predicted_more_positive
4018,باید دید قیمتش چنده.,0,0,neutral,neutral,True,0,0,20,4,correct,correct
10280,همیشه پیشنهادات ویژه دیجی کالا ویژه بوده!,0,0,neutral,neutral,True,0,0,41,7,correct,correct
12634,"من چند روز این گوشی رو خریدم، گزینه های خریدم pro,u,p بودن که با توجه به امکانات و قیمت، pro رو انتخاب کردم.",0,0,neutral,neutral,True,0,0,108,23,correct,correct
5381,در زیر صفحه نمایش هم 4 کلید کنترلی خازنی وجود دارند.,0,0,neutral,neutral,True,0,0,52,11,correct,correct
5331,این گوگل داره چی کار میکنه!,0,0,neutral,neutral,True,0,0,27,6,correct,correct
8465,بدین ترتیب می توانید با استفاده از اهرم زوم عمل زوم را با این لنز انجام دهید تا احساس کامپکت بودن را به شما منتقل کند.,1,1,positive,positive,True,0,0,118,26,correct,correct
7705,ای کاش تبلت های اپل قلم داشت,-1,-1,negative,negative,True,0,0,28,7,correct,correct
8389,وای پسر 50x زوم اپتیکال فکر نکنم دیگه کانن توی بخش سوپر زوم رقیبی داشته باشه البته باید کیفیت عکس ها رو با مدل های نیکون مقایسه کرد!,1,0,positive,neutral,False,-1,1,132,28,adjacent_class_error,predicted_more_negative
6947,چون: 1- باتریش قابل تعویض نیست.,-1,-1,negative,negative,True,0,0,31,6,correct,correct
4253,نسبت به قیمتش گوشیه خوبیه گوشی اولیم وای 200 بود بعد از اون میخوام اینو بگیرم,1,1,positive,positive,True,0,0,77,16,correct,correct
529,اسکنر های مدرن CIS از بعضی مشکلات جزئی به دلیل استفاده از فناوری LED بهره می برد که کمی باعث دانه دانگی می شود.,-1,0,negative,neutral,False,1,1,111,24,adjacent_class_error,predicted_more_positive
116,با این حال در کل عکس‌ها از نظر نور دهی و رنگ‌ها خیلی خوب هستند.,2,2,very_positive,very_positive,True,0,0,63,15,correct,correct
808,باتری انرژی مورد نیاز برای این دستگاه توسط یک باتری لیتیوم یونی تامین می‌شود که دارای ظرفیت 1650 میلی آمپر است.,0,0,neutral,neutral,True,0,0,111,21,correct,correct
5961,از دیگر مودهای موجود بر روی این دوربین می‌توان به Superior Auto، Easy Shooting، Scene selection، Picture Effect و Background defocus اشاره کرد.,0,0,neutral,neutral,True,0,0,143,23,correct,correct
2936,کسی که تبلت میخره دوست داره در هر جایی به اینترنت دسترسی داشته باشه.,0,0,neutral,neutral,True,0,0,68,14,correct,correct
1017,در حالی که FT1 توانایی تحمل فشار آب، فقط تا عمق 3 متری را داشت، FT3 می‌تواند فشار آب تا عمق 12 متری را تحمل آورد، تا حتی اگر یک غواص و یا علاقه‌مند به عکاسی زیر آب هستید، بدون هیچ مشکلی بتوانید صحنه های بسیار زیبای بستر نزدیک به ساحل یک خلیج را عکاسی کنید.,2,2,very_positive,very_positive,True,0,0,256,56,correct,correct
3515,قابلیت دوم اضافه شده نیز مربوط به برنامه مسیجینگ است.,0,0,neutral,neutral,True,0,0,53,10,correct,correct
1295,من راضی هستم.,1,1,positive,positive,True,0,0,13,3,correct,correct
2328,اگرچه قیمت دوربینهای این شرکت در مقایسه با امکانات آن کمی گران به نظر میرسد اما جا دارد این محصولات رو بیشتر به خریداران معرفی کنید,0,-1,neutral,negative,False,-1,1,131,26,adjacent_class_error,predicted_more_negative
5929,اما اکنون سونی با HX10v، HX20v و HX30v وارد مرحله‌ی تازه‌ای شده است.,0,0,neutral,neutral,True,0,0,68,13,correct,correct
2393,برخلاف مدل پیشین، PadFone 2 از کلیدهای نرم افزاری برای کنترل قسمت‌های مختلف سیستم عامل استفاده نکرده و در پایین صفحه نمایش، سه کلید سخت افزاری لمسی خازنی وجود دارند.,0,0,neutral,neutral,True,0,0,165,30,correct,correct
11517,رابط کاربری دوربین کاملا تغییر کرده است و با حرکت دادن انگشت دست بر روی صفحه نمایش، می‌توان تنظیمات مربوط به دوربین را تغییر داد.,0,0,neutral,neutral,True,0,0,129,25,correct,correct
12949,از دیگر قابلیت‌های این گوشی می‌توان به امکان پخش موسیقی و ویدیو اشاره کرد.,0,0,neutral,neutral,True,0,0,74,14,correct,correct
4358,چون آیپاد تاچ 4 نازک و سبک بود و راحت می افتاد و معمولا صفحه ش می شکست (مثل مال خودم!,0,1,neutral,positive,False,1,1,85,21,adjacent_class_error,predicted_more_positive
12141,این گوشی عالیه واسه اس ام اس اما چند تا ایراد داره اینترنتش به درد نمی خوره از بس صفحه اش کوچکه و دیر لود میشه,-1,-1,negative,negative,True,0,0,110,26,correct,correct
11456,فکر کنم قیمتش از گلگسی اس 3 و وان ایکس پایین تر باشه,0,-2,neutral,very_negative,False,-2,2,52,13,distant_class_error,predicted_more_negative
1466,این دوربین از باتری لیتیوم-یونی قابل شارژ NB-11L بهره می‌برد که در هر بار شارژ کامل توانایی پشتیبانی برای گرفتن تا 180 عکس را دارد.,1,1,positive,positive,True,0,0,131,25,correct,correct
10610,دوربینش 15 فریم بر ثانیه فیلم برداری میکنه و بدنه ش ضدخش نیست و فلاش نداره.,-2,-1,very_negative,negative,False,1,1,75,16,adjacent_class_error,predicted_more_positive
12000,من باهاش تو اینترنت رفتم از طریق wifi.,1,0,positive,neutral,False,-1,1,38,8,adjacent_class_error,predicted_more_negative
5531,ظاهرش چنگی به دل نمیزنه برخلاف p880 که با امکانات فوق‌العاده اش قیمت استثنایی داره.,-1,-1,negative,negative,True,0,0,83,15,correct,correct
481,لومیا ۶۲۰ اگر چه ارزون ترین لومیا در میان سری جدید گوشی های نوکیا با ویندوز فون ۸ به حساب میاد اما تعداد زیادی از سایت ها این گوشی رو با توجه به قیمت و امکاناتش متوازن ترین لومیا و بهترین خرید در میان گوشی های هوشمند ارزون قیمت به حساب میارن.,1,1,positive,positive,True,0,0,242,52,correct,correct
1894,(با یک کاور حل میشه!,1,1,positive,positive,True,0,0,20,5,correct,correct
6951,گوشیه فوق العاده ایست.,1,2,positive,very_positive,False,1,1,22,4,adjacent_class_error,predicted_more_positive
6093,کیفیت کار این پرینتر عالیست .,2,2,very_positive,very_positive,True,0,0,29,6,correct,correct
3764,بعلاوه میدان دید این لنز در حالت واید بسیار گسترده است و کمینه ی فاصله ی کانونی معادل 26 میلی متر را ارائه می دهد که این عالیست.,2,2,very_positive,very_positive,True,0,0,128,28,correct,correct
9169,اما Desire V با دارا بودن پردازنده یک گیگاهرتزی، صفحه نمایش 4 اینچی، دوربین 5 مگاپیکسلی و نسخه 4.0 سیستم عامل اندروید، امکانات متنوع و مناسبی را در قالب یک گوشی هوشمند دو سیم کارته در اختیار کاربران قرار می‌دهد.,1,1,positive,positive,True,0,0,211,40,correct,correct
3072,کیفیت بدنه فلزی تبلت خیلی خوب است.,2,2,very_positive,very_positive,True,0,0,34,7,correct,correct
4293,به علاوه نسل پنجم iPod Touch، اولین عضو خانواده این مالتی مدیا پلیرهاست که از دستیار صوتی Siri بهره می‌برد.,1,0,positive,neutral,False,-1,1,107,20,adjacent_class_error,predicted_more_negative
12906,) برای پیامک دارند، 112 یا 100 نوکیا را مدنظر قراردهند.,0,0,neutral,neutral,True,0,0,55,11,correct,correct
13014,در این دوربین مانند مدل HD7 امکان فیلم‌برداری به صورت 1080×1920 در نظر گرفته نشده است اما می‌تواند با رزولوشن 1080×1440 کار کند.,0,0,neutral,neutral,True,0,0,128,23,correct,correct
3598,دسته اول مدل‌هایی که از کارت‌های گرافیک مجزای NVIDIA GeForce سری 600M بهره می‌برند و دسته دوم مدل‌هایی که از پردازنده گرافیکی آنبورد Intel HD 3000 بهره می‌برند.,0,0,neutral,neutral,True,0,0,160,28,correct,correct
2061,با سلام گوشی خوبیه ولی منو نا امید کرد به نظر من آیفون 4اس رو کمی پیشرفته کردن شده آیفون5 اون چیزی که انتظار داشتم نیست پس درود بر سامسونگ و گوشی فوق العاده آن یعنی نوت2 .,-1,-1,negative,negative,True,0,0,171,38,correct,correct
6595,با سلام به همه عاشقان تکنولوژی.,0,1,neutral,positive,False,1,1,31,6,adjacent_class_error,predicted_more_positive
609,کیبوردش واقعا عالیه.,2,2,very_positive,very_positive,True,0,0,20,3,correct,correct
10871,در ضمن صفحه نمایش این تبلت ضعیف نیست..,1,1,positive,positive,True,0,0,38,8,correct,correct
11197,خبری از Joy Stick Mark III و ردیف دکمه های سمت چپ نمایشگر آن نیز بر روی 6D نیست.,0,0,neutral,neutral,True,0,0,80,19,correct,correct
2422,اما مهم‌ترین نکته در مورد این دو صفحه نمایش، تکنولوژی DynamicDisplay این دستگاه است.,0,0,neutral,neutral,True,0,0,84,14,correct,correct
9880,ولی شما می تونید با یه آیپاد تاچ و یه موبایل معمولی .,0,0,neutral,neutral,True,0,0,53,13,correct,correct
9416,) تاچ بسیار خوب و روونی داره و با یک اشاره حرکت می کنه.,1,2,positive,very_positive,False,1,1,55,14,adjacent_class_error,predicted_more_positive
8383,من داشتم اس ایکس 40 میخریدم این هنوز نیومده بود زیاد تفاوت نداره فقط زومش باز قوی تر شد و ایزو متفاوتش و دامنه ایزوش زیادتر شد برد فلشش پایینتر امد و رزولوشنش بالا رفت به نظر من اس ایکس 40 خوش فرمتره,-1,0,negative,neutral,False,1,1,199,43,adjacent_class_error,predicted_more_positive
2195,بزرگترین اتفاق آیفون 5 نسخه ی جدید ios بود.,0,0,neutral,neutral,True,0,0,43,9,correct,correct
6179,اول به لنز دستگاه شک کردم ولی مشکل از لنز نبود کم کم متوجه شدم که دستگاه حتی بازی اصلی رو هم نمیخونه.,-1,-1,negative,negative,True,0,0,101,23,correct,correct
6198,قاب پشتی مقداری بافت دارد که با وجود عمق کم بافت‌ها، تاثیر خوبی بر امنیت گوشی در دست می‌گذارد و تا حدود زیادی مانع لیز خوردن گوشی می‌شود.,1,1,positive,positive,True,0,0,137,28,correct,correct
11563,اندازه حسگرش مثل سایر کامپکتاست.,0,0,neutral,neutral,True,0,0,32,5,correct,correct
7986,دوربین خیلی خوبیه اما کیفیت عکس fz150 از این بهتره,-1,2,negative,very_positive,False,3,3,50,10,distant_class_error,predicted_more_positive
2076,کار با گوشی های سامسونگ نیز همین حس را در شما بوجود می آورد تنها با تفاوتی کم و لذت بخش تر.,1,1,positive,positive,True,0,0,91,22,correct,correct
886,لنزی که بر روی P520 استفاده شده دقیقا همانی است که بر روی مدل پیشین هم وجود داشت.,0,0,neutral,neutral,True,0,0,81,18,correct,correct
12856,همین نیز باعث می شود که این پرینتر بیشتر مناسب استفاده های خانگی یا دفاتر کاری کوچک باشد.,0,0,neutral,neutral,True,0,0,89,18,correct,correct
6213,حافظه داخلی Galaxy Grand Duos 8 گیگابایت می‌باشد که با وجود پشتیبانی این گوشی از کارت حافظه microSD می‌توان آنرا تا 64 گیگابایت دیگر افزایش داد.,1,1,positive,positive,True,0,0,144,26,correct,correct
10562,صفحه نمایش آن کاملا راضی کننده و با کیفیت است.,2,2,very_positive,very_positive,True,0,0,46,10,correct,correct
9950,این کار را برای پاسخ به یک پیام متنی هم می‌توانید به کار گیرید.,0,0,neutral,neutral,True,0,0,63,14,correct,correct
4523,آقای علی بهمنی میشه دلیل نظرتون رو بگین؟,0,0,neutral,neutral,True,0,0,40,8,correct,correct
2387,PadFone 2 نزدیک به 140 میلی‌متر طول و 9 میلی‌متر ضخامت دارد که کمی بزرگ‌تر و ضخیم‌تر از Samsung Galaxy S III می‌باشد و آن را به یکی از بزرگ‌ترین گوشی‌های ساخته شده تا به امروز تبدیل کرده است.,0,0,neutral,neutral,True,0,0,191,39,correct,correct
2126,واقعا شگفت انگیزه ولی واقعا قابلیت شخصی سازیش پایینتر از رقیب خود اندرویده به علاوه محدودیت هایی همچون :نصب انلاین نرم افزار ها بدون رادیوبلوتوث غیر فعال برای خیلی چیزا و.,-1,1,negative,positive,False,2,2,171,31,distant_class_error,predicted_more_positive
3054,با یک بار شارژ کامل این تبلت و داک آن می توانید با خیالی آسوده به ماجراجوئی در دل طبیعت بروید و از تعطیلات آخر هفته به همراه این تبلت لذت ببرید.,1,1,positive,positive,True,0,0,144,32,correct,correct
10450,سلام، من این گوشی رو یک ماهی هست که گرفتم گیر یا هنگ کوتاه زیاد داره اما آخرین نسخه اندروید را روش نصب کردم واقعا عالی شد-بدون هنگ-عالی-هیچ مشکلی در آنتن دهی وجود نداره فقط دوربینش ضعیفه,1,1,positive,positive,True,0,0,186,37,correct,correct
11482,دوربین و..,0,0,neutral,neutral,True,0,0,10,2,correct,correct
8981,با فشردن دکمه‌ی شاتر تا نیمه، نوردهی، نقاط فوکوس، ترازسفیدی و تمامی پارامترهای دیگر بستگی به اینکه در چه مود شوتینگی باشید تنظیم می‌شود تا به محض فشردن کامل دکمه‌ی شاتر عکس گرفته شود.,0,0,neutral,neutral,True,0,0,183,34,correct,correct
4290,از آنجایی که اپل بدنه iPod Touch را باریک‌تر کرده، ابعاد این بلندگو نیز کاهش یافته است.,1,1,positive,positive,True,0,0,87,17,correct,correct
7976,می‌تونم بگم عالی‌!,2,2,very_positive,very_positive,True,0,0,18,3,correct,correct
1876,باسلام در جواب نظر قبلی دوست عزیز: البته همین شرکت‌هایی که نام بردید و فروش هم دارند فقط بخاطر سیستم عامل شرکت گوگل (آندروید) هستند که جون گرفتند.,0,0,neutral,neutral,True,0,0,146,28,correct,correct
1400,نرم افزار به طور پیش فرض Retina MacBook Pro از سیستم عامل OS X نسخه Lion استفاده می‌کند ولی اپل به خریداران این لپ‌تاپ، امکان ارتقا به Mountain Lion را به صورت رایگان فراهم کرده است.,1,0,positive,neutral,False,-1,1,182,36,adjacent_class_error,predicted_more_negative
12298,کیفیت عکسش توی هر شرایطی گرفتیم عالی و بدون خطای رنگ کار کرد و عکاسی سه بعدی و پانوراما که بسیار عالیه .,2,2,very_positive,very_positive,True,0,0,104,23,correct,correct
12397,سلام بر همه ی عزیزان به نظر من یکی از گوشی های کامل سونی میباشد (تقریبا کامل ) اگه باطریش حداقل 2000 میلی آمپر بود تا حالا خریده بودمش تشکر از سایت خودمون دیجی کالا,1,0,positive,neutral,False,-1,1,164,35,adjacent_class_error,predicted_more_negative
10499,سلام به نظر من گوشی عالی هست من امروز خریدمش,1,2,positive,very_positive,False,1,1,44,10,adjacent_class_error,predicted_more_positive
10902,من دارمش نسبت به قیمتش زیاد خوب نیست من همیشه میگم ای کاش asus می خریدم,-1,-1,negative,negative,True,0,0,71,16,correct,correct
8332,اگر جزو کسانی هستید که با گوشی خود زیاد ویدئو نگاه می‌کنید، HTC One X یکی از بهترین انتخاب‌ها برای شماست.,1,1,positive,positive,True,0,0,105,21,correct,correct
8099,به نظرم به صرفه نیست,-1,-1,negative,negative,True,0,0,20,5,correct,correct
3672,Event Selection نیز کارآیی جالبی دارد.,1,1,positive,positive,True,0,0,38,6,correct,correct
4960,۵ اینچی لپ تاپ دارد اکس باکس از هاردهایی شبیه همان هارد های لپ تاپ ولی با تغییر ظاهری و ساخت مایکروسافت را استفاده می کند.,0,0,neutral,neutral,True,0,0,122,26,correct,correct
1170,سرعت انتقال اطلاعات هم تو این هارد نسبت به هارد های ضدضربه و حتی بسیاری از هارد های عادی هم خیلی بهتره من خودم با USB 3 کمتر از 100 مگابایت نمیشه البته یه چیز تو سرعت انتقال از هارد کامپیوتر به این هارد تاثیر گذاره سرعت هارد کامپیوتره پس اگه هارد رو خریدید و داشتید کپی میکردید رو این هارد و سرعت کم بود اصلا غصه نخورید چون مشکل از هارد نیست با USB 2 خیلی سرعت کپی پایین میاد مثلا اگه 100 باشه میاد حدود 30 تا 40 مگ بر ثانیه در کل بگم که اگه USB 3 دارید و دنبال هارد میگردید این هارد رو حتما نسبت به بقیه هارد ها تو اولویت اول قرار بدید .,1,-1,positive,negative,False,-2,2,538,120,distant_class_error,predicted_more_negative
4166,سرعت بالای cpu دوربین مکالمه ویدئویی خوب نصب مستقیم برنامه ها و بازی های بر روی SD کارت بازی های HD رو هم راحت اجرا میکنه اما معایب: دوربین گوشی با اینکه 5 مگاپیکسله اما زیاد چنگی به دل نمیزنه.,1,-1,positive,negative,False,-2,2,193,40,distant_class_error,predicted_more_negative
10670,در مورد نقد آقای مسیح صالحی لازم دونستم که بگم زمانی که این سری گوشیا معرفی شدن پرچم دار سونی T معرفی شد TX که 4g نداره دوربین هم که هم نوع لنز یکیه هم سنسور به کار رفته در T و TX نسخه بلوتوث هم که یکی هستند *صفحه نمایش هم چون خودم مقایسه نکردم نمیتونم چیزی بگم * جفتشون هم تا 10 انگشت ساپورت میکنند لوگو اکسپریا TX هم که روشن نمیشه تفاوت عمدشون در طراحیشونه که TX ظریفترو قشنگ تر به نظر میاد یعنی تفاوت زیادی ندارن جز اینکه T کیفیت بدنه بهتری داره به انضمام باتری قویتر اختلاف قیمتشون هم به این خاطر که T مدت بیشتریه وارد بازار شده همین ،,0,0,neutral,neutral,True,0,0,539,116,correct,correct
10910,من کیفیت نوشتن آیپد نیو رو هم مقایسه کردم که قابل مقایسه با این نبود.,1,-1,positive,negative,False,-2,2,69,15,distant_class_error,predicted_more_negative
12626,من دوستم داره ، امکانات زیاد ، اندروید نسخه 4 ، دوربین 8 مگاپیکسل که خیلی عالی و واقعی هست من پیشنهاد میکنم یکی بخرید من هم می خواهم یکی بخرم .,2,2,very_positive,very_positive,True,0,0,143,32,correct,correct
2504,اکثر کانفیگ ها از پردازنده های Core کمپانی اینتل یا پردازنده های چهار هسته ای سری A کمپانی AMD بهره می‌برند.,0,0,neutral,neutral,True,0,0,108,21,correct,correct
6853,صدای با کیفیت بیت هم از همه بهتر سخت افزار قوی هم جزو بهترین ویژگی هاشه!,1,2,positive,very_positive,False,1,1,72,16,adjacent_class_error,predicted_more_positive
5594,از رقبای دیگر در دیگر برندها نیز می‌توان به HTC Desire C، HTC One V و حتی HTC Explorer اشاره کرد.,0,0,neutral,neutral,True,0,0,97,21,correct,correct
9534,iphone1 یه انقلاب بود اما دیگه نه.,-1,0,negative,neutral,False,1,1,34,7,adjacent_class_error,predicted_more_positive
2117,ایا واقعا قابل رقابت با بهترین های همه پلفترم ها هست ؟,0,2,neutral,very_positive,False,2,2,54,12,distant_class_error,predicted_more_positive
986,در نظر بگیرید که سرعت شاتر این دوربین تا 1/4000 ثانیه بالا می رود.,0,0,neutral,neutral,True,0,0,66,14,correct,correct
1975,برخلاف نظر برخی دوستان، تراکم پیکسل این گوشی 326 ppi هست و گلگسی اس3 هم 316 نیست 306 هستش حامد آقایی عزیز این گوشی میکرو سیم کارت نمیخوره که با کاتر حل شه نانو سیم کارت میخوره,0,0,neutral,neutral,True,0,0,175,37,correct,correct
12413,اما ایرادش اینه که دوربین جلوش ضعیفه .,-1,-1,negative,negative,True,0,0,38,8,correct,correct
9516,دوستان گلکسی نوت 2 و اس3 رو با این مینی کامپیوتر مقایسه نکنید تا وقتی در دست نگیرید نمیفهمید چه موبایلیه - انصافا جنس بدنه اش از گلکسی ها بهتر نیست ؟,1,0,positive,neutral,False,-1,1,149,32,adjacent_class_error,predicted_more_negative
13013,دوربین فیلم‌برداری JVC مدل GZ-HD3 به سه عدد CCD کارآمد 570.000 پیکسلی برای ثبت تصویر مجهز است.,1,0,positive,neutral,False,-1,1,94,17,adjacent_class_error,predicted_more_negative
10356,لنوو برند قابل اعتماد و خوبیه.,2,1,very_positive,positive,False,-1,1,30,6,adjacent_class_error,predicted_more_negative
1111,ویدئو.,0,0,neutral,neutral,True,0,0,6,1,correct,correct
9326,با این حال ابعاد آن کاملا کوچک است و به غیر از قطر، در عرض و طول حتی از SX160 IS هم کوچکتر می باشد.,0,1,neutral,positive,False,1,1,99,25,adjacent_class_error,predicted_more_positive
6243,نوت N7000 داشتم اینو گرفتم راضیم.,1,0,positive,neutral,False,-1,1,33,6,adjacent_class_error,predicted_more_negative
10272,اگر میگن این گوشی باتریش ضعیفه جیو اصلا باتری نداره.,1,-1,positive,negative,False,-2,2,52,10,distant_class_error,predicted_more_negative
4146,هر کی نخره ضرر کرده بازی های hd رو بدون کوچکترین مشکلی اجرا میکنه.,1,1,positive,positive,True,0,0,66,14,correct,correct
575,• سخت افزار داخلی سری 4540s از لحاظ سخت افزار داخلی از تنوع بسیار بالایی برخوردارند.,1,2,positive,very_positive,False,1,1,84,16,adjacent_class_error,predicted_more_positive
1814,میزان SAR این گوشی اگر چه در حد استاندارد می باشد اما باید به آن توجه داشت.,0,1,neutral,positive,False,1,1,75,17,adjacent_class_error,predicted_more_positive
5425,اما به همه این امکانات یک فلاش LED را نیز اضافه نمایید.,0,1,neutral,positive,False,1,1,55,12,adjacent_class_error,predicted_more_positive
2684,البته از تنظیمات داخل دوربین هم می توان این کار را انجام داد.,0,-1,neutral,negative,False,-1,1,61,13,adjacent_class_error,predicted_more_negative
11463,من خودم با این گوشی در تاریکی عکس گرفتم و این گوشی به خوبی از پس آن ها برآمد!,1,1,positive,positive,True,0,0,77,19,correct,correct
12532,آقای Steve Jobs در معرفی این دستگاه درباره‌ی کیفیت این نمایشگر صحبت کرد و ادعا کرد که کیفیت آن به کیفیت چشم انسان می‌رسد.,1,1,positive,positive,True,0,0,121,24,correct,correct
2285,برین یه گوشی معمولی بگیرین).,0,0,neutral,neutral,True,0,0,28,5,correct,correct
11632,من دارمش خیلی خیلی عالیه..,2,2,very_positive,very_positive,True,0,0,26,5,correct,correct
4989,البته روش هایی وجود دارند که از شناسایی شون شما توسط مایکروسافت جلوگیری میکنند اما قطعی نیستند.,0,0,neutral,neutral,True,0,0,95,17,correct,correct
10384,UFDtoGo، ابزار قدرتمندی است که شما را برای هماهنگ کردن یا یکسان سازی اطلاعات (Synchronization)، ایمیل ها و لینک های مورد علاقه (Favorites) کمک نموده و به شما این امکان را می دهد که اطلاعات خود را بهمراه داشته باشید.,1,0,positive,neutral,False,-1,1,215,40,adjacent_class_error,predicted_more_negative
4985,در ضمن قیمت بازی های اون هم به دلیل کپی خور شدن دستگاه بسیار مناسب است (حدودا 3000 تومان) .,2,2,very_positive,very_positive,True,0,0,91,20,correct,correct
9202,در کل انتخاب خوبی هست برای ورود به دنیای عکاسی حرفه ای و قطعا شما رو به گرفتن عکسهای پیاپی ترغیب میکنه.,1,0,positive,neutral,False,-1,1,103,22,adjacent_class_error,predicted_more_negative
7971,عکسهای بسیار با کیفیتی میشه با این دوربین گرفت.,0,2,neutral,very_positive,False,2,2,47,9,distant_class_error,predicted_more_positive
8145,در قسمت جلوی این گوشی صفحه نمایش 3.5 اینچی و در زیر آن سه دکمه لمسی قرار گرفته‌اند.,0,0,neutral,neutral,True,0,0,83,18,correct,correct
6887,در ضمن در مورد باطری این رو هم بگم که مسلما باطری ضعیفه چون این توان انرژی رسانی به صفحه نمایش با این همه تعداد پیکسل رو که خودش هم از جنس ال سی دی و پر مصرف هست رو تا بیشتر از 5 یا 6 ساعت نداشته باشه.,-1,0,negative,neutral,False,1,1,201,49,adjacent_class_error,predicted_more_positive
8999,سپس در آخر روز آن‌ها را پشت سر هم می‌چسباند تا یک فیلم Time Lapse در فرمت VGA به عنوان Over View از وقایع آن روز و پیش از گرفته شدن هر عکس بدست آید.,0,0,neutral,neutral,True,0,0,148,35,correct,correct
12051,اصلا هم هنگ می کنه بازیه HD هم روش نصب کردم .,2,1,very_positive,positive,False,-1,1,45,12,adjacent_class_error,predicted_more_negative
7661,دوربین 13 هم که دیگه حرفی نمیذاره!,2,0,very_positive,neutral,False,-2,2,34,7,distant_class_error,predicted_more_negative
11239,مورد دیگری که در D600 هم وجود دارد و به آن اشاره کردیم، بیشینه ی سرعت شاتر این دو دوربین است که تا 1/4000 ثانیه بیشتر نیست.,-1,0,negative,neutral,False,1,1,123,27,adjacent_class_error,predicted_more_positive
7177,**از لحاظ زیبایی معرکست!,2,2,very_positive,very_positive,True,0,0,24,4,correct,correct
12329,WX50 با ابعاد 92.2 × 52 × 19.1 میلی متر دوربینی کاملا کوچک و باریک است.,1,1,positive,positive,True,0,0,71,16,correct,correct
8844,فقط فلش هربار با روشن کردن دوربین بیرون میاد که کاش این امکانو زمانی که دوربین در حالت عکاسی با فلش بود قرار میدادن.,0,-1,neutral,negative,False,-1,1,116,24,adjacent_class_error,predicted_more_negative
7069,فکر نکنم تا گلکسی بعدی گوشی ای بهتر از این بیاد، همه چیزش تکمیله,1,1,positive,positive,True,0,0,64,14,correct,correct
1620,با سلام به غیر از اندروید جدیدش و رم دو گیگی چیز قابل توجهی نداره مدل 7.7 اینچی که مال دوسال پیشه از این خیلی سرتره سامسونگ داره پس رفت میکنه,-1,-1,negative,negative,True,0,0,141,31,correct,correct
5089,سوال: منظور از میان‌افزار (Firmware) و آپدیت آن چیست؟,0,0,neutral,neutral,True,0,0,53,9,correct,correct
9774,"این دوربین در ضمن مجهز به نمایشگر 2.7 اینچی 230,000 پیکسلی نیز هست که در برابر دیگر ویژگی های این دوربین کاملا استاندارد می‌باشد.",1,2,positive,very_positive,False,1,1,129,24,adjacent_class_error,predicted_more_positive
10008,• باتریگوشی پدفون از یک باتری 1520 میلی آمپر-ساعتی بهره می‌برد که در کارکرد عادی، به راحتی تا یک روز شارژدهی می‌کند.,1,1,positive,positive,True,0,0,116,22,correct,correct
6531,تنها بر روی لبه سمت راست دستگاه، کلیدهای پاور و کنترل صدا قرار دارند.,0,0,neutral,neutral,True,0,0,69,14,correct,correct
3147,قصد دارم بخرمش .,0,0,neutral,neutral,True,0,0,16,4,correct,correct
3748,در مقایسه با نوکیا 500 هم سرعتش فوق‌العاده بالاتره هم wlan سرعت خیلی بالاتر و گیرنده‌ی قویتری داره و هم برنامه هایی که اون به خاطر سیستم اندروید میگره خب خیلی خیلی بیشتره.,2,2,very_positive,very_positive,True,0,0,171,33,correct,correct
12743,در قسمت جلوی دستگاه و در بالای نمایشگر یک دوربین برای مکالمه‌ی ویدیویی قرار دارد که ظاهرا کیفیتی بسیار خوب VGA را ارایه می‌کند.,2,2,very_positive,very_positive,True,0,0,127,24,correct,correct
12864,این پرینتر کاملا مناسب استفاده های سبک می باشد.,1,2,positive,very_positive,False,1,1,47,9,adjacent_class_error,predicted_more_positive
7972,خیلی راحت میشه این دوربین رو تو دست گرفت و ارگونومی این دوربین بسیار خوب هست .,2,2,very_positive,very_positive,True,0,0,78,17,correct,correct
9619,"و شاید یک پردازنده 4 هسته ای برای گوشی هوشمندی بانام i phone5,مناسب تر بود.",-1,1,negative,positive,False,2,2,75,15,distant_class_error,predicted_more_positive
1205,• قلم در کنار داک تبلت این گوشی، یک قلم بلوتوث نیز وجود دارد.,0,0,neutral,neutral,True,0,0,61,14,correct,correct
4773,فوکوس اتوماتیک بسیار عالی عمل میکنید.,2,2,very_positive,very_positive,True,0,0,37,6,correct,correct
12781,خیلی خوبه ولی نه با این قیمت ، گلکسی II میخوردش ، با سرعت بیشتر ، صفحه لمسی بهتر و سایز بزرگتر مخصوصا از لحاظ بازی که انقدر اپل روش مانور میده ، اون بالا نوشته بود که کسایی که این گوشی رو دوست ندارن پول خریدنش رو ندارن ، این تعصبیه که شما به خرج میدید ، اصلا صفحه ورود اپل رو نگاه کنید صفحه ورود گلکسی یا حتی htc سنیسشن رو هم نگاه کنید ، تفاوت گرافیکش رو هم میتونید حس کنید که فقط یک تابو بیشتر نیست ، فوق العادست ولی بهترین گوشی دنیا نیست.,-1,1,negative,positive,False,2,2,440,98,distant_class_error,predicted_more_positive
5167,حافظه‌ی eDRam از دو بخش اساسی تشکیل شده است: ۱/ حافظه این قسمت وظیفه‌ی ذخیره‌ی اطلاعات کلی مورد نیاز برای پردازنده‌ی گرافیکی را بر عهده دارد.,0,0,neutral,neutral,True,0,0,141,26,correct,correct
10256,شک نکنین که این گوشی از کل گوشی هایی که سامسونگ تا الان زده بهتره.,1,1,positive,positive,True,0,0,66,15,correct,correct
4706,این گوشی از هر جهت از Optimus Black بهتره.,1,0,positive,neutral,False,-1,1,42,9,adjacent_class_error,predicted_more_negative
5638,اگه دیجی کالا بیاره حتما نفر اول خودم میخرم!,1,0,positive,neutral,False,-1,1,44,9,adjacent_class_error,predicted_more_negative
5946,"به همین دلیل نیز گستره‌ی حساسیت یا ایزو آن تا 12,800 است که عالیست.",2,2,very_positive,very_positive,True,0,0,67,14,correct,correct
1430,سری A دوربین های کامپکت کانن، ارزان قیمت ترین و ابتدایی ترین رده‌ی دوربین های کامپکت این شرکت می‌باشند.,0,0,neutral,neutral,True,0,0,103,19,correct,correct
2806,264 ثبت می‌گردند.,0,0,neutral,neutral,True,0,0,17,3,correct,correct
4193,در اجرای انواع بازی عملکرد رضایت‌بخشی داره نکته اینجاست که مثه آرک اس داغ نمی کنه و اما به نظر من یکی از مهم ترین خصوصیات یک اسمارت فون مصرف باتری اون هست که در مدت 6 ساعتی که باهاش بازی کردم فیلم با نور و صدای بلند گوش کردم با وای فای از بازار دانلود کردم تا باتری اولیش خالی بشه کلا رضایت‌بخش می شه اگه بهتون بگم که وقتی واسه اولین بار روشن کردم گوشی رو 46% بود باتری این یعنی عملکرد باتری امید‌بخشی در آینده می شه ازش انتظار داشت  خوش‌دسته ولی از فیلم برداری این گوشی نمیشه انتظار زیادی داشت با این قیمت فقط میشه گفت کامل,1,-1,positive,negative,False,-2,2,524,111,distant_class_error,predicted_more_negative
1673,در تست Google V8 نیز آیفون 5 مکان اول را به خود اختصاص داد و بعد از آن One X و آیفون 4S مکان‌های بعدی را به خود اختصاص دادند.,0,-1,neutral,negative,False,-1,1,125,30,adjacent_class_error,predicted_more_negative
12415,گوشی v مدلی بین دو گوشی tx و j است و قابل مقایسه با Z نیست.,0,0,neutral,neutral,True,0,0,59,16,correct,correct
237,سلام هر کی الان ion داره باید تجربه کرده باشه که با ضربه زدن به این دکمه های لمسی تقریبا اعصاب خودشو خورد میکنه همونطور که گفتم باید لمسشون کنین از پایین به بالا اصلا نقطه ای نیست فقط تست کنین,-1,0,negative,neutral,False,1,1,192,41,adjacent_class_error,predicted_more_positive
625,سه ماهی میشه که با همکاری یکی از دوستان این لب تاپ رو خریدم البته با وسواس زیاد هرچی تو دیجی کالا گشتیم در این رنج قیمت بهتر و کاملتر از اون نبود انصافا هم چه از نظر ظاهری و چه از نظر داخلی حرف نداره قیمتش هم از بازار ارزونتر بود از دیجی کالا بابت سایت خوبش ممنون,2,0,very_positive,neutral,False,-2,2,263,59,distant_class_error,predicted_more_negative
10478,ANGRY BIRDS و TEMPLE RUN 2رو راحت اجرا میکنه.4.بسیار شیک وخوش دسته.,2,2,very_positive,very_positive,True,0,0,67,12,correct,correct
6871,ولی در MWC پرده برداری خواهد شد.,0,0,neutral,neutral,True,0,0,32,7,correct,correct
3523,) را به گوشی گفته و گوشی طبق آن آهنگ‌های مختص آن حالت را پخش می‌کند.,0,0,neutral,neutral,True,0,0,68,16,correct,correct
1892,اینترنت گردی با گوشی هم کار خیلی پسندیده ای نیست ولی با این حال توی صفحه 4 اینچی این کار واقعا لذت بخشه ولی لذت اینترنت گردی تو تبلت رو اصلا نداره.,0,1,neutral,positive,False,1,1,147,32,adjacent_class_error,predicted_more_positive
7590,نسبت به امکاناتش ارزش نداره,-1,-1,negative,negative,True,0,0,27,5,correct,correct
4693,درضمن دوستان با نصب کرنلی که گفتم میتونید cpuری رو تا 2Ghz اورکلاک کنید و باهاش بنچمارک 4200 بگیرین!,0,0,neutral,neutral,True,0,0,100,19,correct,correct
2641,هرچند که آن دوربین هم بدون ایراد نبود.,0,1,neutral,positive,False,1,1,38,8,adjacent_class_error,predicted_more_positive
7159,امیدوارم به مشکل نخورید.,0,-1,neutral,negative,False,-1,1,24,4,adjacent_class_error,predicted_more_negative
10359,با این قیمت واقعا مناسبه ممنون از دیجی کالا به خاطر پیشنهاد این لپ تاپ,1,1,positive,positive,True,0,0,70,15,correct,correct
7463,در شرایط نوری ضعیف‌تر باز هم از شارپنس کاسته و بر نویز افزوده می‌شود.,-1,-1,negative,negative,True,0,0,69,14,correct,correct
9963,یک نکته‌ی دیگر و به خصوص برای هموطنان عزیز فارسی زبان این است که شما فقط به زبان انگلیسی می‌توانید با Siri مکالمه داشته باشید.,-1,0,negative,neutral,False,1,1,126,25,adjacent_class_error,predicted_more_positive
5025,هدف از طراحی این واحد پردازش، اجرای روان‌تر تصاویر سه‌بعدی در بالاترین کیفیت و بیش‌ترین میزان فریم است.,1,0,positive,neutral,False,-1,1,103,18,adjacent_class_error,predicted_more_negative
9584,سلام دوستان این همه تبلیغات که از ایفون 5 شنیدیم هیچ کدوم درست از اب در نیومد مدلهای شیشه ای و لیزری و هزار تای دیگه این که با 4 اس فرقی نمیکنه فقط یه کم سیستمش رو ارتقا داده به نظرم سامسونگ گالکسی نوت و اس 3 از ایفون 5 بهترن مرسی دوستان,-2,0,very_negative,neutral,False,2,2,237,54,distant_class_error,predicted_more_positive
4919,این دوست عزیزمون که تو نقد نوشته با روزی سه ساعت بازی تو مدت 4 ماه این کنسول میزه ، باید بگم من یک سال که elite دارم و متوسط روزی 6.5 ساعت بازی می کنم و بزنم به تخته تا الان آخ نگفته تازه باهاش فیلم دی وی دی ام نگاه می کنم.,1,0,positive,neutral,False,-1,1,223,54,adjacent_class_error,predicted_more_negative
5962,اما بهتر است به سراغ ویژگی خاص این دوربین یعنی لنز آن برویم.,0,1,neutral,positive,False,1,1,60,13,adjacent_class_error,predicted_more_positive
4774,نقاط ضعف : سیستم منو های نامناسب .,-1,-1,negative,negative,True,0,0,34,8,correct,correct
11434,باطریه خوبی هم داره با توجه به پردازنده و رم عالیش.,2,1,very_positive,positive,False,-1,1,51,11,adjacent_class_error,predicted_more_negative
151,اگر در قسمت دریچه ی دیافراگم مدت رو روی 8 ثانیه بزارید و مخصوصا وقتی که روی سه پایه نصب باشه با کیفیت بسیار عالی میتونید جزییاتو ببینید.,2,2,very_positive,very_positive,True,0,0,136,28,correct,correct
4126,با اینکه گوشی های ارزان قیمت بازار حرفی برای گفتن ندارند و چندان کارایی ندارند، اما Asha به این گونه نیست.,0,-1,neutral,negative,False,-1,1,106,21,adjacent_class_error,predicted_more_negative
4668,واقعا بسیار عالی .,2,2,very_positive,very_positive,True,0,0,18,4,correct,correct
1330,من یکی دارم و خیلی هم شیک و بادوام هستش و یه راهنمایی:حتما از برنامه iTunes استفاده کنید و آهنگ هاتون رو همینجوری داخل خود آی پاد شافل کپی نکنید که کار نمیکنه.,2,0,very_positive,neutral,False,-2,2,159,33,distant_class_error,predicted_more_negative
9234,پیش از این، این مودهای عکاسی را در دوربین های غیر DSLR کانن دیده بودیم.,0,0,neutral,neutral,True,0,0,71,15,correct,correct
3912,اما HX200v با توجه به بهبودهایی که داشته، می‌تواند جایگاه مدل پیشین خود را در سال 2012 حفظ کند و تقریبا بهترین در کلاس خود باشد.,1,0,positive,neutral,False,-1,1,128,26,adjacent_class_error,predicted_more_negative
9321,البته نه از آن کامپکت های سوپرزوم شبیه به دوربینی چون SX260 HS.,0,0,neutral,neutral,True,0,0,63,13,correct,correct
628,لپ تاپ بسیار خوب با قیمت مناسبی است.,2,2,very_positive,very_positive,True,0,0,36,8,correct,correct
5567,"Miro نام یک هنرمند اسپانیایی به نام ژوان میرو است و Tipo نیز نهایتا در ایتالیایی معنی ""نوع"" را می‌دهد.",0,0,neutral,neutral,True,0,0,102,20,correct,correct
1279,بنده تو کار خرید و فروش تلفن همراه و کامپیوتر هستم و مغازه دار می باشم .,0,0,neutral,neutral,True,0,0,72,17,correct,correct
6849,اونم گوشی که مشابه سخت افزار شو میشه تویه گوشی های دیگه پیدا کرد حتی بالاتر .,1,1,positive,positive,True,0,0,77,17,correct,correct
4623,و خیلی بازی های دیگه .,0,0,neutral,neutral,True,0,0,22,6,correct,correct
11068,به نظر من این بهترین تبلت بازار کنونی جهانه.,2,2,very_positive,very_positive,True,0,0,44,9,correct,correct
4601,از نظر ظاهری هم بیشتر سلیقه ای هست ولی من ندیدم کسی از قیافه این گوشی بد بگه.,0,0,neutral,neutral,True,0,0,77,18,correct,correct
10966,تو این نقد جا نمیشه .,0,0,neutral,neutral,True,0,0,21,6,correct,correct
7767,به نظر بنده اگر همچنان این سیستم عامل و برخی نرم افزارهایش حاوی باگ و این تبلت مانند آیفون 5 مشکل دار باشد، اپل باید با محبوبیت خود خداحافظی کند.,-1,-1,negative,negative,True,0,0,145,30,correct,correct
3909,این بسیار خوب است هرچند که ترجیح می‌دادیم به طرفین هم چرخش می‌کرد.,1,2,positive,very_positive,False,1,1,66,13,adjacent_class_error,predicted_more_positive
2103,اما متاسفانه از کاربرد فناوری های جدید که خبر استفاده ی اپل از آنها به روی آیفون5بود، مانند کی برد لیزری و.,-1,-1,negative,negative,True,0,0,107,22,correct,correct
979,این در حالیست که سنسور تصویر بزرگ دوربین Canon G1x دارای سایزی در حد 18.7X14 میلی متر است.,0,-1,neutral,negative,False,-1,1,90,18,adjacent_class_error,predicted_more_negative
6564,اما با وجود امکانات مختلف ارتباطی بر روی این تبلت مانند4G، Wi-Fi، 3G و GPRS، به راحتی و با حداکثر سرعت می‌توان به مرورگری اینترنت پرداخت.,1,1,positive,positive,True,0,0,137,26,correct,correct
713,من این لپ تاپ رو دو هفته است که خریدم قبل از اینکه بخرم راجبش خیلی تحقیق کردم و از بین msi cx61 و asus k45vd اینو انتخاب کردم :hp 4540-a (از دیجی کالا هم ممنونم خیلی کمکم کرد) .,1,0,positive,neutral,False,-1,1,177,40,adjacent_class_error,predicted_more_negative
2887,داک کیبورد همانند تبلت های Transformer قبلی، Infinity نیز در دو مدل با داک و بدون داک کیبورد ارائه می‌شود.,0,0,neutral,neutral,True,0,0,106,20,correct,correct
6658,امکانات این دوربین بسیار راضی کنندست.,1,2,positive,very_positive,False,1,1,37,6,adjacent_class_error,predicted_more_positive
5927,از دوربین‌های خیلی شاخص در برندهای دیگر می‌توان به Canon SX260 HS، Fujifilm Finepix F770 EXR و Panasonic Lumix TZ30 اشاره کرد.,0,0,neutral,neutral,True,0,0,126,22,correct,correct
1301,نمره من از 10 به این گوشی 8 !,0,0,neutral,neutral,True,0,0,29,9,correct,correct
7333,اما قسمت زیرین نوت‌بوک از پلاستیک مات می‌باشد.,0,0,neutral,neutral,True,0,0,46,8,correct,correct
4835,انتخاب با خودتونه  خداحافظ,0,0,neutral,neutral,True,0,0,26,4,correct,correct
2013,آخه نانو سیمکارتو از کجا بیاریم؟,0,0,neutral,neutral,True,0,0,32,6,correct,correct
11537,متاسفانه قاب پشتی این گوشی توسط کاربر قابل باز کردن نیست و این بدین معنیست که باتری Nexus 4 قابل تعویض نمی‌باشد.,-1,-1,negative,negative,True,0,0,112,22,correct,correct
255,اما معایبش که کمم نیستن اول کیفیت صداشه که باید بگم خیلی بده و این گوشی تقریبا فایل های صوتی رو به صورت مونو پخش میکنه.,-2,0,very_negative,neutral,False,2,2,119,26,distant_class_error,predicted_more_positive
8784,در ضمن، یک حسگر نور سنجی برای تنظیم نور صفحه نمایش بنابر شرایط محیط نیز وجود دارد که بصورت اتوماتیک نور دهی صفحه نمایش را کم یا زیاد می‌نماید.,1,1,positive,positive,True,0,0,142,29,correct,correct
12179,این لنز جدید کانن که حدود 250 دلار قیمت دارد، تحولی کامل نسبت به 18-55 های قبلی می باشد.,0,0,neutral,neutral,True,0,0,88,19,correct,correct
7806,و در انتها، باید اذعان کنیم که با وجود مشکلات در برنامه Maps و یا کاستی‌هایی که در iOS 6 وجود دارد که شاید در اندروید 4 وجود نداشته باشد، هنوز این سیستم عامل سریع‌ترین و روان‌ترین سیستم عامل موجود بر روی تبلت ها به شمار می‌رود که به کاربر راحتی و آرامش فوق‌العاده ای را اعطا می‌نماید.,2,2,very_positive,very_positive,True,0,0,284,58,correct,correct
8804,دوربیندوربین به کار رفته بر روی این گوشی، دارای یک سنسور تصویر 8 مگاپیکسلی به همراه فلاش LED است که با کمک رابط کاربری استاندارد ال‌جی، کار کردن با آن بسیار ساده شده است.,1,2,positive,very_positive,False,1,1,170,34,adjacent_class_error,predicted_more_positive
8413,ابعاد و وزن دوربین تقریبا همان است و دستگیره نیز همانطور کاملا بزرگ می باشد.,0,0,neutral,neutral,True,0,0,76,15,correct,correct
7808,رنگ‌ها بسیار زنده و طبیعی بوده، نویز تصویر بسیار کم است و حتی با وجود اینکه دوربین این تبلت دارای فلاش نیست، کیفیت عکس‌های گرفته در فضاهای تاریک به لطف سنسور قدرتمند و فراخی دیافراگم بالای آن، بسیار خوب است.,2,2,very_positive,very_positive,True,0,0,207,40,correct,correct
6209,سخت افزار سامسونگ بر روی این گوشی از یک پردازنده دو هسته ای Cortex-A9 با فرکانس 1.2 گیگاهرتز استفاده نموده است.,0,0,neutral,neutral,True,0,0,111,21,correct,correct
10129,گوشی خیلی خوبیه.,1,1,positive,positive,True,0,0,16,3,correct,correct
8172,نتیجه گیری بدون شک گوشی HTC Desire C از گوشی‌های رده متوسط دیگر نظیر HTC Wildfire و HTC Explorer و Samsung Galaxy Y و LG Optimus E3 بهتر است.,1,0,positive,neutral,False,-1,1,141,29,adjacent_class_error,predicted_more_negative
4065,Asha 302 با طراحی زیبای خود، بسیاری از کاستی‌های خود را پوشش داده است.,1,1,positive,positive,True,0,0,70,14,correct,correct
4021,واقعا معرکه هستش.,2,2,very_positive,very_positive,True,0,0,17,3,correct,correct
2762,جمع بندی با یک تبلت بسیار دوست داشتنی آشنا شدیم.,2,2,very_positive,very_positive,True,0,0,48,10,correct,correct
10442,فلاش Pgr-up نیز بسیار قدرتمند است و می‌تواند برد تا 7 متر را پوشش دهد.,2,2,very_positive,very_positive,True,0,0,70,15,correct,correct
7504,برند ایسوس در چند سال اخیر با بهبود کیفیت و گسترش خدمات پس از فروش به رتبه 1 بین سایر رقبا تبدیل شده.,2,0,very_positive,neutral,False,-2,2,101,23,distant_class_error,predicted_more_negative
7337,در ضمن لولاها خیلی محکم درب را نگه داشته‌اند.,0,0,neutral,neutral,True,0,0,45,9,correct,correct
12072,من خودم یه دونه دارم خیلی خوب هستش و کیفیت بازی هاش هم خیلی خوبه ولی الان خیلی به‌صرفه نیست خریدنش,1,2,positive,very_positive,False,1,1,98,21,adjacent_class_error,predicted_more_positive
5668,همان‌طور که پیش‌تر گفتیم در دو طرف صفحه نمایش دو بلندگوی استریو قرار دارند.,0,0,neutral,neutral,True,0,0,75,14,correct,correct
6227,دوربین سامسونگ در Galaxy Grand یک دوربین 8 مگاپیکسلی قرار داده است.,0,0,neutral,neutral,True,0,0,67,12,correct,correct
5669,این دو بلندگو کیفیتی بسیار خوب و فراتر از سطح انتظار ما از یک تبلت را ارائه می‌دهند.,2,2,very_positive,very_positive,True,0,0,84,18,correct,correct
6044,عالیه,2,2,very_positive,very_positive,True,0,0,5,1,correct,correct
3944,من خودم حدودا شش ماهه این دوربین رو دارم حرف نداره  فیلم‌برداریش از دوربینای بزرگ خیلی بهتره  اگه میخواین دوربینی در این حد بخرین بهترین گزینه ست بدون شک,2,2,very_positive,very_positive,True,0,0,153,29,correct,correct
8751,به نظر بنده تو ابن رنج قیمت گوشی بهتر از این به هیچ عنوان نمیتونین پیدا کنید ممنون که بیننده نظر این جانب بودید.,1,1,positive,positive,True,0,0,112,24,correct,correct
4815,این محصول آخرین محصول تولید شرکت سونی در زمینه تکنولوژی دوربین های نیمه حرفه ای خانگی است دوستان درمورد مزایای این دوربین مطالب زیادی وجود دارد و من در اینجا به بررسی معایب می پردازم: 1-متاسفانه عکس های گرفته شده با این دوربین کمی به قرمزی می زند 2-عکسها اگر با فلاش مستقیم گرفته شوند سایه سفید دارد .,-1,-1,negative,negative,True,0,0,301,59,correct,correct
717,باطریش هم فوق العاده است راحت 7-6 ساعتو ساپورت میکنه.,2,2,very_positive,very_positive,True,0,0,53,10,correct,correct
10724,انتظار می‌رفت که سونی همانند سامسونگ و ال‌جی، از باتری قدرتمندتری بر روی بهترین گوشی خود استفاده کند ولی در کل با وجود این، Xperia TX می‌تواند با مصارف روزمره به طور متوسط بین یک تا دو روز شارژدهی کند.,0,1,neutral,positive,False,1,1,201,40,adjacent_class_error,predicted_more_positive
3023,(قابل توجه دوستان مدل 3G اینفینیتی دو هسته ای هست که اون رو از رده چهار هسته ای ها خارج میکنه)این در حالیست که گلکسی نوت 10.1 نه تنها سیم کارت ساپورت میکنه بلکه میتونید باهاش تماس تلفنی (و تصویری با سیم کارت رایتل) داشته باشید که برای یک تبلت قابلیت خیلی خوبیه.,0,1,neutral,positive,False,1,1,261,53,adjacent_class_error,predicted_more_positive
9385,تنها ایرادش اینه اگر از کاور بدنه استفاده نکنید رد انگشت راحت روش میمونه.,-1,-1,negative,negative,True,0,0,73,14,correct,correct
7990,"به نظر من از نظر کیفیت از پناسونیک FZ200 ,sony vx 200 یک سر و گردن بالاتره .",2,1,very_positive,positive,False,-1,1,76,18,adjacent_class_error,predicted_more_negative
6547,با وجود این مشخصات، تمامی دستورات در MediaPad 10 به سرعت و بسیار روان اجرا می‌گردند.,2,2,very_positive,very_positive,True,0,0,84,16,correct,correct
3245,البته موقع نوشته شدن این نقد، سایت دیجیکالا فقط این مدل از تبلت های سامسونگ 7 اینچی رو داره.,0,0,neutral,neutral,True,0,0,92,19,correct,correct
5334,صفحه نمایش عالی.,2,2,very_positive,very_positive,True,0,0,16,3,correct,correct
5760,برای مثال وقتی گوشی را بر می‌گردانید تا نمایشگر آن به سمت زمین باشد، به یک باره همه‌ی صداهای آن قطع می‌شود.,0,-1,neutral,negative,False,-1,1,107,22,adjacent_class_error,predicted_more_negative
6886,من به نظرم نوت 2 خیلی بیشتر از این می ارزه چرا که هم قیمتش کمتره و هم باطری قوی تری داره و کیفیت عکس هایی که سامسونگ میگیره خیلی بهتر از دوربین گوشی های اچ تی سی هست.,-1,2,negative,very_positive,False,3,3,166,39,distant_class_error,predicted_more_positive
9943,برای مثال شما می‌خواهید به همسرتان بگویید که در مسیر رسیدن از محل کار به خانه، بچه‌ها را نیز از مدرسه بیاورد.,0,0,neutral,neutral,True,0,0,109,22,correct,correct
10021,صدا نیز به همان صورت Dolby Digital 2 Channel ضبط می‌شود.,0,0,neutral,neutral,True,0,0,56,11,correct,correct
5661,در قلب این تبلت پردازنده دو هسته ای TI OMAP 4430 با فرکانس یک گیگاهرتز به همراه یک گیگابایت حافظه RAM قرار دارد.,0,0,neutral,neutral,True,0,0,112,23,correct,correct
4437,از نظر رنگ و شفافیت تصویر من مقایسه کردم .,0,0,neutral,neutral,True,0,0,42,10,correct,correct
8729,توی سایت رایتل هم تو لیست نیست.,-1,0,negative,neutral,False,1,1,31,7,adjacent_class_error,predicted_more_positive
10317,مصرف باطریش کمی زیاده اما اگه زیاد اهل بازی نباشید به مشکلی برنمیخورید.,-1,1,negative,positive,False,2,2,71,13,distant_class_error,predicted_more_positive
11980,کیفیت دوربینش هم خوبه.,1,1,positive,positive,True,0,0,22,4,correct,correct
5525,بسیار شیک و قدرتمنده و نسبت به قیمتش از نوت2 بهتره.,2,2,very_positive,very_positive,True,0,0,51,11,correct,correct
4038,اینکه خیلی ها میگن تفاوت زیادی با hx100v نداره اشتباهه؛ چیزهایی مثل زوم دیجیتال بسیار بالا، تکنولوژی تشخیص رنگ، ساپورت Eye-Fi، طبیعی‌تر شدن رنگها و.,2,0,very_positive,neutral,False,-2,2,148,25,distant_class_error,predicted_more_negative
8859,البته اگه قبل از باز شدن فلش دست را روی آن قرار دهیم دیگر باز نمی شود.,0,0,neutral,neutral,True,0,0,70,17,correct,correct
2319,همین نیز توانایی فیلم برداری با کیفیت HD را به این دوربین داده است.,1,2,positive,very_positive,False,1,1,67,14,adjacent_class_error,predicted_more_positive
1913,هنوز بلوتوث براش نیومده برنامه های مدل قبلی را باید نصب کنید.,0,0,neutral,neutral,True,0,0,61,12,correct,correct
9347,عکس ها و فیلم ها نیز بر روی کارت حافظه ی SD/SDHC/SDXC ذخیره می شوند.,0,0,neutral,neutral,True,0,0,68,15,correct,correct
5348,براحتی در دست جا میشه و درصد افتادنش نسبت به تبلت های دیگه خیلی کم هستش .,1,1,positive,positive,True,0,0,73,17,correct,correct
9260,دومین تغییر مهم در این دوربین به کار گیری پردازشگر تصویر DIGIC 5 بوده است.,1,1,positive,positive,True,0,0,74,15,correct,correct
4307,فیلم‌های گرفته شده روان بوده و تصاویر بسیار شارپ می‌باشند.,2,2,very_positive,very_positive,True,0,0,58,10,correct,correct
7324,• پورت‌ها و اتصالاتاز لحاظ پورت‌ها، سری 3 از تمام پورت‌های لازم برای مصارف روزمره بهره می‌برد.,2,1,very_positive,positive,False,-1,1,94,17,adjacent_class_error,predicted_more_negative
2663,آخری توانایی فوکوس در فاصله‌ی بسیار نزدیک را دارد.,0,2,neutral,very_positive,False,2,2,50,9,distant_class_error,predicted_more_positive
12327,مقدار خیلی کمی تفاوت وزن بین آن‌ها وجود دارد که آن هم به دلیل نمایشگر کوچکتر WX50 است.,0,1,neutral,positive,False,1,1,86,18,adjacent_class_error,predicted_more_positive
2379,"شرکت Apple فقط یک استانداردی برای گوشی هایش داشت حالت مستطیلی با صفحه ی 3.5"" یا 4"" با یک دکمه ی گرد پایین صفحه نمایش که در دست واقعا راحت بود .",0,0,neutral,neutral,True,0,0,143,32,correct,correct
2056,از جمله دوربین و نمایشگر و کانکتور و.,0,0,neutral,neutral,True,0,0,37,8,correct,correct
4138,کادو هم شده بود و کارت تبریک هم بود ..,0,-1,neutral,negative,False,-1,1,38,10,adjacent_class_error,predicted_more_negative
471,امیدوارم نوکیا طلسم غرورش رو بشکنه و به خاطر طرفداراش هم که شده با گوگل برای گوشی های اندرویدی همکاری کنه..,0,0,neutral,neutral,True,0,0,107,21,correct,correct
4852,ولی من اسلیم را بیشتر قبول دارم.,0,0,neutral,neutral,True,0,0,32,7,correct,correct
4218,گوشی خیلی شیک و خوش‌دستی هست و از کار کردن باهاش لذت میبرید.,2,2,very_positive,very_positive,True,0,0,60,13,correct,correct
659,cpu هم که نسل سومه و در تستی که من کردم واقعا از لحاظ پروسس متحیر شدم ، به هیچ عنوان داغ نمیکنه و من اصلا با این مشکل تا به حال برخورد نکردم حتی در اجرای سنگین ترین بازیهای گرافیکی.,2,-1,very_positive,negative,False,-3,3,181,41,distant_class_error,predicted_more_negative
3782,واقعا از سونی انتظار نداشتیم که بتواند در این مدل نسبت به مدل پیشین این همه افزایش کیفیت فیلم برداری را ایجاد کند.,1,1,positive,positive,True,0,0,114,23,correct,correct
5823,باتری i9100 قویتر میکرد.,0,1,neutral,positive,False,1,1,24,4,adjacent_class_error,predicted_more_positive
9856,با این قیمت میشه LG L3 خرید که حداقل اندرویده,0,0,neutral,neutral,True,0,0,45,10,correct,correct
3520,این برنامه به لیست کاملی از اکولایزرهای مختلف مجهز شده است.,1,0,positive,neutral,False,-1,1,59,11,adjacent_class_error,predicted_more_negative
4621,که با قیمتی که داره واقعا شگفت انگیزه .,1,2,positive,very_positive,False,1,1,39,9,adjacent_class_error,predicted_more_positive
11483,انرژی مصرف میکنه!,0,0,neutral,neutral,True,0,0,17,3,correct,correct
12215,با نظرات دوستان کاملا موافقم فقط یه نقطه ضعف به نظرم میرسه و اون محل اتصال کابل با هارده که گاهی قطع و وصل میشه در مجموع محصول خوبیه.,1,1,positive,positive,True,0,0,133,29,correct,correct
7343,به طبع خبری هم از USB 3.0 نیست.,-1,0,negative,neutral,False,1,1,31,8,adjacent_class_error,predicted_more_positive
3630,شگفت زده خواهید شد وقتی که بدانید برای اتصال آن‌ها به هم، حتی به نگاه کردن هم نیازی نیست، فقط کافیست آن‌ها را به هم نزدیک نمایید تا جاذبه مغناطیسی آن‌ها، باعث اتصال سریع آن‌ها و آمادگیشان برای کار شود.,1,1,positive,positive,True,0,0,201,40,correct,correct
1171,• طراحی، ساخت و صفحه‌ی نمایش طراحی گوشی پدفون در یک کلمه زیباست.,1,2,positive,very_positive,False,1,1,64,13,adjacent_class_error,predicted_more_positive
5779,من یک سال پیش خریدمش فقط به خاطر داغ‌کردنش فروختمش,-1,-1,negative,negative,True,0,0,50,10,correct,correct
9988,جمع بندیبرای جمع‌بندی باید بگوییم، همانطور که انتظار داشتیم، iPhone 4s بهترین گوشی آیفونی است که تا به حال دیده‌ایم.,2,1,very_positive,positive,False,-1,1,116,20,adjacent_class_error,predicted_more_negative
5270,این بار نیز این کمپانی طراحی و تولید تبلت خود را به شرکت Asus سپرد که خود در حال حاضر یکی از بزرگ‌ترین و پر طرفدارترین کمپانی‌های تولیدکننده تبلت و لپ تاپ است.,1,1,positive,positive,True,0,0,159,33,correct,correct
4978,البته کمبود هایی هم وجود دارند مانند عدم وجود مرورگر وب در مقابله با کنسول های هم نسل که کاربردهای بسیاری از جمله دیدن فیلم های آنلاین از سایت های مثل یوتوب را از شما می گیرد.,0,-1,neutral,negative,False,-1,1,175,37,adjacent_class_error,predicted_more_negative
10694,این گوشی هم یه شاهکاره دیگه از سونیه.,2,-1,very_positive,negative,False,-3,3,37,8,distant_class_error,predicted_more_negative
9146,در قسمت پشت این دستگاه نیز دوربین 5 مگاپیکسلی و یک فلاش LED در میان قابی بیضی شکل دیده می‌شوند و لوگوی Beats Audio نیز در کنار بلندگو خود نمایی می‌کند.,0,0,neutral,neutral,True,0,0,151,31,correct,correct
1248,عالی عالی عالی هیچ گوشی جلوی این حرفی واسه گفتن نداره من تو دبی تست کردم perfect,2,2,very_positive,very_positive,True,0,0,80,17,correct,correct
6004,این پرینتر مناسب استفاده های اداری و شرکتی می‌باشد و به راحتی می‌توان آن را در شبکه به اشتراک گذاشت.,1,1,positive,positive,True,0,0,100,20,correct,correct
6219,مدیریت بر دو سیم کارت در نسخه دو سیم کارته این گوشی نیز به خوبی صورت می‌پذیرد که امکانات بسیار خوبی را به کاربر می‌دهد.,2,1,very_positive,positive,False,-1,1,119,25,adjacent_class_error,predicted_more_negative
6290,به نظر من گوشی جی4 جی ال ایکس بهتر از اینه با قیمت پایینتر با رزولیشن 540*960,1,1,positive,positive,True,0,0,77,17,correct,correct
3528,به لطف صفحه نمایش Super AMOLED عظیم و پردازنده چهار هسته‌ای قدرتمند گوشی، تماشای ویدئو بر روی Galaxy S III بسیار لذت‌بخش است.,2,2,very_positive,very_positive,True,0,0,125,23,correct,correct
6288,با سلام و خسته نباشید به همه دیجی کالایی ها: گوشی خیلی خوب و فراتر از انتظار تا باهاش کار نکنین پی به امکاناتش نمیبرین.,2,1,very_positive,positive,False,-1,1,119,25,adjacent_class_error,predicted_more_negative
2968,بخوام نتیجه بگیرم این دو تبلت واقعا در یه حدن، از نظر قیمت هم در یه حدن.,0,0,neutral,neutral,True,0,0,72,17,correct,correct
4767,ما این دوربین رو داریم به نظر من کسانی که این دوربین رو ندارند نظر ندهند بهتره در عکس های این دوربین هیچ گونه سایه ای وجود ندارد فکر مردم رو الکی مشغول نکنید.,0,0,neutral,neutral,True,0,0,158,34,correct,correct
10984,این موضوع رو کسی نمیدونه.,0,0,neutral,neutral,True,0,0,25,5,correct,correct
1537,اما بر خلاف Note 10.1 که یک تبلت افقی است، طراحی این تبلت به صورت عمودیست.,0,1,neutral,positive,False,1,1,74,16,adjacent_class_error,predicted_more_positive
7514,من خودم 3 تا ایسوس دارم اصلا ازش خسته نمیشم به نظرم asus بهترین برند لپ تاپ هستش,2,2,very_positive,very_positive,True,0,0,80,18,correct,correct
5431,البته در تست‌های ما این باتری تا یک و نیم روز استفاده عادی دوام آورد و جالب اینکه در حالت آماده به کار، بیش از 14 روز شارژ دهی نمود.,0,1,neutral,positive,False,1,1,132,30,adjacent_class_error,predicted_more_positive
11644,البته اون زمانی که من خریدم قیمت گوشی ارزونتر بود,0,-1,neutral,negative,False,-1,1,49,10,adjacent_class_error,predicted_more_negative
947,مدت زمان اسکن یکی از پارامترهای مهم در اسکنرها می باشد.,0,0,neutral,neutral,True,0,0,55,11,correct,correct
9673,حالا که اومد.,0,0,neutral,neutral,True,0,0,13,3,correct,correct
11773,45 درجه دما برای یک گوشی موبایل خیلی زیاده، همونطور هم که قبلا گفتم یک عامل مهم داغون شدن وسایل الکترونیکی گرماست!,-1,0,negative,neutral,False,1,1,114,22,adjacent_class_error,predicted_more_positive
2881,تبلت را که برگردانید، قاب پشتی تماما آلومینیومی دستگاه را مشاهده خواهید کرد که در وسط آن لوگوی براق کمپانی ASUS به چشم می‌خورد.,0,0,neutral,neutral,True,0,0,127,24,correct,correct
1102,جدا از تخفیفاته خوبه دیجی کالا تی وی حرف نداره,1,1,positive,positive,True,0,0,46,10,correct,correct
7279,لنز این دوربین توانایی زوم 10 برابر را دارد و فاصله ی کانونی معادل 43.6-436 میلی متر را پوشش می دهد.,0,0,neutral,neutral,True,0,0,100,21,correct,correct
3355,بالاخره سونی تصمیم گرفت در جشن 25 سالگی دوربین های هندی کم خود یکی از بهترین محصولات ساخته شده خود را وارد بازار کند یعنی دوربین SONY NEX VG10 دوربینی که مخصوص خلق شاهکارهای سینمایی می باشد و در سپتامبر امسال با قیمت 2000 به بازار جهانی عرضه می شود.,1,0,positive,neutral,False,-1,1,249,50,adjacent_class_error,predicted_more_negative
9222,نسبت به مدل قبل (600d) بهبود هایی داشته که کارایی اون رو بسیار افزایش میده .,2,1,very_positive,positive,False,-1,1,76,16,adjacent_class_error,predicted_more_negative
3340,این سنسور تقریبا ۱۹.,0,0,neutral,neutral,True,0,0,20,4,correct,correct
4330,واقعا عالی میشه اگه بیاد.,2,2,very_positive,very_positive,True,0,0,25,5,correct,correct
7794,سخت افزار از نظر قدرت سخت افزاری نیز این تبلت کاملا مشابه iPad 2 می‌باشد.,0,0,neutral,neutral,True,0,0,73,15,correct,correct
10033,گویی که با یک آلترابوک گران قیمت مواجه شده اید.,0,0,neutral,neutral,True,0,0,47,10,correct,correct
4772,قابلیت جیوتگ برای ویدیو .,1,1,positive,positive,True,0,0,25,5,correct,correct
8137,بعیده به مشکل بر نخوره.,-1,0,negative,neutral,False,1,1,23,5,adjacent_class_error,predicted_more_positive
10887,و دیگه اینکه لوازم جانبیش خیلی گرونه.,-1,-1,negative,negative,True,0,0,37,7,correct,correct
3695,طراحی گوشی نیز بسیار آرگونومیک صورت گرفته و در قسمت پشتی کاملا زیبا می‌باشد.,2,2,very_positive,very_positive,True,0,0,76,14,correct,correct
3513,این قابلیت به خصوص هنگامی که در حال خواندن مقاله و یا متنی هستید، کاربرد بسیاری دارد بطوریکه در حالت عادی صفحه گوشی بعد از مدت مشخصی (30 ثانیه، یک دقیقه، ..,1,0,positive,neutral,False,-1,1,156,32,adjacent_class_error,predicted_more_negative
8117,در مورد سیستم عاملش هم اصلا نگران نباشید واقعا محشره.,2,2,very_positive,very_positive,True,0,0,53,10,correct,correct
7873,Fonepad به یک باتری لیتیوم-پلیمری با ظرفیت 4270 میلی آمپر-ساعت مجهز شده است.,0,1,neutral,positive,False,1,1,76,13,adjacent_class_error,predicted_more_positive
5840,من مدل i9100g دارم و اصلا داغ نمیکنه.,1,-1,positive,negative,False,-2,2,37,8,distant_class_error,predicted_more_negative
11220,این در حالیست که Mark III توانایی انجام این اعمال در مود RAW را نیز داشت.,0,-1,neutral,negative,False,-1,1,73,16,adjacent_class_error,predicted_more_negative
11106,تمامی این قابلیت‌ها در کنار طراحی مناسب و البته کاربرد های فراوان آن، قلم Note 10.1 را به بزرگ‌ترین مزیت آن تبدیل نموده است که این محصول را در بازار متمایز می‌کند.,1,1,positive,positive,True,0,0,163,32,correct,correct
12675,به نظر همسرم و من نقاط قوت و ضعف اینا هستن: قوت: - کیفیت ساخت بالا - زیبایی -کی بورد بسیار راحت - دوربین با کیفیت عکس بی نظیر و فیلم برداری معقول HD - سرعت پردازنده مناسب - امکانات شبکه های اجتماعی - مکان یاب جغرافیایی بسیار قوی - کیفیت صفحه نمایش بسیار بالا - گالری مالتی مدیای خیلی قوی - دوربین مکالمات ویدیویی جلو که خیلی بدرد بخوره - نداشتن ضعف در آنتن دهی - صدای خوب - امکان خروجی با پورت HDMI که خیلی خوبه ضعف: - حافظه داخلی می تونست بیشتر باشه - رنگ نقره ایش قشنگتره ولی زیر نور زیاد و یا آفتاب نمی شه با کی بوردش کار کرد به علت رنگ نقره ایش و نور سفید رنگ کلیدها - واسه گوشیه ما هنوز آپدیت ICS 4.0 نیومده.,1,2,positive,very_positive,False,1,1,613,134,adjacent_class_error,predicted_more_positive
1743,با هزاران برنامه موجود و مجانی خیلی از نیازهاتون براورده میشه.,1,1,positive,positive,True,0,0,62,11,correct,correct
2524,من تازه گرفتم لب تاب خوبی نسبت به قیمتش,1,1,positive,positive,True,0,0,39,9,correct,correct
12860,از نظر کیفیت چاپ باید گفت که عملکرد این پرینتر نسبت به دیگر پرینتر های لیزری چند کاره مقداری بهتر است.,1,1,positive,positive,True,0,0,102,21,correct,correct
2813,به هر صورت همان‌طور که گفتیم، DV300F علاوه بر نمایشگر دوم و Wi-Fi داخلی که به آن‌ها مجهز است، در کل دوربین بسیار کوچک، بسیار باریک، بسیار سبک، مستحکم و خوش ساختی است.,2,2,very_positive,very_positive,True,0,0,166,33,correct,correct
10048,این دو در کنار هم باعث می شوند تا کارکردن با Sleekbook در فضاهای خارجی و در زیر تابش نور آفتاب، مشکل باشد.,-1,0,negative,neutral,False,1,1,106,23,adjacent_class_error,predicted_more_positive
487,دوستمون در نقد بالایی نوشته سقوط نوکیا، اما تعداد زیادی از سایت ها این گوشی رو نجات دهنده ویندوز فون و نوکیا می دونن با این قیمت پایینش.,1,0,positive,neutral,False,-1,1,136,28,adjacent_class_error,predicted_more_negative
3527,در حقیقت فرمتی نیست که توسط این گوشی پشتیبانی نشود.,0,0,neutral,neutral,True,0,0,51,10,correct,correct
6901,و در آخر به جرات میتونم بگم که تابحال باهیچ گوشی به خوشدستی وسرعت بالایی مثل این کار نکرده بودم و در خرید این گوشی یک لحظه هم درنگ نکنید.,1,2,positive,very_positive,False,1,1,137,30,adjacent_class_error,predicted_more_positive
11687,من دارمش، گوشی خوبیه، فقط و فقط کیفیت عکس برداریش پایینه و با اینکه نوشته دوربینش 5 مگاپیکسله، فکر نکنم اینجور باشه.,0,-1,neutral,negative,False,-1,1,116,22,adjacent_class_error,predicted_more_negative
8060,با این حال سرعت هر دو نسبتا کم است ولی صدای موتور هیچ کدام در فیلم شنیده نمی‌شود.,1,-1,positive,negative,False,-2,2,81,18,distant_class_error,predicted_more_negative
3781,اگر قصد دارید که مدت زمان بیشتری به ضبط ویدیویی بپردازید می توانید از کارت های حافظه ی خارجی استفاده نمایید.,0,1,neutral,positive,False,1,1,108,21,adjacent_class_error,predicted_more_positive
3928,من این دوربینو تازه خریدم  تو این تایم کمی که دارمش فقط میتونم بگم  محشره,2,2,very_positive,very_positive,True,0,0,73,15,correct,correct
12538,دوربیندوربین جایی است که در این گوشی جای بحث زیادی دارد، چرا که این قسمت همواره ویژگی بوده که شرکت در آن عقب‌تر از دیگر تولیدکنندگان بوده است.,0,-1,neutral,negative,False,-1,1,142,28,adjacent_class_error,predicted_more_negative
3969,زوم بسیار عالی داره فلشش خیلی کاربرد داره کیفیت عکس و فیلم‌برداری در سطح مطلوبیه صدا برداری خوبی داره.,2,2,very_positive,very_positive,True,0,0,102,19,correct,correct
9293,یکی از این دو لنز، لنز 18-135 f/3.5-5.6 IS STM می باشد که با سیستم لرزش گیر اپتیکال جدید Dynamic IS همراه شده است.,1,0,positive,neutral,False,-1,1,114,24,adjacent_class_error,predicted_more_negative
5952,وقتی دوربین را بر روی این مود قرار می‌دهید، دوربین به یک دستگاه کاملا اتوماتیک تبدیل می‌شود.,0,1,neutral,positive,False,1,1,92,17,adjacent_class_error,predicted_more_positive
12027,این کار را هم میشه برای چند فایل همزمان انجام داد.,1,0,positive,neutral,False,-1,1,50,11,adjacent_class_error,predicted_more_negative
5315,یه تبلت عالی با قیمت فوق العاده,2,2,very_positive,very_positive,True,0,0,31,7,correct,correct
11076,رم عالی.,2,2,very_positive,very_positive,True,0,0,8,2,correct,correct
10512,کاش رو این مدل هم آندروید جدید نصب میکردند در کل گزینه خیلی خوبی به جای تیپو دوال هست,1,2,positive,very_positive,False,1,1,85,19,adjacent_class_error,predicted_more_positive
12994,این کلاهک از لنز جدا می‌شود.,0,0,neutral,neutral,True,0,0,28,6,correct,correct
2660,همانطور که گفتیم، این دوربین از ماونت جدید الکترونیکی بهره می‌برد و از همان اول با یک سری لنز ثابت با نسبت دیافراگم پایین همراه شده است که مکمل خوبی برای لنز 23 میلی متری f/2.0 دوربین X100 هستند.,1,1,positive,positive,True,0,0,195,39,correct,correct
11611,کمینه‌ی سرعت شاتر این دوربین 8 ثانیه است که برای عکاسی در شب خیلی خوب است.,1,2,positive,very_positive,False,1,1,74,16,adjacent_class_error,predicted_more_positive
3682,از تنظیمات دستی این دوربین نیز می‌توان به فوکوس، تنظیمات نوردهی، سرعت شاتر، تراز سفیدی و امکان دسترسی سریع و مستقیم به بعضی قابلیت‌ها اشاره کرد.,1,1,positive,positive,True,0,0,144,26,correct,correct
1405,"جمع بندی همواره MacBook Pro جزو سری خاصی از لپ‌تاپ‌های حرفه ای و گران قیمت و یا به اصطلاح ""لوکس"" بازار بوده است و بازار هدف این لپ‌تاپ‌ها افراد محدودی هستند.",0,0,neutral,neutral,True,0,0,157,31,correct,correct
3188,.با تشکر .,0,0,neutral,neutral,True,0,0,10,3,correct,correct
5170,اول اینکه سیستم بلورای ps3 در مورد حجم گیمهای این شرکت کارایی زیادی ندارد چون هر گیم مگه در حدود چند گیگ هستش !,-1,0,negative,neutral,False,1,1,111,24,adjacent_class_error,predicted_more_positive
8260,از نظر ظاهری نیز این دوربین کاملا یک مکعب مستطیل است و گوشه های تیزی دارد.,0,0,neutral,neutral,True,0,0,74,16,correct,correct
5179,در ضمن با ورود تکنولوژی های جدید عمر این کنسول ها خیلی زودتر به پایان می رسد منظور من این است که بلورای پر هزینه و بی مصرف برای نسل های کنسول های جدید بکار میرود چون گیم های جدید در سال های اتی به حجم بیشتری و سخت افزار های گرافیکی و پردازشی جدیدتری احتیاج دارد یعنی عملا کل سیستم این کنسول ها باید تعویض گردد !,-1,0,negative,neutral,False,1,1,311,68,adjacent_class_error,predicted_more_positive
4984,در کل اگر می خواید یک دستگاه به روز رو داشته باشید تا بتونید بازی های روز جهان رو با اون بازی کنید من 100 درصد این کنسول رو پیشنهاد می کنم .,1,0,positive,neutral,False,-1,1,140,33,adjacent_class_error,predicted_more_negative
8717,3- با نصب نرم افزار MX Player روی این گوشی میتوان فیلمهای HD را بصورت روان و فیملهای Full HD را با کمی گیر پخش کرد.,1,0,positive,neutral,False,-1,1,115,26,adjacent_class_error,predicted_more_negative
624,که در سری پروبوک به وضوح دیده میشه,0,0,neutral,neutral,True,0,0,34,8,correct,correct
2098,آیا باز هم خودتان را محدود میکنید یا برای خود حق انتخاب قائل میشوید؟,0,0,neutral,neutral,True,0,0,68,14,correct,correct
1718,نهایتا دوربین دوم یا جلویی آن نیز ارتقا یافته و دارای سنسور 1.2 مگاپیکسلی گشته است که می‌تواند با کیفیت HD فیلم برداری نماید.,1,0,positive,neutral,False,-1,1,125,24,adjacent_class_error,predicted_more_negative
2560,ایراد دیگه که برای این دوربین گفته شده بود باطری قلمیشه و هزینه تعویض باطریشه که با خرید باطری قابل شارژ و دستگاه شارژر این مشکل هم حل میشه.,1,1,positive,positive,True,0,0,140,29,correct,correct
4494,روی 4.1.2 همه بازی ها اجرا میشن رمش هم روی اندروید 4.1 راحت دویست مگابایت خالی میشه.,1,1,positive,positive,True,0,0,84,17,correct,correct
8178,ظاهر مکعبی کاملا حفظ شده است.,0,1,neutral,positive,False,1,1,29,6,adjacent_class_error,predicted_more_positive
12854,بعلاوه دارای ADF با ظرفیت 35 برگ کاغذ نیز هست و نسخه ی CM1415FNW آن نیز از Wi-Fi پشتیبانی می کند.,0,0,neutral,neutral,True,0,0,97,21,correct,correct
3132,باتری 4000 میلی آمپری این تبلت می‌تواند با مصارف روزمره سبک تا سه روز کامل شارژ دهی کند که برای یک تبلت هفت اینچی با پردازنده ای دو هسته ای، میزان بسیار خوبیست.,2,2,very_positive,very_positive,True,0,0,160,33,correct,correct
8070,بازی و برنامه هم که تا حالا کم نیاورده.,1,1,positive,positive,True,0,0,39,9,correct,correct
1237,اما شارژدهی پدفون فقط منحصر به باتری گوشی نمی‌شود، بلکه داک تبلت آن نیز دارای یک باتری 6600 میلی آمپر-ساعتیست که با قرار دادن گوشی در داک، این باتری نیز به باتری گوشی افزوده می‌شود.,0,0,neutral,neutral,True,0,0,181,35,correct,correct
2305,راه حل دیگه ای هم برای کسانی که مصرف بالایی دارن موجوده : میتونی یه کیت شارژ HTC با ظرفیت 5000 میلی آمپر تهیه کنی و زمانی که دسترسی به AC نداری ازش استفاده کنی.,1,0,positive,neutral,False,-1,1,160,35,adjacent_class_error,predicted_more_negative
6263,تنها ضعفی که من تو این گوشی دیدم wifi اونه که نسبتا ضعیف عمل می کنه.,-1,-1,negative,negative,True,0,0,68,16,correct,correct
224,من حدودا یه ماهه خریدمش همه چیش عالیه تو دیجی کالا نوشته 2.3 ولی اندروید 4.0.4 پیش فرض روش بود وای فایش مشکل داره یا خاموش نمیشه یا اگر روشنه وای فای رو سرچ نمیکنه ولی همچیش واقعا عالیه,1,2,positive,very_positive,False,1,1,185,39,adjacent_class_error,predicted_more_positive
10292,بهترین گوشیه که تا به حالا باهاش کار کردم مخصوصا سرعت و دوربین و صدا و اینترنت و خوش‌دست بودنش نسبت به قیمتش عالیه,2,2,very_positive,very_positive,True,0,0,114,24,correct,correct
428,دوربین خوب و فوق العاده اقتصادی,2,2,very_positive,very_positive,True,0,0,31,6,correct,correct
8158,به کار گیری نسخه سبکی از رابط کاربری زیبای شرکت HTC یعنی HTC Sense 4.0 در کنار رابط کاربری استاندارد اندروید تجربه کار با این گوشی را بسیار لذت بخش و جذاب خواهد کرد.,2,1,very_positive,positive,False,-1,1,165,34,adjacent_class_error,predicted_more_negative
8756,من سفارش دادم.,0,0,neutral,neutral,True,0,0,14,3,correct,correct
12092,سلام من یک ماهی میشه که این دوربین رو خریدم کارایی بالایی در برابر قیمتش داره کیفیت عکساش فوق العاده است سونی واقعا سنگ تموم گذاشته.,2,2,very_positive,very_positive,True,0,0,132,26,correct,correct
714,hp پرفروشترین مارک لپ تاپ تو دنیاست و انصافا لپتاپ های خیلی محکمی میزنه و کلاس پروبوک علاوه بر استحکام شیکم هستن.,2,2,very_positive,very_positive,True,0,0,113,22,correct,correct
8074,سایتتون خیلی خوبه من که کلی اطلاعات گرفتم.,2,2,very_positive,very_positive,True,0,0,42,8,correct,correct
1912,اگه iphone 4s بگیرید زیادی فرقی نداره میتونید اپدیتش کنید.,0,0,neutral,neutral,True,0,0,58,10,correct,correct
12026,"میتونین با اتصال گوشیتون به کامپیوتر با دوبار کلیک کردن رو فایل نصبی برنامه , براحتی برنامه ها تون رو نصب کنید .",1,0,positive,neutral,False,-1,1,112,23,adjacent_class_error,predicted_more_negative
12063,تصاویر آن نیز کیفیت خوبی دارند.,1,1,positive,positive,True,0,0,31,6,correct,correct
607,اگه درایور وبکم رو نصب کنین از کیفیت اچ دی وبکم لذت خواهید برد..,1,1,positive,positive,True,0,0,64,14,correct,correct
12098,دوربین فیلمبرداری JVC GZ-MG335، کوچک ترین دوربین فیلمبرداری هارددیسکی است که در بازار موجود می باشد و دارای ویژگی ها و کاربردهایی است که استفاده از آن، ساده و لذت بخش است.,1,2,positive,very_positive,False,1,1,171,32,adjacent_class_error,predicted_more_positive
228,کیفیت تا 20%درصد بهبود داشته و مشکل لقی تیکه پایینی نوار اکریلیکی که بعد از یک یا دو بار زمین خوردن ممکن بود خراب بشه هم حل شده از همه مهم تر اینه که شما میتونی مموری کارت بهش وصل کنی گوشی بازها میدونن 16گیگ برای این گوشی ها چیزی نیست باطری هم 200 مگا هرتز تقویت شده که به نظر خودم خیلی حالت اماده باش گوشی زیاد شده استند بای که هر 10ساعت 3 یا 4 درصد کم میکنه سونی با به کار گیری نصل جدید باطری و شارژر 850 مگا امپری به جنگ زمان زیاد برای شارژ رفته این گوشی با رکورد یک ساعت چهل و هفت دقیقه فول شارژ میشه که یه مزیت فوق العادست دوربین هم تفاوتی نداره کیفیت صدای مکالمه عالی صدای موسیقی دو گوشی با هم برابره.,1,1,positive,positive,True,0,0,607,133,correct,correct
11774,پس از وسیله ایی که داغ می کنه حتی الامکان بپرهیزید!,-1,0,negative,neutral,False,1,1,51,11,adjacent_class_error,predicted_more_positive
12687,بره کسی که میخواد یه آندروید خوب داشته باشه بهترین گزینست,2,2,very_positive,very_positive,True,0,0,57,11,correct,correct
5221,بنابراین به کمک اسپیکرهای خیلی خوب و نمایشگر با کیفیت، به راحتی می‌توانید با جمع دوستان به تماشای فیلم با N43SM بنشینید و یا به موسیقی گوش دهید.,2,1,very_positive,positive,False,-1,1,144,28,adjacent_class_error,predicted_more_negative
2226,Sense 4 Plus نسبت به نسخه های پیشین بسیار ساده تر ولی در عین حال کاربردی‌تر شده است.,1,1,positive,positive,True,0,0,84,18,correct,correct
8633,رو قاب پشتی مخصوصا رنگ مشکی که من دارم اثر انگشت میمونه (زیاد) بهتر بود مثله optimus 4x باشه.,-1,0,negative,neutral,False,1,1,93,19,adjacent_class_error,predicted_more_positive
3608,در حقیقت لپ‌تاپ‌هایی با این امکانات و سخت افزار، معمولا گران‌تر هستند.,0,0,neutral,neutral,True,0,0,70,12,correct,correct
3167,کیفت صداش عالیه.,2,2,very_positive,very_positive,True,0,0,16,3,correct,correct
11546,از دوربینم راضیم و در خریدش شک نکنید.,1,1,positive,positive,True,0,0,37,8,correct,correct
5111,۴٫ درایوهای Samsung در مدل‌های جدید که بعد از نیمه دوم سال ۲۰۰۷ تولید شده‌اند وجود ندارد.,-1,0,negative,neutral,False,1,1,89,17,adjacent_class_error,predicted_more_positive
3446,روی این دستگاه تا حدودی شلوغ بوده و تعداد زیادی کلید وجود دارد.,-1,0,negative,neutral,False,1,1,63,13,adjacent_class_error,predicted_more_positive
4252,صفحه بزرگ 4 اینچی.,0,0,neutral,neutral,True,0,0,18,4,correct,correct
1690,اما طراحی کلی iOS 6 تنوع جدیدی را در اختیار کاربران قرار نمی‌دهد و به غیر از افزوده شدن یک ردیف بیشتر به برنامه های آن( به علت بزرگ‌تر شدن صفحه نمایش) تغییر دیگری را شاهد نیستیم.,-1,0,negative,neutral,False,1,1,178,37,adjacent_class_error,predicted_more_positive
8922,امیر,0,0,neutral,neutral,True,0,0,4,1,correct,correct
8619,تنها مشکلش که دو دل هستم در خریدش اینه که 2 سیم کارت همزمان فعال نیستن!,1,-1,positive,negative,False,-2,2,71,16,distant_class_error,predicted_more_negative
7929,.با خرید 5 تا بازی vita میتونی یه دستگاه دیگه بخری,-1,0,negative,neutral,False,1,1,50,11,adjacent_class_error,predicted_more_positive
71,طراحی قسمت لبه‌ی بالایی و چینش دکمه‌ها هم کمی نسبت به F770 تفاوت دارد.,0,0,neutral,neutral,True,0,0,70,14,correct,correct
8026,فاصله فوکوس نزدیک آن هم در مود ماکرو تقریبا 0 سانتی‌متر است که بسیار عالیست و به راحتی می‌توانید دوربین را تقریبا به سوژه بچسبانید و از آن عکس بگیرید.,2,2,very_positive,very_positive,True,0,0,150,30,correct,correct
9750,برای کسانی که می‌خواهند با هزینه نسبتا کم، یک گوشی هوشمند داشته باشند که با سیستم عامل اندروید آن، بتوانند لذت داشتن یک گوشی اندرویدی را نیز تجربه نمایند، این گوشی یک گزینه خوب به شمار می‌رود.,1,1,positive,positive,True,0,0,192,37,correct,correct
10294,حد اقل 8 صفحه نرم افزار روی این گوشی نسب کردم، از IDM گرفته تا چراغ قوه و ..,0,1,neutral,positive,False,1,1,76,19,adjacent_class_error,predicted_more_positive
7470,نمایشگر این دوربین خوشبختانه حتی در زیر نور آفتاب هم کاملا شفاف و قابل رویت است و خود دوربین نیز خیلی سریع و دقیق فوکوس می‌کند.,2,2,very_positive,very_positive,True,0,0,127,26,correct,correct
3920,هرچند که همچنان تا ایزو 6400 هم عکس‌ها کاملا قابل استفاده هستند.,0,1,neutral,positive,False,1,1,64,12,adjacent_class_error,predicted_more_positive
2187,آیفون در زمان معرفی خودش یک نوآوری بود هم از لحاظ ارگونومی و هم از لحاظ سیستم عامل متفاوتش.,1,1,positive,positive,True,0,0,91,19,correct,correct
7028,گوشی های دیگری مانند Oppo Find 5 با صفحه نمایش Full HD هست که می توانند با باترفلای از لحاظ صفحه نمایش در سیستم عامل اندروید رقابت کنند مطمئن باشید که سامسونگ گلکسی iv خود را حتما بهتر از باترفلای خواهد زد در ضمن شرکت های زیادی مانند سونی و ال جی و لنوو می خواهند گوشی هایی با صفحه نمایش full hd بزنند,0,0,neutral,neutral,True,0,0,301,64,correct,correct
3767,البته مشخصات این دو یکی است و احتمالا فقط تغییراتی در کیفیت آن ها رخ داده است.,0,0,neutral,neutral,True,0,0,78,17,correct,correct
10741,من که بیاد میخرمش!,1,0,positive,neutral,False,-1,1,18,4,adjacent_class_error,predicted_more_negative
8720,5- کیفیت صوت گوشی با اسپیکر خودش خوب و با هدفون بسیار خوب است.,1,2,positive,very_positive,False,1,1,62,14,adjacent_class_error,predicted_more_positive
402,به روز رسانی: کیفیت عکس‌های گرفته شده توسط Ixus 240 HS در سطح خوبی قرار دارد.,1,1,positive,positive,True,0,0,77,16,correct,correct
10493,با توجه به دوسیم کارته بودنش که مهمترین ویژگیشه و در نظر نگرفتن دوربینش گوشی متوسط رو به بالا محسوب میشه که به نسبت قیمت چیز خوبیه .,1,1,positive,positive,True,0,0,132,28,correct,correct
3126,به علاوه این تبلت به طور پیش فرض از اکثر فرمت های ویدئویی نظیر DivX و Xvid پشتیبانی می کند.,1,1,positive,positive,True,0,0,91,20,correct,correct
5751,این گوشی از باتری لیتیوم یونی 1650 میلی آمپر بهره می‌برد.,0,0,neutral,neutral,True,0,0,57,11,correct,correct
5987,"بنظرم با توجه به امکانات و داشتن لنز سری G و برند معتبرش واقعا"" ارزش خریدو داره .",1,1,positive,positive,True,0,0,81,18,correct,correct
198,acro s رو همه روی ضد آب بودنش مانور میدن که واقعا یه چیز تجملی هست، اولا چون ضد آبه ولی ضد ضربه نیست، پس وقتی یکی دوبار ضربه بخوره دیگه هیچ اطمینانی به قابلیت ضد آب بودنش بعد از ضربه نیست !,0,1,neutral,positive,False,1,1,189,43,adjacent_class_error,predicted_more_positive
2343,"من خودم با تمام برند ها اعم از Htc, Sony,sumsung کار کردم.",0,0,neutral,neutral,True,0,0,58,12,correct,correct
12717,در ضمن در موقع خاموش روشن کردن تاریخ گوشی عوض نمیشه حتما تنظیماتشو دست کاری کردین.,0,0,neutral,neutral,True,0,0,82,16,correct,correct
7492,طراحی و ساختطراحی این گوشی کمی متفاوت‌تر از گوشی‌های دیگر خانواده لومیا است به طوری که لبه‌ها کمی انحنا داشته و صفحه نمایش آن کاملا تخت است.,0,1,neutral,positive,False,1,1,140,27,adjacent_class_error,predicted_more_positive
