dataset_index,text,actual_label,predicted_label,actual_label_name,predicted_label_name,is_correct,label_difference,label_distance,character_count,word_count,error_severity,error_direction
85,مود Adv (Advanced) قابلیت‌های خیلی خوبی مثل اینکه چند عکس در کنار هم برای عکاسی پانوراما تهیه کنید را به شما می‌دهد.,1,2,positive,very_positive,False,1,1,116,22,adjacent_class_error,predicted_more_positive
193,واقعا نسبت به قیمتش ارزش داشت (البته اون موقع که من گرفتم ارزون تر بود).,1,-1,positive,negative,False,-2,2,72,15,distant_class_error,predicted_more_negative
8607,دوسیم با هم فعاله و خوبیه دیگش اینه مثل دوسیم کارته های دیگه سیم میکرو نمیخواد.,1,0,positive,neutral,False,-1,1,79,16,adjacent_class_error,predicted_more_negative
9647,ولی مشخصات سخت افزاری و نرم افزاری در حدی که باید نیست .,-1,0,negative,neutral,False,1,1,56,13,adjacent_class_error,predicted_more_positive
2143,همه میدانیم که این گوشی از سیستم عامل ios6 پشتیبانی میکند سیستم عاملی که رییس شرکت سامسونگ در معرفی گلکسی نوت2 دربارش میگوید:این سیستم عامل بی نظیر و دست نیافتنی است و من ارزو دارم روزی از این سیستم عامل بر روی گوشی های سامسونگ استفاده کنم.,1,2,positive,very_positive,False,1,1,240,47,adjacent_class_error,predicted_more_positive
1572,این نسخه یکی از جدیدترین نسخ این سیستم عامل است که سامسونگ برای Note 8 انتخاب نموده.,1,2,positive,very_positive,False,1,1,84,17,adjacent_class_error,predicted_more_positive
7248,هر چند خیلی جالبه ولی با پولش میشه یه موبایل و یه تبلت بخری!,-1,1,negative,positive,False,2,2,60,14,distant_class_error,predicted_more_positive
12025,گزینه ی دیگری هم بنام Theme UI tool داره که میتونین برای گوشیتون تم بسازید (البته فعلا فقط مدل های D1 و Honor را پشتیبانی میکنه) یکی دیگه از مزیت های این برنامه اینه که لازم نیست برای نصب برنامه روی گوشیتون فایل های apk را داخل گوشی بریزین و بعد نصب کنید.,0,1,neutral,positive,False,1,1,255,53,adjacent_class_error,predicted_more_positive
10837,الان هم قیمتش اومده پایین و مناسب واسه خرید,1,-1,positive,negative,False,-2,2,43,9,distant_class_error,predicted_more_negative
10377,مقاومت در برابر تکان های وارد شده از ضربهمهم نیست محیط جایی که در آن کار می کنید یا بازی می کنید به چه میزان خشن و سخت باشد، ساختار با دوام قابلیت اعتماد به دسترسی اطلاعات را فراهم می کند.,1,0,positive,neutral,False,-1,1,188,41,adjacent_class_error,predicted_more_negative
10017,البته حساسیت این سنسور از سنسور M52 کمتر می‌باشد و دست کم به نور 5 لوکس حساس می‌باشد.,-1,1,negative,positive,False,2,2,85,18,distant_class_error,predicted_more_positive
7647,خداکنه توی ایران که میاد هم قیمتش به همون خوبی باشه!,0,2,neutral,very_positive,False,2,2,52,11,distant_class_error,predicted_more_positive
9360,فقط می تونم بگم عالیه.,1,2,positive,very_positive,False,1,1,22,5,adjacent_class_error,predicted_more_positive
8094,وگرنه htc میتونست از CPU قوی تر هم روی این گوشی استفاده کنه و قرار بده ولی خوب باید دانست که افزایش قیمت به کیفیت صفحه نمایش و قدرت CPU مربوط میشه.,0,1,neutral,positive,False,1,1,147,32,adjacent_class_error,predicted_more_positive
7838,اما ASUS مفهوم فبلت را کمی عجب به ثمر رسانده!,0,-1,neutral,negative,False,-1,1,45,10,adjacent_class_error,predicted_more_negative
2856,با وجود سیستم عامل اندروید، قادر خواهید بود از هزاران برنامه موجود برای این سیستم عامل استفاده نمایید.,0,1,neutral,positive,False,1,1,102,18,adjacent_class_error,predicted_more_positive
3178,زیبا و خوش دسته !,1,2,positive,very_positive,False,1,1,17,5,adjacent_class_error,predicted_more_positive
1666,اما به نظر می‌رسد کمپانی اپل، پردازنده جدید خود را مخصوص آیفون 5 طراحی و تولید نموده است.,0,1,neutral,positive,False,1,1,89,18,adjacent_class_error,predicted_more_positive
10347,برای مثال می‌توان به قابلیت تشخیص لبخند و قابلیت پانورامای سه بعدی اشاره کرد.,1,0,positive,neutral,False,-1,1,77,14,adjacent_class_error,predicted_more_negative
12437,من تعریفش رو خیلی شنیدم اما باید امتحان کرد,0,-1,neutral,negative,False,-1,1,43,9,adjacent_class_error,predicted_more_negative
10768,از بدنه ی حرفه‌ای‌تر این دوربین نسبت به مدل پیشین که بگذریم، بزرگترین پیشرفت که باعث شگفتی همگان هم شد، در لنز این دوربین بوده است.,1,2,positive,very_positive,False,1,1,131,26,adjacent_class_error,predicted_more_positive
6614,با وزن تنها 270 گرم نیز یکی از سبک وزن ترین‌ها می‌باشد.,2,1,very_positive,positive,False,-1,1,55,12,adjacent_class_error,predicted_more_negative
7116,در نهایت، این صفحه نمایش توسط محافظ Gorilla Glass کاور گردیده است.,1,0,positive,neutral,False,-1,1,66,12,adjacent_class_error,predicted_more_negative
2217,زاویه دید صفحه One X Plus نیز بسیار بالاست بطوریکه می‌توان گفت حتی از زاویه دید 178 درجه‌ای، هیچ‌گونه کاهش کیفیتی را مشاهده نخواهیم کرد.,1,2,positive,very_positive,False,1,1,136,25,adjacent_class_error,predicted_more_positive
569,بلندی صدا نیز بسیار مناسب است ولی با این وجود، علاقه‌مندان به موسیقی و تماشای ویدئو بهتر است که از بلندگوهای خارجی و یا هدفون استفاده کنند.,1,2,positive,very_positive,False,1,1,139,27,adjacent_class_error,predicted_more_positive
985,این پیشرفت خیلی خوبیست و باعث می شود که عملکرد این دوربین در شرایط ضعیف نوری کاملا برتر باشد و بتوان با سرعت های شاتر بالاتری عکاسی کرد.,2,1,very_positive,positive,False,-1,1,136,28,adjacent_class_error,predicted_more_negative
12586,بزرگترین ضعفش عکساس تو شبه که زیاد دلچسب و مطلوب نیست.,-2,-1,very_negative,negative,False,1,1,54,11,adjacent_class_error,predicted_more_positive
11061,مهم ترین موضوع وجود قلم و دیدگاه آموزشی و علمی و Note خیلی قوی اونه و..,2,0,very_positive,neutral,False,-2,2,71,16,distant_class_error,predicted_more_negative
9572,در ضمن اوج قدرت اپل وقتی مشخص میشه که با یه پردازنده 2 هسته ای داره با 4 هسته ایها مبارزه میکنه و اونها رو به راحتی شکست میده!,2,1,very_positive,positive,False,-1,1,126,29,adjacent_class_error,predicted_more_negative
5396,جایی که یک دفتر چه یادداشت به صورت پیش فرض قرار دارد که می‌توان در آن هر چیزی را به هر شکلی که دوست دارید ثبت نمایید.,1,0,positive,neutral,False,-1,1,117,27,adjacent_class_error,predicted_more_negative
7880,وجود پروژه کره بر روی اندروید 4.1 باعث گردیده که این نسخه از اندروید نسبت به نسخه های پیشین به مراتب روان‌تر باشد.,2,1,very_positive,positive,False,-1,1,114,23,adjacent_class_error,predicted_more_negative
7468,همچنین نور دهی نیز از همین طریق قابل تنظیم است.,1,0,positive,neutral,False,-1,1,47,10,adjacent_class_error,predicted_more_negative
11559,تنظیمات فوکوس نقطه ای عالی داره.,1,2,positive,very_positive,False,1,1,32,6,adjacent_class_error,predicted_more_positive
1333,راستش با چیزایی که شنیده بودم داشتم منصرف میشدم از خریدنش اما حالا که خریدم واقعا بیش از اندازه راضی هستم دوستانی که میگن کیفیت خوبی نداره باید بگم که بهتره این انتقاد رو از هدفونش کنید !,1,0,positive,neutral,False,-1,1,187,38,adjacent_class_error,predicted_more_negative
4791,بدنه ی دوربین محکم است .,1,0,positive,neutral,False,-1,1,24,6,adjacent_class_error,predicted_more_negative
49,ولی میتوان با این قیمت یکی دیگر از اعضای خانواده اکسپریا را خرید - اکسپریا U - که از لحاظ سخت افزاری واقعا با این گوشی قابل قیاس نیست .,0,1,neutral,positive,False,1,1,135,30,adjacent_class_error,predicted_more_positive
7057,این یکی دیگه اخرشه.,1,-1,positive,negative,False,-2,2,19,4,distant_class_error,predicted_more_negative
1997,زیرا جدید ترین و بالا ترین cpuی آیفون است و غیر ممکن است در برنامه ای کم بیاورد.,1,0,positive,neutral,False,-1,1,80,18,adjacent_class_error,predicted_more_negative
5573,بدنه خیلی ساده است ولی به هیچ وجه ضعیف به نظر نمی‌رسد.,1,-1,positive,negative,False,-2,2,54,12,distant_class_error,predicted_more_negative
181,از نظر من خوش دست ترین و کاملترین گوشیه که دیدم ولی با لمس ضعیف دکمه های پایینش با دوستان موافقم .,1,2,positive,very_positive,False,1,1,98,22,adjacent_class_error,predicted_more_positive
8417,اما به جز لنز بهبود بارز بعدی را می توان در نمایشگر دید.,1,0,positive,neutral,False,-1,1,56,13,adjacent_class_error,predicted_more_negative
880,با این حال مقداری عریض‌تر شده و به نظر ما ظاهری جدی‌تر پیدا کرده است.,0,-1,neutral,negative,False,-1,1,69,15,adjacent_class_error,predicted_more_negative
630,کیفیت ساخت خوبی هم دارد.,1,2,positive,very_positive,False,1,1,24,5,adjacent_class_error,predicted_more_positive
6270,اندازه این گوشی زیادی بزرگه.,-1,0,negative,neutral,False,1,1,28,5,adjacent_class_error,predicted_more_positive
317,حرف آخر اینکه اگه اهل بازی و اینترنت با گوشی هستید اس 2 یا وان اس (البته دوربین 8 وان اس رو هم من از 10بهش 6 میدم، ولی بقیه ی امکاناتش در حد عالین!,1,0,positive,neutral,False,-1,1,147,35,adjacent_class_error,predicted_more_negative
8291,صداش واقعا ضعیفه.,-2,0,very_negative,neutral,False,2,2,17,3,distant_class_error,predicted_more_positive
1219,از اینجا به بعد را در مورد قابلیت‌های نرم افزاری گوشی صحبت خواهیم کرد، چرا که کارایی داک آن نیز به قابلیت‌های گوشی وابسته است.,0,1,neutral,positive,False,1,1,126,25,adjacent_class_error,predicted_more_positive
3530,لازم به ذکر است که همانند دیگر گوشی‌های مبتنی بر اندروید 4، گلکسی اس3 نیز از زبان فارسی بطور کامل پشتیبانی می‌کند.,1,0,positive,neutral,False,-1,1,114,22,adjacent_class_error,predicted_more_negative
11165,اگر کیت دوربین Skype را که بطور جداگانه فروخته می شود تهیه کنید می توانید با نرخ های بسیار پایین و یا حتی به رایگان با عزیزان خود در اقصی نقاط جهان روی صفحه عریض تلویزیون تماس های ویدیویی با کیفیت عالی برقرار کنید.,1,2,positive,very_positive,False,1,1,214,44,adjacent_class_error,predicted_more_positive
7620,نسخه 4.1 اندروید تغییرات زیادی نسبت به نسخه قبلی داشته، کمپانی سامسونگ نیز ویجت هایی را برای استفاده کاربر به آن افزوده است.,1,0,positive,neutral,False,-1,1,124,23,adjacent_class_error,predicted_more_negative
7235,این در حالیه که با این پول میتونید هم یه تبلت خوب داشته باشید هم یه گوشی خیلی خوب .,-2,2,very_negative,very_positive,False,4,4,83,20,distant_class_error,predicted_more_positive
13038,(مطمن باشید از خرید این شاهکار apple پشیمان نمیشوید.,2,1,very_positive,positive,False,-1,1,52,9,adjacent_class_error,predicted_more_negative
10221,سلام گوشی فوق‌العاده‌ای هستش از هر نظر هر کی میخواد گوشی با این اطلاعات بخره همینو بخره فقط به اندروید4 اپدیت نکنید بهتره چون سرعتش کم میشه.,1,2,positive,very_positive,False,1,1,140,27,adjacent_class_error,predicted_more_positive
2703,اما خوشبختانه دوربین در این هنگام قفل نمی شود و می توانید عکس بعدی را هم بگیرید.,0,1,neutral,positive,False,1,1,80,17,adjacent_class_error,predicted_more_positive
3260,کیفیت بلندگوهای سری 3 نیز نسبت به رقبا در این بازه قیمتی، بسیار خوب است.,1,2,positive,very_positive,False,1,1,72,15,adjacent_class_error,predicted_more_positive
11796,اندروید 4 رو هم که می گیره که تو این بازه ی قیمتی این گوشی رو منحصر به فرد میکنه.,2,1,very_positive,positive,False,-1,1,81,20,adjacent_class_error,predicted_more_negative
2804,البته کابل HDMI برای اتصال به HDTV ندارد.,-1,0,negative,neutral,False,1,1,41,8,adjacent_class_error,predicted_more_positive
9704,1- بهترین دوربینو نداره PURE VIEW و LUMIA دارن 2 -نه باریکترینه و سبک ترین هم نیست باریک ترین Droid RAZR هست با 7.1 میلیمتر سبک تر از اون Sony Xperia XS با 95 گرم بهترین صفحه نمایشو هم خودشون میگن داره ولی میبینی که مثل باریک ترین و سبک ترین حتما بهترین نیست 16:9 چیزی بود که استیو جابز ازش متنفر بود و اینکه تقریبا همه ی گوشی های دیگه 16:9 هستند و بالاتر از 4 اینچ هم هستند بهترین هدفون دنیا هم نیست خیلی بهتر از اون هم هست,-2,1,very_negative,positive,False,3,3,424,91,distant_class_error,predicted_more_positive
1735,دوربینش بی نقصه .,1,2,positive,very_positive,False,1,1,17,4,adjacent_class_error,predicted_more_positive
3460,از سوی دیگر سرعت اسکن در این دستگاه برای هر صفحه در حدود 15 ثانیه می‌باشد و ویژگی بارز دیگر اسکنر این دستگاه، امکان اسکن خودکار دو رو است.,0,1,neutral,positive,False,1,1,138,29,adjacent_class_error,predicted_more_positive
1730,میشه گفت دیگه هیچ نقصی برای این گوشی وجود نداره.,1,2,positive,very_positive,False,1,1,48,10,adjacent_class_error,predicted_more_positive
8180,شاید بتوان واقعا بزرگترین بهبود را در همین لنز مشاهده کرد چرا که تاثیر مستقیمی بر کیفیت عکس ها دارند و خود گوپرو هم مانور تبلیغاتی زیادی بر روی آن داده است.,2,1,very_positive,positive,False,-1,1,156,32,adjacent_class_error,predicted_more_negative
7440,هرچند که لامپ LED دیگر به زمان گرم شدن احتیاج ندارد و خیلی زود روشن و آماده می‌شود، با این حال برای اسکن یک عکس 6X4 در رزولوشن 300ppi حدود 19 تا 25 ثانیه زمان لازم است.,-1,0,negative,neutral,False,1,1,168,37,adjacent_class_error,predicted_more_positive
12340,دوربین خود همه‌ی تنظیمات را برای گرفتن بهترین و با کیفیت ترین عکس انجام می‌دهد.,1,2,positive,very_positive,False,1,1,79,15,adjacent_class_error,predicted_more_positive
9873,فقط تنها عیبش گران تمام شدن دسترسی به برنامه هاش است.,-1,0,negative,neutral,False,1,1,53,11,adjacent_class_error,predicted_more_positive
2921,باتری پس از باتری قدرتمند Transformer Prime، انتظار بسیار زیادی از باتری TF700 داشتیم.,0,2,neutral,very_positive,False,2,2,86,14,distant_class_error,predicted_more_positive
9915,عاقلانه هم این بوده که طراحان اپل اشتباه iPhone 4 را بر روی 4s تکرار نکنند و ما هم فکر می‌کنیم که این مورد کاملا حل شده باشد.,2,1,very_positive,positive,False,-1,1,125,28,adjacent_class_error,predicted_more_negative
1424,پس بهتره ایرادات این مدل رو هم مرور کنیم:1-هیچ توجه کردین این لپ تاپ CD و DVD درایو نداره !,-1,0,negative,neutral,False,1,1,91,20,adjacent_class_error,predicted_more_positive
4680,امکان گروه بندی اعضای دفتر تلفن وجود نداره.,-1,0,negative,neutral,False,1,1,43,8,adjacent_class_error,predicted_more_positive
346,در یک جمع بندی سریع، می‌توان گفت که کیفیت بلندگوی های G580 در مقایسه با نوت‌بوک های هم رده، کمی بهتر است ولی با این وجود، طرفداران دنیای موسیقی و کسانی که علاقه‌مند به تماشای فیلم با نوت‌بوک خود هستند، بهتر است که از بلندگوهای خارجی و یا هدفون استفاده کنند.,0,-1,neutral,negative,False,-1,1,257,51,adjacent_class_error,predicted_more_negative
8515,کیفیت عکس‌ها کاملا ابتدایی است.,-1,2,negative,very_positive,False,3,3,31,5,distant_class_error,predicted_more_positive
5966,به هر صورت فاصله‌ی کانونی معادل 25 میلی متر باعث شده است که این دوربین یکی از وایدترین لنزها را در بین دوربین‌های غیر DSLR داشته باشد.,1,0,positive,neutral,False,-1,1,134,27,adjacent_class_error,predicted_more_negative
5803,سلام بچه ها آندروید 4.1.2 جیلی بین نسخه نهایی برای این گوشی اومده که می تونید دانلود کنید  در نسخه جیلی بین همه این مشکلات برطرف شده یعنی عالی شده.,2,0,very_positive,neutral,False,-2,2,147,30,distant_class_error,predicted_more_negative
8048,کیفیت عکس‌های SX40 HS بالاتر است و در عوض دوربین پاناسونیک عملکردی سریع‌تر، نمایشگری بزرگتر و با کیفیت‌تر، توانایی عکاسی در فرمت RAW و کنترل کامل نوردهی در هنگام فیلم‌برداری را ارایه می‌کند.,0,1,neutral,positive,False,1,1,190,33,adjacent_class_error,predicted_more_positive
7021,Single Core اینتل تونست از دو هسته ای ها جلو بزنه.,1,0,positive,neutral,False,-1,1,50,11,adjacent_class_error,predicted_more_negative
4214,من این گوشی رو یک هفته است گرفتم محشره صفحه بزرگ با کیفیت  سی پی یو قوی  بدون هنگ و گیر - کاملا روان فقط صداش کمه و بقیه امکاناتش عالیه نسخه اندرویدشم 4.1.1 و .,0,2,neutral,very_positive,False,2,2,160,36,distant_class_error,predicted_more_positive
4664,من با گالکسی ای سی که تقریبا هم قیمتش بود مقایسه کردم باز هم اکسپریاری خیلی بیشتر می ارزه چون گالاگسی ای سی مشکلاتی داره مثل کیبورد اسمسش و.,0,2,neutral,very_positive,False,2,2,140,29,distant_class_error,predicted_more_positive
3606,بنابراین اگر جزو کسانی هستید که لپ‌تاپ خود را زیاد جابجا می‌کنید، پیشنهاد می‌کنیم که کابل برق آن را همیشه همراه خود داشته باشید.,0,1,neutral,positive,False,1,1,128,24,adjacent_class_error,predicted_more_positive
10704,البته صفحه نمایش فوق‌العاده‌ی این گوشی دارای نقاط ضعفی نیز می‌باشد که برای مثال می‌توان به زاویه دید متوسط (به خصوص در حالت افقی) و عملکرد نسبتا ضعیف آن در شرایط نوری قوی (مانند فضاهای خارجی و یا زیر نور آفتاب) اشاره کرد.,0,-1,neutral,negative,False,-1,1,221,43,adjacent_class_error,predicted_more_negative
8201,WVGA که دیگر غوغا است و می تواند سرعت فریم 240 را ارائه دهد.,2,1,very_positive,positive,False,-1,1,60,14,adjacent_class_error,predicted_more_negative
8489,"اینک سایز نمایشگر به 3.5 اینچ افزایش پیدا کرده و از رزولوشن 460,000 پیکسلی بهره می‌برد که از 921,000 پیکسل دوربین کانن کیفیت کمتری دارد.",-1,1,negative,positive,False,2,2,136,25,distant_class_error,predicted_more_positive
7547,درضمن گوشی 3d max LG با پردازنده قوی تر وقابلیت ضبط وپخش سه بعدی ازین ارزونتره.,1,0,positive,neutral,False,-1,1,79,16,adjacent_class_error,predicted_more_negative
12937,همچنین صفحه کلید این گوشی طوری طراحی شده که افرادی که ارسال و دریافت پیامک زیادی دارند بتواند به راحتی با این گوشی کار کنند.,1,0,positive,neutral,False,-1,1,124,25,adjacent_class_error,predicted_more_negative
12526,از دیگر امکانات نیز می‌توان به ژیروسکوپ؛ علاوه بر سنسور شتاب سنج، سنسور نوری، سنسور Proximity، A-GPS و قطب‌نمای دیجیتال اشاره کرد.,1,0,positive,neutral,False,-1,1,130,22,adjacent_class_error,predicted_more_negative
1910,اپل رو واقعا دوست دارم.,1,0,positive,neutral,False,-1,1,23,5,adjacent_class_error,predicted_more_negative
10313,کلا سونی اریکسون نسبت به پولی که هزینه می کنید گوشیهای خوبی داره.,1,2,positive,very_positive,False,1,1,65,13,adjacent_class_error,predicted_more_positive
8306,گوشی بسیار قدرتمند و باکیفیتیه فقط باطریش در حد و اندازه این گوشی نیست,1,2,positive,very_positive,False,1,1,70,14,adjacent_class_error,predicted_more_positive
732,توی یک هفته کار با این مدل هیچ گونه اثری از کرش یا کم شدن سرعت علیرغم نصب بازی های سنگین و انواع نرم افزارهای مهندسی ندیدم ، این مدل تنها مشکلش که زیادم به چشم نمیاد عدم وجود نور پس زمینه صفحشه .,0,-1,neutral,negative,False,-1,1,195,44,adjacent_class_error,predicted_more_negative
9244,کسانی که پیش از این کاربر دوربین های 500D، 550D و 600D بوده اند و با فیلم برداری آن ها کار کرده اند حتما متوجه این موضوع شده اند که در مود Live view و هنگام فیلم برداری، فوکوس خودکار فوق العاده کندتر صورت می گیرد و احیانا پر اشتباه.,-2,2,very_negative,very_positive,False,4,4,232,50,distant_class_error,predicted_more_positive
3981,من بین خرید دوربین canon 40x و این دوربین سونی خیلی مردد بودم .,0,2,neutral,very_positive,False,2,2,63,14,distant_class_error,predicted_more_positive
1053,این دوربین شوتینگ مودهای مختلفی دارد که از طریق منوها قابل دسترسی هستند.,1,0,positive,neutral,False,-1,1,72,13,adjacent_class_error,predicted_more_negative
3082,بله با تبلت هایی که داره میاد حتما به دردش میخوره و برا اینکه از تبلت های جدید اندرویدی عقب نمونه باید استانداردهاشو بالا می برد.,0,1,neutral,positive,False,1,1,129,26,adjacent_class_error,predicted_more_positive
11409,اگر اهل نوشتن و خوندن به زبان انگلیسی باشد و صدالبته اس ام اس زدن با این زبان ، دیکشنری گوشی به همراه امکان نوشتن کلمات فقط با حرکت انگشت روی صفحه فوق العاده است(Gesture Typing) .,2,-1,very_positive,negative,False,-3,3,179,37,distant_class_error,predicted_more_negative
10000,یک وسیله با 3 کاربرد !,1,0,positive,neutral,False,-1,1,22,6,adjacent_class_error,predicted_more_negative
3604,این میزان بدین معناست که در مصارف روزمره عادی E1-531 می‌تواند بین 4 تا 5 (بسته به نوع پردازنده و پردازشگر گرافیکی) شارژ دهی کند.,0,1,neutral,positive,False,1,1,128,25,adjacent_class_error,predicted_more_positive
8820,در مورد دوربین هم بسیار باکیفیت ساخته شده و در بدنه مشکل نیست فقط صفحه نمایش کیفیت پایینی دارد.,0,2,neutral,very_positive,False,2,2,95,19,distant_class_error,predicted_more_positive
9239,به خصوص در فیلم برداری!,0,1,neutral,positive,False,1,1,23,5,adjacent_class_error,predicted_more_positive
7065,این گوشی جای هیچ حرف و حدیثی نذاشته.,1,2,positive,very_positive,False,1,1,36,8,adjacent_class_error,predicted_more_positive
6366,در قلب Galaxy S II یک پردازنده‌ی بسیار قدرتمند دو هسته ای با سرعت 1.2 گیگاهرتز قرار گرفته که در زمان ورود Galaxy S II به بازار در سال 2011 فوق‌العاده بود، اما در حال حاضر و در بین دنیای چهار هسته ایها حرف خاصی برای گفتن ندارد.,-1,2,negative,very_positive,False,3,3,226,48,distant_class_error,predicted_more_positive
3047,هر وقت هم محل جغرافیایی رو دستی وارد کنی که اب و هوا رو لود کنه یه بار نشون میده چند بار کلا نشون نمیده من که نفهمیدم مشکل کجاست.,0,-1,neutral,negative,False,-1,1,129,30,adjacent_class_error,predicted_more_negative
1957,من یه گوشی سیمبیان دارم، اما با سیستم عامل اندروید و ios کار کردم و راستش باید بگم از دید من هر کدوم خوبیها و بدیهای خودشون رو دارن، و اینکه بستگی به خود کاربر داره که از رابط کاربری کدوم سیستم عامل بیشتر لذت میبره اما اگه بخوام نظر خودمو بعنوان کسی که با هر دو سیستم عامل به یک اندازه کار کرده بگم، باید بگم از دید من اولا تا کسی با یک سیستم عاملی کار نکرده باشه(یعنی تجربه استفاده شخصی از اون سیستم عامل رو نداشته باشه) واقعا نباید بیاد اون رو با یه سیستم عاملی که ازش استفاده کرده مقایسه کنه و راجع بهش نظر بده و ثانیا بنظرم اپل یه سری برتری های قاطعانه نسبت به برندهای دیگه داره(حقیقتا من نه طرفدار سرسخت اپلم و نه طرفدار سرسخت سامسونگ و یا ال جی و یا کمپانی های دیگه، اما همشون رو دوست دارم چون خوب کار کردن)که یه سری از این برتری ها بخاطر سیستم عاملشه(نرم افزار)ویه سری دیگه بخاطر برتری های ساختاری تو محصولاتشه، مثلا شکی تو این نیست که ios با یک پردازنده 2 هسته ای روی آیفون 4s از نظر پردازشی بهتر از مثلا اچ تی سی 4 هسته ای وان x عمل میکنه و این بخاطر بهره مندی بهینه ios از پردازندست.,0,1,neutral,positive,False,1,1,993,211,adjacent_class_error,predicted_more_positive
6915,در مورد وان ایکس هم همین حرف ها گفته می شد که باتریش ضعیفه اما من یکی از دوستام داشت و وقتی باهاش کار می کنم مثل بقیه ی گوشی های اندرویدی باتری مصرف میکنه.,1,-2,positive,very_negative,False,-3,3,155,35,distant_class_error,predicted_more_negative
185,من این گوشی و دو ماهه گرفتم رزولوشنش خیلی خوبه ولی اگر بخواد بکلایتش روشن باشه خیلی خوب میشه ولی باطری به یک روز هم نمیرسه درضمن وای فایش هم زیاد قاطی میکنه یه مشکل دیگه هم که داره اینه که شیشه اش ضد خش نیست در کل اگر این مسائل براتون مهم نباشه گوشی خوبیه,0,1,neutral,positive,False,1,1,255,56,adjacent_class_error,predicted_more_positive
10395,روی کاغذ که عالی هست و بی رقیب ولی باید بیاد و ببینیم چطوره.,1,2,positive,very_positive,False,1,1,60,14,adjacent_class_error,predicted_more_positive
5013,امکانات کلی XBOX 360 • هارددیسک پرتابل این دستگاه به یک هارددیسک بیست گیگابایتی SATA مجهز می‌باشد که امکان ذخیره‌ی بازی، موسیقی و دموهای مختلف را به کاربر می‌دهد.,0,1,neutral,positive,False,1,1,162,29,adjacent_class_error,predicted_more_positive
9435,• صفحه نمایشصفحه نمایش 4 اینچی به کار رفته در این گوشی با فناوری نور پس زمینه LED-Backlit که از تکنولوژی Bravia سونی بهره برده است ، کنتراست رنگ بسیار خوب و رنگ‌های بسیار زنده‌ای را تولید می‌نماید.,2,1,very_positive,positive,False,-1,1,197,38,adjacent_class_error,predicted_more_negative
11966,در زمان استفاده بیشتر از گوشی قسمت پشت از سمت دوربین داغ میکند.,-1,0,negative,neutral,False,1,1,63,13,adjacent_class_error,predicted_more_positive
10065,به علاوه خروجی تصویری HDMI و پورت شبکه Ethernet نیز وجود دارند.,0,1,neutral,positive,False,1,1,63,12,adjacent_class_error,predicted_more_positive
9658,بعد از استیو iphone هم مرد دو ساله منتظریم اونوقت یه گوشی می زنن که هیچ چیز خاصی نداره.,-2,0,very_negative,neutral,False,2,2,87,19,distant_class_error,predicted_more_positive
4036,با تشکر از سایت بسیار عالی دیجی کالا که خیلی کمک به انتخاب بهترین‌ها می کنه,1,2,positive,very_positive,False,1,1,75,16,adjacent_class_error,predicted_more_positive
7001,به نظر من گوشی های HTC دو تا مشکل بزرگ دارن 1:باتری ضعیف، 2:نداشتن OTG یا همان USB ON the go,-1,-2,negative,very_negative,False,-1,1,92,21,adjacent_class_error,predicted_more_negative
5871,طوری که اگه یه بار از دستتون بیوفته خراب می‌شه.,-1,0,negative,neutral,False,1,1,47,10,adjacent_class_error,predicted_more_positive
9517,با صفحه ی 4 اینچی یک ردیف به برنامه ها اضافه شده در ضمن اپل مثل اکثر برند ها نیست که هر موبایلش رو با یک قیافه بده بیرون اپل میخواهد شکل اولیه ی خودش رو حفظ کنه.,1,0,positive,neutral,False,-1,1,161,38,adjacent_class_error,predicted_more_negative
2847,سخت افزار گوشی True HD یکی از برترین سخت افزار های در بین گوشی‌های 2 هسته ای به شمار می‌رود.,2,1,very_positive,positive,False,-1,1,92,20,adjacent_class_error,predicted_more_negative
7812,جمع بندی به هر حال، تبلتی که در هفته اول فروش بیش از 3 میلیون دستگاه فروش رفته است، نمی‌تواند تبلت بدی باشد.,1,0,positive,neutral,False,-1,1,108,23,adjacent_class_error,predicted_more_negative
7918,از دیدن فیلم های Full HD لذت ببرید.,2,1,very_positive,positive,False,-1,1,35,8,adjacent_class_error,predicted_more_negative
9594,گرفتنش تو دست با توجه به کوچکتر بودن صفحه نمایش اون نسبت بقیه گوشیهای هم رده راحت تره مثلا گرفتن s3 یکم سخته.,1,-1,positive,negative,False,-2,2,109,23,distant_class_error,predicted_more_negative
2135,دوستان سلام راستش من هم در اوایل معرفی ایفون ٥ نسبت بهش بدبین بودم و همش با ٤ اس خودم مقایسه می کردم اما زمانی که گوشی رو خریدم و بعد از چند روز که بهش عادت کردم فهمیدم واقعا محشره شاید علت اینکه بسیاری از دوستان بهش انتقاد دارن قیمت بالای اونه که برای من که حداقل دو سال گوشی را نگه می دارم قیمت در اولیت نیست مزایای این گوشی١.,1,-1,positive,negative,False,-2,2,328,72,distant_class_error,predicted_more_negative
11790,این مشکل قاطی کردن دکمه ی بک و منو هم که دوستان بهش اشاره کردن تا حالا اصلا برام پیش نیومده.,1,0,positive,neutral,False,-1,1,92,21,adjacent_class_error,predicted_more_negative
4477,قدرت بلندگوی این گوشی بسیار زیاد است به همین حتی در فضاهای شلوغ به راحتی می‌توانید صدای زنگ خوردن گوشی خود را بشنوید.,1,2,positive,very_positive,False,1,1,117,23,adjacent_class_error,predicted_more_positive
7491,وای عجب گوشی هستش من ازش خوشم اومده حتما یکی ازش میخرم هم ارزونه هم اینکه همه جور امکاناتی داره خیلی هم خوشکله,1,2,positive,very_positive,False,1,1,110,23,adjacent_class_error,predicted_more_positive
8725,اگر خواهان خرید گوشی تا در این رنج قیمت هستید در خرید آن هیچ شکی نکنید و فوق العادست.,1,2,positive,very_positive,False,1,1,85,19,adjacent_class_error,predicted_more_positive
9440,• نرم افزاروجود سیستم عامل اندروید نسخه 4 در این گوشی، به کاربر این امکان را می‌دهد که اکثر برنامه های موجود برای سیستم عامل اندروید را نصب و استفاده نماید.,1,0,positive,neutral,False,-1,1,156,31,adjacent_class_error,predicted_more_negative
7493,این گوشی حتی نسبت به لومیا 820 نیز لبه های گرد تری دارد که به نظر می‌رسد ظاهر آن‌را جوانانه تر نماید.,1,0,positive,neutral,False,-1,1,101,22,adjacent_class_error,predicted_more_negative
10782,خیلی کم چیزی کمتر از 1 استاپ.,1,-1,positive,negative,False,-2,2,29,7,distant_class_error,predicted_more_negative
1960,همینطور اپل برتری های دیگه ای هم نسبت به گوشیهای اندرویدی داره اما یه سری برتری ها هم اندرویدی ها نسبت به اپل دارن مثلا باید واقع بین باشیم که تو کشور ما نمیشه از حتی 80%امکانات نرم افزاری اپل استفاده کرد اما تقریبا بسادگی میشه از 100%امکانات گوشیهای اندرویدی لذت برد.,0,-1,neutral,negative,False,-1,1,268,52,adjacent_class_error,predicted_more_negative
2973,یعنی gprs و edge.,0,1,neutral,positive,False,1,1,17,4,adjacent_class_error,predicted_more_positive
8520,البته اگر صحنه‌ای که از آن در حال فیلم برداری هستید دارای سوژه هایی واضح در قسمت پس زمینه و پیش زمینه باشد، اثر سه بعدی خیلی بهتر دیده می‌شود.,1,2,positive,very_positive,False,1,1,142,30,adjacent_class_error,predicted_more_positive
3379,در کل، یکی از مواردی که در مورد گوشی‌های رده بالای HTC برای ما عجیب به نظر می‌رسد، عدم استفاده این کمپانی از صفحه نمایش‌های SuperAMOLED می‌باشد.,0,-1,neutral,negative,False,-1,1,144,27,adjacent_class_error,predicted_more_negative
10365,M500 مجهز به لنز با توانایی زوم 10 برابر است.,1,0,positive,neutral,False,-1,1,45,10,adjacent_class_error,predicted_more_negative
5676,GALAXY Tab 2 10.1 را نمی‌توان یک جانشین مناسب برای تبلت معروف GALAXY Tab 10.1 دانست.,-1,0,negative,neutral,False,1,1,84,16,adjacent_class_error,predicted_more_positive
10053,این بلندگوها که با همکاری کمپانی Altec Lansing ساخته شده اند، کیفیت صدایی کاملا رضایت بخش ارائه می دهند.,1,2,positive,very_positive,False,1,1,104,19,adjacent_class_error,predicted_more_positive
10315,فضا برای نصب نرم افزار زیاد داره و تاچش هم خیلی خوبه .,1,2,positive,very_positive,False,1,1,54,13,adjacent_class_error,predicted_more_positive
11634,خیلی گوشی خوبیه از همه لحاظ راحت روت میشه و کاستوم رام هاروهم بدون هنگ کردن ساپورت میکنه و خوش دسته و.,2,1,very_positive,positive,False,-1,1,102,22,adjacent_class_error,predicted_more_negative
10110,کیفیت اسکن عکس های رنگی هم خیلی خوب است ولی همچنان همان مشکل در رنگ خاکستری به چشم می خورد.,-1,2,negative,very_positive,False,3,3,91,20,distant_class_error,predicted_more_positive
8002,من هم ۱۰ روزی می‌شه که این دوربینو خریدم.,0,1,neutral,positive,False,1,1,41,9,adjacent_class_error,predicted_more_positive
4843,ایکس باکس 360 الایت از پی اس 3 خیلی بهتر و به صرفه تره,2,1,very_positive,positive,False,-1,1,54,14,adjacent_class_error,predicted_more_negative
5687,حرف نداره.,1,2,positive,very_positive,False,1,1,10,2,adjacent_class_error,predicted_more_positive
7055,واقعا متفاوت .,1,2,positive,very_positive,False,1,1,14,3,adjacent_class_error,predicted_more_positive
2225,این سیستم عامل به خودی خود، پیشرفت‌های زیادی نسبت به نسخه‌های پیشین داشته است و HTC با قرار دادن جدیدترین رابط کاربری خود با نام Sense 4 Plus این بهبودها را دو چندان کرده است.,1,2,positive,very_positive,False,1,1,175,35,adjacent_class_error,predicted_more_positive
262,به نظر من یه پردازنده ی دو هسته ای با دوربین 12 و یک صفحه ی مناسب 4.55 اینچی خیلی خیلی با این قیمتی که الان تو بازار داریم مناسبه !,1,2,positive,very_positive,False,1,1,131,31,adjacent_class_error,predicted_more_positive
12749,از دیدن دکمه‌ی شاتر خرسند شدیم چرا که اخیرا شاهد حذف شدن تدریجی آن‌ها بر روی گوشی‌های با نمایشگر لمسی بوده‌ایم.,1,0,positive,neutral,False,-1,1,111,21,adjacent_class_error,predicted_more_negative
10270,با سلام خدمت دوستان:عزیزانی که در خرید این گوشی شک دارن باید بگم من جیو داشتم از اون خوشم نیومد لایو گرفتم .,1,0,positive,neutral,False,-1,1,108,23,adjacent_class_error,predicted_more_negative
12782,من از اسمارتفون های زیادی استفاده کردم ولی باید گفت این یه چیز دیگه هست.,1,0,positive,neutral,False,-1,1,72,15,adjacent_class_error,predicted_more_negative
11616,اگرچه جنس بدنه Google Nexus 7 از پلاستیک ساخته شده است اما بسیار مقاوم و باکیفیت به نظر می‌رسد و به دلیل شکل کاملا مستطیلی آن، به راحتی می‌توان با یک دست با آن کار کرد.,2,1,very_positive,positive,False,-1,1,168,36,adjacent_class_error,predicted_more_negative
4124,این بدان معنا است که قیمت آن شما را متعجب خواهد ساخت.,1,0,positive,neutral,False,-1,1,53,12,adjacent_class_error,predicted_more_negative
7388,با توجه به قیمت مناسب دستگاه، قابلیت‌ها و امکانات دستگاه بسیار رضایت بخش است.,1,2,positive,very_positive,False,1,1,77,14,adjacent_class_error,predicted_more_positive
12913,4- منوی کاربری دستگاه اشکالات سابق گوشی هایی چون X1 را ندارد؛ به عنوان مثال می توانید نام و نام خانوادگی فارسی طولانی را در دفترچه تلفن ثبت کنید.,1,0,positive,neutral,False,-1,1,145,29,adjacent_class_error,predicted_more_negative
11526,این چیپ، پردازنده چهارهسته ای Krait با فرکانس 1.5 گیگاهرتز و پردازشگر گرافیکی Adreno 320 را پشتیبانی می‌کند.,0,1,neutral,positive,False,1,1,108,18,adjacent_class_error,predicted_more_positive
3807,با محتواها و قابلیت‌های بهبود یافته تجربه مشاهده هوشمندانه‌تری داشته باشید با سه سرویس انحصاری و جدید سامسونگ – برنامه‌های کاربردی برای سرگرمی کودکان - Kids، برنامه‌های کاربردی برای تندرستی – Fitness و برنامه‌های کاربردی برای خانواده - Family Story – وارد دنیای سرگرمی‌های آنلاین شده و از محتواهای ارتقا یافته جدید آنها بهره‌مند شوید.,1,0,positive,neutral,False,-1,1,334,55,adjacent_class_error,predicted_more_negative
10556,اما متاسفانه کیفیت فیلم برداری این دوربین VGA و ضعیف است و اصلا جایی برای دفاع باقی نمی‌گذارد.,-2,-1,very_negative,negative,False,1,1,94,18,adjacent_class_error,predicted_more_positive
7472,البته طراحی و ساخت جمع و جور و سبک CX190 یکی از جذابیت‌های آن می‌باشد ولی وقتی آن را در دست می‌گیرید مقداری پلاستیکی و غیر محکم به نظر می‌رسد.,-1,1,negative,positive,False,2,2,142,30,distant_class_error,predicted_more_positive
6620,مثلا وقتی دوربین را بر روی مود Smart Auto می‌گذارید، به صورت خودکار توانایی نوع صحنه، میزان نور محیط و دیگر پارامترها را دارد تا تنظیمات را بر روی بهترین حالت قرار دهد تا با کیفیت ترین تصویر بدست آید.,0,1,neutral,positive,False,1,1,200,40,adjacent_class_error,predicted_more_positive
8676,من بررسی کردم و به محض اینکه این گوشی اومد(یک هفته پیش) 4 تا از این گوشی رو واسه خودم و دوستام خریدم جدی 4 تا,1,0,positive,neutral,False,-1,1,109,26,adjacent_class_error,predicted_more_negative
9154,سیم کارت‌های قرار گرفته بر روی این گوشی می‌توانند باند های مختلف مخابراتی را در شبکه های 2G پشتیبانی کنند اما امکان استفاده از قابلیت‌های شبکه 3G فقط بر روی سیم کارت اول فراهم است.,-1,1,negative,positive,False,2,2,180,35,distant_class_error,predicted_more_positive
4278,اپل تمام تلاش خود را کرده تا iPod Touch را باریک‌تر و سبک‌تر کند و در این کار کاملا موفق بوده!,2,1,very_positive,positive,False,-1,1,94,21,adjacent_class_error,predicted_more_negative
10774,بدین ترتیب که وقتی در بزرگنمایی های بالا در حال عکاسی از سوژه هستید، لرزش دست شما منجر به تار شدن تصویر گردد.,-1,1,negative,positive,False,2,2,109,23,distant_class_error,predicted_more_positive
10535,نمی‌توان گفت که سخت افزار این گوشی ضعیف است، اما به واقع سخت افزار قدرتمندی نیز برای یک گوشی در این سطح محسوب نمی‌گردد.,0,-1,neutral,negative,False,-1,1,119,24,adjacent_class_error,predicted_more_negative
12862,با این حال از نظر کیفیت چاپ عکس باید گفت که در سطحی کاملا حرفه ای قرار ندارند.,-1,0,negative,neutral,False,1,1,78,18,adjacent_class_error,predicted_more_positive
383,همچنین کمینه‌ی نسبت کانونی آن نیز f/2.7-5.9 می‌باشد که دست کم در حالت واید لنز بسیار سریعی می‌باشد تا در شرایط نوری ضعیف بتوانید با سرعت‌های شاتر بالاتری عکاسی کنید.,1,2,positive,very_positive,False,1,1,165,30,adjacent_class_error,predicted_more_positive
4435,سلام تلویزیون های پلاسما عمر کمتری نسبت به led دارن و همین طور مقاومتشون در برابر ضربه کمتره در ضمن مصرف و گرما بیشتری هم دارن ولی اگه دنبال سایز بالا با قیمت پایین می گردین مورده نسبتا خوبیه ولی توصیه میکنم بودجتون رو بالا ببرین و led بخرین یا اگه پلاسما خریدین حتما خیلی مراقب ضربه خوردن و ریختن آب و..,-1,1,negative,positive,False,2,2,304,62,distant_class_error,predicted_more_positive
11724,"آندروید 4 روش نصب کردم ولی یه مشکل داره اونم اینه که فارسی نمیشه و توی سایت‌های فارسی , فارسی رو برعکس مینویسه.",-1,0,negative,neutral,False,1,1,111,23,adjacent_class_error,predicted_more_positive
3980,در سری کامپکت ها حرف اولو می زنه!,1,0,positive,neutral,False,-1,1,33,8,adjacent_class_error,predicted_more_negative
8776,نهایتا بر روی قاب پشتی نیز دوربین به همراه فلاش LED و بلندگوها تعبیه شده‌اند که به همراه لوگوی LG، قاب پشت را شیک و زیبا نموده‌اند.,1,0,positive,neutral,False,-1,1,131,27,adjacent_class_error,predicted_more_negative
2769,من خودم این تبلت رو دارم و هیچ مشکلی نداره رزولوشن عالی هست هیچ فرقی با نوت ۱۰.,2,0,very_positive,neutral,False,-2,2,79,18,distant_class_error,predicted_more_negative
2802,مودهای عکاسی خیلی متنوع هستند.,2,1,very_positive,positive,False,-1,1,30,5,adjacent_class_error,predicted_more_negative
4838,من دیروز با پدرم رفته بودم دبی برای خرید کنسول بازی wii برترین کنسول دنیاست همتون عاشقش میشید.,1,0,positive,neutral,False,-1,1,94,18,adjacent_class_error,predicted_more_negative
6661,فیلم برداریشم خوبه با توجه به اینکه دوربین عکاسی هست.,0,1,neutral,positive,False,1,1,53,10,adjacent_class_error,predicted_more_positive
4710,ولی اکسپریا ری هم صفحه نمایش با کیفیتی داره هم چگالی تصویر خوبی داره و تصاویر واضحی رو ارائه میده و هم پردازنده و چیپست گرافیکی بسیار خوبی داره.,2,1,very_positive,positive,False,-1,1,144,29,adjacent_class_error,predicted_more_negative
10432,"از طریق این پیچ تنظیم می‌توانید مودهای عکاسی مختلفی چون SR Auto، Panorama و حتی مودهای P,A,S,M را نیز انتخاب کنید.",1,0,positive,neutral,False,-1,1,114,21,adjacent_class_error,predicted_more_negative
908,یکی از مهمترین و اصلی ترین گزینه های یک عکس در هنگام کروپ آن ، عدم مشاهده اوجاج و حاشیه و پراکندگی رنگ اضافه در سوژه میباشد و تمام برندهای دوربین عکاسی با ساختن لنزهای بسیار حساس و دقیق سعی در از بین بردن این مورد میباشند و نیکون در این خصوص نسبت به سایرین موفق‌تر بوده .,1,2,positive,very_positive,False,1,1,271,58,adjacent_class_error,predicted_more_positive
9821,ایسوس برای سبک‌تر تولید نمودن محصولات خود، در تولید آن‌ها از تکنولوژی قالب ریزی نانو (Nano Molding) استفاده کرده است.,1,0,positive,neutral,False,-1,1,117,20,adjacent_class_error,predicted_more_negative
12859,از نظر سرعت باید گفت که این پرینتر نسبتا کند عمل می کند به طوری که سرعت چاپ سیاه و سفید آن حدود 12 صفحه بر دقیقه و رنگی حدود 8 صفحه بر دقیقه است.,-1,1,negative,positive,False,2,2,145,35,distant_class_error,predicted_more_positive
10746,با اجازه اساتید مجرب دیجی کالا بنده یه چیزی را عرض کنم و آن اینه که معمولا انتظار مطلوب از عدد بالای سوپر زومها و سنسور ( همه برندهای دوربین های کامپکت ) آن چیزی نیست که روی آنها درج شده .,-1,0,negative,neutral,False,1,1,188,42,adjacent_class_error,predicted_more_positive
4937,تمام بازی ها با کیفیت HD .,0,1,neutral,positive,False,1,1,26,7,adjacent_class_error,predicted_more_positive
10725,در ضمن می‌توانید تا 18 ساعت به طور مداوم به موسیقی گوش دهید.,0,1,neutral,positive,False,1,1,60,13,adjacent_class_error,predicted_more_positive
81,ولی برخلاف F770 نمی‌توان در فرمت حرفه ای تر و خام RAW با آن عکاسی کرد.,-1,0,negative,neutral,False,1,1,70,16,adjacent_class_error,predicted_more_positive
1635,اما با توجه به افزایش سایز صفحه نمایش، طول iPhone 5 نسبت به iPhone 4S افزایش یافته و به 123.8 میلی متر رسیده است.,0,1,neutral,positive,False,1,1,113,24,adjacent_class_error,predicted_more_positive
3077,کافیست دستگاه را جیلبریک نموده و به ITUNES متصل کنید.,0,1,neutral,positive,False,1,1,53,10,adjacent_class_error,predicted_more_positive
7578,نسبت به امکاناتی که داره و همچنین مخصوصا اندروید 4.1 به نظر من تو این رده خیلی بد نیست .,0,1,neutral,positive,False,1,1,88,20,adjacent_class_error,predicted_more_positive
5631,"من این گوشیو خریدم و بعد از 2 روز استفاده از آن به نتایج زیر رسیدم : نقاط قوت : 1-دوربین 5 مگاپیکسلی با گرفتن عکس های عالی (زمانی که نور زیاد باشه کیفیت عکس بیشتر میشه) 2-تعداد رنگ صفحه نمایش این گوشی 16,777,216 است که در مقایسه با Htc one x که 16,000,000 رنگ داره خیلی بهتره 3-سیستم عامل اندروید ورژن v4.0 Ice Cream Sandwich4-شکل ساده و شیک و ابعاد بسیار مناسب (به نظر من زیباترین و خوش دست ترین گوشی Xperia است)5-دارای پردازنده Qualcomm MSM7225A که با سرعت بسیار خوب میتواند بیشتر بازی ها را بدون هنگ کردن اجرا کنه نقاط ضعف : 1-بلندگو های ضعیف 2-صدای کم هنگام استفاده از هندزفری3-جنس بدنه گوشی که باعث سر خوردن میشود4-باتری نسبتا ضعیف",0,2,neutral,very_positive,False,2,2,636,123,distant_class_error,predicted_more_positive
9989,البته این بهترین گوشی آیفون پدیده‌ی کاملا جدیدی نیست، بلکه همانطور که گفتیم بر شانه‌های پادشاه قبلی یعنی iPhone 4 قرار گرفته است و گویی 4s فقط آپگریدی بر روی iPhone 4 می‌باشد.,1,0,positive,neutral,False,-1,1,175,33,adjacent_class_error,predicted_more_negative
8305,گوشیه خوبیه اما حیف که از حافظه جانبی پشتیبانی نمیکنه.,0,1,neutral,positive,False,1,1,54,10,adjacent_class_error,predicted_more_positive
2966,همونطور که می دونین اپل پردازنده 2 هسته ای داره که با وجود ios باعث قدرت بسیار زیاد اون در اجرای هر برنامه و با هر شرایطی می شه ولی ایسوس TF700T دارای یه پردازنده تک هسته ای معمولی به علاوه یه پردازنده بسیار قدرتمند 4 هسته ایه.,1,2,positive,very_positive,False,1,1,227,48,adjacent_class_error,predicted_more_positive
8072,صفحه نمایشگرشم نسبتاعالی و درحد راضی کنندست.,2,1,very_positive,positive,False,-1,1,44,7,adjacent_class_error,predicted_more_negative
8554,دوسیم کارتش باهم فعال هست.,1,0,positive,neutral,False,-1,1,26,5,adjacent_class_error,predicted_more_negative
1769,معایب : - کمی قاب پشتش خش پذیر است که با انداختن یک قاب به راحتی این مشکل حل می شود .,0,1,neutral,positive,False,1,1,85,22,adjacent_class_error,predicted_more_positive
12562,iBook/iMovieاگر شما از iBook بر روی iPAD استفاده کرده باشید تجربه‌ی یکسانی با iPhone را به شما می‌دهد، فقط کمی‌کوچکتر.,1,0,positive,neutral,False,-1,1,118,20,adjacent_class_error,predicted_more_negative
9106,نداشتن دوربین جلو به طور پیش فرض نداشتن زبان فارسی در منوها و صفحه کلید ( البته این مشکل با نرم افزار به سادگی قابل حل شدن است ),-1,1,negative,positive,False,2,2,128,29,distant_class_error,predicted_more_positive
5835,من می خواستم بگم یکی از نقاط قوت این گوشی.,0,1,neutral,positive,False,1,1,42,10,adjacent_class_error,predicted_more_positive
3940,فارسی نیز ساپورت میکند.,0,1,neutral,positive,False,1,1,23,4,adjacent_class_error,predicted_more_positive
220,اگه زیاد با گوشی کار کنید حرارت گوشی میره بالا به صورتی که واقعا اذیت میکنه دوربینش خوبه اما نه به اندازه 12 12 را به صورت 4:3 میگیره 16:9 را 9 مگا پیکسل میگیره و موقع زوم افت کیفیت زیادی داره ولی در کل دوربینش قابل قبوله از لحاظ سرعت واقعا کم نمیاره و واقعا سریعه فارسی را کاملا ساپورت میکنه  مشکلی که من باهاش دارم اندازه بزرگ اونه و اینکه گوشی با این قیمت و امکانات بدون اینترنت به دردم نمیخوره,-1,1,negative,positive,False,2,2,397,83,distant_class_error,predicted_more_positive
12024,گزینه ای هم بنام بروزرسانی داره که در صورتی که شرکت هوآوی آپدیت جدید بده آنلاین میتونین آپدیت رو دریافت کنید.,1,0,positive,neutral,False,-1,1,109,21,adjacent_class_error,predicted_more_negative
5764,وقتی شما دو انگشت خود را به صورت همزمان بر روی نمایشگر می‌گذارید منوی تنظیمات، حساسیت و دیگر ویژگی های آن ظاهر می‌شود.,0,1,neutral,positive,False,1,1,118,23,adjacent_class_error,predicted_more_positive
1381,نکته مهم، حفظ کیفیت در صداهای بلند است به طوری که هر چقدر که بلندی صدا را زیاد کردیم، هیچ‌گونه اعوجاج یا کاهش کیفیتی مشاهده نکردیم.,1,2,positive,very_positive,False,1,1,131,26,adjacent_class_error,predicted_more_positive
1358,چند نکته بسیار مهم وجود دارد که در رابطه با Retina MacBook Pro باید بدانید: اول اینکه پردازنده و حافظه RAM کاملا به برد دستگاه لحیم شده‌اند و امکان ارتقای آن‌ها وجود ندارد.,-1,0,negative,neutral,False,1,1,172,33,adjacent_class_error,predicted_more_positive
6881,قیمش 2 برابر one x + هستش ولی مشخصاتش زیاد فرق نداره با اون.,-1,0,negative,neutral,False,1,1,60,14,adjacent_class_error,predicted_more_positive
10236,حدود یک هفته است که دارمش.,0,-1,neutral,negative,False,-1,1,26,6,adjacent_class_error,predicted_more_negative
12993,در قسمت جلویی GZ-HD3 می‌توانید لنز 10 برابر Konica Minolta HD را ببینید که کلاهک لنز از آن محافظت می‌کند.,1,0,positive,neutral,False,-1,1,105,20,adjacent_class_error,predicted_more_negative
6114,هر چند با مقایسه دو دستگاه Xbox 360 Slim و Xbox 360 خواهید دید که این کنسول خیلی هم باریک تر نشده است (یا حداقل این باریک شدن خیلی به چشم نمی آید).,-1,0,negative,neutral,False,1,1,147,33,adjacent_class_error,predicted_more_positive
1220,ایسوس بر روی پدفون از نسخه‌ی 4.0 سیستم عامل اندروید استفاده نموده است.,0,1,neutral,positive,False,1,1,70,13,adjacent_class_error,predicted_more_positive
12443,سلام من مدتی است که این گوشی را دارم بسیار گوشی خوبی است ولی یک مشکلی که دارد مشکل مرگ ناگهانی است که بسیار نگران کننده است امیدوارم هر چه زودتر این مشکل رفع شود شنیدم که در مورد اکسپریا زد کمپانی اعتراف کرده و به زودی آپ دیت نرم افزار ارایه می شود,-1,2,negative,very_positive,False,3,3,248,54,distant_class_error,predicted_more_positive
11034,اگر این سخت افزار بر روی آیپد بود بی شک تمامی شما از آن به عنوان تحولی در صنعت تبلت یاد می کردید و آن را فوق تصور می دانستید.,0,1,neutral,positive,False,1,1,125,30,adjacent_class_error,predicted_more_positive
6624,ولی مسئله بیشتر کیفیت نمایشگر است که کیفیت خیلی خوبی نیست.,-1,2,negative,very_positive,False,3,3,58,11,distant_class_error,predicted_more_positive
2214,HTC One X Plus شیار مموری کارت ندارد ولی حافظه داخلی 64 گیگابایتی آن، این کاستی را جبران کرده است.,1,0,positive,neutral,False,-1,1,98,20,adjacent_class_error,predicted_more_negative
8577,منم مشکل باتری داشتم.,-1,0,negative,neutral,False,1,1,21,4,adjacent_class_error,predicted_more_positive
9620,دوستان توجه کنید که فعلا ما ایرانی ها نمیتونیم این گوشی رو بخریم چون به خاطر 4g lte که داره فقط از نانو سیم کارت پشتیبانی میکنه و مثل میکرو سیم نیست که بتونیم خودمون از معمولی ها درستش کنیم.,-1,0,negative,neutral,False,1,1,190,40,adjacent_class_error,predicted_more_positive
8548,خیلی خوب و راحت HD رو پخش میکنه .,1,2,positive,very_positive,False,1,1,33,9,adjacent_class_error,predicted_more_positive
3866,اما این دوربین از سنسور تصویر 18.1 مگاپیکسلی Exmor R CMOS بهره می‌برد.,0,1,neutral,positive,False,1,1,70,13,adjacent_class_error,predicted_more_positive
10094,نخستین چیزی که در مورد Hp Scanjet G2710 نظر ما را به خود جلب می کند طراحی آن است.,0,1,neutral,positive,False,1,1,81,19,adjacent_class_error,predicted_more_positive
4440,تلویزیون بی‌نظیریه ولی داغ میکنه,1,-1,positive,negative,False,-2,2,32,5,distant_class_error,predicted_more_negative
4543,در آپدیت این گوشی به اندروید 4 باید بگم کمی از سرعت این گوشی کاسته می شود و فیلم برداری دچار باگ هایی می شود اما این مشکلات خیلی خیلی کم بوده و به چشم خیلی کم می آید پس ارزش آپدیت داره.,1,2,positive,very_positive,False,1,1,185,43,adjacent_class_error,predicted_more_positive
10087,برای مثال، بر خلاف اکثر آلترابوک ها که از بدنه های فلزی و آلومینیومی استفاده می کنند، بدنه Sleekbook کاملا پلاستیکیست.,-1,0,negative,neutral,False,1,1,118,21,adjacent_class_error,predicted_more_positive
1709,هیچ برنامه جدیدی که برای نسخه جدید سیستم عامل اپل نسبت به نسخه پیشین یک برتری ایجاد نماید بر روی iOS 6 قرار داده نشده است.,-1,1,negative,positive,False,2,2,122,26,distant_class_error,predicted_more_positive
2430,صفحه نمایش این گوشی هم دارای یکی از بیشترین روشنایی هاست.,0,1,neutral,positive,False,1,1,57,11,adjacent_class_error,predicted_more_positive
7758,چون اونا هیچکدوم دوربین پشت ندارن و هیچ کدوم کارایی که آیپد مینی داره رو در خودشون جای ندادن.,2,0,very_positive,neutral,False,-2,2,93,19,distant_class_error,predicted_more_negative
9376,من چند ماه این گوشی رو دارم واقعا حرف نداره.,2,0,very_positive,neutral,False,-2,2,44,10,distant_class_error,predicted_more_negative
2526,من همه چیزش و چک کردم خیلی خوبه گرافیکشم خوبه بازی ها رو راحت و روان میاره,2,1,very_positive,positive,False,-1,1,74,17,adjacent_class_error,predicted_more_negative
10934,3- سخت افزار و نرم افزار روش کاملا مچ هستند.,1,0,positive,neutral,False,-1,1,44,10,adjacent_class_error,predicted_more_negative
48,با توجه به خاص بودن صفحه نمایش قیمت آن بالا میباشد .,0,1,neutral,positive,False,1,1,52,12,adjacent_class_error,predicted_more_positive
11437,کیفیت ساخت فوق العاده ای داره؛ از لحاظ سخت افزاری هم جزو برترین های موجود هست (بدون در نظر گرفتن Samsung Galaxy S IV با پردازنده ی هشت هسته ای اش) ولی طبق معمول گذشته، نبود اسلات کارت حافظه ایراد بسیار بزرگی برای یک ابر اسمارتفون هست که متاسفانه در این مدل دیده میشه.,0,2,neutral,very_positive,False,2,2,267,54,distant_class_error,predicted_more_positive
1843,مستحکم و بی نظیری هست با ایجاد یک اکانت اپل به راحتی میشه از بیشتر امکانات دستگاههای اپل استفاده کرد بعضی از امکانات مانند pass book اصلا در ایران کارایی ندارند و این ربطی به اپل ندارد از زمان ارائه ios 6 اپل تحریم ها بر علیه ایران را برداشته در حالی که دیگر کمپانی ها مانند گوگل یا مایکروسافت ایران را از لیست تحریم خود حذف نکرده اند البته قیمت آیفون و s3 اصلا در خارج از ایران هم قابل مقایسه نیستن و گالاکسی نوت 2 هم کمی از آیفون 5 16 گیگ قیمت پایین تری دارد,1,-1,positive,negative,False,-2,2,460,98,distant_class_error,predicted_more_negative
8376,با این اندازه سنسور بهتره از 12 مگاپیکسل بالاتر نره.,0,1,neutral,positive,False,1,1,52,10,adjacent_class_error,predicted_more_positive
12799,گوشی بسیار زیبا و کارائی است من خریدم والان این نظرو با اون نوشتم وسند کردم.,1,2,positive,very_positive,False,1,1,76,16,adjacent_class_error,predicted_more_positive
13074,به عقیده ی من Apple می توانست از آیکون های بزرگتری بهره ببرد تا تمام صفحه را در بر بگیرند.,-1,1,negative,positive,False,2,2,90,20,distant_class_error,predicted_more_positive
9410,به نظر من بهترین موبایل شرکت سونی XPERIANEOL هستش همه چیزاش هم خوبه فقط تنها مشکلی که داره حافظه و رم کمش هست,0,1,neutral,positive,False,1,1,109,23,adjacent_class_error,predicted_more_positive
12086,به این ترتیب، شما می‌توانید در هر زمان که خواستید به صورت آنلاین با رقبای بی‌شماری در سراسر جهان بازی کنید.,1,0,positive,neutral,False,-1,1,107,21,adjacent_class_error,predicted_more_negative
11718,سلام این گوشی مشکل بک و منو داره که اگه میخواید مشکلتون حل بشه باید اون رو به اندروید4 آپ کنید.,0,1,neutral,positive,False,1,1,95,21,adjacent_class_error,predicted_more_positive
954,ضمنا این مدل اسکنر تا 32 گیگابایت حافظه را می‌تواند پشتیبانی کند که اگر با کیفیت معمولی اسکن کنید، ظرفیتی معادل 25000 صفحه A4 را در اختیار شما قرار می‌دهد.,0,1,neutral,positive,False,1,1,155,30,adjacent_class_error,predicted_more_positive
9719,در ضمن، با توجه به تجربه موفق iPhone 4S، عملکرد iPhone 5 نیز در زیر نور آفتاب و در زوایای مختلف هیچ گونه کاهشی ندارد.,2,1,very_positive,positive,False,-1,1,117,25,adjacent_class_error,predicted_more_negative
11443,باطری کمی کارایی مناسب نداره و سریع تموم میشه ( گوشیای دیگه با سخت افزار مشابه شارژ دهی بهتری دارن ) 2.,-1,1,negative,positive,False,2,2,103,22,distant_class_error,predicted_more_positive
1613,به نظرم تفاوت خاصی با Note 10.1 نداره فقط قدرت پردازش این 1.6 هست مال Note 10.1 قدرت پردازشش 1.4؛ تازه Note 10.1 فلش دوربین داره که این نداره.,-1,0,negative,neutral,False,1,1,142,29,adjacent_class_error,predicted_more_positive
7871,پردازشگر گرافیکی این چیپ نیز PowerVR SX540 است که در کنار یک گیگابایت حافظه RAM، سخت افزار این تبلت را تکمیل می‌کند.,0,1,neutral,positive,False,1,1,116,22,adjacent_class_error,predicted_more_positive
10564,دوربین این گوشی نیز یک دوربین متوسط و کاربردیست.,1,0,positive,neutral,False,-1,1,48,9,adjacent_class_error,predicted_more_negative
10241,بدون حاشیه میگم واقعا گوشی خوبیه.,1,2,positive,very_positive,False,1,1,33,6,adjacent_class_error,predicted_more_positive
1008,نیکون یکی از بهترین و بزرگترین شرکت های لنزسازی دنیاست، که در زمینه لنز همیشه کمر هر دوربین قوی ای را به زمین زده است، یکی از دلایل برتری P7700 نسبت به رقیبش، میتواند قیمت ارزان تر آن باشد.,2,1,very_positive,positive,False,-1,1,189,39,adjacent_class_error,predicted_more_negative
6012,کاور بالایی را که باز کنید به کارتریج دسترسی پیدا می‌کنید.,0,1,neutral,positive,False,1,1,58,11,adjacent_class_error,predicted_more_positive
7980,نویز بسیار کمی‌هم داره.,2,-1,very_positive,negative,False,-3,3,23,4,distant_class_error,predicted_more_negative
9394,HTC و سامسونگ تو این حدود قیمت گوشی های به مراتب بهتری دارن,0,1,neutral,positive,False,1,1,59,13,adjacent_class_error,predicted_more_positive
9054,سامسونگ کلا عادت دارد که چنین چیزهایی را بر روی دوربین خود قرار دهد.,0,1,neutral,positive,False,1,1,68,14,adjacent_class_error,predicted_more_positive
7360,تولید رنگ صفحه نمایش CQ58 زیاد رضایت بخش نیست ولی از آن جایی که این نوت‌بوک برای انجام کارهای حرفه ای ساخته نشده، بنابراین مشکل خاصی ایجاد نمی‌کند.,0,1,neutral,positive,False,1,1,147,28,adjacent_class_error,predicted_more_positive
1449,لنز این دوربین فاصله‌ی کانونی 28-140 میلی متر را پوشش می‌دهد که توانایی زوم 5 برابر را فراهم می‌آورد.,0,1,neutral,positive,False,1,1,101,19,adjacent_class_error,predicted_more_positive
891,این دوربین در ضمن در حالت واید بر روی مقدار معادل 24 میلی متر قرار می گیرد.,0,1,neutral,positive,False,1,1,75,17,adjacent_class_error,predicted_more_positive
802,مرورگر ارائه شده بر روی HTC Desire SV دسترسی به اینترنت و گشت و گذار در دنیای وب را با سرعت بالا ممکن می‌سازد.,0,1,neutral,positive,False,1,1,110,24,adjacent_class_error,predicted_more_positive
368,بازه ای که در آن نوت‌بوک های فوق‌العاده ای مانند سونی سری EH قرار دارند.,0,2,neutral,very_positive,False,2,2,72,15,distant_class_error,predicted_more_positive
294,و به نظر من بدترین ضعف گوشی شکاف hdmi و usb گوشیه که اگه زیاد مجبور به شارژ و استفاده از پورت هاش باشید مطمئنا خسته تون می کنه,-1,0,negative,neutral,False,1,1,126,29,adjacent_class_error,predicted_more_positive
6462,تنها سایت مطمئن و مردمی فقط **دی جی کالا**,1,0,positive,neutral,False,-1,1,42,9,adjacent_class_error,predicted_more_negative
5488,21- یه مشکلی که داره اینه که یکی دو روز اول، وقتی به USB وصله، تاچش قاطی میکنه، ولی بعد از یکی دو روز درست میشه.,1,-1,positive,negative,False,-2,2,112,26,distant_class_error,predicted_more_negative
1483,البته شاید اشکال از عکاسی خودم باشه که بعید میدونم.,0,-1,neutral,negative,False,-1,1,51,10,adjacent_class_error,predicted_more_negative
1812,با قطر کمی که این داره برای هرکسی جابه‌جاییش راحته!,1,-1,positive,negative,False,-2,2,51,10,distant_class_error,predicted_more_negative
2569,نقد کالا: 1-اساسی ترین مشکل این دوربین وجود باتری قلمی به جای باتری یون لیتیوم استاندارد هست.,-2,-1,very_negative,negative,False,1,1,93,17,adjacent_class_error,predicted_more_positive
598,شکیل ساده با امکانات زیاد و مقرون به صرفه.,2,1,very_positive,positive,False,-1,1,42,9,adjacent_class_error,predicted_more_negative
5389,با وجود این نسبت تصویر، در هنگام خواندن متون و مرورگری اینترنت لذت فراوانی خواهید برد.,1,2,positive,very_positive,False,1,1,86,16,adjacent_class_error,predicted_more_positive
10169,اما نباید سخت‌افزار قدرتمند و اسپیکرهای خوبش و همچنین دوربین باکیفیتش رو که به راستی از نظر وضوح بسیار بالاتر از ویواز است را نادیده گرفت.,2,0,very_positive,neutral,False,-2,2,138,26,distant_class_error,predicted_more_negative
4297,اپل نیز بر این موضوع واقف بوده و در نسل پنجم iPod Touch، چیپ قدرتمند A5 را قرار داده است.,1,0,positive,neutral,False,-1,1,89,20,adjacent_class_error,predicted_more_negative
6367,در حقیقت Galaxy S II جزو نخستین گوشی‌های هوشمند با پردازنده‌ی دو هسته‌ای بود و که غوغای فراوانی نمود.,1,0,positive,neutral,False,-1,1,101,19,adjacent_class_error,predicted_more_negative
3228,اولین گوشی با اندروید 4.1 (لوبیا ژله ای) 6.,1,0,positive,neutral,False,-1,1,43,9,adjacent_class_error,predicted_more_negative
12476,این طراحی منحصر به فرد در کنار قاب پلاستیکی نرم پشت گوشی، آن را بسیار خوش دست کرده و با وجود صفحه نمایش بزرگ 4.3 اینچی، به راحتی در دست جای می‌گیرد.,1,2,positive,very_positive,False,1,1,148,32,adjacent_class_error,predicted_more_positive
8678,حالا مگه چی میشه یا خود گوشی این کار رو به طور پیش فرض انجام میده یا برنامه مخصوصش رو از یه جا پیدا میکنی و نصب میکنی .,1,0,positive,neutral,False,-1,1,119,29,adjacent_class_error,predicted_more_negative
11513,برای ورود به این بخش تنظیمات تنها کافیست که نوار Notifications را با دو انگشت به سمت پایین بکشانید.,0,-1,neutral,negative,False,-1,1,99,19,adjacent_class_error,predicted_more_negative
12902,به نظر خوب میاد ولی خدا کنه مثل بقیه این سری گوشیهای نوکیا صدای طرفی که زنگ زده و در حال مکالمه است از اونطرف شنیده نشه,0,1,neutral,positive,False,1,1,119,27,adjacent_class_error,predicted_more_positive
5658,هنگامی که تبلت را به صورت افقی نگه می‌دارید، در دو طرف آن، بلندگوهای استریو قرار دارند که بسیار خوب طراحی شده‌اند بطوریکه دستان شما جلوی بلندگوها را نمی‌گیرند.,1,2,positive,very_positive,False,1,1,159,29,adjacent_class_error,predicted_more_positive
894,یکی از بهبودهای انجام گرفته در این دوربین نسبت به مدل پیشین، در سنسور تصویر دیده می شود.,1,0,positive,neutral,False,-1,1,88,18,adjacent_class_error,predicted_more_negative
4994,در آن سال مایکروسافت توانست با کمک پردازنده Intel و هم‌چنین پردازنده‌ی گرافیکی NVIDIA کنسولی ارائه دهد که از نظر سخت‌افزاری قویتر از کنسول رقیب یعنی PlayStation 2 باشد، اما با این وجود نتوانست آن‌طور که باید، با این کنسول رقابت کند.,0,1,neutral,positive,False,1,1,232,42,adjacent_class_error,predicted_more_positive
416,IXY فقط زبان ژاپنی و انگلیسی داره .,0,-1,neutral,negative,False,-1,1,35,8,adjacent_class_error,predicted_more_negative
4334,دوستان کی میگه فقط سفید هست رنگ تمام سیاه هم وجود داره و فکر نکنم با صرف باشه چون قیمت دلار رو می دونید وگرنه بهترین هست این به وضوح معلومه,1,0,positive,neutral,False,-1,1,139,31,adjacent_class_error,predicted_more_negative
6148,ولی یکی از مشکلاتش اینه که باید هر سال آپدیت بشه در ضمن همه بازی ها برای کینکت پیدا نمیشه برای مثال آپدیت xbox360 من مال 2011 و بسیاری از بازی های جدید رو ساپورت نمی کنه در حالی ps3 فقط وفقط یک بار آپدیت می خواد و از این نظر ps3 خیلی برتره.,-1,0,negative,neutral,False,1,1,240,54,adjacent_class_error,predicted_more_positive
1356,این بسیار باعث خشنودیست که اپل بالاخره تصمیم گرفت که از پورت USB 3.0 به جای پورت USB 2.0 در لپ‌تاپ‌های خود استفاده کند.,1,0,positive,neutral,False,-1,1,119,24,adjacent_class_error,predicted_more_negative
7204,واقعا نسبت به امکانات و سخت افزارش میشه گفت منحصر به فرده .,2,1,very_positive,positive,False,-1,1,59,13,adjacent_class_error,predicted_more_negative
7872,با وجود پردازنده های قدرتمند چهار و حتی هشته ای هسته ای موجود در بازار، Fonepad از لحاظ قدرت پردازشی، یک تبلت رده متوسط محسوب می‌گردد و نباید انتظار داشته باشید که بتواند به راحتی بازی‌های HD را اجرا نماید.,0,1,neutral,positive,False,1,1,206,40,adjacent_class_error,predicted_more_positive
1764,از خریدش واقعا راضی ام!,2,1,very_positive,positive,False,-1,1,23,5,adjacent_class_error,predicted_more_negative
12850,پیش از این پرینتر Dell 2355dn را نیز دیده بودیم که نمایشگر لمسی داشت.,0,-1,neutral,negative,False,-1,1,69,14,adjacent_class_error,predicted_more_negative
7092,اما از Galaxy Note که دارای صفحه نمایشی 5.3 اینچی و تنها 0.3 اینچ بزرگ‌تر از این گوشی است، چیزی حدود 12 میلی متر در عرض باریک‌تر است.,1,0,positive,neutral,False,-1,1,133,28,adjacent_class_error,predicted_more_negative
13058,بر خلاف iPhone، قاب دور نمایشگر iPod به رنگ مشکی می باشد.,0,1,neutral,positive,False,1,1,57,12,adjacent_class_error,predicted_more_positive
8461,بنابراین سرعت فوکوس خودکار 3N به خوبی 5R نیست.,-1,1,negative,positive,False,2,2,46,9,distant_class_error,predicted_more_positive
3587,• کیبورد و تاچ پدبه لطف بدنه عریض لپ‌تاپ، Acer یک کیبورد بزرگ به همراه بخش عددی جداگانه را بر روی سری E1-531 قرار داده است.,1,0,positive,neutral,False,-1,1,123,26,adjacent_class_error,predicted_more_negative
11802,"تعدادی از همکارام از سری x10 mini, x8 خریدن و راضی بودن.",1,0,positive,neutral,False,-1,1,56,12,adjacent_class_error,predicted_more_negative
9581,هیچ شکی نیست که آیفون 5 بهترین گوشیه دنیا هست ولی به دلایلی من Android رو به iOS ترجیح میدم یکی از اونا اینه که Android به راحتی از بلوتوث پشتیبانی میکنه ولی iOS رو اول باید جیلبریک کرد و بعد هم باید دنبال برنامه iBluetooth گشت و دومی اینه که اگر توجه کرده باشید بیشتر امکانات آیفون اعم از نقشه ها و ..,-1,1,negative,positive,False,2,2,302,64,distant_class_error,predicted_more_positive
12344,این لنز در حالت واید میدان دید خیلی گسترده و خوبی را پوشش می‌دهد و عملکرد آن بهتر از لنزهای با کمینه‌ی فاصله‌ی کانونی 28 میلی متر است.,1,2,positive,very_positive,False,1,1,134,28,adjacent_class_error,predicted_more_positive
1806,یه گوشیه تمام عیار,2,1,very_positive,positive,False,-1,1,18,4,adjacent_class_error,predicted_more_negative
2825,سیستم لرزش گیر تصویر نیز عملکرد خیلی خوبی دارد و باعث می‌شود که لرزش دست شما در عکس‌ها اثر تاری ایجاد نکند.,2,1,very_positive,positive,False,-1,1,107,22,adjacent_class_error,predicted_more_negative
9582,به اینترنت نیازمنده و ایران هم که از این امر مستثناست و نتیجه میگیریم Android بیشتر از iOS به درد ایران میخوره.,-1,0,negative,neutral,False,1,1,111,22,adjacent_class_error,predicted_more_positive
4718,من حدود پنچ ماهی میشه که این گوشی فوق العاده رو دارم.,1,2,positive,very_positive,False,1,1,53,12,adjacent_class_error,predicted_more_positive
7096,این گوشی در دو رنگ مشکی-قرمز و مشکی-سفید ارائه گشته است.,1,0,positive,neutral,False,-1,1,56,11,adjacent_class_error,predicted_more_negative
5553,برای کسانی که نگران حالت 4:3 ال سی دی هستند LG این مشکل رو حل کرده و شما میتونید با نگه داشتن دو ثانیه ای کلید Home نمایشگر رو به حالت Wide تبدیل کنید ( نکته بسیار مهم و کاربردی ) کیفیت دوربین در شرایط کم نور بدون فلاش مطلوب نیست که البته 99 درصد دوربین ها همین طور هستند.,0,1,neutral,positive,False,1,1,272,60,adjacent_class_error,predicted_more_positive
8022,قابلیت زوم 35 برابر هم واقعا کم نظیر است و در حال حاضر فقط دوربین‌هایی چون Nikon P500 و Olympus SP-810 UZ هستند که زوم 36 برابر دارند.,2,0,very_positive,neutral,False,-2,2,134,28,distant_class_error,predicted_more_negative
11818,سلام این گوشیو ده روزه که خریدم ولی وقتی دماش بالا میره حدود 30 دکمه بکش بکل قاطی میکنه ولی بقیه چیزاش خوبه فقط این مشکل داغ کردن اعصاب خوردیه اگه میدونستم نمی خریدمش.,-2,1,very_negative,positive,False,3,3,167,34,distant_class_error,predicted_more_positive
2252,ولی با این مبلغ گزینه های بهتری هست.,0,1,neutral,positive,False,1,1,36,8,adjacent_class_error,predicted_more_positive
3435,شاید یک پیشنهاد مناسب برای این مشکل، استفاده از پرینترهای چند کاره باشد.,0,1,neutral,positive,False,1,1,72,13,adjacent_class_error,predicted_more_positive
1007,که P7700 توانایی 8 فریم در ثانیه را دارد یعنی 4 برابر سرعت G1X که 2 فریم در ثانیه است، که این مربوط به پروسسور قوی تر نیکون میباشد.,1,0,positive,neutral,False,-1,1,131,29,adjacent_class_error,predicted_more_negative
2988,به نظر من نداشتن gprs و edge در برابر سخت افزار فوق العاده و پشتیبانی از صفحه نمایش Full HD اصلا عیبی برای این تبلت نیست.,1,-1,positive,negative,False,-2,2,121,26,distant_class_error,predicted_more_negative
7994,من هم قصد خرید این دوربین رو دارم.,1,0,positive,neutral,False,-1,1,34,8,adjacent_class_error,predicted_more_negative
4403,بر خلاف سامسونگ و یا HTC، سونی تغییرات ظاهری خاصی بر روی رابط کاربری اندروید 3 ایجاد نکرده است و شما تقریبا با محیط استاندارد اندروید هانی کامب کار میکنید.,1,0,positive,neutral,False,-1,1,155,30,adjacent_class_error,predicted_more_negative
3904,همانطور که گفتیم، دیگر پیشرفت این دوربین نسبت به مدل پیشین، به بهره‌گیری از پورت PictBridge مربوط می‌شود.,1,2,positive,very_positive,False,1,1,105,18,adjacent_class_error,predicted_more_positive
8596,واقعا گوشی خوبی هستش.,1,2,positive,very_positive,False,1,1,21,4,adjacent_class_error,predicted_more_positive
5263,این آیتم یعنی جی پی آر اس در شرایطی وجود داره که تبلت سیمکارت بخوره و تبلت GSPAD X7 قابلیت نصب سیم کارت رو نداره.,-1,0,negative,neutral,False,1,1,113,25,adjacent_class_error,predicted_more_positive
11779,باور کنید که تمام گوشی های مختلف رو با برند های مختلف تو این قیمت بررسی کردم و بعد با در نظر گرفتن این همه امکانات متوجه شدم که اصلا تو این قیمت گوشی دیگه ایی خریدن اشتباهه، البته اگه بخواید یه خرده بیشتر پول بزارید روش مدل های بهتر از این هم موجوده که بهتر از اینه.,1,0,positive,neutral,False,-1,1,266,58,adjacent_class_error,predicted_more_negative
8748,4-پردازنده دو هسته ای .,1,0,positive,neutral,False,-1,1,23,5,adjacent_class_error,predicted_more_negative
2715,فقط اگه لوازم جانبی بتونین براش بیارین واقعا عالی میشه,1,2,positive,very_positive,False,1,1,54,10,adjacent_class_error,predicted_more_positive
7680,یه رقیب جدی هم داره به اسم Asus Google Nexus 7 که واقعا موفقتر عمل کرده به خصوص تو قیمت.,-1,1,negative,positive,False,2,2,88,20,distant_class_error,predicted_more_positive
11006,من قبول دارم که استایل زیاد جالبی نداره و معلومه که سامسونگ کمی با عجله این تبلت رو به بازار ارائه کرده .,-1,0,negative,neutral,False,1,1,105,23,adjacent_class_error,predicted_more_positive
11584,این لنز واقعا می‌تواند مثل یک تلسکوپ عمل کند تا سوژه های کاملا دوردست را بتوانید ثبت کنید.,2,1,very_positive,positive,False,-1,1,90,18,adjacent_class_error,predicted_more_negative
11867,سیامک از اهواز,0,1,neutral,positive,False,1,1,14,3,adjacent_class_error,predicted_more_positive
4227,صفحه نمایش آنچنان شفافی نداره ولی کیفیتش خوبه.,0,1,neutral,positive,False,1,1,46,8,adjacent_class_error,predicted_more_positive
12605,باتری واقعا ضعیفی داره.,-1,-2,negative,very_negative,False,-1,1,23,4,adjacent_class_error,predicted_more_negative
7249,واقعا به قیمتش میارزه!,1,2,positive,very_positive,False,1,1,22,4,adjacent_class_error,predicted_more_positive
1749,.) برای سیستم عامل iOS نرم افزاری دانلود کنم باهاش مشکل دارم باید برم از کامپیوتر دانلود کنم اونوقت بیام با کابل بریزم تو گوشی.,-1,0,negative,neutral,False,1,1,127,25,adjacent_class_error,predicted_more_positive
7336,با این حال مثل دیگر نوت‌بوک‌ها، قسمتی که در زیر آن، درایو نوری قرار دادن خیلی راحت‌تر فرو می‌رود.,-2,0,very_negative,neutral,False,2,2,97,19,distant_class_error,predicted_more_positive
13068,به طوری که نمایشگر iPhone، 160dpi و نمایشگر iPod، 163dpi است.,0,2,neutral,very_positive,False,2,2,61,11,distant_class_error,predicted_more_positive
4703,نظر کلی : از اینکه وایلد فایر رو با ری عوض کردم راضی هستم هرچند که به وایلد فایر عادت کرده بودم.,1,0,positive,neutral,False,-1,1,96,22,adjacent_class_error,predicted_more_negative
4028,کیفیت فیلم‌برداری خیلی بالایی داره و نیاز به داشتن یه دوربین فیلم برداری مستقل رو کاملا برطرف می کنه .,2,1,very_positive,positive,False,-1,1,102,20,adjacent_class_error,predicted_more_negative
10532,یکی دیگر از موارد لازم به ذکر، فقدان سنسور تنظیم خودکار نور صفحه نمایش است که کاربر را مجبور به تنظیم دستی نور آن می‌نماید.,-1,1,negative,positive,False,2,2,123,25,distant_class_error,predicted_more_positive
9636,تا دیروز S II مسخره میکردم چون که خیلی سبک بود احساس میکردم بی قابلیته، اما..,-2,1,very_negative,positive,False,3,3,77,16,distant_class_error,predicted_more_positive
6858,این گوشی باتری خیلی خوبی داره و ازمایششو پس داده,1,2,positive,very_positive,False,1,1,48,10,adjacent_class_error,predicted_more_positive
8982,بدین صورت عکس 12 مگاپیکسلی در عرض 2 ثانیه بر روی کارت حافظه ذخیره خواهد شد.,1,0,positive,neutral,False,-1,1,75,16,adjacent_class_error,predicted_more_negative
9792,سری WX دوربین های کامپکت سونی اساسا از مدل های میانه، بالاتر از سری W و پایین تر از HX به حساب می آیند.,0,1,neutral,positive,False,1,1,103,24,adjacent_class_error,predicted_more_positive
1259,از نظر سرعت سی پی یو ، حافظه رم ، سیستم عامل و دو سیم کارته همزمان بودن بسیار عالیه (نسبت به قیمت) ولی یک ایراد بزرگ داره که اصلا قابل چشم پوشی نیست و اون هم باتری ضعیفشه.,-1,1,negative,positive,False,2,2,171,39,distant_class_error,predicted_more_positive
8914,اما بعد از کار با آن باید بگوییم این دوربین در سری دوربینهای کامپکت فوق العاده است.,1,2,positive,very_positive,False,1,1,83,17,adjacent_class_error,predicted_more_positive
3762,PJ710v با سنسور تصویر و لنزی قوی همراه شده است.,1,0,positive,neutral,False,-1,1,47,10,adjacent_class_error,predicted_more_negative
7681,ipad mini تو کیفیت صفحه نمایش هم از رقیباش عقبه.,-1,0,negative,neutral,False,1,1,48,10,adjacent_class_error,predicted_more_positive
11663,اولین عیبی که تو اولین روزهایی که من باهاش کار کردم به چشم اومد.,-1,1,negative,positive,False,2,2,64,14,distant_class_error,predicted_more_positive
7220,با پولی که برای این تبلت داده میشه، میشه هم یه گوشی رده بالا خرید هم یه تبلت,-1,1,negative,positive,False,2,2,76,18,distant_class_error,predicted_more_positive
2931,دوربین TF700 نیز نسبت به مدل‌های پیشین بهبود فراوانی یافته و در کل می‌توان گفت که یکی از بهترین دوربین هاییست که تا به امروز بر روی تبلت ها دیده بودیم.,2,1,very_positive,positive,False,-1,1,151,31,adjacent_class_error,predicted_more_negative
5932,البته HX10v با ابعاد 105X60X34 میلی متر کمی از آن دو کوچکتر و با وزن 234 گرم کمی سبک تر است.,0,1,neutral,positive,False,1,1,92,21,adjacent_class_error,predicted_more_positive
9357,در ضمن توجه داشته باشید یک گوشی با این قیمت و این امکانات رو فقط تو گوشی هایی برند سونی پیدا میکنید.,0,1,neutral,positive,False,1,1,100,22,adjacent_class_error,predicted_more_positive
11488,) امتیاز 10 حقشه با یکمی چشم پوشی از ایرادای جزئیش.,2,0,very_positive,neutral,False,-2,2,51,11,distant_class_error,predicted_more_negative
1302,با سلام من چند لحظه پیش این گوشی را سفارش دادم قیمت پایین این کالا یکم تو شک می اندازه چون سخت افزار های نوشته شده برای این گوشی در این رنج قیمت فوق العاده به نظر می رسد اما این گوشی فقط یک دوربین مکالمه تصویری کم داره که اگر این رو هم داشت عالی می شد,0,-1,neutral,negative,False,-1,1,251,58,adjacent_class_error,predicted_more_negative
5524,بی انصافیه اگه طراحی ظریف، دقیق و زیبا در عین حال مستحکم و متفاوت این گوشی رو نادیده گرفت.,1,0,positive,neutral,False,-1,1,90,19,adjacent_class_error,predicted_more_negative
8090,من داییم این گوشی رو داره تمام بازی ها و نرم افزار ها از جمله بازیهای اچ دی رو اجرا می کنه.,0,1,neutral,positive,False,1,1,91,22,adjacent_class_error,predicted_more_positive
11581,پیش از این بیشترین مقدار توانایی ایجاد بزرگنمایی که بر روی دوربین‌های هم رده دیده بودیم، حدود 36 برابر بود.,0,-1,neutral,negative,False,-1,1,107,20,adjacent_class_error,predicted_more_negative
1419,با نگاهی موشکافانه به این مدل می توان شاخصه های آن را بدین گونه بر شمرد.,0,1,neutral,positive,False,1,1,72,16,adjacent_class_error,predicted_more_positive
10178,اومدم اینجا و از گوشی لایو که تک سیم بود خوشم اومد و تمام خصوصیاتش رو خوندم و خریدم.,1,0,positive,neutral,False,-1,1,84,19,adjacent_class_error,predicted_more_negative
8747,3-باتری بسیار پر ظرفیت 2460 میلی آمپری که برای این گوشی و با این قیمت به نظر من بسیار ارزنده هست.,1,2,positive,very_positive,False,1,1,97,21,adjacent_class_error,predicted_more_positive
1530,همه این کارها در Galaxy Note 8 به لطف قلم تعبیه شده بسیار راحت‌تر و لذت بخش تر از گذشته مقدور می‌باشند.,2,1,very_positive,positive,False,-1,1,103,22,adjacent_class_error,predicted_more_negative
11509,این بار گوگل با معرفی نسخه 4.2 این سیستم عامل، دو محصول سخت افزاری معرفی کرد.,0,1,neutral,positive,False,1,1,77,16,adjacent_class_error,predicted_more_positive
12422,این گوشی رو خریدم و راضیم.,1,0,positive,neutral,False,-1,1,26,6,adjacent_class_error,predicted_more_negative
6571,با این دوربین امکان عکاسی در حالت‌های پیاپی، HDR، Panorama و عکاسی در شرایط نوری ضعیف را خواهید داشت.,0,1,neutral,positive,False,1,1,101,19,adjacent_class_error,predicted_more_positive
10209,یک مورد دیگه باید بگم که Android v4 ice cream sandwich برای گوشی هایی هست که رمشون 1Gbباشه زیاد به اپدیت اندروید دقت نکنید و توصیه میکنم کسایی که میخوان اپدیت کنن زیاد خدشون رو دردسر نندازن و با همین جور ورژن بزارن چون شانسی هست ممکن هست بخوره ممکن هست نکنه اگه یه جستجو در اینترنت کننین میبینید که مشکل های زیاد و بدی برای این نوع گوشی ها پیش امده .,-1,1,negative,positive,False,2,2,350,73,distant_class_error,predicted_more_positive
7544,من ترجیح میدم بجای این مبلغ پول واسه این گوشی، sensation xe بخرم,-1,0,negative,neutral,False,1,1,64,13,adjacent_class_error,predicted_more_positive
7593,مدل جدید سامسونگ که باز هم از خانواده Galaxy می‌باشد و گلکسی اس 3 مینی نام دارد، مشخصاتی شبیه به Galaxy S و طراحی شبیه به Galaxy S III دارد تا گوشی دلخواه کسانی باشد که ابعاد بزرگ Galaxy S III را نمی‌پسندند و می‌خواهند با هزینه ای کمتر، یک گلکسی اس 3 جمع و جور تر داشته باشند.,1,0,positive,neutral,False,-1,1,276,59,adjacent_class_error,predicted_more_negative
5212,در کل نمایشگر تصاویر را خیلی شارپ و شفاف نشان می‌دهد.,2,1,very_positive,positive,False,-1,1,53,11,adjacent_class_error,predicted_more_negative
6024,صحبت درباره‌ی کیفیت پرینترهای لیزری تک رنگ مدرن کمی سخت است چرا که بسیاری تولید کنندگان در تولیدات خود به کیفیت های خیلی خوب و نظیر هم دست یافته اند.,1,2,positive,very_positive,False,1,1,149,30,adjacent_class_error,predicted_more_positive
9378,فوق‌العاده است.,1,2,positive,very_positive,False,1,1,15,2,adjacent_class_error,predicted_more_positive
4130,در حقیقت Nokia Asha 2 گوشی در داخل یک گوشی است و تنها منظورمان به این دلیل نیست که از 2 سیم کارت پشتیبانی می کند.,0,1,neutral,positive,False,1,1,113,26,adjacent_class_error,predicted_more_positive
10286,کیفیت هدستش برای WALKMAN خیلی جالب نیست اما همه چیش نسبت به قیمتش عالیه من از دیجی کالا خریدم خوبیش اینه که که دیگه مسخره بازیه علائدین یارو نداره,1,-1,positive,negative,False,-2,2,146,29,distant_class_error,predicted_more_negative
1580,در توضیح تعدادی از برنامه های پیش فرض سامسونگ باید بگوییم که برنامه S Note برنامه ایست که به شما در طراحی کارت با تعدادی قالب پیش فرض کمک می‌کند که می‌توانید آن‌ها را در قالب فایل PDF ذخیره نمایید.,1,0,positive,neutral,False,-1,1,197,40,adjacent_class_error,predicted_more_negative
11576,نمیشه از این دوربین انتظار عکسایه بهتری از سایر سوپر زوم ها داشته باشیم.,1,0,positive,neutral,False,-1,1,72,14,adjacent_class_error,predicted_more_negative
6865,مقاومت و امکاناتی که سونی اضافه کرده.,0,2,neutral,very_positive,False,2,2,37,7,distant_class_error,predicted_more_positive
11033,"اگر سخت افزار رو ارتقا نمی داد میگفتین سامسونگ کم کاری کرده حالا که چنین سخت افزار بالایی رو که در کمتر تبلتی یا شاید در هیچ تبلتی دیگری شاهد نیستیم رو روش گذاشته, این چنین اون رو مواخذه میکنید.",1,-1,positive,negative,False,-2,2,194,40,distant_class_error,predicted_more_negative
11618,• نرم افزارهمان‌طور که گفته شد Google Nexus 7 اولین تبلتی است که به صورت پیش فرض از نسخه 4.1 یا Jelly Bean اندروید بهره می‌برد.,1,0,positive,neutral,False,-1,1,127,26,adjacent_class_error,predicted_more_negative
5693,باسلام من تبلت اپل هم داشته ام اما تبلت سامسونگ با سیستم عامل اندروید عالیه چون این سیستم عامل کارایی سریع و آسان را در اختیار ما گذاشته ریختن نرم افزارها راحت و سریع بوده این تبلت برای مطالعه عالیست,2,1,very_positive,positive,False,-1,1,199,40,adjacent_class_error,predicted_more_negative
8375,آقای خورشیدی کار کانن درسته.,1,0,positive,neutral,False,-1,1,28,5,adjacent_class_error,predicted_more_negative
2893,صفحه نمایش پیش از عرضه Infinity، تبلت Transformer Prime بهترین کیفیت صفحه نمایش را در بین تبلت های اندرویدی داشت ولی Infinity با بهره گیری از یک صفحه نمایش Full HD با دقت 1920x1200، روشنایی بیشتر و رنگ‌های طبیعی‌تر، توانست تخت پادشاهی را از Prime بگیرد.,2,1,very_positive,positive,False,-1,1,253,46,adjacent_class_error,predicted_more_negative
9468,بعلاوه توانایی فیلم برداری HD نیز با آن همراه شده تا علاوه بر عکاسی بتوانید یک دوربین فیلم برداری خیلی خوب را هم همراه خود داشته باشید.,1,2,positive,very_positive,False,1,1,135,27,adjacent_class_error,predicted_more_positive
9542,چرا 4 هسته ای نمیزنه .,-1,0,negative,neutral,False,1,1,22,6,adjacent_class_error,predicted_more_positive
5281,صفحه نمایش 7 اینچی این تبلت از نوع IPS بوده و قادر است تصاویری را با دقت 800×1280 پیکسل نمایش دهد.,1,0,positive,neutral,False,-1,1,98,21,adjacent_class_error,predicted_more_negative
10820,مثلا تو این رنج قیمت، جز محدود دوربینایی هست که عکاسی پانوراما داره و hd فیلم میگیره.,1,0,positive,neutral,False,-1,1,85,17,adjacent_class_error,predicted_more_negative
10593,در ضمن تاچ پد G585 کاملا از فرمان‌های چند لمسی (مالتی تاچ) پشتیبانی می‌کند.,2,1,very_positive,positive,False,-1,1,75,14,adjacent_class_error,predicted_more_negative
11238,بنابراین اگر دارای لنزهایی چون 10-22mm f/3.5-4.5 USM، 15-85mm f/3.5-5.6 IS USM و یا 60mm f/2.8 Macro USM هستید دیگر نمی توانید از آن بر روی این دوربین استفاده نمایید.,-1,0,negative,neutral,False,1,1,166,30,adjacent_class_error,predicted_more_positive
2906,در این حالت، چهار هسته دیگر غیر فعال می‌شوند و این کار باعث افزایش شارژ دهی باتری Infinity می‌شود.,0,1,neutral,positive,False,1,1,98,19,adjacent_class_error,predicted_more_positive
1439,این در حالی است که A1300 از چشمی اپتیکال بهره می‌برد و این فرقش با A810 را می‌سازد.,0,1,neutral,positive,False,1,1,83,18,adjacent_class_error,predicted_more_positive
8127,3- دکمه های تاچ پایین صفحه نمایش چراغ نداره و روشن نمیشه!,-1,0,negative,neutral,False,1,1,57,12,adjacent_class_error,predicted_more_positive
4046,clear zoom باعث می شود که در زوم120X عکس کاملا واضح گرفته شود یعنی دوربین به طورخودکار 6 عکس میگیرد و از ترکیب آنها یک عکس کاملا واضح ارایه می دهد.,1,2,positive,very_positive,False,1,1,147,31,adjacent_class_error,predicted_more_positive
10988,اما نیو ایپد 2048x1536 که از یه تلوزیون HD هم بالاتره گرافیکم که بهترینه سامسونگ باید مثل ASUS نواوری میکرد نه کپی از محصولات قبلیش نواوری یعنی مثل ASUS که با گذاشتن یک هسته مجازی در حالت که کارهای عادی با تبلت میکنید فعال میشه و عمر باتری بالا میره نه اضافه کردن رمو CPU .,-1,0,negative,neutral,False,1,1,273,56,adjacent_class_error,predicted_more_positive
6992,دقت کرده بودید این گوشی رادیو نداره,-1,0,negative,neutral,False,1,1,35,7,adjacent_class_error,predicted_more_positive
3844,تلویزیون خوبی است بهترین قابلیتی که خودم هم متعجب کرد دوربین واقعا عالی است که روی هوا دست آدم رو تشخیص میده و کیفیت خوبی داره که این واقعا من رو متعجب کرد البته باید بگم که توی نور زیاد عملکرد عالی داره ولی چند نکته ای است که به عزیزانی که می خواهند این تلوزیون را بگیرند بگویم: 1.اگر برای قابلیت های این تلوزیون می خواهید اون را بگیرد باید بگویم که حتما باید شبکه بی سیم اینترنت مثل: وایمکس و وایرلس داسته باشید .,2,1,very_positive,positive,False,-1,1,415,86,adjacent_class_error,predicted_more_negative
7693,پیشنهاد من اینه که از همین سایت بخرین پشیمون نمیشین.,1,0,positive,neutral,False,-1,1,52,10,adjacent_class_error,predicted_more_negative
782,همچنین رنگ‌ها بسیار زنده و طبیعی هستند و به سختی می‌توان پیکسل‌های تصویر را از یکدیگر تشخیص داد.,2,0,very_positive,neutral,False,-2,2,96,18,distant_class_error,predicted_more_negative
7793,این بدین معنا نیست که با دیدن صفحه نمایش این تبلت نا امید می‌شوید، بلکه عملکرد آن کاملا رضایت بخش ارزیابی می‌گردد.,2,1,very_positive,positive,False,-1,1,114,22,adjacent_class_error,predicted_more_negative
5747,با استفاده از برنامه‌ی Google Sky Map، گوشی را به هر سوی آسمان که نشانه بروید نقشه‌ی زنده‌ی آن به همراه همه‌ی اجرام و اطلاعاتشان برای شما به نمایش در خواهد آمد!,0,1,neutral,positive,False,1,1,160,32,adjacent_class_error,predicted_more_positive
10596,این پردازنده‌ها کم مصرف بوده و قدرت کمی دارند به همین دلیل تنها برای انجام کارهای سبک روزانه مانند مرورگری اینترنت، تماشای ویدیو و کار با نرم افزارهای Office مناسبند.,-1,1,negative,positive,False,2,2,166,30,distant_class_error,predicted_more_positive
3067,در هفته اول به دلیل قرار گرفتن گوشی موبایلم روی این تبلت متوجه خش های ریز روی آن شدم.,0,-1,neutral,negative,False,-1,1,85,19,adjacent_class_error,predicted_more_negative
12671,الان هم واسه خواهر زادم سفارش دادم.,0,1,neutral,positive,False,1,1,35,7,adjacent_class_error,predicted_more_positive
9275,حتی می توانید عمل Touch to Focus را انجام دهید و یا دکمه ی شاتر را بفشارید.,0,1,neutral,positive,False,1,1,75,17,adjacent_class_error,predicted_more_positive
7370,بنابراین مطمئنا این نوت‌بوک‌ها مناسب انجام بازی‌های رایانه ای نیست.,-2,-1,very_negative,negative,False,1,1,67,10,adjacent_class_error,predicted_more_positive
4753,دوست عزیز اسلوموشن بودن تصویر دلایل زیادی داره 1-سرعت کم پردازش کارت گرافیک 2-مقدار بازدهی فرکانس مانیتور 3-نرم افزار پخش کننده فیلم,-1,0,negative,neutral,False,1,1,132,22,adjacent_class_error,predicted_more_positive
12966,کلا 2 تا ایراد داره اول اینکه خیلی سرو صدا داره و دوم اینکه ازش زیاد انتظار پرینت خوب نداشته باشین چاپ رنگیش تعریفی نداره .,-2,-1,very_negative,negative,False,1,1,123,26,adjacent_class_error,predicted_more_positive
381,اما برخلاف لنز Ixus 510 HS که توانایی زوم 12 برابر را داشت، لنز 24-120 میلی متر Ixus 240 HS توانایی زوم 5 برابر را دارد.,-1,0,negative,neutral,False,1,1,120,26,adjacent_class_error,predicted_more_positive
6691,هرچند که عکس‌ها کیفیت بدی ندارند، ولی انتظار زیادی هم از این دوربین به عنوان یک دوربین عکاسی نباید داشته باشید.,-1,0,negative,neutral,False,1,1,111,21,adjacent_class_error,predicted_more_positive
2150,نکته ی مهمی که باید در انتخاب یک گوشی در نظر داشت خوش دست بودن و اندازه ی مناسب آن است.,0,1,neutral,positive,False,1,1,87,21,adjacent_class_error,predicted_more_positive
9557,۱ تبدیل به نقطه ضعف IOS حتی در نسخه جدید ۶ ان شده است.,-1,0,negative,neutral,False,1,1,54,14,adjacent_class_error,predicted_more_positive
4128,این برای نوکیا خیلی اهمیت دارد چرا که با عرضه ی این گوشی فروش زیادی خواهد کرد.,1,0,positive,neutral,False,-1,1,78,17,adjacent_class_error,predicted_more_negative
9191,۱ ماه شاید هم بیشتر مقایسه هارو میخوندم و از اونجا که 650D کم نویز تر بود و من نویز خیلی‌برام مهم کانن رو انتخاب کردم.,1,0,positive,neutral,False,-1,1,118,26,adjacent_class_error,predicted_more_negative
8666,حال اگر مالک قصد تهیه کیف برای گوشی داشته باشه کیفی خواهد داشت که از پشتی از دو ناحیه سوراخ است و نمای بسیار بدی ایجاد می کند.,-1,1,negative,positive,False,2,2,126,28,distant_class_error,predicted_more_positive
12788,صورت می گیره و موجب آسیب رسیدن به گوشی می شه.,-1,0,negative,neutral,False,1,1,45,11,adjacent_class_error,predicted_more_positive
3183,از اندازه مناسب و خوش دستی و روزلوشن و کیفت بالا ال سی دی گرفته تا سیستم عامل کامل .,2,1,very_positive,positive,False,-1,1,84,20,adjacent_class_error,predicted_more_negative
11368,سرعت روشن شدن تا آماده شدن برای عکاسی نیز پیشرفت نکرده است.,-1,0,negative,neutral,False,1,1,59,12,adjacent_class_error,predicted_more_positive
10785,در قلب این دوربین سنسور تصویر 20 مگاپیکسلی BSI-CMOS قرار گرفته است.,1,0,positive,neutral,False,-1,1,67,12,adjacent_class_error,predicted_more_negative
6712,دوربین های با باطری قلمی مانند دوربین اس ایکس160 با باطری لیتیومی دیگر مدلها مثلا دبلیوایکس 100قابل شارژهستند فقط کافیه نوع باطری که انتخاب میکنید شارژی باشد,1,0,positive,neutral,False,-1,1,157,27,adjacent_class_error,predicted_more_negative
9633,ما نانو سیم نداریم.,-1,0,negative,neutral,False,1,1,19,4,adjacent_class_error,predicted_more_positive
3240,این تبلت آخرین نسخه سیستم عامل اندروید رو داره و بسیاری از کاستی های نسخه های قبلی این نسخه مرتفع شده.,1,0,positive,neutral,False,-1,1,102,21,adjacent_class_error,predicted_more_negative
342,کنتراست و کیفیت رنگ‌های تولید شده در حد خوبی قرار دارند ولی عکاسان حرفه ای و یا کسانی که کارهای گرافیکی انجام می‌دهند، ممکن است از کیفیت صفحه نمایش G580 راضی نباشند.,0,1,neutral,positive,False,1,1,165,32,adjacent_class_error,predicted_more_positive
10799,در کل باید کفت که HX50v بهترین دوربین کامپکت میان رده یا همان کامپکت های سوپرزوم تا به تاریخ معرفی می باشد.,0,2,neutral,very_positive,False,2,2,107,22,distant_class_error,predicted_more_positive
6436,واقعا هارد خوبیه سرعتش مناسبه - وزن و ضخامتش کمه  تا الان که مشکلی نداشته پس از تمام تستها اطلاعات بیشتری در اختیارتون میذارم.,2,1,very_positive,positive,False,-1,1,126,24,adjacent_class_error,predicted_more_negative
8616,سلام من این گوشی رو 3 روزه خریدم تو این قیمت بهترینه,1,0,positive,neutral,False,-1,1,52,12,adjacent_class_error,predicted_more_negative
2358,اپل با وجود سیستم عامل عالی اش همیشه خوب بوده نه عالی ، پردازنده جدیدش بحث برانگیزه ، اما اپل در این مدل جدید نو آوری چندانی نداشته و به وضوح سیر نزولی این شرکت پس از مدلهای 4 اس و 5 را میشه دید و می توان این نزول را از نبود استیو جابز افسانه ای دانست .,-1,2,negative,very_positive,False,3,3,253,59,distant_class_error,predicted_more_positive
8468,با سلام به همه ، اولش می خواستم از همه دیجیکالایی ها به خاطر سایت و خدماته عالیشون تشکر کنم .,2,1,very_positive,positive,False,-1,1,93,21,adjacent_class_error,predicted_more_negative
8532,یکی از نقاط ضعف این دوربین، ضبط نشدن صدا هنگام زوم اپتیکال در حین فیلمبرداری است و ماکرو هم از فاصله 10cm کار می کنه که وقتی میخواین عکس های ماکرو بگیرین یکم با مشکل روبرو میشین و از لحاظ قدرت نرم افزاری هم ضعیفه، یعنی شما چیزی به اسم افکت های سپیا، سیاه و سفید، یا از این جور چیزها ندارین ..,-2,1,very_negative,positive,False,3,3,292,63,distant_class_error,predicted_more_positive
12369,در مود intelligent Auto نیز کافی است که دوربین را به سوی سوژه نشانه بروید تا خود همه‌ی تنظیمات را انجام دهد و بهترین عکس گرفته شود.,2,1,very_positive,positive,False,-1,1,131,27,adjacent_class_error,predicted_more_negative
6914,در جواب دوستانی که میگن باتری این گوشی ضعیفه بگم که باتری این گوشی 2020 لیتیوم پلیمری هستش.,0,1,neutral,positive,False,1,1,91,18,adjacent_class_error,predicted_more_positive
3243,ولی عدم وجودش هم باعث کاستی نمیشه چون تبدلش وجود داره.,0,-1,neutral,negative,False,-1,1,54,11,adjacent_class_error,predicted_more_negative
12608,هر از گاهی به کوچولو تیک میزنه اما با توجه به قیمت اصلا مهم نیست.,0,1,neutral,positive,False,1,1,65,15,adjacent_class_error,predicted_more_positive
6946,خیلی حیف شد!,0,-1,neutral,negative,False,-1,1,12,3,adjacent_class_error,predicted_more_negative
9845,در تست مرورگری اینترنت از طریق Wi-Fi با روشنایی متوسط، این تبلت توانست بیش از 9 ساعت شارژ دهی کند.,1,0,positive,neutral,False,-1,1,98,20,adjacent_class_error,predicted_more_negative
8873,من حدود 6 ماهه که این دوربین را خریدم ، به نظر من بجز باطری خیلی ضعیف مشکل دیگری ندارد .,0,-1,neutral,negative,False,-1,1,88,21,adjacent_class_error,predicted_more_negative
4578,4- بهبود رابط کاربری 5-جالبتر از همه اگر گوشی شما مجهز به دوربین مکالمه تصویری باشد برای آنلاک کردن گوشی میتوانید از قابلیت تشخیص چهره گوشی استفاده نمایید.,0,1,neutral,positive,False,1,1,155,28,adjacent_class_error,predicted_more_positive
13065,بدون چنین دکمه هایی شما مجبور به روشن کردن نمایشگر و استفاده از دکمه های مجازی لمسی خواهید بود که کمی اذیت کننده است.,-1,1,negative,positive,False,2,2,117,24,distant_class_error,predicted_more_positive
2566,تو این رنج قیمت بهترین انتخابه.,2,1,very_positive,positive,False,-1,1,31,6,adjacent_class_error,predicted_more_negative
8843,حدود یکساله این دوربین رو دارم همه چیزش عالیه.,1,2,positive,very_positive,False,1,1,46,9,adjacent_class_error,predicted_more_positive
11553,قطعا نیکون در تولید دوربین های حرفه ای جز بهترین دوربین های موجود در بازار هست اما در این رده با وجود FZ200 پاناسونیک از لحاظ کیفیت برتر و یا SX50 کنون از لحاظ زوم فوق العاده زیاد همراه نویز کم حرفی برای گفتن نداره..,0,2,neutral,very_positive,False,2,2,216,45,distant_class_error,predicted_more_positive
1122,من این هارد رو با پیشنهاد ویژه خریدم هارد خوب و مناسبیه ولی سوکتش اصلا خوب نیس و به نظر میرسه ممکنه کنده بشه,-1,1,negative,positive,False,2,2,108,24,distant_class_error,predicted_more_positive
2390,قاب پشتی به همان بافت‌های حلقه ای مخصوص تبلت ها و نوت بوک های ایسوس به نام Zen مزین شده است که نه تنها از جذب اثر انگشت جلوگیری می‌کند، بلکه از لیز خوردن گوشی در دست شما نیز جلوگیری می‌کند.,0,1,neutral,positive,False,1,1,189,41,adjacent_class_error,predicted_more_positive
4824,من هم ایکس باکس دارم هم پی اس 3، هر دوشون بجای خود خوبن، ولی انحصاریهای پی اس 3 یه چیز دیگش که ایکس باکس به گرد پاشونم نمیرسه.,0,1,neutral,positive,False,1,1,126,29,adjacent_class_error,predicted_more_positive
10293,این گوشی فوق‌العاده است.,1,2,positive,very_positive,False,1,1,24,4,adjacent_class_error,predicted_more_positive
6599,و البته یه عیب کوچولو هم داره که اونم کاهش جزئی فریم هنگام باز کردن بازی هایی مثل most wantedو.,-1,1,negative,positive,False,2,2,95,20,distant_class_error,predicted_more_positive
5719,همانطور که گفتیم کیفیت دید از زاویه‌ی آن فوق‌العاده است و با چرخاندن و نگاه کردن از زوایای تندتر هم کیفیت رنگ‌ها تغییر نمی‌کند.,1,2,positive,very_positive,False,1,1,127,24,adjacent_class_error,predicted_more_positive
8550,سلام خدمت دوستان آقای امیرحسین قرباغی من از این گوشی گرفتم ولی هیچ کدوم از مشکلاتی که شما اینجا نوشتین نداره دو تا سیم کارت همزان فعالن و کار میکنن عکسش عالیه و میشه گفت در حد اس تیری هست.,1,0,positive,neutral,False,-1,1,188,40,adjacent_class_error,predicted_more_negative
290,در ارتباطات هم گوشی خوبیه فقط حواستون باشه آپدیتش نکنید که وایفایش مرخص میشه 7.کلید های پایین رو یکم باید تحمل کنید تا واستون روون بشه .,1,0,positive,neutral,False,-1,1,136,27,adjacent_class_error,predicted_more_negative
2053,جدا امیدوارم بتونم بگیرمش، چون تا به حال در برابر iPod Touch و iPad مقاومت کردم!,0,-2,neutral,very_negative,False,-2,2,80,16,distant_class_error,predicted_more_negative
242,گوشی خوبی است طبق گفته دوستان دکمه های پایین گوشی را نباید فشار داد بلکه باید به سمت بالا کشید طبق گفته خود سایت سونی اینهم برای این است که موقع بازی یا کارهای دیگه دست شما به این کلیدها خورد عمل نکند و به نظر من هم خوبه,1,0,positive,neutral,False,-1,1,220,49,adjacent_class_error,predicted_more_negative
6991,بهترین گوشیه که تا حالا دیدم,1,2,positive,very_positive,False,1,1,28,6,adjacent_class_error,predicted_more_positive
10672,گوشی خیلی خوبیه ولی به نظرم sl بهتره حداقل رو کاغذ سی پی یوش 1.7 هستش.,0,2,neutral,very_positive,False,2,2,70,16,distant_class_error,predicted_more_positive
11426,به نظرمن از نظر ظاهری بهترین گوشی جهانه,2,1,very_positive,positive,False,-1,1,39,8,adjacent_class_error,predicted_more_negative
4848,ایکس باکس خوراک بازی کردنه.,1,0,positive,neutral,False,-1,1,27,5,adjacent_class_error,predicted_more_negative
12824,نکته قابل توجه در مورد ویندوز۸ همانطوری که اشاره شد، تغییرات بسیار وسیع آن است به طوری که بسیاری از کاربران، حتی کاربران حرفه‌ای در برخورد اول با ویندوز۸ سردرگم شده و نیاز به صرف وقت زیادی برای بازآموزی قسمت‌های ثابت ویندوز خواهند داشت.,0,1,neutral,positive,False,1,1,236,44,adjacent_class_error,predicted_more_positive
10181,کیفیت عکسش هم معمولیه و فوق‌العاده نیست.,0,-1,neutral,negative,False,-1,1,40,7,adjacent_class_error,predicted_more_negative
1915,محصولات اپل برای کسایی هست که دیگه به iOS عادت کردند ولی باید گفت این گوشی تقریبا در هیچ موردی بهترین گوشی دنیا نیست.,-1,2,negative,very_positive,False,3,3,117,24,distant_class_error,predicted_more_positive
8076,3 هفته ای میشه خریدم با این امکانات قیمتش خوبه مشکلاتی که داره 1_باطریش زود تموم میشه(اگه استفاده چندانی نداشته باشی 5 روز نگه میداره.,0,-1,neutral,negative,False,-1,1,134,25,adjacent_class_error,predicted_more_negative
362,در حالت عادی فن‌های این نوت‌بوک هیچ‌گونه صدایی تولید نمی‌کنند و حتی هنگامی که بار محاسباتی پردازنده، صد در صد باشد، صدای تولید شده توسط سیستم خنک کنندگی دستگاه، بسیار کم است.,0,2,neutral,very_positive,False,2,2,174,32,distant_class_error,predicted_more_positive
12283,لازم میدونم چند نکته رو بگم :تو خوش دستی این دوربین شک نکنید چون هیچ دوربینی به پاش نمیرسه.,1,0,positive,neutral,False,-1,1,91,19,adjacent_class_error,predicted_more_negative
9843,همچنین یک دوربین 2 مگاپیکسلی نیز جهت انجام مکالمات تصویری در جلوی تبلت قرار گرفته که عملکرد این دوربین نیز به عنوان وب کم بسیار راضی کننده است.,1,2,positive,very_positive,False,1,1,143,28,adjacent_class_error,predicted_more_positive
6451,من نمی‌فهمم اصلا برای چی باید پول بیش‌تری بدم برای همچین گارانتی‌.,-1,0,negative,neutral,False,1,1,66,12,adjacent_class_error,predicted_more_positive
2295,.ولی واقعیت اینه که این محصولات هنوز جواب پس نداده اند.,-1,0,negative,neutral,False,1,1,55,11,adjacent_class_error,predicted_more_positive
12955,در نظر داشته باشید که تمرکز اصلی نوکیا در این مدل، روی کیفیت دوربین نبوده است، کما اینکه در مدل‌هایی مانند 808 Pure View که قابلیت اصلی آن دوربین 41 مگاپیکسلی است، رقیبی برای نوکیا وجود ندارد.,1,0,positive,neutral,False,-1,1,192,37,adjacent_class_error,predicted_more_negative
9427,ولی برای کسانی که از امکانات اینجور گوشی ها استفاده می کنن، اتصال به اینترنت جهت تنظیمات و فعال سازی های اولیه، الزامیه و بدون وصل شدن به اینترنت، استفاده ی کامل از تمامی اپلیکیشن ها امکان پذیر نیست.,-1,1,negative,positive,False,2,2,199,39,distant_class_error,predicted_more_positive
6956,قطعا از لحاظ باتری ضعف ندارند.,1,-1,positive,negative,False,-2,2,30,6,distant_class_error,predicted_more_negative
8154,حافظه داخلی گوشی Desire C چهار گیگابایت است و همچنین ارتقاء حافظه این گوشی از طریق کارت حافظه microSD تا 32 گیگابایت امکان پذیر است.,1,0,positive,neutral,False,-1,1,132,25,adjacent_class_error,predicted_more_negative
7763,جدا از اینکه پردازنده و گرافیک و رم آن نیز ارتقا پیدا میکنه.,0,1,neutral,positive,False,1,1,60,13,adjacent_class_error,predicted_more_positive
1018,بعلاوه، FT3 اگر از ارتفاع 2 متری، یعنی به احتمال زیاد ارتفاعی بیشتر از قد شما سقوط کند و به زمین سخت بخورد هم هیچ آسیبی نمی‌بیند.,1,-1,positive,negative,False,-2,2,129,27,distant_class_error,predicted_more_negative
942,اگر شما یک دانشجو باشید حتما می دانید که به دفعات برایتان پیش آمده که نیاز به گرفتن کپی و یا عکس از یک کتاب و یا جزوه داشته اید، مهندسین عمران معمولا نیاز دارند که نقشه های خود را همراه داشته باشند، وکلا همیشه مدارک زیادی را حمل می کنند و چندین مورد دیگر که در تمامی این ها یک پویشگرهای دستی می تواند به راحتی و در زمانی بسیار کوتاه از این مدارک ، نقشه ها و متون اسکن تهیه کرده و بر روی یک حافظه ذخیره کند و درمواقع مورد نیاز در اختیار شما قرار دهد.,2,0,very_positive,neutral,False,-2,2,449,99,distant_class_error,predicted_more_negative
1667,به هر حال اپل چندان به اعلام جزئیات سخت افزاری گوشی‌های خود علاقه‌مند نشان نمی‌دهد.,0,-1,neutral,negative,False,-1,1,83,15,adjacent_class_error,predicted_more_negative
1811,به نظر من یکی از برترین و زیباترین گوشی هاییه که تا به حال منتشر شده!,2,1,very_positive,positive,False,-1,1,69,16,adjacent_class_error,predicted_more_negative
1888,قبلا s3 داشتم ولی واقعا ایفون چیز دیگه ای هست اصلا اسمش اعتباره و از نظر کیفیت حرف اول رو میزنه,1,-1,positive,negative,False,-2,2,95,21,distant_class_error,predicted_more_negative
4007,بهترین مگاپیکسل با این اندازه سنسور در همه دوربینا بین 10 تا 12 .,0,2,neutral,very_positive,False,2,2,65,14,distant_class_error,predicted_more_positive
9135,به نظر من galaxy s2 از هر لحاظ خیلی از این بهتره,0,-1,neutral,negative,False,-1,1,48,12,adjacent_class_error,predicted_more_negative
4547,(توجه داشته باشید که ضخامت گوشی 9.4 میلیمتره و وزنش صد گرمه)2) این گوشی بالاترین نسبت ابعاد صفحه به رزولوشن رو بین سونی اریکسون ها داره.,1,0,positive,neutral,False,-1,1,136,26,adjacent_class_error,predicted_more_negative
2149,در مورد خش پذیری بدنه اپل که دوستان بعضا انتقاد دارند باید این نکته را در نظر داشته باشند که گالکسی اس تری به مراتب بدنه ای بسیار ضعیف تر از اپل دارد و در این زمنیه آسیب پذیر تر است.,0,-1,neutral,negative,False,-1,1,182,41,adjacent_class_error,predicted_more_negative
2756,از جمله آن‌ها می‌توان Google Chrome، ES File Explorer، Gmail، Google Plus، ID Gard، Maps، Movie Studio، آنتی ویروس Norton Security، Sound Recorder، ، TegraZone، ThinkFree Office و Youtube را نام برد که به همراه آن‌ها ویجت های کاربردی زیادی نیز برای استفاده کاربر وجود دارد.,1,0,positive,neutral,False,-1,1,273,46,adjacent_class_error,predicted_more_negative
9601,با این اوصاف این گوشی همانند گذشته پیش بینی می شود هیولای بی رقیب بازار تلفن های همراه باشد و به همه علاقمندان توصیه می کنم کمی صبر کنند تا از نزدیک این گوشی با امکانات جدید بسنجند.,1,-1,positive,negative,False,-2,2,181,38,distant_class_error,predicted_more_negative
10888,حالا بماند که یه وایمکسم براش باید بگیریم در کل نسبت به قیمتی که خودش داره با لوازم جانبیش یکمی سنگینه در ضمن چون حساسه گارانتی درست و حسابی هم نداره یعنی فقط برای اتفاقات خیلی خاص گارانتی میکنن و باید مواظب باشیم ولی در کل عالیه .,1,-1,positive,negative,False,-2,2,231,48,distant_class_error,predicted_more_negative
11085,• طراحی و ساخت انتظار می‌رفت در طراحی و ساخت این تبلت، سامسونگ سنگ تمام بگذارد و یک تبلت با کیفیت ساخت متمایز از دیگر تبلت های سامسونگ را ارائه دهد.,0,-1,neutral,negative,False,-1,1,148,31,adjacent_class_error,predicted_more_negative
9787,کیفیت صفحه نمایش آن بالا است.,1,0,positive,neutral,False,-1,1,29,6,adjacent_class_error,predicted_more_negative
12707,قیمتشو که تو سایت زده درسته دیگه .,0,1,neutral,positive,False,1,1,34,8,adjacent_class_error,predicted_more_positive
4073,اما به هر حال خارج از انصاف است که این صفحه نمایش را برای این مدل یک نقطه ضعف تلقی کنیم.,0,-1,neutral,negative,False,-1,1,88,21,adjacent_class_error,predicted_more_negative
8610,1 هفته ای هست که خریدمش .,0,2,neutral,very_positive,False,2,2,25,7,distant_class_error,predicted_more_positive
12167,خوشبختانه یک چیزی که فدای کوچک سازی این دوربین نشده، چشمی است.,1,-1,positive,negative,False,-2,2,62,12,distant_class_error,predicted_more_negative
2341,به نظر من گوشی APPLE گوشی خوبی هست ولی این که حدودا ظاهرش مثلIPHONE4هست بد هست و اندازه صفحه اش هم نسبتا بزرگ نیست,-1,1,negative,positive,False,2,2,114,24,distant_class_error,predicted_more_positive
1288,یعنی وقتی با یکی از سیمکارتها مشغول مکالمه هستید اگه با سیمکارت دومتون تماس بگیرن دیگه بوق اشغال نمی زنه,0,-1,neutral,negative,False,-1,1,104,20,adjacent_class_error,predicted_more_negative
2219,در این مورد HTC هیچ تغییری را در گوشی جدید خود اعمال ننموده است.,0,1,neutral,positive,False,1,1,64,14,adjacent_class_error,predicted_more_positive
7312,کیفیت عکس در گوشه ها نیز خیلی خوب است.,1,2,positive,very_positive,False,1,1,38,9,adjacent_class_error,predicted_more_positive
4531,معایب از نظر من: کیفیت پایین تصویر+کیفیت ساخت نا مناسب+رابط کاربری نا مناسب,-1,-2,negative,very_negative,False,-1,1,75,13,adjacent_class_error,predicted_more_negative
12820,در بسته‌های آموزشی نرم‌افزارهای کاربردی می‌توانید شاهد آموزش پرکاربردترین نرم‌افزارهای کاریردی و سیستمی باشید.,1,0,positive,neutral,False,-1,1,110,14,adjacent_class_error,predicted_more_negative
11941,من در حدود 2 هفته ای میشه رنگ سفید این مدل دو سیم کارته رو خریدم مزایا و معایب این گوشی را براتون مینویسم.,1,0,positive,neutral,False,-1,1,106,24,adjacent_class_error,predicted_more_negative
2642,در مدل پس از آن یعنی X10 نیز ویژگی های دیگری اضافه شده بودند که علاوه بر رفع نواقص مدل پیشین آن را بیشتر مناسب عکاسان مبتدی کرده بود.,0,1,neutral,positive,False,1,1,133,29,adjacent_class_error,predicted_more_positive
2136,نازکی و سبکی عالی٢.,2,1,very_positive,positive,False,-1,1,19,4,adjacent_class_error,predicted_more_negative
752,ولی همون سری اداری و بیزنس بهترین اسمی هست که میشه واسش گذاشت.,0,-1,neutral,negative,False,-1,1,62,13,adjacent_class_error,predicted_more_negative
6627,تا جایی که به فوکوس خودکار مربوط می‌شود، این دوربین سریع ترین فوکوس خودکار را ندارد و کمی به طول می‌انجامد تا بتواند یک سوژه را با وضوح بالا نمایش دهد.,0,-1,neutral,negative,False,-1,1,151,31,adjacent_class_error,predicted_more_negative
10481,اگر دوربین دوم و فلاش هم داشت بدون نقص مینمود.,0,1,neutral,positive,False,1,1,46,10,adjacent_class_error,predicted_more_positive
10387,بهترین گوشی از هر نظر فکر کنم تا 4 سال دیگه هم همه برنامه ها و بازی هارو راحت اجرا کنه!,0,2,neutral,very_positive,False,2,2,87,21,distant_class_error,predicted_more_positive
10300,فوق‌العاده است در مجموع.,1,2,positive,very_positive,False,1,1,24,4,adjacent_class_error,predicted_more_positive
8810,این باتری تا 12 ساعت مکالمه ممتد را پشتیبانی می‌نماید و تا 800 ساعت در حالت آماده باش، شارژ نگه می‌دارد که در بین گوشی‌های هوشمند ، عملکرد بسیار خوبی به شمار می‌آید.,1,2,positive,very_positive,False,1,1,165,33,adjacent_class_error,predicted_more_positive
551,به همین دلیل سطح آن همواره تمیز باقی می‌ماند.,1,-1,positive,negative,False,-2,2,45,9,distant_class_error,predicted_more_negative
9341,در ضمن این سنسور تصویر و پردازشگر امکان ضبط ویدیویی 720p HD را هم برای این دوربین فراهم آورده اند.,0,1,neutral,positive,False,1,1,98,20,adjacent_class_error,predicted_more_positive
11249,پلاستیکی که در بدنه‌ی این دوربین به کار رفته از نوع SoRPlas می‌باشد که نوعی پلاستیک بسیار مقاوم و با دوام می‌باشد.,2,1,very_positive,positive,False,-1,1,114,22,adjacent_class_error,predicted_more_negative
5115,اما نه به طور کامل!,-1,0,negative,neutral,False,1,1,19,5,adjacent_class_error,predicted_more_positive
12116,با سلام در مورد این دوربین دانستن این نکته الزامی است که با وجود اینکه عکسبرداری با آن دارای کیفیت مطلوب است ولی در موقع فیلمبرداری فاقد زوم اپتیک است و فقط به زوم دیجیتالی اکتفا میشود که این مورد بهتر است قبل از خرید به اطلاع کاربر آن برسد.,0,-1,neutral,negative,False,-1,1,241,50,adjacent_class_error,predicted_more_negative
1329,و همچنین با کابل USB و اتصال به کامپیوتر آن را شارژ نمایید.,1,0,positive,neutral,False,-1,1,59,13,adjacent_class_error,predicted_more_negative
12765,این گوشی از پردازنده‌ی 1GHz Snapdragon بهره می‌برد که به خصوص با توجه به بهره گیری از سیستم عامل اندروید برای کار راحت‌تر و روان‌تر با اینترفیس آن یک نیاز مبرم است.,0,1,neutral,positive,False,1,1,164,32,adjacent_class_error,predicted_more_positive
5877,سلام من 5 ماه هست که از این گوشی استفاده میکنم قبلش بگم که من قبل از اینکه این گوشی رو خریداری کنم از گوشی های سامسونگ خوشم نمی‌اومد تا وقتی که گوشی گالکسی اس 2 رو دیدم و تجربه کردم البته وقتی اون رو به اندروید 4 ارتقاع دادم باورم نمی شد که این همون گوشیه چون واقعا از نظر گرافیکی جالب‌تر شده بود و .,0,-1,neutral,negative,False,-1,1,300,67,adjacent_class_error,predicted_more_negative
805,فوکوس خودکار، ژئوتگینگ و همچنین حالت‌های مختلف تصویربرداری، عکاسی و فیلم برداری با این گوشی را بسیار لذت بخش می‌کند.,0,2,neutral,very_positive,False,2,2,116,20,distant_class_error,predicted_more_positive
8671,"گوشی خوبیه امروز سفارش دادم نسبت ,قیمت به امکانات روی کاغذ خوبه حالا ببینیم در عمل حرفی برای گفتن داره یا نه..",1,0,positive,neutral,False,-1,1,110,22,adjacent_class_error,predicted_more_negative
8453,از بدنه که شروع کنیم، باید گفت که 3N دارای نمایشگری چرخنده است.,1,0,positive,neutral,False,-1,1,63,13,adjacent_class_error,predicted_more_negative
10541,رابط کاربری Timescape نیز بر روی این گوشی قرار دارد که همان رابط کاربری استاندارد اندروید است که تحت تغییراتی قرار گرفته و به این شکل تغییر داده شده است.,1,0,positive,neutral,False,-1,1,153,30,adjacent_class_error,predicted_more_negative
7172,با سلام من یه یک هفته ای هست اینو گرفتم ولی یه مشکلی که خیلی نگرانم کرده اینه که زمان اتصال گوشی به استیشن یا همون داکت کانکشن خوب برقرار نمیشه و صفحه نمایش تب شروع به چشمک زدن میکنه لازم به ذکر هست که نمایندگیشم تلفن جواب نمیده,-2,0,very_negative,neutral,False,2,2,228,49,distant_class_error,predicted_more_positive
9848,وجود داک کیبورد در کنار تبلت ها یک ایده بسیار جذاب است، اما اگر قرار باشد به داک و تبلت در کنار هم به عنوان یک لپ تاپ نگاه شود، شاید جذابیت آن از بین برود، چرا که کوچکی صفحه نمایش 10.1 اینچی برای لپ تاپ و همچنین کوچکی کیبورد آن، مشکل ساز خواهد شد.,1,-1,positive,negative,False,-2,2,247,55,distant_class_error,predicted_more_negative
9926,در قسمت جلوی دستگاه همان نمایشگر 3.5 اینچی 960X640 پیکسلی Retina قرار دارد که 16 ماه پیش ما را شگفت‌زده کرده بود.,2,0,very_positive,neutral,False,-2,2,113,22,distant_class_error,predicted_more_negative
12701,بالاخره گوشی مورد پسندم رو پیدا کردم.,1,0,positive,neutral,False,-1,1,37,7,adjacent_class_error,predicted_more_negative
5501,جای قلم نداره پس داشتنشو فراموش کنید.,-1,0,negative,neutral,False,1,1,37,7,adjacent_class_error,predicted_more_positive
7983,دوستان بهتون اطمینان میدم NIKON به مراتب حرفه ای تر ، قوی تر و خلاصه فوق العاده تر از CANON .,0,1,neutral,positive,False,1,1,93,21,adjacent_class_error,predicted_more_positive
10668,من شخصا حاضر نیستم نه t رو بخرم و نه tx بلکه acro s یا ion رو ترجیح میدم !,-1,0,negative,neutral,False,1,1,74,20,adjacent_class_error,predicted_more_positive
10931,2 ماه این تبلت رو دارم واقعا ازش راضیم هیچی از ipad کم نداره به جز کیف و وسایل جانبی که بعد از 1 ماه تونستم کیفش رو پیدا کنم در ضمن دوستانی که مشخصات رو خوندن ولی تا حالا صفحه نمایش این تبلت رو ندیدند به این تبلت ایراد نگیرند هر چی باشه صفحه ipad رو هم سامسونگ می زنه در کل صفحه نمایش بی نظیری داره ( با توجه به تراکم پیکسلی کم ),2,1,very_positive,positive,False,-1,1,329,76,adjacent_class_error,predicted_more_negative
11337,معمولا مود Evaluative برای بیشتر شرایط به خوبی جواب می‌دهد و کل تصویر را پردازش می‌کند.,1,0,positive,neutral,False,-1,1,87,16,adjacent_class_error,predicted_more_negative
1761,به نظر من ایفون 5 با تمامی گوشی ها متفاوت است و این تفاوت بی نظیریه!,1,0,positive,neutral,False,-1,1,68,16,adjacent_class_error,predicted_more_negative
5564,همین چند ماه پیش بود که سونی، یک گوشی به نام Xperia Tipo را معرفی کرد، آن زمان Tipo را یک گوشی اندرویدی سطح مبتدی برای کاربرانی معرفی کردیم که قصد دارند یک گوشی نسبتا جمع و جور با قیمت ارزان داشته باشند.,0,1,neutral,positive,False,1,1,203,43,adjacent_class_error,predicted_more_positive
10366,در کل همانطور که گفتیم، M500 دوربین فیلم برداری بسیار خوب دیگری از کانن است که کاملا کوچک و سبک ساخته شده و در ضمن از امکانات و فن آوری‌های پیشرفته و خوبی بهره می‌برد.,1,2,positive,very_positive,False,1,1,167,35,adjacent_class_error,predicted_more_positive
2306,بعضی ها عدم استفاده از SD رو عیب میدونن!,0,-1,neutral,negative,False,-1,1,40,9,adjacent_class_error,predicted_more_negative
738,) توصیه ی من برای کسانی که دنبال یه لپ تاب به اصطلاح میانه قیمت میگردن اینه که در خرید این مدل شک نکنن چون مطمئنم بعد از دیدن لپ تاب حتما از انتخاب خودتون خوشحال خواهید بود و دیگه این که هنگام خرید با سرویس نصب ویندوز و درایور خریداری کنید تا دچار مشکل نشید(به علت داشتن فینگر تاچ و..,1,0,positive,neutral,False,-1,1,284,61,adjacent_class_error,predicted_more_negative
6159,مزایای بی نظیر این محصول مثل زیبایی طراحی آن هوشمندی آن در بازی و به ویژه خدمات اینترنتی آن برای بازی با کاربران دیگر این محصول را در اقصی نقاط جهان بسیار بهتر و تحسین آمیزی با رقیب اصلی خود یعنی ps3 خود دارد ولی از جهت دیگر دارای معایبی مثل نداشتن درایو بلوری بازی هایی با اجرای ضعیف تر نسبت به ps3 می باشد که این موجب شده تعدادی ازکاربران رغبت خود را از دست دهند.,0,1,neutral,positive,False,1,1,365,77,adjacent_class_error,predicted_more_positive
6860,قابل تعویض نیست,0,-1,neutral,negative,False,-1,1,15,3,adjacent_class_error,predicted_more_negative
12364,در ضمن به دلیل بهره‌گیری از لرزش‌گیر اپتیکال تصویر Power O.,0,1,neutral,positive,False,1,1,59,11,adjacent_class_error,predicted_more_positive
2559,ولی پس از تجربه استفاده کاملا از حالت اتوماتش راضیم.,2,1,very_positive,positive,False,-1,1,52,10,adjacent_class_error,predicted_more_negative
7294,همچنین یکی از جالب ترین ویژگی ها، Touch to Focus است.,0,1,neutral,positive,False,1,1,53,11,adjacent_class_error,predicted_more_positive
11319,"مودهای عکاسی غیر خلاقانه یا مبتدی شامل Flash Off, Portrait, Landscape, Sports, Night Portrait و مودی که همواره آن را بر روی یک DSLR بی معنی می‌دانستیم یعنی Close Up می‌شوند.",0,1,neutral,positive,False,1,1,173,31,adjacent_class_error,predicted_more_positive
8727,گوشیه خوبیه تو این رنج قیمت با اون دوربینو سیستم عاملش که واقعا در این حد عالیه,1,2,positive,very_positive,False,1,1,79,17,adjacent_class_error,predicted_more_positive
5720,چه با آن به تماشای فیلم بنشینید و چه به مرورگری وب بپردازید نمایشگر 4.3 اینچی Galaxy S II شما را به این فکر می‌اندازد که احتمالا بهترین نمایشگر موجود بر روی تلفن های همراه تا به این تاریخ است.,2,1,very_positive,positive,False,-1,1,192,40,adjacent_class_error,predicted_more_negative
6321,به نظر من xperia ها مخصوصا SONY از اینا بهتره مخصوصا sony xperia S.,1,0,positive,neutral,False,-1,1,67,14,adjacent_class_error,predicted_more_negative
2322,این را نیز بگوییم که SZ-14 توانایی عکاسی 3D یا سه بعدی را دارد.,1,0,positive,neutral,False,-1,1,63,14,adjacent_class_error,predicted_more_negative
1864,"""سپاس""",0,1,neutral,positive,False,1,1,6,1,adjacent_class_error,predicted_more_positive
7404,لپ تاپ خیلی خوبیه ایراد خاصی ندارد .,1,-1,positive,negative,False,-2,2,36,8,distant_class_error,predicted_more_negative
9549,در مقایسه با ایفون 4S که ۸۰۰ مگاهرتزی است این پردازنده دارای قدرت پردازش دو برابر بیشتر است.,1,0,positive,neutral,False,-1,1,92,18,adjacent_class_error,predicted_more_negative
8314,از این بابت جلوی سامسونگ کم میاره و این خیلی بده.,-1,-2,negative,very_negative,False,-1,1,49,11,adjacent_class_error,predicted_more_negative
8013,ولی اگر میخواهید دوربینی بخرید که مدت ها از خرید دوربین بی نیاز بشید این دوربین رو توصیه می کنم.,2,1,very_positive,positive,False,-1,1,96,20,adjacent_class_error,predicted_more_negative
5886,رم 16 ترنسند کلاس 10 روشه که از رو اونم بی هیچ لگی فیلم 1080 6 گیگی اجرا کرده برام.,1,2,positive,very_positive,False,1,1,83,20,adjacent_class_error,predicted_more_positive
404,ایزو 1600 مقدار بیشتری نویز و کاسته شدن از غلظت رنگ‌ها را نشان می‌دهد ولی عکس‌ها همچنان کاملا قابل استفاده هستند.,1,-1,positive,negative,False,-2,2,113,21,distant_class_error,predicted_more_negative
513,شاید عامل این سقوط قبول نکردن اندروید توسط نوکیا است.,0,-1,neutral,negative,False,-1,1,53,10,adjacent_class_error,predicted_more_negative
3714,نسبت به قیمتش گوشی خیلی خوبیه ،  سرعت خیلی خوب  تاچ عالی داره جی پی اسش هم خیلی خوب و کارآمده تنها ضعفش دوربینشه که لنزش ثابته و عکس هاش کیفیت خوبی نداره باطریش هم خوبه سبک و خوش‌دسته در کل ارزش خریدش رو از 10 من 8 میدم(2نمره رو هم به خاطر دوربینش ازش کم میکنم),2,1,very_positive,positive,False,-1,1,261,57,adjacent_class_error,predicted_more_negative
2582,در مورد دوربین هم بسیار با کیفیت ساخته شده و در بدنه مشکل نیست فقط صفحه نمایش کیفیت پایینی دارد.,1,2,positive,very_positive,False,1,1,96,20,adjacent_class_error,predicted_more_positive
10936,4- قلمش هم واقعا نعمتی هست.,1,2,positive,very_positive,False,1,1,27,6,adjacent_class_error,predicted_more_positive
11294,"نمایشگر با کیفیت 1,040,000 نقطه چندان متفاوت از نمایشگر 920,000 نقطه‌ای دوربین قدیمی‌تر 500D به نظر نمی‌رسد ولی نسبت تصویر 4:3 آن دقیقا معادل نسبت تصویر سنسور است و بنابراین عکس‌ها کاملا در آن جای می‌گیرند تا دیگر نوارهای سیاه در قسمت بالا و پایین تصویر بوجود نیاید.",0,-1,neutral,negative,False,-1,1,266,48,adjacent_class_error,predicted_more_negative
12113,JVC GZ-MG335، در رنگ های قرمز، مشکی و نقره ای، تولید می گردد.,0,1,neutral,positive,False,1,1,61,13,adjacent_class_error,predicted_more_positive
9457,عالییه حتما یکی میخرم.,2,0,very_positive,neutral,False,-2,2,22,4,distant_class_error,predicted_more_negative
9455,نخرین از دسش دادین !,2,1,very_positive,positive,False,-1,1,20,5,adjacent_class_error,predicted_more_negative
3224,کیفیت ساخت خوب Asus با همکاری Google2.,1,2,positive,very_positive,False,1,1,38,7,adjacent_class_error,predicted_more_positive
11928,انتخاب بین خرید xperia و padfon واقعا کاره سختی شده.,1,0,positive,neutral,False,-1,1,52,10,adjacent_class_error,predicted_more_negative
9511,امیر من در این گوشی فقط این عیب هارو دیدم که تقریبا همه جا بهش اشاره شده من تحقیق کردم و فهمیدم که با پنس های مخصوص میشه نانو سیم کارت درست کرد(با سیم کارت معمولی) من می خواهم xperia v بخرم، چیزی که ایفون نداره ولی v داره مثل ip57 (ضد آب) 4g (نسل 4 باند های ارتباطی که بعضی جاها نوشته ایفون هم 4gداره)وnfc.,-2,0,very_negative,neutral,False,2,2,306,66,distant_class_error,predicted_more_positive
9583,به نظر من هیچ پیشرفت مهمی نداشته,-2,-1,very_negative,negative,False,1,1,32,7,adjacent_class_error,predicted_more_positive
2114,برای نصب نرم افزار هر چیزی بخوای نصب کنی باید از فیلتر اپل رد بشه یعنی از سایت اپل با نرم افزار iTunes امکان نصبش رو داری برای نصب برنامه باید اکانت iTunes رو بگیری.,0,-1,neutral,negative,False,-1,1,165,35,adjacent_class_error,predicted_more_negative
2803,این دوربین توانایی فیلم برداری 720p HD با سرعت 30 فریم بر ثانیه را هم دارد.,1,0,positive,neutral,False,-1,1,75,16,adjacent_class_error,predicted_more_negative
10204,این گوشی تو این رنج قیمت بهترینه,1,2,positive,very_positive,False,1,1,32,7,adjacent_class_error,predicted_more_positive
1582,برنامه S Planner همان‌طور که از اسم آن می‌توان متوجه شد یک برنامه تقویم بسیار کارآمد است که به شما در برنامه ریزی‌هایتان کمک شایانی می‌نماید.,2,1,very_positive,positive,False,-1,1,141,26,adjacent_class_error,predicted_more_negative
6567,از دیگر موارد لازم به ذکر، وجود یک نوار شبیه به نوارNotification در سمت راست پایین صفحه نمایش است که می‌توان از داخل آن به راحتی به بلوتوث و دیگر ملزومات تبلت دسترسی داشت.,1,0,positive,neutral,False,-1,1,171,34,adjacent_class_error,predicted_more_negative
11028,فوتو شاپ لمسی هم که همه جوره جای بحث نداره.,1,-1,positive,negative,False,-2,2,43,10,distant_class_error,predicted_more_negative
9754,این دوربین برای افتادن از فاصله‌ی حدود 80 سانتی متری ضد ضربه و تا عمق حدود 3 متری هم ضد آب می‌باشد.,0,1,neutral,positive,False,1,1,99,22,adjacent_class_error,predicted_more_positive
2862,از دیگر قابلیت‌های دوربین این گوشی می‌توان به قابلیت تشخیص چهره و لبخند، عکاسی پانوراما، عکاسی پیاپی و ثبت موقعیت مکانی و زمانی اشاره نمود.,0,1,neutral,positive,False,1,1,139,25,adjacent_class_error,predicted_more_positive
12762,به هر صورت ممکن است از این امکان هم خوشتان بیاید.,1,-1,positive,negative,False,-2,2,49,11,distant_class_error,predicted_more_negative
3174,تبلت Nexus 7 خیلی از این تبلت بهتره هم پردازنده 4 هسته ایش و هم صفحه ی نمایش با کیفیت تری داره.,1,2,positive,very_positive,False,1,1,95,22,adjacent_class_error,predicted_more_positive
1716,قابلیت دیگری که با آن اضافه شده است قابلیت عکاسی پانوراماست که به شما این امکان را می‌دهد که عکس‌هایی با کیفیت 28 مگاپیکسل نیز ثبت نمایید.,0,1,neutral,positive,False,1,1,138,27,adjacent_class_error,predicted_more_positive
4536,این گوشی را می توان از نظر کیفیت تصویر و کیفیت عکاسی تحسین کرد.,1,0,positive,neutral,False,-1,1,63,14,adjacent_class_error,predicted_more_negative
8567,به نظر من برای کسی که میخواد تا این قیمت هزینه کنه گوشیه عالی هست.,1,2,positive,very_positive,False,1,1,66,15,adjacent_class_error,predicted_more_positive
8609,در کل باید بگم دی جی کالا واقعا سایت عالی هست که به ماحق انتخاب با مقدار پول دلخواهو میده.,1,2,positive,very_positive,False,1,1,90,20,adjacent_class_error,predicted_more_positive
7161,به نظر من معرکس با این هزینه آیفن 5 میشه گرفت ولی این محصول هم گوشی داره هم تبلت یعنی گوشیش هم در حد آیفن 5 پس ارزش خریدن داره از لحاظ زیبایی هم که نظیر نداره,2,1,very_positive,positive,False,-1,1,158,37,adjacent_class_error,predicted_more_negative
7684,واقعا به نسبت قیمتش تبلت عالیه.,1,2,positive,very_positive,False,1,1,31,6,adjacent_class_error,predicted_more_positive
12790,اگه از من می پرسید میگم تو دنیا رو دست این گوشی وجود نداره,1,0,positive,neutral,False,-1,1,58,14,adjacent_class_error,predicted_more_negative
5839,من حدود یک ساله دارمش و واقعا ازش راضی هستم.,1,2,positive,very_positive,False,1,1,44,10,adjacent_class_error,predicted_more_positive
8331,می‌توان به راحتی گفت که دوربین 8 مگا پیکسلی موجود بر روی HTC One X یکی از بهترین دوربین‌های موجود بر روی گوشی‌های هوشمند تا به این تاریخ است.,2,1,very_positive,positive,False,-1,1,141,29,adjacent_class_error,predicted_more_negative
13076,هرچند که آنتن گیرنده ی آن واقعا در جای نامناسبی قرار گرفته است.,-1,2,negative,very_positive,False,3,3,63,13,distant_class_error,predicted_more_positive
8809,باتریباتری 2460 میلی آمپری به کار رفته بر روی این گوشی ما را واقعا خوشحال نمود.,1,0,positive,neutral,False,-1,1,79,16,adjacent_class_error,predicted_more_negative
1326,با زدن دکمه ی Voice Over که روی آیپاد شافل قرار دارد می توانید عنوان یا جزئیات آهنگی که در حال پخش است را بشنوید و همچنین زمانی که باتری شما در حال تمام شدن است؛ به شما اخطار می دهد.,0,1,neutral,positive,False,1,1,182,41,adjacent_class_error,predicted_more_positive
12758,احتمالا بر روی محصول نهایی عرضه شده این مشکلات رفع می‌شوند.,1,0,positive,neutral,False,-1,1,59,11,adjacent_class_error,predicted_more_negative
1462,کافی است که آن را به سوی سوژه نشانه بروید و دکمه‌ی شاتر را بفشارید تا به صورت خودکار همه‌ی تنظیمات بر روی بهترین حالت قرار گیرد و با کیفیت ترین عکس گرفته شود.,1,2,positive,very_positive,False,1,1,158,34,adjacent_class_error,predicted_more_positive
11401,قدرت پردازش گوشی حرف نداره و هیچ جا کم نخواهید داشت .,2,1,very_positive,positive,False,-1,1,53,12,adjacent_class_error,predicted_more_negative
8262,به هیچ عنوان دستگیره نیز بر روی آن جای سازی نشده است تا در هنگام در دست گرفتن دوربین در حقیقت کل بدنه را در دست گرفته باشید.,0,-1,neutral,negative,False,-1,1,124,28,adjacent_class_error,predicted_more_negative
12312,میتونی روش حساب کنی تو عکاسی از نظر کیفیت خوبه فقط یه کم ابعاد عکس مربع مانند 3456×4608 که کل مانیتور رو نمیگیره و بعدا خودت باید تنظیم کنی وزن سبکی هم داره باطریش اگه میشد مثل کانون بیرون از دوربین شارژ میشد خیلی خوب بود یه مقدار زومش کمه ولی میشه باهاش کنار اومد,1,-1,positive,negative,False,-2,2,264,55,distant_class_error,predicted_more_negative
2533,بدین ترتیب که با توانایی زوم 24 برابر این لنز در رده ی پایین تر سوپرزوم ها قرار می گیرد.,-1,1,negative,positive,False,2,2,88,20,distant_class_error,predicted_more_positive
12817,اکتیویتور همراه ویندوز نیز به صورت دائمی بوده و تمام قسمت‌های ویندوز به وسیله آن فعال می‌شود.,1,0,positive,neutral,False,-1,1,93,17,adjacent_class_error,predicted_more_negative
4324,زود باشید تا دیر نشده.,0,-1,neutral,negative,False,-1,1,22,5,adjacent_class_error,predicted_more_negative
8648,دو هسته ایه بنظرم عالیه .,1,2,positive,very_positive,False,1,1,25,6,adjacent_class_error,predicted_more_positive
9232,پیچ تنظیم مودهای عکاسی هم دستخوش تغییراتی شده و اکنون دیگر شاهد آن مود دوست داشتنی A-DEP نیستیم.,-1,1,negative,positive,False,2,2,96,18,distant_class_error,predicted_more_positive
4532,"برخی از افراد ترجیح میدن یک گوشی با امکانات روز در ابعاد کوچک در عین حال زیبا برای استفاده روز مره داشته باشند به نظر من اکسپریا ری به دلایل زیر یک پیشنهاد ایده آل میتونه باشه:1- قابلیت ارتقا به جدید ترین ورژن از اندروید 42- صفحه نمایش بسیار با کیفیت با نمایش 300 پیکسل در یک اینچ که با دید انسان برابری می کند ( لازم به بیان هست که چشم ما 325 پیکسل در اینچ هست و این یعنی تکنولوژی سونی)3- کیفیت دوربین 8 مگاپیکسل با سنسور exmor r cmos که در دوربین های حرفه ای مورد استفاده قرار میگیره قابلیت تصویر برداری سه بعدی و نمایش آن و همچنین تصویر برداری پانوراما با همراهی فلش قوی led که پیشنهاد میشه در هنگام فلش زدن به دلیل قدرت بالا بهش نگاه نکنین که کوری زمانی میاره4- دوربین دوم با کیفیت 2 مگاپیکسل برای مکالمه تصویری5- کیفیت فیلم برداری hd 6- بدنه باریک و زیبا با ضخامت 9.4 mm و وزن 100g7- بالا ترین رزولوشن 845*480 به همراه موتور براویا سونی8- پردازنده قوی9- صفحه نمایش مولتی تاچ و کنترل لمسی حساس و حسگر شتاب سنج و مجاورت سنج، 10- صفحه نمایش ۳٫۳ اینچ لمسی با وضوح بسیار بالا و تفکیک ۱۶ میلیون رنگ11- مسیر یاب جی پی اس، ثبت موقعیت جغرافیایی به همراه تصویر، 12- ۳۰۰ مگابایت حافظه داخلی 13- شبکه بیسیم، رادیوی اف ام استریو، بلوتوث استریو14- پشتیبانی از گیم های hd و سنگین15- صفحه ضدخش، نسل ۳٫۵، پردازنده یک گیگاهرتز، قابلیت افزایش کارت حافظه16- پخش موسیقی MP4 (AAC), MP3, M4A, 3GPP, AMR, AMR-WB, WAV, RealAudio, iMelody, XMF, WMA 917- پخش فیلم MP4, 3GPP (H.",2,0,very_positive,neutral,False,-2,2,1355,267,distant_class_error,predicted_more_negative
1211,حال قابلیت دوم قلم به کمک شما می‌آید و نقش یک میکروفن-هدفون را برای شما ایفا می‌نماید.,0,1,neutral,positive,False,1,1,86,17,adjacent_class_error,predicted_more_positive
1802,سلام به همه دوستان اپل باز من از ایفون 2g تا ایفون 5 را گرفتم از تمام انها هم راضی هستم، بنظر من ایفون 5 را که تهیه میکنید دیگر به لپ تاپ هم نیاز پیدا نمیکنید.,1,2,positive,very_positive,False,1,1,159,37,adjacent_class_error,predicted_more_positive
10089,اما باید در نظر داشته باشید که Sleekbook قیمتی کمتر از نصف قیمت آلترابوک ها دارد!,1,0,positive,neutral,False,-1,1,81,16,adjacent_class_error,predicted_more_negative
7044,همچنین Adreno 320 در مقابل Mali T604 حرفی برای گفتن نداره.,1,-1,positive,negative,False,-2,2,58,11,distant_class_error,predicted_more_negative
9159,به لطف وجود سیستم عامل اندروید، امکان شخصی سازی صفحات، اضافه کردن ویجت ها، تغییر تصاویر پس زمینه و..,1,0,positive,neutral,False,-1,1,100,19,adjacent_class_error,predicted_more_negative
7078,البته می‌توان ادعا نمود که این گوشی حتی اولین گوشی است که رزولوشن صفحه نمایش آن FullHD است و در روزهای پایانی سال 2012 میلادی معرفی گردید.,1,0,positive,neutral,False,-1,1,138,27,adjacent_class_error,predicted_more_negative
4927,خیلی هم ازش راضی هستم.,2,1,very_positive,positive,False,-1,1,22,5,adjacent_class_error,predicted_more_negative
4171,فقط مواظب باشین از بازار علادین تهران نخرید، براتون خیلی گرونتر درمیاد.,-1,0,negative,neutral,False,1,1,71,12,adjacent_class_error,predicted_more_positive
5300,در این نسخه از اندروید بهینه سازی‌های فراوانی صورت گرفته است و سرعت عملکرد رابط کاربری آن به لطف پروژه کره (Project Butter) نسبت به نسخه های قبلی بسیار بیشتر شده است.,1,2,positive,very_positive,False,1,1,166,32,adjacent_class_error,predicted_more_positive
1694,بر اساس اعلام کمپانی اپل، Siri به حدی هوشمند شده که می‌تواند بر اساس محلی که شما در آن قرار دارید، مکان‌های تفریحی نیز به شما پیشنهاد دهد!,1,0,positive,neutral,False,-1,1,138,28,adjacent_class_error,predicted_more_negative
12154,با این حال اگر دست بزرگی نداشته باشید واقعا در دست گرفتن این دوربین سخت نیست چرا که دستگیره ی نصفه و نیمه ولی خوبی دارد.,1,-1,positive,negative,False,-2,2,120,26,distant_class_error,predicted_more_negative
9996,ولی اگر اکنون صاحب یک iPhone 4 لزومی ندارد که به iPhone 4s آپگرید شوید.,0,1,neutral,positive,False,1,1,71,15,adjacent_class_error,predicted_more_positive
1161,وزنش 220g رابط اتصالش USB 3.0 که سرعتش عالیه.,2,1,very_positive,positive,False,-1,1,45,9,adjacent_class_error,predicted_more_negative
650,لپ تاپ خوبیه,1,-1,positive,negative,False,-2,2,12,3,distant_class_error,predicted_more_negative
7202,به نظر من باید طوری طراحیش میکردن که تبلتش نیاز کمتری به گوشی داشت نه اینکه صددرصد به گوشی محتاج باشه.,-2,1,very_negative,positive,False,3,3,102,21,distant_class_error,predicted_more_positive
7315,سرعت خیلی پایینی داره.,-2,2,very_negative,very_positive,False,4,4,22,4,distant_class_error,predicted_more_positive
12088,برق مصرفی آن نیز برق شهر است.,0,1,neutral,positive,False,1,1,29,7,adjacent_class_error,predicted_more_positive
5603,کنتراست عکس‌ها نیز به نظرمان بیش از حد بالا است.,-1,0,negative,neutral,False,1,1,48,10,adjacent_class_error,predicted_more_positive
1362,دقت صفحه نمایش این گوشی 960x640 بود که تراکم پیکسلی بسیار بالای 315ppi را ارائه می‌کرد.,0,2,neutral,very_positive,False,2,2,87,16,distant_class_error,predicted_more_positive
10246,حدود1ماهه برا خانومم خریدمش-گوشی خوبیه ولی کیفیت صفحه‌نمایشش خیلی خوب نیست حافظه داخلی کمه ولی سرعت گوشی قابل‌قبوله در ضمن تاچش هم خیلی حساس نیست و روان کار نمیکنه اما کیفیت عکساش عالیه راحت وباکیفیت میشه چاپش کردوصداش هم که دیگه معرکست برا کسایی که به موسیقی خیلی علاقه دارن توصیه میشه .,1,2,positive,very_positive,False,1,1,288,53,adjacent_class_error,predicted_more_positive
5580,کنتراست تصویر و رنگ‌ها خیلی خوب هستند ولی رزولوشن پایین ممکن است مقداری خوش آیند کاربر نباشد.,1,-1,positive,negative,False,-2,2,93,17,distant_class_error,predicted_more_negative
9691,آیفون 5 شروعی برای سقوط اپل؛ به نظر من برای شرکت خلاق و نوآوری مثل اپل ارائه این گوشی یک قدم به عقب بود تا رو به جلو برعکس گوشی های جدید خانواده گالکسی سامسونگ S3 & Note2 این گوشی هیچ چیز جدیدی برای ارائه نداشت.,-2,-1,very_negative,negative,False,1,1,211,46,adjacent_class_error,predicted_more_positive
9789,دوربین دارای طراحی و زیبایی خاصی است.,1,0,positive,neutral,False,-1,1,37,7,adjacent_class_error,predicted_more_negative
4845,من ایکس باکس الایت دارم حرف نداره به نظر من ارزش خریدنشو داره,1,2,positive,very_positive,False,1,1,61,13,adjacent_class_error,predicted_more_positive
2281,الان اسمارت فونها به جایی رسیدن که قدرتهای سخت افزاری بسیار مشابه هم عمل میکنن در نتیجه مقوله مقایسه پردازنده و رم و بنجمارک ها رو کنار بذارین!,0,2,neutral,very_positive,False,2,2,143,28,distant_class_error,predicted_more_positive
7782,قطر آن هم که چیزی در حد یک شگفتی است، چرا که حدود 3 میلی متر از هر دوی آن‌ها باریک‌تر است.,2,0,very_positive,neutral,False,-2,2,90,22,distant_class_error,predicted_more_negative
8883,دوربین f600 شرکت فوجی فیلم با قیمت کم تر کلی امکانات واسه دوربین گذاشته مثل پانورما و پانورمای 360 درجه-GPS با چندین مکان سیو شده و کلی مد های زیبا وکارامد.,0,1,neutral,positive,False,1,1,156,31,adjacent_class_error,predicted_more_positive
8722,البته خودم رفتم از پست تحویل گرفتم و گرنه معلوم نبود که کی می آوردند.,1,0,positive,neutral,False,-1,1,69,15,adjacent_class_error,predicted_more_negative
10908,از دیجی کالا بابت توضیحات جامع در این مورد ممنونم,1,0,positive,neutral,False,-1,1,49,10,adjacent_class_error,predicted_more_negative
6364,یکی از بهبودهای رخ داده در این صفحه نمایش این است که در نمایشگر گوشی‌های پیشین، رنگ‌ها غلظتی بیش از حد داشتند.,-1,1,negative,positive,False,2,2,110,22,distant_class_error,predicted_more_positive
8328,One X همانند گوشی‌های Sensation XE و Sensation XL، از سیستم صوتی Beats Audio بهره می‌برد ولی بر خلاف گوشی‌های قبلی، شما می‌توانید در One X در تمام برنامه‌ها و بازی‌ها از این امکان بهره ببرید.,1,0,positive,neutral,False,-1,1,191,36,adjacent_class_error,predicted_more_negative
6136,به نظر من درسته از لحاظ سخت افزاری XBOX 360 Slim از PS3 Slim کمی ضعیفتره، اما باید توجه داشته باشیم که برای کشش گرافیکی و اجرای بهتر بازی ها XBOX حدود 512 مگابایت در اختیار گرافیک و پخش تصویری بازی ها قرار میده ولی PS3 حدود 256 مگابایت.,0,1,neutral,positive,False,1,1,236,49,adjacent_class_error,predicted_more_positive
1446,بنابراین شما می‌توانید دوربین را هم از طریق نمایشگر، و هم از طریق دکمه های فیزیکی کنترل کنید.,1,0,positive,neutral,False,-1,1,93,18,adjacent_class_error,predicted_more_negative
7485,برای دسترسی به دو تنظیم دستی که ذکر کردیم می‌بایست کاملا وارد سیستم منوها شوید و هرچند که منوها کاملا منطقی طراحی شده‌اند ولی به هر صورت زمانی برای جستجو احتیاج خواهید داشت.,-1,0,negative,neutral,False,1,1,173,33,adjacent_class_error,predicted_more_positive
7389,اگر می‌توانید از محدودیت‌ها و ضعف‌های جزئی گفته شده در این نقد و بررسی، چشم پوشی کنید، CQ58 یک خرید خوب و مقرون به صرفه می‌باشد.,1,0,positive,neutral,False,-1,1,128,26,adjacent_class_error,predicted_more_negative
10685,باتریش در حد متوسطه و با توجه به گوشی نمیشه گفت سونی از یک باتری قدرتمند استفاده کرده.,-1,1,negative,positive,False,2,2,86,18,distant_class_error,predicted_more_positive
1854,اول اینکه با وجود یکسان بودن تقریبی قیمت در خارج از ایران GS3 و I5 اینجا اختلاف چشمگیری دارن..,0,-1,neutral,negative,False,-1,1,94,19,adjacent_class_error,predicted_more_negative
750,وقتی لپ تاپ پلاگین هست، و بسته باشه ، اگه به آرامی دستی روش کشیده بشه یه حالت وجود برق احساس میشه .,0,-1,neutral,negative,False,-1,1,99,23,adjacent_class_error,predicted_more_negative
6900,هرجور بازی و برنامه ای که دلتون بخواد اجرامیکنه سرعت گوشی انقدر زیاده که تصورشم برای آدم مشکله.,2,1,very_positive,positive,False,-1,1,95,18,adjacent_class_error,predicted_more_negative
11386,حافظه داخلیش هم به نظر من کافی ، کسی که زیاد فیلم دوست داره نگاه کنه مشکل بر می خوره فقط یه نکته که لوازم جانبیش گیر نمی آد.,0,-1,neutral,negative,False,-1,1,124,29,adjacent_class_error,predicted_more_negative
5951,نخستین و مهم ترین آن‌ها مود عکاسی کاملا اتوماتیک intelligent Auto می‌باشد.,1,0,positive,neutral,False,-1,1,74,12,adjacent_class_error,predicted_more_negative
7515,اگه یه گرافیک یه گیگ داشت دیگه حرف نداشت !,-1,1,negative,positive,False,2,2,42,10,distant_class_error,predicted_more_positive
11812,قیمتش نسبت به امکاناتش خیلی کمه..,2,-1,very_positive,negative,False,-3,3,33,6,distant_class_error,predicted_more_negative
5591,سونی از اینترفیس خود بر روی آن استفاده کرده و نمی‌دانیم چرا این قدر سعی داشته که آن را به اندروید نسخه‌ی نان زنجبیلی شبیه کند!,-1,0,negative,neutral,False,1,1,126,26,adjacent_class_error,predicted_more_positive
3800,دوربین داخلی با قابلیت تشخیص چهره به شما اجازه می‌دهد تا بدون نیاز به تایپ کردن شناسه یا اسم رمز وارد Smart Hub یا سایر اشتراک‌های شخصی خود شوید.,0,1,neutral,positive,False,1,1,145,29,adjacent_class_error,predicted_more_positive
11894,از دیگر قابلیت‌های آن فوکوس لمسی می‌باشد، بدین ترتیب بر روی هر سوژه‌ای که خواستید فوکوس شود کافی است که از طریق نمایشگر بر روی آن لمس کنید.,1,0,positive,neutral,False,-1,1,139,28,adjacent_class_error,predicted_more_negative
10624,یه پیشنهاد میکنم به اونایی که این گوشیو دارن حتما آپدیت کنید(اندرید 4.1.2 با حجم حدودن 233از Update center) تا از مصرف باتری حدودن 2 برابر و بسیاری اشکالات که رفع شده و امکاناتی که اضافه شده از جمله قابلیت عکس برداری هنگام فیلم برداری چه دوربین جلو و چه دوربین عقبش، بهبود سرعت گوشی، دوربین خیلی خیلی بهتر از قبل شده، گوشی کمتر از قبل داغ می کند هنگام بازی های hdمثل mosvanted، و از همه بهتر افزایش کیفیت و صدای اسپیکر که خیلی عالی شده.,2,1,very_positive,positive,False,-1,1,436,87,adjacent_class_error,predicted_more_negative
1583,نکته بسیار مفید این برنامه قابلیت به روز رسانی آن با تقویم فیسبوکتان است که خیلی از مواردی که خودتان هم یادتان نباشد را به شما یاد آوری می‌کند.,1,2,positive,very_positive,False,1,1,143,29,adjacent_class_error,predicted_more_positive
6236,البته به واقع رزولوشن صفحه نیز در کارهای عادی روزمره به چشم نمی‌آید و قابل گذشت است.,1,0,positive,neutral,False,-1,1,84,17,adjacent_class_error,predicted_more_negative
12981,البته می توان گفت که کیفیت چاپ عکس نیز بی نقص نیست.,-1,1,negative,positive,False,2,2,51,12,distant_class_error,predicted_more_positive
6864,کیفیت ساخت.,0,2,neutral,very_positive,False,2,2,11,2,distant_class_error,predicted_more_positive
12521,از نظر ارتباطات بی‌سیم نیز این گوشی به 802.11n WiFi Radio، Quad-Band HSUPA و Bluetooth نسخه‌ی 2.1 مجهز شده است.,1,0,positive,neutral,False,-1,1,111,20,adjacent_class_error,predicted_more_negative
84,با گذاشتن دوربین بر روی این مود، کافیست که برای گرفتن عکس آن را به سوی سوژه نشانه بروید و دکمه‌ی شاتر را بفشارید تا دوربین خود نوع صحنه، شرایط نوری و دیگر موارد را بسنجد و تنظیمات را بر روی بهترین حالت قرار دهد تا با کیفیت‌ترین عکس بدست آید.,1,2,positive,very_positive,False,1,1,241,51,adjacent_class_error,predicted_more_positive
1835,نکته دوم به طرز ساخت و خط تولید این گوشی بر می گردد که فکر نکنم هیچ کمپانی در دنیا دارای یک همچین خط تولیدی باشد.,0,-1,neutral,negative,False,-1,1,113,26,adjacent_class_error,predicted_more_negative
9340,حساسیت آن نیز فقط تا 1600 بالا می رود که کاملا معمولیست.,0,1,neutral,positive,False,1,1,56,12,adjacent_class_error,predicted_more_positive
10452,و این که نسبت به قیمتش چیزی به جز این انتظار نمی ره,-1,1,negative,positive,False,2,2,51,13,distant_class_error,predicted_more_positive
12284,فیلم برداریش عالیه و کیفیت عکسش هم راضیتون میکنه.,2,1,very_positive,positive,False,-1,1,49,9,adjacent_class_error,predicted_more_negative
2373,سلام  گوشیه خوبی میتونه باشه اما نسبت به قیمتش نمی ارزه، خواهشا دوستان تعصبی قضاوت نکنین نگین که از گوشیه .,-1,1,negative,positive,False,2,2,107,21,distant_class_error,predicted_more_positive
10534,این سخت افزار، برای اجرای اکثر دستورات کاربر کافیست.,1,0,positive,neutral,False,-1,1,52,9,adjacent_class_error,predicted_more_negative
12977,در تست های کیفیت اما نتایج خوبی بدست آمد.,1,0,positive,neutral,False,-1,1,41,9,adjacent_class_error,predicted_more_negative
10390,سامسونگ و الجی همیشه بهترینن.,1,-1,positive,negative,False,-2,2,29,5,distant_class_error,predicted_more_negative
11498,به علاوه شیشه استفاده شده در قاب پشتی گوشی، استحکام بالایی در برابر ضربه نداشته و به همین دلیل کاربران Nexus 4 باید در نگهداری از آن بیشتر دقت کنند.,-1,0,negative,neutral,False,1,1,148,30,adjacent_class_error,predicted_more_positive
7810,همچنین یک دوربین 1.2 مگاپیکسلی برای مکالمات تصویری در قسمت جلویی آیپد مینی قرار دارد که کیفیت راضی کننده ای دارد.,1,2,positive,very_positive,False,1,1,113,21,adjacent_class_error,predicted_more_positive
1261,تو منوی اینفوی گوشی حافظه داخلی را زده 1.4گیگابایت و در دسترس را 1.3,0,1,neutral,positive,False,1,1,68,14,adjacent_class_error,predicted_more_positive
10439,کمینه‌ی سرعت شاتر این دوربین 8 ثانیه است که می‌تواند کمی برای عکاسی در شب کم باشد.,-1,1,negative,positive,False,2,2,82,17,distant_class_error,predicted_more_positive
2128,ایفون فایو یک سوپر اسمارتفون فوق العاده است تاچ بی نظیر صفحه نمایش عالی باتری مناسب سیستم عامل بسیار عالی امکانات فراوان که به زندگی معنایی دیگه می بخشه از همه مهم تر اعتبارش اما قبول کنید که حداقل نیمی از کاربرد هاش تو ایران بی فایده است به علاوه الآن تو ایران اندروید خیلی پیشرفت کرده و جایگزین جاوا شده حالا انتخاب با خودتان است اما به نظر شخصی من اس3 یا نوت 2 برای ما ایرانی ها بهتر است یا هر گوشی دیگری *یا نهایت احترام به اپلی ها*سپاس,1,2,positive,very_positive,False,1,1,440,91,adjacent_class_error,predicted_more_positive
4659,یه کم بد طراحی شده که با گذاشتن گوشی تو محافظ سیلیکنونی مشکلش حل میشه.,0,1,neutral,positive,False,1,1,70,15,adjacent_class_error,predicted_more_positive
4,به هر صورت معمولا چیزی که بیشتر کاربران از پرینتری پر کار در این سطح قیمت برای خانه و یا دفتر کار انتظار دارند، تولید پرینت های با کیفیت بالا، با سرعت زیاد و البته هزینه‌ی نگهداری پایین است.,2,-1,very_positive,negative,False,-3,3,190,39,distant_class_error,predicted_more_negative
581,دسته دوم مدل‌های حرفه ای تر هستند که از کارت گرافیک مجزای AMD مدل HD 7650M استفاده می‌کنند که قدرت پردازشی بسیار بالایی دارد.,0,2,neutral,very_positive,False,2,2,125,24,distant_class_error,predicted_more_positive
2993,فکر می کنم بهترین تبلت تو دنیا باشه.,1,2,positive,very_positive,False,1,1,36,8,adjacent_class_error,predicted_more_positive
6487,چه شانسی آوردم خریدم I love U digi kala,1,0,positive,neutral,False,-1,1,39,9,adjacent_class_error,predicted_more_negative
8051,"این دوربین هم از مودهای عکاسی کاملا حرفه‌ای P, A, S, M که امکان کنترل دستی نوردهی و دیگر پارامترهای عکاسی را به شما می‌دهند و برای عکاسان حرفه‌ای‌تر یا کسانی که می‌خواهند خلاقانه‌تر عکاسی کنند لازم است، بهره می‌برد.",2,1,very_positive,positive,False,-1,1,215,40,adjacent_class_error,predicted_more_negative
3924,به نظر من نداشتن کفشک فلاش نقص برای کاربران معمولی و کاربران نیمه حرفه ای نیست.,1,-1,positive,negative,False,-2,2,79,16,distant_class_error,predicted_more_negative
1555,البته تراکم پیکسلی 189ppi آن در مقایسه با تبلت های برتر دنیا مقداری پایین‌تر است و جزو بهترین‌ها نیست.,-1,1,negative,positive,False,2,2,102,19,distant_class_error,predicted_more_positive
9271,نمایشگر دقیقا همان ابعاد و رزولوشن مدل پیشین را دارد و به همان صورت از نوع چرخنده می باشد.,1,0,positive,neutral,False,-1,1,90,19,adjacent_class_error,predicted_more_negative
5135,در بدو ورود اولین xbox های 360 به بازار ایران همگام و هم زمان با سراسر دنیا و در غیاب رقیبی چون ps3 برای آن چشمهای زیادی محو تازگی و نو آوری های بکار رفته در آن بویژه دسته های بیسیم آن بود بدون اینکه صحبتی از اصطلاح سه چراغه و سرعت لود درایو دستگاه مطرح باشد تا اینکه کم کم چشم کاربر ایرانی دستگاه به سه چراغ قرمز رنگ بجای چراغ سبز پاور دستگاه روشن شد و همه چیزی که برای کاربر باقی می ماند جعبه ای سفید رنگ بود با نشان xbox که کار خاصی را انجام نمی داد!,1,0,positive,neutral,False,-1,1,453,101,adjacent_class_error,predicted_more_negative
9479,برای مثال لرزش گیر تصویر اپتیکال عملکرد خیلی خوبی دارد.,1,2,positive,very_positive,False,1,1,55,10,adjacent_class_error,predicted_more_positive
12190,در ضمن M در رده ی بدون آینه با لنز قابل تعویض شیبه به SLR ها نبود و از نوع Range Finder است.,0,1,neutral,positive,False,1,1,92,23,adjacent_class_error,predicted_more_positive
5319,و این یعنی دردسر,-1,0,negative,neutral,False,1,1,16,4,adjacent_class_error,predicted_more_positive
3124,از فلش به طور کامل پشتیبانی می‌شود و حتی صفحات اینترنتی سنگین نیز به راحتی و به سرعت باز می شوند.,2,1,very_positive,positive,False,-1,1,97,21,adjacent_class_error,predicted_more_negative
9286,همراه با 650D، کانن دو لنز جدید را معرفی کرده که هر دو از موتورهای فوکوس خودکار Linear stepper استفاده می کنند.,1,0,positive,neutral,False,-1,1,111,22,adjacent_class_error,predicted_more_negative
5964,این لنز در حالت واید 25 میلی متر به راحتی توانایی پوشش میدان دیدی بسیار گسترده را دارد تا بتوانید در یک کادر عکس یک چشم انداز گسترده‌ی طبیعی را بگیرید.,1,2,positive,very_positive,False,1,1,151,31,adjacent_class_error,predicted_more_positive
12809,پک عالیه من نسخه 13 رو گرفتم مفید بود.,1,2,positive,very_positive,False,1,1,38,9,adjacent_class_error,predicted_more_positive
5928,البته سونی سال پیش مدل HX100v را معرفی کرده بود ولی آن دوربین را می‌شد دوربین حرفه‌ای تری دانست که هرچند همچنان آن را جزو کامپکت‌های سوپرزوم قرار دادیم (و همچنین HX200v)، ولی در حقیقت با دستگیره‌ی بزرگ و امکانات خاص دیگری که دارد، در کلاس دیگری قرار می‌گیرد و قیمت کاملا بالاتری نیز دارد.,0,1,neutral,positive,False,1,1,288,55,adjacent_class_error,predicted_more_positive
2435,همینطور با یه Update به 4.1 Upgrade نمیشه برای اینکه مشکلی پیش نیاد توی 3 - 4 Update Upgrade میشه.2 گیگا بایت رم هم باعث میشه شما بتونین به راحتی از قابلیت Multi Tasking استفاده کنین.,0,1,neutral,positive,False,1,1,183,36,adjacent_class_error,predicted_more_positive
12815,NetFramework 3.5 به صورت پیش‌فرض برروی ویندوز ۸ است که این مشکل نیز با اضافه کردن نسخه ۲ تا ۳.,0,1,neutral,positive,False,1,1,94,20,adjacent_class_error,predicted_more_positive
5440,منی که همش بازی میکنم به دلیل کمبود حجم مموری نتونستم most wanted که 2 گیگ حجم داره رو نصب کنم ---------------------------------------------------------------------------------- کاش LG OPTIMUS 4X HD میخریدم دقیقا با همین مشخصات هم ارزونتر بود هم خوش‌دست‌تر فقط صفحه نمایش کمی کوچکتر داره اما وضوح تصویرشون یکی هست,0,-1,neutral,negative,False,-1,1,313,48,adjacent_class_error,predicted_more_negative
6071,این موضوع در هنگام پرینت عکس بسیار قابل مقایسه است.,0,2,neutral,very_positive,False,2,2,51,10,distant_class_error,predicted_more_positive
11424,چند ایراد مثل نداشتن درگاه کارت حافظه و محکم نبودن صفحه پشت گوشی ایراد های بزرگی برای این ابر گوشی نیست.,0,-1,neutral,negative,False,-1,1,104,21,adjacent_class_error,predicted_more_negative
9900,این گوشی با استفاده از سی پی یو دو هسته ای قدرتمند خود واقعآ جایی برای بحث نگذاشته است ( کارکرد روان بدون افت سرعت گوشی ) 2.,2,1,very_positive,positive,False,-1,1,124,28,adjacent_class_error,predicted_more_negative
7927,من این محصول را خریداری کردم کیفیت نمایشگر فوق‌العاده مطلوبی دارد.,1,2,positive,very_positive,False,1,1,66,11,adjacent_class_error,predicted_more_positive
4552,این گوشی همانطور که دی جی کالا در نقد خود گفته یکی از باریکترین و سبکترین گوشی های هوشمند است!,1,0,positive,neutral,False,-1,1,94,20,adjacent_class_error,predicted_more_negative
10920,شاید دلیل اجرا نکردن بعضی از بازی ها دیتای نامناسب و عدم سازگاری با اندروید 4 باشه.,0,-1,neutral,negative,False,-1,1,83,17,adjacent_class_error,predicted_more_negative
9116,قیمتش بالاست به نظرم فقط چون اسم htc روشه.,-1,1,negative,positive,False,2,2,42,9,distant_class_error,predicted_more_positive
11979,اما در عرض 40 دقیقه شارژ میشه.,1,0,positive,neutral,False,-1,1,30,7,adjacent_class_error,predicted_more_negative
2113,چون تو آمریکا ممنوعه دوم اینکه نرم افزار بخوای نصب کنی باید قفلش رو بشکنید (جیلبریک بشه).,0,-1,neutral,negative,False,-1,1,89,17,adjacent_class_error,predicted_more_negative
11521,Google Now و جستجوی صوتی Google نیز بهبودهای فراوانی یافته‌اند.,2,0,very_positive,neutral,False,-2,2,63,10,distant_class_error,predicted_more_negative
8335,گوشیه فوق العاده ایه اگه بشه میگیرمش همه چی تمومه فقط اگه آپدیت های اندروید براش بیاد مثل محصولات nexus همه چیش کنار فقط فیلم برداری 720p-60f/s واقعا فوق العاده ست,1,2,positive,very_positive,False,1,1,163,31,adjacent_class_error,predicted_more_positive
12996,در عین حال، لنز این دوربین با فیلترهای 46 میلی‌متری سازگار است.,1,0,positive,neutral,False,-1,1,63,12,adjacent_class_error,predicted_more_negative
386,همانند دیگر دوربین‌های هم رده، Ixus 240 HS هم دوربینی نشانه و عکس می‌باشد که اصولا در حالت اتوماتیک کار می‌کند.,0,1,neutral,positive,False,1,1,111,21,adjacent_class_error,predicted_more_positive
2000,به نظر من اپل دیگه دوره اش سر رسیده اگر قرار به خریدن گوشی با امکانات بالا باشه اس 3 انتخاب بهتری هست و اگر هم باز قرار به خرید سیستم عامل عالی باشه باز هم آندرید بهتره و اگر کیفیت صفحه نمایش باز هم اس 3 بهتره,-1,2,negative,very_positive,False,3,3,209,48,distant_class_error,predicted_more_positive
5268,البته قابل مقایسه با جی اس پد ایکس 8 نیست اما با اینحال بنظر می آید کمپانی جی اس پد بیشتر به فکر کیفیت محصولاتشه تا سایر کمپانی های چینی.,0,1,neutral,positive,False,1,1,137,30,adjacent_class_error,predicted_more_positive
3169,از دیجی کالا هم نهایت تشکر رو دارم که بهترین قیمت ها رو داره.,1,2,positive,very_positive,False,1,1,61,14,adjacent_class_error,predicted_more_positive
12892,ولی رو دوربینش اصلا حساب نکنید.,-2,-1,very_negative,negative,False,1,1,31,6,adjacent_class_error,predicted_more_positive
8484,یک دوربین دیگر با نام HDC-SD800 هم وجود دارد که فاقد چشمی الکترونیکی، جک هدفون و میکروفون است و فیلم های آن نیز فقط بر روی کارت حافظه‌ی SD/SDHC/SDXC ذخیره می‌شوند و حافظه‌ی داخلی ندارد.,-1,0,negative,neutral,False,1,1,185,35,adjacent_class_error,predicted_more_positive
2351,عالیه فقط همین,2,1,very_positive,positive,False,-1,1,14,3,adjacent_class_error,predicted_more_negative
9209,این دوربین نسبت به 600d ارزش خرید نداره مخصوصا در زمان های اولیه انتشار آن.,-1,1,negative,positive,False,2,2,75,15,distant_class_error,predicted_more_positive
4041,اغراق رنگ نسبت به مدل پیشین به طرز کاملا مشخصی کاهش پیدا کرده است.,1,2,positive,very_positive,False,1,1,66,14,adjacent_class_error,predicted_more_positive
1037,البته به نظر می‌آید که اگر آن را محکم به جایی بکوبید و یا در استفاده های نا ملایم ورزشی حتما جای ضربات وارده بر روی آن بماند، ولی هیچ گاه خراب نمی‌شود.,1,-1,positive,negative,False,-2,2,151,33,distant_class_error,predicted_more_negative
5998,با خیلی ها مقایسه کردم بهتر بود,1,-1,positive,negative,False,-2,2,31,7,distant_class_error,predicted_more_negative
6119,وزن Xbox 360 Slim نیز مقداری از Xbox 360 کمتر شده است.,1,0,positive,neutral,False,-1,1,54,12,adjacent_class_error,predicted_more_negative
9825,این تبلت با اتصال داک کیبورد آن، تبدیل به یک نت بوک می‌گردد !,0,1,neutral,positive,False,1,1,61,14,adjacent_class_error,predicted_more_positive
3718,یه ساله خریدم خیلی ضعیف است بازی هم که چی بگم هیچ کدوم رو باز نمیکنه,-2,0,very_negative,neutral,False,2,2,68,16,distant_class_error,predicted_more_positive
1155,آدم میترسه خراب بشه!,-1,0,negative,neutral,False,1,1,20,4,adjacent_class_error,predicted_more_positive
8789,همچنین یک پردازشگر گرافیکی Adreno 203 نیز برای اجرای بهتر پردازش‌های گرافیکی بر روی این گوشی قرار گرفته است.,0,1,neutral,positive,False,1,1,108,19,adjacent_class_error,predicted_more_positive
4903,شیره PS3 همه دروغ میگن!,-1,0,negative,neutral,False,1,1,23,5,adjacent_class_error,predicted_more_positive
9428,من میگم با این قیمت تکه من تو شهرستانم همین امروز فردا یکی میگیرم,1,0,positive,neutral,False,-1,1,65,14,adjacent_class_error,predicted_more_negative
10051,در بالای صفحه نمایش، یک وب کم TrueVision HD تعبیه شده است که می تواند با کیفیت 720p فیلمبرداری کند و در شرایط نوری مناسب، می توان تماس های تصویری با کیفیتی با آن برقرار کرد.,1,2,positive,very_positive,False,1,1,173,36,adjacent_class_error,predicted_more_positive
6640,خوشبختانه سنسور تصویر حساسیت بسیار زیادی به نور دارد و کمینه‌ی نوری 0.1 لوکس را می‌تواند ثبت کند.,2,1,very_positive,positive,False,-1,1,97,18,adjacent_class_error,predicted_more_negative
5680,برای نمونه پردازنده این تبلت نسبت به مدل سال گذشته بسیار قوی‌تر شده و هم اکنون می‌تواند ویدئوهای Full HD 1080p را به راحتی اجرا نماید.,2,1,very_positive,positive,False,-1,1,134,26,adjacent_class_error,predicted_more_negative
6680,من این دوربین رو چند وقته دارم و بسیار ازش راضی هستم.,1,2,positive,very_positive,False,1,1,53,12,adjacent_class_error,predicted_more_positive
2558,دوربین واقعا خوبیه، زمان سفارش این دوربین به خاطر نظر بعضی ازدوستان نسبت به عکسبرداری در حالت اتومات تردید داشتم.,2,1,very_positive,positive,False,-1,1,113,20,adjacent_class_error,predicted_more_negative
3017,من به شخصه به عنوان یک دانشجو از گلکسی نوت 10.1 بسیار راضی هستم.,0,2,neutral,very_positive,False,2,2,64,14,distant_class_error,predicted_more_positive
5419,در ضمن، با وجود 32 گیگابایت حافظه داخلی، این گوشی یک مالتی مدیا پلیر نیز می‌باشد که می‌توان برای گوشی دادن به موسیقی روی آن حساب نمود.,0,1,neutral,positive,False,1,1,134,27,adjacent_class_error,predicted_more_positive
9634,صفحه نمایش واقعا میبایست 0.5 اینچ فرق کنه.,-1,0,negative,neutral,False,1,1,42,8,adjacent_class_error,predicted_more_positive
6509,این هارد رو من چندروز پیش خریدم و جز خوبی چیزی نداره.,1,0,positive,neutral,False,-1,1,53,12,adjacent_class_error,predicted_more_negative
853,بنده خودم وقتی می بینم که تو گوشی ها یه مدل جدیدتر از اون یکی اومده، اولین فکری که میکنم اینه که خب حتما جدیده بهتره دیگه!,0,1,neutral,positive,False,1,1,122,27,adjacent_class_error,predicted_more_positive
6836,"همچنین درصورت عدم موجود بودن باتری در بازار، با یک شبیه سازی ساده ""پیل"" و هزینه نه چندان زیاد، مشکل خرابی و تعویض باتری نیز قابل حل است.",1,-1,positive,negative,False,-2,2,136,28,distant_class_error,predicted_more_negative
5184,در این 2 سال فقط در 2 مورد دستگاه هنگ کرد که با یک خاموش روشن کردن همه چیز به حالت عادی برگشت.,1,0,positive,neutral,False,-1,1,94,23,adjacent_class_error,predicted_more_negative
8652,ال جی تو این مورد عالی و کامل عمل کرده اگر فیلمبرداری full hd هم داشت دیگه بینظیر میشد,1,2,positive,very_positive,False,1,1,86,19,adjacent_class_error,predicted_more_positive
2647,به طوری که ماونت لنزی کاملا جدید و همچنین لنزهایی متفاوت برای آن ساخته شده اند.,1,0,positive,neutral,False,-1,1,79,16,adjacent_class_error,predicted_more_negative
8362,من فقط از یک چیزش ناراضی هستم..,-1,1,negative,positive,False,2,2,31,7,distant_class_error,predicted_more_positive
5335,عالی ولی ای کاش sms و camera هم داشت.,1,-1,positive,negative,False,-2,2,37,9,distant_class_error,predicted_more_negative
2638,طراحی خوب بدنه دوربین موقع دست گرفتن دوربین واقعا حس خوبی به ادم میده روی هم رفته نسبت به قیمتش خیلی عالیه نقطه ضعفش فقط اینه که مقدار باتری رو نشون نمیده فقط وقتی باطری خالی میشه آلارم میده و اینکه باید همیشه نسبت به محیط روشن یا تاریک تنظیماتش رو عوض کنی.,1,-1,positive,negative,False,-2,2,257,53,distant_class_error,predicted_more_negative
1585,با پشتیبانی این تبلت از تمامی تکنولوژی‌های اتصال به اینترنت مانند 3G ، Wi-Fi و .,0,1,neutral,positive,False,1,1,80,16,adjacent_class_error,predicted_more_positive
417,درسته منو فارسی نداره ولی حداقل میتونین مطمئن باشین که یه دوربین ساخت ژاپن خریدین نه ساخت چین.,1,0,positive,neutral,False,-1,1,94,18,adjacent_class_error,predicted_more_negative
5358,با توجه به موارد ذکر شده و تجربه شخصی ذکر شده امید می رود دوستانی که قصد خریداری این تبلت با توانایی اعجاب انگیز سخت افزاری را دارند با توجه به حجم مورد نیاز خود اقدام به خرید نمایند.,1,0,positive,neutral,False,-1,1,183,39,adjacent_class_error,predicted_more_negative
1404,برای مثال در حال حاضر مرورگر Google Chrome، صفحه Retina را پشتیبانی نمی‌کند و همین باعث می‌شود که نه تنها ظاهر رابط کاربری برنامه، بلکه متون نیز مات نشان داده شوند به طوری که ترجیح خواهید داد که از این برنامه تا موقعی که برای صفحه Retina به روز رسانی نشود، استفاده نکنید.,-1,1,negative,positive,False,2,2,271,53,distant_class_error,predicted_more_positive
2273,دیگه حتی نیازی به مقایسه این گوشی با گوشیای دیگه نیست چون هم رده ای هم نداره.,1,-1,positive,negative,False,-2,2,77,17,distant_class_error,predicted_more_negative
7026,چون پردازنده 4 هسته ای اون تا 2.5 گیگاهرتز و رم اون هم DDR3 هستش و USB 3 داره.,1,0,positive,neutral,False,-1,1,78,19,adjacent_class_error,predicted_more_negative
3199,از مزایای p3100 می توان به سرعت پردازش بالا، کیفیت تصویر واضح با رنگ های گیرا ، عملکرد سریع حسگرها، صدای واضح و با کیفیت، ذخیره ی باتری به مدت نسبتا طولانی، قابلیت نمایش فایل های آفیس و پشتیبانی کامل از زبان فارسی و فرمت های مختلف صوتی و تصویری اشاره نمود در کنار این مزیت های می توان به دوربین ضعیف، هنگ کردن در صورت استفاده ی بلند مدت، نداشتن رابط یو اس بی، عدم وجود رادیو و ابعاد کوچک تبلت که سبب می شود بعد از مدتی احساس خستگی بکنید اشاره کرد در یک جمع بندی می توان گفت که این تبلت برای افرادی که قصد مرور اینترنت به صورت روزانه، و کارهای روزمره را دارند توصیه می شود ، ولی اگر قصد شما از خرید تبلت بازی کردن یا دیدن فیلم هست بهتر است به تبلت هایی با صفحه نمایش بزرگتر فکر کنید در هر صورت این تبلت برای کسانی توصیه می شود که قابل حمل بودن تبلت برایشان از اهمیت ویژه ای برخوردار است .,0,1,neutral,positive,False,1,1,787,169,adjacent_class_error,predicted_more_positive
11597,نمایشگر نیز از نوع چرخنده است.,1,0,positive,neutral,False,-1,1,30,6,adjacent_class_error,predicted_more_negative
10883,یک ماهه این تبلت رو خریدم میشه گفت هیچ کاری رو بی پاسخ نمی ذاره بنده شغلم با اینترنت هستش و دانشجوی کامپیوترم و این تبلت تمام کارهای مرتبط با کامپیوتر و مخصوصا اینترنت رو برام انجام میده,2,1,very_positive,positive,False,-1,1,186,38,adjacent_class_error,predicted_more_negative
4256,تو خریدش شک نکنید,0,1,neutral,positive,False,1,1,17,4,adjacent_class_error,predicted_more_positive
6744,بسیار عالی و با‌کیفیت و بدون هیچ نقصی.,0,2,neutral,very_positive,False,2,2,38,8,distant_class_error,predicted_more_positive
10266,۳ اینچه ولی تفاوت قیمتش حدود۱۰۰است تازه لایوحافظه فلش ۲ روشه حافظه داخلی اش حدود۲برابر بیشتره فرمت های بیشتری میخونه کیفیت فیلم برداری اش HDاست دوربین دوم داره صفحه‌اش هم ضدخشه,1,0,positive,neutral,False,-1,1,176,31,adjacent_class_error,predicted_more_negative
7009,رم.,0,-1,neutral,negative,False,-1,1,3,1,adjacent_class_error,predicted_more_negative
8618,این گوشی از هر لحاظ برای من عالی بود برای خرید.,1,2,positive,very_positive,False,1,1,47,11,adjacent_class_error,predicted_more_positive
11571,یکی از بهترین مدلهای که قرار به زودی بیاد!,1,2,positive,very_positive,False,1,1,42,9,adjacent_class_error,predicted_more_positive
5539,و در بین این دو ورودی کابل Micro USB / شارژر قرارداده شده که دارای درب کشویی بسیار شکیل و جذابی هستش.,2,0,very_positive,neutral,False,-2,2,101,22,distant_class_error,predicted_more_negative
2595,و اگه داشته باشین به نسبت به قیمتش عالیه.,2,1,very_positive,positive,False,-1,1,41,9,adjacent_class_error,predicted_more_negative
1432,"البته در سری سال 2012 که شامل 6 دوربین A2300, A2400, A3400, A400, A810 و A1300 می‌شوند؛ پیشرفت های خیلی خوبی صورت گرفته تا ارزش بالایی در برابر قیمت خود داشته باشند.",1,2,positive,very_positive,False,1,1,165,32,adjacent_class_error,predicted_more_positive
167,این گوشی، دارای گواهی PlayStation است که مسلما توجه علاقه مندان به بازی ها را به خود جلب خواهد کرد و همچنین سخت افزاری که این گوشی را تغذیه می کند به قدری عالیست که کاربران را متحیر خواهد کرد.,1,2,positive,very_positive,False,1,1,192,40,adjacent_class_error,predicted_more_positive
3131,فیلم های گرفته شده با این تبلت جزئیات قابل قبولی را نشان داده و از کیفیت صوتی بسیار مناسبی برخوردارند.,2,1,very_positive,positive,False,-1,1,102,20,adjacent_class_error,predicted_more_negative
62,به هر صورت همانطور که گفتیم، ZS6 دوربین نسبتا ارزان قیمت خیلی خوبیست که امکانات خوب را در برابر قیمت مناسب ارائه می کند.,2,1,very_positive,positive,False,-1,1,120,24,adjacent_class_error,predicted_more_negative
10193,به طوریکه شما میتونید روی اون حتی برای بازی های اچ دی حساب کنید.,1,0,positive,neutral,False,-1,1,64,14,adjacent_class_error,predicted_more_negative
5010,قابلیت جالبی که در این نوع گیم پد وجود دارد، هماهنگی آن با تمام دستگاه‌های مجهز به USB و سیستم عامل ویندوز XPاست که این موضوع امکان استفاده از آن را روی کامپیوتر امکان پذیر می‌سازد.,1,0,positive,neutral,False,-1,1,181,36,adjacent_class_error,predicted_more_negative
9316,در حقیقت می‌توان به جرات گفت که کمتر تبلتی در بازار وجود که دوربینی به خوبی دوربین Stylistic داشته باشد.,2,1,very_positive,positive,False,-1,1,104,20,adjacent_class_error,predicted_more_negative
9577,نانو سیم علاوه بر کوچک تر بودن، نازک تر هم هستش.,0,1,neutral,positive,False,1,1,48,11,adjacent_class_error,predicted_more_positive
1243,حال به این مشخصات، داک تبدیل این گوشی به تبلت را نیز که اضافه نمایید، واقعا هیجان انگیز است.,1,2,positive,very_positive,False,1,1,92,19,adjacent_class_error,predicted_more_positive
2190,همیشه وقتی صحبت از تلفن همراه میشد یکه تازه این عرصه اپل بود.,1,-1,positive,negative,False,-2,2,61,13,distant_class_error,predicted_more_negative
5398,سخت افزار Optimus VU از سخت‌افزار قدرتمندی برخوردار است.,1,0,positive,neutral,False,-1,1,56,9,adjacent_class_error,predicted_more_negative
5424,از جمله این امکانات می‌توان به فوکوس اتوماتیک، ثبت محل عکس، تشخیص چهره و لبخند و لرزش گیر اشاره کرد.,0,1,neutral,positive,False,1,1,100,20,adjacent_class_error,predicted_more_positive
19,حتی اگر رزولوشن را به 1200 برسانید هم سرعت به 12 صفحه در دقیقه کاهش می‌یابد که باز هم سرعت خوبیست.,1,-1,positive,negative,False,-2,2,98,21,distant_class_error,predicted_more_negative
11150,از برنامه های کاربردی، فیلم ها، Skype، گشت و گذار در اینترنت و بسیاری قابلیت های دیگر لذت ببریددنیای جدید سرگرمی های خانگی شخصی را با Smart Hub بروزآوری شده سامسونگ و سه سرویس جدید کشف کنید.,0,1,neutral,positive,False,1,1,190,37,adjacent_class_error,predicted_more_positive
7771,هرچند که هسته و گرافیک و دوربینشو مثل آیپد 4 بالا نبردن.,-1,0,negative,neutral,False,1,1,56,12,adjacent_class_error,predicted_more_positive
12770,خوشبختانه عمل Pinch to Zoom کاملا سریع و روان صورت می‌گیرد.,2,1,very_positive,positive,False,-1,1,59,11,adjacent_class_error,predicted_more_negative
8304,2 تا بازی میریزی توش پر میشه!,-1,1,negative,positive,False,2,2,29,7,distant_class_error,predicted_more_positive
4261,با وجود پردازنده دو هسته ای که داره قیمتش مناسبه فقط باید امتحانشا تو ایران پس بده چون گوشی جدیده,1,0,positive,neutral,False,-1,1,97,20,adjacent_class_error,predicted_more_negative
1391,این کارت گرافیک، قدرتی همانند کارت‌های گرافیک رده بالای GeForce GTX 460M و GeForce GTX 560M دارد و به راحتی جوابگوی سنگین‌ترین وظایف گرافیکی حتی اجرای بازی‌های کامپیوتری نیز خواهد بود.,1,2,positive,very_positive,False,1,1,184,31,adjacent_class_error,predicted_more_positive
11312,Toy Camera یک اثر Vignetting به عکس گرفته شده می‌دهد (تاریک شدن اطراف فریم) و در ضمن یک تغییر رنگ محسوس را هم در آن‌ایجاد می‌کند.,0,1,neutral,positive,False,1,1,129,26,adjacent_class_error,predicted_more_positive
12653,همه چی تمام,2,0,very_positive,neutral,False,-2,2,11,3,distant_class_error,predicted_more_negative
12330,بدنه کم و بیش شبیه به دوربین های سایبرشات این سری سال گذشته‌ی کمپانی است و بدنه ای فلزی و کاملا صیقلی دارد.,1,0,positive,neutral,False,-1,1,107,23,adjacent_class_error,predicted_more_negative
4563,اگر به دنبال یک گوشی با امکانات بالا که آن را دست هرکسی نمیبینید هستید.,0,1,neutral,positive,False,1,1,71,15,adjacent_class_error,predicted_more_positive
12044,با سلام خدمت دوستان من دوسیمکارتشو دارم خیلی عالیه فکرنمی کردم با این قیمت بشه اینجورگوشی ای خرید از لحاظ انتن دهی هر دو سیم کارت عالیه باتریشم با مکالمه و اس دادن و کمی اهنگ گوش کردن من 2روز و نیم بردم بازی های اچ دی مثل ریل ریسینگ 3 رو به راحتی اجرا کرده تاچش عالیه دوربینش متوسط به بالاست سرعتش عالیه و باتریشم عالیه بدنه مقاوم و خوبیم داره,2,1,very_positive,positive,False,-1,1,343,72,adjacent_class_error,predicted_more_negative
10567,لنوو G585 را می‌توان نوت‌بوکی با باطن یک نت بوک دانست.,0,1,neutral,positive,False,1,1,54,11,adjacent_class_error,predicted_more_positive
4260,سری گوشی‌های جدید هواوی واقعا خوب و جالب‌اند صفحه نمایش بزرگ، امکانات خوب، باتری خوب، طراحی بهتر، قیمت مناسب و آندروید 4.1 مثل همین گوشی یا اسند جی 350.,2,1,very_positive,positive,False,-1,1,152,29,adjacent_class_error,predicted_more_negative
8486,تنها تفاوت HS900 با SD900 که دوربین دیگری از پاناسونیک هست نیز در این است که SD900 حافظه‌ی داخلی ندارد.,0,1,neutral,positive,False,1,1,103,20,adjacent_class_error,predicted_more_positive
9170,پس اگر شما هم به دنبال یک تلفن همراه دو سیم کارته جمع و جور و هوشمند هستید، HTC Desire V را نیز جزو گزینه های خود قرار دهید.,1,0,positive,neutral,False,-1,1,124,29,adjacent_class_error,predicted_more_negative
8920,بین دوربین های کامپکت بهترین انتخاب هستش.,1,2,positive,very_positive,False,1,1,41,7,adjacent_class_error,predicted_more_positive
12544,با فلاش وضعیت بهتر شد.,1,0,positive,neutral,False,-1,1,22,5,adjacent_class_error,predicted_more_negative
21,رزولوشن اسکن می‌تواند به 1200dpi هم برسد.,0,1,neutral,positive,False,1,1,41,7,adjacent_class_error,predicted_more_positive
12046,تاچش خوبه باطری متوسط دوربین ضعیفه و فیلم برداری ضعیفتر اصلا خوشکل نیست کیفیت بدنش خیلی بده کارکردن با اس ام اس و شماره گیرش خیلی سخته و کانتکتش ضعیفه و برنامه جانبی هم نمیتونید بریزید چون دو سیم کارتست سرعتش خوبه و برنامه بدون مشکل نصب و اجرا میشه نیم ساعته کامل شارژ میشه ولی زود تموم میشه البته مثل بقیه گوشیهای اندرویدی دو سیم کارتش با هم عالی کار میکنه و مشکلی نداره در مجموع من پشیمونم و به نظر من مقداری پول بیشتر بذارید روش یه گوشی بهتر بخرید البته در مورد برندش نمیتونم بگم این برند خوب نیست ، ممکنه این مدلش ضعیف بوده,-2,-1,very_negative,negative,False,1,1,527,108,adjacent_class_error,predicted_more_positive
3232,GPU ( گرافیک ) قدرتمند 12 هسته ULP GeForce10.,1,0,positive,neutral,False,-1,1,45,9,adjacent_class_error,predicted_more_negative
9395,گوشی عالی هستش خیلی ازش راضیم تنها عیبش نداشتن زوم دوربین هستش باطریشم خیلی قوی هستش,1,2,positive,very_positive,False,1,1,84,16,adjacent_class_error,predicted_more_positive
9558,تشخیص بسیار ضعیف تر و سرعت پایین تر آن نسبت به GOOGLE NOW ضعف های IOS را مشهود نموده است.,-2,-1,very_negative,negative,False,1,1,89,20,adjacent_class_error,predicted_more_positive
8902,فقط به نظرم باتری آن چنان قوی نیست !,-1,0,negative,neutral,False,1,1,36,9,adjacent_class_error,predicted_more_positive
10867,نمیدونم شاید نرم‌افزارتون خرابه یا شاید هم سخت افزار مشکل داره.,0,-1,neutral,negative,False,-1,1,63,11,adjacent_class_error,predicted_more_negative
6596,من از این تبلت خریدم مهمترین نکته اینکه از نظر من باطریش ضعیف است بعد یک ماه استفاده از این تبلت و مقایسه آن با تبلت رفقا پیشنهاد میکنم این تبلت نخرید cpu آن فقط اسمش چهار هسته ای و به نسبت ایسوس و سامسونگ واقعا ضعیف است عرایض بنده را فقط وقتی متوجه میشوید که در عمل کارایی این تبلت با یکی دو برند معتبر مقایسه کنید به هر حال انتخاب با خودتونه شاید بهتر باشه کمی صبر کنید و یه تبلت بهتر بخرید.,-2,-1,very_negative,negative,False,1,1,393,85,adjacent_class_error,predicted_more_positive
4405,سونی تعداد زیادی سرویس و برنامه بطور پیش فرض بر روی این تبلت قرار داده است که برای مثال میتوان به Video Unlimited و Music Unlimited اشاره کرد.,1,0,positive,neutral,False,-1,1,142,28,adjacent_class_error,predicted_more_negative
6457,زیبا و شیک.,1,2,positive,very_positive,False,1,1,11,3,adjacent_class_error,predicted_more_positive
9265,یک تغییر بسیار دوست داشتنی دیگر در این دوربین نسبت به مدل های پیشین در به کار گیری سیستم شاتر جدید می باشد که عکاسی پیاپی با سرعت 5 فریم بر ثانیه را مقدور کرده است.,2,1,very_positive,positive,False,-1,1,164,36,adjacent_class_error,predicted_more_negative
5544,چرا که کمی فشار در بعضی مواقع نیاز هست تا پاسخگویی بهتر از طرف صفحه نمایش دریافت بشه.,0,-1,neutral,negative,False,-1,1,85,18,adjacent_class_error,predicted_more_negative
12354,باتری لیتیوم-یونی NP-BN نیز توانایی شارژدهی تا 240 عکس را به دوربین دارد.,1,0,positive,neutral,False,-1,1,73,13,adjacent_class_error,predicted_more_negative
9730,در سمت راست گوشی کلید کنترل صدا، در سمت چپ درگاه microUSB و نهایتا در قاب پشتی گوشی دوربین به همراه بلندگو به چشم می‌خورند که به همراه یک لوگوی سونی، به زیبایی گوشی افزوده‌اند.,1,0,positive,neutral,False,-1,1,176,35,adjacent_class_error,predicted_more_negative
9464,توسط شتاب سنج موجود در آیپاد نانو- فوق العاده باتری که می توان به مدت یک شبانه روز (24 ساعت) بدون وقفه با آیپاد نانو موسیقی گوش کرد- پخش عمده ی فرمتهای موسیقی- به بازار با حافظه ی فلش 8 و 16 گیگابایتی (حافظه 8 گیگابایت آن تا 2000 عدد موسیقی می تواند ذخیره کند)- حمل و اتصال به لباس توسط گیره آن - گسترده ی رنگ- اکثر فرمتهای عکس- ساعت زمان شارژ کامل باتری- العاده کوچک، سبک و باریک,2,1,very_positive,positive,False,-1,1,380,80,adjacent_class_error,predicted_more_negative
9480,حتی در بیشینه‌ی زوم 30 برابر نیز (بیشتر از زوم 12 برابر اپتیکال) خیلی خوب کار می‌کند.,1,2,positive,very_positive,False,1,1,85,17,adjacent_class_error,predicted_more_positive
6121,از ظرفیت هارد دیسکی 4GB گرفته تا ظرفیت بسیار مناسب 320GB.,1,2,positive,very_positive,False,1,1,57,11,adjacent_class_error,predicted_more_positive
11728,5 ماهه که دارمش و ازش راضیم.,1,2,positive,very_positive,False,1,1,28,7,adjacent_class_error,predicted_more_positive
2616,به نظر خیلی کارا می آید نمیشه ازش گذشت ، من سفارش می دهم بعد از یک هفته می آیم نظرم را می گم,2,0,very_positive,neutral,False,-2,2,92,24,distant_class_error,predicted_more_negative
12883,تنها عیب بزرگی که من تو این گوشی دیدم و دقیقا همین مورد رو تو گوشی C2-03 و کسی هم بهش اشاره نکرده و بر عکس ازش تعریف کردن!,-1,0,negative,neutral,False,1,1,122,29,adjacent_class_error,predicted_more_positive
6550,این دستگاه در سه ظرفیت 8، 16 و 32 گیگابایتی تولید گردیده که با وجود قابلیت پشتیبانی آن از کارت حافظه جانبی، می‌توان تا 32 گیگابایت دیگر نیز به آن افزود.,1,0,positive,neutral,False,-1,1,152,31,adjacent_class_error,predicted_more_negative
12445,ممنون فقط دوربین جلوش از tx ضعیف تره و حافظه داخلیش کم تره .,-1,1,negative,positive,False,2,2,60,14,distant_class_error,predicted_more_positive
611,در کل میشه گفت لپ تاپ خیلی خوبیه و آدم رو حداقل واسه دو سه سال ساپورت میکنه.,2,1,very_positive,positive,False,-1,1,76,18,adjacent_class_error,predicted_more_negative
2290,سابقه کمپانی در ساخت گوشی، من خودم طرفدار برند اسوس هستم و وقتی پدفون رو تولید کرد واقعا لذت بردم ولی اکنون وقت خرید اسمارت فون از اسوس و سونی نیست!,-1,1,negative,positive,False,2,2,148,31,distant_class_error,predicted_more_positive
7056,اگه بتونم حتما یکیشو میخرم .,1,0,positive,neutral,False,-1,1,28,6,adjacent_class_error,predicted_more_negative
10301,دوربینش خوبه(حداقل در مقایسه با N95 ولی بهتر از اون نیست) سرعت گوشی عالی.,1,2,positive,very_positive,False,1,1,73,14,adjacent_class_error,predicted_more_positive
9522,اپل همچنان بی رقیبه.,2,0,very_positive,neutral,False,-2,2,20,4,distant_class_error,predicted_more_negative
11819,خوش باشین,0,1,neutral,positive,False,1,1,9,2,adjacent_class_error,predicted_more_positive
5750,این‌ها فقط نمونه‌ای از هزاران برنامه‌ی کاربردی و سرگرم کننده‌ی آندروید هستند و تقریبا از هر قشری، چه دانشجو، دانش آموز، مدیر یک شرکت، پزشک، مهندس، بازاریاب، ورزشکار و هرچه که باشید، برنامه هایی برای شما وجود دارد و Galaxy S II با سیستم عامل آندروید خود می‌تواند مورد نیاز شما باشد.,0,1,neutral,positive,False,1,1,281,52,adjacent_class_error,predicted_more_positive
4558,این گوشی رو میتوان arc sکوچک دانست که البته به دوربین مکالمه ی تصویری مجهز شده!,0,-1,neutral,negative,False,-1,1,79,16,adjacent_class_error,predicted_more_negative
10497,اصلا کیفیت دوربین و رزولوشن تصویر راضیم نکرد.,-1,-2,negative,very_negative,False,-1,1,45,8,adjacent_class_error,predicted_more_negative
615,سلام، من هم این مدل رو تقریبا 5 ماه هست که خریداری کردم، واقعا عالیه.,0,2,neutral,very_positive,False,2,2,69,15,distant_class_error,predicted_more_positive
2979,فقط باید چند تا نرم افزار و بازی سنگین روش نصب کنم که متاسفانه هنوز فرصتش رو پیدا نکردم.,0,-1,neutral,negative,False,-1,1,88,19,adjacent_class_error,predicted_more_negative
2503,• سخت افزار داخلی همان‌طور که گفتیم این نوت‌بوک‌ها در کانفیگ های نسبتا متنوع و البته قدرتمندی ساخته شده است.,2,1,very_positive,positive,False,-1,1,108,20,adjacent_class_error,predicted_more_negative
4059,تا الان بیش از 5000 هزار عکس باهاش گرفتم واقعا خیلی ازش راضیم و خیلی دوستش دارم اگه قرار باشه عوضش کنم با a77 عوضش می کنم با تشکر از دیجی کالا که تو انتخاب خیلی کمک میکنه,2,1,very_positive,positive,False,-1,1,170,38,adjacent_class_error,predicted_more_negative
9436,اما در هنگام نگاه کردن با زاویه به صفحه نمایش و همچنین هنگام کار با گوشی در زیر نور آفتاب، عملکرد صفحه‌نمایش کاهش می‌یابد.,-1,1,negative,positive,False,2,2,122,24,distant_class_error,predicted_more_positive
3692,هرچند که این گوشی فلزی نیست، ولی از پلاستیک معمولی، بسیار مقاوم‌تر می‌باشد.,2,1,very_positive,positive,False,-1,1,75,13,adjacent_class_error,predicted_more_negative
6787,به نظر من که هم ظاهر زیبایی داره و هم قیمت مناسبی و هم جمع و جوره.,2,1,very_positive,positive,False,-1,1,66,17,adjacent_class_error,predicted_more_negative
12400,توصیه برای کساییکه مثل من بین این گوشی و s3 موندن؛ کیفیت تصویر این گوشی بسیار پایین تراز s3 هستش، رابط کاربری S3 هم خیلی بهتره.,-1,2,negative,very_positive,False,3,3,127,26,distant_class_error,predicted_more_positive
5090,Firmware در واقع میان‌افزار داخلی سیستم (کنسول) است که برای ارتباط بین قطعات سخت‌افزاری به کار می‌رود.,0,1,neutral,positive,False,1,1,102,17,adjacent_class_error,predicted_more_positive
7458,تا جایی که به کیفیت فیلم برداری مربوط می‌شود، می‌توان گفت که کیفیت فیلم‌های گرفته شده به بدی فیلم‌هایی است که دوربین CX130 می‌گرفت.,-1,0,negative,neutral,False,1,1,131,24,adjacent_class_error,predicted_more_positive
3230,Chipset قدرتمند Tegra 38.,1,2,positive,very_positive,False,1,1,25,4,adjacent_class_error,predicted_more_positive
7292,تقریبا کنترل کاملا دوربین از طریق همین نمایشگر لمسی صورت می‌پذیرد.,0,1,neutral,positive,False,1,1,66,11,adjacent_class_error,predicted_more_positive
10863,سامسونگ در ساخت این تبلت کم نذاشته اما بهتر بود که روی بدنه بیشتر کار میکرد با خرید این تبلت خودتونو بی نیاز از هر ابزار دیگه ای تصور کنید,1,-1,positive,negative,False,-2,2,138,30,distant_class_error,predicted_more_negative
8555,دوربین عکاسیش عالیه.,1,2,positive,very_positive,False,1,1,20,3,adjacent_class_error,predicted_more_positive
4657,فقط یه عیبی دیدم تو این گوشی.,-1,0,negative,neutral,False,1,1,29,7,adjacent_class_error,predicted_more_positive
1531,• طراحی و ساخت انتظار می‌رفت در طراحی و ساخت این تبلت، سامسونگ سنگ تمام بگذارد، و یک تبلت با کیفیت ساخت متمایز از دیگر تبلت های سامسونگ را ارائه دهد.,0,-1,neutral,negative,False,-1,1,149,31,adjacent_class_error,predicted_more_negative
458,از قابلیت‌های این دوربین می‌توان به فوکوس خودکار و ثبت موقعیت مکانی و زمانی اشاره نمود.,1,0,positive,neutral,False,-1,1,87,16,adjacent_class_error,predicted_more_negative
1071,از ایزو 1600 نیز جزئیات شروع به ناپدید شدن می‌کنند که این به دلیل کار کردن سیستم کاهش نویز است.,0,-1,neutral,negative,False,-1,1,95,20,adjacent_class_error,predicted_more_negative
12731,کاش کاتالوگ گوشی ها هم آنلاین توی سایت بود,-1,1,negative,positive,False,2,2,42,9,distant_class_error,predicted_more_positive
9687,از هر لحاظ بهترینه، سخت افزار قدرتمندش حتما حس خوبی به آدم میده ولی این که خیلی از قابلیت هاش در ایران کار نمیکنه خیلی بده .,-2,2,very_negative,very_positive,False,4,4,124,27,distant_class_error,predicted_more_positive
12022,طبق بررسی بنده در سایت رسمی شرکت هوآوی نرم افزاری هست به اسم HiSuite که زبان فارسی هم هست.,1,0,positive,neutral,False,-1,1,90,19,adjacent_class_error,predicted_more_negative
6260,این گوشی در میان گوشی های دو سیم کارته کاملا یک سر و گردن بالاتره و هیچ رقیبی تو بازار ایران نداره.,2,1,very_positive,positive,False,-1,1,99,22,adjacent_class_error,predicted_more_negative
2453,"این دوربین مجهز به نمایشگر 2.7 اینچی با رزولوشن 230,000 پیکسل می‌باشد که هم سایز و هم رزولوشن کاملا استاندارد و خوب هستند.",1,0,positive,neutral,False,-1,1,122,23,adjacent_class_error,predicted_more_negative
12017,البته شایان ذکر است که سیم کارت های همراه اول در آن هر از گاهی از شبکه خارج می شوند ولی این مشکل با سیم کارت های ایرانسل وجود ندارد.,0,-1,neutral,negative,False,-1,1,132,30,adjacent_class_error,predicted_more_negative
11598,البته نه از آن چرخنده‌هایی که با یک تک لولا در قسمت سمت چپ بتوانند به هر سو چرخش کنند، بلکه فقط می‌تواند به سمت بالا و پایین بچرخد تا به راحتی از ارتفاع بالای سر و پایین‌تر هم بتوانید بدون کوچک‌ترین زحمتی با آن عکاسی کنید.,0,1,neutral,positive,False,1,1,222,47,adjacent_class_error,predicted_more_positive
6778,به نظرم بهترین انتخابه,1,2,positive,very_positive,False,1,1,22,4,adjacent_class_error,predicted_more_positive
1883,راستی تاچش برای من بعضی وقتها مشکل دار میشه هر چی میزنم نمیگیره .,-1,1,negative,positive,False,2,2,65,14,distant_class_error,predicted_more_positive
7403,زیبایی در کنار قدرت .,1,0,positive,neutral,False,-1,1,21,5,adjacent_class_error,predicted_more_negative
3916,تصاویر HX200v نیز مانند بیشتر رقبا، در حالت واید کامل و زوم کامل در گوشه‌ها کنی سافت است.,0,-1,neutral,negative,False,-1,1,89,18,adjacent_class_error,predicted_more_negative
7346,• کیبورد و تاچ پدCQ58 صفحه کلیدی کاملا استاندارد و فاقد صفحه کلید عددی دارد.,1,0,positive,neutral,False,-1,1,76,15,adjacent_class_error,predicted_more_negative
2516,حافظه‌ی رم بیشتر به خصوص در باز کردن چند برنامه به صورت همزمان، و مثلا کار کردن با چند برنامه‌ی گرافیکی کاملا به کار می‌آید.,0,-1,neutral,negative,False,-1,1,124,25,adjacent_class_error,predicted_more_negative
830,به نظر گوشی خوبی میاد ارتقا یافته ی Desire C,1,0,positive,neutral,False,-1,1,44,10,adjacent_class_error,predicted_more_negative
6307,بقیه مشخصات گوشی هم عالی هست و تمام بازی های HD که داشتم رو به راحتی اجرا کرد .,2,1,very_positive,positive,False,-1,1,79,19,adjacent_class_error,predicted_more_negative
7017,خیلی خوبه صفحش هم که میگن تو دنیا تکه,1,2,positive,very_positive,False,1,1,37,9,adjacent_class_error,predicted_more_positive
1127,آقا جدا این هارد فوق العادست من امروز (9 بهمن 91) خریدمش در حالی که رقیبش یعنی My Passport شرکت وسترن دیجیتال ارزونتر بود و الان هم اصلا پشیمون نیستم.,2,-1,very_positive,negative,False,-3,3,150,30,distant_class_error,predicted_more_negative
12081,طراحی پلی استیشن 2 سری 70000 نسبت به مدل قبلی خود تفاوت چندانی ندارد، ولی از لحاظ تکنولوژی تا اندازه‌ای نسبت به نسل قبلی خود برتری دارد.,1,0,positive,neutral,False,-1,1,136,27,adjacent_class_error,predicted_more_negative
2573,امیدوارم لحظه های خوبتون رو با این دوربین ثبت کنید.,1,-1,positive,negative,False,-2,2,51,10,distant_class_error,predicted_more_negative
6292,با توجه به مشخصات و قیمت Samsung Galaxy S Duos S7562 خیلی بهتره,2,1,very_positive,positive,False,-1,1,63,13,adjacent_class_error,predicted_more_negative
10697,این طراحی منحصر به فرد در کنار قاب پلاستیکی نرم پشت گوشی، آن را بسیار خوش دست کرده و با وجود صفحه نمایش بزرگ 4.5 اینچی، به راحتی در دست جای می‌گیرد.,1,2,positive,very_positive,False,1,1,148,32,adjacent_class_error,predicted_more_positive
7991,فقط gps نداره که اونم امکان واجبی نیست و لی کیفیت بالای عکسهاش اونو جبران می کنه.,1,0,positive,neutral,False,-1,1,81,17,adjacent_class_error,predicted_more_negative
8243,چند تا بازی داره که دمو هست و خوب برای مادر من مهم هم نیست .,0,1,neutral,positive,False,1,1,60,16,adjacent_class_error,predicted_more_positive
4699,حتی چند بار تو آفتاب تابستون جا مونده بود که دمای باتری رو چک می کردم 78 درجه بود به طوری که نمی شد تو دست گرفتش ولی هیچ مشکلی نداشت باتریش حداکثر 2 روز و اگه باهاش خیلی کار کنید یک روز.,0,1,neutral,positive,False,1,1,186,43,adjacent_class_error,predicted_more_positive
9183,در ضمن من دوربینم رو از digikala خریدم!,0,1,neutral,positive,False,1,1,39,8,adjacent_class_error,predicted_more_positive
727,سوالی که برای من مطرحه اینه که آیا در بلند مدت استفاده از این لپ تاپ با برق بدون ارت میتونه مشکل ساز باشه یه نه.,0,-1,neutral,negative,False,-1,1,112,26,adjacent_class_error,predicted_more_negative
10801,درود این محصول سامسونگ از جهات بسیاری مطلوب و قابل قبول است اما بنده بعد از خرید این محصول متوجه شدم که اولا فاقد امکان تصویر در تصویر میباشد و همینطور بعد از استفاده از عینک سه بعدی آن توسط خودم و اعضا خانواده همگی دچار سردرد و تحوع شدیم که در مقایسه با محصولات مشابه ال جی که دارای عینک پسیو هستند این معضل بزرگیست.,-2,-1,very_negative,negative,False,1,1,317,66,adjacent_class_error,predicted_more_positive
10267,نگران نخواندن فایل ها پی دی اف نباشید با نصب برنامه pdf reader فایل های pdfرا اجرا نمایید,0,1,neutral,positive,False,1,1,89,18,adjacent_class_error,predicted_more_positive
4345,.اما جدا از این، وقتشه بگیم از برتری هایی که این آیپاد نسبت به آیفون 5 داره !,0,1,neutral,positive,False,1,1,77,18,adjacent_class_error,predicted_more_positive
2494,با این حال صفحه کلید ASUS X نیز کاملا دوست داشتنی است.,2,1,very_positive,positive,False,-1,1,54,12,adjacent_class_error,predicted_more_negative
7018,مطمئن باشید این گوشی رقیب خوبی برای galaxy s iii خواهد شد و همینطور apple,1,0,positive,neutral,False,-1,1,73,15,adjacent_class_error,predicted_more_negative
6919,به نظر من گوشی سونی xperia Z سر تر از htc است.,-1,1,negative,positive,False,2,2,46,12,distant_class_error,predicted_more_positive
9502,وضوح رنگاش آدم رو به تحسین وامیداره.,2,-1,very_positive,negative,False,-3,3,36,7,distant_class_error,predicted_more_negative
12683,گوشی عالیی هست مخصوصا واسه بیزینس و کار با اینترنت,2,0,very_positive,neutral,False,-2,2,50,10,distant_class_error,predicted_more_negative
9681,تک تک هستش,2,0,very_positive,neutral,False,-2,2,10,3,distant_class_error,predicted_more_negative
3172,با این حال بنده 6200 رو به خاطر دوربین جلوی 2 مگا پیکسلی - ساپورت رم تا 64 - سی پی یو 1.2 و قابل آپدیت بودن به آندروید 4.1 ، ترجیح داده و خریداری کردم باید به عرض برسانم قیمت 6200 خیلی به صرفه تر از 3100 است.,1,0,positive,neutral,False,-1,1,208,49,adjacent_class_error,predicted_more_negative
8760,cpuدوهسته ای 1گیگا هرتز، gpu adreno203 وظاهرش هم که تغییر کرده اما قیمتش تنها کمی زیاد تر شده که این عالیه.,1,-1,positive,negative,False,-2,2,107,21,distant_class_error,predicted_more_negative
3948,فیلم برداریش حرف نداره ( میشه باهاش موزیک ویدیو ساخت ) اما متاسفانه دو هفته پیش گمش کردم .,2,-1,very_positive,negative,False,-3,3,90,19,distant_class_error,predicted_more_negative
5739,اما آنچه که با قطعیت میتوان اشاره کرد این است که رقابت در این سطح بسیار نزدیک شده است و دیگر فاصله های تکنولوژیکی به اندازه سالهای پیش تعیین کننده نیستند.,0,1,neutral,positive,False,1,1,154,31,adjacent_class_error,predicted_more_positive
10664,بهترین گوشی در حد قیمت خودشه,2,1,very_positive,positive,False,-1,1,28,6,adjacent_class_error,predicted_more_negative
12946,همین طور می‌توانید یک سیم را به عنوان پیش فرض تعیین کنید تا همیشه برای تماس‌های خروجی از آن استفاده نماید.,0,1,neutral,positive,False,1,1,106,21,adjacent_class_error,predicted_more_positive
8406,اما مطمئنا نباید کیفیت خیلی بالایی را از آن انتظار داشته باشید چرا که چنین توانایی در زوم به معنی به کار رفتن المنت های اپتیکی خیلی زیاد در آن می باشد که هرکدام از آن ها می توانند خطای خود را داشته باشند و کاهش نور ورودی را رقم بزنند.,0,-1,neutral,negative,False,-1,1,234,51,adjacent_class_error,predicted_more_negative
12914,نتیجه : 1- سه عیب اساسی فوق آزار دهنده است.,-1,-2,negative,very_negative,False,-1,1,43,10,adjacent_class_error,predicted_more_negative
11341,یک اشکال که به دوربین 550D وارد بود سرعت کند وارد شدن به مود Live view بود.,-1,0,negative,neutral,False,1,1,75,17,adjacent_class_error,predicted_more_positive
8933,کانن در این تنظیمات یک Easy Mode هم جای داده است و این علاوه بر مود Smart Auto می‌باشد که توانایی تشخیص صحنه و سوژه را به دوربین می‌دهد.,1,2,positive,very_positive,False,1,1,136,29,adjacent_class_error,predicted_more_positive
8654,واقعا قیمتش نسبت به امکاناتش خیلی کمه این اگه سامسونگ یا اچ تی سی بود قیمتش خیلی بیشتر از اینا بود امکاناتی که این گوشی داره و آدمو بیشتر تو این رنج قیمت مجذوب خودش میکنه عبارتند از : - دو سیم کارته بودن - صفحه نمایش لمسی 4.3 اینچی - دوربین 8 مگاپیکسلی - آندروید v4.1.2 - و از همه مهمتر باتری 2460 میلی آمپری (که واقعا اکثر دارندگان گوشیهای لمسی از نداشتن یک باتری قدرتمند رنج میبرن),2,1,very_positive,positive,False,-1,1,383,79,adjacent_class_error,predicted_more_negative
10389,"واقعا"" با زیاد شدن رم این گوشی یکی از بهترین گوشیهای هوشمند در حال حاضر جهانه.",1,2,positive,very_positive,False,1,1,78,16,adjacent_class_error,predicted_more_positive
2315,همانطور که گفتیم، SZ-14 همانند بسیاری از دوربین های هم رده ی المپوس از نوع دوربین های کامپکت سوپرزومی است که دستگیره ی نصفه و نیمه ای هم بر روی آن ها قرار می گیرد تا بتوانید دوربین را خیلی محکم‌تر در دست بگیرید.,0,1,neutral,positive,False,1,1,211,44,adjacent_class_error,predicted_more_positive
9791,همانطور که گفتیم، WX170 و WX100 دو دوربین پیشرفته و نسبتا گران قیمت از سری خود هستند.,1,0,positive,neutral,False,-1,1,85,17,adjacent_class_error,predicted_more_negative
8014,قدرت زومش باور نکردنیه!,2,0,very_positive,neutral,False,-2,2,23,4,distant_class_error,predicted_more_negative
86,این دوربین توانایی ضبط ویدیویی 1080p Full HD را نیز دارد.,1,0,positive,neutral,False,-1,1,57,11,adjacent_class_error,predicted_more_negative
9566,و با اومدن آندروید دیگر ios هیچ جایگاهی در سیستم عامل جدید نداره S2 بالاتر از Iphone 4s هستش و اگر برند اپل بر روی S2 بود همین گوشی قیمتش بالای 2میلیون تومن بود.,-2,1,very_negative,positive,False,3,3,161,34,distant_class_error,predicted_more_positive
1747,2-دوما هر برنامه ای که میخوای دانلود کنی حتما باید بر توی خود سایت اپل یعنی Apple Store این یعنی محدودیت یعنی مثل اندورید اینطوری نیست که هر چیزی خواستی بدون هیج محدودیت دانلود کنی.,0,-1,neutral,negative,False,-1,1,181,35,adjacent_class_error,predicted_more_negative
9241,بزرگترین تغییری که در 650D نسبت به مدل های پیشین رخ داده، استفاده از سنسور تصویر Hybrid CMOS است.,0,2,neutral,very_positive,False,2,2,97,19,distant_class_error,predicted_more_positive
98,به همین دلیل نیز F660 از لرزش گیر ترکیبی تصویر مکانیکی پیشرفته و الکترونیکی بهره می‌برد تا بتوانید با خیال آسوده و حتی در سرعت‌های شاتر پایین و بزرگنمایی های بالا نیز عکس‌های خیلی شارپ و با کیفیتی تولید کنید.,2,1,very_positive,positive,False,-1,1,208,40,adjacent_class_error,predicted_more_negative
12262,کیفیت عکسش هم از مدلهای تو همین رده بهتره ولی عالی نیست.,1,-1,positive,negative,False,-2,2,56,12,distant_class_error,predicted_more_negative
10937,حتی اگه به تکنولوژی خاص این قلم هم نیازی نداشته باشی به هیچ عنوان نمیشه با یک قلم عادی که برای سایر تبلت ها می خری مقایسه اش کنی.,1,-1,positive,negative,False,-2,2,129,29,distant_class_error,predicted_more_negative
8668,در مقایسه با دو سیمکارته Glaxy S DUOS که ظاهر بسیار زیبا و کاملا مشابه با S III داره بسیار در طراحی اینگوشی ال جی ضعیف عمل شده.,-1,2,negative,very_positive,False,3,3,127,28,distant_class_error,predicted_more_positive
1428,خوشبختانه دگمه های Start و Ctrl+Alt+Del همچنان عمل خواهند نمود3-عملکرد متفاوت پد موس در MacBook ها تفاوت در عملکرد scroll و پیچیدگی Right Click در این سری کامپیوترها4-میزان دوام باتری در Windows بسیار کمتر از 7 ساعت است چیزی در حدود 4.5 ساعت5-قیمت بالای این مدل در مقایسه با سایر مدلهای موجود در بازار ما را به نتیجه گیری می رساند که این مدل برای عکاسان، طراحان گرافیک، کسانی که در صنعت ساخت فیلم و مونتاژ فعالیت می کنند و نهایتا کاربرانی که بتوانند با سیستم عامل Mac کار کنند مناسب است و سایر عاشقان اپل بهتر است مدل غیر Retina را که هم زمان با معرفی این محصول با سخت افزار های ارتقاع یافته با همان قیمت سابق به بازار عرضه شده برگزینند.,0,2,neutral,very_positive,False,2,2,637,124,distant_class_error,predicted_more_positive
8354,الان که با این دوربین مقایسه اش کردم دیدم هنوزم از canon سرتره.,0,-1,neutral,negative,False,-1,1,63,13,adjacent_class_error,predicted_more_negative
7895,که این امر کمی تعجب آور است زیرا در دست نگه داشتن و عکس گرفتن با تبلت های هفت اینچی بسیار راحت‌تر از تبلت های ده اینچیست.,2,1,very_positive,positive,False,-1,1,121,27,adjacent_class_error,predicted_more_negative
1681,با وجود ابعاد کوچک این گوشی، به نظر می‌رسد که اپل مجبور بوده فضای داخلی آن را به صورت بسیار حرفه ای مدیریت کند، و یکی از تغییرات در مورد کانکتور آن اعمال گردید.,0,2,neutral,very_positive,False,2,2,160,34,distant_class_error,predicted_more_positive
1922,نسبت به 4s پیشرفت کرده اما تو طراحی ظاهری که اصلا به دلم ننشست!,-1,1,negative,positive,False,2,2,63,14,distant_class_error,predicted_more_positive
8574,سلام و با تشکر از پرسنل دیجی کالا بعد از کار 1هفته با این گوشی درکل می توان معایبش اینگونه گفت: 1- برنامه ها کپی نمیشه روی SD یا نمیشه روی SD نصبشون کرد 2- حافظه 4گیگ 2گیگ بیشتر نمیمونه واستون 3-دکمه های پایین نور نداره تو شب اذیت میشی 4- باتریش زود خالی میشه نسبتا مزایا: -1 یک دوسیمکارت خوب که کلی شبکه مخابراتی ساپورت میکنه 2- اندروید جدید -3 سی پی یو خوب ولی عالی نیست -4 خوش دست و خوش ساخت درکل میتونم بگم شاهکاریه واسه ال جی واقعا من که خوشحالم انتخابش کردم و اصلا پشیمون نیستم,1,-1,positive,negative,False,-2,2,483,101,distant_class_error,predicted_more_negative
12923,X1-00 بهترین گوشی برای کسانی که به شارژ موبایل اهمیت می دهند بود که با 1466 ساعت شارژ استند بای ، هیچ گاه به طور رسمی وارد ایران نشد و مدل دو سیمکارته آن X1-01 که شارژ کمتری را نگه میدارد به طور رسمی وارد کشور شد ؛ آنهم در دو رنگ نامناسب از نظر من، قرمز و آبی مدل تک سیمکارته 206 دارای 1132 شارژ استندبای است.,0,1,neutral,positive,False,1,1,309,68,adjacent_class_error,predicted_more_positive
11657,دوربینش که خیلی خوبه مخصوصا تو روز ولی تو شب کیفیت عالی نداره ولی خوبه.,1,2,positive,very_positive,False,1,1,71,15,adjacent_class_error,predicted_more_positive
3877,این را هم بگوییم که گستره‌ی سرعت شاتر HX200v از 1/4000 ثانیه تا 30 ثانیه می‌باشد که گستره‌ای کاملا حرفه‌ای و در حد دوربین‌های DSLR سطح مبتدی است.,1,0,positive,neutral,False,-1,1,145,28,adjacent_class_error,predicted_more_negative
6171,فقط کافیه که یه سرعت 256 داشته باشین تا بتونین به جمعیت جهانی وصل بشین و با این کار تازه دنیای xbox واستون باز میشه.,1,0,positive,neutral,False,-1,1,116,25,adjacent_class_error,predicted_more_negative
2514,از نظر حافظه‌ی RAM و هارد دیسک نیز، ASUS X در تنوع خیلی خوبی موجود می‌باشد.,2,0,very_positive,neutral,False,-2,2,75,16,distant_class_error,predicted_more_negative
3064,شما با نصب برنامه اسکچ بوک موبایل و یا اسکچ بوک پرو روی این تبلت میتونید یک سخت افزار 583 گرمی سبک و کارآمد رو در امر طراحی با خودتون همیشه همراه داشته باشید.,1,0,positive,neutral,False,-1,1,158,34,adjacent_class_error,predicted_more_negative
5831,این گوشی با توجه به سخن متخصصین سایت دیجی کالا و همچنین کاربرای عزیزی که این گوشی رو در اختیار دارند و از عملکرد اون آگاهند به واقع یک ابر گوشی در بین گوشی های هوشمنده و یکی از محبوبترین گوشی‌های همراه در دنیا.,2,1,very_positive,positive,False,-1,1,210,44,adjacent_class_error,predicted_more_negative
4617,شفافیت صفحه نمایش .,1,0,positive,neutral,False,-1,1,19,4,adjacent_class_error,predicted_more_negative
11484,ولی همونطور که میبینیم امکاناتی که تو این گوشی استفاده شده مثل پردازنده ی 4 هسته ای( که دیدیم اپل با پردازنده ی دو هسته ای آیفون 5 همه ی چهار هسته ای ها رو شکست داد پس فقط نمیتوان به اعداد و ارقام توجه داشت).,-1,0,negative,neutral,False,1,1,208,46,adjacent_class_error,predicted_more_positive
12424,وزن این گوشی کمتر اعلام شده و در یک بار تست غیر همزمان دستی به نظرم tx سبکتر آمد!,0,1,neutral,positive,False,1,1,81,19,adjacent_class_error,predicted_more_positive
6980,گوشیه بسیار خوبیه.,1,2,positive,very_positive,False,1,1,18,3,adjacent_class_error,predicted_more_positive
2384,دراخر باید بگم ایفون5گوشی که تو دنیا حرف اولو میزنه.,0,1,neutral,positive,False,1,1,52,10,adjacent_class_error,predicted_more_positive
10109,اما رنگ های خاکستری کمی تمایل به رنگ آبی دارند.,-1,0,negative,neutral,False,1,1,47,10,adjacent_class_error,predicted_more_positive
11241,این می تواند مقداری برای حرفه ای ترها یا عکاسانی که بیشتر به سرعت های بالا احتیاج پیدا می کنند نگران کننده باشد.,-1,1,negative,positive,False,2,2,112,23,distant_class_error,predicted_more_positive
11495,در قسمت جلو و پشت گوشی دو لایه از شیشه ضد خش Gorilla Glass قرار دارند.,1,0,positive,neutral,False,-1,1,70,16,adjacent_class_error,predicted_more_negative
5585,جعبه‌ی این گوشی را که باز می‌کنید با تجهیزات خیلی ساده ای مواجه می‌شوید.,-1,0,negative,neutral,False,1,1,72,14,adjacent_class_error,predicted_more_positive
9375,کلید‌های فیزیکی زیر صفحه نمایش خیلی سفت هستن و سرعت کار رو پایین میارن بخصوص اینکه صفحه لمسی خیلی حساسی داره و حین کار با اون بخوای از کلیدهای فیزیکی هم استفاده کنی، تضاد این دو تا خیلی اذیت میکنه!,-2,-1,very_negative,negative,False,1,1,197,40,adjacent_class_error,predicted_more_positive
10318,شماره گیر هوشمند هم براحتی روش نصب میشه.,1,2,positive,very_positive,False,1,1,40,8,adjacent_class_error,predicted_more_positive
3043,از لحاظ کیفیت اسکرین و تراکم پیکسلی ان واقعا چیزی کمتر از ایپد جدید ندارد.,0,1,neutral,positive,False,1,1,74,15,adjacent_class_error,predicted_more_positive
3806,* سطح امنیت تشخیص چهره به اندازه ورود با شناسه و اسم رمز بالا نیست.,-1,1,negative,positive,False,2,2,67,15,distant_class_error,predicted_more_positive
3543,همه چیز بسیار روان بوده و کوچک‌ترین کاهش سرعتی در حین کار کردن با گوشی احساس نخواهید کرد.,1,2,positive,very_positive,False,1,1,89,18,adjacent_class_error,predicted_more_positive
12134,با این حال پشتیبانی از این نوع باتری ها باعث می شود که اگر به سفری ماجراجویانه رفتید که به الکتریسیته برای شارژ باتری دسترسی نداشتید می توانید چند جفت باتری غیر قابل شارژ با خود ببرید تا هر با که یک جفت تمام شد آن را تعویض کنید.,0,1,neutral,positive,False,1,1,228,49,adjacent_class_error,predicted_more_positive
6998,"قویترین چیپ ست های شرکتهایی مثله Qualcomm و TI , Nvidia در حد چیپ ست های نسل قبل سامسونگ و اپل هم نیستند.",-1,0,negative,neutral,False,1,1,105,23,adjacent_class_error,predicted_more_positive
12404,با مقایسه میشه متوجه شدکه چیپ cpu و پردازنده گرافیکی این گوشی فوق العاده قوی هستش و از همه مهمتر این هستش که این گوشی ضد آب و ضد خش می باشد.,2,1,very_positive,positive,False,-1,1,140,32,adjacent_class_error,predicted_more_negative
934,این دوربین نیز همانند مدل پیشین توانایی فیلم برداری Full HD باسرعت 60 فریم بر ثانیه در فرمت AVCHD را دارد که البته می‌توانید کنترل کاملی را نیز بر روی پارامترهای نوردهی در هنگام فیلم برداری داشته باشید.,1,0,positive,neutral,False,-1,1,202,38,adjacent_class_error,predicted_more_negative
8366,سلام به همه دوستان که خریدار این دوربین هستن من 8 ماه پیش با کلی تحقیق و این سایت اون سایت گشتن با بودجه ای که داشتم تصمیم گرفتم SX40 بخرم واقعا ازش راضیم برای کسی که مبتدیه و میخواد کارشو شروع کنه تو عکاسی عالیه میگن 12.1 ولی خیلی کیفیتش خوبه یه زومش: عالیه چون مثلا یه فاصله ی خیلی دور میاری نزدیک بعد با کیفیت عجیب عکس میگیره ادم خیلی لذت میبره مثلا فاصله تا 1کیلومترو(تو طبیعت) میاری جلو نزدیک نزدیک بعد یه عکس با کیفیت بالا خیلی زومش جالبه ولی جدا از زوم هیچ کمبودی نداره با قیمت روز به نظرم می ارزه حالا امروز امدم تو سایت دیدم SX50 آمده شاید قبلا بوده من ندیدم من که تازه دیدم یه مقایسه کردم با مدله قبلیش هیچ تغییره محسوسی نکرده ایزوش خیلی خوب شده قبول دارم زومش 35 که فوق العادست پس 50 چی میتونه باشه(فکر نکنم نیاز بشه) فقط تنها فکر کنم چیزی که سرتر با فرمت RAW ذخیره میکنه که مدله قبلش نیست بعضی جاها هم SX40 سرتره حالا باز تصمیم با خودتونه اگه اختلاف قیمتشون براتون مهم نیست زیاد SX50 خوبه ولی اگه نه جدی دارم میگم زیاد تفاوت نداره شک نکن SX40,0,2,neutral,very_positive,False,2,2,954,199,distant_class_error,predicted_more_positive
12155,خوشبختانه کانن توانسته که بیشتر دکمه ها و کنترل های دیگر دوربین های سری Rebel را بر روی این یکی نیز حفظ کند.,1,0,positive,neutral,False,-1,1,108,23,adjacent_class_error,predicted_more_negative
13048,پبشنهاد من به شما دوستان عزیز این است که اگر قصد خرید یک PDA را دارید اما قدرت خرید دستگاههایی مثل HTC یا Imate را ندارید IPod Touch را تجربه کنید قطعا شما را غافلگیر خواهد کرد,2,0,very_positive,neutral,False,-2,2,176,37,distant_class_error,predicted_more_negative
7630,جمع بندیدر کل، باید بگوییم همان‌طوری که در اوایل نقد اشاره داشتیم، این گوشی برای دوست داران Galaxy S III که توان خرید این گوشی را ندارند و یا ابعاد بزرگ آن برایشان مناسب نیست، بهترین گزینه می‌باشد.,1,2,positive,very_positive,False,1,1,197,38,adjacent_class_error,predicted_more_positive
12207,ظریف و دوست داشتنی.,2,1,very_positive,positive,False,-1,1,19,4,adjacent_class_error,predicted_more_negative
12606,در مورد اندرویدش باید بگم خود Sony Companion Pc به راحتی براتون به نسخه 4 تبدیل میکنه اما بعدش چراغ Notification دیگه برای اس ام اس کار نمیکنه.,-1,0,negative,neutral,False,1,1,143,28,adjacent_class_error,predicted_more_positive
4745,حافظه داخلی گوشی کمه.,-1,0,negative,neutral,False,1,1,21,4,adjacent_class_error,predicted_more_positive
11799,قیمت این گوشی با امکاناتی که داره واقعا مناسبه.,1,2,positive,very_positive,False,1,1,47,9,adjacent_class_error,predicted_more_positive
5908,بازی های سنگین با گرافیک بالا هم مثل آسفالت 7 بخوبی رو سری G جواب داد ولی یه مشکلی از نظر من که داره (بازم میگم از نظر من) اینه که پیش گوشی های دیگه انگار جلوه نداره و احساس میکنی گوشی اسباب بازیه ولی در کل هیچی کم نداره.,0,1,neutral,positive,False,1,1,221,50,adjacent_class_error,predicted_more_positive
1646,این جنس آلومینیوم، همان موادیست که اپل در تولید لپ تاپ‌های خود نیز از آن بهره می‌برد.,0,1,neutral,positive,False,1,1,85,17,adjacent_class_error,predicted_more_positive
476,بزودی بازار برمیگرده به سمت نوکیا  این گوشی هم از هر نظر عالیه  هم سخت افزار  نرم افزار  زیبایی  منتظرشم بیاد، خیلی دوست دارم بخرمش,2,1,very_positive,positive,False,-1,1,131,25,adjacent_class_error,predicted_more_negative
10814,واقعا از گوشی بالاتر است سیستم عامل فوق العاده کیفیت بسیار عالی و ظاهر زیبا اما واقعا قیمتش مناسب نیست با این قیمت به راحتی می شه یه گوشی یا حتی یه تبلت 7 اینچی اندرویدی خرید.,-1,1,negative,positive,False,2,2,175,37,distant_class_error,predicted_more_positive
7622,به لطف سخت افزار مناسب، نسخه 4.1 اندروید و صفحه نمایش بزرگ، مرورگری اینترنت برای کاربران Galaxy S III Mini به کاری لذت بخش تبدیل خواهد شد.,1,2,positive,very_positive,False,1,1,138,27,adjacent_class_error,predicted_more_positive
6346,با در نظر گرفتن تجهیزات سخت افزاری قدرتمندی که درون بدنه جای گرفته، بدنه‌ی باریک Galaxy S II در نوع خود یک شاهکار مهندسی محسوب می‌شد.,1,2,positive,very_positive,False,1,1,133,26,adjacent_class_error,predicted_more_positive
8389,وای پسر 50x زوم اپتیکال فکر نکنم دیگه کانن توی بخش سوپر زوم رقیبی داشته باشه البته باید کیفیت عکس ها رو با مدل های نیکون مقایسه کرد!,1,0,positive,neutral,False,-1,1,132,28,adjacent_class_error,predicted_more_negative
529,اسکنر های مدرن CIS از بعضی مشکلات جزئی به دلیل استفاده از فناوری LED بهره می برد که کمی باعث دانه دانگی می شود.,-1,0,negative,neutral,False,1,1,111,24,adjacent_class_error,predicted_more_positive
2328,اگرچه قیمت دوربینهای این شرکت در مقایسه با امکانات آن کمی گران به نظر میرسد اما جا دارد این محصولات رو بیشتر به خریداران معرفی کنید,0,-1,neutral,negative,False,-1,1,131,26,adjacent_class_error,predicted_more_negative
4358,چون آیپاد تاچ 4 نازک و سبک بود و راحت می افتاد و معمولا صفحه ش می شکست (مثل مال خودم!,0,1,neutral,positive,False,1,1,85,21,adjacent_class_error,predicted_more_positive
11456,فکر کنم قیمتش از گلگسی اس 3 و وان ایکس پایین تر باشه,0,-2,neutral,very_negative,False,-2,2,52,13,distant_class_error,predicted_more_negative
10610,دوربینش 15 فریم بر ثانیه فیلم برداری میکنه و بدنه ش ضدخش نیست و فلاش نداره.,-2,-1,very_negative,negative,False,1,1,75,16,adjacent_class_error,predicted_more_positive
12000,من باهاش تو اینترنت رفتم از طریق wifi.,1,0,positive,neutral,False,-1,1,38,8,adjacent_class_error,predicted_more_negative
6951,گوشیه فوق العاده ایست.,1,2,positive,very_positive,False,1,1,22,4,adjacent_class_error,predicted_more_positive
4293,به علاوه نسل پنجم iPod Touch، اولین عضو خانواده این مالتی مدیا پلیرهاست که از دستیار صوتی Siri بهره می‌برد.,1,0,positive,neutral,False,-1,1,107,20,adjacent_class_error,predicted_more_negative
6595,با سلام به همه عاشقان تکنولوژی.,0,1,neutral,positive,False,1,1,31,6,adjacent_class_error,predicted_more_positive
9416,) تاچ بسیار خوب و روونی داره و با یک اشاره حرکت می کنه.,1,2,positive,very_positive,False,1,1,55,14,adjacent_class_error,predicted_more_positive
8383,من داشتم اس ایکس 40 میخریدم این هنوز نیومده بود زیاد تفاوت نداره فقط زومش باز قوی تر شد و ایزو متفاوتش و دامنه ایزوش زیادتر شد برد فلشش پایینتر امد و رزولوشنش بالا رفت به نظر من اس ایکس 40 خوش فرمتره,-1,0,negative,neutral,False,1,1,199,43,adjacent_class_error,predicted_more_positive
7986,دوربین خیلی خوبیه اما کیفیت عکس fz150 از این بهتره,-1,2,negative,very_positive,False,3,3,50,10,distant_class_error,predicted_more_positive
2126,واقعا شگفت انگیزه ولی واقعا قابلیت شخصی سازیش پایینتر از رقیب خود اندرویده به علاوه محدودیت هایی همچون :نصب انلاین نرم افزار ها بدون رادیوبلوتوث غیر فعال برای خیلی چیزا و.,-1,1,negative,positive,False,2,2,171,31,distant_class_error,predicted_more_positive
1400,نرم افزار به طور پیش فرض Retina MacBook Pro از سیستم عامل OS X نسخه Lion استفاده می‌کند ولی اپل به خریداران این لپ‌تاپ، امکان ارتقا به Mountain Lion را به صورت رایگان فراهم کرده است.,1,0,positive,neutral,False,-1,1,182,36,adjacent_class_error,predicted_more_negative
12397,سلام بر همه ی عزیزان به نظر من یکی از گوشی های کامل سونی میباشد (تقریبا کامل ) اگه باطریش حداقل 2000 میلی آمپر بود تا حالا خریده بودمش تشکر از سایت خودمون دیجی کالا,1,0,positive,neutral,False,-1,1,164,35,adjacent_class_error,predicted_more_negative
10499,سلام به نظر من گوشی عالی هست من امروز خریدمش,1,2,positive,very_positive,False,1,1,44,10,adjacent_class_error,predicted_more_positive
1170,سرعت انتقال اطلاعات هم تو این هارد نسبت به هارد های ضدضربه و حتی بسیاری از هارد های عادی هم خیلی بهتره من خودم با USB 3 کمتر از 100 مگابایت نمیشه البته یه چیز تو سرعت انتقال از هارد کامپیوتر به این هارد تاثیر گذاره سرعت هارد کامپیوتره پس اگه هارد رو خریدید و داشتید کپی میکردید رو این هارد و سرعت کم بود اصلا غصه نخورید چون مشکل از هارد نیست با USB 2 خیلی سرعت کپی پایین میاد مثلا اگه 100 باشه میاد حدود 30 تا 40 مگ بر ثانیه در کل بگم که اگه USB 3 دارید و دنبال هارد میگردید این هارد رو حتما نسبت به بقیه هارد ها تو اولویت اول قرار بدید .,1,-1,positive,negative,False,-2,2,538,120,distant_class_error,predicted_more_negative
4166,سرعت بالای cpu دوربین مکالمه ویدئویی خوب نصب مستقیم برنامه ها و بازی های بر روی SD کارت بازی های HD رو هم راحت اجرا میکنه اما معایب: دوربین گوشی با اینکه 5 مگاپیکسله اما زیاد چنگی به دل نمیزنه.,1,-1,positive,negative,False,-2,2,193,40,distant_class_error,predicted_more_negative
10910,من کیفیت نوشتن آیپد نیو رو هم مقایسه کردم که قابل مقایسه با این نبود.,1,-1,positive,negative,False,-2,2,69,15,distant_class_error,predicted_more_negative
6853,صدای با کیفیت بیت هم از همه بهتر سخت افزار قوی هم جزو بهترین ویژگی هاشه!,1,2,positive,very_positive,False,1,1,72,16,adjacent_class_error,predicted_more_positive
9534,iphone1 یه انقلاب بود اما دیگه نه.,-1,0,negative,neutral,False,1,1,34,7,adjacent_class_error,predicted_more_positive
2117,ایا واقعا قابل رقابت با بهترین های همه پلفترم ها هست ؟,0,2,neutral,very_positive,False,2,2,54,12,distant_class_error,predicted_more_positive
9516,دوستان گلکسی نوت 2 و اس3 رو با این مینی کامپیوتر مقایسه نکنید تا وقتی در دست نگیرید نمیفهمید چه موبایلیه - انصافا جنس بدنه اش از گلکسی ها بهتر نیست ؟,1,0,positive,neutral,False,-1,1,149,32,adjacent_class_error,predicted_more_negative
13013,دوربین فیلم‌برداری JVC مدل GZ-HD3 به سه عدد CCD کارآمد 570.000 پیکسلی برای ثبت تصویر مجهز است.,1,0,positive,neutral,False,-1,1,94,17,adjacent_class_error,predicted_more_negative
10356,لنوو برند قابل اعتماد و خوبیه.,2,1,very_positive,positive,False,-1,1,30,6,adjacent_class_error,predicted_more_negative
9326,با این حال ابعاد آن کاملا کوچک است و به غیر از قطر، در عرض و طول حتی از SX160 IS هم کوچکتر می باشد.,0,1,neutral,positive,False,1,1,99,25,adjacent_class_error,predicted_more_positive
6243,نوت N7000 داشتم اینو گرفتم راضیم.,1,0,positive,neutral,False,-1,1,33,6,adjacent_class_error,predicted_more_negative
10272,اگر میگن این گوشی باتریش ضعیفه جیو اصلا باتری نداره.,1,-1,positive,negative,False,-2,2,52,10,distant_class_error,predicted_more_negative
575,• سخت افزار داخلی سری 4540s از لحاظ سخت افزار داخلی از تنوع بسیار بالایی برخوردارند.,1,2,positive,very_positive,False,1,1,84,16,adjacent_class_error,predicted_more_positive
1814,میزان SAR این گوشی اگر چه در حد استاندارد می باشد اما باید به آن توجه داشت.,0,1,neutral,positive,False,1,1,75,17,adjacent_class_error,predicted_more_positive
5425,اما به همه این امکانات یک فلاش LED را نیز اضافه نمایید.,0,1,neutral,positive,False,1,1,55,12,adjacent_class_error,predicted_more_positive
2684,البته از تنظیمات داخل دوربین هم می توان این کار را انجام داد.,0,-1,neutral,negative,False,-1,1,61,13,adjacent_class_error,predicted_more_negative
10384,UFDtoGo، ابزار قدرتمندی است که شما را برای هماهنگ کردن یا یکسان سازی اطلاعات (Synchronization)، ایمیل ها و لینک های مورد علاقه (Favorites) کمک نموده و به شما این امکان را می دهد که اطلاعات خود را بهمراه داشته باشید.,1,0,positive,neutral,False,-1,1,215,40,adjacent_class_error,predicted_more_negative
9202,در کل انتخاب خوبی هست برای ورود به دنیای عکاسی حرفه ای و قطعا شما رو به گرفتن عکسهای پیاپی ترغیب میکنه.,1,0,positive,neutral,False,-1,1,103,22,adjacent_class_error,predicted_more_negative
7971,عکسهای بسیار با کیفیتی میشه با این دوربین گرفت.,0,2,neutral,very_positive,False,2,2,47,9,distant_class_error,predicted_more_positive
6887,در ضمن در مورد باطری این رو هم بگم که مسلما باطری ضعیفه چون این توان انرژی رسانی به صفحه نمایش با این همه تعداد پیکسل رو که خودش هم از جنس ال سی دی و پر مصرف هست رو تا بیشتر از 5 یا 6 ساعت نداشته باشه.,-1,0,negative,neutral,False,1,1,201,49,adjacent_class_error,predicted_more_positive
12051,اصلا هم هنگ می کنه بازیه HD هم روش نصب کردم .,2,1,very_positive,positive,False,-1,1,45,12,adjacent_class_error,predicted_more_negative
7661,دوربین 13 هم که دیگه حرفی نمیذاره!,2,0,very_positive,neutral,False,-2,2,34,7,distant_class_error,predicted_more_negative
11239,مورد دیگری که در D600 هم وجود دارد و به آن اشاره کردیم، بیشینه ی سرعت شاتر این دو دوربین است که تا 1/4000 ثانیه بیشتر نیست.,-1,0,negative,neutral,False,1,1,123,27,adjacent_class_error,predicted_more_positive
8844,فقط فلش هربار با روشن کردن دوربین بیرون میاد که کاش این امکانو زمانی که دوربین در حالت عکاسی با فلش بود قرار میدادن.,0,-1,neutral,negative,False,-1,1,116,24,adjacent_class_error,predicted_more_negative
9774,"این دوربین در ضمن مجهز به نمایشگر 2.7 اینچی 230,000 پیکسلی نیز هست که در برابر دیگر ویژگی های این دوربین کاملا استاندارد می‌باشد.",1,2,positive,very_positive,False,1,1,129,24,adjacent_class_error,predicted_more_positive
12864,این پرینتر کاملا مناسب استفاده های سبک می باشد.,1,2,positive,very_positive,False,1,1,47,9,adjacent_class_error,predicted_more_positive
9619,"و شاید یک پردازنده 4 هسته ای برای گوشی هوشمندی بانام i phone5,مناسب تر بود.",-1,1,negative,positive,False,2,2,75,15,distant_class_error,predicted_more_positive
12781,خیلی خوبه ولی نه با این قیمت ، گلکسی II میخوردش ، با سرعت بیشتر ، صفحه لمسی بهتر و سایز بزرگتر مخصوصا از لحاظ بازی که انقدر اپل روش مانور میده ، اون بالا نوشته بود که کسایی که این گوشی رو دوست ندارن پول خریدنش رو ندارن ، این تعصبیه که شما به خرج میدید ، اصلا صفحه ورود اپل رو نگاه کنید صفحه ورود گلکسی یا حتی htc سنیسشن رو هم نگاه کنید ، تفاوت گرافیکش رو هم میتونید حس کنید که فقط یک تابو بیشتر نیست ، فوق العادست ولی بهترین گوشی دنیا نیست.,-1,1,negative,positive,False,2,2,440,98,distant_class_error,predicted_more_positive
4706,این گوشی از هر جهت از Optimus Black بهتره.,1,0,positive,neutral,False,-1,1,42,9,adjacent_class_error,predicted_more_negative
5638,اگه دیجی کالا بیاره حتما نفر اول خودم میخرم!,1,0,positive,neutral,False,-1,1,44,9,adjacent_class_error,predicted_more_negative
4193,در اجرای انواع بازی عملکرد رضایت‌بخشی داره نکته اینجاست که مثه آرک اس داغ نمی کنه و اما به نظر من یکی از مهم ترین خصوصیات یک اسمارت فون مصرف باتری اون هست که در مدت 6 ساعتی که باهاش بازی کردم فیلم با نور و صدای بلند گوش کردم با وای فای از بازار دانلود کردم تا باتری اولیش خالی بشه کلا رضایت‌بخش می شه اگه بهتون بگم که وقتی واسه اولین بار روشن کردم گوشی رو 46% بود باتری این یعنی عملکرد باتری امید‌بخشی در آینده می شه ازش انتظار داشت  خوش‌دسته ولی از فیلم برداری این گوشی نمیشه انتظار زیادی داشت با این قیمت فقط میشه گفت کامل,1,-1,positive,negative,False,-2,2,524,111,distant_class_error,predicted_more_negative
1673,در تست Google V8 نیز آیفون 5 مکان اول را به خود اختصاص داد و بعد از آن One X و آیفون 4S مکان‌های بعدی را به خود اختصاص دادند.,0,-1,neutral,negative,False,-1,1,125,30,adjacent_class_error,predicted_more_negative
237,سلام هر کی الان ion داره باید تجربه کرده باشه که با ضربه زدن به این دکمه های لمسی تقریبا اعصاب خودشو خورد میکنه همونطور که گفتم باید لمسشون کنین از پایین به بالا اصلا نقطه ای نیست فقط تست کنین,-1,0,negative,neutral,False,1,1,192,41,adjacent_class_error,predicted_more_positive
625,سه ماهی میشه که با همکاری یکی از دوستان این لب تاپ رو خریدم البته با وسواس زیاد هرچی تو دیجی کالا گشتیم در این رنج قیمت بهتر و کاملتر از اون نبود انصافا هم چه از نظر ظاهری و چه از نظر داخلی حرف نداره قیمتش هم از بازار ارزونتر بود از دیجی کالا بابت سایت خوبش ممنون,2,0,very_positive,neutral,False,-2,2,263,59,distant_class_error,predicted_more_negative
1892,اینترنت گردی با گوشی هم کار خیلی پسندیده ای نیست ولی با این حال توی صفحه 4 اینچی این کار واقعا لذت بخشه ولی لذت اینترنت گردی تو تبلت رو اصلا نداره.,0,1,neutral,positive,False,1,1,147,32,adjacent_class_error,predicted_more_positive
2641,هرچند که آن دوربین هم بدون ایراد نبود.,0,1,neutral,positive,False,1,1,38,8,adjacent_class_error,predicted_more_positive
7159,امیدوارم به مشکل نخورید.,0,-1,neutral,negative,False,-1,1,24,4,adjacent_class_error,predicted_more_negative
9963,یک نکته‌ی دیگر و به خصوص برای هموطنان عزیز فارسی زبان این است که شما فقط به زبان انگلیسی می‌توانید با Siri مکالمه داشته باشید.,-1,0,negative,neutral,False,1,1,126,25,adjacent_class_error,predicted_more_positive
5025,هدف از طراحی این واحد پردازش، اجرای روان‌تر تصاویر سه‌بعدی در بالاترین کیفیت و بیش‌ترین میزان فریم است.,1,0,positive,neutral,False,-1,1,103,18,adjacent_class_error,predicted_more_negative
9584,سلام دوستان این همه تبلیغات که از ایفون 5 شنیدیم هیچ کدوم درست از اب در نیومد مدلهای شیشه ای و لیزری و هزار تای دیگه این که با 4 اس فرقی نمیکنه فقط یه کم سیستمش رو ارتقا داده به نظرم سامسونگ گالکسی نوت و اس 3 از ایفون 5 بهترن مرسی دوستان,-2,0,very_negative,neutral,False,2,2,237,54,distant_class_error,predicted_more_positive
4919,این دوست عزیزمون که تو نقد نوشته با روزی سه ساعت بازی تو مدت 4 ماه این کنسول میزه ، باید بگم من یک سال که elite دارم و متوسط روزی 6.5 ساعت بازی می کنم و بزنم به تخته تا الان آخ نگفته تازه باهاش فیلم دی وی دی ام نگاه می کنم.,1,0,positive,neutral,False,-1,1,223,54,adjacent_class_error,predicted_more_negative
5962,اما بهتر است به سراغ ویژگی خاص این دوربین یعنی لنز آن برویم.,0,1,neutral,positive,False,1,1,60,13,adjacent_class_error,predicted_more_positive
11434,باطریه خوبی هم داره با توجه به پردازنده و رم عالیش.,2,1,very_positive,positive,False,-1,1,51,11,adjacent_class_error,predicted_more_negative
4126,با اینکه گوشی های ارزان قیمت بازار حرفی برای گفتن ندارند و چندان کارایی ندارند، اما Asha به این گونه نیست.,0,-1,neutral,negative,False,-1,1,106,21,adjacent_class_error,predicted_more_negative
1330,من یکی دارم و خیلی هم شیک و بادوام هستش و یه راهنمایی:حتما از برنامه iTunes استفاده کنید و آهنگ هاتون رو همینجوری داخل خود آی پاد شافل کپی نکنید که کار نمیکنه.,2,0,very_positive,neutral,False,-2,2,159,33,distant_class_error,predicted_more_negative
3912,اما HX200v با توجه به بهبودهایی که داشته، می‌تواند جایگاه مدل پیشین خود را در سال 2012 حفظ کند و تقریبا بهترین در کلاس خود باشد.,1,0,positive,neutral,False,-1,1,128,26,adjacent_class_error,predicted_more_negative
3909,این بسیار خوب است هرچند که ترجیح می‌دادیم به طرفین هم چرخش می‌کرد.,1,2,positive,very_positive,False,1,1,66,13,adjacent_class_error,predicted_more_positive
979,این در حالیست که سنسور تصویر بزرگ دوربین Canon G1x دارای سایزی در حد 18.7X14 میلی متر است.,0,-1,neutral,negative,False,-1,1,90,18,adjacent_class_error,predicted_more_negative
713,من این لپ تاپ رو دو هفته است که خریدم قبل از اینکه بخرم راجبش خیلی تحقیق کردم و از بین msi cx61 و asus k45vd اینو انتخاب کردم :hp 4540-a (از دیجی کالا هم ممنونم خیلی کمکم کرد) .,1,0,positive,neutral,False,-1,1,177,40,adjacent_class_error,predicted_more_negative
6658,امکانات این دوربین بسیار راضی کنندست.,1,2,positive,very_positive,False,1,1,37,6,adjacent_class_error,predicted_more_positive
255,اما معایبش که کمم نیستن اول کیفیت صداشه که باید بگم خیلی بده و این گوشی تقریبا فایل های صوتی رو به صورت مونو پخش میکنه.,-2,0,very_negative,neutral,False,2,2,119,26,distant_class_error,predicted_more_positive
8804,دوربیندوربین به کار رفته بر روی این گوشی، دارای یک سنسور تصویر 8 مگاپیکسلی به همراه فلاش LED است که با کمک رابط کاربری استاندارد ال‌جی، کار کردن با آن بسیار ساده شده است.,1,2,positive,very_positive,False,1,1,170,34,adjacent_class_error,predicted_more_positive
8172,نتیجه گیری بدون شک گوشی HTC Desire C از گوشی‌های رده متوسط دیگر نظیر HTC Wildfire و HTC Explorer و Samsung Galaxy Y و LG Optimus E3 بهتر است.,1,0,positive,neutral,False,-1,1,141,29,adjacent_class_error,predicted_more_negative
7504,برند ایسوس در چند سال اخیر با بهبود کیفیت و گسترش خدمات پس از فروش به رتبه 1 بین سایر رقبا تبدیل شده.,2,0,very_positive,neutral,False,-2,2,101,23,distant_class_error,predicted_more_negative
12072,من خودم یه دونه دارم خیلی خوب هستش و کیفیت بازی هاش هم خیلی خوبه ولی الان خیلی به‌صرفه نیست خریدنش,1,2,positive,very_positive,False,1,1,98,21,adjacent_class_error,predicted_more_positive
10724,انتظار می‌رفت که سونی همانند سامسونگ و ال‌جی، از باتری قدرتمندتری بر روی بهترین گوشی خود استفاده کند ولی در کل با وجود این، Xperia TX می‌تواند با مصارف روزمره به طور متوسط بین یک تا دو روز شارژدهی کند.,0,1,neutral,positive,False,1,1,201,40,adjacent_class_error,predicted_more_positive
3023,(قابل توجه دوستان مدل 3G اینفینیتی دو هسته ای هست که اون رو از رده چهار هسته ای ها خارج میکنه)این در حالیست که گلکسی نوت 10.1 نه تنها سیم کارت ساپورت میکنه بلکه میتونید باهاش تماس تلفنی (و تصویری با سیم کارت رایتل) داشته باشید که برای یک تبلت قابلیت خیلی خوبیه.,0,1,neutral,positive,False,1,1,261,53,adjacent_class_error,predicted_more_positive
7990,"به نظر من از نظر کیفیت از پناسونیک FZ200 ,sony vx 200 یک سر و گردن بالاتره .",2,1,very_positive,positive,False,-1,1,76,18,adjacent_class_error,predicted_more_negative
5760,برای مثال وقتی گوشی را بر می‌گردانید تا نمایشگر آن به سمت زمین باشد، به یک باره همه‌ی صداهای آن قطع می‌شود.,0,-1,neutral,negative,False,-1,1,107,22,adjacent_class_error,predicted_more_negative
6886,من به نظرم نوت 2 خیلی بیشتر از این می ارزه چرا که هم قیمتش کمتره و هم باطری قوی تری داره و کیفیت عکس هایی که سامسونگ میگیره خیلی بهتر از دوربین گوشی های اچ تی سی هست.,-1,2,negative,very_positive,False,3,3,166,39,distant_class_error,predicted_more_positive
8729,توی سایت رایتل هم تو لیست نیست.,-1,0,negative,neutral,False,1,1,31,7,adjacent_class_error,predicted_more_positive
10317,مصرف باطریش کمی زیاده اما اگه زیاد اهل بازی نباشید به مشکلی برنمیخورید.,-1,1,negative,positive,False,2,2,71,13,distant_class_error,predicted_more_positive
4038,اینکه خیلی ها میگن تفاوت زیادی با hx100v نداره اشتباهه؛ چیزهایی مثل زوم دیجیتال بسیار بالا، تکنولوژی تشخیص رنگ، ساپورت Eye-Fi، طبیعی‌تر شدن رنگها و.,2,0,very_positive,neutral,False,-2,2,148,25,distant_class_error,predicted_more_negative
2319,همین نیز توانایی فیلم برداری با کیفیت HD را به این دوربین داده است.,1,2,positive,very_positive,False,1,1,67,14,adjacent_class_error,predicted_more_positive
7324,• پورت‌ها و اتصالاتاز لحاظ پورت‌ها، سری 3 از تمام پورت‌های لازم برای مصارف روزمره بهره می‌برد.,2,1,very_positive,positive,False,-1,1,94,17,adjacent_class_error,predicted_more_negative
2663,آخری توانایی فوکوس در فاصله‌ی بسیار نزدیک را دارد.,0,2,neutral,very_positive,False,2,2,50,9,distant_class_error,predicted_more_positive
12327,مقدار خیلی کمی تفاوت وزن بین آن‌ها وجود دارد که آن هم به دلیل نمایشگر کوچکتر WX50 است.,0,1,neutral,positive,False,1,1,86,18,adjacent_class_error,predicted_more_positive
4138,کادو هم شده بود و کارت تبریک هم بود ..,0,-1,neutral,negative,False,-1,1,38,10,adjacent_class_error,predicted_more_negative
659,cpu هم که نسل سومه و در تستی که من کردم واقعا از لحاظ پروسس متحیر شدم ، به هیچ عنوان داغ نمیکنه و من اصلا با این مشکل تا به حال برخورد نکردم حتی در اجرای سنگین ترین بازیهای گرافیکی.,2,-1,very_positive,negative,False,-3,3,181,41,distant_class_error,predicted_more_negative
5823,باتری i9100 قویتر میکرد.,0,1,neutral,positive,False,1,1,24,4,adjacent_class_error,predicted_more_positive
3520,این برنامه به لیست کاملی از اکولایزرهای مختلف مجهز شده است.,1,0,positive,neutral,False,-1,1,59,11,adjacent_class_error,predicted_more_negative
4621,که با قیمتی که داره واقعا شگفت انگیزه .,1,2,positive,very_positive,False,1,1,39,9,adjacent_class_error,predicted_more_positive
7343,به طبع خبری هم از USB 3.0 نیست.,-1,0,negative,neutral,False,1,1,31,8,adjacent_class_error,predicted_more_positive
1171,• طراحی، ساخت و صفحه‌ی نمایش طراحی گوشی پدفون در یک کلمه زیباست.,1,2,positive,very_positive,False,1,1,64,13,adjacent_class_error,predicted_more_positive
9988,جمع بندیبرای جمع‌بندی باید بگوییم، همانطور که انتظار داشتیم، iPhone 4s بهترین گوشی آیفونی است که تا به حال دیده‌ایم.,2,1,very_positive,positive,False,-1,1,116,20,adjacent_class_error,predicted_more_negative
4978,البته کمبود هایی هم وجود دارند مانند عدم وجود مرورگر وب در مقابله با کنسول های هم نسل که کاربردهای بسیاری از جمله دیدن فیلم های آنلاین از سایت های مثل یوتوب را از شما می گیرد.,0,-1,neutral,negative,False,-1,1,175,37,adjacent_class_error,predicted_more_negative
10694,این گوشی هم یه شاهکاره دیگه از سونیه.,2,-1,very_positive,negative,False,-3,3,37,8,distant_class_error,predicted_more_negative
6219,مدیریت بر دو سیم کارت در نسخه دو سیم کارته این گوشی نیز به خوبی صورت می‌پذیرد که امکانات بسیار خوبی را به کاربر می‌دهد.,2,1,very_positive,positive,False,-1,1,119,25,adjacent_class_error,predicted_more_negative
6288,با سلام و خسته نباشید به همه دیجی کالایی ها: گوشی خیلی خوب و فراتر از انتظار تا باهاش کار نکنین پی به امکاناتش نمیبرین.,2,1,very_positive,positive,False,-1,1,119,25,adjacent_class_error,predicted_more_negative
1537,اما بر خلاف Note 10.1 که یک تبلت افقی است، طراحی این تبلت به صورت عمودیست.,0,1,neutral,positive,False,1,1,74,16,adjacent_class_error,predicted_more_positive
5431,البته در تست‌های ما این باتری تا یک و نیم روز استفاده عادی دوام آورد و جالب اینکه در حالت آماده به کار، بیش از 14 روز شارژ دهی نمود.,0,1,neutral,positive,False,1,1,132,30,adjacent_class_error,predicted_more_positive
11644,البته اون زمانی که من خریدم قیمت گوشی ارزونتر بود,0,-1,neutral,negative,False,-1,1,49,10,adjacent_class_error,predicted_more_negative
11773,45 درجه دما برای یک گوشی موبایل خیلی زیاده، همونطور هم که قبلا گفتم یک عامل مهم داغون شدن وسایل الکترونیکی گرماست!,-1,0,negative,neutral,False,1,1,114,22,adjacent_class_error,predicted_more_positive
3355,بالاخره سونی تصمیم گرفت در جشن 25 سالگی دوربین های هندی کم خود یکی از بهترین محصولات ساخته شده خود را وارد بازار کند یعنی دوربین SONY NEX VG10 دوربینی که مخصوص خلق شاهکارهای سینمایی می باشد و در سپتامبر امسال با قیمت 2000 به بازار جهانی عرضه می شود.,1,0,positive,neutral,False,-1,1,249,50,adjacent_class_error,predicted_more_negative
9222,نسبت به مدل قبل (600d) بهبود هایی داشته که کارایی اون رو بسیار افزایش میده .,2,1,very_positive,positive,False,-1,1,76,16,adjacent_class_error,predicted_more_negative
8137,بعیده به مشکل بر نخوره.,-1,0,negative,neutral,False,1,1,23,5,adjacent_class_error,predicted_more_positive
3513,این قابلیت به خصوص هنگامی که در حال خواندن مقاله و یا متنی هستید، کاربرد بسیاری دارد بطوریکه در حالت عادی صفحه گوشی بعد از مدت مشخصی (30 ثانیه، یک دقیقه، ..,1,0,positive,neutral,False,-1,1,156,32,adjacent_class_error,predicted_more_negative
7873,Fonepad به یک باتری لیتیوم-پلیمری با ظرفیت 4270 میلی آمپر-ساعت مجهز شده است.,0,1,neutral,positive,False,1,1,76,13,adjacent_class_error,predicted_more_positive
5840,من مدل i9100g دارم و اصلا داغ نمیکنه.,1,-1,positive,negative,False,-2,2,37,8,distant_class_error,predicted_more_negative
11220,این در حالیست که Mark III توانایی انجام این اعمال در مود RAW را نیز داشت.,0,-1,neutral,negative,False,-1,1,73,16,adjacent_class_error,predicted_more_negative
12675,به نظر همسرم و من نقاط قوت و ضعف اینا هستن: قوت: - کیفیت ساخت بالا - زیبایی -کی بورد بسیار راحت - دوربین با کیفیت عکس بی نظیر و فیلم برداری معقول HD - سرعت پردازنده مناسب - امکانات شبکه های اجتماعی - مکان یاب جغرافیایی بسیار قوی - کیفیت صفحه نمایش بسیار بالا - گالری مالتی مدیای خیلی قوی - دوربین مکالمات ویدیویی جلو که خیلی بدرد بخوره - نداشتن ضعف در آنتن دهی - صدای خوب - امکان خروجی با پورت HDMI که خیلی خوبه ضعف: - حافظه داخلی می تونست بیشتر باشه - رنگ نقره ایش قشنگتره ولی زیر نور زیاد و یا آفتاب نمی شه با کی بوردش کار کرد به علت رنگ نقره ایش و نور سفید رنگ کلیدها - واسه گوشیه ما هنوز آپدیت ICS 4.0 نیومده.,1,2,positive,very_positive,False,1,1,613,134,adjacent_class_error,predicted_more_positive
10048,این دو در کنار هم باعث می شوند تا کارکردن با Sleekbook در فضاهای خارجی و در زیر تابش نور آفتاب، مشکل باشد.,-1,0,negative,neutral,False,1,1,106,23,adjacent_class_error,predicted_more_positive
487,دوستمون در نقد بالایی نوشته سقوط نوکیا، اما تعداد زیادی از سایت ها این گوشی رو نجات دهنده ویندوز فون و نوکیا می دونن با این قیمت پایینش.,1,0,positive,neutral,False,-1,1,136,28,adjacent_class_error,predicted_more_negative
6901,و در آخر به جرات میتونم بگم که تابحال باهیچ گوشی به خوشدستی وسرعت بالایی مثل این کار نکرده بودم و در خرید این گوشی یک لحظه هم درنگ نکنید.,1,2,positive,very_positive,False,1,1,137,30,adjacent_class_error,predicted_more_positive
11687,من دارمش، گوشی خوبیه، فقط و فقط کیفیت عکس برداریش پایینه و با اینکه نوشته دوربینش 5 مگاپیکسله، فکر نکنم اینجور باشه.,0,-1,neutral,negative,False,-1,1,116,22,adjacent_class_error,predicted_more_negative
8060,با این حال سرعت هر دو نسبتا کم است ولی صدای موتور هیچ کدام در فیلم شنیده نمی‌شود.,1,-1,positive,negative,False,-2,2,81,18,distant_class_error,predicted_more_negative
3781,اگر قصد دارید که مدت زمان بیشتری به ضبط ویدیویی بپردازید می توانید از کارت های حافظه ی خارجی استفاده نمایید.,0,1,neutral,positive,False,1,1,108,21,adjacent_class_error,predicted_more_positive
12538,دوربیندوربین جایی است که در این گوشی جای بحث زیادی دارد، چرا که این قسمت همواره ویژگی بوده که شرکت در آن عقب‌تر از دیگر تولیدکنندگان بوده است.,0,-1,neutral,negative,False,-1,1,142,28,adjacent_class_error,predicted_more_negative
9293,یکی از این دو لنز، لنز 18-135 f/3.5-5.6 IS STM می باشد که با سیستم لرزش گیر اپتیکال جدید Dynamic IS همراه شده است.,1,0,positive,neutral,False,-1,1,114,24,adjacent_class_error,predicted_more_negative
5952,وقتی دوربین را بر روی این مود قرار می‌دهید، دوربین به یک دستگاه کاملا اتوماتیک تبدیل می‌شود.,0,1,neutral,positive,False,1,1,92,17,adjacent_class_error,predicted_more_positive
12027,این کار را هم میشه برای چند فایل همزمان انجام داد.,1,0,positive,neutral,False,-1,1,50,11,adjacent_class_error,predicted_more_negative
10512,کاش رو این مدل هم آندروید جدید نصب میکردند در کل گزینه خیلی خوبی به جای تیپو دوال هست,1,2,positive,very_positive,False,1,1,85,19,adjacent_class_error,predicted_more_positive
11611,کمینه‌ی سرعت شاتر این دوربین 8 ثانیه است که برای عکاسی در شب خیلی خوب است.,1,2,positive,very_positive,False,1,1,74,16,adjacent_class_error,predicted_more_positive
5170,اول اینکه سیستم بلورای ps3 در مورد حجم گیمهای این شرکت کارایی زیادی ندارد چون هر گیم مگه در حدود چند گیگ هستش !,-1,0,negative,neutral,False,1,1,111,24,adjacent_class_error,predicted_more_positive
5179,در ضمن با ورود تکنولوژی های جدید عمر این کنسول ها خیلی زودتر به پایان می رسد منظور من این است که بلورای پر هزینه و بی مصرف برای نسل های کنسول های جدید بکار میرود چون گیم های جدید در سال های اتی به حجم بیشتری و سخت افزار های گرافیکی و پردازشی جدیدتری احتیاج دارد یعنی عملا کل سیستم این کنسول ها باید تعویض گردد !,-1,0,negative,neutral,False,1,1,311,68,adjacent_class_error,predicted_more_positive
4984,در کل اگر می خواید یک دستگاه به روز رو داشته باشید تا بتونید بازی های روز جهان رو با اون بازی کنید من 100 درصد این کنسول رو پیشنهاد می کنم .,1,0,positive,neutral,False,-1,1,140,33,adjacent_class_error,predicted_more_negative
8717,3- با نصب نرم افزار MX Player روی این گوشی میتوان فیلمهای HD را بصورت روان و فیملهای Full HD را با کمی گیر پخش کرد.,1,0,positive,neutral,False,-1,1,115,26,adjacent_class_error,predicted_more_negative
1718,نهایتا دوربین دوم یا جلویی آن نیز ارتقا یافته و دارای سنسور 1.2 مگاپیکسلی گشته است که می‌تواند با کیفیت HD فیلم برداری نماید.,1,0,positive,neutral,False,-1,1,125,24,adjacent_class_error,predicted_more_negative
8178,ظاهر مکعبی کاملا حفظ شده است.,0,1,neutral,positive,False,1,1,29,6,adjacent_class_error,predicted_more_positive
2305,راه حل دیگه ای هم برای کسانی که مصرف بالایی دارن موجوده : میتونی یه کیت شارژ HTC با ظرفیت 5000 میلی آمپر تهیه کنی و زمانی که دسترسی به AC نداری ازش استفاده کنی.,1,0,positive,neutral,False,-1,1,160,35,adjacent_class_error,predicted_more_negative
224,من حدودا یه ماهه خریدمش همه چیش عالیه تو دیجی کالا نوشته 2.3 ولی اندروید 4.0.4 پیش فرض روش بود وای فایش مشکل داره یا خاموش نمیشه یا اگر روشنه وای فای رو سرچ نمیکنه ولی همچیش واقعا عالیه,1,2,positive,very_positive,False,1,1,185,39,adjacent_class_error,predicted_more_positive
8158,به کار گیری نسخه سبکی از رابط کاربری زیبای شرکت HTC یعنی HTC Sense 4.0 در کنار رابط کاربری استاندارد اندروید تجربه کار با این گوشی را بسیار لذت بخش و جذاب خواهد کرد.,2,1,very_positive,positive,False,-1,1,165,34,adjacent_class_error,predicted_more_negative
12026,"میتونین با اتصال گوشیتون به کامپیوتر با دوبار کلیک کردن رو فایل نصبی برنامه , براحتی برنامه ها تون رو نصب کنید .",1,0,positive,neutral,False,-1,1,112,23,adjacent_class_error,predicted_more_negative
12098,دوربین فیلمبرداری JVC GZ-MG335، کوچک ترین دوربین فیلمبرداری هارددیسکی است که در بازار موجود می باشد و دارای ویژگی ها و کاربردهایی است که استفاده از آن، ساده و لذت بخش است.,1,2,positive,very_positive,False,1,1,171,32,adjacent_class_error,predicted_more_positive
11774,پس از وسیله ایی که داغ می کنه حتی الامکان بپرهیزید!,-1,0,negative,neutral,False,1,1,51,11,adjacent_class_error,predicted_more_positive
5221,بنابراین به کمک اسپیکرهای خیلی خوب و نمایشگر با کیفیت، به راحتی می‌توانید با جمع دوستان به تماشای فیلم با N43SM بنشینید و یا به موسیقی گوش دهید.,2,1,very_positive,positive,False,-1,1,144,28,adjacent_class_error,predicted_more_negative
8633,رو قاب پشتی مخصوصا رنگ مشکی که من دارم اثر انگشت میمونه (زیاد) بهتر بود مثله optimus 4x باشه.,-1,0,negative,neutral,False,1,1,93,19,adjacent_class_error,predicted_more_positive
5111,۴٫ درایوهای Samsung در مدل‌های جدید که بعد از نیمه دوم سال ۲۰۰۷ تولید شده‌اند وجود ندارد.,-1,0,negative,neutral,False,1,1,89,17,adjacent_class_error,predicted_more_positive
3446,روی این دستگاه تا حدودی شلوغ بوده و تعداد زیادی کلید وجود دارد.,-1,0,negative,neutral,False,1,1,63,13,adjacent_class_error,predicted_more_positive
1690,اما طراحی کلی iOS 6 تنوع جدیدی را در اختیار کاربران قرار نمی‌دهد و به غیر از افزوده شدن یک ردیف بیشتر به برنامه های آن( به علت بزرگ‌تر شدن صفحه نمایش) تغییر دیگری را شاهد نیستیم.,-1,0,negative,neutral,False,1,1,178,37,adjacent_class_error,predicted_more_positive
8619,تنها مشکلش که دو دل هستم در خریدش اینه که 2 سیم کارت همزمان فعال نیستن!,1,-1,positive,negative,False,-2,2,71,16,distant_class_error,predicted_more_negative
7929,.با خرید 5 تا بازی vita میتونی یه دستگاه دیگه بخری,-1,0,negative,neutral,False,1,1,50,11,adjacent_class_error,predicted_more_positive
10294,حد اقل 8 صفحه نرم افزار روی این گوشی نسب کردم، از IDM گرفته تا چراغ قوه و ..,0,1,neutral,positive,False,1,1,76,19,adjacent_class_error,predicted_more_positive
3920,هرچند که همچنان تا ایزو 6400 هم عکس‌ها کاملا قابل استفاده هستند.,0,1,neutral,positive,False,1,1,64,12,adjacent_class_error,predicted_more_positive
10741,من که بیاد میخرمش!,1,0,positive,neutral,False,-1,1,18,4,adjacent_class_error,predicted_more_negative
8720,5- کیفیت صوت گوشی با اسپیکر خودش خوب و با هدفون بسیار خوب است.,1,2,positive,very_positive,False,1,1,62,14,adjacent_class_error,predicted_more_positive
198,acro s رو همه روی ضد آب بودنش مانور میدن که واقعا یه چیز تجملی هست، اولا چون ضد آبه ولی ضد ضربه نیست، پس وقتی یکی دوبار ضربه بخوره دیگه هیچ اطمینانی به قابلیت ضد آب بودنش بعد از ضربه نیست !,0,1,neutral,positive,False,1,1,189,43,adjacent_class_error,predicted_more_positive
7492,طراحی و ساختطراحی این گوشی کمی متفاوت‌تر از گوشی‌های دیگر خانواده لومیا است به طوری که لبه‌ها کمی انحنا داشته و صفحه نمایش آن کاملا تخت است.,0,1,neutral,positive,False,1,1,140,27,adjacent_class_error,predicted_more_positive
