index,sid,text,polarity,file,text_original
4,cr-5-5,در عوض رزولوشن بالای تصویر دقت تصاویر رو خیلی بالا برده و در آخر با پردازنده ی دو هسته ای این اسمارت فون شما قادر به انجام هر گونه بازی و مرور در صفحات وب به آسونی هستید,1,data/main/Sony Xperia Ion.xml,در عوض رزولوشن بالاي تصوير دقت تصاوير رو خيلي بالا برده و در آخر با پردازنده ي دو هسته اي اين اسمارت فون شما قادر به انجام هر گونه بازي و مرور در صفحات وب به آسوني  هستيد 
1,gr-39-2,ممنون دیجی کالا,0,data/main/HP_ProBook_4540s-A.xml,ممنون ديجي کالا 
18,cr-10-19,"""سپاس""",0,data/main/Apple iPhone 5 - 16GB.xml,"""سپاس"""
26,rev-27,خوب، Hero به طرز شگفت انگیزی کوچک و سبک وزن است.,1,data/main/GoPro HD Hero 960.xml,خوب، Hero  به طرز شگفت انگیزی کوچک و سبک وزن است.
48,rev-49,پس از اینکه کوچک و سبک بودن، آسانی نحوه ی اتصال، حمل و نقل، خاصیت ضد آب و ضد ضربه ی این دوربین بوسیله ی محافظ پلی کربناتی برای ما ثابت شد، به سراغ ویژگی های فیلم برداری و کیفیت آن می رویم.,1,data/main/GoPro HD Hero 960.xml,پس از اینکه کوچک و سبک بودن،  آسانی نحوه ی اتصال،  حمل و نقل،   خاصیت ضد آب و ضد ضربه ی این دوربین بوسیله ی محافظ پلی کربناتی برای ما ثابت شد،  به سراغ ویژگی های فیلم برداری و کیفیت آن می رویم.
77,rev-78,بر روی بدنه یک پورت USB 2.0 برای اتصال به رایانه به منظور انتقال فایل ها و شارژ باتری ، خروجی HDMI برای اتصال به تلوزیون های دیجیتال و جک 2.5 میلی متری صدا دیده می شود.,0,data/main/GoPro HD Hero 960.xml,بر روی بدنه یک پورت USB 2.0 برای اتصال به رایانه به منظور انتقال فایل ها و شارژ باتری ،  خروجی HDMI برای اتصال به تلوزیون های دیجیتال و جک 2.5 میلی متری صدا دیده می شود.
1,gr-7-2,واقعا محشره,2,data/main/Samsung Galaxy S III I9305 - 16GB.xml,"واقعاً محشره
"
45,cr-6-46,این کنترل از نسخه‌ی اولیه‌ی آن که در کنسول XBOX 360 نسخه‌ی Premium وجود داشت، بزرگ‌تر است و از لحاظ امکانات و قابلیت‌ها، از نسخه‌ی قبلی خود کامل‌تر است و این مساله استفاده‌ی آن را در کاربردهای مختلف افزایش می‌دهد.,1,data/main/Microsoft Xbox 360 Elite.xml,اين کنترل از نسخه‌ي اوليه‌ي آن که در کنسول XBOX 360 نسخه‌ي Premium وجود داشت، بزرگ ‌تر است و از لحاظ امکانات و قابليت‌ها، از نسخه‌ي قبلي خود کامل‌ تر است و اين مساله استفاده‌ي آن را در کاربردهاي مختلف افزايش مي‌دهد.
55,rev-56,دوربین اصلی این گوشی دارای یک سنسور 8 مگاپیکسلی می‌باشد که قابلیت فیلم برداری با کیفیت FullHD با سرعت 30 فریم بر ثانیه را نیز داراست.,0,data/main/LG Optimus Vu P895.xml,دوربین اصلی این گوشی دارای یک سنسور 8 مگاپیکسلی می‌باشد که قابلیت فیلم برداری با کیفیت FullHD با سرعت 30 فریم بر ثانیه را نیز داراست.
16,rev-17,محیط نرم افزاری به لطف پردازنده بسیار قدرتمند دو هسته ای و حافظه RAM بالا، بسیار روان است و می‌توانیم بگوییم که به جز حالتی که از تصویر پس زمینه متحرک استفاده کردیم، تقریبا هیچ‌گونه کاهش سرعتی هنگام کار کردن با این تبلت مشاهده نکردیم.,2,data/main/Samsung Galaxy Tab 2 10.1 P5100 - 16GB.xml,محیط نرم افزاری به لطف پردازنده بسیار قدرتمند دو هسته ای و حافظه RAM بالا،  بسیار روان است و می‌توانیم بگوییم که به جز حالتی که از تصویر پس زمینه متحرک استفاده کردیم،  تقریبا هیچ‌گونه کاهش سرعتی هنگام کار کردن با این تبلت مشاهده نکردیم.
27,rev-28,متاسفانه عکس‌های گرفته شده با دوربین این تبلت از کیفیت رضایت بخشی برخوردار نیستند.,-1,data/main/Samsung Galaxy Tab 2 10.1 P5100 - 16GB.xml,متاسفانه عکس‌های گرفته شده با دوربین این تبلت از کیفیت رضایت بخشی برخوردار نیستند.
0,gr-11-1,عالیه,2,data/main/HP LaserJet P1102.xml,عاليه
49,rev-50,در ضمن، یک دوربین 2 مگاپیکسلی نیز برای انجام مکالمات تصویری وجود دارد که برای این منظور بسیار مناسب و با کیفیت است.,2,data/main/Samsung I9082 Galaxy Grand Duos.xml,در ضمن، یک دوربین 2 مگاپیکسلی نیز برای انجام مکالمات تصویری وجود دارد که برای این منظور بسیار مناسب و با کیفیت است.
2,gr-1-3,واقعا عالیه,2,data/main/Samsung I9082 Galaxy Grand Duos.xml,واقعا عاليه
0,gr-27-1,عالیه,2,data/main/Samsung I9082 Galaxy Grand Duos.xml,عاليه 
10,rev-11,اما بعد از اینکه مدتی با آن کار می‌کنید، می‌بینید که آن طور هم که قبلا به نظر می‌آمد نیست و حس خوبی با آن خواهید داشت.,1,data/main/Samsung Galaxy S II Plus I9105 - 8GB.xml,اما بعد از اینکه مدتی با آن کار می‌کنید،  می‌بینید که آن طور هم که قبلا به نظر می‌آمد نیست و حس خوبی با آن خواهید داشت.
19,rev-20,حساسیت لمسی خود نمایشگر هم کاملا عالیست.,2,data/main/Samsung Galaxy S II Plus I9105 - 8GB.xml,حساسیت لمسی خود نمایشگر هم کاملا عالیست.
35,rev-36,روشنایی نمایشگر به وسیله‌ی سنسور سنجش نور محیطی می‌تواند به صورت خودکار تنظیم شود و این کار تا جایی که ما دیدیم کاملا درست انجام می‌گیرد.,1,data/main/Samsung Galaxy S II Plus I9105 - 8GB.xml,روشنایی نمایشگر به وسیله‌ی سنسور سنجش نور محیطی می‌تواند به صورت خودکار تنظیم شود و این کار تا جایی که ما دیدیم کاملا درست انجام می‌گیرد.
64,rev-65,عمل Pinch too Zoom که با دو انگشت صورت می‌گیرد، کاملا بدون خطاست.,1,data/main/Samsung Galaxy S II Plus I9105 - 8GB.xml,عمل Pinch too Zoom که با دو انگشت صورت می‌گیرد،  کاملا بدون خطاست.
66,rev-67,این مرورگر از Adobe Flash هم پشتیبانی می‌کند و محتوای آن از قبیل ویدیو و گرافیک نیز کاملا عالی اجرا می‌شود.,2,data/main/Samsung Galaxy S II Plus I9105 - 8GB.xml,این مرورگر از Adobe Flash هم پشتیبانی می‌کند و محتوای آن از قبیل ویدیو و گرافیک نیز کاملا عالی اجرا می‌شود.
1,gr-24-2,واقعا محشره.,2,data/main/Western Digital Portable My Passport - 1TB.xml,واقعا محشره.
88,-,طراحی و ساخت اولین بار که این گوشی را دیدیم به واقع متعجب شدیم.,0,data/extra/LG Optimus Vu P895_Hosseini.xml,طراحی و ساخت اولین بار که این گوشی را دیدیم به واقع متعجب شدیم.
89,-,علت اصلی این تعجب، ابعاد عجیب و منحصر به فرد این گوشی بود.,0,data/extra/LG Optimus Vu P895_Hosseini.xml,علت اصلی این تعجب،  ابعاد عجیب و منحصر به فرد این گوشی بود.
90,-,با اینکه سامسونگ با تولید گوشی‌های سری Note قصد داشت یک دستگاه مابین گوشی و تبلت ها را تولید نماید، اما در واقع این LG است که با تولید Optimus VU به این هدف نائل گشته است.,1,data/extra/LG Optimus Vu P895_Hosseini.xml,با اینکه سامسونگ با تولید گوشی‌های سری Note قصد داشت یک دستگاه مابین گوشی و تبلت ها را تولید نماید،  اما در واقع این LG است که با تولید Optimus VU به این هدف نائل گشته است.
91,-,در واقع، این گوشی شباهت زیادی به تبلت ها دارد، چرا که طراحی آن به گونه ایست که با عرض زیاد خود، در واقع یکی از عریض‌ترین گوشی‌های موجود در جهان به شمار می‌رود.,0,data/extra/LG Optimus Vu P895_Hosseini.xml,در واقع، این گوشی شباهت زیادی به تبلت ها دارد، چرا که طراحی آن به گونه ایست که با عرض زیاد خود، در واقع یکی از عریض‌ترین گوشی‌های موجود در جهان به شمار می‌رود.
92,-,اما به همان نسبت که ما از دیدن آن متعجب شدیم، شاید دیگران هم با دیدن این گوشی در کنار گوش افراد در حال مکالمه متعجب گردند و تصور نمایند که شاید یک تبلت با قابلیت مکالمه در دست شخص دیده‌اند.,0,data/extra/LG Optimus Vu P895_Hosseini.xml,اما به همان نسبت که ما از دیدن آن متعجب شدیم،  شاید دیگران هم با دیدن این گوشی در کنار گوش افراد در حال مکالمه متعجب گردند و تصور نمایند که شاید یک تبلت با قابلیت مکالمه در دست شخص دیده‌اند.
93,-,اگر در حالت خوش‌بینانه بتوانیم بگوییم که افراد دارای دست‌های بزرگ قادر خواهند بود با گلکسی نوت با یک دست شماره گیری نمایند، اما به واقع حتی برای همان افراد هم ما تصوری مبنی بر امکان کار و شماره گیری با یک دست با Optimus VU را نداریم.,0,data/extra/LG Optimus Vu P895_Hosseini.xml,اگر در حالت خوش‌بینانه بتوانیم بگوییم که افراد دارای دست‌های بزرگ قادر خواهند بود با گلکسی نوت با یک دست شماره گیری نمایند، اما به واقع حتی برای همان افراد هم ما تصوری مبنی بر امکان کار و شماره گیری با یک دست با Optimus VU را نداریم.
94,-,پهنای این گوشی کاملا در تضاد با اعتقاد اپل مبنی بر سایز 3.5 الی 4 اینچ استاندارد صفحه نمایش برای کار با یک دست است .,-1,data/extra/LG Optimus Vu P895_Hosseini.xml,پهنای این گوشی کاملاً در تضاد با اعتقاد اپل مبنی بر سایز 3.5 الی 4 اینچ استاندارد صفحه نمایش برای کار با یک دست است .
95,-,در ضمن، برای حمل و نقل این گوشی هم نمی‌توان بر روی جیب‌های شلوار جین حساب کرد.,-1,data/extra/LG Optimus Vu P895_Hosseini.xml,در ضمن، برای حمل و نقل این گوشی هم نمی‌توان بر روی جیب‌های شلوار جین حساب کرد.
96,-,اما اگر بزرگی این گوشی یک نکته منفی برای شما محسوب نمی‌گردد باید بگوییم که سبکی و باریکی آن بسیار کاربردی و خوش‌آیند است.,1,data/extra/LG Optimus Vu P895_Hosseini.xml,اما اگر بزرگی این گوشی یک نکته منفی برای شما محسوب نمی‌گردد باید بگوییم که سبکی و باریکی آن بسیار کاربردی و خوش‌آیند است.
97,-,قاب پشتی این گوشی با اینکه از جنس پلاستیک است، اما به علت بافت موجود بر روی آن، علاوه بر جلوه خوبی که به گوشی بخشیده است، از لیز خوردن آن از دست نیز جلوگیری می‌نماید.,1,data/extra/LG Optimus Vu P895_Hosseini.xml,قاب پشتی این گوشی با اینکه از جنس پلاستیک است،  اما به علت بافت موجود بر روی آن،  علاوه بر جلوه خوبی که به گوشی بخشیده است،  از لیز خوردن آن از دست نیز جلوگیری می‌نماید.
98,-,اما در کنار همه این‌ها، حالت فلزی قاب دور بدنه و البته کلید های استیل موجود در قاب، بر زیبایی گوشی افزوده‌اند.,1,data/extra/LG Optimus Vu P895_Hosseini.xml,اما در کنار همه این‌ها، حالت فلزی قاب دور بدنه و البته کلید های استیل موجود در قاب، بر زیبایی گوشی افزوده‌اند.
99,-,در لبه بالایی گوشی، کلید پاور به همراه درگاه microUSB همراه با درب کشویی فلزی و کلید انحصاری Quick memo و البته جک 3.5 میلی متری صدا قرار گرفته‌اند.,0,data/extra/LG Optimus Vu P895_Hosseini.xml,در لبه بالایی گوشی،  کلید پاور به همراه درگاه microUSB همراه با درب کشویی فلزی و کلید انحصاری Quick memo و البته جک 3.5 میلی متری صدا قرار گرفته‌اند.
100,-,در لبه سمت چپ هم شکاف سیم کارت وجود دارد که البته توسط درپوشی مخفی گردیده، و نهایتا کلیدهای کنترل صدا نیز در سمت راست گوشی تعبیه گردیده‌اند.,0,data/extra/LG Optimus Vu P895_Hosseini.xml,در لبه سمت چپ هم شکاف سیم کارت وجود دارد که البته توسط درپوشی مخفی گردیده،  و نهایتا کلیدهای کنترل صدا نیز در سمت راست گوشی تعبیه گردیده‌اند.
101,-,بر روی قاب پشتی گوشی هم دوربین به همراه فلاش LED محصور در یک قسمت فلزی به همراه بلندگو و یک لوگوی LG به چشم می‌خورند که منظره خوبی را برای قاب پشتی گوشی به وجود آورده‌اند.,1,data/extra/LG Optimus Vu P895_Hosseini.xml,بر روی قاب پشتی گوشی هم دوربین به همراه فلاش LED محصور در یک قسمت فلزی به همراه بلندگو و یک لوگوی LG به چشم می‌خورند که منظره خوبی را برای قاب پشتی گوشی به وجود آورده‌اند.
102,-,در زیر صفحه نمایش هم 4 کلید کنترلی خازنی وجود دارند.,0,data/extra/LG Optimus Vu P895_Hosseini.xml,در زیر صفحه نمایش هم 4 کلید کنترلی خازنی وجود دارند.
103,-,در کل، از نظر کیفیت ساخت عملکرد ال جی در مورد این گوشی رضایت‌بخش بوده است و از لحاظ طراحی نیز، به نظر ما طراحی Optimus VU زیبا و شکیل است، با این حال نظر در مورد زیبا بودن یا نبودن این گوشی را به شما می‌سپاریم.,1,data/extra/LG Optimus Vu P895_Hosseini.xml,در کل، از نظر کیفیت ساخت عملکرد ال جی در مورد این گوشی رضایت‌بخش بوده است و از لحاظ طراحی نیز، به نظر ما طراحی Optimus VU زیبا و شکیل است،  با این حال نظر در مورد زیبا بودن یا نبودن این گوشی را به شما می‌سپاریم.
104,-,صفحه نمایش صفحه نمایش این گوشی یک صفحه نمایش 5 اینچی از نوع IPS LCD می‌باشد.,0,data/extra/LG Optimus Vu P895_Hosseini.xml,صفحه نمایش صفحه نمایش این گوشی یک صفحه نمایش 5 اینچی از نوع IPS LCD می‌باشد.
105,-,رزولوشن این صفحه نمایش 1024×768 پیکسل می‌باشد که همانند آیپد مینی است.,0,data/extra/LG Optimus Vu P895_Hosseini.xml,رزولوشن این صفحه نمایش 1024×768 پیکسل می‌باشد که همانند آیپد مینی است.
106,-,روشنایی صفحه نمایش بسیار خوب و قابل تقدیر است، به طوری که به راحتی در زیر نور مستقیم آفتاب و در شرایط نوری قوی نیز می‌توان با آن کار کرد.,2,data/extra/LG Optimus Vu P895_Hosseini.xml,روشنایی صفحه نمایش بسیار خوب و قابل تقدیر است،  به طوری که به راحتی در زیر نور مستقیم آفتاب و در شرایط نوری قوی نیز می‌توان با آن کار کرد.
107,-,تراکم پیکسلی آن نیز 256ppi می‌باشد که باعث می‌گردد که پیکسل‌ها را حتی با دقت فراوان نیز مشاهده ننمایید.,0,data/extra/LG Optimus Vu P895_Hosseini.xml,تراکم پیکسلی آن نیز 256ppi می‌باشد که باعث می‌گردد که پیکسل‌ها را حتی با دقت فراوان نیز مشاهده ننمایید.
108,-,اما عجیب است که این صفحه نمایش با وجود بهره بردن از پنل IPS، عملکرد متوسطی را در زوایای مختلف به نمایش می‌گذارد.,-1,data/extra/LG Optimus Vu P895_Hosseini.xml,اما عجیب است که این صفحه نمایش با وجود بهره بردن از پنل IPS،  عملکرد متوسطی را در زوایای مختلف به نمایش می‌گذارد.
109,-,اما رزولوشن این صفحه نمایش نسبت تصویر 4:3 را ارائه می‌نماید.,0,data/extra/LG Optimus Vu P895_Hosseini.xml,اما رزولوشن این صفحه نمایش نسبت تصویر 4:3 را ارائه می‌نماید.
110,-,با وجود این نسبت تصویر، در هنگام خواندن متون و مرورگری اینترنت لذت فراوانی خواهید برد.,1,data/extra/LG Optimus Vu P895_Hosseini.xml,با وجود این نسبت تصویر، در هنگام خواندن متون و مرورگری اینترنت لذت فراوانی خواهید برد.
111,-,اما به واقع برای تماشای ویدئو، چندان مناسب نمی‌باشد.,-1,data/extra/LG Optimus Vu P895_Hosseini.xml,اما به واقع برای تماشای ویدئو، چندان مناسب نمی‌باشد.
112,-,ویدئو یا بسیار کشیده می‌شود و ابعاد نا مانوسی پیدا می‌نماید، و یا اینکه باید سیاهی‌های زیادی را در بالا و پایین صفحه تحمل نمایید.,-1,data/extra/LG Optimus Vu P895_Hosseini.xml,ویدئو یا بسیار کشیده می‌شود و ابعاد نا مأنوسی پیدا می‌نماید،  و یا اینکه باید سیاهی‌های زیادی را در بالا و پایین صفحه تحمل نمایید.
113,-,اما در مجموع، صفحه نمایش Optimus VU نیز عملکرد مناسبی را داراست.,1,data/extra/LG Optimus Vu P895_Hosseini.xml,اما در مجموع، صفحه نمایش Optimus VU نیز عملکرد مناسبی را داراست.
114,-,قلم Rubberdium همراه با Optimus VU، یک قلم نیز ارائه گردیده که ال جی آن‌را Rubberdium نامیده است.,0,data/extra/LG Optimus Vu P895_Hosseini.xml,قلم Rubberdium همراه با Optimus VU،  یک قلم نیز ارائه گردیده که ال جی آن‌را Rubberdium نامیده است.
115,-,این قلم نه از نظر ظاهری و نه از لحاظ کارایی، شباهت زیادی به قلم Note های سامسونگ ندارد و بیشتر می‌توان آن‌را یک قلم کمکی نامید که در کار با گوشی به کاربر کمک می‌نماید اما قابلیت‌های فوق‌العاده‌ای ندارد.,-1,data/extra/LG Optimus Vu P895_Hosseini.xml,این قلم نه از نظر ظاهری و نه از لحاظ کارایی، شباهت زیادی به قلم Note های سامسونگ ندارد و بیشتر می‌توان آن‌را یک قلم کمکی نامید که در کار با گوشی به کاربر کمک می‌نماید اما قابلیت‌های فوق‌العاده‌ای ندارد.
116,-,بیشترین کاربرد این قلم در هنگام کار با برنامه Memo می‌باشد.,0,data/extra/LG Optimus Vu P895_Hosseini.xml,بیشترین کاربرد این قلم در هنگام کار با برنامه Memo می‌باشد.
117,-,جایی که یک دفتر چه یادداشت به صورت پیش فرض قرار دارد که می‌توان در آن هر چیزی را به هر شکلی که دوست دارید ثبت نمایید.,1,data/extra/LG Optimus Vu P895_Hosseini.xml,جایی که یک دفتر چه یادداشت به صورت پیش فرض قرار دارد که می‌توان در آن هر چیزی را به هر شکلی که دوست دارید ثبت نمایید.
118,-,اما یک نکته منفی در مورد این گوشی، عدم وجود یک شکاف برای قرار گیری قلم در گوشی است که باعث می‌گردد همواره نگران گم شدن قلم باشید.,-1,data/extra/LG Optimus Vu P895_Hosseini.xml,اما یک نکته منفی در مورد این گوشی،  عدم وجود یک شکاف برای قرار گیری قلم در گوشی است که باعث می‌گردد همواره نگران گم شدن قلم باشید.
119,-,سخت افزار Optimus VU از سخت‌افزار قدرتمندی برخوردار است.,1,data/extra/LG Optimus Vu P895_Hosseini.xml,سخت افزار Optimus VU از سخت‌افزار قدرتمندی برخوردار است.
120,-,چیپ Nvidia Tegra3 به همراه پردازنده چهار هسته ای با فرکانس 1.5 گیگاهرتز و یک پردازشگر گرافیکی ULP GeForce، اجزای تشکیل دهنده سخت افزار این گوشی می‌باشند که به همراه یک گیگابایت حافظه رم، عملکرد بسیار خوب و روانی را به نمایش می‌گذارند.,2,data/extra/LG Optimus Vu P895_Hosseini.xml,چیپ Nvidia Tegra3 به همراه پردازنده چهار هسته ای با فرکانس 1.5 گیگاهرتز و یک پردازشگر گرافیکی ULP GeForce،  اجزای تشکیل دهنده سخت افزار این گوشی می‌باشند که به همراه یک گیگابایت حافظه رم، عملکرد بسیار خوب و روانی را به نمایش می‌گذارند.
121,-,این دستگاه دارای 32 گیگابایت حافظه داخلی است که متاسفانه با عدم پشتیبانی آن از کارت حافظه جانبی، باید به همین مقدار قناعت نمود.,-1,data/extra/LG Optimus Vu P895_Hosseini.xml,این دستگاه دارای 32 گیگابایت حافظه داخلی است که متأسفانه با عدم پشتیبانی آن از کارت حافظه جانبی،  باید به همین مقدار قناعت نمود.
122,-,با قابلیت پشتیبانی این گوشی از 3G، GPRS، Edge و Wi-Fi، دسترسی به اینترنت از روش‌های گوناگون امکان‌پذیر خواهد بود.,1,data/extra/LG Optimus Vu P895_Hosseini.xml,با قابلیت پشتیبانی این گوشی از 3G،  GPRS،  Edge و Wi-Fi،  دسترسی به اینترنت از روش‌های گوناگون امکان‌پذیر خواهد بود.
123,-,همچنین، ال جی بر روی این گوشی قابلیت DLNA و NFC را نیز قرار داده که در مورد NFC در بخش نرم افزار بیشتر توضیح خواهیم داد.,0,data/extra/LG Optimus Vu P895_Hosseini.xml,همچنین،  ال جی بر روی این گوشی قابلیت DLNA و NFC را نیز قرار داده که در مورد NFC در بخش نرم افزار بیشتر توضیح خواهیم داد.
124,-,در کل، عملکرد سخت‌افزاری این گوشی بسیار خوب است و در هنگام مرورگری اینترنت، بازی و یا حرکت در بین منوها، کاملا قدرتمند بودن آن را متوجه خواهید شد.,2,data/extra/LG Optimus Vu P895_Hosseini.xml,در کل، عملکرد سخت‌افزاری این گوشی بسیار خوب است و در هنگام مرورگری اینترنت،  بازی و یا حرکت در بین منوها،  کاملاً قدرتمند بودن آن را متوجه خواهید شد.
125,-,نرم افزار نسخه 4 سیستم‌عامل قدرتمند و محبوب اندروید، سیستم عامل منتخب ال جی برای این گوشی می‌باشد.,2,data/extra/LG Optimus Vu P895_Hosseini.xml,نرم افزار نسخه 4 سیستم‌عامل قدرتمند و محبوب اندروید، سیستم عامل منتخب ال جی برای این گوشی می‌باشد.
126,-,با وجود این سخت‌افزار قدرتمند و البته نسخه 4 سیستم عامل اندروید، می‌توان گفت که تقریبا همگی برنامه های موجود برای اندروید را می‌توان به راحتی بر روی Optimus VU نصب و اجرا نمود.,1,data/extra/LG Optimus Vu P895_Hosseini.xml,با وجود این سخت‌افزار قدرتمند و البته نسخه 4 سیستم عامل اندروید، می‌توان گفت که تقریبا همگی برنامه های موجود برای اندروید را می‌توان به راحتی بر روی Optimus VU نصب و اجرا نمود.
127,-,باز کردن قفل صفحه نمایش به زیبایی هر چه تمام‌تر و با کشیدن انگشت از وسط یک دایره به طرفین صورت می‌پذیرد که کاملا منحصر به ال جی است.,1,data/extra/LG Optimus Vu P895_Hosseini.xml,باز کردن قفل صفحه نمایش به زیبایی هر چه تمام‌تر و با کشیدن انگشت از وسط یک دایره به طرفین صورت می‌پذیرد که کاملا منحصر به ال جی است.
128,-,در صفحه اصلی، 5 آیکون دفتر تلفن، تماس‌ها، نوت بوک، پیام‌ها و برنامه‌ها قرار دارند.,0,data/extra/LG Optimus Vu P895_Hosseini.xml,در صفحه اصلی،  5 آیکون دفتر تلفن،  تماس‌ها،  نوت بوک،  پیام‌ها و برنامه‌ها قرار دارند.
129,-,همچنین 4 میانبر قابل تغییر نیز وجود دارند که می‌توان آن‌ها را به هر برنامه ای تخصیص داد.,0,data/extra/LG Optimus Vu P895_Hosseini.xml,همچنین 4 میانبر قابل تغییر نیز وجود دارند که می‌توان آن‌ها را به هر برنامه ای تخصیص داد.
130,-,از خوبی‌های گوشی‌های ساخت ال جی می‌توان به وجود ویجت‌های متنوع و کاربردی موجود در گوشی‌های ساخت این کمپانی اشاره نمود.,1,data/extra/LG Optimus Vu P895_Hosseini.xml,از خوبی‌های گوشی‌های ساخت ال جی می‌توان به وجود ویجت‌های متنوع و کاربردی موجود در گوشی‌های ساخت این کمپانی اشاره نمود.
131,-,در این گوشی هم ویجت‌های متنوعی وجود دارد.,1,data/extra/LG Optimus Vu P895_Hosseini.xml,در این گوشی هم ویجت‌های متنوعی وجود دارد.
132,-,به صورت پیش فرض بیش از 40 برنامه بر روی این گوشی وجود دارد که از مهم‌ترین آن‌ها می‌توان به App Manager، Backup، Google Chrome، File Share، Gmail، LG Tag Plus، Maps ، QuickMemo، PolarisOffice، VideoWiz و Weather اشاره نمود.,0,data/extra/LG Optimus Vu P895_Hosseini.xml,به صورت پیش فرض بیش از 40 برنامه بر روی این گوشی وجود دارد که از مهم‌ترین آن‌ها می‌توان به App Manager،  Backup،  Google Chrome،  File Share،  Gmail،   LG Tag Plus،  Maps ،  QuickMemo،  PolarisOffice،  VideoWiz و Weather اشاره نمود.
133,-,اما یکی از بهترین قابلیت‌های این گوشی، وجود NFC بر روی آن است.,2,data/extra/LG Optimus Vu P895_Hosseini.xml,اما یکی از بهترین قابلیت‌های این گوشی،  وجود NFC بر روی آن است.
134,-,ال جی با قرار دادن 3 تگ NFC در داخل جعبه این گوشی، امکان شخصی سازی آن‌ها را به کاربران داده است.,1,data/extra/LG Optimus Vu P895_Hosseini.xml,ال جی با قرار دادن 3 تگ NFC در داخل جعبه این گوشی، امکان شخصی سازی آن‌ها را به کاربران داده است.
135,-,به این صورت که کافیست آن‌ها را در محل کار، ماشین و یا منزل خود بچسبانید و تنظیمات هر کدام را نیز مطابق میل خود انجام دهید و مثلا برای محل کار تنظیمات مربوط به Wi-Fi، Data Network، میزان صدا، Wi-Fi hotspot و بلوتوث و برای ماشین تنظیمات مربوط به مسیر یاب، مقصد، بلوتوث و موزیک را شخصی سازی نمود.,0,data/extra/LG Optimus Vu P895_Hosseini.xml,به این صورت که کافیست آن‌ها را در محل کار،  ماشین و یا منزل خود بچسبانید و تنظیمات هر کدام را نیز مطابق میل خود انجام دهید و مثلا برای محل کار تنظیمات مربوط به Wi-Fi،  Data Network،  میزان صدا،  Wi-Fi hotspot و بلوتوث و برای ماشین تنظیمات مربوط به مسیر یاب،  مقصد،  بلوتوث و موزیک را شخصی سازی نمود.
136,-,بدین ترتیب به محض ورود به ماشین یا محل کار و نزدیک کردن گوشی به چیپ NFC موجود، کلیه تنظیمات گوشی مطابق میل شما تغییر خواهد کرد.,0,data/extra/LG Optimus Vu P895_Hosseini.xml,بدین ترتیب به محض ورود به ماشین یا محل کار و نزدیک کردن گوشی به چیپ NFC موجود،  کلیه تنظیمات گوشی مطابق میل شما تغییر خواهد کرد.
137,-,این یک امکان فوق‌العاده است که ال جی به کاربران Optimus VU هدیه داده است.,2,data/extra/LG Optimus Vu P895_Hosseini.xml,این یک امکان فوق‌العاده است که ال جی به کاربران Optimus VU هدیه داده است.
138,-,در کل، از نظر نرم افزاری نیز مشکل خاصی با این گوشی نخواهید داشت.,1,data/extra/LG Optimus Vu P895_Hosseini.xml,در کل، از نظر نرم افزاری نیز مشکل خاصی با این گوشی نخواهید داشت.
139,-,فقط امیدواریم ال جی در مورد Optimus VU سنت شکنی نماید و نسخه 4.1 سیستم عامل اندروید را برای این گوشی دوست‌داشتنی ارائه کند.,1,data/extra/LG Optimus Vu P895_Hosseini.xml,فقط امیدواریم ال جی در مورد Optimus VU سنت شکنی نماید و نسخه 4.1 سیستم عامل اندروید را برای این گوشی دوست‌داشتنی ارائه کند.
140,-,در ضمن، با وجود 32 گیگابایت حافظه داخلی، این گوشی یک مالتی مدیا پلیر نیز می‌باشد که می‌توان برای گوشی دادن به موسیقی روی آن حساب نمود.,0,data/extra/LG Optimus Vu P895_Hosseini.xml,در ضمن، با وجود 32 گیگابایت حافظه داخلی، این گوشی یک مالتی مدیا پلیر نیز می‌باشد که می‌توان برای گوشی دادن به موسیقی روی آن حساب نمود.
141,-,البته پیشنهاد می‌کنیم که برای این کار، از هدفون استفاده نمایید، چرا که کیفیت بلند گو ها چندان رضایت‌بخش نیستند.,-1,data/extra/LG Optimus Vu P895_Hosseini.xml,البته پیشنهاد می‌کنیم که برای این کار،  از هدفون استفاده نمایید،  چرا که کیفیت بلند گو ها چندان رضایت‌بخش نیستند.
142,-,دوربین اما از نظر قابلیت عکاسی، ال‌جی برای این مدل چیزی کم نگذاشته است.,1,data/extra/LG Optimus Vu P895_Hosseini.xml,دوربین اما از نظر قابلیت عکاسی،  ال‌جی برای این مدل چیزی کم نگذاشته است.
143,-,دوربین اصلی این گوشی دارای یک سنسور 8 مگاپیکسلی می‌باشد که قابلیت فیلم برداری با کیفیت FullHD با سرعت 30 فریم بر ثانیه را نیز داراست.,0,data/extra/LG Optimus Vu P895_Hosseini.xml,دوربین اصلی این گوشی دارای یک سنسور 8 مگاپیکسلی می‌باشد که قابلیت فیلم برداری با کیفیت FullHD با سرعت 30 فریم بر ثانیه را نیز داراست.
144,-,همچنین دقت عکس‌های گرفته شده 2448×3264 پیکسل می‌باشند.,0,data/extra/LG Optimus Vu P895_Hosseini.xml,همچنین دقت عکس‌های گرفته شده 2448×3264 پیکسل می‌باشند.
145,-,البته این دوربین امکانات متنوع و خوبی را در اختیار کاربر قرار می‌دهد.,1,data/extra/LG Optimus Vu P895_Hosseini.xml,البته این دوربین امکانات متنوع و خوبی را در اختیار کاربر قرار می‌دهد.
146,-,از جمله این امکانات می‌توان به فوکوس اتوماتیک، ثبت محل عکس، تشخیص چهره و لبخند و لرزش گیر اشاره کرد.,0,data/extra/LG Optimus Vu P895_Hosseini.xml,از جمله این امکانات می‌توان به فوکوس اتوماتیک،  ثبت محل عکس،  تشخیص چهره و لبخند و لرزش گیر اشاره کرد.
147,-,اما به همه این امکانات یک فلاش LED را نیز اضافه نمایید.,0,data/extra/LG Optimus Vu P895_Hosseini.xml,اما به همه این امکانات یک فلاش LED را نیز اضافه نمایید.
148,-,همچنین فیلم برداری آن نیز Full HD و با سرعت 30 فریم بر ثانیه صورت می‌پذیرد.,0,data/extra/LG Optimus Vu P895_Hosseini.xml,همچنین فیلم برداری آن نیز Full HD و با سرعت 30 فریم بر ثانیه صورت می‌پذیرد.
149,-,در کل عکس‌ها و فیلم‌های گرفته شده با این دوربین بسیار رضایت‌بخش و با کیفیت می‌باشند.,2,data/extra/LG Optimus Vu P895_Hosseini.xml,در کل عکس‌ها و فیلم‌های گرفته شده با این دوربین بسیار رضایت‌بخش و با کیفیت می‌باشند.
150,-,و در آخر، برای مکالمات تصویری شما یک دوربین 1.3 مگاپیکسلی در جلوی دوربین تعبیه شده که بسیار کاربردی است.,2,data/extra/LG Optimus Vu P895_Hosseini.xml,و در آخر، برای مکالمات تصویری شما یک دوربین 1.3 مگاپیکسلی در جلوی دوربین تعبیه شده که بسیار کاربردی است.
151,-,باتری باتری موجود بر روی Optimus VU یک باتری 2100 میلی آمپر ساعتی لیتیوم یونی می‌باشد.,0,data/extra/LG Optimus Vu P895_Hosseini.xml,باتری باتری موجود بر روی Optimus VU یک باتری 2100 میلی آمپر ساعتی لیتیوم یونی می‌باشد.
152,-,به نظر می‌رسد که این باتری برای یک گوشی در این سطح مقداری ضعیف باشد.,-1,data/extra/LG Optimus Vu P895_Hosseini.xml,به نظر می‌رسد که این باتری برای یک گوشی در این سطح مقداری ضعیف باشد.
153,-,البته در تست‌های ما این باتری تا یک و نیم روز استفاده عادی دوام آورد و جالب اینکه در حالت آماده به کار، بیش از 14 روز شارژ دهی نمود.,0,data/extra/LG Optimus Vu P895_Hosseini.xml,البته در تست‌های ما این باتری تا یک و نیم روز استفاده عادی دوام آورد و جالب اینکه در حالت آماده به کار،  بیش از 14 روز شارژ دهی نمود.
154,-,جمع بندی در کل، با یک گوشی جالب، منحصر به فرد از نظر ابعاد و البته قدرتمند از کمپانی LG آشنا شدیم.,2,data/extra/LG Optimus Vu P895_Hosseini.xml,جمع بندی در کل،  با یک گوشی جالب، منحصر به فرد از نظر ابعاد و البته قدرتمند از کمپانی LG آشنا شدیم.
155,-,با اینکه این محصول یک گوشی از کمپانی ال جی است، اما به واقع بی شباهت به یک تبلت نیست و با قابلیت‌های خوب سخت افزاری و نرم افزاری خود، می‌تواند خود را در بین گوشی‌های بازار مطرح نماید.,1,data/extra/LG Optimus Vu P895_Hosseini.xml,با اینکه این محصول یک گوشی از کمپانی ال جی است،  اما به واقع بی شباهت به یک تبلت نیست و با قابلیت‌های خوب سخت افزاری و نرم افزاری خود،  می‌تواند خود را در بین گوشی‌های بازار مطرح نماید.
156,-,اگر بزرگ بودن گوشی برای شما یک اولویت محسوب می‌گردد، Optimus VU بی شک یکی از برترین گزینه های موجود است.,1,data/extra/LG Optimus Vu P895_Hosseini.xml,اگر بزرگ بودن گوشی برای شما یک اولویت محسوب می‌گردد،  Optimus VU بی شک یکی از برترین گزینه های موجود است.
157,-,از نظر ظاهری و کیفیت ساخت می‌توان آن‌را حتی برتر از Note II سامسونگ نیز دانست.,1,data/extra/LG Optimus Vu P895_Hosseini.xml,از نظر ظاهری و کیفیت ساخت می‌توان آن‌را حتی برتر از Note II سامسونگ نیز دانست.
158,-,اما به هر حال، برای کسانی که ابعاد گوشی و امکان کار با یک دست برایشان مهم است، گوشی‌های بزرگ‌تر از 4.5 اینچ اصولا چندان کاربردی نیستند.,-1,data/extra/LG Optimus Vu P895_Hosseini.xml,اما به هر حال، برای کسانی که ابعاد گوشی و امکان کار با یک دست برایشان مهم است،  گوشی‌های بزرگ‌تر از 4.5 اینچ اصولا چندان کاربردی نیستند.
159,-,اما به نظر می‌رسد که این گوشی نیز جزو گوشی‌های موفق کمپانی ال جی قرار بگیرد.,1,data/extra/LG Optimus Vu P895_Hosseini.xml,اما به نظر می‌رسد که این گوشی نیز جزو گوشی‌های موفق کمپانی ال جی قرار بگیرد.
170,-,این دوربین ایده آل برای ورزشهای از قبیل پرواز، دوچرخه سواری، اسکی و اسکیت، سنگ نوردی، کوه نوردی، غار نوردی، بانجی جامپینگ، قایق رانی و دیگر ورزشهای از این دست می باشد. 2- مدل HD MotorSports HERO که مناسب برای علاقه مندان اتومبیل رانی، موتور سواری، دوچرخه سواری، کارتینگ و جت اسکی می باشد.,1,data/extra/GoPro HD Helmet Hero_Hosseini.xml,این دوربین ایده آل برای ورزشهای از قبیل پرواز، دوچرخه سواری،  اسکی و اسکیت،  سنگ نوردی،  کوه نوردی،  غار نوردی،  بانجی جامپینگ،  قایق رانی و دیگر ورزشهای از این دست می باشد. 2- مدل HD MotorSports HERO که مناسب برای علاقه مندان اتومبیل رانی،  موتور سواری،  دوچرخه سواری،  کارتینگ و جت اسکی می باشد.
171,-,این مدل دارای تجهیزاتی تکمیلی برای اتصال به فرمان، داشبورد، کلاه و بدنه خارجی انواع وسائط نقلیه از قبیل اتومبیل، موتورسیکلت، دوچرخه و جت اسکی است است.,0,data/extra/GoPro HD Helmet Hero_Hosseini.xml,این مدل دارای تجهیزاتی تکمیلی برای اتصال به فرمان،  داشبورد،  کلاه و بدنه خارجی انواع وسائط نقلیه از قبیل اتومبیل،  موتورسیکلت،  دوچرخه و جت اسکی است است.
186,-,خوب، Hero به طرز شگفت انگیزی کوچک و سبک وزن است.,1,data/extra/GoPro HD Helmet Hero_Hosseini.xml,خوب، Hero به طرز شگفت انگیزی کوچک و سبک وزن است.
208,-,پس از اینکه کوچک و سبک بودن، آسانی نحوه ی اتصال، حمل و نقل، خاصیت ضد آب و ضد ضربه ی این دوربین بوسیله ی محافظ پلی کربناتی برای ما ثابت شد، به سراغ ویژگی های فیلم برداری و کیفیت آن می رویم.,1,data/extra/GoPro HD Helmet Hero_Hosseini.xml,پس از اینکه کوچک و سبک بودن،  آسانی نحوه ی اتصال،  حمل و نقل، خاصیت ضد آب و ضد ضربه ی این دوربین بوسیله ی محافظ پلی کربناتی برای ما ثابت شد،  به سراغ ویژگی های فیلم برداری و کیفیت آن می رویم.
237,-,بر روی بدنه یک پورت USB 2.0 برای اتصال به رایانه به منظور انتقال فایل ها و شارژ باتری ، خروجی HDMI برای اتصال به تلوزیون های دیجیتال و جک 2.5 میلی متری صدا دیده می شود.,0,data/extra/GoPro HD Helmet Hero_Hosseini.xml,بر روی بدنه یک پورت USB 2.0 برای اتصال به رایانه به منظور انتقال فایل ها و شارژ باتری ، خروجی HDMI برای اتصال به تلوزیون های دیجیتال و جک 2.5 میلی متری صدا دیده می شود.
291,-,با سپاس,0,data/extra/Canon CanoScan LiDe 110.xml,با سپاس
311,-,سرعت اسکن نیز نسبتا بالا می باشد و اسکن یک صفحه ی سیاه و سفید را در 5.6 ثانیه و یک صفحه ی رنگی را در16.9 ثانیه اسکن می کند.,1,data/extra/Canon CanoScan LiDe 110.xml,سرعت اسکن نیز نسبتاً بالا می باشد و اسکن یک صفحه ی سیاه و سفید را در 5.6 ثانیه و یک صفحه ی رنگی را در16.9  ثانیه اسکن می کند.
330,-,نمایشگر کیفیت تصویر در صفحه نمایش به دو مشخصه رزولوشن و کنتراست بستگی دارد.,0,data/extra/GS-Pad GSP-X7_Hosseini.xml,نمایشگر کیفیت تصویر در صفحه نمایش به دو مشخصه رزولوشن و کنتراست بستگی دارد.
331,-,هرچه رزولوشن بالاتر باشد تعداد پیکسل‌های مورد استفاده در صفحه نمایشگر تبلت بیشتر بوده و در نتیجه تصویر واضح‌تر دیده می‌شود.,0,data/extra/GS-Pad GSP-X7_Hosseini.xml,هرچه رزولوشن بالاتر باشد تعداد پیکسل‌های مورد استفاده در صفحه نمایشگر تبلت بیشتر بوده و در نتیجه تصویر واضح‌تر دیده می‌شود.
332,-,به عبارت دیگر در نمایشگرهای با رزولوشن کم تصاویر به صورت شطرنجی دیده می‌شوند.,0,data/extra/GS-Pad GSP-X7_Hosseini.xml,به عبارت دیگر در نمایشگرهای با رزولوشن کم تصاویر به صورت شطرنجی دیده می‌شوند.
333,-,کنتراست تصویر بیانگر تفاوت تاریک‌ترین و روشن‌ترین رنگ‌ها می‌باشد.,0,data/extra/GS-Pad GSP-X7_Hosseini.xml,کنتراست تصویر بیانگر تفاوت تاریک‌ترین و روشن‌ترین رنگ‌ها می‌باشد.
334,-,هرچه کنتراست بیشتر باشد رنگ مشکی تاریک‌تر و رنگ سفید روشن‌تری خواهیم داشت، بنابراین تصویر با کیفیت بالا نمایش داده خواهد شد.,0,data/extra/GS-Pad GSP-X7_Hosseini.xml,هرچه کنتراست بیشتر باشد رنگ مشکی تاریک‌تر و رنگ سفید روشن‌تری خواهیم داشت،  بنابراین تصویر با کیفیت بالا نمایش داده خواهد شد.
335,-,تبلت GS-Pad مدل GSP-X7 با صفحه نمایش 7 اینچ و رزولوشن 480 × 800 پیکسل، دارای تصویری شفاف و واقعی می‌باشد.,1,data/extra/GS-Pad GSP-X7_Hosseini.xml,تبلت GS-Pad مدل GSP-X7 با صفحه نمایش 7 اینچ و رزولوشن 480 × 800 پیکسل،  دارای تصویری شفاف و واقعی می‌باشد.
336,-,به دلیل استفاده از پردازنده گرافیکی Cortex A8 با کنتراست بالا در تبلت GSP-X7 تصویر در مقایسه با تبلت‌هایی با رزولوشن مشابه وضوح بیشتری دارد.,0,data/extra/GS-Pad GSP-X7_Hosseini.xml,به دلیل استفاده از پردازنده گرافیکی Cortex A8 با کنتراست بالا در تبلت GSP-X7 تصویر در مقایسه با تبلت‌هایی با رزولوشن مشابه وضوح بیشتری دارد.
337,-,هماهنگ بودن مشخصات ذکر شده یکی از عوامل مهم به شمار می‌آید.,0,data/extra/GS-Pad GSP-X7_Hosseini.xml,هماهنگ بودن مشخصات ذکر شده یکی از عوامل مهم به شمار می‌آید.
338,-,سیستم عامل سیستم عامل تبلت GSP-X7 اندروید است.,0,data/extra/GS-Pad GSP-X7_Hosseini.xml,سیستم عامل سیستم عامل تبلت GSP-X7 اندروید است.
339,-,سیستم عامل اندروید با بیش از 700 هزار اپلیکیشن یکی از سیستم عامل‌های پر طرفدار می‌باشد.,0,data/extra/GS-Pad GSP-X7_Hosseini.xml,سیستم عامل اندروید با بیش از 700 هزار اپلیکیشن یکی از سیستم عامل‌های پر طرفدار می‌باشد.
340,-,تبلت GSP-X7 با بهره‌گیری از سیستم عامل اندروید ورژن ICS 4.0.4 محیط کاربری آسان با زبان فارسی را در اختیار کاربر قرار می‌دهد.,1,data/extra/GS-Pad GSP-X7_Hosseini.xml,تبلت GSP-X7 با بهره‌گیری از سیستم عامل اندروید ورژن ICS 4.0.4 محیط کاربری آسان با زبان فارسی را در اختیار کاربر قرار می‌دهد.
341,-,تبلت مذکور از تمام فرمت‌های کتاب الکترونیکی پشتیبانی می‌کند.,0,data/extra/GS-Pad GSP-X7_Hosseini.xml,تبلت مذکور از تمام فرمت‌های کتاب الکترونیکی پشتیبانی می‌کند.
342,-,ابعاد و وزن تبلت GSP-X7 با ابعاد 190.5 × 115 × 10.5 میلی‌متر و وزن 330 گرم تبلت ایده‌آل و مناسب برای کاربران است.,1,data/extra/GS-Pad GSP-X7_Hosseini.xml,ابعاد و وزن تبلت GSP-X7 با ابعاد 190.5 × 115 × 10.5 میلی‌متر و وزن 330 گرم تبلت ایده‌آل و مناسب برای کاربران است.
343,-,این تبلت به علت ابعاد و حجم کم و راحتی در حمل برای استفاده دانش‌آموزان و کاربرانی که به طور مداوم با تبلت کار می‌کنند، توصیه می‌شود.,1,data/extra/GS-Pad GSP-X7_Hosseini.xml,این تبلت به علت ابعاد و حجم کم و راحتی در حمل برای استفاده دانش‌آموزان و کاربرانی که به طور مداوم با تبلت کار می‌کنند،  توصیه می‌شود.
344,-,اتصالات خروجی ، ورودی میکروفون، پورت قابلیت اتصال صفحه کلید و ماوس USB-OTG و Mini USB و ورودی کارت حافظه Micro SDقابلیت اتصال به دستگاه تلفن همراه، کامپیوتر، هارد و..,0,data/extra/GS-Pad GSP-X7_Hosseini.xml,اتصالات خروجی ،  ورودی میکروفون،  پورت قابلیت اتصال صفحه کلید و ماوس USB-OTG و Mini USB و ورودی کارت حافظه Micro SDقابلیت اتصال به دستگاه تلفن همراه،  کامپیوتر،  هارد و..
345,-,امکانات زیادی را در اختیار کاربر قرار می‌دهد.,1,data/extra/GS-Pad GSP-X7_Hosseini.xml,امکانات زیادی را در اختیار کاربر قرار می‌دهد.
346,-,از جمله امکانات پرکاربرد می‌توان به موارد ذیل اشاره نمود :قابلیت پشتیبانی 3G و درنتیجه استفاده از اینترنت همراه، مکالمه تلفنی، GPS و GPRS حافظه حافظه داخلی 512 کیلوبایت و رم 8 گیگابایت با قابلیت ارتقا تا 32 گیگابایت، فضای کاربردی بالایی را در اختیار کاربران تبلت GSP-X7 قرار می‌دهد.,1,data/extra/GS-Pad GSP-X7_Hosseini.xml,از جمله امکانات پرکاربرد می‌توان به موارد ذیل اشاره نمود :قابلیت پشتیبانی 3G و درنتیجه استفاده از اینترنت همراه،  مکالمه تلفنی،  GPS و GPRS حافظه حافظه داخلی 512 کیلوبایت و رم 8 گیگابایت با قابلیت ارتقا تا 32 گیگابایت،  فضای کاربردی بالایی را در اختیار کاربران تبلت GSP-X7 قرار می‌دهد.
347,-,باتری طول عمر باتری در شرایط مختلف متفاوت است.,0,data/extra/GS-Pad GSP-X7_Hosseini.xml,باتری طول عمر باتری در شرایط مختلف متفاوت است.
348,-,بیشترین مصرف باتری در وب‌گردی، پخش ویدیو و بازی‌های ویدیویی می‌باشد.,0,data/extra/GS-Pad GSP-X7_Hosseini.xml,بیشترین مصرف باتری در وب‌گردی،  پخش ویدیو و بازی‌های ویدیویی می‌باشد.
349,-,باتری موجود در این تبلت 3000 میلی‌آمپری بوده و قابلیت شارژدهی 7 الی 8 ساعت را دارد که متناسب با ساعت حضور دانش‌آموزان در کلاس درس می‌باشد.,0,data/extra/GS-Pad GSP-X7_Hosseini.xml,باتری موجود در این تبلت 3000 میلی‌آمپری بوده و قابلیت شارژدهی 7 الی 8 ساعت را دارد که متناسب با ساعت حضور دانش‌آموزان در کلاس درس می‌باشد.
351,-,دوربین جلو، مودم WiFi، اسپیکر، میکروفون داخلی، قابلیت تشخیص 5 نقطه لمس همزمان و اپلیکیشن‌های جذاب و کاربردی تبلت GSP-X7 را یکی از محبوب‌ترین تبلت‌های 7 اینچی موجود در بازار ساخته است.,0,data/extra/GS-Pad GSP-X7_Hosseini.xml,دوربین جلو،  مودم WiFi،  اسپیکر،  میکروفون داخلی،  قابلیت تشخیص 5 نقطه لمس همزمان و اپلیکیشن‌های جذاب و کاربردی تبلت GSP-X7 را یکی از محبوب‌ترین تبلت‌های 7 اینچی موجود در بازار ساخته است.
352,-,وقتی که فوجی فیلم در نمایشگاه فوتوکینا سال 2010 دوربین مدل X100 خود را معرفی کرد، با ظاهر قدیمی و کیفیت عالی عکس های خود توانست نظر عکاسان حرفه ای را کاملا به خود جلب کند.,1,data/extra/Fujifilm X-Pro1_Hosseini.xml,وقتی که فوجی فیلم در نمایشگاه فوتوکینا سال 2010 دوربین مدل X100 خود را معرفی کرد،  با ظاهر قدیمی و کیفیت عالی عکس های خود توانست نظر عکاسان حرفه ای را کاملا به خود جلب کند.
353,-,هرچند که آن دوربین هم بدون ایراد نبود.,0,data/extra/Fujifilm X-Pro1_Hosseini.xml,هرچند که آن دوربین هم بدون ایراد نبود.
354,-,در مدل پس از آن یعنی X10 نیز ویژگی های دیگری اضافه شده بودند که علاوه بر رفع نواقص مدل پیشین آن را بیشتر مناسب عکاسان مبتدی کرده بود.,0,data/extra/Fujifilm X-Pro1_Hosseini.xml,در مدل پس از آن یعنی X10 نیز ویژگی های دیگری اضافه شده بودند که علاوه بر رفع نواقص مدل پیشین آن را بیشتر مناسب عکاسان مبتدی کرده بود.
355,-,اما این بار فوجی فیلم شاهکاری دیگر را خلق کرده است که قطعا در CES 2011 یکی از بهترین‌ها بود.,2,data/extra/Fujifilm X-Pro1_Hosseini.xml,اما این بار فوجی فیلم شاهکاری دیگر را خلق کرده است که قطعا در CES 2011 یکی از بهترین‌ها بود.
356,-,دوربین بدون آینه با لنز قابل تعویض X-Pro1، که به جرئت نخستین دوربین در کلاس خود می‌باشد که کاملا برای حرفه ای‌ها ساخته شده است.,1,data/extra/Fujifilm X-Pro1_Hosseini.xml,دوربین بدون آینه با لنز قابل تعویض X-Pro1،  که به جرئت نخستین دوربین در کلاس خود می‌باشد که کاملا برای حرفه ای‌ها ساخته شده است.
357,-,اکنون سعی می‌کنیم که بررسی اجمالی بر روی این دوربین داشته باشیم و پس از آمدن آن به بازار، نقد کاملی با تست کیفیت عکس های آن ارایه خواهیم داد.,0,data/extra/Fujifilm X-Pro1_Hosseini.xml,اکنون سعی می‌کنیم که بررسی اجمالی بر روی این دوربین داشته باشیم و پس از آمدن آن به بازار،  نقد کاملی با تست کیفیت عکس های آن ارایه خواهیم داد.
358,-,XPro-1 در حقیقت شروعی بر سری جدیدی از دوربین های بدون آینه فوجی فیلم است.,0,data/extra/Fujifilm X-Pro1_Hosseini.xml,XPro-1 در حقیقت شروعی بر سری جدیدی از دوربین های بدون آینه فوجی فیلم است.
359,-,به طوری که ماونت لنزی کاملا جدید و همچنین لنزهایی متفاوت برای آن ساخته شده اند.,1,data/extra/Fujifilm X-Pro1_Hosseini.xml,به طوری که ماونت لنزی کاملا جدید و همچنین لنزهایی متفاوت برای آن ساخته شده اند.
360,-,بعلاوه این دوربین کاملا و به صورت تمام عیار برای کاربران حرفه ای ساخته شده است.,0,data/extra/Fujifilm X-Pro1_Hosseini.xml,بعلاوه این دوربین کاملا و به صورت تمام عیار برای کاربران حرفه ای ساخته شده است.
361,-,از ویژگی های این دوربین می‌توان به سنسور تصویر 16 مگاپیکسلی APS-C X-Trans CMOS که بر روی دوربین های DSLR غیر فول فریم استفاده می‌شود، آرایه‌ی جدیدی از فیلتر رنگی، پردازشگر تصویر EXR، چشمی هیبریدی اپتیکال/ الکترونیکی همانند چشمی دوربین X100، پیچ های تنظیم مختلف، ماونت جدید الکترونیکی X، سرعت شاتر تا 1/4000 ثانیه و نمایشگر 3 اینچی 1.23 میلیون پیکسلی اشاره کرد.,0,data/extra/Fujifilm X-Pro1_Hosseini.xml,از ویژگی های این دوربین می‌توان به سنسور تصویر 16 مگاپیکسلی APS-C X-Trans CMOS که بر روی دوربین های DSLR غیر فول فریم استفاده می‌شود،  آرایه‌ی جدیدی از فیلتر رنگی،  پردازشگر تصویر EXR،  چشمی هیبریدی اپتیکال/ الکترونیکی همانند چشمی دوربین X100،  پیچ های تنظیم مختلف،  ماونت جدید الکترونیکی X،   سرعت شاتر تا 1/4000 ثانیه و نمایشگر 3 اینچی 1.23 میلیون پیکسلی اشاره کرد.
362,-,"بعلاوه در هنگام معرفی، سه لنز ثابت XF 18mm F2 R, XF 35mm F1.4 R, and XF 60mm F2.4 R Macro نیز با آن همراه شده اند.",0,data/extra/Fujifilm X-Pro1_Hosseini.xml,"بعلاوه در هنگام معرفی،  سه لنز ثابت XF 18mm F2 R, XF 35mm F1.4 R, and XF 60mm F2.4 R Macro نیز با آن همراه شده اند."
363,-,X-Pro1 ویژگی طراحی کلاسیک X100 را حفظ کرده است.,0,data/extra/Fujifilm X-Pro1_Hosseini.xml,X-Pro1 ویژگی طراحی کلاسیک X100 را حفظ کرده است.
364,-,ولی چیزی که کاملا مشهود است، اعمال تغییرات مثبتی بوده که بر اثر نظرات کاربران درباره‌ی نقاط ضعف X100 اعمال شده.,1,data/extra/Fujifilm X-Pro1_Hosseini.xml,ولی چیزی که کاملا مشهود است،  اعمال تغییرات مثبتی بوده که بر اثر نظرات کاربران درباره‌ی نقاط ضعف X100 اعمال شده.
365,-,برای مثال اکنون دکمه‌ی شاتر دارای یک دکمه‌ی مرکزی قفل است و پیچ تنظیم جبران نوردهی هم کمی در بدنه فرو رفته تا احتمال تغییر تصادفی آن کاهش یابد.,0,data/extra/Fujifilm X-Pro1_Hosseini.xml,برای مثال اکنون دکمه‌ی شاتر دارای یک دکمه‌ی مرکزی قفل است و پیچ تنظیم جبران نوردهی هم کمی در بدنه فرو رفته تا احتمال تغییر تصادفی آن کاهش یابد.
366,-,همچنین یک دکمه‌ی Q-menu هم برای دسترسی به عملکردهای اصلی بدون نیاز به رفتن به منوی اصلی به وجود آمده است.,0,data/extra/Fujifilm X-Pro1_Hosseini.xml,همچنین یک دکمه‌ی Q-menu هم برای دسترسی به عملکردهای اصلی بدون نیاز به رفتن به منوی اصلی به وجود آمده است.
367,-,در ضمن از نظر ابعاد، X-Pro1 کاملا از X100 بزرگتر و سنگین تر است و ظاهری کاملا جدی و حرفه ای تر دارد.,1,data/extra/Fujifilm X-Pro1_Hosseini.xml,در ضمن از نظر ابعاد،  X-Pro1 کاملا از X100 بزرگتر و سنگین تر است و ظاهری کاملا جدی و حرفه ای تر دارد.
368,-,بدنه نیز به طور کاملا از آلیاژ آلومینیوم ساخته شده که در جای جای آن روکش چرمی قرار دارد.,0,data/extra/Fujifilm X-Pro1_Hosseini.xml,بدنه نیز به طور کاملا از آلیاژ آلومینیوم ساخته شده که در جای جای آن روکش چرمی قرار دارد.
369,-,ولی تغییرات اصلی را می‌توانیم در درون دوربین شاهد باشیم.,0,data/extra/Fujifilm X-Pro1_Hosseini.xml,ولی تغییرات اصلی را می‌توانیم در درون دوربین شاهد باشیم.
370,-,جایی که سنسور تصویر 16 مگاپیکسلی APS-C Xtrans ساخت خود فوجی فیلم قرار گرفته و این بار فیلترهای سنتی Bayer برای تولید عکس رنگی با فیلتری کاملا پیچیده تر تعویض شده اند که طبق ادعای فوجی فیلم کیفیت رنگ را به طور چشمگیری افزایش داده است و دیگر به Low Pass Filter احتیاجی نیست.,1,data/extra/Fujifilm X-Pro1_Hosseini.xml,جایی که سنسور تصویر 16 مگاپیکسلی APS-C Xtrans ساخت خود فوجی فیلم قرار گرفته و این بار فیلترهای سنتی Bayer برای تولید عکس رنگی با فیلتری کاملا پیچیده تر تعویض شده اند که طبق ادعای فوجی فیلم کیفیت رنگ را به طور چشمگیری افزایش داده است و دیگر به Low Pass Filter احتیاجی نیست.
371,-,در حقیقت طبق ادعای فوجی فیلم، توانایی نمایش جزئیات رنگی این سنسور و کیفیت آن چیزی در حد سنسور تصویر 21 مگاپیکسلی دوربین فول فریم Canon 5D Mark II است!,0,data/extra/Fujifilm X-Pro1_Hosseini.xml,در حقیقت طبق ادعای فوجی فیلم،  توانایی نمایش جزئیات رنگی این سنسور و کیفیت آن چیزی در حد سنسور تصویر 21 مگاپیکسلی دوربین فول فریم Canon 5D Mark II است!
372,-,همانطور که گفتیم، این دوربین از ماونت جدید الکترونیکی بهره می‌برد و از همان اول با یک سری لنز ثابت با نسبت دیافراگم پایین همراه شده است که مکمل خوبی برای لنز 23 میلی متری f/2.0 دوربین X100 هستند.,1,data/extra/Fujifilm X-Pro1_Hosseini.xml,همانطور که گفتیم،  این دوربین از ماونت جدید الکترونیکی بهره می‌برد و از همان اول با یک سری لنز ثابت با نسبت دیافراگم پایین همراه شده است که مکمل خوبی برای لنز 23 میلی متری f/2.0 دوربین X100 هستند.
373,-,این لنزها شامل یک لنز واید 18 میلی متر f/2.0، لنز نرمال 35 میلی متری f/1.4 و لنز 60 میلی متر f/2.4 ماکرو تلفوتو می‌شوند.,0,data/extra/Fujifilm X-Pro1_Hosseini.xml,این لنزها شامل یک لنز واید 18 میلی متر f/2.0،  لنز نرمال 35 میلی متری f/1.4 و لنز 60 میلی متر f/2.4 ماکرو تلفوتو می‌شوند.
374,-,این لنزها با فاکترو 1.6 برابر به ترتیب فواصل کانونی معادل 28، 50 و 90 میلی متر را ارایه می‌دهند.,0,data/extra/Fujifilm X-Pro1_Hosseini.xml,این لنزها با فاکترو 1.6 برابر به ترتیب فواصل کانونی معادل 28،  50 و 90 میلی متر را ارایه می‌دهند.
375,-,آخری توانایی فوکوس در فاصله‌ی بسیار نزدیک را دارد.,0,data/extra/Fujifilm X-Pro1_Hosseini.xml,آخری توانایی فوکوس در فاصله‌ی بسیار نزدیک را دارد.
376,-,در ضمن همه‌ی آن‌ها دارای حلقه‌ی فوکوس دستی نیز هستند.,0,data/extra/Fujifilm X-Pro1_Hosseini.xml,در ضمن همه‌ی آن‌ها دارای حلقه‌ی فوکوس دستی نیز هستند.
377,-,چشمی هیبریدی اپتیکال/الکترونیکی دوربین X100 در این جا هم دیده می‌شود.,0,data/extra/Fujifilm X-Pro1_Hosseini.xml,چشمی هیبریدی اپتیکال/الکترونیکی دوربین X100 در این جا هم دیده می‌شود.
378,-,این چشمی توانایی ارایه دو بزرگنمایی متفاوت را دارد.,0,data/extra/Fujifilm X-Pro1_Hosseini.xml,این چشمی توانایی ارایه دو بزرگنمایی متفاوت را دارد.
379,-,یکی از آن‌ها بزرگنمایی 0.37 برابر است که میدان دید یک لنز 18 میلی متری را پوشش می‌دهد.,0,data/extra/Fujifilm X-Pro1_Hosseini.xml,یکی از آن‌ها بزرگنمایی 0.37 برابر است که میدان دید یک لنز 18 میلی متری را پوشش می‌دهد.
380,-,دومی بزرگنمایی 0.6 برابر است که میدان دید لنز 35 میلی متری را در بر می‌گیرد.,0,data/extra/Fujifilm X-Pro1_Hosseini.xml,دومی بزرگنمایی 0.6 برابر است که میدان دید لنز 35 میلی متری را در بر می‌گیرد.
381,-,برخلاف دوربین X100، این دوربین از شاتر سنتی Focal Plane بهره می‌برد که اصولا شاتر پر سر و صداتری است.,-1,data/extra/Fujifilm X-Pro1_Hosseini.xml,برخلاف دوربین X100،  این دوربین از شاتر سنتی Focal Plane بهره می‌برد که اصولا شاتر پر سر و صداتری است.
382,-,ولی در عین حال با آن خیلی راحت تر می‌توان به سرعت های شاتر بالاتر دسترسی پیدا کرد.,1,data/extra/Fujifilm X-Pro1_Hosseini.xml,ولی در عین حال با آن خیلی راحت تر می‌توان به سرعت های شاتر بالاتر دسترسی پیدا کرد.
383,-,این دوربین در ضمن نمایشگر بسیار با کیفیت تری نیز دارد.,2,data/extra/Fujifilm X-Pro1_Hosseini.xml,این دوربین در ضمن نمایشگر بسیار با کیفیت تری نیز دارد.
384,-,"X-Pro1 طبق معمول یک دوربین حرفه ای، توانایی عکاسی در فرمت RAW را دارد و از شوتینگ مودهای P,A,S,M هم بهره می‌برد.",0,data/extra/Fujifilm X-Pro1_Hosseini.xml,"X-Pro1 طبق معمول یک دوربین حرفه ای،  توانایی عکاسی در فرمت RAW را دارد و از شوتینگ مودهای P,A,S,M هم بهره می‌برد."
385,-,همچنین مجهز به توانایی فیلم برداری 1080p Full HD هم می‌باشد.,0,data/extra/Fujifilm X-Pro1_Hosseini.xml,همچنین مجهز به توانایی فیلم برداری 1080p Full HD هم می‌باشد.
386,-,"گستره‌ی حساسیت سنسور آن نیز از 100 تا 25,600 است.",0,data/extra/Fujifilm X-Pro1_Hosseini.xml,"گستره‌ی حساسیت سنسور آن نیز از 100 تا 25,600 است."
387,-,همچنین عکس‌ها و فیلم‌ها بر روی کارت حافظه‌ی SD/SDHC/SDXC ذخیره می‌شوند و باتری لیتیوم-یونی آن نیز در هر بار شارژ کامل توانایی پشتیبانی برای گرفتن تا 300 عکس را دارد.,0,data/extra/Fujifilm X-Pro1_Hosseini.xml,همچنین عکس‌ها و فیلم‌ها بر روی کارت حافظه‌ی SD/SDHC/SDXC ذخیره می‌شوند و باتری لیتیوم-یونی آن نیز در هر بار شارژ کامل توانایی پشتیبانی برای گرفتن تا 300 عکس را دارد.
388,-,به هر صورت همانطور که گفتیم، به نظر می‌رسد که این بار با دوربین بدون آینه با لنز قابل تعویضی مواجه هستیم که برای نخستین بار می‌تواند کیفیت عکسی در حد بهترین دوربین های DSLR را ارایه دهد.,1,data/extra/Fujifilm X-Pro1_Hosseini.xml,به هر صورت همانطور که گفتیم،  به نظر می‌رسد که این بار با دوربین بدون آینه با لنز قابل تعویضی مواجه هستیم که برای نخستین بار می‌تواند کیفیت عکسی در حد بهترین دوربین های DSLR را ارایه دهد.
389,-,چنین دوربینی کاملا می‌تواند استفاده‌ی حرفه ای داشته باشد و مورد علاقه‌ی بسیاری از عکاسان قرار گیرد.,1,data/extra/Fujifilm X-Pro1_Hosseini.xml,چنین دوربینی کاملا می‌تواند استفاده‌ی حرفه ای داشته باشد و مورد علاقه‌ی بسیاری از عکاسان قرار گیرد.
390,-,هرچند که باید منتظر آمدن آن به بازار و تست واقعی عکس های آن باشیم.,0,data/extra/Fujifilm X-Pro1_Hosseini.xml,هرچند که باید منتظر آمدن آن به بازار و تست واقعی عکس های آن باشیم.
391,-,به روز رسانی: کیفیت عکس های گرفته شده توسط X-Pro1 در حد فوق العاده و باور نکردنی است.,2,data/extra/Fujifilm X-Pro1_Hosseini.xml,به روز رسانی: کیفیت عکس های گرفته شده توسط X-Pro1 در حد فوق العاده و باور نکردنی است.
392,-,"به طوری که در تست های استاندارد؛ عکس ها از ایزو 100 تا 6400 به طور کلی فاقد نویز می باشند و فقط مقداری نویز از ایزو 12,800 مشاهده می گردد.",0,data/extra/Fujifilm X-Pro1_Hosseini.xml,"به طوری که در تست های استاندارد؛ عکس ها از ایزو 100 تا 6400 به طور کلی فاقد نویز می باشند و فقط مقداری نویز از ایزو 12,800 مشاهده می گردد."
393,-,"این در حالیست که در ایزو 25,600 نویز و کاهش غلظت رنگ بیشتری مشاهده می گردد.",0,data/extra/Fujifilm X-Pro1_Hosseini.xml,"این در حالیست که در ایزو 25,600 نویز و کاهش غلظت رنگ بیشتری مشاهده می گردد."
394,-,همانطور که گفتیم این عملکرد برای دوربینی با سنسور تصویر APS-C فوق العاده است و کیفیتی در حد دوربین های DSLR دارد.,2,data/extra/Fujifilm X-Pro1_Hosseini.xml,همانطور که گفتیم این عملکرد برای دوربینی با سنسور تصویر APS-C فوق العاده است و کیفیتی در حد دوربین های DSLR دارد.
395,-,عکس هایی که مستقیم از دوربین خارج می شوند کمی سافت هستند و می بایست مقداری شارپنینگ در فوتوشاپ بر روی آن ها صورت دهید.,0,data/extra/Fujifilm X-Pro1_Hosseini.xml,عکس هایی که مستقیم از دوربین خارج می شوند کمی سافت هستند و می بایست مقداری شارپنینگ در فوتوشاپ بر روی آن ها صورت دهید.
396,-,البته از تنظیمات داخل دوربین هم می توان این کار را انجام داد.,0,data/extra/Fujifilm X-Pro1_Hosseini.xml,البته از تنظیمات داخل دوربین هم می توان این کار را انجام داد.
397,-,کیفیت عکاسی در شب نیز همانند دوربین های DSLR عالیست به طوری که می توانید نوردهی به مدت 30 ثانیه و یا حتی حالت Bulb برای نوردهی نامحدود را نیز انتخاب کنید.,2,data/extra/Fujifilm X-Pro1_Hosseini.xml,کیفیت عکاسی در شب نیز همانند دوربین های DSLR عالیست به طوری که می توانید نوردهی به مدت 30 ثانیه و یا حتی حالت Bulb برای نوردهی نامحدود را نیز انتخاب کنید.
398,-,بدین ترتیب حتی می توان گفت که X-Pro1 می تواند جایگزینی بسیار مناسب و کوچک برای دوربین های DSLR عکاسان نجومی هم باشد، چرا که کوچک و سبک بودن دوربین برای این نوع عکاسی یک امتیاز مثبت است.,2,data/extra/Fujifilm X-Pro1_Hosseini.xml,بدین ترتیب حتی می توان گفت که X-Pro1 می تواند جایگزینی بسیار مناسب و کوچک برای دوربین های DSLR عکاسان نجومی هم باشد،  چرا که کوچک و سبک بودن دوربین برای این نوع عکاسی یک امتیاز مثبت است.
399,-,سرعت فوکوس خودکار این دوربین بهترینی نیست که تا به حال دیده ایم.,0,data/extra/Fujifilm X-Pro1_Hosseini.xml,سرعت فوکوس خودکار این دوربین بهترینی نیست که تا به حال دیده ایم.
400,-,به خصوص اینکه اگر پیش از این از DSLR ها استفاده کرده باشید این موضوع را متوجه خواهید شد و این به دلیل بهره گیری این دوربین از سیستم فوکوس خودکار Contrast Detection به جای Phase Detection دوربین های DSLR است.,0,data/extra/Fujifilm X-Pro1_Hosseini.xml,به خصوص اینکه اگر پیش از این از DSLR ها استفاده کرده باشید این موضوع را متوجه خواهید شد و این به دلیل بهره گیری این دوربین از سیستم فوکوس خودکار Contrast Detection به جای Phase Detection دوربین های DSLR است.
401,-,اما X-Pro1 از سیستم فوکوس خودکاری 49 نقطه ای بهره می برد که در گریدی 7X7 قرار گرفته اند و در ضمن سایز هر نقطه ی فوکوس قابل تغییر است.,0,data/extra/Fujifilm X-Pro1_Hosseini.xml,اما X-Pro1 از سیستم فوکوس خودکاری 49 نقطه ای بهره می برد که در گریدی 7X7 قرار گرفته اند و در ضمن سایز هر نقطه ی فوکوس قابل تغییر است.
402,-,بدین ترتیب فوکوس خودکار می تواند خیلی دقیق صورت گیرد.,2,data/extra/Fujifilm X-Pro1_Hosseini.xml,بدین ترتیب فوکوس خودکار می تواند خیلی دقیق صورت گیرد.
403,-,همانطور که اشاره کردیم، چشمی این دوربین یک چشمی اپتیکال معمولی نیست بلکه یک چشمی هیبریدی اپتیکال/الکترونیکی است.,1,data/extra/Fujifilm X-Pro1_Hosseini.xml,همانطور که اشاره کردیم،  چشمی این دوربین یک چشمی اپتیکال معمولی نیست بلکه یک چشمی هیبریدی اپتیکال/الکترونیکی است.
404,-,فوجی فیلم یک منشور داخل چشمی اپتیکال گالیله ای گذاشته که به کمک چشمی الکترونیکی می آید.,0,data/extra/Fujifilm X-Pro1_Hosseini.xml,فوجی فیلم یک منشور داخل چشمی اپتیکال گالیله ای گذاشته که به کمک چشمی الکترونیکی می آید.
405,-,این چشمی می تواند اطلاعات مختلفی را در عکاسی به شما نشان دهد.,0,data/extra/Fujifilm X-Pro1_Hosseini.xml,این چشمی می تواند اطلاعات مختلفی را در عکاسی به شما نشان دهد.
406,-,همچنین شما در حقیقت یک چشمی اپتیکال بزرگ و روشن خواهید داشت که مساحت بیشتری از آن چه واقعا در هنگام عکاسی در فریم ثبت می شود را با آن می توانید ببینید.,1,data/extra/Fujifilm X-Pro1_Hosseini.xml,همچنین شما در حقیقت یک چشمی اپتیکال بزرگ و روشن خواهید داشت که مساحت بیشتری از آن چه واقعا در هنگام عکاسی در فریم ثبت می شود را با آن می توانید ببینید.
407,-,این برای دیدن سوژه هایی که ممکن است به کادر شما وارد شوند خوب است.,1,data/extra/Fujifilm X-Pro1_Hosseini.xml,این برای دیدن سوژه هایی که ممکن است به کادر شما وارد شوند خوب است.
408,-,همچنین یک مستطیل نشان دهنده ی اختلاف منظر هم وجود دارد که می تواند حدود عکس واقعی که توسط سنسور تصویر ثبت می شود را با دقتی نسبتا خوب به شما نشان دهد.,1,data/extra/Fujifilm X-Pro1_Hosseini.xml,همچنین یک مستطیل نشان دهنده ی اختلاف منظر هم وجود دارد که می تواند حدود عکس واقعی که توسط سنسور تصویر ثبت می شود را با دقتی نسبتا خوب به شما نشان دهد.
409,-,"از همه جالب تر اینکه شما می توانید به راحتی و به طور کامل بین استفاده از چشمی اپتیکال و الکترونیکی سویچ کنید تا به طور کامل تصویر یک چشمی الکترونیکی با رزولوشن 1,440,000 پیکسل برای شما به نمایش در آید.",1,data/extra/Fujifilm X-Pro1_Hosseini.xml,"از همه جالب تر اینکه شما می توانید به راحتی و به طور کامل بین استفاده از چشمی اپتیکال و الکترونیکی سویچ کنید تا به طور کامل تصویر یک چشمی الکترونیکی با رزولوشن 1,440,000 پیکسل برای شما به نمایش در آید."
410,-,این تصویر دقیقا همان تصویری است که توسط سنسور تصویر دریافت می شود و بر روی نمایشگر پشت دوربین هم به نمایش در می آید و بنابراین هیچ گونه اختلاف منظری با عکس شما ندارد.,0,data/extra/Fujifilm X-Pro1_Hosseini.xml,این تصویر دقیقا همان تصویری است که توسط سنسور تصویر دریافت می شود و بر روی نمایشگر پشت دوربین هم به نمایش در می آید و بنابراین هیچ گونه اختلاف منظری با عکس شما ندارد.
411,-,در مورد عملکرد، همانطور که گفتیم فوکوس خودکار واقعا بهترین نیست ولی در عین حال Shutter Lag هم وجود ندارد تا به محض فشردن دکمه ی شاتر عکس گرفته شود.,-1,data/extra/Fujifilm X-Pro1_Hosseini.xml,در مورد عملکرد،  همانطور که گفتیم فوکوس خودکار واقعا بهترین نیست ولی در عین حال Shutter Lag هم وجود ندارد تا به محض فشردن دکمه ی شاتر عکس گرفته شود.
412,-,سرعت عکاسی پیاپی هم با 6 فریم بر ثانیه تا 40 عکس JPEG و 10 عکس RAW خیلی عالیست و بیشتر از دوربین های DSLR سطح مبتدی است.,2,data/extra/Fujifilm X-Pro1_Hosseini.xml,سرعت عکاسی پیاپی هم با 6 فریم بر ثانیه تا 40 عکس JPEG و 10 عکس RAW خیلی عالیست و بیشتر از دوربین های DSLR سطح مبتدی است.
413,-,اما پس از اینکه عکاسی پیاپی را برای تعداد زیادی عکس انجام دادید مدت نسبتا زیادی دوربین قفل می شود تا عکس ها بر روی کارت حافظه ذخیره شوند.,0,data/extra/Fujifilm X-Pro1_Hosseini.xml,اما پس از اینکه عکاسی پیاپی را برای تعداد زیادی عکس انجام دادید مدت نسبتا زیادی دوربین قفل می شود تا عکس ها بر روی کارت حافظه ذخیره شوند.
414,-,همچنین اگر یک عکس Raw+JPEG بگیرید ذخیره ی آن بر روی کارت حافظه حدود 8 ثانیه به طول می انجامد که زیاد است.,-1,data/extra/Fujifilm X-Pro1_Hosseini.xml,همچنین اگر یک عکس Raw+JPEG بگیرید ذخیره ی آن بر روی کارت حافظه حدود 8 ثانیه به طول می انجامد که زیاد است.
415,-,اما خوشبختانه دوربین در این هنگام قفل نمی شود و می توانید عکس بعدی را هم بگیرید.,0,data/extra/Fujifilm X-Pro1_Hosseini.xml,اما خوشبختانه دوربین در این هنگام قفل نمی شود و می توانید عکس بعدی را هم بگیرید.
416,-,از نظر کیفیت ساخت، همانند دیگر دوربین های سری X فوجی فیلم، این دوربین هم به طرز خیلی عجیبی متسحکم و خوش ساخت است.,1,data/extra/Fujifilm X-Pro1_Hosseini.xml,از نظر کیفیت ساخت،  همانند دیگر دوربین های سری X فوجی فیلم،  این دوربین هم به طرز خیلی عجیبی متسحکم و خوش ساخت است.
417,-,هیچ خمش یا تکانی در شاسی به چشم نمی خورد و صفحه های بالایی و پایینی هم از فلز آلیاژ منیزیوم ساخته شده اند.,0,data/extra/Fujifilm X-Pro1_Hosseini.xml,هیچ خمش یا تکانی در شاسی به چشم نمی خورد و صفحه های بالایی و پایینی هم از فلز آلیاژ منیزیوم ساخته شده اند.
418,-,همچنین از چیزی که در نگاه نخست ممکن است به نظر برسد هم سبک تر است و با وزن تنها 450 گرم هم وزن X100 می باشد.,1,data/extra/Fujifilm X-Pro1_Hosseini.xml,همچنین از چیزی که در نگاه نخست ممکن است به نظر برسد هم سبک تر است و با وزن تنها 450 گرم هم وزن X100 می باشد.
774,-,واقعا بی نظیره، من اگر بازم بخواهم دوباره هارد اکسترنال بگیرم انتخابم همین مارک و مدل هست، واقعا سرعت بالا آمدنش عالیه مثل فلش مموری، امنیتش که خیلی برام مهم بود یکی دیگر از مزیتاشه با یک پسورد مطمئن تمام اطلاعات شما حفظ میشه و در کل الان 6 ماهه که گرفتم و ازش راضی هستم ممنون از سایت خوب دیجی کالا,2,data/extra/Western Digital Portable My Passport - 1TB_Hosseini.xml,واقعا بي نظيره،  من اگر بازم بخواهم دوباره هارد اکسترنال بگيرم انتخابم همين مارک و مدل هست،  واقعا سرعت بالا آمدنش عاليه مثل فلش مموري،  امنيتش که خيلي برام مهم بود يکي ديگر از مزيتاشه با يک پسورد مطمئن تمام اطلاعات شما حفظ ميشه و در کل الان 6 ماهه که گرفتم و ازش راضي هستم ممنون از سايت خوب ديجي کالا
777,-,قیمت مناسب، اندازه ی کوچک، طراحی شیک و جمع و جور، کیفیت ساخت خوب,2,data/extra/Western Digital Portable My Passport - 1TB_Hosseini.xml,قيمت مناسب، اندازه ي کوچک، طراحي شيک و جمع و جور، کيفيت ساخت خوب
780,-,به صرفه نیست و تنوع رنگ هم نداره.,-1,data/extra/Western Digital Portable My Passport - 1TB_Hosseini.xml,به صرفه نيست و تنوع رنگ هم نداره.
792,-,بسته بندی خیلی عالی از دیجی کالا شده بود.,2,data/extra/Western Digital Portable My Passport - 1TB_Hosseini.xml,بسته بندي خيلي عالي از ديجي کالا شده بود.
803,-,تا به امروز هر چی از دیجی کالا خریدم با کیفیت بوده و راضی بودم .,1,data/extra/Western Digital Portable My Passport - 1TB_Hosseini.xml,تا به امروز هر چي از ديجي کالا خريدم با کيفيت بوده و راضي بودم .
807,-,دوم اینکه اگر هارد بر اثر مجاورت با یک منبع گرمایی مانند گیرنده های دیجیتال بیش ازحد گرم بشه به طور اتوماتیک خودش از کار میفته و از سوختن و گرمای بیشتر جلوگیری میکنه.,1,data/extra/Western Digital Portable My Passport - 1TB_Hosseini.xml,دوم اينکه اگر هارد بر اثر مجاورت با يک منبع گرمايي مانند گيرنده هاي ديجيتال بيش ازحد گرم بشه به طور اتوماتيک خودش از کار ميفته و از سوختن و گرماي بيشتر جلوگيري ميکنه.
809,-,چون در اثر استفاده ناصحیح پین های mini usb خود کابل دچار مشکل میشه و باعث قطع و وصل مکرر و آسیب هارد میشه و مجبوریم کابل دیگه ای تهیه کنیم.,-1,data/extra/Western Digital Portable My Passport - 1TB_Hosseini.xml,چون در اثر استفاده ناصحيح پين هاي mini usb خود کابل دچار مشکل ميشه و باعث قطع و وصل مکرر و آسيب هارد ميشه و مجبوريم کابل ديگه اي تهيه کنيم.
811,-,واقعا محشره.,2,data/extra/Western Digital Portable My Passport - 1TB_Hosseini.xml,واقعا محشره.
812,-,فقط میتونم بگم فوق العاده ست.,2,data/extra/Western Digital Portable My Passport - 1TB_Hosseini.xml,فقط ميتونم بگم فوق العاده ست.
819,-,در یک کلام ، فوق العادست.,2,data/extra/Western Digital Portable My Passport - 1TB_Hosseini.xml,در يک کلام ، فوق العادست.
820,-,من تازه این هاردو خریدم واقعا پرسرعته و حرف نداره.,2,data/extra/Western Digital Portable My Passport - 1TB_Hosseini.xml,من تازه اين هاردو خريدم واقعا پرسرعته و حرف نداره.
821,-,اما با همه ی بی صداییش وقتی دست روش میذارم تق تق میکنه که اینم مربوط به هد میشه و فکر نکنم مشکل بزرگی باشه.,1,data/extra/Western Digital Portable My Passport - 1TB_Hosseini.xml,اما با همه ي بي صداييش وقتي دست روش ميذارم تق تق ميکنه که اينم مربوط به هد ميشه و فکر نکنم مشکل بزرگي باشه.
831,-,ظریف و دوس داشتنی.,1,data/extra/Western Digital Portable My Passport - 1TB_Hosseini.xml,ظريف و دوس داشتني.
832,-,پر سرعت,1,data/extra/Western Digital Portable My Passport - 1TB_Hosseini.xml,پر سرعت
835,-,من به تازگی این هارد رو تهیه کردم واقعا از نظر کوچک بودن و ظرافت حرف نداره از نظر سرعت و امنیت هم خیلی خوب هست و تا حالا همچین هاردی نخریده بودم که اینقدر منو راضی کنه اونقدر کوچیکه که اگه بزاری تو جیب معلوم نیست خیلی باحاله ممنون دی جی کالا,2,data/extra/Western Digital Portable My Passport - 1TB_Hosseini.xml,من به تازگي اين هارد رو تهيه کردم واقعاً از نظر کوچک بودن و ظرافت حرف نداره از نظر سرعت و امنيت هم خيلي خوب هست و تا حالا همچين هاردي نخريده بودم که اينقدر منو راضي کنه اونقدر کوچيکه که اگه بزاري تو جيب معلوم نيست خيلي باحاله ممنون دي جي کالا
840,-,من این هارد رو گرفتم و خیلی راضیم اندازش از کف دست کوچیک تره که این خودش کلی ارزش داره عاشق دی جی کالا هستم,2,data/extra/Western Digital Portable My Passport - 1TB_Hosseini.xml,من  اين هارد رو گرفتم و خيلي راضيم اندازش از کف دست کوچيک تره که اين خودش کلي ارزش داره عاشق دي جي کالا هستم
841,-,بدون شک یکی از کوچیک ترین هارد های اکسترنالیه که تا حالا داشتم.,1,data/extra/Western Digital Portable My Passport - 1TB_Hosseini.xml,بدون شک يکي از کوچيک ترين هارد هاي اکسترناليه که تا حالا داشتم.
842,-,طراحی بسیار جالبی داره ، دارای سرعت انتقال عالی ، نرم افزارهای کارامد و پشتیبانی از یو اس بی 3 هست و این امکانات در کنار گارانتی سازگار می تونه تضمین کننده کیفیت این هارد باشه ..,2,data/extra/Western Digital Portable My Passport - 1TB_Hosseini.xml,طراحي بسيار جالبي داره ،  داراي سرعت انتقال عالي ،  نرم افزارهاي کارامد و پشتيباني از يو اس بي 3 هست و اين امکانات در کنار گارانتي سازگار مي تونه تضمين کننده کيفيت اين هارد باشه ..
851,-,"من این هارد رو سه روز پیش سفارش دادم امروز رسید دستم سرعتش عالیه, نرم افزاری که روی خودش هست خیلی به کار میاد اگر به دنبال یه هارد همه چی تموم میگردین این عالیه شک نکنین.",2,data/extra/Western Digital Portable My Passport - 1TB_Hosseini.xml,"من اين هارد رو سه روز پيش سفارش دادم امروز رسيد دستم سرعتش عاليه, نرم افزاري که روي خودش هست خيلي به کار مياد اگر به دنبال يه هارد همه چي تموم ميگردين اين عاليه شک نکنين."
853,-,فوق العاده بود.,2,data/extra/Western Digital Portable My Passport - 1TB_Hosseini.xml,فوق العاده بود.
860,-,هارد واقعا عالیه از کف دست کوچیکتر و با کارایی و سرعت بالا.,2,data/extra/Western Digital Portable My Passport - 1TB_Hosseini.xml,هارد واقعا عاليه از کف دست کوچيکتر و با کارايي و سرعت بالا.
865,-,به نظر من این بهترین هارد موجود است البته 3 سال گارانتیش خیلی عالیه اما مهمتر اینه که این هارد خیلی خوب از اطلاعات شما محافظت میکنه نسبت به هاردهای دیگر ولی همانطور که دوستان دیگر اشاره کردند پورت اتصال کابل نسبت به خود کابل کمی ضعیف است,2,data/extra/ADATA Portable HD710 - 1TB_Hosseini.xml,به نظر من اين بهترين هارد موجود است البته 3 سال گارانتيش خيلي عاليه اما مهمتر اينه که اين هارد خيلي خوب از اطلاعات شما محافظت ميکنه نسبت به هاردهاي ديگر ولي همانطور که دوستان ديگر اشاره کردند پورت اتصال کابل نسبت به خود کابل کمي ضعيف است
867,-,در کل یکی از بهترین هاردهای بازار .,2,data/extra/ADATA Portable HD710 - 1TB_Hosseini.xml,در کل يکي از بهترين هاردهاي بازار .
868,-,این هارد از همه نظر عالیه فقط یه موردی داره اونم اینه که قسمت اتصال کابل به هارد سریع لق میشه و کابل خوب جا نمی خوره بعد موقع کار قطع و وصل میشه .,1,data/extra/ADATA Portable HD710 - 1TB_Hosseini.xml,اين هارد از همه نظر عاليه فقط يه موردي داره اونم اينه که قسمت اتصال کابل به هارد سريع لق ميشه و کابل خوب جا نمي خوره بعد موقع کار قطع و وصل ميشه .
869,-,البته اینو من تو چندتا از مدل های دیگه AData هم دیدم.,0,data/extra/ADATA Portable HD710 - 1TB_Hosseini.xml,البته اينو من تو چندتا از مدل هاي ديگه AData هم ديدم.
870,-,من این هارد رو با پیشنهاد ویژه خریدم هارد خوب و مناسبیه ولی سوکتش اصلا خوب نیس و به نظر میرسه ممکنه کنده بشه,-1,data/extra/ADATA Portable HD710 - 1TB_Hosseini.xml,من اين هارد رو با پيشنهاد ويژه خريدم هارد خوب و مناسبيه ولي سوکتش اصلا خوب نيس و به نظر ميرسه ممکنه کنده بشه
872,-,من همین امروز که به عنوان پیشنهاد ویژه توی سایت گذاشته بودن سفارشش دادم.,0,data/extra/ADATA Portable HD710 - 1TB_Hosseini.xml,من همين امروز که به عنوان پيشنهاد ويژه توي سايت گذاشته بودن سفارشش دادم.
873,-,به دستم که برسه یه نقدم من میذارم!,0,data/extra/ADATA Portable HD710 - 1TB_Hosseini.xml,به دستم که برسه يه نقدم من ميذارم!
874,-,کیفیت و سرعت و کارایی قابل تحسینی داره ولی کاش یک مقدار قالب و قیافه بروز تری را براش در نظر می گرفتن.,1,data/extra/ADATA Portable HD710 - 1TB_Hosseini.xml,کيفيت و سرعت و کارايي قابل تحسيني داره ولي کاش يک مقدار قالب و قيافه بروز تري را براش در نظر مي گرفتن.
875,-,همین امروز خیلی ناجور از دستم افتاد، ولی مثل روز اول کار می کنه!,1,data/extra/ADATA Portable HD710 - 1TB_Hosseini.xml,همين امروز خيلي ناجور از دستم افتاد،  ولي مثل روز اول کار مي کنه!
876,-,آقا جدا این هارد فوق العادست من امروز (9 بهمن 91) خریدمش در حالی که رقیبش یعنی My Passport شرکت وسترن دیجیتال ارزونتر بود و الان هم اصلا پشیمون نیستم.,2,data/extra/ADATA Portable HD710 - 1TB_Hosseini.xml,آقا جدا اين هارد فوق العادست من امروز (9 بهمن 91) خريدمش در حالي که رقيبش يعني My Passport شرکت وسترن ديجيتال ارزونتر بود و الان هم اصلا پشيمون نيستم.
877,-,عالیه شگ نکنین اصلا گارانتی آونگ ایدیتا با سازگار قالب مقایسه نیست.,2,data/extra/ADATA Portable HD710 - 1TB_Hosseini.xml,عاليه شگ نکنين اصلا گارانتي آونگ ايديتا با سازگار قالب مقايسه نيست.
878,-,این هارد دیسک در مقایسه با یکسری از هارد دیسک های موجود در بازار از نقاط قوت خوبی بهره میبرد.,1,data/extra/ADATA Portable HD710 - 1TB_Hosseini.xml,اين هارد ديسک در مقايسه با يکسري از هارد ديسک هاي موجود در بازار از نقاط قوت خوبي بهره ميبرد.
879,-,خاصیت ضد ضربه بودن آن باعث دریافت شوک و خنثی کردن آثار ناشی از آن است.,1,data/extra/ADATA Portable HD710 - 1TB_Hosseini.xml,خاصيت ضد ضربه بودن آن باعث دريافت شوک و خنثي کردن آثار ناشي از آن است.
880,-,من به عنوان شخصی که از این مدل استفاده کردم(البته در مقابل انواع هارد دیسک ها) از کیفیت خوب آن بسیار راضیم.,2,data/extra/ADATA Portable HD710 - 1TB_Hosseini.xml,من به عنوان شخصي که از اين مدل استفاده کردم(البته در مقابل انواع هارد ديسک ها) از کيفيت خوب آن بسيار راضيم.
881,-,هارد دیسک داخلش TOSHIBA MK505GSX هست که یکی از بهترین هاست.,2,data/extra/ADATA Portable HD710 - 1TB_Hosseini.xml,هارد ديسک داخلش TOSHIBA MK505GSX هست که يکي از بهترين هاست.
942,-,).,0,data/extra/Asus PadFone 2 -32GB.xml,).
1072,-,ZS6 از هر نظر یک کامپکت کاملا معمولی است.,-1,data/extra/Casio Exilim EX-ZS6_Hosseini.xml,ZS6 از هر نظر یک کامپکت کاملا معمولی است.
1073,-,بعلاوه از سنت راحی خود کاسیو هم پیروی کرده و شکل و شمایل آن کاملا کاسیویی می باشد.,0,data/extra/Casio Exilim EX-ZS6_Hosseini.xml,بعلاوه از سنت راحی خود کاسیو هم پیروی کرده و شکل و شمایل آن کاملا کاسیویی می باشد.
1074,-,کاملا کوچک است و به راحتی در کف دست جای می گیرد.,1,data/extra/Casio Exilim EX-ZS6_Hosseini.xml,کاملا کوچک است و به راحتی در کف دست جای می گیرد.
1075,-,در قلب این دوربین یک سنسور تصویر 16 مگاپیکسلی CCD قرار گرفته که رزولوشن خیلی بالایی را ارائه می دهد و در شرایط نوری مناسب می توانید عکس های با کیفیتی را با آن تهیه کنید.,2,data/extra/Casio Exilim EX-ZS6_Hosseini.xml,در قلب این دوربین یک سنسور تصویر 16 مگاپیکسلی CCD قرار گرفته که رزولوشن خیلی بالایی را ارائه می دهد و در شرایط نوری مناسب می توانید عکس های با کیفیتی را با آن تهیه کنید.
1076,-,بعلاوه فیلم برداری 720p HD نیز با آن مقدور می باشد که خیلی خوب است.,2,data/extra/Casio Exilim EX-ZS6_Hosseini.xml,بعلاوه فیلم برداری 720p HD نیز با آن مقدور می باشد که خیلی خوب است.
1077,-,لنز ZS6 خیلی لنز خوبی است به طوری که کمینه ی فاصله ی کانونی آن 26 میلی متر می باشد که در این حال میدان دید خیلی گسترده ای را می تواند در یک میدان دید پوشش دهد.,2,data/extra/Casio Exilim EX-ZS6_Hosseini.xml,لنز ZS6 خیلی لنز خوبی است به طوری که کمینه ی فاصله ی کانونی آن 26 میلی متر می باشد که در این حال میدان دید خیلی گسترده ای را می تواند در یک میدان دید پوشش دهد.
1078,-,توانایی زوم 5 برابر هم برای آن خیلی مناسب است ولی از همه بهتر کمینه ی نسبت کانونی f/2.8 آن است که باعث می شود عملکرد این دوربین در شرایط نوری ضعیف خیلی بهبود یابد.,2,data/extra/Casio Exilim EX-ZS6_Hosseini.xml,توانایی زوم 5 برابر هم برای آن خیلی مناسب است ولی از همه بهتر کمینه ی نسبت کانونی f/2.8 آن است که باعث می شود عملکرد این دوربین در شرایط نوری ضعیف خیلی بهبود یابد.
1079,-,در قسمت پشت این دوربین نیز نمایشگر 2.7 اینچی 230000 پیکسلی قرار گرفته که نسبت به این دوربین امکانات و کیفیت خیلی خوبی را ارائه می دهد.,2,data/extra/Casio Exilim EX-ZS6_Hosseini.xml,در قسمت پشت این دوربین نیز نمایشگر 2.7 اینچی 230000 پیکسلی قرار گرفته که نسبت به این دوربین امکانات و کیفیت خیلی خوبی را ارائه می دهد.
1080,-,عکاسی با این دوربین کار بسیار ساده ایست، کافیست که آن را بر روی مود اتوماتیک قرار دهید، سپس به سوی سوژه نشانه بروید و دکمه ی شاتر را بفشارید تا بهترین و با کیفیت ترین عکس ها بدست آید.,2,data/extra/Casio Exilim EX-ZS6_Hosseini.xml,عکاسی با این دوربین کار بسیار ساده ایست،  کافیست که آن را بر روی مود اتوماتیک قرار دهید،  سپس به سوی سوژه نشانه بروید و دکمه ی شاتر را بفشارید تا بهترین و با کیفیت ترین عکس ها بدست آید.
1081,-,به هر صورت همانطور که گفتیم، ZS6 دوربین نسبتا ارزان قیمت خیلی خوبیست که امکانات خوب را در برابر قیمت مناسب ارائه می کند.,2,data/extra/Casio Exilim EX-ZS6_Hosseini.xml,به هر صورت همانطور که گفتیم،  ZS6 دوربین نسبتا ارزان قیمت خیلی خوبیست که امکانات خوب را در برابر قیمت مناسب ارائه می کند.
1082,-,• طراحی و ساخت از طراحی سری 3 شروع می‌کنیم که همان‌طوری که گفتیم، به هیچ عنوان ظاهر لپ‌تاپ‌های ارزان قیمت را ندارند.,0,data/extra/Samsung NP300E5V-A08AE_Hosseini.xml,• طراحی و ساخت از طراحی سری 3 شروع می‌کنیم که همان‌طوری که گفتیم،  به هیچ عنوان ظاهر لپ‌تاپ‌های ارزان قیمت را ندارند.
1088,-,• صفحه نمایش و بلندگوها صفحات نمایشی که بر روی این لپ‌تاپ‌ها قرار دارد، واقعا خوب است.,1,data/extra/Samsung NP300E5V-A08AE_Hosseini.xml,• صفحه نمایش و بلندگوها صفحات نمایشی که بر روی این لپ‌تاپ‌ها قرار دارد،  واقعا خوب است.
1090,-,دقت صفحه نمایش با توجه به مدل مربوطه متفاوت است ولی همه مدل‌ها از رزولوشن استاندارد و بالایی استفاده می‌کنند.,1,data/extra/Samsung NP300E5V-A08AE_Hosseini.xml,دقت صفحه نمایش با توجه به مدل مربوطه متفاوت است ولی همه مدل‌ها از رزولوشن استاندارد و بالایی استفاده می‌کنند.
1092,-,در مجموع می‌توانیم بگوییم که سامسونگ از صفحات نمایشی فراتر از انتظار ما از یک لپ‌تاپ ارزان قیمت، در ساخت سری 3 استفاده کرده است.,1,data/extra/Samsung NP300E5V-A08AE_Hosseini.xml,در مجموع می‌توانیم بگوییم که سامسونگ از صفحات نمایشی فراتر از انتظار ما از یک لپ ‌تاپ ارزان قیمت،  در ساخت سری 3 استفاده کرده است.
1097,-,• پورت‌ها و اتصالات از لحاظ پورت‌ها، سری 3 از تمام پورت‌های لازم برای مصارف روزمره بهره می‌برد.,1,data/extra/Samsung NP300E5V-A08AE_Hosseini.xml,• پورت‌ها و اتصالات از لحاظ پورت‌ها،  سری 3 از تمام پورت‌های لازم برای مصارف روزمره بهره می‌برد.
1100,-,• کیبورد و تاچ پد کیبوردی که سامسونگ بر روی این لپ‌تاپ‌ها قرار داده است واقعا با کیفیت است.,2,data/extra/Samsung NP300E5V-A08AE_Hosseini.xml,• کیبورد و تاچ پد کیبوردی که سامسونگ بر روی این لپ‌تاپ‌ها قرار داده است واقعا با کیفیت است.
1104,-,در پایین کیبورد، تاچ پد بزرگ دستگاه قرار دارد که از کیفیت و حساسیت بسیار بالایی برخوردار است.,2,data/extra/Samsung NP300E5V-A08AE_Hosseini.xml,در پایین کیبورد، تاچ پد بزرگ دستگاه قرار دارد که از کیفیت و حساسیت بسیار بالایی برخوردار است.
1107,-,• سخت افزار داخلی و باتری همان‌طور که گفتیم این لپ‌تاپ‌ها در کانفیگ‌های بسیار متنوعی ساخته شده‌اند.,1,data/extra/Samsung NP300E5V-A08AE_Hosseini.xml,• سخت افزار داخلی و باتری همان‌طور که گفتیم این لپ‌تاپ‌‌ها در کانفیگ‌های بسیار متنوعی ساخته شده‌اند.
1109,-,پردازنده‌ی Corei7 که قدرتمندترین آن‌هاست، پردازنده‌ای ذاتا چهار هسته‌ای با توان تولید چهار هسته‌ی مجازی و کارکرد با مجموع هشت هسته است که عملکردی کم نظیر را ارائه می‌دهد.,2,data/extra/Samsung NP300E5V-A08AE_Hosseini.xml,پردازنده‌ی Corei7 که قدرتمندترین آن‌هاست،  پردازنده‌ای ذاتا چهار هسته‌ای با توان تولید چهار هسته‌ی مجازی و کارکرد با مجموع هشت هسته است که عملکردی کم نظیر را ارائه می‌دهد.
1114,-,به علاوه بر روی کانفیگ‌های مختلف می‌توانید مقادیر حافظه‌ی RAM مختلفی از 2 تا 8 گیگابایت را و حافظه‌ی هارد دیسک از 320 تا 640 گیگابایت هم بیابید.,0,data/extra/Samsung NP300E5V-A08AE_Hosseini.xml,به علاوه بر روی کانفیگ‌های مختلف می‌توانید مقادیر حافظه‌ی RAM مختلفی از 2 تا 8 گیگابایت را و حافظه‌ی هارد دیسک از 320 تا 640 گیگابایت هم بیابید.
1118,-,• جمع بندی در مجموع به راحتی می‌توان گفت سری 3 لپ‌تاپ‌های سامسونگ جزو بهترین و با کیفیت‌ترین لپ‌تاپ‌های ارزان قیمت موجود در بازار هستند.,2,data/extra/Samsung NP300E5V-A08AE_Hosseini.xml,• جمع بندی در مجموع به راحتی می‌توان گفت سری 3 لپ‌تاپ‌های سامسونگ جزو بهترین و با کیفیت‌ترین لپ‌تاپ‌های ارزان قیمت موجود در بازار هستند.
1123,-,اگر به دنبال لپ‌تاپی زیبا، خوش ساخت و با قیمتی مناسب هستید، مطمئنا لپ‌تاپ‌های سری 3 کمپانی سامسونگ، جزو بهترین انتخاب‌های شما خواهند بود.,2,data/extra/Samsung NP300E5V-A08AE_Hosseini.xml,اگر به دنبال لپ ‌تاپی زیبا،  خوش ساخت و با قیمتی مناسب هستید،  مطمئنا لپ‌تاپ‌های سری 3 کمپانی سامسونگ،  جزو بهترین انتخاب‌های شما خواهند بود.
1124,-,همانطور که گفتیم، SZ-14 همانند بسیاری از دوربین های هم رده ی المپوس از نوع دوربین های کامپکت سوپرزومی است که دستگیره ی نصفه و نیمه ای هم بر روی آن ها قرار می گیرد تا بتوانید دوربین را خیلی محکم‌تر در دست بگیرید.,0,data/extra/Olympus SZ-14_Hosseini.xml,همانطور که گفتیم،  SZ-14 همانند بسیاری از دوربین های هم رده ی المپوس از نوع دوربین های کامپکت سوپرزومی است که دستگیره ی نصفه و نیمه ای هم بر روی آن ها قرار می گیرد تا بتوانید دوربین را خیلی محکم‌تر در دست بگیرید.
1125,-,این دوربین مجهز به لنز 25-600 میلی متری با توانایی زوم 24 میلی متر می باشد که هم حالت واید بسیار عالی را ارائه می کند و هم توانایی زوم آن در سطح بسیار بالا و خوبی قرار می گیرد.,2,data/extra/Olympus SZ-14_Hosseini.xml,این دوربین مجهز به لنز 25-600 میلی متری با توانایی زوم 24 میلی متر می باشد که هم حالت واید بسیار عالی را ارائه می کند و هم توانایی زوم آن در سطح بسیار بالا و خوبی قرار می گیرد.
1126,-,در پشت این لنز نیز سنسور تصویر 14 مگاپیکسلی دوربین قرار گرفته که هرچند از نوع CCD است ولی رزولوشن بالایی را ارائه می دهد و در شرایط نوری خوب می توانید عکس‌هایی بسیار با کیفیت را با آن تهیه کنید.,2,data/extra/Olympus SZ-14_Hosseini.xml,در پشت این لنز نیز سنسور تصویر 14 مگاپیکسلی دوربین قرار گرفته که هرچند از نوع CCD است ولی رزولوشن بالایی را ارائه می دهد و در شرایط نوری خوب می توانید عکس‌هایی بسیار با کیفیت را با آن تهیه کنید.
1127,-,به خصوص اینکه با پردازشگر تصویر Truepic III نیز همراه شده تا پردازش عکس‌ها خیلی با کیفیت‌تر و با سرعت بیشتری انجام گیرد.,2,data/extra/Olympus SZ-14_Hosseini.xml,به خصوص اینکه با پردازشگر تصویر Truepic III نیز همراه شده تا پردازش عکس‌ها خیلی با کیفیت‌تر و با سرعت بیشتری انجام گیرد.
1128,-,همین نیز توانایی فیلم برداری با کیفیت HD را به این دوربین داده است.,1,data/extra/Olympus SZ-14_Hosseini.xml,همین نیز توانایی فیلم برداری با کیفیت HD را به این دوربین داده است.
1129,-,برای اینکه لرزش دست شما بر روی سنسور تصویر ثبت نشود این دوربین مجهز به لرزش گیر تصویر مکانیکی می‌باشد.,1,data/extra/Olympus SZ-14_Hosseini.xml,برای اینکه لرزش دست شما بر روی سنسور تصویر ثبت نشود این دوربین مجهز به لرزش گیر تصویر مکانیکی می‌باشد.
1130,-,در قسمت پشتی دوربین نمایشگر 3 اینچی 460000 پیکسلی قرار گرفته که کیفیت خیلی خوبی را ارائه می کند.,2,data/extra/Olympus SZ-14_Hosseini.xml,در قسمت پشتی دوربین نمایشگر 3 اینچی 460000 پیکسلی قرار گرفته که کیفیت خیلی خوبی را ارائه می کند.
1131,-,این را نیز بگوییم که SZ-14 توانایی عکاسی 3D یا سه بعدی را دارد.,1,data/extra/Olympus SZ-14_Hosseini.xml,این را نیز بگوییم که SZ-14 توانایی عکاسی 3D یا سه بعدی را دارد.
1132,-,به هر صورت همانطور که گفتیم SZ-14 از انواع ارزان قیمت‌تر دوربین های کامپکت سوپرزوم المپوس می باشد که دارای لنزی قدرتمند با توانایی زوم بسیار عالی 24 برابر است.,2,data/extra/Olympus SZ-14_Hosseini.xml,به هر صورت همانطور که گفتیم SZ-14 از انواع ارزان قیمت‌تر دوربین های کامپکت سوپرزوم المپوس می باشد که دارای لنزی قدرتمند با توانایی زوم بسیار عالی 24 برابر است.
1133,-,هرچند که کمینه ی نسبت کانونی آن در حالت واید f/3.0 می باشد ولی در زوم کامل f/6.9 را ارائه می دهد که لنزی نسبتا کند محسوب می شود.,0,data/extra/Olympus SZ-14_Hosseini.xml,هرچند که کمینه ی نسبت کانونی آن در حالت واید f/3.0 می باشد ولی در زوم کامل f/6.9 را ارائه می دهد که لنزی نسبتاً کند محسوب می شود.
1134,-,اینک قصد داریم پرینتر دیگری از پرینترهای لیزری کمپانی Hp را معرفی کنیم.,0,data/extra/HP LaserJet M1132_Hosseini.xml,اینک قصد داریم پرینتر دیگری از پرینترهای لیزری کمپانی Hp را معرفی کنیم.
1135,-,پرینتری چند کاره از رده‌ی Entry Level یا سطح مبتدی.,0,data/extra/HP LaserJet M1132_Hosseini.xml,پرینتری چند کاره از رده‌ی Entry Level یا سطح مبتدی.
1136,-,به هر صورت اکنون ما در دنیایی زندگی می‌کنیم، که کاربران پرینترها انتظارات بالاتری علاوه بر گرفتن پرینت ساده از دستگاه خود دارند.,0,data/extra/HP LaserJet M1132_Hosseini.xml,به هر صورت اکنون ما در دنیایی زندگی می‌کنیم،  که کاربران پرینترها انتظارات بالاتری علاوه بر گرفتن پرینت ساده از دستگاه خود دارند.
1137,-,به صورتی که توانایی کپی کردن، اسکن، فکس، پرینت عکس، پرینت دورو، قابلیت اتصال از طریق Bluetooth و WiFi را نیز باید داشته باشد.,0,data/extra/HP LaserJet M1132_Hosseini.xml,به صورتی که توانایی کپی کردن،  اسکن،  فکس،  پرینت عکس،  پرینت دورو،  قابلیت اتصال از طریق Bluetooth و WiFi را نیز باید داشته باشد.
1138,-,به هر صورت معمولا چیزی که بیشتر کاربران از پرینتری پر کار در این سطح قیمت برای خانه و یا دفتر کار انتظار دارند، تولید پرینت های با کیفیت بالا، با سرعت زیاد و البته هزینه‌ی نگهداری پایین است.,2,data/extra/HP LaserJet M1132_Hosseini.xml,به هر صورت معمولا چیزی که بیشتر کاربران از پرینتری پر کار در این سطح قیمت برای خانه و یا دفتر کار انتظار دارند،  تولید پرینت های با کیفیت بالا،  با سرعت زیاد و البته هزینه‌ی نگهداری پایین است.
1139,-,همچنین عمل اسکن را هم باید خیلی خوب انجام دهد.,0,data/extra/HP LaserJet M1132_Hosseini.xml,همچنین عمل اسکن را هم باید خیلی خوب انجام دهد.
1140,-,M1132 نیز پرینتری است که به نظر یکی از بهترین‌ها برای ایفای این نقش می‌باشد.,1,data/extra/HP LaserJet M1132_Hosseini.xml,M1132 نیز پرینتری است که به نظر یکی از بهترین‌ها برای ایفای این نقش می‌باشد.
1142,-,همانطور که گفتیم، M1132 پرینتری لیزری، تک رنگ و چند کاره است.,0,data/extra/HP LaserJet M1132_Hosseini.xml,همانطور که گفتیم،  M1132 پرینتری لیزری،  تک رنگ و چند کاره است.
1143,-,ابعاد آن 415 x 265 x 250 میلی متر می‌باشد و وزن آن نیز به حدود 7 کیلوگرم می‌رسد که وزنی نسبتا کم محسوب می‌گردد.,1,data/extra/HP LaserJet M1132_Hosseini.xml,ابعاد آن 415 x 265 x 250 میلی متر می‌باشد و وزن آن نیز به حدود 7 کیلوگرم می‌رسد که وزنی نسبتا کم محسوب می‌گردد.
1144,-,این پرینتر بدنه‌ی مشکی استایلیش و البته نه خیلی لوکس دارد و سعی شده که کنترل‌ها و اتصالات کمی هم داشته باشد.,0,data/extra/HP LaserJet M1132_Hosseini.xml,این پرینتر بدنه‌ی مشکی استایلیش و البته نه خیلی لوکس دارد و سعی شده که کنترل‌ها و اتصالات کمی هم داشته باشد.
1145,-,سینی جلویی توانایی نگهداری 150 برگ کاغذ A4 را دارد و درست در بالای آن، سینی خروجی قرار گرفته است که به صورت همزمان 100 کاغذ می‌توانند درون آن جای گیرند.,0,data/extra/HP LaserJet M1132_Hosseini.xml,سینی جلویی توانایی نگهداری 150 برگ کاغذ A4 را دارد و درست در بالای آن،  سینی خروجی قرار گرفته است که به صورت همزمان 100 کاغذ می‌توانند درون آن جای گیرند.
1146,-,پرینت دورو باید به صورت دستی انجام شود.,0,data/extra/HP LaserJet M1132_Hosseini.xml,پرینت دورو باید به صورت دستی انجام شود.
1147,-,همچنین USB Flash card یا شیار کارت حافظه هم وجود ندارد.,0,data/extra/HP LaserJet M1132_Hosseini.xml,همچنین USB Flash card یا شیار کارت حافظه هم وجود ندارد.
1148,-,علاوه بر این ها، اتصالات WiFi و Ethernet هم وجود ندارد.,0,data/extra/HP LaserJet M1132_Hosseini.xml,علاوه بر این ها،  اتصالات WiFi و Ethernet هم وجود ندارد.
1149,-,بنابراین شما می‌مانید و یک پورت USB برای اتصال به رایانه.,0,data/extra/HP LaserJet M1132_Hosseini.xml,بنابراین شما می‌مانید و یک پورت USB برای اتصال به رایانه.
1150,-,Hp زمان راه اندازی و Setup را با استفاده از فن آوری Smart Install Technology به طور چشمگیری کاهش داده است که به شما اجازه می‌دهد تا بدون احتیاج به یک CD جداگانه برای نصب، فقط پرینتر را به رایانه متصل کنید تا سپس عمل نصب به صورت خودکار انجام گیرد.,1,data/extra/HP LaserJet M1132_Hosseini.xml,Hp زمان راه اندازی و Setup را با استفاده از فن آوری Smart Install Technology به طور چشمگیری کاهش داده است که به شما اجازه می‌دهد تا بدون احتیاج به یک CD جداگانه برای نصب،  فقط پرینتر را به رایانه متصل کنید تا سپس عمل نصب به صورت خودکار انجام گیرد.
1151,-,پنل کنترل خیلی ساده است و فقط دو نمایشگر LED در کنار دکمه های بالا و پایین، Start و Stop، دکمه‌ی Setup، دکمه‌ی Dark/Light tone و دکمه‌ی Copy Size قرار گرفته است.,0,data/extra/HP LaserJet M1132_Hosseini.xml,پنل کنترل خیلی ساده است و فقط دو نمایشگر LED در کنار دکمه های بالا و پایین،  Start و Stop،  دکمه‌ی Setup،  دکمه‌ی Dark/Light tone و دکمه‌ی Copy Size قرار گرفته است.
1152,-,سرعت پرینت به نوعی فوق العاده می‌باشد، به طوری که در تنظیمات استاندارد با رزولوشن 600، این پرینتر توانایی چاپ 18 صفحه‌ی A4 در دقیقه را دارد.,2,data/extra/HP LaserJet M1132_Hosseini.xml,سرعت پرینت به نوعی فوق العاده می‌باشد،  به طوری که در تنظیمات استاندارد با رزولوشن 600،  این پرینتر توانایی چاپ 18 صفحه‌ی A4 در دقیقه را دارد.
1153,-,اگر در همین رزولوشن آن را بر روی Economic mode قرار دهید، سرعت به 19 صفحه در دقیقه افزایش می‌یابد.,1,data/extra/HP LaserJet M1132_Hosseini.xml,اگر در همین رزولوشن آن را بر روی Economic mode قرار دهید،  سرعت به 19 صفحه در دقیقه افزایش می‌یابد.
1154,-,حتی اگر رزولوشن را به 1200 برسانید هم سرعت به 12 صفحه در دقیقه کاهش می‌یابد که باز هم سرعت خوبیست.,1,data/extra/HP LaserJet M1132_Hosseini.xml,حتی اگر رزولوشن را به 1200 برسانید هم سرعت به 12 صفحه در دقیقه کاهش می‌یابد که باز هم سرعت خوبیست.
1155,-,کیفیت پرینت در هر دو رزولوشنی که گفتیم، خیلی خوب است و رنگ مشکی کاملا مشخص و غلیظ می‌باشد.,2,data/extra/HP LaserJet M1132_Hosseini.xml,کیفیت پرینت در هر دو رزولوشنی که گفتیم،  خیلی خوب است و رنگ مشکی کاملا مشخص و غلیظ می‌باشد.
1156,-,رزولوشن اسکن می‌تواند به 1200dpi هم برسد.,0,data/extra/HP LaserJet M1132_Hosseini.xml,رزولوشن اسکن می‌تواند به 1200dpi هم برسد.
1157,-,ولی در نظر داشته باشید که با رزولوشن پیشفرض 150dpi، سرعت اسکن به بیش از 4 صفحه در دقیقه نمی‌رسد.,0,data/extra/HP LaserJet M1132_Hosseini.xml,ولی در نظر داشته باشید که با رزولوشن پیشفرض 150dpi،  سرعت اسکن به بیش از 4 صفحه در دقیقه نمی‌رسد.
1158,-,کاربرانی که به مصرف انرژی اهمیت می‌دهند حتما خوشحال می‌شوند که این پرینتر دارای ویژگی به نام Auto on/Auto off است که باعث می‌شود وقتی پرینتر احساس می‌کند که مورد استفاده قرار نمی‌گیرد به صورت خودکار به مود Sleep برود.,1,data/extra/HP LaserJet M1132_Hosseini.xml,کاربرانی که به مصرف انرژی اهمیت می‌دهند حتما خوشحال می‌شوند که این پرینتر دارای ویژگی به نام Auto on/Auto off است که باعث می‌شود وقتی پرینتر احساس می‌کند که مورد استفاده قرار نمی‌گیرد به صورت خودکار به مود Sleep برود.
1159,-,به هر صورت همانطور که گفتیم، Hp Laser Jet Pro M1132 MFP پرینتر لیزری سیاه و سفیدی (تک رنگ) است که سرعت و کیفیت بسیار بالایی را در عمل چاپ ارایه می‌دهد.,2,data/extra/HP LaserJet M1132_Hosseini.xml,به هر صورت همانطور که گفتیم،  Hp Laser Jet Pro M1132 MFP پرینتر لیزری سیاه و سفیدی (تک رنگ) است که سرعت و کیفیت بسیار بالایی را در عمل چاپ ارایه می‌دهد.
1160,-,توانایی عملیات اسکن و کپی هم باعث می‌شوند که بتوانید دست کم در سه مورد از این پرینتر استفاده کنید.,1,data/extra/HP LaserJet M1132_Hosseini.xml,توانایی عملیات اسکن و کپی هم باعث می‌شوند که بتوانید دست کم در سه مورد از این پرینتر استفاده کنید.
1161,-,با این حال برای پایین نگه داشتن قیمت، سعی شده که ظاهر، کنترل پنل و کانکشن های آن ساده باشند.,0,data/extra/HP LaserJet M1132_Hosseini.xml,با این حال برای پایین نگه داشتن قیمت،  سعی شده که ظاهر،  کنترل پنل و کانکشن های آن ساده باشند.
1162,-,بنابراین اگر به دنبال پرینتری با این ویژگی‌ها هستید، M1132 گزینه‌ی مناسبی است.,1,data/extra/HP LaserJet M1132_Hosseini.xml,بنابراین اگر به دنبال پرینتری با این ویژگی‌ها هستید،  M1132 گزینه‌ی مناسبی است.
1163,-,با سلام خدمت همه دوستان عزیزم من این تلویزیون رو از دیجی کالا گرفتم که در کمتر از 24 ساعت برای من پست شد و این واقعا عالیه اما برگردیم به خود تلویزیون : کیفیت عالی تصویری شفاف و بی‌نظیر که از هر زاویه ای نگاه کنید کیفیت اون کم و زیاد نمیشه و این واقعا جالبه قابلیت سه بعدی این تلویزیون در هیچ مارک دیگه ای وجود نداره من شخصا تصویر این پلاسما رو با پلاسمای ال جی مقایسه کردم واقعا پلاسمای سامسونگ یک سر و گردن بهتر از پلاسمای ال جی بود نکته دیگه ای که باید به اون اشاره کنم صدای این تلویزیون بسیار با کیفیت و بلنده و اینکه خدمات‌دهی عالی سامسونگ رو هم به همه اینها اضافه کنیم در کنار قیمت مناسب ، عملا این پلاسما تبدیل به یک خرید عالی و مناسب میشه .,2,data/extra/Samsung Plasma PS51E4950_Hosseini.xml,با سلام خدمت همه دوستان عزيزم من اين تلويزيون رو از ديجي کالا گرفتم که در کمتر از 24 ساعت براي من پست شد و اين واقعاً عاليه اما برگرديم به خود تلويزيون : کيفيت عالي تصويري شفاف و بي‌نظير که از هر زاويه اي نگاه کنيد کيفيت اون کم و زياد نميشه و اين واقعاً جالبه قابليت سه بعدي اين تلويزيون در هيچ مارک ديگه اي وجود نداره من شخصا تصوير اين پلاسما رو با پلاسماي ال جي مقايسه کردم واقعا پلاسماي سامسونگ يک سر و گردن بهتر از پلاسماي ال جي بود نکته ديگه اي که بايد به اون اشاره کنم صداي اين تلويزيون بسيار با کيفيت و بلنده و اينکه خدمات‌دهي عالي سامسونگ رو هم به همه اينها اضافه کنيم در کنار قيمت مناسب ، عملا اين پلاسما تبديل به يک خريد عالي و مناسب ميشه .
1164,-,موفق و پیروز باشید,1,data/extra/Samsung Plasma PS51E4950_Hosseini.xml,موفق و پيروز باشيد
1165,-,مشکل اصلی این تلویزونها به نظر من فقط داغ کردنه حالا مصرف برقش انچنان هزینه ای که قابل به چشم امدن باشه به وجود نمیاره,-1,data/extra/Samsung Plasma PS51E4950_Hosseini.xml,مشکل اصلي اين تلويزونها به نظر من فقط داغ کردنه حالا مصرف برقش انچنان هزينه اي که قابل به چشم امدن باشه به وجود نمياره
1166,-,سلام از نظر کیفیت رنگ و کنتراست تا حالا هیچ تلویزیونی به پای پلاسما نرسیده و یا حداقل من ندیدم حتی ال ای دی های سری 5 سامسونگ هم هنوز در داینامیک رنج تصاویرشون به شدت دچار مشکل هستند که باعث می شه تصویر کم کیفیتی حاصل بشه.,0,data/extra/Samsung Plasma PS51E4950_Hosseini.xml,سلام از نظر کيفيت رنگ و کنتراست تا حالا هيچ تلويزيوني به پاي پلاسما نرسيده و يا حداقل من نديدم حتي ال اي دي هاي سري 5 سامسونگ هم هنوز در دايناميک رنج تصاويرشون به شدت دچار مشکل هستند که باعث مي شه تصوير کم کيفيتي حاصل بشه.
1168,-,هنوز هم یه وقت هایی وسوسه می شم بیخیال مصرف برقش بشم و از کیفیت بهتر رنگ و داینامیک رنج عالی اون بهره ببرم.,1,data/extra/Samsung Plasma PS51E4950_Hosseini.xml,هنوز هم يه وقت هايي وسوسه مي شم بيخيال مصرف برقش بشم و از کيفيت بهتر رنگ و دايناميک رنج عالي اون بهره ببرم.
1169,-,از نظر فنی میزان مقاومت تلویزیون پلاسما چندین برابر ال سی دی و ال ای دی ها است.,1,data/extra/Samsung Plasma PS51E4950_Hosseini.xml,از نظر فني ميزان مقاومت تلويزيون پلاسما چندين برابر ال سي دي و ال اي دي ها است.
1170,-,از نظر برند هم اگر قصد خرید یک پلاسما رو دارین می تونید با پاناسونیک شروع کنید اگر هم قیمت مناسبتر می خواین ال جی برند خیلی قویتری در زمینه ساخت تلویزیون حساب میشه تازه خدمات فوق‌العاده پس از فروشش باعث میشه از خریدتون راضی‌تر باشین,2,data/extra/Samsung Plasma PS51E4950_Hosseini.xml,از نظر برند هم اگر قصد خريد يک پلاسما رو دارين مي تونيد با پاناسونيک شروع کنيد اگر هم قيمت مناسبتر مي خواين ال جي برند خيلي قويتري در زمينه ساخت تلويزيون حساب ميشه تازه خدمات فوق‌العاده پس از فروشش باعث ميشه از خريدتون راضي‌تر باشين
1171,-,تنها عیب پلاسما مصرف بالاشه بخاطر اونم گرماشه که بعضی وقتا موجب سوختنش میشه اما ال سی دی بخاطر استفاده از لامپ فلورسنت(مهتابی)برای روشن کردن صفحه نمایشش وال ای دی بخاطر لامپ ال ای دی مصرف شده بعد یه مدت افت تصویر داره(توی ال ای دی طولانیتر)اما پلاسما افتش خیلی کمتره در کل این تلوزیون دو تا ایراد داره که بعدیشم فول اچ دی نبودنشه به نظر من.,-1,data/extra/Samsung Plasma PS51E4950_Hosseini.xml,تنها عيب پلاسما مصرف بالاشه بخاطر اونم گرماشه که بعضي وقتا موجب سوختنش ميشه اما ال سي دي بخاطر استفاده از لامپ فلورسنت(مهتابي)براي روشن کردن صفحه نمايشش وال اي دي بخاطر لامپ ال اي دي مصرف شده بعد يه مدت افت تصوير داره(توي ال اي دي طولانيتر)اما پلاسما افتش خيلي کمتره در کل اين تلوزيون دو تا ايراد داره که بعديشم  فول اچ دي نبودنشه به نظر من.
1172,-,من الان یک ساله دارم ازش استفاده میکنم تا حالا هم مشکلی پیش نیومده خیلی ازش راضیم,2,data/extra/Samsung Plasma PS51E4950_Hosseini.xml,من الان يک ساله دارم ازش استفاده ميکنم تا حالا هم مشکلي پيش نيومده خيلي ازش راضيم
1173,-,برخلاف گفته یکی از دوستان: تحمل ضربه تلویزیون های پلاسما تا 80 برابر ال سی دی هست.,0,data/extra/Samsung Plasma PS51E4950_Hosseini.xml,برخلاف گفته يکي از دوستان: تحمل ضربه تلويزيون هاي پلاسما تا 80 برابر ال سي دي هست.
1175,-,کاش full HD بود,-1,data/extra/Samsung Plasma PS51E4950_Hosseini.xml,کاش full HD  بود
1176,-,بنده خودم از نزدیک این تلویزیون را مشاهده نکردم ولی در حالت کلی تلویزیون های پلاسما با اینکه مصرف برق بالاتری دارند اما وضوح بیشتری داشته و جزییات در آنها بهتر نمایش داده می شود از طرفی تلویزیون هایی مانند ال سی دی و ال ای دی پس از چندین دقیقه مشاهده مداوم چشم را خسته میکنند اما تلویزیون های پلاسما این گونه نیستند و خستگی چشم در آنها بسیار کمتر است از طرفی سرعت تصاویر در پلاسما بیشتر از مدل های دیگر است برای مثال در مشاهده یک بازی فوتبال حرکت توپ در تلویزیون ها ی ال سی دی چندان واضح نیست اما در تلویزیون های پلاسما کاملا مشهود است,1,data/extra/Samsung Plasma PS51E4950_Hosseini.xml,بنده خودم از نزديک اين تلويزيون را مشاهده نکردم ولي در حالت کلي تلويزيون هاي پلاسما با اينکه مصرف برق بالاتري دارند اما وضوح بيشتري داشته و جزييات در آنها بهتر نمايش داده مي شود از طرفي تلويزيون هايي مانند ال سي دي و ال اي دي پس از چندين دقيقه مشاهده مداوم چشم را خسته ميکنند اما تلويزيون هاي پلاسما اين گونه نيستند و خستگي چشم در آنها بسيار کمتر است از طرفي سرعت تصاوير در پلاسما بيشتر از مدل هاي ديگر است براي مثال در مشاهده يک بازي فوتبال حرکت توپ در تلويزيون ها ي ال سي دي چندان واضح نيست اما در تلويزيون هاي پلاسما کاملا مشهود است
1177,-,سلام تلویزیون های پلاسما عمر کمتری نسبت به led دارن و همین طور مقاومتشون در برابر ضربه کمتره در ضمن مصرف و گرما بیشتری هم دارن ولی اگه دنبال سایز بالا با قیمت پایین می گردین مورده نسبتا خوبیه ولی توصیه میکنم بودجتون رو بالا ببرین و led بخرین یا اگه پلاسما خریدین حتما خیلی مراقب ضربه خوردن و ریختن آب و..,-1,data/extra/Samsung Plasma PS51E4950_Hosseini.xml,سلام تلويزيون هاي پلاسما عمر کمتري نسبت به led دارن و همين طور مقاومتشون در برابر ضربه کمتره در ضمن مصرف و گرما بيشتري هم دارن ولي اگه دنبال سايز بالا با قيمت پايين مي گردين مورده نسبتاً خوبيه ولي توصيه ميکنم بودجتون رو بالا ببرين و led بخرين يا اگه پلاسما خريدين حتما خيلي مراقب ضربه خوردن و ريختن آب و..
1178,-,باشید و همین طور بی دلیل روشن نذارید باشه,0,data/extra/Samsung Plasma PS51E4950_Hosseini.xml,باشيد و همين طور بي دليل روشن نذاريد باشه
1179,-,از نظر رنگ و شفافیت تصویر من مقایسه کردم .,0,data/extra/Samsung Plasma PS51E4950_Hosseini.xml,از نظر رنگ و شفافيت تصوير من مقايسه کردم .
1180,-,هیچ تلوزیونی مثل پلاسما نمیشه.,1,data/extra/Samsung Plasma PS51E4950_Hosseini.xml,هيچ تلوزيوني مثل پلاسما نميشه.
1181,-,حالا چند سانتیمتر ضخیمتر باشه جای کسی رو اشغال نکرده که,0,data/extra/Samsung Plasma PS51E4950_Hosseini.xml,حالا چند سانتيمتر ضخيمتر باشه جاي کسي رو اشغال نکرده که
1182,-,تلویزیون بی‌نظیریه ولی داغ میکنه,1,data/extra/Samsung Plasma PS51E4950_Hosseini.xml,تلويزيون بي‌نظيريه ولي داغ ميکنه
1183,-,با این اوصافی که دوستان گفتن فکر نمی‌کنم اصلا مناسب باشه.,-1,data/extra/Samsung Plasma PS51E4950_Hosseini.xml,با اين اوصافي که دوستان گفتن فکر نمي‌کنم اصلاً مناسب باشه.
1184,-,گرمای زیاد احتمال سوختن صفحه نمایش,-1,data/extra/Samsung Plasma PS51E4950_Hosseini.xml,گرماي زياد احتمال سوختن صفحه نمايش
1185,-,من دو روز پیش این تلویریون رو خریداری کردم.,0,data/extra/Samsung Plasma PS51E4950_Hosseini.xml,من دو روز پيش اين تلويريون رو خريداري کردم.
1187,-,بعد از تماس با سام سرویس متوجه شدم این مشکل اولین بار نیست که بر روی این مدل مشاهده شده .,0,data/extra/Samsung Plasma PS51E4950_Hosseini.xml,بعد از تماس با سام سرويس متوجه شدم اين مشکل اولين بار نيست که بر روي اين مدل مشاهده شده .
1189,-,فقط خواستم کمک باشه برای کسایی که می خوان این محصول رو خریداری کنند و بدونن همچین مشکلی ممکنه پیش بیاد.,0,data/extra/Samsung Plasma PS51E4950_Hosseini.xml,فقط خواستم کمک باشه براي کسايي که مي خوان اين محصول رو خريداري کنند و بدونن همچين مشکلي ممکنه پيش بياد.
1190,-,باز هم ممنونم از فروشگاه آنلاین دیجی کالا که کمک می کنه مشتریان اطلاع رسانی کنند.,0,data/extra/Samsung Plasma PS51E4950_Hosseini.xml,باز هم ممنونم از فروشگاه آنلاين ديجي کالا که کمک مي کنه مشتريان اطلاع رساني کنند.
1191,-,واقعا ممنون,1,data/extra/Samsung Plasma PS51E4950_Hosseini.xml,واقعاً ممنون
1192,-,من الان 1سال که این تلوزیون رو دارم.,0,data/extra/Samsung Plasma PS51E4950_Hosseini.xml,من الان 1سال که اين تلوزيون رو دارم.
1194,-,تصویرش عالیه,2,data/extra/Samsung Plasma PS51E4950_Hosseini.xml,تصويرش عاليه
1195,-,راستش من یه 42 اش رو دارم ازش راضی‌ام اما به قول دوستمون مصرفش بالاست یه کم و صد البته گرمای روی سطح تلویزیون و پشتش هم زیاده بطوریکه در ایام تابستان اگه کولر نباشه و زمستان که بخاری روشنه این گرما زیاد احساس میشه ولی کیفیت تصویرش به نظر من خیلی خوبه,1,data/extra/Samsung Plasma PS51E4950_Hosseini.xml,راستش من يه 42 اش رو دارم ازش راضي‌ام اما به قول دوستمون مصرفش بالاست يه کم و صد البته گرماي روي سطح تلويزيون و پشتش هم زياده بطوريکه در ايام تابستان اگه کولر نباشه و زمستان که بخاري روشنه اين گرما زياد احساس ميشه ولي کيفيت تصويرش به نظر من خيلي خوبه
1196,-,شفافیت تلویزیون های plasma عالیه ولی یه کم مصرفش زیاده,1,data/extra/Samsung Plasma PS51E4950_Hosseini.xml,شفافيت تلويزيون هاي plasma عاليه ولي يه کم مصرفش زياده
1201,-,بسیار ساده‌لوحانه است اگر بخواهیم این کار اپل را یک کار کوچک فرض کنیم، چرا که در حالی که برای کم کردن ضخامت، کمپانی‌ها با مشکلات متعددی مواجه هستند، کمپانی اپل به یکباره نزدیک به دو میلی‌متر گوشی خود را باریک‌تر نموده ، در حالی که تمام قابلیت‌های آن نیز نسبت به مدل پیشین ارتقا یافته است.,1,data/extra/Apple iPhone 5 - 16GB_Hosseini.xml,بسیار ساده‌لوحانه است اگر بخواهیم این کار اپل را یک کار کوچک فرض کنیم،  چرا که در حالی که برای کم کردن ضخامت،  کمپانی‌ها با مشکلات متعددی مواجه هستند،  کمپانی اپل به یکباره نزدیک به دو میلی‌متر گوشی خود را باریک‌تر نموده ،  در حالی که تمام قابلیت‌های آن نیز نسبت به مدل پیشین ارتقا یافته است.
1203,-,همان لبه های منحنی و همان کلید دایره ای Home در قسمت پایین و البته نهایتا همان صفحه نمایش رتینای دوست داشتنی، البته کمی بزرگ‌تر.,1,data/extra/Apple iPhone 5 - 16GB_Hosseini.xml,همان لبه های منحنی و همان کلید دایره ای Home در قسمت پایین و البته نهایتا همان صفحه نمایش رتینای دوست داشتنی،  البته کمی بزرگ‌تر.
1205,-,شاید همگان انتظار داشتند همان گونه که در نسل چهارم نسبت به نسل سوم گوشی‌های اپل، طراحی آن دست‌خوش تغییرات عمده ای گشت، در مورد نسل جدید نیز این اتفاق بی افتد که این‌گونه نشد.,0,data/extra/Apple iPhone 5 - 16GB_Hosseini.xml,شاید همگان انتظار داشتند همان گونه که در نسل چهارم نسبت به نسل سوم گوشی‌های اپل،  طراحی آن دست‌خوش تغییرات عمده ای گشت،  در مورد نسل جدید نیز این اتفاق بی افتد که این‌گونه نشد.
1213,-,اما با توجه به افزایش سایز صفحه نمایش، طول iPhone 5 نسبت به iPhone 4S افزایش یافته و به 123.8 میلی متر رسیده است.,0,data/extra/Apple iPhone 5 - 16GB_Hosseini.xml,اما با توجه به افزایش سایز صفحه نمایش،  طول iPhone 5 نسبت به iPhone 4S افزایش یافته و به 123.8 میلی متر رسیده است.
1215,-,همه این‌ها باعث شده که این گوشی در عین زیبایی، به یک گوشی بسیار خوش دست و راحت نیز تبدیل گردد که کار کردن با آن حتی برای افرادی که دست‌های کوچکی نیز دارند بسیار راحت خواهد بود.,2,data/extra/Apple iPhone 5 - 16GB_Hosseini.xml,همه این‌ها باعث شده که این گوشی در عین زیبایی،  به یک گوشی بسیار خوش دست و راحت نیز تبدیل گردد که کار کردن با آن حتی برای افرادی که دست‌های کوچکی نیز دارند بسیار راحت خواهد بود.
1221,-,در کل، تنها تفاوت در چیدمان در مورد خروجی هدفون به چشم می‌خورد که این بار در قسمت پایینی گوشی و در کنار درگاه رعد قرار گرفته است.,0,data/extra/Apple iPhone 5 - 16GB_Hosseini.xml,در کل،  تنها تفاوت در چیدمان در مورد خروجی هدفون به چشم می‌خورد که این بار در قسمت پایینی گوشی و در کنار درگاه رعد قرار گرفته است.
1224,-,در اصل، وقتی به این گوشی از نمای جلویی نگاه کنید تفاوت خاصی بین آن و نسل قبلی نمی‌بینید، اما از نمای کناری و پشتی تفاوت‌ها کاملا عیان و قابل توجه هستند.,0,data/extra/Apple iPhone 5 - 16GB_Hosseini.xml,در اصل،  وقتی به این گوشی از نمای جلویی نگاه کنید تفاوت خاصی بین آن و نسل قبلی نمی‌بینید،  اما از نمای کناری و پشتی تفاوت‌ها کاملا عیان و قابل توجه هستند.
1229,-,به هر حال اگر به بدنه iPhone 4S که تقریبا ضد خش بود عادت کرده باشید، ممکن است مدل جدید کمپانی اپل برایتان چندان رضایت بخش نباشد.,-1,data/extra/Apple iPhone 5 - 16GB_Hosseini.xml,به هر حال اگر به بدنه iPhone 4S که تقریبا ضد خش بود عادت کرده باشید،  ممکن است مدل جدید کمپانی اپل برایتان چندان رضایت بخش نباشد.
1230,-,با اینکه در کل مانند همگی محصولات اپل، این گوشی نیز از بهترین مواد تشکیل شده است اما بدنه آلومینیومی آن به راحتی خراشیده می‌شود و احتیاج به مراقبت بیشتری دارد، که البته با قرار دادن یک محافظ بر روی آن این مشکل به طور کلی برطرف می‌گردد.,0,data/extra/Apple iPhone 5 - 16GB_Hosseini.xml,با اینکه در کل مانند همگی محصولات اپل،  این گوشی نیز از بهترین مواد تشکیل شده است اما بدنه آلومینیومی آن به راحتی خراشیده می‌شود و احتیاج به مراقبت بیشتری دارد،  که البته با قرار دادن یک محافظ بر روی آن این مشکل به طور کلی برطرف می‌گردد.
1236,-,از نظر اندازه صفحه نمایش و رزولوشن تصویر، Galaxy S III و One X و البته Lumia 920 بر آیفون 5 برتری دارند.,0,data/extra/Apple iPhone 5 - 16GB_Hosseini.xml,از نظر اندازه صفحه نمایش و رزولوشن تصویر،  Galaxy S III و One X و البته Lumia 920 بر آیفون 5 برتری دارند.
1239,-,چه از لحاظ تراکم پیکسلی، چه از لحاظ وضوح رنگ‌ها و روشنایی و چه از لحاظ کنتراست.,0,data/extra/Apple iPhone 5 - 16GB_Hosseini.xml,چه از لحاظ تراکم پیکسلی،  چه از لحاظ وضوح رنگ‌ها و روشنایی و چه از لحاظ کنتراست.
1245,-,با علم به اینکه iPhone 4S در زمان ورودش به بازار با کیفیت صفحه نمایش خود شگفتی همگان را بر انگیخت، می‌توانید تصور نمایید که عملکرد صفحه نمایش iPhone 5 تا چه اندازه عالیست.,2,data/extra/Apple iPhone 5 - 16GB_Hosseini.xml,با علم به اینکه iPhone 4S در زمان ورودش به بازار با کیفیت صفحه نمایش خود شگفتی همگان را بر انگیخت،  می‌توانید تصور نمایید که عملکرد صفحه نمایش iPhone 5 تا چه اندازه عالیست.
1246,-,در ضمن، با توجه به تجربه موفق iPhone 4S ، عملکرد iPhone 5 نیز در زیر نور آفتاب و در زوایای مختلف هیچ گونه کاهشی ندارد.,1,data/extra/Apple iPhone 5 - 16GB_Hosseini.xml,در ضمن،  با توجه به تجربه موفق iPhone 4S ،  عملکرد iPhone 5 نیز در زیر نور آفتاب و در زوایای مختلف هیچ گونه کاهشی ندارد.
1248,-,سخت افزار بعد از استفاده اپل از پردازنده های A4 بر روی آیفون 4 و A5 بر روی آیفون 4S ، این بار کمپانی اپل مدل A6 را معرفی و بر روی آیفون 5 استفاده نمود.,0,data/extra/Apple iPhone 5 - 16GB_Hosseini.xml,سخت افزار بعد از استفاده اپل از پردازنده های A4 بر روی آیفون 4 و A5 بر روی آیفون 4S ،  این بار کمپانی اپل مدل A6 را معرفی و بر روی آیفون 5 استفاده نمود.
1254,-,بنابراین برای یافتن مشخصات سخت افزاری محصولات این کمپانی، شرکت‌های مختلف بر روی آن‌ها تحقیق و آزمایش‌های مختلفی را انجام می‌دهند.,0,data/extra/Apple iPhone 5 - 16GB_Hosseini.xml,بنابراین برای یافتن مشخصات سخت افزاری محصولات این کمپانی،  شرکت‌های مختلف بر روی آن‌ها تحقیق و آزمایش‌های مختلفی را انجام می‌دهند.
1258,-,در آزمون سرعت اجرای جاوا اسکریپت، آیفون 5 حدود 50% سریع‌تر از غول LG یعنی Optimus G عمل نمود.,1,data/extra/Apple iPhone 5 - 16GB_Hosseini.xml,در آزمون سرعت اجرای جاوا اسکریپت،  آیفون 5 حدود 50% سریع‌تر از غول LG یعنی Optimus G عمل نمود.
1268,-,لازم به ذکر است که نتایج بدست آمده، حاصل آزمایش‌های متخصصان آناندتک می‌باشد و نتایج اعلامی از طرف کمپانی اپل نیستند!,0,data/extra/Apple iPhone 5 - 16GB_Hosseini.xml,لازم به ذکر است که نتایج بدست آمده،  حاصل آزمایش‌های متخصصان آناندتک می‌باشد و نتایج اعلامی از طرف کمپانی اپل نیستند!
1269,-,در مورد ظرفیت آیفون جدید نیز باید بگوییم که اپل مدل جدید خود را در سه ظرفیت 16، 32 و 64 گیگابایت تولید نموده است و همانند محصولات قبلی این کمپانی، آیفون 5 نیز از کارت حافظه جانبی پشتیبانی نمی‌کند و کاربر باید بنا بر نیاز خود یکی از این سه مدل را انتخاب نماید.,0,data/extra/Apple iPhone 5 - 16GB_Hosseini.xml,در مورد ظرفیت آیفون جدید نیز باید بگوییم که اپل مدل جدید خود را در سه ظرفیت 16،  32 و 64 گیگابایت تولید نموده است و همانند محصولات قبلی این کمپانی،  آیفون 5 نیز از کارت حافظه جانبی پشتیبانی نمی‌کند و کاربر باید بنا بر نیاز خود یکی از این سه مدل را انتخاب نماید.
1272,-,با وجود ابعاد کوچک این گوشی، به نظر می‌رسد که اپل مجبور بوده فضای داخلی آن را به صورت بسیار حرفه ای مدیریت کند، و یکی از تغییرات در مورد کانکتور آن اعمال گردید.,0,data/extra/Apple iPhone 5 - 16GB_Hosseini.xml,با وجود ابعاد کوچک این گوشی،  به نظر می‌رسد که اپل مجبور بوده فضای داخلی آن را به صورت بسیار حرفه ای مدیریت کند،  و یکی از تغییرات در مورد کانکتور آن اعمال گردید.
1275,-,نرم افزار iOS 6 !,0,data/extra/Apple iPhone 5 - 16GB_Hosseini.xml,نرم افزار iOS 6 !
1277,-,شاید یکی از اصلی‌ترین برتری‌های محصولات کمپانی اپل که باعث گردیده همه آن‌ها با استقبال فراوانی مواجه گردند، وجود سیستم عامل انحصاری این کمپانی است که در بین سیستم عامل‌های موجود بر روی گوشی‌های موبایل و تبلت ها، به واقع تا به امروز بی رقیب است.,1,data/extra/Apple iPhone 5 - 16GB_Hosseini.xml,شاید یکی از اصلی‌ترین برتری‌های محصولات کمپانی اپل که باعث گردیده همه آن‌ها با استقبال فراوانی مواجه گردند،  وجود سیستم عامل انحصاری این کمپانی است که در بین سیستم عامل‌های موجود بر روی گوشی‌های موبایل و تبلت ها،  به واقع تا به امروز بی رقیب است.
1299,-,برنامه دیگری که به iOS 6 اضافه شده برنامه Passbook نام دارد که یک برنامه Organizer بسیار قوی با امکانات بسیار خوب است که تمامی فعالیت‌های شما را می‌تواند ذخیره، برنامه ریزی و یاد آوری نماید.,2,data/extra/Apple iPhone 5 - 16GB_Hosseini.xml,برنامه دیگری که به iOS 6  اضافه شده برنامه Passbook نام دارد که یک برنامه Organizer بسیار قوی با امکانات بسیار خوب است که تمامی فعالیت‌های شما را می‌تواند ذخیره،  برنامه ریزی و یاد آوری نماید.
1310,-,یک دوربین 8 مگاپیکسلی با سنسور بسیار پیشرفته Backside Illuminated CMOS و دیافراگم f/2.4 که همانند دوربین آیفون 4S عملکرد بسیار خوبی دارد.,2,data/extra/Apple iPhone 5 - 16GB_Hosseini.xml,یک دوربین 8 مگاپیکسلی با سنسور بسیار پیشرفته Backside Illuminated CMOS و دیافراگم f/2.4 که همانند دوربین آیفون 4S عملکرد بسیار خوبی دارد.
1311,-,به لطف قدرت پردازشی بالاتر آن، سرعت عکاسی و پردازش آن نیز نسبت به 4S بهبود یافته است.,1,data/extra/Apple iPhone 5 - 16GB_Hosseini.xml,به لطف قدرت پردازشی بالاتر آن،  سرعت عکاسی و پردازش آن نیز نسبت به 4S بهبود یافته است.
1312,-,و با قرار گیری یک لایه از جنس یاقوت بر روی لنز دوربین، هم محافظت بهتری از آن به عمل می‌آید و هم عکس‌ها شفافیت بیشتری پیدا خواهند نمود.,1,data/extra/Apple iPhone 5 - 16GB_Hosseini.xml,و با قرار گیری یک لایه از جنس یاقوت بر روی لنز دوربین،  هم محافظت بهتری از آن به عمل می‌آید و هم عکس‌ها شفافیت بیشتری پیدا خواهند نمود.
1321,-,در نگاه کلی هم که به مشخصات فنی این گوشی‌ها نگاه کنیم، از خیلی نظرها برتری با کمپانی‌های سامسونگ و HTC است.,0,data/extra/Apple iPhone 5 - 16GB_Hosseini.xml,در نگاه کلی هم که به مشخصات فنی این گوشی‌ها نگاه کنیم،  از خیلی نظرها برتری با کمپانی‌های سامسونگ و HTC است.
1408,-,دوست عزیز در مورد حرکت اسلو در کامپیوتر شما باید بگم که سرعت کامپیوتر شما ضعیف است باید کامپیوتر خود را ارتقاء بدید دوربین عالیه.,2,data/extra/Sony HDR-XR550_Hosseini.xml,دوست عزيز در مورد حرکت اسلو در کامپيوتر شما بايد بگم که سرعت کامپيوتر شما ضعيف است بايد کامپيوتر خود را ارتقاء بديد دوربين عاليه.
1409,-,دوست عزیز اسلوموشن بودن تصویر دلایل زیادی داره 1-سرعت کم پردازش کارت گرافیک 2-مقدار بازدهی فرکانس مانیتور 3-نرم افزار پخش کننده فیلم,-1,data/extra/Sony HDR-XR550_Hosseini.xml,دوست عزيز اسلوموشن بودن تصوير دلايل زيادي داره 1-سرعت کم پردازش کارت گرافيک 2-مقدار بازدهي فرکانس مانيتور 3-نرم افزار پخش کننده فيلم
1410,-,من نزدیک 6 ماهه از این دوربین دارم .,0,data/extra/Sony HDR-XR550_Hosseini.xml,من نزديک 6 ماهه از اين دوربين دارم .
1411,-,اگر هدفتون فیلمبرداری با کیفیت هست روی این دوربین میشه حساب کرد .,1,data/extra/Sony HDR-XR550_Hosseini.xml,اگر هدفتون فيلمبرداري با کيفيت هست روي اين دوربين ميشه حساب کرد .
1412,-,در ضمن شما میتونید فیلمهای ضبط شدتون با این دوربین رو به راحتی به یک هارد اکسترنال بدون نیاز به کامپیوتر انتقال بدین .,1,data/extra/Sony HDR-XR550_Hosseini.xml,در ضمن شما ميتونيد فيلمهاي ضبط شدتون با اين دوربين رو به راحتي به يک هارد اکسترنال بدون نياز به کامپيوتر انتقال بدين .
1413,-,ولی اگه هدفتون فقط عکاسی هست به نظر من روی دوربین عکاسیش زیاد حساب نکنید .,-1,data/extra/Sony HDR-XR550_Hosseini.xml,ولي اگه هدفتون فقط عکاسي هست به نظر من روي دوربين عکاسيش زياد حساب نکنيد .
1414,-,ولی فیلمبرداریش برای یک آماتور خیلی عالیه .,2,data/extra/Sony HDR-XR550_Hosseini.xml,ولي فيلمبرداريش براي يک آماتور خيلي عاليه .
1415,-,لرزش دست رو به بهترین حالت میگیره,2,data/extra/Sony HDR-XR550_Hosseini.xml,لرزش دست رو به بهترين حالت ميگيره
1418,-,من یه فیلمبردار هستم با دوربین های حرفه ای کار کردم این دوربین بااین کوچیکیش میتوونه با حرفه ای ها مقابله کنه حرف نداره اگه یه پایه حرفه ای داشته باشید واسه خودش غولیه,2,data/extra/Sony HDR-XR550_Hosseini.xml,من يه فيلمبردار هستم با دوربين هاي حرفه اي کار کردم اين دوربين بااين کوچيکيش ميتوونه با حرفه اي ها مقابله کنه حرف نداره اگه يه پايه حرفه اي داشته باشيد  واسه خودش غوليه
1420,-,لنز واید ، از کجا میشه تهیه کرد و قیمتش حدودا چقده؟,0,data/extra/Sony HDR-XR550_Hosseini.xml,لنز وايد ،  از کجا ميشه تهيه کرد و قيمتش حدودا چقده؟
1421,-,من یکیش رو دارم درحد دوربینهای 2 میلیونی خیلی کارش خفنه,2,data/extra/Sony HDR-XR550_Hosseini.xml,من يکيش رو دارم درحد دوربينهاي 2 ميليوني خيلي کارش خفنه
1422,-,دوست گرامی کیفیت فیلمبرداری سونی XR550 درحد دوربینهای فیلمبرداری حرفه ای می باشد.,1,data/extra/Sony HDR-XR550_Hosseini.xml,دوست گرامي کيفيت فيلمبرداري سوني XR550 درحد دوربينهاي فيلمبرداري حرفه اي مي باشد.
1423,-,من که 100% از این کوچولوی شگفت انگیز راضی هستم.,2,data/extra/Sony HDR-XR550_Hosseini.xml,من که 100% از اين کوچولوي شگفت انگيز راضي هستم.
1425,-,کارش بیسته,2,data/extra/Sony HDR-XR550_Hosseini.xml,کارش بيسته
1426,-,ما این دوربین رو داریم به نظر من کسانی که این دوربین رو ندارند نظر ندهند بهتره در عکس های این دوربین هیچ گونه سایه ای وجود ندارد فکر مردم رو الکی مشغول نکنید.,0,data/extra/Sony HDR-XR550_Hosseini.xml,ما اين دوربين رو داريم به نظر من کساني که اين دوربين رو ندارند نظر ندهند بهتره در عکس هاي اين دوربين هيچ گونه سايه اي وجود ندارد فکر مردم رو الکي مشغول نکنيد.
1427,-,دوست عزیز این دوربین با امکاناتی که دارد صرفا برای فیلمبرداری ساخته شده است .,0,data/extra/Sony HDR-XR550_Hosseini.xml,دوست عزيز اين دوربين با امکاناتي که دارد صرفا براي فيلمبرداري ساخته شده است .
1428,-,دوست گرامی همه‌ی فلاش‌ها اگر مستقیم زده‌شوند سایه دارند,0,data/extra/Sony HDR-XR550_Hosseini.xml,دوست گرامي همه‌ي فلاش‌ها اگر مستقيم زده‌شوند سايه دارند
1429,-,با توجه به جای نصب فلاش عکسهایی که با فلاش گرفته میشود سایه دارند,-1,data/extra/Sony HDR-XR550_Hosseini.xml,با توجه به جاي نصب فلاش عکسهايي که با فلاش گرفته ميشود  سايه دارند
1431,-,طراحی و ساخت طراحی این گوشی کمی متفاوت‌تر از گوشی‌های دیگر خانواده لومیا است به طوری که لبه‌ها کمی انحنا داشته و صفحه نمایش آن کاملا تخت است.,0,data/extra/Nokia Lumia 620_Hosseini.xml,طراحی و ساخت طراحی این گوشی کمی متفاوت‌تر از گوشی‌های دیگر خانواده لومیا است به طوری که لبه‌ها کمی انحنا داشته و صفحه نمایش آن کاملا تخت است.
1432,-,این گوشی حتی نسبت به لومیا 820 نیز لبه های گرد تری دارد که به نظر می‌رسد ظاهر آنرا جوانانه تر نماید.,0,data/extra/Nokia Lumia 620_Hosseini.xml,این گوشی حتی نسبت به لومیا 820 نیز لبه های گرد تری دارد که به نظر می‌رسد ظاهر آنرا جوانانه تر نماید.
1440,-,صفحه نمایش صفحه نمایش به کار رفته بر روی این گوشی، یک صفحه نمایش 3.8 اینچی لمسی خازنی از نوع TFT است که تصاویر را با رزولوشن 800×480 پیکسل به نمایش می‌گذارد.,0,data/extra/Nokia Lumia 620_Hosseini.xml,صفحه نمایش صفحه نمایش به کار رفته بر روی این گوشی،  یک صفحه نمایش 3.8 اینچی لمسی خازنی از نوع TFT است که تصاویر را با رزولوشن 800×480 پیکسل به نمایش می‌گذارد.
1445,-,سخت افزار از لحاظ سخت افزار داخلی تفاوت‌هایی بین لومیا 620 با مدل‌های بالاتر خود وجود دارد.,0,data/extra/Nokia Lumia 620_Hosseini.xml,سخت افزار از لحاظ سخت افزار داخلی تفاوت‌هایی بین لومیا 620 با مدل‌های بالاتر خود وجود دارد.
1453,-,نرم افزار Lumia 820 جزو اولین گوشی‌های عرضه شده به بازار است که از سیستم عامل Windows Phone 8 بهره می‌برد.,0,data/extra/Nokia Lumia 620_Hosseini.xml,نرم افزار Lumia 820  جزو اولین گوشی‌های عرضه شده به بازار است که از سیستم عامل Windows Phone 8 بهره می‌برد.
1470,-,دوربین دوربین این گوشی یک دوربین 5 مگاپیکسلی است که عکس‌ها را با رزولوشن 1936×2592 پیکسل ثبت می‌نماید.,0,data/extra/Nokia Lumia 620_Hosseini.xml,دوربین دوربین این گوشی یک دوربین 5 مگاپیکسلی است که عکس‌ها را با رزولوشن 1936×2592  پیکسل ثبت می‌نماید.
1475,-,باتری این گوشی یک باتری 1300 میلی متری آمپر ساعتیست که از باتری مدل‌های 820 و 920 بسیار ضعیف‌تر است، با این حال بیش از 14 ساعت مکالمه ممتد را پشتیبانی می‌نماید.,-1,data/extra/Nokia Lumia 620_Hosseini.xml,باتری این گوشی یک باتری 1300 میلی متری آمپر ساعتیست که از باتری مدل‌های 820 و 920 بسیار ضعیف‌تر است،  با این حال بیش از 14 ساعت مکالمه ممتد را پشتیبانی می‌نماید.
1477,-,جمع بندی یکی از معایب گوشی‌های ویندوز فون 8 نوکیا یعنی لومیا 920 و 820، قیمت بالای آن‌ها بود که امکان خریدشان را از بسیاری از کاربران سلب نموده بود.,-1,data/extra/Nokia Lumia 620_Hosseini.xml,جمع بندی یکی از معایب گوشی‌های ویندوز فون 8 نوکیا یعنی لومیا 920 و 820،  قیمت بالای آن‌ها بود که امکان خریدشان را از بسیاری از کاربران سلب نموده بود.
1502,-,همان طور که میدانید پرینترها، اسکنرها و دستگاه های فکس و کپی جزو دستگاه‌هایی هستند که امروزه به عنوان یکی از وسایل خروجی یا ورودی اطلاعات کامپیوتر مورد استفاده قرار می‌گیرد.,0,data/extra/Canon Pixma MX374_Hosseini.xml,همان طور که میدانید پرینترها،  اسکنرها و دستگاه های فکس و کپی جزو دستگاه‌هایی هستند که امروزه به عنوان یکی از وسایل خروجی یا ورودی اطلاعات کامپیوتر مورد استفاده قرار می‌گیرد.
1503,-,قطع به یقین تا به حال مدل‌های مختلف این دستگاه‌ها را دیده‌اید و یا حتی با آن‌ها کار کرده‌اید.,0,data/extra/Canon Pixma MX374_Hosseini.xml,قطع به یقین تا به حال مدل‌های مختلف این دستگاه‌ها را دیده‌اید و یا حتی با آن‌ها کار کرده‌اید.
1504,-,حال اگر به تعدادی از این ماشین‌ها نیاز داشته باشید مجبورید که تک تک آن‌ها را جداگانه خریداری کنید؟,0,data/extra/Canon Pixma MX374_Hosseini.xml,حال اگر به تعدادی از این ماشین‌ها نیاز داشته باشید مجبورید که تک تک آن‌ها را جداگانه خریداری کنید؟
1505,-,به عنوان مثال اگر نیاز به دستگاه های پرینتر، اسکنر، فکس و کپی داشته باشید، مجبورید که هر چهار دستگاه را جداگانه تهیه کنید؟,0,data/extra/Canon Pixma MX374_Hosseini.xml,به عنوان مثال اگر نیاز به دستگاه های پرینتر،  اسکنر،  فکس و کپی داشته باشید،  مجبورید که هر چهار دستگاه را جداگانه تهیه کنید؟
1506,-,مسلما خرید این‌ها مستلزم صرف هزینه زیادی می‌باشد.,0,data/extra/Canon Pixma MX374_Hosseini.xml,مسلما خرید این‌ها مستلزم صرف هزینه زیادی می‌باشد.
1507,-,گذشته از این‌ها اگر هم حاضر به پرداخت آن مبالغ باشید، آیا فضای میز کار شما اجازه استفاده از تمامی این دستگاه‌ها را می‌دهد؟,0,data/extra/Canon Pixma MX374_Hosseini.xml,گذشته از این‌ها اگر هم حاضر به پرداخت آن مبالغ باشید،  آیا فضای میز کار شما اجازه استفاده از تمامی این دستگاه‌ها را می‌دهد؟
1508,-,مسلما خیلی بعید به نظر می‌رسد.,-1,data/extra/Canon Pixma MX374_Hosseini.xml,مسلما خیلی بعید به نظر می‌رسد.
1509,-,پس چه باید کرد؟,0,data/extra/Canon Pixma MX374_Hosseini.xml,پس چه باید کرد؟
1510,-,شاید یک پیشنهاد مناسب برای این مشکل، استفاده از پرینترهای چند کاره باشد.,0,data/extra/Canon Pixma MX374_Hosseini.xml,شاید یک پیشنهاد مناسب برای این مشکل،  استفاده از پرینترهای چند کاره باشد.
1511,-,این دستگاه‌ها با گرد هم آوردن چند دستگاه به صورت یک جا، هم فضای کمتری می‌گیرد و هم هزینه کمتری به خریداران خود تحمیل می‌کند.,1,data/extra/Canon Pixma MX374_Hosseini.xml,این دستگاه‌ها با گرد هم آوردن چند دستگاه به صورت یک جا،  هم فضای کمتری می‌گیرد و هم هزینه کمتری به خریداران خود تحمیل می‌کند.
1512,-,پرینترهای چند کاره در دو مدل جوهرافشان و لیزری تولید و به بازار عرضه گشته‌اند.,0,data/extra/Canon Pixma MX374_Hosseini.xml,پرینترهای چند کاره در دو مدل جوهرافشان و لیزری تولید و به بازار عرضه گشته‌اند.
1513,-,دستگاه های چند کاره در بین این گروه از ماشین‌ها، بسیار پرطرفدارتر می‌باشد.,1,data/extra/Canon Pixma MX374_Hosseini.xml,دستگاه های چند کاره در بین  این گروه از ماشین‌ها،  بسیار پرطرفدارتر می‌باشد.
1514,-,پس از این مقدمه کوتاه به معرفی یکی از این پرینترها چند کاره می‌پردازیم.,0,data/extra/Canon Pixma MX374_Hosseini.xml,پس از این مقدمه کوتاه به معرفی یکی از این پرینترها چند کاره می‌پردازیم.
1515,-,مشخصات کلی کمپانی کانن که شهرت خود را بیشتر بابت دوربین‌هایش دارد، در زمینه تولید دستگاه های اداری نیز فعال بوده و جزو برترین کمپانی‌ها در این زمینه می‌باشد.,1,data/extra/Canon Pixma MX374_Hosseini.xml,مشخصات کلی کمپانی کانن که شهرت خود را بیشتر بابت دوربین‌هایش دارد،  در زمینه تولید دستگاه های اداری نیز فعال بوده و جزو برترین کمپانی‌ها در این زمینه می‌باشد.
1516,-,یکی از تولیدات این کمپانی Pixma MX374 است که یک چاپگر چهار کاره بوده و جزو دستگاه های رده متوسط کانن می‌باشد.,0,data/extra/Canon Pixma MX374_Hosseini.xml,یکی از تولیدات این کمپانی Pixma MX374 است که یک چاپگر چهار کاره بوده و جزو دستگاه های رده متوسط کانن می‌باشد.
1517,-,ابعاد این دستگاه 200 × 385 × 458 میلی‌متر بوده و وزن آن نیز 8.4 کیلوگرم است.,0,data/extra/Canon Pixma MX374_Hosseini.xml,ابعاد این دستگاه 200 × 385 × 458  میلی‌متر بوده و وزن آن نیز 8.4 کیلوگرم است.
1518,-,رنگ آن نیز مشکی و از نوع مات است.,0,data/extra/Canon Pixma MX374_Hosseini.xml,رنگ آن نیز مشکی و از نوع مات است.
1519,-,مات بودن رنگ این دستگاه باعث می‌شود که هنگام کار با آن اثر انگشتتان رویش نماند و گرد و خاک بر رویش مشاهده نشود.,0,data/extra/Canon Pixma MX374_Hosseini.xml,مات بودن رنگ این دستگاه باعث می‌شود که هنگام کار با آن اثر انگشتتان رویش نماند و گرد و خاک بر رویش مشاهده نشود.
1520,-,تکنولوژی چاپ در این دستگاه از نوع جوهرافشان بوده و امکان چاپ رنگی ویژگی دیگر این پرینترهای چندکاره است.,0,data/extra/Canon Pixma MX374_Hosseini.xml,تکنولوژی چاپ در این دستگاه از نوع جوهرافشان بوده و امکان چاپ رنگی ویژگی دیگر این پرینترهای چندکاره است.
1521,-,روی این دستگاه تا حدودی شلوغ بوده و تعداد زیادی کلید وجود دارد.,-1,data/extra/Canon Pixma MX374_Hosseini.xml,روی این دستگاه تا حدودی شلوغ بوده و تعداد زیادی کلید وجود دارد.
1522,-,در بالای دستگاه و در قسمت وسط آن، یک صفحه نمایش وجود دارد.,0,data/extra/Canon Pixma MX374_Hosseini.xml,در بالای دستگاه و در قسمت وسط آن،  یک صفحه نمایش وجود دارد.
1523,-,چاپگر تکنولوژی چاپگر این دستگاه از نوع جوهرافشان بوده و قابلیت چاپ رنگی و سیاه و سفید را دارد.,0,data/extra/Canon Pixma MX374_Hosseini.xml,چاپگر تکنولوژی چاپگر این دستگاه از نوع جوهرافشان بوده و قابلیت چاپ رنگی و سیاه و سفید را دارد.
1524,-,رزولوشن چاپ در این چاپگر 4800 × 1200dpi می‌باشد که کیفیتی متوسط دارد.,0,data/extra/Canon Pixma MX374_Hosseini.xml,رزولوشن چاپ در این چاپگر 4800 × 1200dpi می‌باشد  که کیفیتی متوسط دارد.
1525,-,سرعت چاپ یکی از مهم‌ترین ویژگی‌ها در این دستگاه‌ها است.,1,data/extra/Canon Pixma MX374_Hosseini.xml,سرعت چاپ یکی از مهم‌ترین ویژگی‌ها در این دستگاه‌ها است.
1526,-,درست است که چاپگرهای جوهرافشان سرعت چاپ چندان بالایی به نسبت چاپگرهای لیزری ندارند ولی Pixma MX374 در بین پرینترهای جوهرافشان سرعت به نسبت متوسطی دارد.,0,data/extra/Canon Pixma MX374_Hosseini.xml,درست است که چاپگرهای جوهرافشان سرعت چاپ چندان بالایی به نسبت چاپگرهای لیزری ندارند ولی Pixma MX374 در بین پرینترهای جوهرافشان سرعت به نسبت متوسطی دارد.
1527,-,سرعت چاپ در حالت سیاه و سفید در حدود 8.7 صفحه در دقیقه و برای حالت رنگی 5 صفحه در دقیقه می‌باشد.,0,data/extra/Canon Pixma MX374_Hosseini.xml,سرعت چاپ در حالت سیاه و سفید در حدود 8.7  صفحه در دقیقه و برای حالت رنگی 5  صفحه در دقیقه می‌باشد.
1528,-,امکان چاپ دو رو از خصوصیات دیگر این چاپگر می‌باشد که توانایی چاپ دو رو خودکار تا 30 صفحه را دارد.,0,data/extra/Canon Pixma MX374_Hosseini.xml,امکان چاپ دو رو از خصوصیات دیگر این چاپگر می‌باشد که توانایی چاپ دو رو خودکار تا 30 صفحه را دارد.
1529,-,متاسفانه این دستگاه امکان چاپ بر روی CD را ندارد که اگر این ویژگی را نیز داشت می‌توان گفت دیگر چیزی کم نداشت ولی با این حال باز هم یکی چاپگر بسیار مناسب از لحاظ کارکرد و همچنین قیمت است.,1,data/extra/Canon Pixma MX374_Hosseini.xml,متاسفانه این دستگاه امکان چاپ بر روی CD را ندارد که اگر این ویژگی را نیز داشت می‌توان گفت دیگر چیزی کم نداشت ولی با این حال باز هم یکی چاپگر بسیار مناسب از لحاظ کارکرد و همچنین قیمت است.
1530,-,اسکنر یکی دیگر از قسمت‌های این دستگاه اسکنر آن است.,0,data/extra/Canon Pixma MX374_Hosseini.xml,اسکنر یکی دیگر از قسمت‌های این دستگاه اسکنر آن است.
1531,-,اسکنر این دستگاه نیز همانند چاپگر آن از کیفیت و عملکرد مناسبی برخوردار است.,1,data/extra/Canon Pixma MX374_Hosseini.xml,اسکنر این دستگاه نیز همانند چاپگر آن از کیفیت و عملکرد مناسبی برخوردار است.
1532,-,این اسکنر قادر به تهیه اسکن با وضوح 2400 × 1200 dpi می‌باشد.,0,data/extra/Canon Pixma MX374_Hosseini.xml,این اسکنر قادر به تهیه اسکن با وضوح 2400 × 1200 dpi می‌باشد.
1533,-,این وضوح در اسکن خوب بوده و نسخه ای که در اختیار شما قرار می‌دهد از کیفیت مناسبی برخوردار بوده و می‌تواند جزئیات زیادی از متن و یا عکس اسکن شده به شما بدهد.,1,data/extra/Canon Pixma MX374_Hosseini.xml,این وضوح در اسکن خوب بوده و نسخه ای که در اختیار شما قرار می‌دهد از کیفیت مناسبی برخوردار بوده و می‌تواند جزئیات زیادی از متن و یا عکس اسکن شده به شما بدهد.
1534,-,شاید این ویژگی در هنگام اسکن متن چندان به چشم نیاید ولی در هنگام اسکن عکس می‌توان عملکرد مناسب این اسکنر را مشاهده کرد.,1,data/extra/Canon Pixma MX374_Hosseini.xml,شاید این ویژگی در هنگام اسکن متن چندان به چشم نیاید ولی در هنگام اسکن عکس می‌توان عملکرد مناسب این اسکنر را مشاهده کرد.
1535,-,از سوی دیگر سرعت اسکن در این دستگاه برای هر صفحه در حدود 15 ثانیه می‌باشد و ویژگی بارز دیگر اسکنر این دستگاه، امکان اسکن خودکار دو رو است.,0,data/extra/Canon Pixma MX374_Hosseini.xml,از سوی دیگر سرعت اسکن  در این دستگاه برای هر صفحه در حدود 15 ثانیه می‌باشد و ویژگی بارز دیگر اسکنر این دستگاه،  امکان اسکن خودکار دو رو است.
1536,-,"سایز کاغذ قابل اسکن در این دستگاه Flatbed: A4/Letter, ADF: A4/Letter/Legal می‌باشد.",0,data/extra/Canon Pixma MX374_Hosseini.xml,"سایز کاغذ قابل اسکن در این دستگاه Flatbed: A4/Letter, ADF: A4/Letter/Legal می‌باشد."
1537,-,در مجموع همانند پرینتر این دستگاه، اسکنر آن نیز تقریبا کمبودی ندارد و از نظر عملکرد خوب ارزیابی می‌شود.,1,data/extra/Canon Pixma MX374_Hosseini.xml,در مجموع همانند پرینتر این دستگاه،  اسکنر آن نیز تقریبا کمبودی ندارد و از نظر عملکرد خوب ارزیابی می‌شود.
1538,-,کپی این دستگاه با داشتن پرینتر و اسکنر، دارای امکان دیگری نیز هست و آن قابلیت کپی گرفتن است.,0,data/extra/Canon Pixma MX374_Hosseini.xml,کپی این دستگاه با داشتن پرینتر و اسکنر،  دارای امکان دیگری نیز هست و آن قابلیت کپی گرفتن است.
1539,-,سرعت کپی در حالت ADF ( تغذیه خودکار ) در این دستگاه 3.4 برگ در دقیقه می‌باشد که سرعت بالایی نیست.,-1,data/extra/Canon Pixma MX374_Hosseini.xml,سرعت کپی در حالت ADF ( تغذیه خودکار ) در این دستگاه 3.4 برگ در دقیقه می‌باشد که سرعت بالایی نیست.
1540,-,همچنین در حالت غیر ADF، زمان سپری شده برای هر برگ در حدود 23 ثانیه می‌باشد.,0,data/extra/Canon Pixma MX374_Hosseini.xml,همچنین در حالت غیر ADF،  زمان سپری شده برای هر برگ در حدود 23 ثانیه می‌باشد.
1541,-,امکان بزرگنمایی این دستگاه برای تهیه کپی از 25 تا 400 درصد می‌باشد و امکان تهیه 99 کپی پی در پی از ویژگی‌های دیگر این چند کاره است.,0,data/extra/Canon Pixma MX374_Hosseini.xml,امکان بزرگنمایی این دستگاه برای تهیه کپی از 25 تا 400 درصد می‌باشد و امکان تهیه 99 کپی پی در پی از ویژگی‌های دیگر این چند کاره است.
1542,-,فکس دستگاه دیگری که در این چندکاره قرار داده شده فکس است.,0,data/extra/Canon Pixma MX374_Hosseini.xml,فکس دستگاه دیگری که در این چندکاره قرار داده شده فکس است.
1543,-,این دستگاه قابلیت ارسال و دریافت فکس را دارد ولی فاقد گوشی می‌باشد.,0,data/extra/Canon Pixma MX374_Hosseini.xml,این دستگاه قابلیت ارسال و دریافت فکس را دارد ولی فاقد گوشی می‌باشد.
1544,-,سرعت فکس این دستگاه در حالت رنگی در حدود یک دقیقه برای هر صفحه و برای حالت سیاه و سفید در حدود 3 ثانیه می‌باشد.,0,data/extra/Canon Pixma MX374_Hosseini.xml,سرعت فکس این دستگاه در حالت رنگی در حدود یک دقیقه برای هر صفحه و برای حالت سیاه و سفید در حدود 3 ثانیه می‌باشد.
1545,-,رزولوشن فکس در این دستگاه برای حالت سیاه و سفید 300 × 300 dpi و برای حالت رنگی 200 × 200 dpi می‌باشد.,0,data/extra/Canon Pixma MX374_Hosseini.xml,رزولوشن فکس در این دستگاه برای حالت سیاه و سفید 300 × 300 dpi و برای حالت رنگی 200 × 200 dpi می‌باشد.
1546,-,شاید در نگاه اول به نظر شما رزولوشن پایینی باشد، به خصوص در مقایسه با رزولوشن چاپ و اسکنر این دستگاه.,0,data/extra/Canon Pixma MX374_Hosseini.xml,شاید در نگاه اول به نظر شما رزولوشن پایینی باشد،  به خصوص در مقایسه با رزولوشن چاپ و اسکنر این دستگاه.
1547,-,ولی باید توجه داشت که برای فکس، ما نیازی به رزولوشن بالاتر از این نداریم.,0,data/extra/Canon Pixma MX374_Hosseini.xml,ولی باید توجه داشت که برای فکس،  ما نیازی به رزولوشن بالاتر از این نداریم.
1548,-,حافظه فکس این دستگاه در حدود 50 برگ است.,0,data/extra/Canon Pixma MX374_Hosseini.xml,حافظه فکس این دستگاه در حدود 50 برگ است.
1549,-,این یعنی امکان ذخیره و نگهداری تا 50 برگ را دارد.,0,data/extra/Canon Pixma MX374_Hosseini.xml,این یعنی امکان ذخیره و نگهداری تا 50 برگ را دارد.
1550,-,همچنین امکان شماره گیری خودکار از دیگر ویژگی‌های این دستگاه است.,0,data/extra/Canon Pixma MX374_Hosseini.xml,همچنین امکان شماره گیری خودکار از دیگر ویژگی‌های این دستگاه است.
1551,-,کارتریج این چندکاره دارای 4 کارتریج می‌باشد.,0,data/extra/Canon Pixma MX374_Hosseini.xml,کارتریج این چندکاره دارای 4 کارتریج می‌باشد.
1552,-,"کارتریج‌های این دستگاه عبارتند از:PG-440, CL-441 (Optional)PG-440XL, CL-441XL.",0,data/extra/Canon Pixma MX374_Hosseini.xml,"کارتریج‌های این دستگاه عبارتند از:PG-440, CL-441 (Optional)PG-440XL, CL-441XL."
1553,-,قیمت این کارتریج‌ها به نسبت زیاد است و این مورد شاید کمی ناراحت کننده باشد.,-1,data/extra/Canon Pixma MX374_Hosseini.xml,قیمت این کارتریج‌ها به نسبت زیاد است و این مورد شاید کمی ناراحت کننده باشد.
1554,-,علاوه بر این، شارژ این کارتریج‌ها تا حدودی سخت است و مانند کارتریج‌های مخزنی ساده نیست.,-1,data/extra/Canon Pixma MX374_Hosseini.xml,علاوه بر این،  شارژ این کارتریج‌ها تا حدودی سخت است و مانند کارتریج‌های مخزنی ساده نیست.
1555,-,عمر مفید کارکرد این کارتریج‌ها متفاوت است به طوری که برای هر یک داریم:کارتریج مشکی PG-440 با ظرفیت چاپ 180 برگ و یا 1420 عکس کارتریج مشکی PG-440XL با ظرفیت چاپ 600 برگ و یا 4340 عکس کارتریج رنگی CL-441 با ظرفیت چاپ 180 برگ و یا 67 عکس کارتریج رنگی CL-441XL با ظرفیت چاپ 400 برگ و یا 135 عکس جمع بندی با توجه به تمامی ویژگی‌های بیان شده می‌توان گفت که این دستگاه یک چهار کاره ی بسیار خوب است.,1,data/extra/Canon Pixma MX374_Hosseini.xml,عمر مفید کارکرد این کارتریج‌ها متفاوت است به طوری که برای هر یک داریم:کارتریج مشکی PG-440  با ظرفیت چاپ 180 برگ و یا 1420 عکس کارتریج مشکی PG-440XL با ظرفیت چاپ 600 برگ و یا 4340 عکس کارتریج رنگی CL-441 با ظرفیت چاپ 180 برگ و یا 67 عکس کارتریج رنگی CL-441XL با ظرفیت چاپ 400 برگ و یا 135 عکس جمع بندی با توجه به تمامی ویژگی‌های بیان شده می‌توان گفت که این دستگاه یک چهار کاره ی بسیار خوب است.
1556,-,قیمت بسیار مناسب آن در مقابل امکاناتی که در اختیار شما قرار می‌دهد توانسته Pixma MX374 را در بین پرینترهای چندکاره ها جزو به صرفه‌ترین و مناسب‌ترین دستگاه‌ها قرار دهد.,2,data/extra/Canon Pixma MX374_Hosseini.xml,قیمت بسیار مناسب آن در مقابل امکاناتی که در اختیار شما قرار می‌دهد توانسته Pixma MX374 را در بین پرینترهای چندکاره ها جزو به صرفه‌ترین و مناسب‌ترین دستگاه‌ها قرار دهد.
1557,-,همچنین باید هنگام خرید این دستگاه به این موضوع دقت داشته باشید که اگر سرعت پرینت برای شما مهم باشد، باید قید این دستگاه را زده و به سراغ مدل‌های بالاتر این دستگاه از جمله Pixma MX894 بروید و اگر سرعت برای شما بسیار مهم باشد و این مدل‌ها نتواند پاسخگوی شما باشد باید به سراغ پرینترهای مخصوص و سرعت بالا و البته شاید لیزری بروید.,0,data/extra/Canon Pixma MX374_Hosseini.xml,همچنین باید هنگام خرید این دستگاه به این موضوع دقت داشته باشید که اگر سرعت پرینت برای شما مهم باشد،  باید قید این دستگاه را زده و به سراغ مدل‌های بالاتر این دستگاه از جمله Pixma MX894 بروید و اگر سرعت برای شما بسیار مهم باشد و این مدل‌ها نتواند پاسخگوی شما باشد باید به سراغ پرینترهای مخصوص و سرعت بالا و البته شاید لیزری بروید.
1558,-,همچنین اگر سرعت کپی برای شما از اهمیت بالای برخوردار است، باید به سراغ دستگاه های کپی رفته و شاید مجبور به پرداخت هزینه ای بیشتر از این باشید.,0,data/extra/Canon Pixma MX374_Hosseini.xml,همچنین اگر سرعت کپی برای شما از اهمیت بالای برخوردار است،  باید به سراغ دستگاه های کپی رفته و شاید مجبور به پرداخت هزینه ای بیشتر از این باشید.
1559,-,در مورد فکس نیز اگر نیاز دارید که دستگاه فکس شما گوشی داشته باشد، باید از انتخاب این چندکاره خودداری کنید.,0,data/extra/Canon Pixma MX374_Hosseini.xml,در مورد فکس نیز اگر نیاز دارید که دستگاه فکس شما گوشی داشته باشد،  باید از انتخاب این چندکاره خودداری کنید.
1560,-,در مجموع این دستگاه برای مصارف خانگی و تا حدودی اداری بسیار مناسب است و می‌تواند تمامی نیازهای شما را به دستگاه های پرینتر، کپی، اسکن و فکس برطرف سازد.,1,data/extra/Canon Pixma MX374_Hosseini.xml,در مجموع این دستگاه برای مصارف خانگی و تا حدودی اداری بسیار مناسب است و می‌تواند تمامی نیازهای شما را به دستگاه های پرینتر،  کپی،  اسکن و فکس برطرف سازد.
1561,-,دوربین فیلم‌برداری GZ-MG555 از دیگر مدل‌های JVC است که کیفیت تصویری بسیار خوبی دارد.,2,data/extra/JVC GZ-MG555_Hosseini.xml,دوربین فیلم‌برداری GZ-MG555 از دیگر مدل‌های JVC است که کیفیت تصویری بسیار خوبی دارد.
1563,-,دوربین فیلم‌برداری JVC مدل GZ-MG555 از مدل‌های سری Everio است که اولین دوربین‌های فیلم‌برداری مبتنی بر هارد را عرضه کرده است.,0,data/extra/JVC GZ-MG555_Hosseini.xml,دوربین فیلم‌برداری JVC مدل GZ-MG555 از مدل‌های سری Everio است که اولین دوربین‌های فیلم‌برداری مبتنی بر هارد را عرضه کرده است.
1565,-,از مشخصه‌های جدیدی که در GZ-MG555 ارائه شده می‌توان به دست‌رسی مستقیم برای رایت DVD، تهیه آسان فایل‌های پشتیبان، قابلیت‌های ویرایشی تصویر در خود دوربین و پشتیبانی از SDHC اشاره کرد.,0,data/extra/JVC GZ-MG555_Hosseini.xml,از مشخصه‌های جدیدی که در GZ-MG555 ارائه شده می‌توان به دست‌رسی مستقیم برای رایت DVD،  تهیه آسان فایل‌های پشتیبان،  قابلیت‌های ویرایشی تصویر در خود دوربین و پشتیبانی از SDHC اشاره کرد.
1566,-,دوربین فیلم‌برداری JVC مدل GZ-MG555 به قابلیت‌های جدیدی برای کاهش نویز تصویر مجهز است.,1,data/extra/JVC GZ-MG555_Hosseini.xml,دوربین فیلم‌برداری JVC مدل GZ-MG555 به قابلیت‌های جدیدی برای کاهش نویز تصویر مجهز است.
1567,-,این دوربین از حساسیت خوبی بهره می‌برد که در مواردی از مدل‌های مشابه خود بهتر شده است.,1,data/extra/JVC GZ-MG555_Hosseini.xml,این دوربین از حساسیت خوبی بهره می‌برد که در مواردی از مدل‌های مشابه خود بهتر شده است.
1572,-,با دوربین فیلم‌برداری JVC مدل GZ-MG555 دیگر برای ثبت فایل‌ها بر روی DVD یا ویرایش آن‌ها مشکلی نخواهید داشت.,1,data/extra/JVC GZ-MG555_Hosseini.xml,با دوربین فیلم‌برداری JVC مدل GZ-MG555 دیگر برای ثبت فایل‌ها بر روی DVD یا ویرایش آن‌ها مشکلی نخواهید داشت.
1574,-,USB از دیگر امکاناتی است که در نظر گرفته شده است.,0,data/extra/JVC GZ-MG555_Hosseini.xml,USB از دیگر امکاناتی است که در نظر گرفته شده است.
1575,-,دوربین فیلم‌برداری MG555 به مجموعه نرم‌افزاری خوبی مجهز است.,1,data/extra/JVC GZ-MG555_Hosseini.xml,دوربین فیلم‌برداری MG555 به مجموعه نرم‌افزاری خوبی مجهز است.
1579,-,تصاویر آن نیز در مقایسه با دوربین‌های مشابه کیفیت دارند.,1,data/extra/JVC GZ-MG555_Hosseini.xml,تصاویر آن نیز در مقایسه با دوربین‌های مشابه کیفیت دارند.
1580,-,از تنظیمات دستی این دوربین نیز می‌توان به فوکوس، تنظیمات نوردهی، سرعت شاتر، تراز سفیدی و امکان دسترسی سریع و مستقیم به بعضی قابلیت‌ها اشاره کرد.,1,data/extra/JVC GZ-MG555_Hosseini.xml,از تنظیمات دستی این دوربین نیز می‌توان به فوکوس،  تنظیمات نوردهی،  سرعت شاتر،  تراز سفیدی و امکان دسترسی سریع و مستقیم به بعضی قابلیت‌ها اشاره کرد.
1581,-,دوربین فیلم‌برداری GZ-MG555 از جمله‌مدل‌هایی است که رضایت شما را جلب خواهد کرد.,0,data/extra/JVC GZ-MG555_Hosseini.xml,دوربین فیلم‌برداری GZ-MG555 از جمله‌ مدل‌هایی است که رضایت شما را جلب خواهد کرد.
1583,-,مشخصه‌های اصلی دوربین فیلم‌برداری JVC مدل GZ-MG555: • هارد 30 گیگابایتی• CCD کارآمد 2.5/1 اینچی 5.37 پیکسلی• زوم اپتیکال 10 برابر• فلاش• حداکثر اندازه عکس: 1944×2592 پیکسل• صفحه نمایش 2.7 اینچی وایداسکرین• مدت زمان فیلم‌برداری در حالت Ultra: 7 ساعت• مدت زمان عکاسی در حالت Fine: 10.5 ساعت• مدت زمان عکاسی در حالت Norm: 14 ساعت• مدت زمان عکاسی در حالت Eco: 37.5 ساعت• CyberLink’s PowerCinema NE • Direct DVD/Direct Back-Up • PowerDirector 5 NE Express,0,data/extra/JVC GZ-MG555_Hosseini.xml,مشخصه‌های اصلی دوربین فیلم‌برداری JVC مدل GZ-MG555: • هارد 30 گیگابایتی• CCD کارآمد 2.5/1 اینچی 5.37 پیکسلی• زوم اپتیکال 10 برابر• فلاش• حداکثر اندازه عکس: 1944×2592 پیکسل• صفحه نمایش 2.7 اینچی وایداسکرین• مدت زمان فیلم‌برداری در حالت Ultra: 7 ساعت• مدت زمان عکاسی در حالت Fine: 10.5 ساعت• مدت زمان عکاسی در حالت Norm: 14 ساعت• مدت زمان عکاسی در حالت Eco: 37.5 ساعت• CyberLink’s PowerCinema NE • Direct DVD/Direct Back-Up • PowerDirector 5 NE Express
1586,-,سلام سه چهار روزی میشه که این به اصطلاح دوربینو گرفتم اصلا از کیفیت عکساش راضی نیستم در حد 5 یا 6 مگا پیکسله فیلمی هم که باهاش میگیری هی گیر میکنه صداشم قطع و وصل میشه,-2,data/extra/Fujifilm FinePix F660EXR.xml,سلام  سه چهار روزي ميشه که اين به اصطلاح دوربينو گرفتم اصلا  از کيفيت عکساش راضي نيستم در حد 5 يا 6 مگا پيکسله  فيلمي هم که باهاش ميگيري هي گير ميکنه صداشم قطع و وصل ميشه
1587,-,با سلام خدمت دوستان بعد از شش ماه تحقیق راجع به دوربین به طور ناخواسته اینو خریدم و امروز به دستم رسید.,0,data/extra/Fujifilm FinePix F660EXR.xml,با سلام خدمت دوستان بعد از شش ماه تحقيق راجع به دوربين به طور ناخواسته اينو خريدم و امروز به دستم رسيد.
1588,-,بعد از آشنا شدن با تنظیمات دوربین و عکسهایی که گرفتم میتونم بگم با کمی دقت و یادگیری فنون عکاسی میشه عکسهای فوق العاده ای انداخت کیفیت فیلمش هم عالی بود برخلاف انتظار باطریش هم خوب بود دو ساعت باهاش کار کردم ولی باطریش هنوز تموم نشده دوربین جمع و جوریه و هیچ ایرادی نداره و پیشنهاد میکنم در خریدش شک نکنید.,2,data/extra/Fujifilm FinePix F660EXR.xml,بعد از آشنا شدن با تنظيمات دوربين و عکسهايي که گرفتم ميتونم بگم با کمي دقت و يادگيري فنون عکاسي ميشه عکسهاي فوق العاده اي انداخت کيفيت فيلمش هم عالي بود برخلاف انتظار باطريش هم خوب بود دو ساعت باهاش کار کردم ولي باطريش هنوز تموم نشده دوربين جمع و جوريه و هيچ ايرادي نداره و پيشنهاد ميکنم در خريدش شک نکنيد.
1589,-,قبل از خرید فنون عکاسی رو یاد بگیرید.,0,data/extra/Fujifilm FinePix F660EXR.xml,قبل از خريد فنون عکاسي رو ياد بگيريد.
1590,-,تنها عیبش به نظر من این بود که باطریش دیر شارژ شد.,-1,data/extra/Fujifilm FinePix F660EXR.xml,تنها عيبش به نظر من اين بود که باطريش دير شارژ شد.
1593,-,دوربین بسیار قوی با حسگر فوق العاده.,2,data/extra/Fujifilm FinePix F660EXR.xml,دوربين بسيار قوي با حسگر فوق العاده.
1595,-,رنگ های زنده.,1,data/extra/Fujifilm FinePix F660EXR.xml,رنگ هاي زنده.
1596,-,برای کاهش نویز هم میشه سرعت شاتر رو با زاویه نور تنظیم کرد.,1,data/extra/Fujifilm FinePix F660EXR.xml,براي کاهش نويز هم ميشه سرعت شاتر رو با زاويه نور تنظيم کرد.
1599,-,همشون شبیه f500 هستن.,0,data/extra/Fujifilm FinePix F660EXR.xml,همشون شبيه f500 هستن.
1600,-,شاید فوق فوقش تغییرات خیلی جزئی تو مدلهای جدید بدن.,0,data/extra/Fujifilm FinePix F660EXR.xml,شايد فوق فوقش تغييرات خيلي جزئي تو مدلهاي جديد بدن.
1602,-,به نظرم از همشون بهتر همون f550 هستش.,0,data/extra/Fujifilm FinePix F660EXR.xml,به نظرم از همشون بهتر همون f550 هستش.
1603,-,تازه اینم که GPS نداره.,-1,data/extra/Fujifilm FinePix F660EXR.xml,تازه اينم که GPS نداره.
1644,-,این دوربین مجهز به یک فلاش Pgr-up قدرتمند با برد موثر 3.7 متر نیز هست.,1,data/extra/Fujifilm FinePix F660EXR.xml,این دوربین مجهز به یک فلاش Pgr-up قدرتمند با برد موثر 3.7 متر نیز هست.
1658,-,فقط خوشگله و زومه بالایی داره و خوش دسته.,1,data/extra/Fujifilm Finepix S3200_Hosseini.xml,فقط خوشگله و زومه بالايي داره و خوش دسته.
1664,-,بعد از تنظیمات چند تا عکس گرفتم و ریختم رو PC عکسا از کیفیت قابل قبولی داره .,1,data/extra/Fujifilm Finepix S3200_Hosseini.xml,بعد از تنظيمات چند تا عکس گرفتم و ريختم رو PC  عکسا از کيفيت قابل قبولي داره .
1693,-,در مورد دوربین هم بسیار با کیفیت ساخته شده و در بدنه مشکل نیست فقط صفحه نمایش کیفیت پایینی دارد.,1,data/extra/Fujifilm Finepix S3200_Hosseini.xml,در مورد دوربين هم بسيار با کيفيت ساخته شده و در بدنه مشکل نيست فقط صفحه نمايش کيفيت پاييني دارد.
1700,-,با عرض سلام وخسته نباشید به شرکت دی جی کالا دوربین فوجی به دستم رسیده واقعا دوربین خوب و با کیفیت هست .,2,data/extra/Fujifilm Finepix S3200_Hosseini.xml,با عرض سلام وخسته نباشيد به شرکت دي جي کالا دوربين فوجي به دستم رسيده واقعا دوربين خوب و با کيفيت هست .
1704,-,قبل از همه چیز باید بگم از خرید راحت و بسته بندی شکیل دی جی کالا بیشتر از خود دوربین خوشم اومد البته اینو باید بگم که دلیلش اینه که من قبل از خرید این دوربین نیکون دی 7000 و کانن1100 و چند مدل دیگه رو تست کرده بودم و یه ذهنیت و انتظار بالایی داشتم اما از حق نگذریم به غیر از باتریهای قلمی و درپوش باتری و رم که کمی آزار دهنده است همه چیزش قابل قبوله (با توجه به قیمت),1,data/extra/Fujifilm Finepix S3200_Hosseini.xml,قبل از همه چيز بايد بگم از خريد راحت و بسته بندي شکيل دي جي کالا بيشتر از خود دوربين خوشم اومد البته اينو بايد بگم که دليلش اينه که من قبل از خريد اين دوربين نيکون دي 7000 و کانن1100 و چند مدل ديگه رو تست کرده بودم و يه ذهنيت و انتظار بالايي داشتم اما از حق نگذريم به غير از باتريهاي قلمي و درپوش باتري و رم که کمي آزار دهنده است همه چيزش قابل قبوله (با توجه به قيمت)
1716,-,امروز بعد از 3 روز به دستم رسید ارزشش نسبت به قیمت اولین و آخرین موردی هست که شمارو مطمئن میکنه چیزی که خریدید حتما ارزشش رو داره تنها موارد نا امید کننده که مسلما نباید با این قیمت انتظار بیشتری داشته باشیم نداشتن حافظه ی داخلی (خیلی های دیگه هم ندارن) و باتری غیر شارژی هستش.,0,data/extra/Fujifilm Finepix S3200_Hosseini.xml,امروز بعد از 3 روز به دستم رسيد ارزشش نسبت به قيمت اولين و آخرين موردي هست که شمارو مطمئن ميکنه چيزي که خريديد حتما ارزشش رو داره تنها موارد نا اميد کننده که مسلما نبايد با اين قيمت انتظار بيشتري داشته باشيم نداشتن حافظه ي داخلي (خيلي هاي ديگه هم ندارن) و باتري غير شارژي هستش.
1724,-,خودم از دیجی کالا خریدمش بسیار با کیفیت به دستم رسید,2,data/extra/Fujifilm Finepix S3200_Hosseini.xml,خودم از ديجي کالا خريدمش بسيار با کيفيت به دستم رسيد
1729,-,بدست که میگیری حس حرفه ایه عکاسی بهت دست میده مخصوصا وقتی از چشمیش استفاده میکنی.,1,data/extra/Fujifilm Finepix S3200_Hosseini.xml,بدست که ميگيري حس حرفه ايه عکاسي بهت دست ميده مخصوصا وقتي از چشميش استفاده ميکني.
1821,-,در مجموع می‌توانیم بگوییم که سامسونگ از صفحات نمایشی فراتر از انتظار ما از یک لپ‌تاپ ارزان قیمت، در ساخت سری 3 استفاده کرده است.,1,data/extra/Samsung NP300E5X-A0A.xml,در مجموع می‌توانیم بگوییم که سامسونگ از صفحات نمایشی فراتر از انتظار ما از یک لپ‌تاپ ارزان قیمت،  در ساخت سری 3 استفاده کرده است.
1833,-,در پایین کیبورد، تاچ پد بزرگ دستگاه قرار دارد که از کیفیت و حساسیت بسیار بالایی برخوردار است.,2,data/extra/Samsung NP300E5X-A0A.xml,در پایین کیبورد،  تاچ پد بزرگ دستگاه قرار دارد که از کیفیت و حساسیت بسیار بالایی برخوردار است.
1852,-,اگر به دنبال لپ‌تاپی زیبا، خوش ساخت و با قیمتی مناسب هستید، مطمئنا لپ‌تاپ‌های سری 3 کمپانی سامسونگ، جزو بهترین انتخاب‌های شما خواهند بود.,2,data/extra/Samsung NP300E5X-A0A.xml,اگر به دنبال لپ‌تاپی زیبا،  خوش ساخت و با قیمتی مناسب هستید،  مطمئنا لپ‌تاپ‌های سری 3 کمپانی سامسونگ،  جزو بهترین انتخاب‌های شما خواهند بود.
1913,-,من یکی دارم و خیلی هم شیک و بادوام هستش و یه راهنمایی:حتما از برنامه iTunes استفاده کنید و آهنگ هاتون رو همینجوری داخل خود آی پاد شافل کپی نکنید که کار نمیکنه.,2,data/extra/Apple Ipod Shuffle_Hosseini.xml,من يکي دارم و خيلي هم شيک و بادوام هستش و يه راهنمايي:حتما از برنامه iTunes استفاده کنيد و آهنگ هاتون رو همينجوري داخل خود آي پاد شافل کپي نکنيد که کار نميکنه.
1914,-,خیلی خوب بود,2,data/extra/Apple Ipod Shuffle_Hosseini.xml,خيلي خوب بود
1915,-,بجز این هیچ mp3 player ای نخرین چون اپل بهترینه.,2,data/extra/Apple Ipod Shuffle_Hosseini.xml,بجز اين هيچ mp3 player اي نخرين چون اپل بهترينه.
1916,-,راستش با چیزایی که شنیده بودم داشتم منصرف میشدم از خریدنش اما حالا که خریدم واقعا بیش از اندازه راضی هستم دوستانی که میگن کیفیت خوبی نداره باید بگم که بهتره این انتقاد رو از هدفونش کنید !,1,data/extra/Apple Ipod Shuffle_Hosseini.xml,راستش با چيزايي که شنيده بودم داشتم منصرف ميشدم از خريدنش اما حالا که خريدم واقعا بيش از اندازه راضي هستم دوستاني که ميگن کيفيت خوبي نداره بايد بگم که بهتره اين انتقاد رو از هدفونش کنيد !
1917,-,من هدفون Beats دارم که وقتی به این ipod وصل کردم فقط میتونم بگم عالی !,2,data/extra/Apple Ipod Shuffle_Hosseini.xml,من هدفون Beats دارم که وقتي به اين ipod وصل کردم فقط ميتونم بگم عالي !
1918,-,جالب اینجاس که Beats رو به هر سیستم دیگه ای وصل کرده بودم شاهد همچین کیفیتی نبودم Volume این کوچولو معلوم نیست تا چه حدی زیاد میشه اصلا حاضر نیست کم بیاره !,1,data/extra/Apple Ipod Shuffle_Hosseini.xml,جالب اينجاس که Beats رو به هر سيستم ديگه اي وصل کرده بودم شاهد همچين کيفيتي نبودم Volume اين کوچولو معلوم نيست تا چه حدي زياد ميشه اصلا حاضر نيست کم بياره !
1919,-,مطمئن باشید از خرید این ipod پشیمون نمیشید,1,data/extra/Apple Ipod Shuffle_Hosseini.xml,مطمئن باشيد از خريد اين ipod پشيمون نميشيد
1920,-,وسیله ای کوچک خوب و کارآمد که چون شرکت سازنده اپل هست باید دوام و کیفیت بالایی داشته باشه.,2,data/extra/Apple Ipod Shuffle_Hosseini.xml,وسيله اي کوچک خوب و کارآمد که چون شرکت سازنده اپل هست بايد دوام و کيفيت بالايي داشته باشه.
1921,-,محصولی دیگر از اپل..,0,data/extra/Apple Ipod Shuffle_Hosseini.xml,محصولی دیگر از اپل..
1922,-,همین کافیست تا برای بسیاری این پلیر مورد توجه قرار بگیرد.,1,data/extra/Apple Ipod Shuffle_Hosseini.xml,همین کافیست تا برای بسیاری این پلیر مورد توجه قرار بگیرد.
1923,-,آنطور که اپل ادعا می کند آیپاد شافل دارای طراحی فوق العاده است، که البته ادعایی غیر واقعی نیست.,2,data/extra/Apple Ipod Shuffle_Hosseini.xml,آنطور که اپل ادعا می کند آیپاد شافل دارای طراحی فوق العاده است،  که البته ادعایی غیر واقعی نیست.
1924,-,در نگاه اول، بدنه آلومینیومی براق آن، تنوع رنگ زیاد، طراحی زیبا، آرم اپل پشت آن و همچنین دکمه های ساده ای که به زیبایی روی آن قرار گرفته اند جلب نظر می کند.,2,data/extra/Apple Ipod Shuffle_Hosseini.xml,در نگاه اول،  بدنه آلومینیومی براق آن،  تنوع رنگ زیاد،  طراحی زیبا،  آرم اپل پشت آن و همچنین دکمه های ساده ای که به زیبایی روی آن قرار گرفته اند جلب نظر می کند.
1925,-,آنچه مسلم است طراحی زیبای آیپاد اپل چشمگیر است و با در دست گرفتن آن کیفیت ساخت اپل را احساس خواهید کرد.,2,data/extra/Apple Ipod Shuffle_Hosseini.xml,آنچه مسلم است طراحی زیبای آیپاد اپل چشمگیر است و با در دست گرفتن آن کیفیت ساخت اپل را احساس خواهید کرد.
1926,-,آیپاد شافل تنها یک پلیر قابل حمل نیست، بلکه به راحتی می توانید آن را به لباستان یا کیفتان وصل کنید و از شنیدن موسیقی لذت ببرید.,1,data/extra/Apple Ipod Shuffle_Hosseini.xml,آیپاد شافل تنها یک پلیر قابل حمل نیست،  بلکه به راحتی می توانید آن را به لباستان یا کیفتان وصل کنید و از شنیدن موسیقی لذت ببرید.
1927,-,دکمه های آیپاد شافل به نوعی طراحی شده اند که شما بعد از مدتی استفاده دیگر نیاز ندارید که به دکمه ها نگاه کنید تا از آنها استفاده کنید.,1,data/extra/Apple Ipod Shuffle_Hosseini.xml,دکمه های آیپاد شافل به نوعی طراحی شده اند که شما بعد از مدتی استفاده دیگر نیاز ندارید که به دکمه ها نگاه کنید تا از آنها استفاده کنید.
1928,-,همچنین تنها با یک دکمه که در کنار آیپاد شافل طراحی شده به راحتی می توانید پخش موسیقی را به حالت تصادفی (Shuffle)، تکرار(Repeat) ، و حالت پخش عادی تغییر دهید.,1,data/extra/Apple Ipod Shuffle_Hosseini.xml,همچنین تنها با یک دکمه  که در کنار آیپاد شافل طراحی شده به راحتی می توانید پخش موسیقی را به حالت تصادفی (Shuffle)،  تکرار(Repeat) ،  و حالت پخش عادی تغییر دهید.
1929,-,با زدن دکمه ی Voice Over که روی آیپاد شافل قرار دارد می توانید عنوان یا جزئیات آهنگی که در حال پخش است را بشنوید و همچنین زمانی که باتری شما در حال تمام شدن است؛ به شما اخطار می دهد.,0,data/extra/Apple Ipod Shuffle_Hosseini.xml,با زدن دکمه ی Voice Over که روی آیپاد شافل قرار دارد می توانید عنوان یا جزئیات آهنگی که در حال پخش است را بشنوید و همچنین زمانی که باتری شما در حال تمام شدن است؛ به شما اخطار می دهد.
1930,-,ظرفیت در دسترس برای ذخیره موسیقی در آیپاد شافل، 2GB است که ممکن است برای بعضی کاربران ظرفیت کمی باشد.,-1,data/extra/Apple Ipod Shuffle_Hosseini.xml,ظرفیت در دسترس برای ذخیره موسیقی در آیپاد شافل،  2GB است که ممکن است برای بعضی کاربران ظرفیت کمی باشد.
1931,-,با باتری لیتیومی قابل شارژ آیپاد شافل؛ می توانید تا 15 ساعت موسیقی گوش کنید.,1,data/extra/Apple Ipod Shuffle_Hosseini.xml,با باتری لیتیومی قابل شارژ آیپاد شافل؛ می توانید تا 15 ساعت موسیقی گوش کنید.
1932,-,و همچنین با کابل USB و اتصال به کامپیوتر آن را شارژ نمایید.,1,data/extra/Apple Ipod Shuffle_Hosseini.xml,و همچنین با کابل USB و اتصال به کامپیوتر آن را شارژ نمایید.
1993,-,• طراحی و ساخت از لحاظ طراحی، iPod Touch نسل پنجم نیز همانند گوشی iPhone 5، نسبت به مدل قبلی کشیده تر شده است.,0,data/extra/Apple Ipod Touch 5th Generation - 64GB_Hosseini.xml,• طراحی و ساخت از لحاظ طراحی،  iPod Touch نسل پنجم نیز همانند گوشی iPhone 5،  نسبت به مدل قبلی کشیده تر شده است.
2001,-,• پورت‌ها و اتصالات بر روی لبه پایینی iPod Touch، بلندگو، جک هدفون 3.5 میلی‌متری و درگاه جدید آذرخش قرار دارند.,0,data/extra/Apple Ipod Touch 5th Generation - 64GB_Hosseini.xml,• پورت‌ها و اتصالات بر روی لبه پایینی iPod Touch،  بلندگو،  جک هدفون 3.5 میلی‌متری و درگاه جدید آذرخش قرار دارند.
2015,-,محیط رابط کاربری تغییر خاصی نسبت به iOS 5 نکرده ولی تعدادی امکان و قابلیت جدید مانند یکپارچگی با شبکه اجتماعی فیس‌بوک، مارکت بهبود یافته و برنامه ناوبری Apple Maps، به آن اضافه شده است.,1,data/extra/Apple Ipod Touch 5th Generation - 64GB_Hosseini.xml,محیط رابط کاربری تغییر خاصی نسبت به iOS 5 نکرده ولی تعدادی امکان و قابلیت جدید مانند یکپارچگی با شبکه اجتماعی فیس‌بوک،  مارکت بهبود یافته و برنامه ناوبری Apple Maps،  به آن اضافه شده است.
2040,-,Canon LiDE 100 اسکنری سبک وزن و نسبتا جمع و جور می باشد که از یک کابل USB برای تغذیه و نیز انتقال داده ها استفاده می کند.,1,data/extra/Canon CanoScan LiDe 100_Hosseini.xml,Canon LiDE 100 اسکنری سبک وزن و نسبتا جمع و جور می باشد که از یک کابل USB برای تغذیه و نیز انتقال داده ها استفاده می کند.
2043,-,کانن LiDE 100 اولین از سری LiDE اسکنرهای کانن می باشد که پس از آن نیز LiDE 200 و LiDE700F موجود می باشند.,0,data/extra/Canon CanoScan LiDe 100_Hosseini.xml,کانن LiDE 100 اولین از سری LiDE اسکنرهای کانن می باشد که پس از آن نیز LiDE 200 و LiDE700F موجود می باشند.
2044,-,LiDE 100 و LiDE200 از نظر فناوری تشابهات زیادی دارند و LiDE700 با توجه به قیمت آن فناوری های بیشتری را ارایه می دهد.,0,data/extra/Canon CanoScan LiDe 100_Hosseini.xml,LiDE 100 و LiDE200 از نظر فناوری تشابهات زیادی دارند و LiDE700 با توجه به قیمت آن فناوری های بیشتری را ارایه می دهد.
2052,-,سرعت اسکن نیز نسبتا بالا می باشد و اسکن یک صفحه ی سیاه و سفید را در 5.6 ثانیه و یک صفحه ی رنگی را در16.9 ثانیه اسکن می کند.,1,data/extra/Canon CanoScan LiDe 100_Hosseini.xml,سرعت اسکن نیز نسبتا بالا می باشد و اسکن یک صفحه ی سیاه و سفید را در 5.6 ثانیه و یک صفحه ی رنگی را در16.9  ثانیه اسکن می کند.
2053,-,این زمان ها نسبت به مدل LiDE 200 بسیار کوتاه تر می باشد.,2,data/extra/Canon CanoScan LiDe 100_Hosseini.xml,این زمان ها نسبت به مدل LiDE 200 بسیار کوتاه تر می باشد.
2054,-,اسکنر Canon LiDE 100 توانایی اسکن کردن نگاتیو 35mm را ندارد.,-1,data/extra/Canon CanoScan LiDe 100_Hosseini.xml,اسکنر Canon LiDE 100 توانایی اسکن کردن نگاتیو 35mm را ندارد.
2057,-,اگر که شما از مشکل کمبود فضا رنج می برید و به اسکن کردن نگاتیو هم احتیاجی ندارید LiDE 100 اسکنر خوبی برای شما می باشد.,1,data/extra/Canon CanoScan LiDe 100_Hosseini.xml,اگر که شما از مشکل کمبود فضا رنج می برید و به اسکن کردن نگاتیو هم احتیاجی ندارید LiDE 100  اسکنر خوبی برای شما می باشد.
2155,-,تجربه نشان می دهد وقتی یک گوشی با برند نوکیا می خری آنقدر با کیفیت است که می ماند تا ازش خسته بشی من دو سال ان 8 داشتم که دیگر خودم ازش خسته شدم و به قیمتی که خریده بودم فروختم,0,data/extra/Nokia Lumia 620.xml,تجربه نشان مي دهد وقتي يک گوشي با برند نوکيا مي خري آنقدر با کيفيت است  که مي ماند تا ازش خسته بشي من دو سال ان 8 داشتم که ديگر خودم ازش خسته شدم و به قيمتي که خريده بودم فروختم
2157,-,با مشخصات خوبی که داره ، قیمت مناسبی داره ( البته توی این گرونی !,1,data/extra/Nokia Lumia 620.xml,با مشخصات خوبي که داره ،  قيمت مناسبي داره ( البته توي اين گروني !
2159,-,گوشیه فوق العاده ایه، نرم افزارهای متنوع و درخور هر نوع سلیقه ای ، قدرت تاچ و لمسگر فوق العاده بالا، عینشو ندیدم، کیفیت صفحه بسیار بالا، خلاصه میشه گفت آخرشه!,2,data/extra/Nokia Lumia 620.xml,گوشيه فوق العاده ايه،  نرم افزارهاي متنوع و درخور هر نوع سليقه اي ،  قدرت تاچ و لمسگر فوق العاده بالا،  عينشو نديدم،  کيفيت صفحه بسيار بالا،  خلاصه ميشه گفت آخرشه!
2160,-,خیلی خوشگل و جذابه,2,data/extra/Nokia Lumia 620.xml,خيلي خوشگل و جذابه
2161,-,امیدوارم نوکیا طلسم غرورش رو بشکنه و به خاطر طرفداراش هم که شده با گوگل برای گوشی های اندرویدی همکاری کنه..,0,data/extra/Nokia Lumia 620.xml,اميدوارم نوکيا طلسم غرورش رو بشکنه و به خاطر طرفداراش هم که شده با گوگل براي گوشي هاي اندرويدي همکاري کنه..
2162,-,حتی شرکت بزرگ مایکروسافت هم در صفحه آغازین سایت ویندوز فون خود این سایت رو با تصاویری از سری لومیای نوکیا زیباتر کرده و قابل توجه کسانی که اعلام می کنند برای این سیستم عامل نرم افزار نیست باید گفت که فقط 126000 نرم افزار در سایت ویندوزفون وجود داره و این گوشی هم از هر لحاظ کامل و بدون نقصه چرا که سیستم عامل ویندوز فون بر عکس اندروید و آی ا اس نیازی به رم خیلی بالا نداره و کاملا روان و راحت کار می کنه.,1,data/extra/Nokia Lumia 620.xml,حتي شرکت بزرگ مايکروسافت هم در صفحه آغازين سايت ويندوز فون خود اين سايت رو با تصاويري از سري لومياي نوکيا زيباتر کرده و قابل توجه کساني که اعلام مي کنند براي اين سيستم عامل نرم افزار نيست بايد گفت که فقط 126000 نرم افزار در سايت ويندوزفون وجود داره و اين گوشي هم از هر لحاظ کامل و بدون نقصه چرا که سيستم عامل ويندوز فون بر عکس اندرويد و آي اٌ اِس نيازي به رم خيلي بالا نداره و کاملاً روان و راحت کار مي کنه.
2164,-,خیلی سرعتش از رقبای اندرویدی بیشتره این گوشی از معماری بهینه شده krait استفاده میکنه که خیلی در مصرف و سرعت cpu موثره,2,data/extra/Nokia Lumia 620.xml,خيلي سرعتش از رقباي اندرويدي بيشتره اين گوشي از معماري بهينه شده krait  استفاده ميکنه که خيلي در مصرف و سرعت  cpu موثره
2165,-,نوکیا دیگه نمیتونه با سایر کمپانی ها رقابت کنه چون دیگه دیر شده.,-1,data/extra/Nokia Lumia 620.xml,نوکيا ديگه نميتونه با ساير کمپاني ها رقابت کنه چون ديگه دير شده.
2167,-,نوکیا دوباره برگشت..,0,data/extra/Nokia Lumia 620.xml,نوکيا دوباره برگشت..
2169,-,گوشی خوبیه با توجه به امکاناتش توانایی این رو داره با سایر گوشی رقابت کنه,1,data/extra/Nokia Lumia 620.xml,گوشي خوبيه با توجه به امکاناتش توانايي اين رو داره با ساير گوشي رقابت کنه
2170,-,نوکیا داره برمیگرده.,0,data/extra/Nokia Lumia 620.xml,نوکيا داره برميگرده.
2174,-,ارزان ترین گوشی با سیستم عامل ویندوزفون8..,1,data/extra/Nokia Lumia 620.xml,ارزان ترين گوشي با سيستم عامل ويندوزفون8..
2255,-,• طراحی و ساخت بدنه خارجی E1-531 کاملا از پلاستیک براق مشکی ساخته شده ولی هنگامی که دستگاه را باز می‌کنید، با ترکیبی از رنگ‌های نقره ای و مشکی مواجه خواهید شد به طوری که استراحتگاه مچ دست کاملا نقره ای بوده ولی کیبورد و قسمت‌های بالاتر، مشکی و مات هستند.,0,data/extra/Acer Aspire E1-531-B9602G50Maks_Hosseini.xml,• طراحی و ساخت بدنه خارجی E1-531 کاملا از پلاستیک براق مشکی ساخته شده ولی هنگامی که دستگاه را باز می‌کنید،  با ترکیبی از رنگ‌های نقره ای و مشکی مواجه خواهید شد به طوری که استراحتگاه مچ دست کاملا نقره ای بوده ولی کیبورد و قسمت‌های بالاتر،  مشکی و مات هستند.
2256,-,درست است که بدنه دستگاه فلزی ساخته نشده است ولی به محض اینکه با لپ‌تاپ کار کنید، متوجه کیفیت ساخت و استحکام بالای دستگاه خواهید شد.,1,data/extra/Acer Aspire E1-531-B9602G50Maks_Hosseini.xml,درست است که بدنه دستگاه فلزی ساخته نشده است ولی به محض اینکه با لپ‌تاپ کار کنید،  متوجه کیفیت ساخت و استحکام بالای دستگاه خواهید شد.
2257,-,لولاها و چارچوب لپ‌تاپ بسیار مقاوم ساخته شده و به راحتی می‌توانند ضربات کوچک ایجاد شده، مصارف روزمره را تحمل کرده و دچار خمش یا پیچش نخواهند شد.,2,data/extra/Acer Aspire E1-531-B9602G50Maks_Hosseini.xml,لولاها و چارچوب لپ‌تاپ بسیار مقاوم ساخته شده و به راحتی می‌توانند ضربات کوچک ایجاد شده،  مصارف روزمره را تحمل کرده و دچار خمش یا پیچش نخواهند شد.
2258,-,بخش استراحتگاه مچ دست بزرگ و کاملا صاف بوده و فضای کافی را برای مچ دستان فراهم می‌کنند.,2,data/extra/Acer Aspire E1-531-B9602G50Maks_Hosseini.xml,بخش استراحتگاه مچ دست بزرگ و کاملاً صاف بوده و فضای کافی را برای مچ دستان فراهم می‌کنند.
2259,-,وزن این دستگاه تقریبا 2.5 کیلوگرم بوده و برای یک لپ‌تاپ 15.6 اینچی بسیار مناسب است.,2,data/extra/Acer Aspire E1-531-B9602G50Maks_Hosseini.xml,وزن این دستگاه تقریبا 2.5 کیلوگرم بوده و برای یک لپ‌تاپ 15.6 اینچی بسیار مناسب است.
2260,-,شاید تنها نقطه ضعف بدنه را بتوان براق بودن سطح خارجی آن دانست که بسیار مستعد جذب اثر انگشت است و ترجیح می‌دادیم که Acer بدنه خارجی دستگاه را به یک روکش مات مجهز می‌کرد.,-1,data/extra/Acer Aspire E1-531-B9602G50Maks_Hosseini.xml,شاید تنها نقطه ضعف بدنه را بتوان براق بودن سطح خارجی آن دانست که بسیار مستعد جذب اثر انگشت است و ترجیح می‌دادیم که Acer بدنه خارجی دستگاه را به یک روکش مات مجهز می‌کرد.
2261,-,• ورودی‌ها و خروجی‌ها در سمت چپ کیبورد به ترتیب، پورت مربوط به آداپتور، پورت شبکه گیگابیتی، خروجی VGA، پورت HDMI، یک پورت USB 2.0 و ورودی و خروجی صوتی قرار دارند.,0,data/extra/Acer Aspire E1-531-B9602G50Maks_Hosseini.xml,• ورودی‌ها و خروجی‌ها در سمت چپ کیبورد به ترتیب،  پورت مربوط به آداپتور،  پورت شبکه گیگابیتی،  خروجی VGA،  پورت HDMI،  یک پورت USB 2.0 و ورودی و خروجی صوتی قرار دارند.
2262,-,در سمت راست نیز درایو نوری و دو پورت USB 2.0 دیگر قرار دارند.,0,data/extra/Acer Aspire E1-531-B9602G50Maks_Hosseini.xml,در سمت راست نیز درایو نوری و دو پورت USB 2.0 دیگر قرار دارند.
2263,-,متاسفانه پورت دوست داشتنی USB 3.0 در این لپ‌تاپ وجود ندارد.,-1,data/extra/Acer Aspire E1-531-B9602G50Maks_Hosseini.xml,متاسفانه پورت دوست داشتنی USB 3.0 در این لپ‌تاپ وجود ندارد.
2264,-,در لبه جلویی لپ‌تاپ نیز یک کارت خوان SD قرار دارد.,0,data/extra/Acer Aspire E1-531-B9602G50Maks_Hosseini.xml,در لبه جلویی لپ‌تاپ نیز یک کارت خوان SD قرار دارد.
2265,-,• صفحه نمایش و بلندگوها با توجه به اینکه E1-531 لپ‌تاپ‌های خیلی گران قیمتی محسوب نمی‌شود، اصلا جای تعجب ندارد که Acer از صفحات نمایشی با رزلوشن های استاندارد در آن‌ها استفاده کرده است.,0,data/extra/Acer Aspire E1-531-B9602G50Maks_Hosseini.xml,• صفحه نمایش و بلندگوها با توجه به اینکه E1-531 لپ‌تاپ‌های خیلی گران قیمتی محسوب نمی‌شود،  اصلا جای تعجب ندارد که Acer از صفحات نمایشی با رزلوشن های استاندارد در آن‌ها استفاده کرده است.
2266,-,صفحه نمایش 15.6 اینچی این لپ‌تاپ‌ها دارای دقت 1366x768 می‌باشد.,0,data/extra/Acer Aspire E1-531-B9602G50Maks_Hosseini.xml,صفحه نمایش 15.6 اینچی این لپ‌تاپ‌ها دارای دقت 1366x768 می‌باشد.
2267,-,با وجود این، رنگ‌های تولید شده توسط صفحه نمایش بسیار زنده و طبیعی هستند و زوایای دید آن نیز به خصوص در حالت افقی، کاملا رضایت‌بخش است.,2,data/extra/Acer Aspire E1-531-B9602G50Maks_Hosseini.xml,با وجود این،  رنگ‌های تولید شده توسط صفحه نمایش بسیار زنده و طبیعی هستند و زوایای دید آن نیز به خصوص در حالت افقی،  کاملاً رضایت‌بخش است.
2268,-,در بالای صفحه نمایش یک وب کم نیز برای انجام مکالمات اینترنتی، تعبیه شده است.,0,data/extra/Acer Aspire E1-531-B9602G50Maks_Hosseini.xml,در بالای صفحه نمایش یک وب کم نیز برای انجام مکالمات اینترنتی،  تعبیه شده است.
2269,-,در بالای کیبورد دستگاه، گریل مربوط به بلندگوهای لپ‌تاپ قرار دارند.,0,data/extra/Acer Aspire E1-531-B9602G50Maks_Hosseini.xml,در بالای کیبورد دستگاه،  گریل مربوط به بلندگوهای لپ‌تاپ قرار دارند.
2270,-,این بلندگوها برای مصارف اولیه، کیفیت و بلندی صدای قابل قبولی را ارائه می‌دهند ولی علاقه‌مندان به گوش کردن به موسیقی و یا تماشای فیلم، بهتر است از بلندگوهای خارجی و یا هدفون استفاده کنند.,1,data/extra/Acer Aspire E1-531-B9602G50Maks_Hosseini.xml,این بلندگوها برای مصارف اولیه،  کیفیت و بلندی صدای قابل قبولی را ارائه می‌دهند ولی علاقه‌مندان به گوش کردن به موسیقی و یا تماشای فیلم،  بهتر است از بلندگوهای خارجی و یا هدفون استفاده کنند.
2271,-,• کیبورد و تاچ پدبه لطف بدنه عریض لپ‌تاپ، Acer یک کیبورد بزرگ به همراه بخش عددی جداگانه را بر روی سری E1-531 قرار داده است.,1,data/extra/Acer Aspire E1-531-B9602G50Maks_Hosseini.xml,• کیبورد و تاچ پدبه لطف بدنه عریض لپ‌تاپ،  Acer یک کیبورد بزرگ به همراه بخش عددی جداگانه را بر روی سری E1-531 قرار داده است.
2272,-,در بالا-سمت چپ کیبورد و در کنار بلندگوی لپ‌تاپ، کلید پاور دستگاه قرار دارد.,0,data/extra/Acer Aspire E1-531-B9602G50Maks_Hosseini.xml,در بالا-سمت چپ کیبورد و در کنار بلندگوی لپ‌تاپ،  کلید پاور دستگاه قرار دارد.
2273,-,کلیدها بسیار بزرگ بوده و با وجود اینکه کیبورد از نوع جزیره ای نیست، تایپ کردن با آن بسیار لذت بخش است.,2,data/extra/Acer Aspire E1-531-B9602G50Maks_Hosseini.xml,کلیدها بسیار بزرگ بوده و با وجود اینکه کیبورد از نوع جزیره ای نیست،  تایپ کردن با آن بسیار لذت بخش است.
2274,-,تاچ پد نیز به خوبی طراحی شده و از حساسیت و کیفیت بسیار بالایی برخوردار است.,2,data/extra/Acer Aspire E1-531-B9602G50Maks_Hosseini.xml,تاچ پد نیز به خوبی طراحی شده و از حساسیت و کیفیت بسیار بالایی برخوردار است.
2275,-,در کل می‌توانیم به طور خلاصه بگوییم که از کیبورد و تاچ پد E1-531 کاملا راضی بودیم.,2,data/extra/Acer Aspire E1-531-B9602G50Maks_Hosseini.xml,در کل می‌توانیم به طور خلاصه بگوییم که از کیبورد و تاچ پد E1-531 کاملا راضی بودیم.
2276,-,• سخت افزار داخلی اکثر مدل‌های E1-531 از نسل دوم پردازنده های دو هسته ای Intel Core i3 و Core i5 استفاده می‌کند.,0,data/extra/Acer Aspire E1-531-B9602G50Maks_Hosseini.xml,• سخت افزار داخلی اکثر مدل‌های E1-531 از نسل دوم پردازنده های دو هسته ای Intel Core i3 و Core i5 استفاده می‌کند.
2277,-,این پردازنده های به لطف بهره گیری از تکنولوژی Hyper-Threading قابلیت ایجاد دو هسته ای مجازی دیگر را داشته و می‌توانند به صورت چهار هسته ای کار کنند.,1,data/extra/Acer Aspire E1-531-B9602G50Maks_Hosseini.xml,این پردازنده های به لطف بهره گیری از تکنولوژی Hyper-Threading قابلیت ایجاد دو هسته ای مجازی دیگر را داشته و می‌توانند به صورت چهار هسته ای کار کنند.
2278,-,این پردازنده نسبت به نسل اولشان بسیار قدرتمندتر بوده و مصرف انرژی کمتری نیز دارند.,2,data/extra/Acer Aspire E1-531-B9602G50Maks_Hosseini.xml,این پردازنده نسبت به نسل اولشان بسیار قدرتمندتر بوده و مصرف انرژی کمتری نیز دارند.
2279,-,سایر مدل‌ها، از پردازنده های کم مصرف Intel Pentium و Intel Celeron استفاده می‌کنند.,0,data/extra/Acer Aspire E1-531-B9602G50Maks_Hosseini.xml,سایر مدل‌ها،  از پردازنده های کم مصرف Intel Pentium و Intel Celeron استفاده می‌کنند.
2280,-,این پردازنده‌ها قدرت کمتری نسبت به پردازنده های Intel Core دارند، ولی در عوض، مصرف انرژی آن‌ها نیز بسیار پایین‌تر است.,1,data/extra/Acer Aspire E1-531-B9602G50Maks_Hosseini.xml,این پردازنده‌ها قدرت کمتری نسبت به پردازنده های Intel Core دارند،  ولی در عوض،  مصرف انرژی آن‌ها نیز بسیار پایین‌تر است.
2281,-,از لحاظ پردازش گرافیکی، سری E1-531 به دو دسته تقسیم می‌شوند.,0,data/extra/Acer Aspire E1-531-B9602G50Maks_Hosseini.xml,از لحاظ پردازش گرافیکی،  سری E1-531 به دو دسته تقسیم می‌شوند.
2282,-,دسته اول مدل‌هایی که از کارت‌های گرافیک مجزای NVIDIA GeForce سری 600M بهره می‌برند و دسته دوم مدل‌هایی که از پردازنده گرافیکی آنبورد Intel HD 3000 بهره می‌برند.,0,data/extra/Acer Aspire E1-531-B9602G50Maks_Hosseini.xml,دسته اول مدل‌هایی که از کارت‌های گرافیک مجزای NVIDIA GeForce سری 600M بهره می‌برند و دسته دوم مدل‌هایی که از پردازنده گرافیکی آنبورد Intel HD 3000 بهره می‌برند.
2283,-,مسلما برای کسانی که کارهای گرافیکی سنگین انجام می‌دهند، تهیه مدلی که از کارت گرافیک مجزا استفاده می‌کند، پیشنهاد می‌شود.,0,data/extra/Acer Aspire E1-531-B9602G50Maks_Hosseini.xml,مسلما برای کسانی که کارهای گرافیکی سنگین انجام می‌دهند،  تهیه مدلی که از کارت گرافیک مجزا استفاده می‌کند،  پیشنهاد می‌شود.
2284,-,حافظه RAM سری E1-531 نیز در کانفیگ های مختلف بین 2 تا 4 گیگابایت متغیر است.,0,data/extra/Acer Aspire E1-531-B9602G50Maks_Hosseini.xml,حافظه RAM سری E1-531 نیز در کانفیگ های مختلف بین 2 تا 4 گیگابایت متغیر است.
2285,-,کنترل گرمای این سخت افزار نیز به خوبی انجام شده است و لپ‌تاپ در هنگام کار کردن در بازه های زمانی طولانی، زیاد گرم نمی‌شود.,1,data/extra/Acer Aspire E1-531-B9602G50Maks_Hosseini.xml,کنترل گرمای این سخت افزار نیز به خوبی انجام شده است و لپ‌تاپ در هنگام کار کردن در بازه های زمانی طولانی،  زیاد گرم نمی‌شود.
2286,-,• باتری Acer همراه سری E1-531 یک باتری شش سلولی لیتیوم یونی ارائه می‌دهد.,0,data/extra/Acer Aspire E1-531-B9602G50Maks_Hosseini.xml,• باتری Acer همراه سری E1-531 یک باتری شش سلولی لیتیوم یونی ارائه می‌دهد.
2287,-,این باتری توانست در سنگین‌ترین تست (حداکثر مصرف پردازنده + حداکثر روشنایی صفحه نمایش) یک ساعت و 10 دقیقه شارژ دهی کند.,0,data/extra/Acer Aspire E1-531-B9602G50Maks_Hosseini.xml,این باتری توانست در سنگین‌ترین تست (حداکثر مصرف پردازنده + حداکثر روشنایی صفحه نمایش) یک ساعت و 10 دقیقه شارژ دهی کند.
2288,-,این میزان بدین معناست که در مصارف روزمره عادی E1-531 می‌تواند بین 4 تا 5 (بسته به نوع پردازنده و پردازشگر گرافیکی) شارژ دهی کند.,0,data/extra/Acer Aspire E1-531-B9602G50Maks_Hosseini.xml,این میزان بدین معناست که در مصارف روزمره عادی E1-531 می‌تواند بین 4 تا 5 (بسته به نوع پردازنده و پردازشگر گرافیکی) شارژ دهی کند.
2289,-,این مقدار در مقایسه با رقبای 15.6 اینچی دیگر در این بازه قیمتی، میزان متوسطی محسوب می‌شود.,0,data/extra/Acer Aspire E1-531-B9602G50Maks_Hosseini.xml,این مقدار در مقایسه با رقبای 15.6 اینچی دیگر در این بازه قیمتی،  میزان متوسطی محسوب می‌شود.
2290,-,بنابراین اگر جزو کسانی هستید که لپ‌تاپ خود را زیاد جابجا می‌کنید، پیشنهاد می‌کنیم که کابل برق آن را همیشه همراه خود داشته باشید.,0,data/extra/Acer Aspire E1-531-B9602G50Maks_Hosseini.xml,بنابراین اگر جزو کسانی هستید که لپ‌تاپ خود را زیاد جابجا می‌کنید،  پیشنهاد می‌کنیم که کابل برق آن را همیشه همراه خود داشته باشید.
2291,-,• جمع بندی Acer Aspire E1-531 با توجه به قیمتی که دارد، یک لپ‌تاپ بسیار خوب و یک خرید مقرون به صرفه محسوب می‌شود.,2,data/extra/Acer Aspire E1-531-B9602G50Maks_Hosseini.xml,• جمع بندی Acer Aspire E1-531 با توجه به قیمتی که دارد،  یک لپ‌تاپ بسیار خوب و یک خرید مقرون به صرفه محسوب می‌شود.
2292,-,در حقیقت لپ‌تاپ‌هایی با این امکانات و سخت افزار، معمولا گران‌تر هستند.,0,data/extra/Acer Aspire E1-531-B9602G50Maks_Hosseini.xml,در حقیقت لپ‌تاپ‌هایی با این امکانات و سخت افزار،  معمولا گران‌تر هستند.
2293,-,از رقبای اصلی این لپ‌تاپ می‌توان به لپ‌تاپ‌های Fujitsu LifeBook AH-531 و Lenovo G570 اشاره کرد که تقریبا سخت افزار یکسانی دارند.,0,data/extra/Acer Aspire E1-531-B9602G50Maks_Hosseini.xml,از رقبای اصلی این لپ‌تاپ می‌توان به لپ‌تاپ‌های Fujitsu LifeBook AH-531 و Lenovo G570 اشاره کرد که تقریبا سخت افزار یکسانی دارند.
2294,-,در نهایت اگر جزو کسانی هستید که به دنبال یک لپ‌تاپ خوب و مناسب برای انجام کلیه کارهای روزانه هستید و تمایل ندارید که هزینه زیادی پرداخت کنید، Acer Aspire E1-531 یک انتخاب بسیار خوب محسوب می‌شود.,2,data/extra/Acer Aspire E1-531-B9602G50Maks_Hosseini.xml,در نهایت اگر جزو کسانی هستید که به دنبال یک لپ‌تاپ خوب و مناسب برای انجام کلیه کارهای روزانه هستید و تمایل ندارید که هزینه زیادی پرداخت کنید،  Acer Aspire E1-531 یک انتخاب بسیار خوب محسوب می‌شود.
2295,-,طراحی این گوشی شبیه به بسیاری از گوشی‌های هوشمند موجود در بازار می‌باشد.,0,data/extra/LG Optimus True HD LTE P936_Hosseini.xml,طراحی این گوشی شبیه به بسیاری از گوشی‌های هوشمند موجود در بازار می‌باشد.
2296,-,گوشه های منحنی دار، کلید های خازنی مخصوص اندروید و دوربین دوم در قسمت جلویی به همراه دوربین اصلی و فلاش و لوگوی کارخانه در قسمت پشتی گوشی، باعث گردیده که طراحی این گوشی برای کاربر بسیار آشنا به نظر برسد.,0,data/extra/LG Optimus True HD LTE P936_Hosseini.xml,گوشه های منحنی دار،  کلید های خازنی مخصوص اندروید و دوربین دوم در قسمت جلویی به همراه دوربین اصلی و فلاش و لوگوی کارخانه در قسمت پشتی گوشی،  باعث گردیده که طراحی این گوشی برای کاربر بسیار آشنا به نظر برسد.
2297,-,ال‌جی با طراحی بافت دار قاب پشتی این گوشی، علاوه بر زیبایی آن، باعث افزایش اصطکاک سطح گوشی با دست و در نتیجه کاهش احتملا لیز خوردن گوشی از دست شده است.,1,data/extra/LG Optimus True HD LTE P936_Hosseini.xml,ال‌جی با طراحی بافت دار قاب پشتی این گوشی،  علاوه بر زیبایی آن،  باعث افزایش اصطکاک سطح گوشی با دست و در نتیجه کاهش احتملا لیز خوردن گوشی از دست شده است.
2298,-,همچنین قاب پشتی آن قابل باز شدن می‌باشد و به کاربر امکان تعویض باتری گوشی را می‌دهد.,0,data/extra/LG Optimus True HD LTE P936_Hosseini.xml,همچنین قاب پشتی آن قابل باز شدن می‌باشد و به کاربر امکان تعویض باتری گوشی را می‌دهد.
2299,-,ابعاد مناسب True HD یعنی 68×133 میلی متر به همراه وزن 135 گرمی آن، راحتی خاصی را به کاربر در حین کار کردن با آن می‌دهد.,1,data/extra/LG Optimus True HD LTE P936_Hosseini.xml,ابعاد مناسب True HD یعنی 68×133 میلی متر به همراه وزن 135 گرمی آن،  راحتی خاصی را به کاربر در حین کار کردن با آن می‌دهد.
2300,-,البته عرض گوشی به گونه ایست که شاید بسیاری افراد نتوانند با یک دست با آن کار کنند.,0,data/extra/LG Optimus True HD LTE P936_Hosseini.xml,البته عرض گوشی به گونه ایست که شاید بسیاری افراد نتوانند با یک دست با آن کار کنند.
2301,-,صفحه نمایش به کار رفته بر روی این گوشی یک صفحه نمایش 4.5 اینچی لمسی خازنی از نوع True HD IPS می‌باشد که قابلیت نمایش 16 میلیون رنگ را نیز داراست.,0,data/extra/LG Optimus True HD LTE P936_Hosseini.xml,صفحه نمایش به کار رفته بر روی این گوشی یک صفحه نمایش 4.5 اینچی لمسی خازنی از نوع True HD IPS می‌باشد که قابلیت نمایش 16 میلیون رنگ را نیز داراست.
2302,-,رزولوشن 1280×720 پیکسلی این صفحه نمایش باعث می‌گردد که متن‌ها در آن بسیار واضح و خوانا به نمایش درآیند.,2,data/extra/LG Optimus True HD LTE P936_Hosseini.xml,رزولوشن 1280×720 پیکسلی این صفحه نمایش باعث می‌گردد که متن‌ها در آن بسیار واضح و خوانا به نمایش درآیند.
2303,-,با اینکه رنگ‌های این صفحه نمایش مانند SuperAMOLED ها چندان زنده و با طراوت به نظر نمی‌آیند، اما وضوح و شفافیت آن‌ها بسیار مناسب ارزیابی می‌گردند.,0,data/extra/LG Optimus True HD LTE P936_Hosseini.xml,با اینکه رنگ‌های این صفحه نمایش مانند SuperAMOLED ها چندان زنده و با طراوت به نظر نمی‌آیند،  اما وضوح و شفافیت آن‌ها بسیار مناسب ارزیابی می‌گردند.
2304,-,همچنین تراکم پیکسلی 326ppi این گوشی، در بین رقبای اندرویدی دو هسته ای خود بسیار عالی است.,2,data/extra/LG Optimus True HD LTE P936_Hosseini.xml,همچنین تراکم پیکسلی 326ppi این گوشی،  در بین رقبای اندرویدی دو هسته ای خود بسیار عالی  است.
2305,-,سخت افزار گوشی True HD یکی از برترین سخت افزار های در بین گوشی‌های 2 هسته ای به شمار می‌رود.,2,data/extra/LG Optimus True HD LTE P936_Hosseini.xml,سخت افزار گوشی True HD یکی از برترین سخت افزار های در بین گوشی‌های 2 هسته ای به شمار می‌رود.
2306,-,این گوشی با پردازنده 1.5 گیگاهرتزی دو هسته ای از نوع Scorpion به همراه یک چیپ Qualcomm و پردازشگر گرافیکی Adreno 220 ، به راحتی از پس تمامی دستورات شما بر خواهد آمد.,1,data/extra/LG Optimus True HD LTE P936_Hosseini.xml,این گوشی با پردازنده 1.5 گیگاهرتزی دو هسته ای از نوع Scorpion به همراه یک چیپ Qualcomm و پردازشگر گرافیکی Adreno 220 ،  به راحتی از پس تمامی دستورات شما بر خواهد آمد.
2307,-,همچنین وجود یک گیگابایت حافظه رم در کنار ین پردازنده، باعث عملکرد روان‌تر گوشی خواهد شد.,1,data/extra/LG Optimus True HD LTE P936_Hosseini.xml,همچنین وجود یک گیگابایت حافظه رم در کنار ین پردازنده،  باعث عملکرد روان‌تر گوشی خواهد شد.
2308,-,اما حافظه داخلی این گوشی 16 گیگابایت است که با پشتیبانی گوشی از کارت حافظه microSD تا 32 گیگابایت دیگر نیز می‌توان به آن افزود.,0,data/extra/LG Optimus True HD LTE P936_Hosseini.xml,اما حافظه داخلی این گوشی 16 گیگابایت است که با پشتیبانی گوشی از کارت حافظه microSD تا 32 گیگابایت دیگر نیز می‌توان به آن افزود.
2309,-,در تست‌های انجام شده، این گوشی بدون هیچ مشکلی بازی‌های HD را نیز اجرا کرد و تقریبا می‌توان گفت که در اجرای تمامی برنامه‌ها، بسیار روان عمل نمود.,2,data/extra/LG Optimus True HD LTE P936_Hosseini.xml,در تست‌های انجام شده،  این گوشی بدون هیچ مشکلی بازی‌های HD را نیز اجرا کرد و تقریبا می‌توان گفت که در اجرای تمامی برنامه‌ها،  بسیار روان عمل نمود.
2310,-,از رقبای این گوشی می‌توان به Sony Xperia S و یا HTC One S اشاره نمود.,0,data/extra/LG Optimus True HD LTE P936_Hosseini.xml,از رقبای این گوشی می‌توان به Sony Xperia S و یا HTC One S اشاره نمود.
2311,-,سیستم عامل این مدل، نسخه 2.3 از سیستم عامل اندروید می‌باشد که همراه با رابط کاربری ال‌جی با نام S-Class بر روی گوشی قرار گرفته است.,0,data/extra/LG Optimus True HD LTE P936_Hosseini.xml,سیستم عامل این مدل،  نسخه 2.3 از سیستم عامل اندروید می‌باشد که همراه با رابط کاربری ال‌جی با نام S-Class بر روی گوشی قرار گرفته است.
2312,-,طبق اعلام کمپانی ال‌جی، به زودی نسخه 4 اندروید نیز برای این گوشی ارائه خواهد شد.,0,data/extra/LG Optimus True HD LTE P936_Hosseini.xml,طبق اعلام کمپانی ال‌جی،  به زودی نسخه 4 اندروید نیز برای این گوشی ارائه خواهد شد.
2313,-,رابط کاربری بسیار ساده و کاربردی و کیبورد مخصوص آن نیز بسیار خوب طراحی گردیده‌اند.,2,data/extra/LG Optimus True HD LTE P936_Hosseini.xml,رابط کاربری بسیار ساده و کاربردی و کیبورد مخصوص آن نیز بسیار خوب طراحی گردیده‌اند.
2314,-,با وجود سیستم عامل اندروید، قادر خواهید بود از هزاران برنامه موجود برای این سیستم عامل استفاده نمایید.,0,data/extra/LG Optimus True HD LTE P936_Hosseini.xml,با وجود سیستم عامل اندروید،  قادر خواهید بود از هزاران برنامه موجود برای این سیستم عامل استفاده نمایید.
2315,-,به لطف سخت افزار مناسب و قابلیت‌های ارتباطی مختلف این گوشی مانند Wi-Fi، GPRS، HSDPA و..,1,data/extra/LG Optimus True HD LTE P936_Hosseini.xml,به لطف سخت افزار مناسب و قابلیت‌های ارتباطی مختلف این گوشی مانند Wi-Fi،  GPRS،  HSDPA و..
2316,-,مرورگری اینترنت نیز در این گوشی با سرعت بالا انجام خواهد پذیرفت.,1,data/extra/LG Optimus True HD LTE P936_Hosseini.xml,مرورگری اینترنت نیز در این گوشی با سرعت بالا انجام خواهد پذیرفت.
2317,-,اما LG برای این گوشی چیپ NFC در نظر نگرفته است و بجای آن قابلیت جابجایی مالتی مدیا با DLNA را قرار داده است.,0,data/extra/LG Optimus True HD LTE P936_Hosseini.xml,اما LG برای این گوشی چیپ NFC در نظر نگرفته است و بجای آن قابلیت جابجایی مالتی مدیا با DLNA را قرار داده است.
2318,-,اما از نظر قابلیت عکاسی، ال‌جی برای این مدل چیزی کم نگذاشته است.,1,data/extra/LG Optimus True HD LTE P936_Hosseini.xml,اما از نظر قابلیت عکاسی،  ال‌جی برای این مدل چیزی کم نگذاشته است.
2319,-,دوربین اصلی این گوشی دارای یک سنسور 8 مگاپیکسلی می‌باشد که قابلیت فیلم برداری با کیفیت FullHD با سرعت 30 فریم بر ثانیه را نیز داراست.,0,data/extra/LG Optimus True HD LTE P936_Hosseini.xml,دوربین اصلی این گوشی دارای یک سنسور 8 مگاپیکسلی می‌باشد که قابلیت فیلم برداری با کیفیت FullHD  با سرعت 30 فریم بر ثانیه را نیز داراست.
2320,-,از دیگر قابلیت‌های دوربین این گوشی می‌توان به قابلیت تشخیص چهره و لبخند، عکاسی پانوراما، عکاسی پیاپی و ثبت موقعیت مکانی و زمانی اشاره نمود.,0,data/extra/LG Optimus True HD LTE P936_Hosseini.xml,از دیگر قابلیت‌های دوربین این گوشی می‌توان به قابلیت تشخیص چهره و لبخند،  عکاسی پانوراما،  عکاسی پیاپی و ثبت موقعیت مکانی و زمانی اشاره نمود.
2321,-,همچنین برای مکالمه تصویری، یک دوربین 1.3 مگاپیکسلی در جلوی این گوشی قرار داده شده که جهت انجام مکالمات تصویری بسیار کاربردی و با کیفیت می‌باشد.,2,data/extra/LG Optimus True HD LTE P936_Hosseini.xml,همچنین برای مکالمه تصویری،  یک دوربین 1.3 مگاپیکسلی در جلوی این گوشی قرار داده شده که جهت انجام مکالمات تصویری بسیار کاربردی و با کیفیت می‌باشد.
2322,-,باتری True HD یک باتری لیتیومی 1830 میلی آمپریست که به نظر می‌رسد برای این گوشی مقداری کم باشد.,-1,data/extra/LG Optimus True HD LTE P936_Hosseini.xml,باتری True HD یک باتری لیتیومی 1830 میلی آمپریست که به نظر می‌رسد برای این گوشی مقداری کم باشد.
2323,-,با استفاده ممتد از این گوشی، حدودا یک روز می‌توانید از آن استفاده نمایید، اما برای استفاده از اینترنت پر سرعت LTE، باتری این گوشی بیشتر از چند ساعت دوام نمی‌آورد و احتیاج به شارژ مجدد پیدا می‌کند.,-1,data/extra/LG Optimus True HD LTE P936_Hosseini.xml,با استفاده ممتد از این گوشی،  حدودا یک روز می‌توانید از آن استفاده نمایید،  اما برای استفاده از اینترنت پر سرعت LTE،  باتری این گوشی بیشتر از چند ساعت دوام نمی‌آورد و احتیاج به شارژ مجدد پیدا می‌کند.
2324,-,در کل، گوشی Optimus True HD LTE که با نام P936 نیز شناخته می‌شود، یک گوشی هوشمند قدرتمند از کمپانی ال‌جی است که در بین گوشی‌های برتر دو هسته ای قرار می‌گیرد.,1,data/extra/LG Optimus True HD LTE P936_Hosseini.xml,در کل، گوشی Optimus True HD LTE که با نام P936 نیز شناخته می‌شود،  یک گوشی هوشمند قدرتمند از کمپانی ال‌جی است که در بین گوشی‌های برتر دو هسته ای قرار می‌گیرد.
2325,-,قدرت سخت افزاری مناسب آن، برای اجرای اکثر پردازش‌ها کافیست.,1,data/extra/LG Optimus True HD LTE P936_Hosseini.xml,قدرت سخت افزاری مناسب آن،  برای اجرای اکثر پردازش‌ها کافیست.
2326,-,شاید بهتر بود که ال‌جی بر روی این گوشی از نسخه 4 سیستم عامل اندروید استفاده می‌نمود.,0,data/extra/LG Optimus True HD LTE P936_Hosseini.xml,شاید بهتر بود که ال‌جی بر روی این گوشی از نسخه 4 سیستم عامل اندروید استفاده می‌نمود.
2327,-,طراحی ساده و زیبای این گوشی می‌تواند یکی دیگر از خصوصیات مثبت آن به شمار آید.,1,data/extra/LG Optimus True HD LTE P936_Hosseini.xml,طراحی ساده و زیبای این گوشی می‌تواند یکی دیگر از خصوصیات مثبت آن به شمار آید.
2328,-,از نظر قدرت عکاسی نیز این گوشی عملکرد بسیار خوبی را به کاربر ارائه می‌نماید.,0,data/extra/LG Optimus True HD LTE P936_Hosseini.xml,از نظر قدرت عکاسی نیز این گوشی عملکرد بسیار خوبی را به کاربر ارائه می‌نماید.
2329,-,در کل، با قیمت پایین‌تر نسبت به مدل‌های مشابه، این گوشی یک گوشی مقرون به صرفه با ارزش خرید بالا به شمار می‌آید.,2,data/extra/LG Optimus True HD LTE P936_Hosseini.xml,در کل،  با قیمت پایین‌تر نسبت به مدل‌های مشابه،  این گوشی یک گوشی مقرون به صرفه با ارزش خرید بالا به شمار می‌آید.
2341,-,همانطور که گفتیم، W630 دوربینی کاملا کوچک، سبک، جیبی و خوش ساخت است که از امکاناتی بسیار خوب را ارائه می‌دهد.,2,data/extra/Sony Cyber-Shot DSC-W630_Hosseini.xml,همانطور که گفتیم،  W630 دوربینی کاملا کوچک،  سبک،  جیبی و خوش ساخت است که از امکاناتی بسیار خوب را ارائه می‌دهد.
2342,-,این دوربین از نظر مشخصات فنی شباهت خیلی زیادی با دوربین W670 دارد، با این تفاوت که W630 مجهز به لنزی با توانایی زوم کمتر ولی سریع تر است.,0,data/extra/Sony Cyber-Shot DSC-W630_Hosseini.xml,این دوربین از نظر مشخصات فنی شباهت خیلی زیادی با دوربین W670 دارد،  با این تفاوت که W630 مجهز به لنزی با توانایی زوم کمتر ولی سریع تر است.
2343,-,این دو دوربین از نظر ظاهری نیز تفاوت هایی با یکدیگر دارند و در کل W630 کمی جمع و جورتر است.,1,data/extra/Sony Cyber-Shot DSC-W630_Hosseini.xml,این دو دوربین از نظر ظاهری نیز تفاوت هایی با یکدیگر دارند و در کل W630 کمی جمع و جورتر است.
2344,-,به هر صورت همانطور که گفتیم، سنسور تصویر 16 مگاپیکسلی Super HAD CCD توانایی گرفتن عکس هایی بسیار با کیفیت را در شرایط نوری خوب دارد.,1,data/extra/Sony Cyber-Shot DSC-W630_Hosseini.xml,به هر صورت همانطور که گفتیم،  سنسور تصویر 16 مگاپیکسلی Super HAD CCD توانایی گرفتن عکس هایی بسیار با کیفیت را در شرایط نوری خوب دارد.
2345,-,به دلیل رزولوشن بالایی که این سنسور ارائه می‌دهد، جزئیات می‌توانند با تفکیکی بسیار عالی ثبت شوند.,2,data/extra/Sony Cyber-Shot DSC-W630_Hosseini.xml,به دلیل رزولوشن بالایی که این سنسور ارائه می‌دهد،  جزئیات می‌توانند با تفکیکی بسیار عالی ثبت شوند.
2346,-,برای عکاسی هم دیگر نیازی نیست که نگران تنظیمات دوربین باشید، کافیست که آن را بر روی مود عکاسی Intelligent Auto یا اتوماتیک هوشمند قرار دهید، دوربین را به سوی سوژه نشانه بروید، دکمه‌ی شاتر را بفشارید تا سپس دوربین خود همه‌ی تنظیمات نوردهی و دیگر پارامترها را بر روی بهترین مقادیر تنظیم کند تا با کیفیت ترین عکس بدست آید.,1,data/extra/Sony Cyber-Shot DSC-W630_Hosseini.xml,برای عکاسی هم دیگر نیازی نیست که نگران تنظیمات دوربین باشید،  کافیست که آن را بر روی مود عکاسی Intelligent Auto یا اتوماتیک هوشمند قرار دهید،  دوربین را به سوی سوژه نشانه بروید،  دکمه‌ی شاتر را بفشارید تا سپس دوربین خود همه‌ی تنظیمات نوردهی و دیگر پارامترها را بر روی بهترین مقادیر تنظیم کند تا با کیفیت ترین عکس بدست آید.
2347,-,این دوربین در ضمن توانایی فیلم برداری HD با سرعت 30 فریم بر ثانیه را هم دارد که برای دوربینی در این سطح قیمت عالیست.,1,data/extra/Sony Cyber-Shot DSC-W630_Hosseini.xml,این دوربین در ضمن توانایی فیلم برداری HD با سرعت  30 فریم بر ثانیه را هم دارد که برای دوربینی در این سطح قیمت عالیست.
2348,-,بدین ترتیب شما علاوه بر دوربین عکاسی، دارای یک دوربین فیلم برداری خیلی خوب و با کیفیت بالا نیز خواهید بود.,1,data/extra/Sony Cyber-Shot DSC-W630_Hosseini.xml,بدین ترتیب شما علاوه بر دوربین عکاسی،  دارای یک دوربین فیلم برداری خیلی خوب و با کیفیت بالا نیز خواهید بود.
2349,-,اما همانطور که گفتیم، تفاوت اصلی دوربین W630 با W670 در لنز بسیار عالی W630 است.,2,data/extra/Sony Cyber-Shot DSC-W630_Hosseini.xml,اما همانطور که گفتیم،  تفاوت اصلی دوربین W630 با W670 در لنز بسیار عالی W630 است.
2350,-,با اینکه لنز آن به جای توانایی زوم 6 برابر، توانایی زوم 5 برابر را دارد، ولی کمینه‌ی نسبت کانونی لنز W630 در حالت واید فقط f/2.6 می‌باشد که برای عکاسی در شرایط نوری ضعیف عالیست.,1,data/extra/Sony Cyber-Shot DSC-W630_Hosseini.xml,با اینکه لنز آن به جای توانایی زوم 6 برابر،  توانایی زوم 5 برابر را دارد،  ولی کمینه‌ی نسبت کانونی لنز W630 در حالت واید فقط f/2.6 می‌باشد که برای عکاسی در شرایط نوری ضعیف عالیست.
2351,-,بدین ترتیب قابلیت‌های عکاسی در شب W630 بهتر از W670 است.,1,data/extra/Sony Cyber-Shot DSC-W630_Hosseini.xml,بدین ترتیب قابلیت‌های عکاسی در شب W630 بهتر از W670 است.
2352,-,این در حالیست که این لنز فواصل کانونی 25-125 میلی متر را هم پوشش می‌دهد که مقداری وایدتر است و در یک کادر و یک عکس می‌توانید تصویر یک چشم انداز گسترده‌ی طبیعی را ثبت کنید.,0,data/extra/Sony Cyber-Shot DSC-W630_Hosseini.xml,این در حالیست که این لنز فواصل کانونی 25-125 میلی متر را هم پوشش می‌دهد که مقداری وایدتر است و در یک کادر و یک عکس می‌توانید تصویر یک چشم انداز گسترده‌ی طبیعی را ثبت کنید.
2353,-,همچنین همانطور که گفتیم این دوربین مجهز به لرزش گیر اپتیکال تصویر Steady Shot می‌باشد که باعث می‌شود دیگر نگران تار شدن عکس به دلیل لرزش دست خود نباشید.,0,data/extra/Sony Cyber-Shot DSC-W630_Hosseini.xml,همچنین همانطور که گفتیم این دوربین مجهز به لرزش گیر اپتیکال تصویر Steady Shot می‌باشد که باعث می‌شود دیگر نگران تار شدن عکس به دلیل لرزش دست خود نباشید.
2354,-,"این دوربین مجهز به نمایشگر 2.7 اینچی با رزولوشن 230,000 پیکسل می‌باشد که هم سایز و هم رزولوشن کاملا استاندارد و خوب هستند.",1,data/extra/Sony Cyber-Shot DSC-W630_Hosseini.xml,"این دوربین مجهز به نمایشگر 2.7 اینچی با رزولوشن 230,000 پیکسل می‌باشد که هم سایز و هم رزولوشن کاملا استاندارد و خوب هستند."
2355,-,همچنین امکانات دیگر چون باتری قابل شارژ لیتیوم-یونی، پورت PictBridge، پشتیبانی از کارت‌های حافظه‌ی SD/SDHC/Memory Stick و موجود بودن در رنگ‌های مختلف را نیز باید به آن افزود.,0,data/extra/Sony Cyber-Shot DSC-W630_Hosseini.xml,همچنین امکانات دیگر چون باتری قابل شارژ لیتیوم-یونی،  پورت PictBridge،  پشتیبانی از کارت‌های حافظه‌ی SD/SDHC/Memory Stick و موجود بودن در رنگ‌های مختلف را نیز باید به آن افزود.
2356,-,به هر صورت همانطور که گفتیم، W630 مدل دیگری از دوربین‌های کامپکت ارزان قیمت سونی می‌باشد که امکانات و کیفیتی بسیار عالی را ارائه می‌دهد و عملکرد لنز آن در شرایط نوری ضعیف نیز فوق العاده است.,2,data/extra/Sony Cyber-Shot DSC-W630_Hosseini.xml,به هر صورت همانطور که گفتیم،  W630 مدل دیگری از دوربین‌های کامپکت ارزان قیمت سونی می‌باشد که امکانات و کیفیتی بسیار عالی را ارائه می‌دهد و عملکرد لنز آن در شرایط نوری ضعیف نیز فوق العاده است.
2357,-,بنابراین اگر به دنبال دوربینی با این ویژگی‌ها هستید، W630 گزینه‌ی مناسبی است.,1,data/extra/Sony Cyber-Shot DSC-W630_Hosseini.xml,بنابراین اگر به دنبال دوربینی با این ویژگی‌ها هستید،  W630 گزینه‌ی مناسبی است.
2515,-,فبلت خوبی همه چیزش کامل .,1,data/extra/Samsung Galaxy Mega 6.3 I9200 - 16GB_Hosseini.xml,فبلت خوبي همه چيزش کامل .
2516,-,امیدوارم قیمت مناسبی داشته باشه.,0,data/extra/Samsung Galaxy Mega 6.3 I9200 - 16GB_Hosseini.xml,اميدوارم قيمت مناسبي داشته باشه.
2517,-,گوشی جالبیه.,1,data/extra/Samsung Galaxy Mega 6.3 I9200 - 16GB_Hosseini.xml,گوشي جالبيه.
2518,-,برای اونایی که گوشی های بزرگ رو دوست دارن، بهترین گوشیه!,2,data/extra/Samsung Galaxy Mega 6.3 I9200 - 16GB_Hosseini.xml,براي اونايي که گوشي هاي بزرگ رو دوست دارن،  بهترين گوشيه!
2519,-,همه چیزش هم در حد خوبیه.,1,data/extra/Samsung Galaxy Mega 6.3 I9200 - 16GB_Hosseini.xml,همه چيزش هم در حد خوبيه.
2520,-,بی‌صبرانه منتظرم که وارد بازار بشه به نظر من بهترین گوشیه,2,data/extra/Samsung Galaxy Mega 6.3 I9200 - 16GB_Hosseini.xml,بي‌صبرانه منتظرم که وارد بازار بشه به نظر من بهترين گوشيه
2521,-,از مشخصاتش معلومه که گوشیه خوبیه .,1,data/extra/Samsung Galaxy Mega 6.3 I9200 - 16GB_Hosseini.xml,از مشخصاتش معلومه که گوشيه خوبيه .
2522,-,از نظر ظاهری هم خوبه,1,data/extra/Samsung Galaxy Mega 6.3 I9200 - 16GB_Hosseini.xml,از نظر ظاهري هم خوبه
2523,-,به نظر من هیچ فرقی با نوت2 نداره.,-1,data/extra/Samsung Galaxy Mega 6.3 I9200 - 16GB_Hosseini.xml,به نظر من هيچ فرقي با نوت2 نداره.
2524,-,سلام به همه دوستان و دوستداران تکنولوژی این گوشی از نظر من بهترین محصول سامسونگ هستش,2,data/extra/Samsung Galaxy Mega 6.3 I9200 - 16GB_Hosseini.xml,سلام به همه دوستان و دوستداران تکنولوژي اين گوشي از نظر من بهترين محصول سامسونگ هستش
2526,-,به ادامه‌ی توضیحات درباره‌ی این دوربین می‌پردازیم.,0,data/extra/Sony Cyber-Shot DSC-HX200V_Hosseini.xml,به ادامه‌ی توضیحات درباره‌ی این دوربین می‌پردازیم.
2527,-,همانطور که گفتیم، HX200v مدل سال 2012 دوربین سال پیش HX100v می‌باشد.,0,data/extra/Sony Cyber-Shot DSC-HX200V_Hosseini.xml,همانطور که گفتیم،  HX200v مدل سال 2012 دوربین سال پیش HX100v می‌باشد.
2528,-,این دوربین‌ها هرچند که از جهات زیادی به دوربین‌های Bridge یا DSLR Like شباهت دارند، ولی با ابعاد 122X87X93 میلی متر و وزن 580 گرم، دوربینی کامپکت و سوپرزوم محسوب می‌شوند.,0,data/extra/Sony Cyber-Shot DSC-HX200V_Hosseini.xml,این دوربین‌ها هرچند که از جهات زیادی به دوربین‌های Bridge یا DSLR Like شباهت دارند،  ولی با ابعاد 122X87X93 میلی متر و وزن 580 گرم، دوربینی کامپکت و سوپرزوم محسوب می‌شوند.
2529,-,بنابراین از نظر دسته بندی در رده‌ی کامپکت‌ها قرار می‌گیرد.,0,data/extra/Sony Cyber-Shot DSC-HX200V_Hosseini.xml,بنابراین از نظر دسته بندی در رده‌ی کامپکت‌ها قرار می‌گیرد.
2530,-,HX200v را می‌توان با Canon Powershot SX40 HS مقایسه کرد ولی مثلا با Fujifilm Finepix X-S1، هرچند که ممکن است عملکردهایی نسبتا مشابه را از خود به نمایش بگذارند، در یک رده قرار نمی‌گیرند.,0,data/extra/Sony Cyber-Shot DSC-HX200V_Hosseini.xml,HX200v را می‌توان با Canon Powershot SX40 HS مقایسه کرد ولی مثلا با Fujifilm Finepix X-S1،  هرچند که ممکن است عملکردهایی نسبتا مشابه را از خود به نمایش بگذارند،  در یک رده قرار نمی‌گیرند.
2531,-,این در حالیست که بر روی بدنه‌ی آن یک دستگیره‌ی بارز وجود دارد که در دست نگه داشتن دوربین را کاملا ساده می‌کند.,1,data/extra/Sony Cyber-Shot DSC-HX200V_Hosseini.xml,این در حالیست که بر روی بدنه‌ی آن یک دستگیره‌ی بارز وجود دارد که در دست نگه داشتن دوربین را کاملاً ساده می‌کند.
2532,-,ارگونومی، طراحی و ساخت آن نیز کاملا عالی، با کیفیت و اصولی می‌باشد تا در هنگام عکاسی تسلط کامل را بر دوربین داشته باشید.,2,data/extra/Sony Cyber-Shot DSC-HX200V_Hosseini.xml,ارگونومی، طراحی و ساخت آن نیز کاملاً عالی، با کیفیت و اصولی می‌باشد تا در هنگام عکاسی تسلط کامل را بر دوربین داشته باشید.
2533,-,پیش از این و به هنگام نقد و بررسی دوربین HX100v به این نکته اشاره کرده بودیم، که تقریبا پیشرفته‌ترین دوربین کامپکت سوپرزومی است که تا آن زمان دیده بودیم.,0,data/extra/Sony Cyber-Shot DSC-HX200V_Hosseini.xml,پیش از این و به هنگام نقد و بررسی دوربین HX100v به این نکته اشاره کرده بودیم،  که تقریبا پیشرفته‌ترین دوربین کامپکت سوپرزومی است که تا آن زمان دیده بودیم.
2534,-,با اینکه تغییراتی انقلابی در HX200v نسبت به مدل پیشین ایجاد نشده، و فقط شاهد بهبودهایی نسبتا مختصر هستیم، ولی باز هم؛ این بهترین بودن را به HX200v هم می‌توانیم نسبت دهیم.,1,data/extra/Sony Cyber-Shot DSC-HX200V_Hosseini.xml,با اینکه تغییراتی انقلابی در HX200v نسبت به مدل پیشین ایجاد نشده،  و فقط شاهد بهبودهایی نسبتا مختصر هستیم،  ولی باز هم؛ این بهترین بودن را به HX200v هم می‌توانیم نسبت دهیم.
2535,-,از نظر ارگونومی و طراحی، به دلیل شباهت بسیار زیادی که بین این دو وجود دارد، توضیح بیشتری نمی‌دهیم و برای کسب اطلاعات بیشتر در این زمینه می‌توانید به نقد و بررسی دوربین HX100v مراجعه کنید.,0,data/extra/Sony Cyber-Shot DSC-HX200V_Hosseini.xml,از نظر ارگونومی و طراحی،  به دلیل شباهت بسیار زیادی که بین این دو وجود دارد،  توضیح بیشتری نمی‌دهیم و برای کسب اطلاعات بیشتر در این زمینه می‌توانید به نقد و بررسی دوربین HX100v مراجعه کنید.
2536,-,فقط در همین حد اشاره می‌کنیم که علاوه بر فن آوری هایی که در این دوربین به کار رفته، از نظر طراحی نیز یکی از بهترین‌ها می‌باشد.,2,data/extra/Sony Cyber-Shot DSC-HX200V_Hosseini.xml,فقط در همین حد اشاره می‌کنیم که علاوه بر فن آوری هایی که در این دوربین به کار رفته،  از نظر طراحی نیز یکی از بهترین‌ها می‌باشد.
2537,-,اما این دوربین از سنسور تصویر 18.1 مگاپیکسلی Exmor R CMOS بهره می‌برد.,0,data/extra/Sony Cyber-Shot DSC-HX200V_Hosseini.xml,اما این دوربین از سنسور تصویر 18.1 مگاپیکسلی Exmor R CMOS بهره می‌برد.
2538,-,دقیقا همان سنسوری که بر روی HX100v هم استفاده شده بود، ولی با 2 مگاپیکسل رزولوشن بیشتر.,1,data/extra/Sony Cyber-Shot DSC-HX200V_Hosseini.xml,دقیقا همان سنسوری که بر روی HX100v هم استفاده شده بود،  ولی با 2 مگاپیکسل رزولوشن بیشتر.
2539,-,سنسور تصویر از همان سنسورهای 1/2.3 اینچی کوچک است که بر روی دوربین‌های این رده استفاده می‌شود.,0,data/extra/Sony Cyber-Shot DSC-HX200V_Hosseini.xml,سنسور تصویر از همان سنسورهای 1/2.3 اینچی کوچک است که بر روی دوربین‌های این رده استفاده می‌شود.
2540,-,در نقد و بررسی HX100v اشاره کرده بودیم که کیفیت عکس‌های گرفته شده فوق‌العاده هستند.,2,data/extra/Sony Cyber-Shot DSC-HX200V_Hosseini.xml,در نقد و بررسی HX100v اشاره کرده بودیم که کیفیت عکس‌های گرفته شده فوق‌العاده هستند.
2541,-,با توجه به اینکه تغییرات زیادی در این دوربین نسبت به مدل پیشین وجود ندارد، به احتمال زیاد باید شاهد نتایجی مشابه باشیم.,0,data/extra/Sony Cyber-Shot DSC-HX200V_Hosseini.xml,با توجه به اینکه تغییرات زیادی در این دوربین نسبت به مدل پیشین وجود ندارد،  به احتمال زیاد باید شاهد نتایجی مشابه باشیم.
2542,-,به هر صورت منتظر به بازار آمدن این دوربین برای نقد و بررسی دقیق تر عکس‌های آن خواهیم بود.,0,data/extra/Sony Cyber-Shot DSC-HX200V_Hosseini.xml,به هر صورت منتظر به بازار آمدن این دوربین برای نقد و بررسی دقیق تر عکس‌های آن خواهیم بود.
2543,-,اما مودهای عکاسی HX200v هم بسیار متنوع هستند.,1,data/extra/Sony Cyber-Shot DSC-HX200V_Hosseini.xml,اما مودهای عکاسی HX200v هم بسیار متنوع هستند.
2544,-,به صورتی که بر روی آن شاهد 13 مود عکاسی هستیم که بوسیله‌ی پیچ تنظیم قسمت بالای دوربین قابل انتخاب می‌باشند.,0,data/extra/Sony Cyber-Shot DSC-HX200V_Hosseini.xml,به صورتی که بر روی آن شاهد 13 مود عکاسی هستیم که بوسیله‌ی پیچ تنظیم قسمت بالای دوربین قابل انتخاب می‌باشند.
2545,-,"بعضی از این مودها شامل مود عکاسی intelligent Auto یا اتوماتیک هوشمند برای عکاسی تماما اتوماتیک، مودهای عکاسی P,A,S,M برای عکاسی خلاقانه و حرفه‌ای و مود عکاسی Sweep Panorama و 3D می‌شوند که باز هم توضیح بیشتری نمی‌دهیم تا شما را به نقد و بررسی دوربین HX100v ارجاع داده باشیم.",0,data/extra/Sony Cyber-Shot DSC-HX200V_Hosseini.xml,"بعضی از این مودها شامل مود عکاسی intelligent Auto یا اتوماتیک هوشمند برای عکاسی تماما اتوماتیک،  مودهای عکاسی P,A,S,M برای عکاسی خلاقانه و حرفه‌ای و مود عکاسی Sweep Panorama و 3D می‌شوند که باز هم توضیح بیشتری نمی‌دهیم تا شما را به نقد و بررسی دوربین HX100v ارجاع داده باشیم."
2546,-,یک ویژگی بسیار خوب دیگر در مورد این دوربین، شارژدهی باتری آن می‌باشد که از مدل پیشین بیشتر است.,2,data/extra/Sony Cyber-Shot DSC-HX200V_Hosseini.xml,یک ویژگی بسیار خوب دیگر در مورد این دوربین،  شارژدهی باتری آن می‌باشد که از مدل پیشین بیشتر است.
2547,-,باتری لیتیومی این دوربین در یک بار شارژ کامل می‌تواند برای گرفتن تا 450 عکس را پشتیبانی کند و این در حالیست که باتری HX100v تنها توانایی گرفتن تا 300 عکس را داشت.,1,data/extra/Sony Cyber-Shot DSC-HX200V_Hosseini.xml,باتری لیتیومی این دوربین در یک بار شارژ کامل می‌تواند برای گرفتن تا 450 عکس را پشتیبانی کند و این در حالیست که باتری HX100v تنها توانایی گرفتن تا 300 عکس را داشت.
2548,-,این را هم بگوییم که گستره‌ی سرعت شاتر HX200v از 1/4000 ثانیه تا 30 ثانیه می‌باشد که گستره‌ای کاملا حرفه‌ای و در حد دوربین‌های DSLR سطح مبتدی است.,1,data/extra/Sony Cyber-Shot DSC-HX200V_Hosseini.xml,این را هم بگوییم که گستره‌ی سرعت شاتر HX200v از 1/4000 ثانیه تا 30 ثانیه می‌باشد که گستره‌ای کاملاً حرفه‌ای و در حد دوربین‌های DSLR سطح مبتدی است.
2549,-,اما هرچند که رزولوشن سنسور تصویر مقداری بالاتر است، ولی HX200v لنزی کاملا مشابه با لنز HX100v دارد.,0,data/extra/Sony Cyber-Shot DSC-HX200V_Hosseini.xml,اما هرچند که رزولوشن سنسور تصویر مقداری بالاتر است،  ولی HX200v لنزی کاملا مشابه با لنز HX100v دارد.
2550,-,همان لنز 27-810 میلی متری با توانایی زوم 30 برابر و f/2.8-5.6 که لنزی کاملا سریع و خوب برای عکاسی در شرایط ضعیف‌تر نوری است.,1,data/extra/Sony Cyber-Shot DSC-HX200V_Hosseini.xml,همان لنز 27-810 میلی متری با توانایی زوم 30 برابر و f/2.8-5.6 که لنزی کاملاً سریع و خوب برای عکاسی در شرایط ضعیف‌تر نوری است.
2551,-,این لنز مجهز به لرزش گیر اپتیکال تصویر Steady Shot نیز هست که باعث می‌شود لرزش دست شما در عکسی که می‌گیرید تاثیر نداشته باشد تا عکس تار نشود.,1,data/extra/Sony Cyber-Shot DSC-HX200V_Hosseini.xml,این لنز مجهز به لرزش گیر اپتیکال تصویر Steady Shot نیز هست که باعث می‌شود لرزش دست شما در عکسی که می‌گیرید تاثیر نداشته باشد تا عکس تار نشود.
2552,-,فاصله‌ی فوکوس ماکرو آن نیز 1 سانتی متر می‌باشد که عالیست.,2,data/extra/Sony Cyber-Shot DSC-HX200V_Hosseini.xml,فاصله‌ی فوکوس ماکرو آن نیز 1 سانتی متر می‌باشد که عالیست.
2553,-,به هر صورت در مورد لنز هم می‌توانید به نقد و بررسی HX100v مراجعه کنید.,0,data/extra/Sony Cyber-Shot DSC-HX200V_Hosseini.xml,به هر صورت در مورد لنز هم می‌توانید به نقد و بررسی HX100v مراجعه کنید.
2554,-,یک حلقه به دور بشکه‌ی لنز وجود دارد که می‌توانید با چرخاندن آن عمل زوم را انجام دهید.,0,data/extra/Sony Cyber-Shot DSC-HX200V_Hosseini.xml,یک حلقه به دور بشکه‌ی لنز وجود دارد که می‌توانید با چرخاندن آن عمل زوم را انجام دهید.
2555,-,البته یک سویچ در کنار آن وجود دارد که می‌توانید انتخاب کنید که با حلقه می‌خواهید زوم کنید و یا عمل فوکوس را انجام دهید.,0,data/extra/Sony Cyber-Shot DSC-HX200V_Hosseini.xml,البته یک سویچ در کنار آن وجود دارد که می‌توانید انتخاب کنید که با حلقه می‌خواهید زوم کنید و یا عمل فوکوس را انجام دهید.
2556,-,بدین ترتیب در حقیقت تقلیدی از زوم و فوکوس دستی دوربین‌های DSLR است.,0,data/extra/Sony Cyber-Shot DSC-HX200V_Hosseini.xml,بدین ترتیب در حقیقت تقلیدی از زوم و فوکوس دستی دوربین‌های DSLR است.
2557,-,آخری به خصوص برای گرفتن عکس‌های ماکرو که به فوکوس دقیق احتیاج دارند بسیار عالیست چرا که وسط نمایشگر هم بزرگنمایی ایجاد می‌شود.,2,data/extra/Sony Cyber-Shot DSC-HX200V_Hosseini.xml,آخری به خصوص برای گرفتن عکس‌های ماکرو که به فوکوس دقیق احتیاج دارند بسیار عالیست چرا که وسط نمایشگر هم بزرگنمایی ایجاد می‌شود.
2558,-,"ترکیب بیشینه‌ی گشودگی دهانه‌ی f/2.8، لرزش گیر تصویر اپتیکال و بیشینه‌ی حساسیت سنسور یا ایزو 12,800 این دوربین را کاملا مناسب عکاسی در شرایط نوری ضعیف کرده است.",1,data/extra/Sony Cyber-Shot DSC-HX200V_Hosseini.xml,"ترکیب بیشینه‌ی گشودگی دهانه‌ی f/2.8،  لرزش گیر تصویر اپتیکال و بیشینه‌ی حساسیت سنسور یا ایزو 12,800 این دوربین را کاملاً مناسب عکاسی در شرایط نوری ضعیف کرده است."
2560,-,در نقد و بررسی HX100v عنوان کرده بودیم که نداشتن کفشک فلاش اکسترنال برای آن یک نقطه‌ی ضعف محسوب می‌شود.,-1,data/extra/Sony Cyber-Shot DSC-HX200V_Hosseini.xml,در نقد و بررسی HX100v عنوان کرده بودیم که نداشتن کفشک فلاش اکسترنال برای آن یک نقطه‌ی ضعف محسوب می‌شود.
2561,-,ظاهرا که در HX200v هم سونی به این نتیجه نرسیده که کفشک فلاش اکسترنال لازم است.,0,data/extra/Sony Cyber-Shot DSC-HX200V_Hosseini.xml,ظاهرا که در HX200v هم سونی به این نتیجه نرسیده که کفشک فلاش اکسترنال لازم است.
2562,-,همانطور که در مورد مدل پیشین توضیح دادیم، HX200v هم توانایی ضبط ویدیویی 1080p Full HD در 30 فریم بر ثانیه با صدای استریو را دارد.,0,data/extra/Sony Cyber-Shot DSC-HX200V_Hosseini.xml,همانطور که در مورد مدل پیشین توضیح دادیم،  HX200v هم توانایی ضبط ویدیویی 1080p Full HD در 30 فریم بر ثانیه با صدای استریو را دارد.
2563,-,همچنین آپشن‌های فیلم برداری 1920x1280 و 1440x1280در 50 فریم بر ثانیه و فرمت AVCHD و همچنین سایزهای 1440x1280، 1280x720 و 640x480در 25 فریم بر ثانیه و فرمت MPEG4 هم برای آن وجود دارد.,0,data/extra/Sony Cyber-Shot DSC-HX200V_Hosseini.xml,همچنین آپشن‌های فیلم برداری 1920x1280  و  1440x1280در 50 فریم بر ثانیه و فرمت AVCHD و همچنین سایزهای 1440x1280،  1280x720  و  640x480در 25 فریم بر ثانیه و فرمت MPEG4 هم برای آن وجود دارد.
2564,-,زوم کامل اپتیکال در هنگام فیلم برداری مقدور می‌باشد.,1,data/extra/Sony Cyber-Shot DSC-HX200V_Hosseini.xml,زوم کامل اپتیکال در هنگام فیلم برداری مقدور می‌باشد.
2565,-,همچنین در این هنگام می‌توانید تنظیماتی چون جبران نوردهی یا همان Exposure Compensation، تراز سفیدی و نورسنجی را هم بر عهده بگیرید.,0,data/extra/Sony Cyber-Shot DSC-HX200V_Hosseini.xml,همچنین در این هنگام می‌توانید تنظیماتی چون جبران نوردهی یا همان Exposure Compensation،  تراز سفیدی و نورسنجی را هم بر عهده بگیرید.
2566,-,یا اینکه بین مودهای لرزش گیری Standard Steady Shot یا Active Mode انتخاب کنید که تا 10 برابر بدون هیچ گونه عارضه‌ی جانبی موثر تر است.,1,data/extra/Sony Cyber-Shot DSC-HX200V_Hosseini.xml,یا اینکه بین مودهای لرزش گیری Standard Steady Shot یا Active Mode انتخاب کنید که تا 10 برابر بدون هیچ گونه عارضه‌ی جانبی مؤثر تر است.
2567,-,یک پورت HDMI بر روی این دوربین وجود دارد که از آن طریق دوربین را می‌توانید به HDTV متصل کنید.,0,data/extra/Sony Cyber-Shot DSC-HX200V_Hosseini.xml,یک پورت HDMI بر روی این دوربین وجود دارد که از آن طریق دوربین را می‌توانید به HDTV متصل کنید.
2568,-,البته کابل آن را باید جداگانه خریداری کنید.,0,data/extra/Sony Cyber-Shot DSC-HX200V_Hosseini.xml,البته کابل آن را باید جداگانه خریداری کنید.
2569,-,یک دکمه‌ی Rec برای شروع و قطع ضبط ویدیویی در پشت دوربین وجود دارد که در هر مودی که باشید می‌توانید فیلم برداری را شروع و یا خاتمه دهید.,0,data/extra/Sony Cyber-Shot DSC-HX200V_Hosseini.xml,یک دکمه‌ی Rec برای شروع و قطع ضبط ویدیویی در پشت دوربین وجود دارد که در هر مودی که باشید می‌توانید فیلم برداری را شروع و یا خاتمه دهید.
2570,-,این بسیار بهتر از آن است که برای شروع فیلم برداری نخست مجبور شوید بر روی مود Movie بروید.,1,data/extra/Sony Cyber-Shot DSC-HX200V_Hosseini.xml,این بسیار بهتر از آن است که برای شروع فیلم برداری نخست مجبور شوید بر روی مود Movie بروید.
2571,-,این دوربین مجهز به GPS داخلی نیز می‌باشد.,0,data/extra/Sony Cyber-Shot DSC-HX200V_Hosseini.xml,این دوربین مجهز به GPS داخلی نیز می‌باشد.
2572,-,GPS کاری می‌کند که به همراه هر عکسی که می‌گیرید، اطلاعات مکانی عکس همانند عرض و طول جغرافیایی و نام آن محل به همراه عکس ثبت شود و در ضمن بعدا برای آپلود آن‌ها بر روی مکان‌های خاصی مثل Google Earth و Google Maps راحت‌تر خواهید بود.,1,data/extra/Sony Cyber-Shot DSC-HX200V_Hosseini.xml,GPS کاری می‌کند که به همراه هر عکسی که می‌گیرید،  اطلاعات مکانی عکس همانند عرض و طول جغرافیایی و نام آن محل به همراه عکس ثبت شود و در ضمن بعدا برای آپلود آن‌ها بر روی مکان‌های خاصی مثل Google Earth و Google Maps راحت‌تر خواهید بود.
2573,-,این دوربین حتی قطب نمای دیجیتال داخلی هم دارد که به شما می‌گوید عکس شما در چه جهتی گرفته شده است!,0,data/extra/Sony Cyber-Shot DSC-HX200V_Hosseini.xml,این دوربین حتی قطب نمای دیجیتال داخلی هم دارد که به شما می‌گوید عکس شما در چه جهتی گرفته شده است!
2574,-,GPS می‌تواند به صورت دستی خاموش یا روشن شود و وضعیت آن هم به صورت آیکون کوچکی بر روی نمایشگر به نمایش در می‌آید.,0,data/extra/Sony Cyber-Shot DSC-HX200V_Hosseini.xml,GPS می‌تواند به صورت دستی خاموش یا روشن شود و وضعیت آن هم به صورت آیکون کوچکی بر روی نمایشگر به نمایش در می‌آید.
2575,-,همانطور که گفتیم، دیگر پیشرفت این دوربین نسبت به مدل پیشین، به بهره‌گیری از پورت PictBridge مربوط می‌شود.,1,data/extra/Sony Cyber-Shot DSC-HX200V_Hosseini.xml,همانطور که گفتیم،  دیگر پیشرفت این دوربین نسبت به مدل پیشین،  به بهره‌گیری از پورت PictBridge مربوط می‌شود.
2576,-,با استفاده از PictBridge می‌توانید دوربین را به رایانه متصل کنید و با سرعت بسیار زیادی به انتقال عکس‌ها و فیلم هایی که گرفته اید بپردازید.,2,data/extra/Sony Cyber-Shot DSC-HX200V_Hosseini.xml,با استفاده از PictBridge می‌توانید دوربین را به رایانه متصل کنید و با سرعت بسیار زیادی به انتقال عکس‌ها و فیلم هایی که گرفته اید بپردازید.
2577,-,همچنین این دوربین از کارت‌های Eye Fi نیز پشتیبانی می‌کند که امکان انتقال عکس‌ها و فیلم‌ها به صورت بیسیم به لپ تاپ را میسر می‌سازد.,1,data/extra/Sony Cyber-Shot DSC-HX200V_Hosseini.xml,همچنین این دوربین از کارت‌های Eye Fi نیز پشتیبانی می‌کند که امکان انتقال عکس‌ها و فیلم‌ها به صورت بیسیم به لپ تاپ را میسر می‌سازد.
2578,-,"HX200v مجهز به نمایشگر 3 اینچی 921,000 پیکسلی نیز می‌باشد که کیفیتی بسیار بالا را ارائه می‌دهد و یکی از با کیفیت‌ترین نمایشگرهای موجود بر روی دوربین‌های دیجیتال می‌باشد.",2,data/extra/Sony Cyber-Shot DSC-HX200V_Hosseini.xml,"HX200v مجهز به نمایشگر 3 اینچی 921,000 پیکسلی نیز می‌باشد که کیفیتی بسیار بالا را ارائه می‌دهد و یکی از با کیفیت‌ترین نمایشگرهای موجود بر روی دوربین‌های دیجیتال می‌باشد."
2579,-,این نمایشگر می‌تواند تا 90 درجه به سمت بالا و پایین چرخش کند.,0,data/extra/Sony Cyber-Shot DSC-HX200V_Hosseini.xml,این نمایشگر می‌تواند تا 90 درجه به سمت بالا و پایین چرخش کند.
2580,-,این بسیار خوب است هرچند که ترجیح می‌دادیم به طرفین هم چرخش می‌کرد.,1,data/extra/Sony Cyber-Shot DSC-HX200V_Hosseini.xml,این بسیار خوب است هرچند که ترجیح می‌دادیم به طرفین هم چرخش می‌کرد.
2581,-,به هر صورت همانطور که گفتیم، HX200v تنها نسخه‌ای بهبود یافته از HX100v می‌باشد که حتی از نظر ابعاد، وزن و طراحی ظاهری نیز تفاوت چندانی با آن ندارد.,0,data/extra/Sony Cyber-Shot DSC-HX200V_Hosseini.xml,به هر صورت همانطور که گفتیم،  HX200v تنها نسخه‌ای بهبود یافته از HX100v می‌باشد که حتی از نظر ابعاد،  وزن و طراحی ظاهری نیز تفاوت چندانی با آن ندارد.
2582,-,HX100v دوربینی فوق‌العاده پیشرفته و خوب، و یکی از گران قیمت‌ترین دوربین‌های رده‌ی خود در سال 2011 بود.,2,data/extra/Sony Cyber-Shot DSC-HX200V_Hosseini.xml,HX100v دوربینی فوق‌العاده پیشرفته و خوب،  و یکی از گران قیمت‌ترین دوربین‌های رده‌ی خود در سال 2011 بود.
2583,-,اما HX200v با توجه به بهبودهایی که داشته، می‌تواند جایگاه مدل پیشین خود را در سال 2012 حفظ کند و تقریبا بهترین در کلاس خود باشد.,1,data/extra/Sony Cyber-Shot DSC-HX200V_Hosseini.xml,اما HX200v با توجه به بهبودهایی که داشته،  می‌تواند جایگاه مدل پیشین خود را در سال 2012 حفظ کند و تقریبا بهترین در کلاس خود باشد.
2584,-,در آینده و با به بازار آمدن این دوربین، سعی می‌کنیم که آپدیت هایی بر روی این نقد و بررسی داشته باشیم.,0,data/extra/Sony Cyber-Shot DSC-HX200V_Hosseini.xml,در آینده و با به بازار آمدن این دوربین،  سعی می‌کنیم که آپدیت هایی بر روی این نقد و بررسی داشته باشیم.
2585,-,به روز رسانی: باتری لیتیوم یونی قابل شارژ این دوربین در هر بار شارژ کامل توانایی شارژدهی برای 400 تا 490 عکس را دارد که مقدار نسبتا خوبی است.,1,data/extra/Sony Cyber-Shot DSC-HX200V_Hosseini.xml,به روز رسانی: باتری لیتیوم یونی قابل شارژ این دوربین در هر بار شارژ کامل توانایی شارژدهی برای 400 تا 490 عکس را دارد که مقدار نسبتاً خوبی است.
2586,-,بزرگترین مزیت دوربین‌های سوپرزوم این چنینی، قابلیت‌های فراوانی است که به شما در عکاسی از چشم اندازهای گسترده تا مناظر بسیار دوردست می‌دهند.,1,data/extra/Sony Cyber-Shot DSC-HX200V_Hosseini.xml,بزرگترین مزیت دوربین‌های سوپرزوم این چنینی،  قابلیت‌های فراوانی است که به شما در عکاسی از چشم اندازهای گسترده تا مناظر بسیار دوردست می‌دهند.
2587,-,تصاویر HX200v نیز مانند بیشتر رقبا، در حالت واید کامل و زوم کامل در گوشه‌ها کنی سافت است.,0,data/extra/Sony Cyber-Shot DSC-HX200V_Hosseini.xml,تصاویر HX200v نیز مانند بیشتر رقبا،  در حالت واید کامل و زوم کامل در گوشه‌ها کنی سافت است.
2588,-,همچنین در مناطق پر کنتراست مقداری Pixel Fringing مشاهده می‌شود.,0,data/extra/Sony Cyber-Shot DSC-HX200V_Hosseini.xml,همچنین در مناطق پر کنتراست مقداری Pixel Fringing مشاهده می‌شود.
2589,-,برای عکاسی در شرایط نوری ضعیف هم، گستره‌ی حساسیت سنسور آن از 100 تا 12800 است که کاملا حرفه‌ای و عالیست.,2,data/extra/Sony Cyber-Shot DSC-HX200V_Hosseini.xml,برای عکاسی در شرایط نوری ضعیف هم،  گستره‌ی حساسیت سنسور آن از 100 تا 12800 است که کاملاً حرفه‌ای و عالیست.
2590,-,البته برای دور ماندن از نویز شدید در عکس بهتر است که از ایزو نویز شدید در عکس بهتر است که از ایزو 3200 و پایین تر استفاده کنید.,0,data/extra/Sony Cyber-Shot DSC-HX200V_Hosseini.xml,البته برای دور ماندن از نویز شدید در عکس بهتر است که از ایزو نویز شدید در عکس بهتر است که از ایزو 3200 و پایین تر استفاده کنید.
2591,-,هرچند که همچنان تا ایزو 6400 هم عکس‌ها کاملا قابل استفاده هستند.,0,data/extra/Sony Cyber-Shot DSC-HX200V_Hosseini.xml,هرچند که همچنان تا ایزو 6400 هم عکس‌ها کاملا قابل استفاده هستند.
2592,-,از رقبای اصلی این دوربین می‌توان به Canon Powershot SX40 HS، Casio EX-FH25، Fujifilm Finepix HS20 EXR، Nikon Coolpix P510، Olympus SP-810 UZ، Panasonic Lumix DMC-FZ150 و Samsung WB5000 اشاره کرد.,0,data/extra/Sony Cyber-Shot DSC-HX200V_Hosseini.xml,از رقبای اصلی این دوربین می‌توان به Canon Powershot SX40 HS،  Casio EX-FH25،  Fujifilm Finepix HS20 EXR،  Nikon Coolpix P510،  Olympus SP-810 UZ،  Panasonic Lumix DMC-FZ150 و Samsung WB5000 اشاره کرد.
2627,-,PJ710v با سنسور تصویر و لنزی قوی همراه شده است.,1,data/extra/Sony HDR PJ710v_Hosseini.xml,PJ710v با سنسور تصویر و لنزی قوی همراه شده است.
2628,-,سنسور تصویر این دوربین از نوع 1/2.88 اینچی Backlit Illuminated CMOS است و لنز آن نیز با توانایی زوم 10 برابر کمینه ی نسبت کانونی f/1.8 را ارائه می دهد.,0,data/extra/Sony HDR PJ710v_Hosseini.xml,سنسور تصویر این دوربین از نوع 1/2.88 اینچی Backlit Illuminated CMOS است و لنز آن نیز با توانایی زوم 10 برابر کمینه ی نسبت کانونی f/1.8 را ارائه می دهد.
2629,-,بعلاوه میدان دید این لنز در حالت واید بسیار گسترده است و کمینه ی فاصله ی کانونی معادل 26 میلی متر را ارائه می دهد که این عالیست.,2,data/extra/Sony HDR PJ710v_Hosseini.xml,بعلاوه میدان دید این لنز در حالت واید بسیار گسترده است و کمینه ی فاصله ی کانونی معادل 26 میلی متر را ارائه می دهد که این عالیست.
2630,-,لنز این دوربین مقداری با لنز مدل پیشین یعنی CX700v متفاوت است.,0,data/extra/Sony HDR PJ710v_Hosseini.xml,لنز این دوربین مقداری با لنز مدل پیشین یعنی CX700v متفاوت است.
2631,-,اکنون این لنز برند Zeiss را دارد و این در حالیست که مدل پیشین دارای لنز G سونی بود.,0,data/extra/Sony HDR PJ710v_Hosseini.xml,اکنون این لنز برند Zeiss را دارد و این در حالیست که مدل پیشین دارای لنز G سونی بود.
2632,-,البته مشخصات این دو یکی است و احتمالا فقط تغییراتی در کیفیت آن ها رخ داده است.,0,data/extra/Sony HDR PJ710v_Hosseini.xml,البته مشخصات این دو یکی است و احتمالا فقط تغییراتی در کیفیت آن ها رخ داده است.
2633,-,نمایشگر این دوربین بسیار عالیست به طوری که از نوع 3 اینچی با رزولوشن فوق العاده ی 921000 پیکسل می باشد.,2,data/extra/Sony HDR PJ710v_Hosseini.xml,نمایشگر این دوربین بسیار عالیست به طوری که از نوع 3 اینچی با رزولوشن فوق العاده ی 921000 پیکسل می باشد.
2634,-,این نمایشگر در ضمن می تواند تا 270 درجه به سمت بالا چرخش کند.,0,data/extra/Sony HDR PJ710v_Hosseini.xml,این نمایشگر در ضمن می تواند تا 270 درجه به سمت بالا چرخش کند.
2635,-,این دوربین فاقد هرگونه چشمی الکترونیکی است.,-1,data/extra/Sony HDR PJ710v_Hosseini.xml,این دوربین فاقد هرگونه چشمی الکترونیکی است.
2636,-,در عوض می توانید مدل PJ760v را انتخاب کنید که مشخصات آن خیلی شبیه به این دوربین می باشد ولی چشمی الکترونیکی هم دارد.,0,data/extra/Sony HDR PJ710v_Hosseini.xml,در عوض می توانید مدل PJ760v را انتخاب کنید که مشخصات آن خیلی شبیه به این دوربین می باشد ولی چشمی الکترونیکی هم دارد.
2637,-,در ضمن حافظه ی داخلی 96 گیگابایتی را هم باید به آن اضافه کنید.,0,data/extra/Sony HDR PJ710v_Hosseini.xml,در ضمن حافظه ی داخلی 96 گیگابایتی را هم باید به آن اضافه کنید.
2638,-,از نظر پورت ها و اتصالات، این دوربین کاملا غنی است.,2,data/extra/Sony HDR PJ710v_Hosseini.xml,از نظر پورت ها و اتصالات،  این دوربین کاملاً غنی است.
2639,-,به صورتی که می توان پورت USB، جک 3.5 میلی متری هدفون، میکروفون و پورت AV را بر روی آن یافت.,0,data/extra/Sony HDR PJ710v_Hosseini.xml,به صورتی که می توان پورت USB،  جک 3.5 میلی متری هدفون،  میکروفون و پورت AV را بر روی آن یافت.
2640,-,یک درب کشویی نیز بر روی بدنه وجود دارد که با کنار زدن آن متوجه پورت های HDMI، یک پورت USB و شیار کارت حافظه می شویم.,0,data/extra/Sony HDR PJ710v_Hosseini.xml,یک درب کشویی نیز بر روی بدنه وجود دارد که با کنار زدن آن متوجه پورت های HDMI،  یک پورت USB و شیار کارت حافظه می شویم.
2641,-,در قسمت بالای دوربین هم دربی وجود دارد که با کنار زدن آن می توانید به کفشک تجهیزات اکسترنال دسترسی یابید.,0,data/extra/Sony HDR PJ710v_Hosseini.xml,در قسمت بالای دوربین هم دربی وجود دارد که با کنار زدن آن می توانید به کفشک تجهیزات اکسترنال دسترسی یابید.
2642,-,به همراه این دوربین یک باتری لیتیوم-یونی NP-FV50 نیز همراه شده که در قسمت پشت دوربین وارد می شود.,0,data/extra/Sony HDR PJ710v_Hosseini.xml,به همراه این دوربین یک باتری لیتیوم-یونی NP-FV50 نیز همراه شده که در قسمت پشت دوربین وارد می شود.
2643,-,خوشبختانه جای باتری این دوربین از نوع باز است و بدین ترتیب می‌توانید از باتری های بزرگتر و پرظرفیت تر چون FV70 و FV100 هم بر روی آن استفاده کنید.,1,data/extra/Sony HDR PJ710v_Hosseini.xml,خوشبختانه جای باتری این دوربین از نوع باز است و بدین ترتیب می‌توانید از باتری های بزرگتر و پرظرفیت تر چون FV70 و FV100 هم بر روی آن استفاده کنید.
2644,-,در تستی که با باتری همراه این دوربین انجام دادیم، این دوربین توانست تا مقداری کمتر از 2 ساعت فیلم برداری را در کیفیت کاملا انجام دهد که نسبتا خوب است.,1,data/extra/Sony HDR PJ710v_Hosseini.xml,در تستی که با باتری همراه این دوربین انجام دادیم،  این دوربین توانست تا مقداری کمتر از 2 ساعت فیلم برداری را در کیفیت کاملا انجام دهد که نسبتاً خوب است.
2645,-,درون این دوربین 32 گیگابایت حافظه ی داخلی وجود دارد که برای 2 ساعت ضبط ویدیویی در بیشترین کیفیت کافی است.,1,data/extra/Sony HDR PJ710v_Hosseini.xml,درون این دوربین 32 گیگابایت حافظه ی داخلی وجود دارد که برای 2 ساعت ضبط ویدیویی در بیشترین کیفیت کافی است.
2646,-,اگر قصد دارید که مدت زمان بیشتری به ضبط ویدیویی بپردازید می توانید از کارت های حافظه ی خارجی استفاده نمایید.,0,data/extra/Sony HDR PJ710v_Hosseini.xml,اگر قصد دارید که مدت زمان بیشتری به ضبط ویدیویی بپردازید می توانید از کارت های حافظه ی خارجی استفاده نمایید.
2647,-,واقعا از سونی انتظار نداشتیم که بتواند در این مدل نسبت به مدل پیشین این همه افزایش کیفیت فیلم برداری را ایجاد کند.,1,data/extra/Sony HDR PJ710v_Hosseini.xml,واقعا از سونی انتظار نداشتیم که بتواند در این مدل نسبت به مدل پیشین این همه افزایش کیفیت فیلم برداری را ایجاد کند.
2648,-,تقریبا همه ی این عملکرد خوب در فیلم برداری شرایط ضعیف محقق شده است.,1,data/extra/Sony HDR PJ710v_Hosseini.xml,تقریبا همه ی این عملکرد خوب در فیلم برداری شرایط ضعیف محقق شده است.
2649,-,مشخصا فیلم های این دوربین نویز کمتر، حساسیت بیشتر به نور و رنگ های غلیظ تری دارند.,1,data/extra/Sony HDR PJ710v_Hosseini.xml,مشخصا فیلم های این دوربین نویز کمتر،  حساسیت بیشتر به نور و رنگ های غلیظ تری دارند.
2650,-,ضبط ویدیوها در کامپرشن AVCHD 2.0 صورت می گیرد که کیفیت فوق العاده بالایی را ارائه می کند.,2,data/extra/Sony HDR PJ710v_Hosseini.xml,ضبط ویدیوها در کامپرشن AVCHD 2.0 صورت می گیرد که کیفیت فوق العاده بالایی را ارائه می کند.
2651,-,این را وقتی تا کیفیت 1080p/60p Full HD همراه می کنیم واقعا نتیجه کم نظیر می شود.,1,data/extra/Sony HDR PJ710v_Hosseini.xml,این را وقتی تا کیفیت 1080p/60p Full HD همراه می کنیم واقعا نتیجه کم نظیر می شود.
2652,-,همانطور که گفتیم در سیستم لرزش گیر اپتیکال این دوربین هم پیشرفت چشمگیری نسبت به مدل های پیشین رخ داده است.,2,data/extra/Sony HDR PJ710v_Hosseini.xml,همانطور که گفتیم در سیستم لرزش گیر اپتیکال این دوربین هم پیشرفت چشمگیری نسبت به مدل های پیشین رخ داده است.
2653,-,البته این پیشرفت را می توان در همه ی مدل های سال 2012 ی سونی مشاهده کرد.,0,data/extra/Sony HDR PJ710v_Hosseini.xml,البته این پیشرفت را می توان در همه ی مدل های سال 2012 ی سونی مشاهده کرد.
2654,-,در تست های انجام شده این سیستم به خوبی می تواند تا 85 درصد لرزش دست شما را جبران کند و در سطح بهترین دوربین ها چون Panasonic X900M قرار گیرد.,2,data/extra/Sony HDR PJ710v_Hosseini.xml,در تست های انجام شده این سیستم به خوبی می تواند تا 85 درصد لرزش دست شما را جبران کند و در سطح بهترین دوربین ها چون Panasonic X900M قرار گیرد.
2655,-,این دوربین از نظر کنترل ها هم کاملا غنی می باشد.,1,data/extra/Sony HDR PJ710v_Hosseini.xml,این دوربین از نظر کنترل ها هم کاملاً غنی می باشد.
2656,-,شما با استفاده از یک پیچ فوکوس دستی در قسمت زیر لنز می‌توانید عمل فوکوس خودکار را انجام دهید.,0,data/extra/Sony HDR PJ710v_Hosseini.xml,شما با استفاده از یک پیچ فوکوس دستی در قسمت زیر لنز می‌توانید عمل فوکوس خودکار را انجام دهید.
2657,-,البته همواره حلقه ی دور لنز را بیشتر دوست داریم.,1,data/extra/Sony HDR PJ710v_Hosseini.xml,البته همواره حلقه ی دور لنز را بیشتر دوست داریم.
2658,-,همچنین می توانید نوردهی را نیز به صورت دستی تنظیم نمایید.,0,data/extra/Sony HDR PJ710v_Hosseini.xml,همچنین می توانید نوردهی را نیز به صورت دستی تنظیم نمایید.
2659,-,در مورد پروژکتور هم باید گفت که عملکرد آن شبیه به PJ760v است و پیشرفت چندانی نسبت به مدل پیشین نداشته.,-1,data/extra/Sony HDR PJ710v_Hosseini.xml,در مورد پروژکتور هم باید گفت که عملکرد آن شبیه به PJ760v است و پیشرفت چندانی نسبت به مدل پیشین نداشته.
2660,-,به هر صورت طبق ادعای سونی می توان تصویر را تا سایز 100 اینچ هم بر روی دیوار نشان داد.,0,data/extra/Sony HDR PJ710v_Hosseini.xml,به هر صورت طبق ادعای سونی می توان تصویر را تا سایز 100 اینچ هم بر روی دیوار نشان داد.
2661,-,در کل همانطور که گفتیم، PJ710v یک پیشرفت خیلی عالی نسبت به مدل های پیشین بوده است.,2,data/extra/Sony HDR PJ710v_Hosseini.xml,در کل همانطور که گفتیم،  PJ710v یک پیشرفت خیلی عالی نسبت به مدل های پیشین بوده است.
2662,-,این پیشرفت نخست در کیفیت فیلم برداری و سپس لرزش گیر تصویر رخ داده است.,1,data/extra/Sony HDR PJ710v_Hosseini.xml,این پیشرفت نخست در کیفیت فیلم برداری و سپس لرزش گیر تصویر رخ داده است.
2663,-,HP در سال 2009 برای اولین بار لپ‌تاپ‌های بیزینسی ProBook S را معرفی کرد.,0,data/extra/HP ProBook 4540s-A_Hosseini.xml,HP در سال 2009 برای اولین بار لپ‌تاپ‌های بیزینسی ProBook S را معرفی کرد.
2664,-,این لپ‌تاپ‌ها در سال 2010 به نسل اول پردازنده های Intel Core و همچنین بدنه ای آلومینیومی به روز شدند و این بار در سال 2012 نسل سوم این لپ‌تاپ‌ها وارد بازار شده است که نه تنها به طراحی آلومینیومی جدیدی دارند، بلکه از پردازنده های به روزتر و سریع‌تری نیز بهره می‌برند.,1,data/extra/HP ProBook 4540s-A_Hosseini.xml,این لپ‌تاپ‌ها در سال 2010 به نسل اول پردازنده های Intel Core و همچنین بدنه ای آلومینیومی به روز شدند و این بار در سال 2012 نسل سوم این لپ‌تاپ‌ها وارد بازار شده است که نه تنها به طراحی آلومینیومی جدیدی دارند،  بلکه از پردازنده های به روزتر و سریع‌تری نیز بهره می‌برند.
2665,-,مدل 4540s، یک مدل 15.6 اینچی از این سری جدید است که به تازگی وارد بازار شده است.,0,data/extra/HP ProBook 4540s-A_Hosseini.xml,مدل 4540s،  یک مدل 15.6 اینچی از این سری جدید است که به تازگی وارد بازار شده است.
2666,-,• طراحی و ساخت بدنه خارجی دستگاه از ترکیبی از فلز آلومینیوم و پلاستیک ساخته شده است.,0,data/extra/HP ProBook 4540s-A_Hosseini.xml,• طراحی و ساخت بدنه خارجی دستگاه از ترکیبی از فلز آلومینیوم و پلاستیک ساخته شده است.
2667,-,جنس بدنه این لپ‌تاپ طوریست که اثر انگشت را جذب نمی‌کند.,1,data/extra/HP ProBook 4540s-A_Hosseini.xml,جنس بدنه این لپ‌تاپ طوریست که اثر انگشت را جذب نمی‌کند.
2668,-,به همین دلیل سطح آن همواره تمیز باقی می‌ماند.,1,data/extra/HP ProBook 4540s-A_Hosseini.xml,به همین دلیل سطح آن همواره تمیز باقی می‌ماند.
2669,-,لبه های لپ‌تاپ کاملا انحنا داشته و این امر کمک قابل توجهی به کار کردن و حمل و نقل لپ‌تاپ می‌کند.,1,data/extra/HP ProBook 4540s-A_Hosseini.xml,لبه های لپ‌تاپ کاملا انحنا داشته و این امر کمک قابل توجهی به کار کردن و حمل و نقل لپ‌تاپ می‌کند.
2670,-,طراحی سری 4540s همانند اکثر لپ‌تاپ‌های کمپانی HP، بسیار ساده و در عین حال شکیل است.,2,data/extra/HP ProBook 4540s-A_Hosseini.xml,طراحی سری 4540s همانند اکثر لپ‌تاپ‌های کمپانی HP،  بسیار ساده و در عین حال شکیل است.
2671,-,وزن این دستگاه تنها 2.3 کیلوگرم است که برای یک لپ‌تاپ 15.6 اینچی، وزن بسیار مناسبی محسوب می‌شود.,2,data/extra/HP ProBook 4540s-A_Hosseini.xml,وزن این دستگاه تنها 2.3 کیلوگرم است که برای یک لپ‌تاپ 15.6 اینچی،  وزن بسیار مناسبی محسوب می‌شود.
2672,-,کیفیت ساخت 4540s همانند مدل‌های سال‌های گذشته خانواده ProBook بسیار بالا بوده و بدنه با ضربات وارد شده طی مصارف روزانه، دچار خمش و یا پیچش نمی‌شود.,2,data/extra/HP ProBook 4540s-A_Hosseini.xml,کیفیت ساخت 4540s همانند مدل‌های سال‌های گذشته خانواده ProBook بسیار بالا بوده و بدنه با ضربات وارد شده طی مصارف روزانه، دچار خمش و یا پیچش نمی‌شود.
2673,-,• ورودی‌ها و خروجی‌ها از لحاظ پورت‌ها، 4540s بسیار کامل است.,2,data/extra/HP ProBook 4540s-A_Hosseini.xml,• ورودی‌ها و خروجی‌ها از لحاظ پورت‌ها،  4540s بسیار کامل است.
2674,-,لبه جلویی دستگاه شامل ورودی و خروجی صوتی و یک کارت خوان چهار کاره می‌باشد.,0,data/extra/HP ProBook 4540s-A_Hosseini.xml,لبه جلویی دستگاه شامل ورودی و خروجی صوتی و یک کارت خوان چهار کاره می‌باشد.
2675,-,به علاوه خروجی‌های تصویری VGA و HDMI و پورت شبکه گیگابیتی نیز وجود دارند.,0,data/extra/HP ProBook 4540s-A_Hosseini.xml,به علاوه خروجی‌های تصویری VGA و HDMI و پورت شبکه گیگابیتی نیز وجود دارند.
2676,-,در دو طرف دستگاه چهار پورت USB قرار دارند که دو تای آن‌ها از نوع USB 2.0 بوده و دو تای دیگر از نوع USB 3.0 هستند.,0,data/extra/HP ProBook 4540s-A_Hosseini.xml,در دو طرف دستگاه چهار پورت USB قرار دارند که دو تای آن‌ها از نوع USB 2.0 بوده و دو تای دیگر از نوع USB 3.0 هستند.
2677,-,• صفحه نمایش همان‌طور که گفتیم، ProBook 4540s یک لپ‌تاپ 15.6 اینچی است.,0,data/extra/HP ProBook 4540s-A_Hosseini.xml,• صفحه نمایش همان‌طور که گفتیم،  ProBook 4540s یک لپ‌تاپ 15.6 اینچی است.
2678,-,صفحه نمایش قرار داده شده بر روی این لپ‌تاپ از دقت 1366x768 بهره می‌برد که تراکم پیکسلی متوسطی را ارائه می‌دهد.,0,data/extra/HP ProBook 4540s-A_Hosseini.xml,صفحه نمایش قرار داده شده بر روی این لپ‌تاپ از دقت 1366x768 بهره می‌برد که تراکم پیکسلی متوسطی را ارائه می‌دهد.
2679,-,کیفیت تصاویر تولید شده شفاف و رنگ‌ها نیز کاملا طبیعی و زنده هستند.,2,data/extra/HP ProBook 4540s-A_Hosseini.xml,کیفیت تصاویر تولید شده شفاف و رنگ‌ها نیز کاملا طبیعی و زنده هستند.
2680,-,از نقاط قوت اصلی صفحه نمایش این لپ‌تاپ‌ها می‌توان به روکش ضد بازتاب آن اشاره آن کرد که به کاربران این امکان را می‌دهد که بتوانند با لپ‌تاپ خود به راحتی در فضاهای پر نور و یا در زیر تابش مستقیم نور آفتاب کار کنند.,1,data/extra/HP ProBook 4540s-A_Hosseini.xml,از نقاط قوت اصلی صفحه نمایش این لپ‌تاپ‌ها می‌توان به روکش ضد بازتاب آن اشاره آن کرد که به کاربران این امکان را می‌دهد که بتوانند با لپ‌تاپ خود به راحتی در فضاهای پر نور و یا در زیر تابش مستقیم نور آفتاب کار کنند.
2681,-,زاویه دید افقی رضایت بخش بوده ولی زاویه دید عمودی بسیار محدود است به طوری که اگر کمی از بالا و یا پایین به صفحه نمایش لپ‌تاپ نگاه کنید، تغییر قابل توجهی در کیفیت رنگ‌های تولید شده، مشاهده خواهید کرد.,0,data/extra/HP ProBook 4540s-A_Hosseini.xml,زاویه دید افقی رضایت بخش بوده ولی زاویه دید عمودی بسیار محدود است به طوری که اگر کمی از بالا و یا پایین به صفحه نمایش لپ‌تاپ نگاه کنید،  تغییر قابل توجهی در کیفیت رنگ‌های تولید شده،  مشاهده خواهید کرد.
2682,-,در بالای این صفحه نمایش یک وب کم 2 مگاپیکسلی HD قرار دارد.,0,data/extra/HP ProBook 4540s-A_Hosseini.xml,در بالای این صفحه نمایش یک وب کم 2 مگاپیکسلی HD قرار دارد.
2683,-,تصاویر گرفته شده با این وب کم از کیفیت رضایت بخشی برخوردارند.,1,data/extra/HP ProBook 4540s-A_Hosseini.xml,تصاویر گرفته شده با این وب کم از کیفیت رضایت بخشی برخوردارند.
2684,-,• بلندگوها در بالای کیبورد، دو بلندگوی استریوی دستگاه قرار دارند که در زیر یک گرید یک تکه تعبیه شده‌اند.,0,data/extra/HP ProBook 4540s-A_Hosseini.xml,• بلندگوها در بالای کیبورد،  دو بلندگوی استریوی دستگاه قرار دارند که در زیر یک گرید یک تکه تعبیه شده‌اند.
2685,-,این بلندگوها به تکنولوژی SRS Premium Sound PRO مجهز بوده و کیفیت صدای رضایت بخشی را ارائه می‌دهند.,1,data/extra/HP ProBook 4540s-A_Hosseini.xml,این بلندگوها به تکنولوژی SRS Premium Sound PRO مجهز بوده و کیفیت صدای رضایت بخشی را ارائه می‌دهند.
2686,-,بلندی صدا نیز بسیار مناسب است ولی با این وجود، علاقه‌مندان به موسیقی و تماشای ویدئو بهتر است که از بلندگوهای خارجی و یا هدفون استفاده کنند.,1,data/extra/HP ProBook 4540s-A_Hosseini.xml,بلندی صدا نیز بسیار مناسب است ولی با این وجود،  علاقه‌مندان به موسیقی و تماشای ویدئو بهتر است که از بلندگوهای خارجی و یا هدفون استفاده کنند.
2687,-,• صفحه کلید و تاچ پد صفحه کلید 4540s از نوع Chiclet یا جزیره‌ای می‌باشد که هر کلید به صورت مجزا بر روی شاسی قرار گرفته تا کار تایپ کردن با آن آسان‌تر شود.,1,data/extra/HP ProBook 4540s-A_Hosseini.xml,• صفحه کلید و تاچ پد صفحه کلید 4540s از نوع Chiclet یا جزیره‌ای می‌باشد که هر کلید به صورت مجزا بر روی شاسی قرار گرفته تا کار تایپ کردن با آن آسان‌تر شود.
2688,-,به دلیل فضای زیادی که وجود داشته، در سمت راست صفحه کلید نیز یک صفحه کلید عددی خیلی خوب قرار گرفته تا کار وارد کردن اعداد خیلی آسان‌تر صورت گیرد.,2,data/extra/HP ProBook 4540s-A_Hosseini.xml,به دلیل فضای زیادی که وجود داشته، در سمت راست صفحه کلید نیز یک صفحه کلید عددی خیلی خوب قرار گرفته تا کار وارد کردن اعداد خیلی آسان‌تر صورت گیرد.
2689,-,در پایین صفحه کلید، تاچ پد دستگاه قرار دارد.,0,data/extra/HP ProBook 4540s-A_Hosseini.xml,در پایین صفحه کلید،  تاچ پد دستگاه قرار دارد.
2690,-,این تاچ پد که از نوع مالتی تاچ می‌باشد، کاملا حساس و پاسخگو است و عملکردی عالی را از خود به نمایش می‌گذارد.,2,data/extra/HP ProBook 4540s-A_Hosseini.xml,این تاچ پد که از نوع مالتی تاچ می‌باشد،  کاملا حساس و پاسخگو است و عملکردی عالی را از خود به نمایش می‌گذارد.
2691,-,لازم به ذکر است که صفحه کلید 4540s در برابر نفوذ مایعات مقاوم است.,1,data/extra/HP ProBook 4540s-A_Hosseini.xml,لازم به ذکر است که صفحه کلید 4540s در برابر نفوذ مایعات مقاوم است.
2692,-,• سخت افزار داخلی سری 4540s از لحاظ سخت افزار داخلی از تنوع بسیار بالایی برخوردارند.,1,data/extra/HP ProBook 4540s-A_Hosseini.xml,• سخت افزار داخلی سری 4540s از لحاظ سخت افزار داخلی از تنوع بسیار بالایی برخوردارند.
2693,-,گران‌ترین مدل از نسل سوم پردازنده چهار هسته ای Intel Core i7 و ارزان‌ترین مدل از پردازنده های Intel Celeron استفاده می‌کنند.,0,data/extra/HP ProBook 4540s-A_Hosseini.xml,گران‌ترین مدل از نسل سوم پردازنده چهار هسته ای Intel Core i7 و ارزان‌ترین مدل از پردازنده های Intel Celeron استفاده می‌کنند.
2694,-,مدل‌های میانی بیشتر از نسل دوم پردازنده های دو هسته ای Intel Core i5 و Intel Core i3 استفاده می‌کنند.,0,data/extra/HP ProBook 4540s-A_Hosseini.xml,مدل‌های میانی بیشتر از نسل دوم پردازنده های دو هسته ای Intel Core i5 و Intel Core i3 استفاده می‌کنند.
2695,-,حافظه RAM این دستگاه‌ها نیز بین 4 تا 8 گیگابایت است.,0,data/extra/HP ProBook 4540s-A_Hosseini.xml,حافظه RAM این دستگاه‌ها نیز بین 4 تا 8 گیگابایت است.
2696,-,از لحاظ پردازشگر گرافیکی، سری 4540s به دو بخش تقسیم می‌شوند.,0,data/extra/HP ProBook 4540s-A_Hosseini.xml,از لحاظ پردازشگر گرافیکی،  سری 4540s به دو بخش تقسیم می‌شوند.
2697,-,بخش اول مدل‌های ارزان‌تر هستند که از پردازشگرهای آنبرد Intel HD سری‌های 3000 و 4000 استفاده می‌کنند.,0,data/extra/HP ProBook 4540s-A_Hosseini.xml,بخش اول مدل‌های ارزان‌تر هستند که از پردازشگرهای آنبرد Intel HD سری‌های 3000 و 4000 استفاده می‌کنند.
2698,-,دسته دوم مدل‌های حرفه ای تر هستند که از کارت گرافیک مجزای AMD مدل HD 7650M استفاده می‌کنند که قدرت پردازشی بسیار بالایی دارد.,0,data/extra/HP ProBook 4540s-A_Hosseini.xml,دسته دوم مدل‌های حرفه ای تر هستند که از کارت گرافیک مجزای AMD مدل HD 7650M استفاده می‌کنند که قدرت پردازشی بسیار بالایی دارد.
2699,-,چنین تنوع سخت افزاری، سری ProBook 4540s را برای تمام کاربران چه سطح مبتدی و چه حرفه ای مناسب کرده است.,0,data/extra/HP ProBook 4540s-A_Hosseini.xml,چنین تنوع سخت افزاری،  سری ProBook 4540s را برای تمام کاربران چه سطح مبتدی و چه حرفه ای مناسب کرده است.
2700,-,• باتری بسته به سخت افزار داخلی، سری 4540s با دو نوع باتری لیتیوم-یونی 6 و 9 سلولی ارائه می‌شوند.,0,data/extra/HP ProBook 4540s-A_Hosseini.xml,• باتری بسته به سخت افزار داخلی،  سری 4540s با دو نوع باتری لیتیوم-یونی 6 و 9 سلولی ارائه می‌شوند.
2701,-,در حالت آماده به کار باتری 6 سلولی می‌تواند تا حداکثر 7 ساعت و باتری 9 سلولی تا حداکثر 15 ساعت شارژدهی کند.,0,data/extra/HP ProBook 4540s-A_Hosseini.xml,در حالت آماده به کار باتری 6 سلولی می‌تواند تا حداکثر 7 ساعت و باتری 9 سلولی تا حداکثر 15 ساعت شارژدهی کند.
2702,-,مسلما این میزان شارژدهی با مصارف روزانه بسیار کمتر خواهد بود.,0,data/extra/HP ProBook 4540s-A_Hosseini.xml,مسلما این میزان شارژدهی با مصارف روزانه بسیار کمتر خواهد بود.
2703,-,• جمع بندی سری 2012 خانواده لپ‌تاپ‌های ProBook S کمپانی HP، لپ‌تاپ‌های بیزینسی (اداری/مهندسی) فوق‌العاده هستند که نسبت به مدل‌های گذشته تغییرات بسیار خوبی داشته‌اند.,2,data/extra/HP ProBook 4540s-A_Hosseini.xml,• جمع بندی سری 2012 خانواده لپ‌تاپ‌های ProBook S کمپانی HP،  لپ‌تاپ‌های بیزینسی (اداری/مهندسی) فوق‌العاده هستند که نسبت به مدل‌های گذشته تغییرات بسیار خوبی داشته‌اند.
2704,-,طراحی فوق‌العاده با روکش فلزی، امکانات امنیتی بسیار بالا و پورت‌های فراوان، مدل 15.6 اینچی HP 4540s را به یک لپ‌تاپ ایده آل برای مدیران، مهندسین و در مجموع کاربران اداری تبدیل کرده است.,2,data/extra/HP ProBook 4540s-A_Hosseini.xml,طراحی فوق‌العاده با روکش فلزی،  امکانات امنیتی بسیار بالا و پورت‌های فراوان،  مدل 15.6 اینچی HP 4540s را به یک لپ‌تاپ ایده آل برای مدیران،  مهندسین و در مجموع کاربران اداری تبدیل کرده است.
2705,-,از نظر ظاهری، DV300F ظاهری کاملا شبیه به دوربین‌های کامپکت دیگر دارد.,0,data/extra/Samsung DV300F_Hosseini.xml,از نظر ظاهری،  DV300F ظاهری کاملا شبیه به دوربین‌های کامپکت دیگر دارد.
2706,-,این دوربین ابعاد 95X57X18 میلی متر را ارائه می‌دهد که علاوه بر فوق‌العاده کوچک بودن، با قطر تنها 18 میلی متر یکی از باریک‌ترین دوربین‌های ساخته شده تا به این تاریخ نیز هست.,1,data/extra/Samsung DV300F_Hosseini.xml,این دوربین ابعاد 95X57X18 میلی متر را ارائه می‌دهد که علاوه بر فوق‌العاده کوچک بودن،  با قطر تنها 18 میلی متر یکی از باریک‌ترین دوربین‌های ساخته شده تا به این تاریخ نیز هست.
2707,-,بدنه از فلز خش دار مشکی رنگ ساخته شده و فوق‌العاده شیک می‌باشد.,2,data/extra/Samsung DV300F_Hosseini.xml,بدنه از فلز خش دار مشکی رنگ ساخته شده و فوق‌العاده شیک می‌باشد.
2708,-,اما تفاوت اصلی این دوربین با مدل‌های معمولی، در نمایشگر دوم 1.5 اینچی آن است.,0,data/extra/Samsung DV300F_Hosseini.xml,اما تفاوت اصلی این دوربین با مدل‌های معمولی،  در نمایشگر دوم 1.5 اینچی آن است.
2709,-,نمایشگری که می‌تواند برای عکاسی از چهره‌ی خود عکاس استفاده شود که کاملا کاربردی است.,1,data/extra/Samsung DV300F_Hosseini.xml,نمایشگری که می‌تواند برای عکاسی از چهره‌ی خود عکاس استفاده شود که کاملا کاربردی است.
2710,-,اما کاربرد دیگر آن می‌تواند در نمایش تصاویر جذاب و جلب توجه کننده برای کودکان باشد تا به بهانه‌ی آن تصویر به دوربین نگاه کنند و بتوانید عکسی تمام رخ از کودک بگیرید.,1,data/extra/Samsung DV300F_Hosseini.xml,اما کاربرد دیگر آن می‌تواند در نمایش تصاویر جذاب و جلب توجه کننده برای کودکان باشد تا به بهانه‌ی آن تصویر به دوربین نگاه کنند و بتوانید عکسی تمام رخ از کودک بگیرید.
2711,-,ویژگی بسیار عالی دیگر این دوربین، لنز 25-125 میلی متر آن می‌باشد.,2,data/extra/Samsung DV300F_Hosseini.xml,ویژگی بسیار عالی دیگر این دوربین،  لنز 25-125 میلی متر آن می‌باشد.
2712,-,این لنز در فاصله‌ی کانونی 25 میلی متر حالت واید بسیار خوبی را ارائه می‌دهد تا بتوانید در یک عکس، میدان دید بزرگی از یک چشم انداز گسترده‌ی طبیعی را ثبت کنید.,2,data/extra/Samsung DV300F_Hosseini.xml,این لنز در فاصله‌ی کانونی 25 میلی متر حالت واید بسیار خوبی را ارائه می‌دهد تا بتوانید در یک عکس،  میدان دید بزرگی از یک چشم انداز گسترده‌ی طبیعی را ثبت کنید.
2713,-,این در حالیست که توانایی زوم 5 برابر می‌تواند برای گرفتن عکس‌های پرتره هم مناسب باشد.,1,data/extra/Samsung DV300F_Hosseini.xml,این در حالیست که توانایی زوم 5 برابر می‌تواند برای گرفتن عکس‌های پرتره هم مناسب باشد.
2714,-,اما ویژگی بسیار عالی این لنز، کمینه‌ی نسبت کانونی f/2.5 آن در حالت واید است.,2,data/extra/Samsung DV300F_Hosseini.xml,اما ویژگی بسیار عالی این لنز،  کمینه‌ی نسبت کانونی f/2.5 آن در حالت واید است.
2715,-,این کمینه‌ی نسبت کانونی بسیار عالی، به شما اجازه می‌دهد که بتوانید در شرایط نوری نزدیک به تاریکی هم با سرعت‌های شاتر بالاتر عکاسی کنید.,2,data/extra/Samsung DV300F_Hosseini.xml,این کمینه‌ی نسبت کانونی بسیار عالی،  به شما اجازه می‌دهد که بتوانید در شرایط نوری نزدیک به تاریکی هم با سرعت‌های شاتر بالاتر عکاسی کنید.
2716,-,این لنز فوق‌العاده سریع است.,2,data/extra/Samsung DV300F_Hosseini.xml,این لنز فوق‌العاده سریع است.
2717,-,بنابراین علاوه بر ویژگی بسیار واید بودن، به ویژگی بسیار سریع بودن هم مجهز می‌باشد.,2,data/extra/Samsung DV300F_Hosseini.xml,بنابراین علاوه بر ویژگی بسیار واید بودن،  به ویژگی بسیار سریع بودن هم مجهز می‌باشد.
2718,-,اما در هنگام زوم کامل با f/6.3 چندان لنز سریعی نمی‌باشد.,-1,data/extra/Samsung DV300F_Hosseini.xml,اما در هنگام زوم کامل با f/6.3 چندان لنز سریعی نمی‌باشد.
2719,-,اما برای اینکه لرزش دست شما منجر به تارشدگی تصویر نشود، همانند هر دوربین امروزی پیشرفته‌ی دیگری، DV300F هم مجهز به لرزش گیر اپتیکال تصویر می‌باشد تا همواره بتوانید عکس‌هایی شارپ بگیرید.,1,data/extra/Samsung DV300F_Hosseini.xml,اما برای اینکه لرزش دست شما منجر به تارشدگی تصویر نشود،  همانند هر دوربین امروزی پیشرفته‌ی دیگری،  DV300F هم مجهز به لرزش گیر اپتیکال تصویر می‌باشد تا همواره بتوانید عکس‌هایی شارپ بگیرید.
2720,-,DV300F مجهز به سنسور تصویر 16 مگا پیکسلی CCD می‌باشد.,0,data/extra/Samsung DV300F_Hosseini.xml,DV300F مجهز به سنسور تصویر 16 مگا پیکسلی CCD می‌باشد.
2721,-,به دلیل رزولوشن بسیار بالایی که این سنسور ارائه می‌دهد، اگر در شرایط نوری خوب با آن عکاسی کنید، کیفیت و تفکیک جزئیاتی بسیار عالی را به شما ارائه می‌دهد.,2,data/extra/Samsung DV300F_Hosseini.xml,به دلیل رزولوشن بسیار بالایی که این سنسور ارائه می‌دهد،  اگر در شرایط نوری خوب با آن عکاسی کنید،  کیفیت و تفکیک جزئیاتی بسیار عالی را به شما ارائه می‌دهد.
2722,-,حساسیت سنسور نیز تا 3200 بالا می‌رود که خیلی خوب است.,2,data/extra/Samsung DV300F_Hosseini.xml,حساسیت سنسور نیز تا 3200 بالا می‌رود که خیلی خوب است.
2723,-,این دوربین هم دوربینی نشانه و عکس یا Point to Shoot است.,0,data/extra/Samsung DV300F_Hosseini.xml,این دوربین هم دوربینی نشانه و عکس یا Point to Shoot است.
2724,-,بدین معنی که وقتی آن را بر روی مود Smart Auto می‌گذارید، تبدیل به یک دوربین کاملا خودکار می‌شود، کافی است که آن را به سوی سوژه نشانه بروید و دکمه‌ی شاتر را بفشارید تا بهترین و با کیفیت‌ترین عکس گرفته شود.,2,data/extra/Samsung DV300F_Hosseini.xml,بدین معنی که وقتی آن را بر روی مود Smart Auto می‌گذارید،  تبدیل به یک دوربین کاملا خودکار می‌شود،  کافی است که آن را به سوی سوژه نشانه بروید و دکمه‌ی شاتر را بفشارید تا بهترین و با کیفیت‌ترین عکس گرفته شود.
2725,-,در مود Program اختیار بیشتری برای انجام تنظیمات نور دهی خواهید داشت.,1,data/extra/Samsung DV300F_Hosseini.xml,در مود Program اختیار بیشتری برای انجام تنظیمات نور دهی خواهید داشت.
2726,-,مود پانوراما برای عکاسی پانوراما و مود 3D برای عکاسی سه بعدی هم وجود دارد.,0,data/extra/Samsung DV300F_Hosseini.xml,مود پانوراما برای عکاسی پانوراما و مود 3D برای عکاسی سه بعدی هم وجود دارد.
2727,-,مودهای عکاسی خیلی متنوع هستند.,2,data/extra/Samsung DV300F_Hosseini.xml,مودهای عکاسی خیلی متنوع هستند.
2728,-,این دوربین توانایی فیلم برداری 720p HD با سرعت 30 فریم بر ثانیه را هم دارد.,1,data/extra/Samsung DV300F_Hosseini.xml,این دوربین توانایی فیلم برداری 720p HD با سرعت 30 فریم بر ثانیه را هم دارد.
2729,-,البته کابل HDMI برای اتصال به HDTV ندارد.,-1,data/extra/Samsung DV300F_Hosseini.xml,البته کابل HDMI برای اتصال به HDTV ندارد.
2730,-,عکس‌ها با صدای مونو ضبط می‌شوند و در فرمت های MPEG4 و H.,0,data/extra/Samsung DV300F_Hosseini.xml,عکس‌ها با صدای مونو ضبط می‌شوند و در فرمت های MPEG4 و H.
2731,-,264 ثبت می‌گردند.,0,data/extra/Samsung DV300F_Hosseini.xml,264 ثبت می‌گردند.
2732,-,عکس‌ها و فیلم‌ها نیز بر روی کارت‌های حافظه‌ی Micro SD، Micro SDHC ذخیره می‌شوند.,0,data/extra/Samsung DV300F_Hosseini.xml,عکس‌ها و فیلم‌ها نیز بر روی کارت‌های حافظه‌ی Micro SD،  Micro SDHC ذخیره می‌شوند.
2733,-,کارت‌های حافظه ای که معمولا بر روی گوشی‌های هوشمند تلفن همراه و نه دوربین‌ها استفاده می‌شوند.,0,data/extra/Samsung DV300F_Hosseini.xml,کارت‌های حافظه ای که معمولا بر روی گوشی‌های هوشمند تلفن همراه و نه دوربین‌ها استفاده می‌شوند.
2734,-,"این دوربین همچنین مجهز به نمایشگر 3 اینچی 460,000 پیکسلی می‌باشد.",0,data/extra/Samsung DV300F_Hosseini.xml,"این دوربین همچنین مجهز به نمایشگر 3 اینچی 460,000 پیکسلی می‌باشد."
2735,-,"کیفیت و بزرگی نمایشگر خیلی خوب است و خیلی بهتر از نمایشگر های 230,000 پیکسلی می‌باشد.",2,data/extra/Samsung DV300F_Hosseini.xml,"کیفیت و بزرگی نمایشگر خیلی خوب است و خیلی بهتر از نمایشگر های 230,000 پیکسلی می‌باشد."
2736,-,اما نکته‌ی ویژه‌ی دیگر این دوربین، به جز نمایشگر دوم که البته فعلا نمی‌دانیم چه رزولوشنی را ارائه می‌دهد، رادیو Wi-Fi داخلی است.,1,data/extra/Samsung DV300F_Hosseini.xml,اما نکته‌ی ویژه‌ی دیگر این دوربین، به جز نمایشگر دوم که البته فعلا نمی‌دانیم چه رزولوشنی را ارائه می‌دهد،  رادیو Wi-Fi داخلی است.
2737,-,با استفاده از Wi-Fi به راحتی و بدون اینکه نیاز باشد دوربین را با کابل به کامپیوتر یا لپ تاپ وصل کنید، می‌توانید عکس‌ها و فیلم‌ها را به صورت بی‌سیم منتقل کنید.,1,data/extra/Samsung DV300F_Hosseini.xml,با استفاده از Wi-Fi به راحتی و بدون اینکه نیاز باشد دوربین را با کابل به کامپیوتر یا لپ تاپ وصل کنید،  می‌توانید عکس‌ها و فیلم‌ها را به صورت بی‌سیم منتقل کنید.
2738,-,به هر صورت همان‌طور که گفتیم، DV300F علاوه بر نمایشگر دوم و Wi-Fi داخلی که به آن‌ها مجهز است، در کل دوربین بسیار کوچک، بسیار باریک، بسیار سبک، مستحکم و خوش ساختی است.,2,data/extra/Samsung DV300F_Hosseini.xml,به هر صورت همان‌طور که گفتیم،  DV300F علاوه بر نمایشگر دوم و Wi-Fi داخلی که به آن‌ها مجهز است،  در کل دوربین بسیار کوچک، بسیار باریک، بسیار سبک، مستحکم و خوش ساختی است.
2739,-,سنسور تصویر 16 مگا پیکسلی به شما کمک می‌کند که جزئیات را خیلی دقیق ثبت کنید و لنز فوق‌العاده‌ی 25 میلی متری آن که کمینه‌ی نسبت کانونی f/2.5 را ارائه می‌دهد نیز بسیار عالیست.,2,data/extra/Samsung DV300F_Hosseini.xml,سنسور تصویر 16 مگا پیکسلی به شما کمک می‌کند که جزئیات را خیلی دقیق ثبت کنید و لنز فوق‌العاده‌ی 25 میلی متری آن که کمینه‌ی نسبت کانونی f/2.5 را ارائه می‌دهد نیز بسیار عالیست.
2740,-,"توانایی ضبط ویدیویی 720p HD، نمایشگر 3 اینچی 460,000 پیکسلی و مودهای عکاسی گوناگون و کارآمد را نیز به آن بیفزایید.",1,data/extra/Samsung DV300F_Hosseini.xml,"توانایی ضبط ویدیویی 720p HD،  نمایشگر 3 اینچی 460,000 پیکسلی و مودهای عکاسی گوناگون و کارآمد را نیز به آن بیفزایید."
2741,-,در آینده و با به بازار آمدن این دوربین سعی می‌کنیم اطلاعات بیشتری را از آن ارائه دهیم.,0,data/extra/Samsung DV300F_Hosseini.xml,در آینده و با به بازار آمدن این دوربین سعی می‌کنیم اطلاعات بیشتری را از آن ارائه دهیم.
2742,-,به روز رسانی: در تست‌هایی که انجام دادیم، کیفیت عکس‌های گرفته شده توسط DV300F در سطح خوبی است.,1,data/extra/Samsung DV300F_Hosseini.xml,به روز رسانی: در تست‌هایی که انجام دادیم،  کیفیت عکس‌های گرفته شده توسط DV300F در سطح خوبی است.
2743,-,تا ایزو 400 نویز در عکس‌ها مشکل ساز نیست.,1,data/extra/Samsung DV300F_Hosseini.xml,تا ایزو 400 نویز در عکس‌ها مشکل ساز نیست.
2744,-,این در حالیست که در ایزو 400، نویز بعلاوه‌ی مقداری کاسته شدن از جزئیات و غلظت رنگ‌ها مشاهده می‌شود.,-1,data/extra/Samsung DV300F_Hosseini.xml,این در حالیست که در ایزو 400،  نویز بعلاوه‌ی مقداری کاسته شدن از جزئیات و غلظت رنگ‌ها مشاهده می‌شود.
2745,-,در ایزو 800 اوضاع بدتر می‌گردد.,-1,data/extra/Samsung DV300F_Hosseini.xml,در ایزو 800 اوضاع بدتر می‌گردد.
2746,-,حساسیت‌های 1600 و 3200 نیز بهتر است که استفاده نشوند چرا که مشکل نویز و کاسته شدن از کیفیت عکس در آن‌ها زیاد است.,-1,data/extra/Samsung DV300F_Hosseini.xml,حساسیت‌های 1600 و 3200 نیز بهتر است که استفاده نشوند چرا که مشکل نویز و کاسته شدن از کیفیت عکس در آن‌ها زیاد است.
2747,-,خطای رنگی به خوبی کنترل می‌شود و فقط مقداری خطای رنگی بنفش در مناطق پر کنتراست مشاهده می‌گردد.,0,data/extra/Samsung DV300F_Hosseini.xml,خطای رنگی به خوبی کنترل می‌شود و فقط مقداری خطای رنگی بنفش در مناطق پر کنتراست مشاهده می‌گردد.
2748,-,عملکرد ماکرو نیز بسیار خوب است و این دوربین در مود ماکرو توانایی فوکوس بر روی سوژه‌هایی به نزدیکی 5 سانتی متر و عکاسی از آن‌ها را دارد.,2,data/extra/Samsung DV300F_Hosseini.xml,عملکرد ماکرو نیز بسیار خوب است و این دوربین در مود ماکرو توانایی فوکوس بر روی سوژه‌هایی به نزدیکی 5 سانتی متر و عکاسی از آن‌ها را دارد.
2749,-,خطای بشکه نیز در کمینه‌ی فاصله‌ی کانونی 25 سانتی متر خیلی خوب کنترل می‌شود و فلاش داخلی نیز با نور مناسب و عدم ایجاد اثر سرخی چشم عملکرد خیلی خوبی دارد.,2,data/extra/Samsung DV300F_Hosseini.xml,خطای بشکه نیز در کمینه‌ی فاصله‌ی کانونی 25 سانتی متر خیلی خوب کنترل می‌شود و فلاش داخلی نیز با نور مناسب و عدم ایجاد اثر سرخی چشم عملکرد خیلی خوبی دارد.
2750,-,سیستم لرزش گیر تصویر نیز عملکرد خیلی خوبی دارد و باعث می‌شود که لرزش دست شما در عکس‌ها اثر تاری ایجاد نکند.,2,data/extra/Samsung DV300F_Hosseini.xml,سیستم لرزش گیر تصویر نیز عملکرد خیلی خوبی دارد و باعث می‌شود که لرزش دست شما در عکس‌ها اثر تاری ایجاد نکند.
2751,-,از رقبای اصلی این دوربین می‌توان به Canon Ixus 230 HS، Fujifilm Finepix Z900EXR، Nikon Coolpix S80، Panasonic Lumix DMC-FX90، Pentax Optio S1 و Sony Cybershot DSC-WX7 اشاره کرد.,0,data/extra/Samsung DV300F_Hosseini.xml,از رقبای اصلی این دوربین می‌توان به Canon Ixus 230 HS،  Fujifilm Finepix Z900EXR،  Nikon Coolpix S80،  Panasonic Lumix DMC-FX90،  Pentax Optio S1 و Sony Cybershot DSC-WX7 اشاره کرد.
2769,-,شاید استفاده‌ی روزمره‌ی آن چندان معنی دار نباشد، ولی به هر صورت برای افرادی که مثلا به کوهنوردی می‌روند و قصد دارند مختصات دقیق خود یا مکان با نام خود را بدانند حتما مناسب است.,1,data/extra/(Panasonic Lumix DMC-FT3 (TS3.xml,شاید استفاده‌ی روزمره‌ی آن چندان معنی دار نباشد،  ولی به هر صورت برای افرادی که مثلا به کوهنوردی می‌روند و قصد دارند مختصات دقیق خود یا مکان با نام خود را بدانند حتماً مناسب است.
2772,-,بدین صورت که لنز در قسمت بالا و سمت راست قرار گرفته و عمل زوم کاملا داخلی صورت می‌گیرد.,0,data/extra/(Panasonic Lumix DMC-FT3 (TS3.xml,بدین صورت که لنز در قسمت بالا و سمت راست قرار گرفته و عمل زوم کاملاً داخلی صورت می‌گیرد.
2779,-,بدون باتری و کارت حافظه نیز حدود 175 گرم وزن دارد که کاملا چگال است و بر احساس استحکامی که به شما می‌دهد می‌افزاید.,1,data/extra/(Panasonic Lumix DMC-FT3 (TS3.xml,بدون باتری و کارت حافظه نیز حدود 175 گرم وزن دارد که کاملاً چگال است و بر احساس استحکامی که به شما می‌دهد می‌افزاید.
2785,-,متاسفانه لنز فاقد کاور فلزی می‌باشد که بر روی بعضی دوربین‌های دیگر دیده بودیم.,-1,data/extra/(Panasonic Lumix DMC-FT3 (TS3.xml,متأسفانه لنز فاقد کاور فلزی می‌باشد که بر روی بعضی دوربین‌های دیگر دیده بودیم.
2789,-,همچنین می‌توان گفت که کار کردن با این دوربین، در حالی که دستکش به دست دارید نسبتا مشکل است.,-1,data/extra/(Panasonic Lumix DMC-FT3 (TS3.xml,همچنین می‌توان گفت که کار کردن با این دوربین،  در حالی که دستکش به دست دارید نسبتاً مشکل است.
2814,-,رنگ‌ها نیز کاملا طبیعی هستند هرچند که مقداری به سمت رنگ‌های گرم می‌روند.,1,data/extra/(Panasonic Lumix DMC-FT3 (TS3.xml,رنگ‌ها نیز کاملاً طبیعی هستند هرچند که مقداری به سمت رنگ‌های گرم می‌روند.
2908,-,اپل همیشه بهترین کیفیت رو داره,1,data/extra/Apple MacBook Pro With Retina Display-B.xml,اپل هميشه بهترين کيفيت رو داره
2909,-,نسبت به قیمتش نمی ارزه.,-1,data/extra/Apple MacBook Pro With Retina Display-B.xml,نسبت به قيمتش نمي ارزه.
2911,-,آقای فرجی سیستم عامل مک اجازه ی نصب ویندوز رو به کاربرا میده.,0,data/extra/Apple MacBook Pro With Retina Display-B.xml,آقاي فرجي سيستم عامل مک اجازه ي نصب ويندوز رو به کاربرا ميده.
2912,-,اگه منظورتون نداشتن درایو نوری هستش، اونم با یه اکسترنال حل میشه.,0,data/extra/Apple MacBook Pro With Retina Display-B.xml,اگه منظورتون نداشتن درايو نوري هستش،  اونم با يه اکسترنال حل ميشه.
2913,-,اصلا راضی نیستم، حتی نمی تونم ویندوز توش بریزم.,-1,data/extra/Apple MacBook Pro With Retina Display-B.xml,اصلا راضي نيستم،  حتي نمي تونم ويندوز توش بريزم.
2944,-,زوایای دید این صفحه نمایش واقعا عالیست به طوری که حتی اگر از بالا یا پایین به صفحه نمایش نگاه کنید، هیچ‌گونه تغییر خاصی در کیفیت صفحه نمایش مشاهده نخواهید کرد.,2,data/extra/Apple MacBook Pro With Retina Display-B.xml,زوایای دید این صفحه نمایش واقعاً عالیست به طوری که حتی اگر از بالا یا پایین به صفحه نمایش نگاه کنید،  هیچ‌گونه تغییر خاصی در کیفیت صفحه نمایش مشاهده نخواهید کرد.
2953,-,البته تنها کیفیت بالای تاچ پد، دلیل این امر نیست و یکپارچه بودن سیستم عامل OS X نیز با فرمان‌های لمسی ، در این امر بسیار موثر است.,1,data/extra/Apple MacBook Pro With Retina Display-B.xml,البته تنها کیفیت بالای تاچ پد،  دلیل این امر نیست و یکپارچه بودن سیستم عامل OS X نیز با فرمان‌های لمسی ،  در این امر بسیار مؤثر است.
2963,-,البته نمی‌توان گفت که سیستم خنک کننده کاملا بی صدا است ولی مسلما صدای آزار دهنده ای تولید نمی‌کند.,1,data/extra/Apple MacBook Pro With Retina Display-B.xml,البته نمی‌توان گفت که سیستم خنک کننده کاملاً بی صدا است ولی مسلما صدای آزار دهنده ای تولید نمی‌کند.
3115,-,به هر حال هیچ کاربری از حق انتخاب برای تنوع بدش نمی‌آید، این در مورد کاربران iOS نیز صدق می‌نماید.,0,data/extra/Apple iPad mini WiFi-16GB.xml,به هر حال هیچ کاربری از حق انتخاب برای تنوع بدش نمی‌آید، این در مورد کاربران iOS نیز صدق می‌نماید.
3122,-,بر اساس اعلام کمپانی اپل، Siri به حدی هوشمند شده که می‌تواند بر اساس محلی که شما در آن قرار دارید، مکان‌های تفریحی نیز به شما پیشنهاد دهد!,1,data/extra/Apple iPad mini WiFi-16GB.xml,بر اساس اعلام کمپانی اپل، Siri به حدی هوشمند شده که می‌تواند بر اساس محلی که شما در آن قرار دارید، مکان‌های تفریحی نیز به شما پیشنهاد دهد!
3125,-,یکی از تغییرات مهم در این نسخه، قرار گرفتن برنامه Maps به جای برنامه Google Maps می‌باشد.,0,data/extra/Apple iPad mini WiFi-16GB.xml,یکی از تغییرات مهم در این نسخه، قرار گرفتن برنامه Maps به جای برنامه Google Maps می‌باشد.
3268,-,IXUS نامی هست که در اروپا فروش میره و خیلی از زبان ها رو داره .,0,data/extra/(Canon IXUS 240 HS (PowerShot ELPH 320 HS_Hosseini.xml,IXUS نامي هست که در اروپا فروش ميره و خيلي از زبان ها رو داره .
3269,-,نام دیگه این دوربین IXY هست که مخصوص فروش در ژاپن هست .,0,data/extra/(Canon IXUS 240 HS (PowerShot ELPH 320 HS_Hosseini.xml,نام ديگه اين دوربين IXY هست که مخصوص فروش در ژاپن هست .
3270,-,IXY فقط زبان ژاپنی و انگلیسی داره .,0,data/extra/(Canon IXUS 240 HS (PowerShot ELPH 320 HS_Hosseini.xml,IXY فقط زبان ژاپني و انگليسي داره  .
3271,-,درسته منو فارسی نداره ولی حداقل میتونین مطمئن باشین که یه دوربین ساخت ژاپن خریدین نه ساخت چین.,1,data/extra/(Canon IXUS 240 HS (PowerShot ELPH 320 HS_Hosseini.xml,درسته منو فارسي نداره ولي حداقل ميتونين مطمئن باشين که يه دوربين ساخت ژاپن خريدين نه ساخت چين.
3272,-,توی سایتای دوربین بگردین میتونین دفترچه راهنمای فارسی رو دانلود کنید.,0,data/extra/(Canon IXUS 240 HS (PowerShot ELPH 320 HS_Hosseini.xml,توي سايتاي دوربين بگردين ميتونين دفترچه راهنماي فارسي رو دانلود کنيد.
3273,-,نکته دیگه اینه که حسگر دوربین CMOS هست نه CCD .,0,data/extra/(Canon IXUS 240 HS (PowerShot ELPH 320 HS_Hosseini.xml,نکته ديگه اينه که  حسگر دوربين CMOS هست نه CCD  .
3276,-,البته اگه زوم اپتیکالش بیشتر بود بهتر میشد,0,data/extra/(Canon IXUS 240 HS (PowerShot ELPH 320 HS_Hosseini.xml,البته اگه زوم اپتيکالش بيشتر بود بهتر ميشد
3277,-,مدتیه که این دوربین رو از دیجی کالا خریداری کردم لازم دونستم چندتا نکته رو به اطلاع کسانی که قصد خرید این مدل رو دارند برسونم اول از هرچیزی توجه داشته باشین که صفحه لمسی این دوربین مقاومتیه کابل HDMI نداره و باید جداگانه تهیه بشه با توجه به ژاپنی بودن دوربین منوی شروع به زبان ژاپنیه و تمام محتویات دفترچه راهنمای دوربین به زبان ژاپنی نوشته شده!,-1,data/extra/(Canon IXUS 240 HS (PowerShot ELPH 320 HS_Hosseini.xml,مدتيه که اين دوربين رو از ديجي کالا خريداري کردم لازم دونستم چندتا نکته رو به اطلاع کساني که قصد خريد اين مدل رو دارند برسونم اول از هرچيزي توجه داشته باشين که صفحه لمسي اين دوربين مقاومتيه کابل HDMI  نداره و بايد جداگانه تهيه بشه با توجه به ژاپني بودن دوربين منوي شروع به زبان ژاپنيه و تمام محتويات دفترچه راهنماي دوربين به زبان ژاپني نوشته شده!
3278,-,البته cd راهنما زبان انگلیسی هم داره کیفیت عکس ها و فیلمها در تمامی شرایط نوری بسیار عالی و قابل قبوله لرزشگیر دوربین عملکرد بسیار خوبی داره و بخصوص در هنگام فیلم برداری کاملا محسوس و رضایت بخشه در کل این دوربین با توجه به قیمت و مدل های مشابه بهترین انتخاب میتونه باشه,2,data/extra/(Canon IXUS 240 HS (PowerShot ELPH 320 HS_Hosseini.xml,البته cd  راهنما زبان انگليسي هم داره کيفيت عکس ها و فيلمها در تمامي شرايط نوري بسيار عالي و قابل قبوله لرزشگير دوربين عملکرد بسيار خوبي داره و بخصوص در هنگام فيلم برداري کاملا محسوس و رضايت بخشه در کل اين دوربين با توجه به قيمت و مدل هاي مشابه بهترين انتخاب ميتونه باشه
3279,-,من تازه این دوربین رو از دیجی کالا خریدم با تشکر از سایت خوب دیجی کالا باید بگم این دوربین خیلی نسبت به مبلغ خریدش با ارزش است و کیفیت عکس خیلی خوبی داره,2,data/extra/(Canon IXUS 240 HS (PowerShot ELPH 320 HS_Hosseini.xml,من تازه اين دوربين رو از ديجي کالا خريدم با تشکر از سايت خوب ديجي کالا بايد بگم اين دوربين خيلي نسبت به مبلغ خريدش با ارزش است و کيفيت عکس خيلي خوبي داره
3280,-,من این دوربین را تازه از سایت خریدم این دوربین فقط 3 زبان برای منوها دارد : ژاپنی - چینی - انگلیسی و فاقد زبان فارسی می باشد,-1,data/extra/(Canon IXUS 240 HS (PowerShot ELPH 320 HS_Hosseini.xml,من اين دوربين را تازه از سايت خريدم اين دوربين فقط 3 زبان براي منوها دارد : ژاپني - چيني - انگليسي و فاقد زبان فارسي مي باشد
3282,-,دوربین خوب و فوق العاده اقتصادی,2,data/extra/(Canon IXUS 240 HS (PowerShot ELPH 320 HS_Hosseini.xml,دوربين خوب و فوق العاده اقتصادي
3283,-,از نظر ظاهری، Ixus 240 HS شباهت زیادی با Ixus 510 HS دارد.,0,data/extra/(Canon IXUS 240 HS (PowerShot ELPH 320 HS_Hosseini.xml,از نظر ظاهری،  Ixus 240 HS شباهت زیادی با Ixus 510 HS دارد.
3284,-,هرچند که گوشه‌های آن نسبت به 510 HS تیز نیست و حالت آجر مانند کمتری هم دارد.,0,data/extra/(Canon IXUS 240 HS (PowerShot ELPH 320 HS_Hosseini.xml,هرچند که گوشه‌های آن نسبت به 510 HS تیز نیست و حالت آجر مانند کمتری هم دارد.
3285,-,هرچند که ابعاد آن کمی بزرگ‌تر از Ixus 510 HS است ولی وزنی کمتر دارد.,1,data/extra/(Canon IXUS 240 HS (PowerShot ELPH 320 HS_Hosseini.xml,هرچند که ابعاد آن کمی بزرگ‌تر از Ixus 510 HS است ولی وزنی کمتر دارد.
3286,-,این دوربین با ابعادی کاملا مستطیلی شکل ساخته شده و همانند دیگر دوربین‌های سری Ixus بسیار استایلیش و زیبا می‌باشد.,2,data/extra/(Canon IXUS 240 HS (PowerShot ELPH 320 HS_Hosseini.xml,این دوربین با ابعادی کاملا مستطیلی شکل ساخته شده و همانند دیگر دوربین‌های سری Ixus بسیار استایلیش و زیبا می‌باشد.
3287,-,این دوربین از سنسور تصویر 16 مگا پیکسلی BSI-CMOS و پردازشگر تصویر DIGIC 5 بهره می‌برد.,1,data/extra/(Canon IXUS 240 HS (PowerShot ELPH 320 HS_Hosseini.xml,این دوربین از سنسور تصویر 16 مگا پیکسلی BSI-CMOS و پردازشگر تصویر DIGIC 5 بهره می‌برد.
3288,-,این در حالیست که 510 HS مجهز به سنسور 10 مگا پیکسلی بود.,0,data/extra/(Canon IXUS 240 HS (PowerShot ELPH 320 HS_Hosseini.xml,این در حالیست که 510 HS مجهز به سنسور 10 مگا پیکسلی بود.
3289,-,سنسور BSI-CMOS در شرایط نوری ضعیف عملکرد خیلی بهتری را نسبت به سنسورهای CMOS معمولی ارائه می‌دهد.,2,data/extra/(Canon IXUS 240 HS (PowerShot ELPH 320 HS_Hosseini.xml,سنسور BSI-CMOS در شرایط نوری ضعیف عملکرد خیلی بهتری را نسبت به سنسورهای CMOS معمولی ارائه می‌دهد.
3290,-,بعلاوه به کمک پردازشگر تصویر DIGIC 5 باز هم کیفیت عکس‌های گرفته شده افزایش می‌یابد.,1,data/extra/(Canon IXUS 240 HS (PowerShot ELPH 320 HS_Hosseini.xml,بعلاوه به کمک پردازشگر تصویر DIGIC 5 باز هم کیفیت عکس‌های گرفته شده افزایش می‌یابد.
3291,-,اما برخلاف لنز Ixus 510 HS که توانایی زوم 12 برابر را داشت، لنز 24-120 میلی متر Ixus 240 HS توانایی زوم 5 برابر را دارد.,-1,data/extra/(Canon IXUS 240 HS (PowerShot ELPH 320 HS_Hosseini.xml,اما برخلاف لنز Ixus 510 HS که توانایی زوم 12 برابر را داشت،  لنز 24-120 میلی متر Ixus 240 HS توانایی زوم 5 برابر را دارد.
3292,-,این در حالیست که لنز این دوربین حالت واید خیلی بهتری را ارایه می‌دهد و در یک کادر می‌توانید میدان دید خیلی بزرگ‌تری را در یک عکس ثبت کنید.,2,data/extra/(Canon IXUS 240 HS (PowerShot ELPH 320 HS_Hosseini.xml,این در حالیست که لنز این دوربین حالت واید خیلی بهتری را ارایه می‌دهد و در یک کادر می‌توانید میدان دید خیلی بزرگ‌تری را در یک عکس ثبت کنید.
3293,-,همچنین کمینه‌ی نسبت کانونی آن نیز f/2.7-5.9 می‌باشد که دست کم در حالت واید لنز بسیار سریعی می‌باشد تا در شرایط نوری ضعیف بتوانید با سرعت‌های شاتر بالاتری عکاسی کنید.,1,data/extra/(Canon IXUS 240 HS (PowerShot ELPH 320 HS_Hosseini.xml,همچنین کمینه‌ی نسبت کانونی آن نیز f/2.7-5.9 می‌باشد که دست کم در حالت واید لنز بسیار سریعی می‌باشد تا در شرایط نوری ضعیف بتوانید با سرعت‌های شاتر بالاتری عکاسی کنید.
3294,-,کمینه‌ی فاصله‌ی فوکوس آن نیز در مود ماکرو 3 سانتی متر می‌باشد.,0,data/extra/(Canon IXUS 240 HS (PowerShot ELPH 320 HS_Hosseini.xml,کمینه‌ی فاصله‌ی فوکوس آن نیز در مود ماکرو 3 سانتی متر می‌باشد.
3295,-,با اینکه Ixus 240 HS لنز کوچک‌تری نسبت به 510 HS دارد ولی ضخامت آن کمی بیشتر است.,0,data/extra/(Canon IXUS 240 HS (PowerShot ELPH 320 HS_Hosseini.xml,با اینکه Ixus 240 HS لنز کوچک‌تری نسبت به 510 HS دارد ولی ضخامت آن کمی بیشتر است.
3296,-,همانند دیگر دوربین‌های هم رده، Ixus 240 HS هم دوربینی نشانه و عکس می‌باشد که اصولا در حالت اتوماتیک کار می‌کند.,0,data/extra/(Canon IXUS 240 HS (PowerShot ELPH 320 HS_Hosseini.xml,همانند دیگر دوربین‌های هم رده،  Ixus 240 HS هم دوربینی نشانه و عکس می‌باشد که اصولا در حالت اتوماتیک کار می‌کند.
3297,-,بدین صورت که کافی است دوربین را بر روی مود عکاسی Smart Auto قرار دهید و دکمه‌ی شاتر را بفشارید تا دوربین به طور خودکار بهترین و با کیفیت‌ترین عکس را تهیه کند.,2,data/extra/(Canon IXUS 240 HS (PowerShot ELPH 320 HS_Hosseini.xml,بدین صورت که کافی است دوربین را بر روی مود عکاسی Smart Auto قرار دهید و دکمه‌ی شاتر را بفشارید تا دوربین به طور خودکار بهترین و با کیفیت‌ترین عکس را تهیه کند.
3298,-,مود خلاقانه تر Program هم وجود دارد.,1,data/extra/(Canon IXUS 240 HS (PowerShot ELPH 320 HS_Hosseini.xml,مود خلاقانه تر Program هم وجود دارد.
3299,-,علاوه بر این‌ها مودهای صحنه‌ی خیلی مختلف و متنوعی هم وجود دارند که می‌توانید از بین آن‌ها انتخاب کنید.,2,data/extra/(Canon IXUS 240 HS (PowerShot ELPH 320 HS_Hosseini.xml,علاوه بر این‌ها مودهای صحنه‌ی خیلی مختلف و متنوعی هم وجود دارند که می‌توانید از بین آن‌ها انتخاب کنید.
3300,-,درست همانند 510 HS این دوربین هم توانایی ضبط ویدیویی 1920X1080p Full HD با سرعت 24 فریم بر ثانیه با صدای استریو و فرمت AVI H.,0,data/extra/(Canon IXUS 240 HS (PowerShot ELPH 320 HS_Hosseini.xml,درست همانند 510 HS این دوربین هم توانایی ضبط ویدیویی 1920X1080p Full HD با سرعت 24 فریم بر ثانیه با صدای استریو و فرمت AVI H.
3302,-,با استفاده از پورت و کابل HDMI نیز می‌توانید دوربین را به تلویزیون‌های دیجیتال وصل کنید تا با کیفیت خیلی بالا تصاویر را شاهد باشید.,2,data/extra/(Canon IXUS 240 HS (PowerShot ELPH 320 HS_Hosseini.xml,با استفاده از پورت و کابل HDMI نیز می‌توانید دوربین را به تلویزیون‌های دیجیتال وصل کنید تا با کیفیت خیلی بالا تصاویر را شاهد باشید.
3303,-,انرژی این دوربین از طریق باتری قابل شارژ NB-11L تامین می‌شود که در هر بار شارژ کامل توانایی پشتیبانی تا 170 عکس را دارد.,0,data/extra/(Canon IXUS 240 HS (PowerShot ELPH 320 HS_Hosseini.xml,انرژی این دوربین از طریق باتری قابل شارژ NB-11L تامین می‌شود که در هر بار شارژ کامل توانایی پشتیبانی تا 170 عکس را دارد.
3304,-,"Ixus 240 HS مجهز به نمایشگر بزرگ و عریض 3.2 اینچی لمسی 460,000 پیکسلی می‌باشد.",1,data/extra/(Canon IXUS 240 HS (PowerShot ELPH 320 HS_Hosseini.xml,"Ixus 240 HS مجهز به نمایشگر بزرگ و عریض 3.2 اینچی لمسی 460,000 پیکسلی می‌باشد."
3305,-,کیفیت نمایشگر خیلی خوب است و به دلیل لمسی بودن، باعث شده که بیشتر دکمه‌های فیزیکی از روی بدنه‌ی دوربین حذف شوند.,2,data/extra/(Canon IXUS 240 HS (PowerShot ELPH 320 HS_Hosseini.xml,کیفیت نمایشگر خیلی خوب است و به دلیل لمسی بودن،  باعث شده که بیشتر دکمه‌های فیزیکی از روی بدنه‌ی دوربین حذف شوند.
3306,-,بنابراین کنترل دوربین را باید از طریق لمس نمایشگر انجام دهید.,0,data/extra/(Canon IXUS 240 HS (PowerShot ELPH 320 HS_Hosseini.xml,بنابراین کنترل دوربین را باید از طریق لمس نمایشگر انجام دهید.
3307,-,اما ویژگی خاص دیگر این دوربین، دارا بودن رادیو Wi-Fi داخلی است.,1,data/extra/(Canon IXUS 240 HS (PowerShot ELPH 320 HS_Hosseini.xml,اما ویژگی خاص دیگر این دوربین،  دارا بودن رادیو Wi-Fi داخلی است.
3308,-,با استفاده از Wi-Fi می‌توانید به راحتی عکس‌ها و فیلم‌هایی که گرفته‌اید را به لپ تاپ، گوشی، تبلت و یا حتی دوربین دیگری که این قابلیت را دارد به صورت بی‌سیم منتقل کنید.,1,data/extra/(Canon IXUS 240 HS (PowerShot ELPH 320 HS_Hosseini.xml,با استفاده از Wi-Fi می‌توانید به راحتی عکس‌ها و فیلم‌هایی که گرفته‌اید را به لپ تاپ،  گوشی،  تبلت و یا حتی دوربین دیگری که این قابلیت را دارد به صورت بی‌سیم منتقل کنید.
3309,-,در کل همان‌طور که گفتیم، Ixus 240 HS هم دوربین دیگری از سری کوچک و استایلیش کانن است که همانند برادران خود برای کاربرانی که به دوربین‌های کوچک و با کیفیت برای عکاسی‌های روزانه احتیاج دارند ساخته شده است.,1,data/extra/(Canon IXUS 240 HS (PowerShot ELPH 320 HS_Hosseini.xml,در کل همان‌طور که گفتیم،  Ixus 240 HS هم دوربین دیگری از سری کوچک و استایلیش کانن است که همانند برادران خود برای کاربرانی که به دوربین‌های کوچک و با کیفیت برای عکاسی‌های روزانه احتیاج دارند ساخته شده است.
3310,-,این دوربین هم ویژگی‌های خوب و شاخص خود را ارائه می‌دهد که می‌تواند به نوعی آن را از دیگر دوربین‌های هم رده متمایز سازد.,1,data/extra/(Canon IXUS 240 HS (PowerShot ELPH 320 HS_Hosseini.xml,این دوربین هم ویژگی‌های خوب و شاخص خود را ارائه می‌دهد که می‌تواند به نوعی آن را از دیگر دوربین‌های هم رده متمایز سازد.
3311,-,در آینده و با به بازار آمدن این دوربین سعی می‌کنیم آپدیت‌هایی را بر روی این نقد و بررسی اعمال کنیم.,0,data/extra/(Canon IXUS 240 HS (PowerShot ELPH 320 HS_Hosseini.xml,در آینده و با به بازار آمدن این دوربین سعی می‌کنیم آپدیت‌هایی را بر روی این نقد و بررسی اعمال کنیم.
3312,-,به روز رسانی: کیفیت عکس‌های گرفته شده توسط Ixus 240 HS در سطح خوبی قرار دارد.,1,data/extra/(Canon IXUS 240 HS (PowerShot ELPH 320 HS_Hosseini.xml,به روز رسانی: کیفیت عکس‌های گرفته شده توسط Ixus 240 HS در سطح خوبی قرار دارد.
3313,-,در تست‌هایی که انجام دادیم این دوربین توانایی تولید عکس‌هایی بدون نویز در ایزوهای 100، 200 و 400 را داشت و فقط مقداری نویز و کاسته شدن از غلظت رنگ‌ها و مقدار جزئیات از ایزو 800 مشاهده می‌شود.,0,data/extra/(Canon IXUS 240 HS (PowerShot ELPH 320 HS_Hosseini.xml,در تست‌هایی که انجام دادیم این دوربین توانایی تولید عکس‌هایی بدون نویز در ایزوهای 100،  200 و 400 را داشت و فقط مقداری نویز و کاسته شدن از غلظت رنگ‌ها و مقدار جزئیات از ایزو 800 مشاهده می‌شود.
3314,-,ایزو 1600 مقدار بیشتری نویز و کاسته شدن از غلظت رنگ‌ها را نشان می‌دهد ولی عکس‌ها همچنان کاملا قابل استفاده هستند.,1,data/extra/(Canon IXUS 240 HS (PowerShot ELPH 320 HS_Hosseini.xml,ایزو 1600 مقدار بیشتری نویز و کاسته شدن از غلظت رنگ‌ها را نشان می‌دهد ولی عکس‌ها همچنان کاملا قابل استفاده هستند.
3315,-,حتی عکس‌ها در ایزو 3200 هم خیلی اوضاع بدی ندارند.,1,data/extra/(Canon IXUS 240 HS (PowerShot ELPH 320 HS_Hosseini.xml,حتی عکس‌ها در ایزو 3200 هم خیلی اوضاع بدی ندارند.
3317,-,فقط مقداری خطای رنگی بنفش در مناطق پر کنتراست و گوشه‌های تصویر مشاهده می‌شود.,-1,data/extra/(Canon IXUS 240 HS (PowerShot ELPH 320 HS_Hosseini.xml,فقط مقداری خطای رنگی بنفش در مناطق پر کنتراست و گوشه‌های تصویر مشاهده می‌شود.
3318,-,فلاش در محیط‌های داخلی عملکرد خوبی دارد و می‌تواند روشنایی کافی را بدون ایجاد اثر سرخی چشم ایجاد نماید.,1,data/extra/(Canon IXUS 240 HS (PowerShot ELPH 320 HS_Hosseini.xml,فلاش در محیط‌های داخلی عملکرد خوبی دارد و می‌تواند روشنایی کافی را بدون ایجاد اثر سرخی چشم ایجاد نماید.
3319,-,با توجه به کمینه‌ی سرعت شاتر 15 ثانیه‌ای نیز این دوربین کاملا مناسب عکاسی در شب می‌باشد.,1,data/extra/(Canon IXUS 240 HS (PowerShot ELPH 320 HS_Hosseini.xml,با توجه به کمینه‌ی سرعت شاتر 15 ثانیه‌ای نیز این دوربین کاملا مناسب عکاسی در شب می‌باشد.
3320,-,سیستم لرزش گیر دست چه در هنگام استفاده از زوم زیاد و چه استفاده از سرعت‌های شاتر پایین عملکردی خیلی عالی دارد.,2,data/extra/(Canon IXUS 240 HS (PowerShot ELPH 320 HS_Hosseini.xml,سیستم لرزش گیر دست چه در هنگام استفاده از زوم زیاد و چه استفاده از سرعت‌های شاتر پایین عملکردی خیلی عالی دارد.
3321,-,فوکوس ماکرو نیز بسیار عالیست چرا که در این مود اجازه‌ی فوکوس و عکاسی از سوژه‌هایی به نزدیکی 3 سانتی متر را به شما می‌دهد.,2,data/extra/(Canon IXUS 240 HS (PowerShot ELPH 320 HS_Hosseini.xml,فوکوس ماکرو نیز بسیار عالیست چرا که در این مود اجازه‌ی فوکوس و عکاسی از سوژه‌هایی به نزدیکی 3 سانتی متر را به شما می‌دهد.
3322,-,از رقبای اصلی این دوربین می‌توان به Canon Ixus 125 HS، Fujifilm Finepix Z900 EXR، Nikon Coolpix S6200، Samsung DV300F، Samsung MV800 و Sony Cybershot DSC-W570 اشاره کرد.,0,data/extra/(Canon IXUS 240 HS (PowerShot ELPH 320 HS_Hosseini.xml,از رقبای اصلی این دوربین می‌توان به Canon Ixus 125 HS،  Fujifilm Finepix Z900 EXR،  Nikon Coolpix S6200،  Samsung DV300F،  Samsung MV800 و Sony Cybershot DSC-W570 اشاره کرد.
3323,-,من تازه گرفتم لب تاب خوبی نسبت به قیمتش,1,data/extra/Asus X43SD_Hosseini.xml,من تازه گرفتم لب تاب خوبي نسبت به قيمتش
3324,-,خیلی لپ تاپ خوبیه بهتون پیشنهاد می کنم که بخرید من ازش دارم و راضی هستم,2,data/extra/Asus X43SD_Hosseini.xml,خيلي لپ تاپ خوبيه بهتون پيشنهاد مي کنم که بخريد من ازش دارم و راضي هستم
3325,-,من همه چیزش و چک کردم خیلی خوبه گرافیکشم خوبه بازی ها رو راحت و روان میاره,2,data/extra/Asus X43SD_Hosseini.xml,من همه چيزش و چک کردم خيلي خوبه گرافيکشم خوبه بازي ها رو راحت و روان مياره
3326,-,من که دارم همه چیزش عالیه فقط باتریش خیلی قوی نیست معمولیه,1,data/extra/Asus X43SD_Hosseini.xml,من که دارم همه چيزش عاليه فقط باتريش خيلي قوي نيست معموليه
3327,-,من که از همین جا خریدم منتظرم به دستم برسه,0,data/extra/Asus X43SD_Hosseini.xml,من که از همين جا خريدم منتظرم به دستم برسه
3328,-,سلام خیلی خوبه بخرین.,2,data/extra/Asus X43SD_Hosseini.xml,سلام خيلي خوبه بخرين.
3329,-,کاش صفحه کلیدش کامل بود اونوقت دیگه هیچی کم نداشت,-1,data/extra/Asus X43SD_Hosseini.xml,کاش صفحه کليدش کامل بود اونوقت ديگه هيچي کم نداشت
3330,-,• طراحی و ساخت همان‌طور که گفتیم، ASUS X کیفیت ساختی بسیار بالا دارد.,2,data/extra/Asus X43SD_Hosseini.xml,• طراحی و ساخت همان‌طور که گفتیم،  ASUS X کیفیت ساختی بسیار بالا دارد.
3331,-,تمام قسمت پشتی درب و قسمت درونی از پلاستیک ساخته شده ولی قسمت استراحت مچ از فلز آلومینیوم ساخته شده است تا با اینکه لپ‌تاپی در سطح کاربری عام و رده‌ی کاربری عام است، کیفیتی بالاتر از رقبای هم سطح خود را ارائه دهد.,1,data/extra/Asus X43SD_Hosseini.xml,تمام قسمت پشتی درب و قسمت درونی از پلاستیک ساخته شده ولی قسمت استراحت مچ از فلز آلومینیوم ساخته شده است تا با اینکه لپ‌تاپی در سطح کاربری عام و رده‌ی کاربری عام است،  کیفیتی بالاتر از رقبای هم سطح خود را ارائه دهد.
3332,-,به هر صورت نمی‌توانیم خوشحالی خود را از این موضوع پنهان کنیم.,1,data/extra/Asus X43SD_Hosseini.xml,به هر صورت نمی‌توانیم خوشحالی خود را از این موضوع پنهان کنیم.
3333,-,به خصوص اینکه در قسمت استراحت مچ و پشت درب، طراحی الگو داری نیز دارد تا با سطحی کاملا صیقلی مواجه نباشیم.,0,data/extra/Asus X43SD_Hosseini.xml,به خصوص اینکه در قسمت استراحت مچ و پشت درب،  طراحی الگو داری نیز دارد تا با سطحی کاملا صیقلی مواجه نباشیم.
3334,-,"سری X از یک فن آوری به نام IceCool یا ""سرد یخی"" بهره می‌برد که کمپانی ایسوس تبلیغات زیادی را نیز بر روی آن انجام داده است.",0,data/extra/Asus X43SD_Hosseini.xml,"سری X از یک فن آوری به نام IceCool یا ""سرد یخی"" بهره می‌برد که کمپانی ایسوس تبلیغات زیادی را نیز بر روی آن انجام داده است."
3335,-,بدین ترتیب که هیچ گاه و حتی در زمان استفاده زیاد و استرس شدید بر روی لپ‌تاپ، دمای قسمت استراحت مچ و صفحه کلید بالا نمی‌رود و همواره کاملا خنک است.,1,data/extra/Asus X43SD_Hosseini.xml,بدین ترتیب که هیچ گاه و حتی در زمان استفاده زیاد و استرس شدید بر روی لپ‌تاپ،  دمای قسمت استراحت مچ و صفحه کلید بالا نمی‌رود و همواره کاملا خنک است.
3336,-,در حقیقت ASUS یک طراحی نوین را در این جا به کار برده که از MotherBoard دو قسمتی استفاده می‌کند و به کمک لوله‌ها و پنجره‌های تهویه گرمای تولید شده را خیلی سریع دفع می‌نماید.,1,data/extra/Asus X43SD_Hosseini.xml,در حقیقت ASUS یک طراحی نوین را در این جا به کار برده که از MotherBoard دو قسمتی استفاده می‌کند و به کمک لوله‌ها و پنجره‌های تهویه گرمای تولید شده را خیلی سریع دفع می‌نماید.
3337,-,دمای صفحه کلید و قسمت استراحت مچ همواره پایین‌تر از قسمت‌های دیگر بدنه است.,1,data/extra/Asus X43SD_Hosseini.xml,دمای صفحه کلید و قسمت استراحت مچ همواره پایین‌تر از قسمت‌های دیگر بدنه است.
3338,-,• ورودی‌ها و خروجی‌ها خوشبختانه از نظر پورت‌ها و اتصالات، شاهد یک پورت بسیار دوست داشتنی بر روی سری X هستیم و آن پورت USB 3.0 است.,2,data/extra/Asus X43SD_Hosseini.xml,• ورودی‌ها و خروجی‌ها خوشبختانه از نظر پورت‌ها و اتصالات،  شاهد یک پورت بسیار دوست داشتنی بر روی سری X هستیم و آن پورت USB 3.0 است.
3339,-,البته این پورت بر روی تمام مدل‌ها وجود ندارد و بعضی از مدل‌های ارزان‌تر مانند X44LY یا X53E، فاقد این پورت می‌باشند.,-1,data/extra/Asus X43SD_Hosseini.xml,البته این پورت بر روی تمام مدل‌ها وجود ندارد و بعضی از مدل‌های ارزان‌تر مانند X44LY یا X53E،  فاقد این پورت می‌باشند.
3340,-,اما تمام مدل‌ها دارای ورودی و خروجی صوتی، خروجی تصویری VGA و یک پورت شبکه LAN می‌باشند.,0,data/extra/Asus X43SD_Hosseini.xml,اما تمام مدل‌ها دارای ورودی و خروجی صوتی،  خروجی تصویری VGA و یک پورت شبکه LAN می‌باشند.
3341,-,مدل‌های گران‌تر به خروجی تصویری HDMI نیز مجهز هستند که به کمک آن می‌توانید نوت‌بوک خود را به HDTV متصل کنید.,1,data/extra/Asus X43SD_Hosseini.xml,مدل‌های گران‌تر به خروجی تصویری HDMI نیز مجهز هستند که به کمک آن می‌توانید نوت‌بوک خود را به HDTV متصل کنید.
3342,-,• صفحه نمایش و بلندگوها نوت‌بوک‌های ASUS X، در هر سایزی که باشند، نوت‌بوک هایی مناسب برای انجام وظیفه به عنوان یک مرکز مالتی مدیا هستند.,1,data/extra/Asus X43SD_Hosseini.xml,• صفحه نمایش و بلندگوها نوت‌بوک‌های ASUS X،  در هر سایزی که باشند،  نوت‌بوک هایی مناسب برای انجام وظیفه به عنوان یک مرکز مالتی مدیا هستند.
3343,-,به خصوص اینکه؛ از نمایشگرهای LED با کیفیت بسیار بالا بهره می‌برند.,2,data/extra/Asus X43SD_Hosseini.xml,به خصوص اینکه؛ از نمایشگرهای LED با کیفیت بسیار بالا بهره می‌برند.
3344,-,تمام مدل‌های 14.0 و 15.6 اینچی مجهز به نمایشگرهای با رزولوشن 1366x768 پیکسل می‌باشند.,0,data/extra/Asus X43SD_Hosseini.xml,تمام مدل‌های 14.0 و 15.6 اینچی مجهز به نمایشگرهای با رزولوشن 1366x768 پیکسل می‌باشند.
3345,-,در کل کیفیت نمایشگرها نسبت به رده‌ای که نوت‌بوک‌ها در آن قرار دارند بسیار عالیست.,2,data/extra/Asus X43SD_Hosseini.xml,در کل کیفیت نمایشگرها نسبت به رده‌ای که نوت‌بوک‌ها در آن قرار دارند بسیار عالیست.
3346,-,رنگ‌های تولید شده بسیار زنده و طبیعی بوده و روشنایی صفحه نمایش بسیار خوب است.,2,data/extra/Asus X43SD_Hosseini.xml,رنگ‌های تولید شده بسیار زنده و طبیعی بوده و روشنایی صفحه نمایش بسیار خوب است.
3347,-,شاید تنها نقطه ضعف صفحه نمایش را بتوان زاویه‌ی دید عمودی محدود آن دانست به طوری که اگر کمی از بالا یا پایین به صفحه نگاه کنید، افت چشمگیری در کیفیت تصویر مشاهده خواهید کرد.,-2,data/extra/Asus X43SD_Hosseini.xml,شاید تنها نقطه ضعف صفحه نمایش را بتوان زاویه‌ی دید عمودی محدود آن دانست به طوری که اگر کمی از بالا یا پایین به صفحه نگاه کنید،  افت چشمگیری در کیفیت تصویر مشاهده خواهید کرد.
3348,-,تمام نوت‌بوک‌های سری X مجهز به بلندگوهای قدرتمند ساخت کمپانی Altec Lansing می‌باشند تا صدایی قدرتمند را تولید کنند.,2,data/extra/Asus X43SD_Hosseini.xml,تمام نوت‌بوک‌های سری X مجهز به بلندگوهای قدرتمند ساخت کمپانی Altec Lansing می‌باشند تا صدایی قدرتمند را تولید کنند.
3349,-,• کیبورد و تاچ پد صفحه کلید هرچند که از نوع مدرن‌تر جزیره ای با کلیدهای جدا از هم جزیره‌ای نیست، ولی عملکرد بسیار خوبی دارد.,2,data/extra/Asus X43SD_Hosseini.xml,• کیبورد و تاچ پد صفحه کلید هرچند که از نوع مدرن‌تر جزیره ای با کلیدهای جدا از هم جزیره‌ای نیست،  ولی عملکرد بسیار خوبی دارد.
3350,-,با این حال صفحه کلید ASUS X نیز کاملا دوست داشتنی است.,2,data/extra/Asus X43SD_Hosseini.xml,با این حال صفحه کلید ASUS X نیز کاملا دوست داشتنی است.
3351,-,شاسی آن در هیچ جا تحت فشار خم نمی‌شود و خود کلیدها نیز آستانه و عمق عملکرد خوبی دارند.,1,data/extra/Asus X43SD_Hosseini.xml,شاسی آن در هیچ جا تحت فشار خم نمی‌شود و خود کلیدها نیز آستانه و عمق عملکرد خوبی دارند.
3352,-,تاچ پد نیز چندان بزرگ نیست، ولی حساس ساخته شده است.,1,data/extra/Asus X43SD_Hosseini.xml,تاچ پد نیز چندان بزرگ نیست،  ولی حساس ساخته شده است.
3353,-,این تاچ پد از نوع مالتی تاچ می‌باشد و عملکردی کاملا استاندارد و صحیح را از خود به نمایش می‌گذارد.,2,data/extra/Asus X43SD_Hosseini.xml,این تاچ پد از نوع مالتی تاچ می‌باشد و عملکردی کاملا استاندارد و صحیح را از خود به نمایش می‌گذارد.
3354,-,در این جا نیز شاهد یک فن آوری جدید به نام Palm Proof هستیم.,0,data/extra/Asus X43SD_Hosseini.xml,در این جا نیز شاهد یک فن آوری جدید به نام Palm Proof هستیم.
3355,-,بدین ترتیب که اگر در حال تایپ کردن در یک وسیله‌ی نقلیه باشید، ممکن است در اثر تکان‌ها، قسمت پایین کف دست شما مرتبا به تاچ پد برخورد کند و عمل کلیک انجام شود.,0,data/extra/Asus X43SD_Hosseini.xml,بدین ترتیب که اگر در حال تایپ کردن در یک وسیله‌ی نقلیه باشید،  ممکن است در اثر تکان‌ها،  قسمت پایین کف دست شما مرتبا به تاچ پد برخورد کند و عمل کلیک انجام شود.
3356,-,در بیشتر نوت‌بوک‌ها این مسئله با خاموش کردن موقتی تاچ پد حل می‌شود.,0,data/extra/Asus X43SD_Hosseini.xml,در بیشتر نوت‌بوک‌ها این مسئله با خاموش کردن موقتی تاچ پد حل می‌شود.
3357,-,اما ASUS راه حل جدیدی را اندیشیده است.,1,data/extra/Asus X43SD_Hosseini.xml,اما ASUS راه حل جدیدی را اندیشیده است.
3358,-,به طوری که با استفاده از فن آوری نوین Palm Proof، این تاچ پد توانایی تشخیص بین ضربات انگشت برای کلیک و ضربات انتهای کف دست را دارد تا به ضربات انتهای کف دست ترتیب اثر ندهد.,1,data/extra/Asus X43SD_Hosseini.xml,به طوری که با استفاده از فن آوری نوین Palm Proof،  این تاچ پد توانایی تشخیص بین ضربات انگشت برای کلیک و ضربات انتهای کف دست را دارد تا به ضربات انتهای کف دست ترتیب اثر ندهد.
3359,-,• سخت افزار داخلی همان‌طور که گفتیم این نوت‌بوک‌ها در کانفیگ های نسبتا متنوع و البته قدرتمندی ساخته شده است.,2,data/extra/Asus X43SD_Hosseini.xml,• سخت افزار داخلی همان‌طور که گفتیم این نوت‌بوک‌ها در کانفیگ های نسبتا متنوع و البته قدرتمندی ساخته شده است.
3360,-,اکثر کانفیگ ها از پردازنده های Core کمپانی اینتل یا پردازنده های چهار هسته ای سری A کمپانی AMD بهره می‌برند.,0,data/extra/Asus X43SD_Hosseini.xml,اکثر کانفیگ ها از پردازنده های Core کمپانی اینتل یا پردازنده های چهار هسته ای سری A کمپانی AMD بهره می‌برند.
3361,-,پردازنده‌ی Core i7 که قدرتمندترین آن‌هاست، پردازنده ای ذاتا چهار هسته ای با توان تولید چهار هسته‌ی مجازی و کارکرد با مجموع هشت هسته است (تکنولوژی Hyper-Threading) که عملکردی کم نظیر را ارایه می‌دهد.,2,data/extra/Asus X43SD_Hosseini.xml,پردازنده‌ی Core i7 که قدرتمندترین آن‌هاست،  پردازنده ای ذاتا چهار هسته ای با توان تولید چهار هسته‌ی مجازی و کارکرد با مجموع هشت هسته است (تکنولوژی Hyper-Threading) که عملکردی کم نظیر را ارایه می‌دهد.
3362,-,پردازنده های Core i5 و Core i3 نیز ذاتا دو هسته ای با توان ساختن دو هسته‌ی مجازی دیگر هستند.,0,data/extra/Asus X43SD_Hosseini.xml,پردازنده های Core i5 و Core i3 نیز ذاتا دو هسته ای با توان ساختن دو هسته‌ی مجازی دیگر هستند.
3363,-,همچنین در کانفیگ هایی از مدل‌های چهار هسته ای سری A پردازنده های AMD نیز استفاده شده.,0,data/extra/Asus X43SD_Hosseini.xml,همچنین در کانفیگ هایی از مدل‌های چهار هسته ای سری A پردازنده های AMD نیز استفاده شده.
3364,-,مزیت این نوع پردازنده‌ها بیشتر در ارایه ی قابلیت‌های فوق‌العاده در مالتی تسکینگ یا انجام چند وظیفه به صورت همزمان است که بر عملکرد عمومی و سرعت پردازش تاثیر بسزایی دارد.,2,data/extra/Asus X43SD_Hosseini.xml,مزیت این نوع پردازنده‌ها بیشتر در ارایه ی قابلیت‌های فوق‌العاده در مالتی تسکینگ یا انجام چند وظیفه به صورت همزمان است که بر عملکرد عمومی و سرعت پردازش تاثیر بسزایی دارد.
3365,-,اما مدل‌های ارزان‌تری نیز با پردازنده های دو هسته ای ضعیف‌تر و کم مصرف‌تر Intel Pentium و Intel Celeron وجود دارند.,0,data/extra/Asus X43SD_Hosseini.xml,اما مدل‌های ارزان‌تری نیز با پردازنده های دو هسته ای ضعیف‌تر و کم مصرف‌تر Intel Pentium و Intel Celeron وجود دارند.
3366,-,این پردازنده‌ها بسیار ضعیف‌تر از پردازنده های Intel Core هستند ولی در عوض مدل‌های مبتنی بر این پردازنده‌ها، بسیار ارزان‌تر بوده و مصرف انرژی کمتری نیز دارند.,1,data/extra/Asus X43SD_Hosseini.xml,این پردازنده‌ها بسیار ضعیف‌تر از پردازنده های Intel Core هستند ولی در عوض مدل‌های مبتنی بر این پردازنده‌ها،  بسیار ارزان‌تر بوده و مصرف انرژی کمتری نیز دارند.
3367,-,علاوه بر پردازنده، ASUS X در کانفیگ هایی با گرافیک‌های کاملا On-Board تا با کارت گرافیکی مستقل نیز موجود می‌باشد.,0,data/extra/Asus X43SD_Hosseini.xml,علاوه بر پردازنده،  ASUS X در کانفیگ هایی با گرافیک‌های کاملا On-Board تا با کارت گرافیکی مستقل نیز موجود می‌باشد.
3368,-,بر روی این نوت‌بوک‌ها می‌توانید کارت‌های گرافیکی AMD Radeon سری 5000، 6000 و 7000 و یا NVIDIA GeForce سری GT 500M و GT 600M را بیابید.,0,data/extra/Asus X43SD_Hosseini.xml,بر روی این نوت‌بوک‌ها می‌توانید کارت‌های گرافیکی AMD Radeon سری 5000،  6000 و 7000 و یا NVIDIA GeForce سری GT 500M و GT 600M را بیابید.
3369,-,اگر به دنبال انجام کارهای گرافیکی سنگین و یا انجام بازی‌های رایانه‌ای هستید، کانفیگ‌های با گرافیک مستقل انتخاب‌های خوبی هستند.,1,data/extra/Asus X43SD_Hosseini.xml,اگر به دنبال انجام کارهای گرافیکی سنگین و یا انجام بازی‌های رایانه‌ای هستید،  کانفیگ‌های با گرافیک مستقل انتخاب‌های خوبی هستند.
3370,-,از نظر حافظه‌ی RAM و هارد دیسک نیز، ASUS X در تنوع خیلی خوبی موجود می‌باشد.,2,data/extra/Asus X43SD_Hosseini.xml,از نظر حافظه‌ی RAM و هارد دیسک نیز،  ASUS X در تنوع خیلی خوبی موجود می‌باشد.
3371,-,شما می‌توانید از مدل‌هایی بین حافظه‌ی رم 2 تا 8 گیگابایت انتخاب کنید.,0,data/extra/Asus X43SD_Hosseini.xml,شما می‌توانید از مدل‌هایی بین حافظه‌ی رم 2 تا 8 گیگابایت انتخاب کنید.
3372,-,حافظه‌ی رم بیشتر به خصوص در باز کردن چند برنامه به صورت همزمان، و مثلا کار کردن با چند برنامه‌ی گرافیکی کاملا به کار می‌آید.,0,data/extra/Asus X43SD_Hosseini.xml,حافظه‌ی رم بیشتر به خصوص در باز کردن چند برنامه به صورت همزمان،  و مثلا کار کردن با چند برنامه‌ی گرافیکی کاملا به کار می‌آید.
3373,-,وب کم این نوت‌بوک‌ها رزولوشن VGA را ارایه می‌دهد که رزولوشن چندان بالایی نیست ولی به هر صورت برای مکالمه‌های ویدیویی مناسب است.,1,data/extra/Asus X43SD_Hosseini.xml,وب کم این نوت‌بوک‌ها رزولوشن VGA را ارایه می‌دهد که رزولوشن چندان بالایی نیست ولی به هر صورت برای مکالمه‌های ویدیویی مناسب است.
3374,-,ASUS همراه سری X یک باتری شش سلولی ارائه کرده است.,0,data/extra/Asus X43SD_Hosseini.xml,ASUS همراه سری X یک باتری شش سلولی ارائه کرده است.
3375,-,عملکرد این باتری در مدل‌های مختلف بسته به سایز صفحه نمایش و نوع سخت افزار داخلی، متفاوت است اما در کل از شارژدهی باتری راضی بودیم.,1,data/extra/Asus X43SD_Hosseini.xml,عملکرد این باتری در مدل‌های مختلف بسته به سایز صفحه نمایش و نوع سخت افزار داخلی،  متفاوت است اما در کل از شارژدهی باتری راضی بودیم.
3376,-,برای مثال مدل X53SV که دارای صفحه نمایش 15.6 اینچی بوده و از پردازنده‌ی دو هسته ای Intel Core i5 و کارت گرافیک NVIDIA GeForce GT 540M بهره می‌برد، در تست مرورگری اینترنت از طریق Wi-Fi با روشنایی متوسط صفحه نمایش، توانست بیش از 4 ساعت و 15 دقیقه شارژدهی کند که میزان نسبتا خوبیست.,1,data/extra/Asus X43SD_Hosseini.xml,برای مثال مدل X53SV که دارای صفحه نمایش 15.6 اینچی بوده و از پردازنده‌ی دو هسته ای Intel Core i5 و کارت گرافیک NVIDIA GeForce GT 540M بهره می‌برد،  در تست مرورگری اینترنت از طریق Wi-Fi با روشنایی متوسط صفحه نمایش،  توانست بیش از 4 ساعت و 15 دقیقه شارژدهی کند که میزان نسبتا خوبیست.
3377,-,همین مدل، در تست تماشای ویدئو توانست نزدیک به سه ساعت و نیم شارژدهی کند که کاملا رضایت بخش است.,2,data/extra/Asus X43SD_Hosseini.xml,همین مدل،  در تست تماشای ویدئو توانست نزدیک به سه ساعت و نیم شارژدهی کند که کاملا رضایت بخش است.
3378,-,• جمع بندی به هر صورت همان‌طور که گفتیم، ASUS X سری نوت‌بوکی در رده‌ی کاربری عام، با مشتری‌های متنوع با نیازهای متفاوت و قیمت مناسب است.,1,data/extra/Asus X43SD_Hosseini.xml,• جمع بندی به هر صورت همان‌طور که گفتیم،  ASUS X سری نوت‌بوکی در رده‌ی کاربری عام،  با مشتری‌های متنوع با نیازهای متفاوت و قیمت مناسب است.
3379,-,اگر طراحی و کیفیت بسیار عالی ASUS را می‌پسندید و در ضمن قصد دارید تا نوت‌بوکی با سخت افزارهای مورد نیاز و سایز مناسب خود را داشته باشید، ASUS X انتخاب خوبیست.,2,data/extra/Asus X43SD_Hosseini.xml,اگر طراحی و کیفیت بسیار عالی ASUS را می‌پسندید و در ضمن قصد دارید تا نوت‌بوکی با سخت افزارهای مورد نیاز و سایز مناسب خود را داشته باشید،  ASUS X انتخاب خوبیست.
3380,-,طراحی و ساخت HTC در طراحی مدل جدید خود، تا حدودی تحول ایجاد نموده.,1,data/extra/HTC Windows Phone 8X_Hosseini.xml,طراحی و ساخت HTC در طراحی مدل جدید خود،  تا حدودی تحول ایجاد نموده.
3381,-,البته تحول در طراحی‌های خود.,0,data/extra/HTC Windows Phone 8X_Hosseini.xml,البته تحول در طراحی‌های خود.
3382,-,چرا که این مدل شباهت بسیاری با گوشی‌های خانواده لومیای نوکیا دارد که البته در بین گوشی‌های HTC طرحی متفاوت با مدل‌های قبلی محسوب می‌گردد.,0,data/extra/HTC Windows Phone 8X_Hosseini.xml,چرا که این مدل شباهت بسیاری با گوشی‌های خانواده لومیای نوکیا دارد که البته در بین گوشی‌های HTC طرحی متفاوت با مدل‌های قبلی محسوب می‌گردد.
3383,-,هماهنگی رنگ‌های به کار رفته در بدنه این گوشی با رنگ محیط کاربری ویندوز آن، زیبایی آن را چندین برابر نموده است.,1,data/extra/HTC Windows Phone 8X_Hosseini.xml,هماهنگی رنگ‌های به کار رفته در بدنه این گوشی با رنگ محیط کاربری ویندوز آن،  زیبایی آن را چندین برابر نموده است.
3384,-,بدنه این گوشی در چهار رنگ آبی، قرمز، زرد و البته مشکی طراحی و ساخته شده که انتخاب رنگ‌ها نیز به بهترین و جذاب‌ترین شکل صورت پذیرفته است.,2,data/extra/HTC Windows Phone 8X_Hosseini.xml,بدنه این گوشی در چهار رنگ آبی،  قرمز،  زرد و البته مشکی طراحی و ساخته شده که انتخاب رنگ‌ها نیز به بهترین و جذاب‌ترین شکل صورت پذیرفته است.
3385,-,بدنه این گوشی نیز همانند گوشی‌های سری One این کمپانی، از پلی کربنات ساخته شده است.,0,data/extra/HTC Windows Phone 8X_Hosseini.xml,بدنه این گوشی نیز همانند گوشی‌های سری One این کمپانی،  از پلی کربنات ساخته شده است.
3386,-,به هر حال کمپانی HTC همواره بر روی جنس بدنه گوشی‌های خود وسواس زیادی به خرج می‌داده که در مورد این گوشی نیز همان رویه را ادامه داده است.,0,data/extra/HTC Windows Phone 8X_Hosseini.xml,به هر حال کمپانی HTC همواره بر روی جنس بدنه گوشی‌های خود وسواس زیادی به خرج می‌داده که در مورد این گوشی نیز همان رویه را ادامه داده است.
3387,-,قطر 10 میلی متری آن در برابر 7.6 میلی متر آیفون 5 یا 8.6 میلی متر گلکسی اس 3 مقداری آنرا قطور نموده است.,-1,data/extra/HTC Windows Phone 8X_Hosseini.xml,قطر 10 میلی متری آن در برابر 7.6 میلی متر آیفون 5 یا 8.6 میلی متر گلکسی اس 3 مقداری آنرا قطور نموده است.
3388,-,ولی در کل ابعاد 66×132 میلی متری و وزن 130 گرمی آن باعث می‌شود که از کار کردن با آن لذت ببرید و احساس امنیت خوبی را بابت لیز خوردن آن از دست به شما خواهد داد.,1,data/extra/HTC Windows Phone 8X_Hosseini.xml,ولی در کل ابعاد 66×132 میلی متری و وزن 130 گرمی آن باعث می‌شود که از کار کردن با آن لذت ببرید و احساس امنیت خوبی را بابت لیز خوردن آن از دست به شما خواهد داد.
3389,-,اما با وجود ابعاد بزرگ این گوشی، وجود یک صفحه نمایش 4.3 اینچی بر روی آن مقداری نا امید کننده است.,-1,data/extra/HTC Windows Phone 8X_Hosseini.xml,اما با وجود ابعاد بزرگ این گوشی،  وجود یک صفحه نمایش 4.3 اینچی بر روی آن مقداری نا امید کننده است.
3390,-,گوشی Motorola Razr M با وجود ابعاد بسیار کوچک تر یعنی 61×122 میلی متر، صفحه نمایشی با اندازه یکسان با این گوشی دارد، و این نکته ایست که باعث میگردد به این نتیجه برسیم که HTC در طراحی این گوشی، یک عقب گرد داشته است، حتی به نسبت گوشی سه سال پیش خود یعنی HD2 .,-1,data/extra/HTC Windows Phone 8X_Hosseini.xml,گوشی Motorola Razr M با وجود ابعاد بسیار کوچک تر یعنی 61×122 میلی متر،  صفحه نمایشی با اندازه یکسان با این گوشی دارد،  و این نکته ایست که باعث میگردد به این نتیجه برسیم که HTC در طراحی این گوشی،  یک عقب گرد داشته است،  حتی به نسبت گوشی سه سال پیش خود یعنی HD2 .
3391,-,اما کلید های کنترلی Start، Back و Search در قسمت زیرین صفحه نمایش قرار دارند.,0,data/extra/HTC Windows Phone 8X_Hosseini.xml,اما کلید های کنترلی Start،  Back و Search در قسمت زیرین صفحه نمایش قرار دارند.
3392,-,در قسمت بالایی گوشی جک 3.5 میلی متری هدفون به همراه کلید پاور قرار داده شده است.,0,data/extra/HTC Windows Phone 8X_Hosseini.xml,در قسمت بالایی گوشی جک 3.5 میلی متری هدفون به همراه کلید پاور قرار داده شده است.
3393,-,در سمت چپ گوشی هیچ شیاری قرار ندارد، اما در سمت مقابل یعنی سمت راست آن، شکاف میکرو سیم کارت، کلید کنترل صدا و کلید شاتر دوربین تعبیه شده‌اند.,0,data/extra/HTC Windows Phone 8X_Hosseini.xml,در سمت چپ گوشی هیچ شیاری قرار ندارد،  اما در سمت مقابل یعنی سمت راست آن،  شکاف میکرو سیم کارت،  کلید کنترل صدا و کلید شاتر دوربین تعبیه شده‌اند.
3394,-,نهایتا در قسمت پشتی گوشی نیز دوربین به همراه فلاش LED و لوگوی Beats به چشم می‌خورد.,0,data/extra/HTC Windows Phone 8X_Hosseini.xml,نهایتا در قسمت پشتی گوشی نیز دوربین به همراه فلاش LED و لوگوی Beats به چشم می‌خورد.
3395,-,صفحه نمایش صفحه نمایش این گوشی یک صفحه نمایش 4.3 اینچی SuperLCD 2 می‌باشد که قابلیت نمایش 16 میلیون رنگ را نیز داراست.,0,data/extra/HTC Windows Phone 8X_Hosseini.xml,صفحه نمایش صفحه نمایش این گوشی یک صفحه نمایش 4.3 اینچی SuperLCD 2 می‌باشد که قابلیت نمایش 16 میلیون رنگ را نیز داراست.
3396,-,دقت این صفحه نمایش 1280×720 یا به عبارتی HD می‌باشد.,0,data/extra/HTC Windows Phone 8X_Hosseini.xml,دقت این صفحه نمایش 1280×720 یا به عبارتی HD می‌باشد.
3397,-,تفاوت اصلی صفحه نمایش‌های SuperLCD با SuperAMOLED ها در رنگ‌های تولید شده توسط آن‌هاست.,0,data/extra/HTC Windows Phone 8X_Hosseini.xml,تفاوت اصلی صفحه نمایش‌های SuperLCD با SuperAMOLED ها در رنگ‌های تولید شده توسط آن‌هاست.
3398,-,جاییکه SuperAMOLED ها رنگ‌های زنده تری را تولید می‌نمایند ولی SuperLCD ها کنتراست بالاتری دارند.,1,data/extra/HTC Windows Phone 8X_Hosseini.xml,جاییکه SuperAMOLED ها رنگ‌های زنده تری را تولید می‌نمایند ولی SuperLCD ها کنتراست بالاتری دارند.
3399,-,در کل، یکی از مواردی که در مورد گوشی‌های رده بالای HTC برای ما عجیب به نظر می‌رسد، عدم استفاده این کمپانی از صفحه نمایش‌های SuperAMOLED می‌باشد.,0,data/extra/HTC Windows Phone 8X_Hosseini.xml,در کل،  یکی از مواردی که در مورد گوشی‌های رده بالای HTC برای ما عجیب به نظر می‌رسد،  عدم استفاده این کمپانی از صفحه نمایش‌های SuperAMOLED می‌باشد.
3400,-,اما در کل باید بگوییم که از دیدن کیفیت صفحه نمایش این گوشی هیجان زده خواهید شد.,1,data/extra/HTC Windows Phone 8X_Hosseini.xml,اما در کل باید بگوییم که از دیدن کیفیت صفحه نمایش این گوشی هیجان زده خواهید شد.
3401,-,سخت افزار پردازنده این گوشی یک پردازنده دو هسته ای با فرکانس 1.5 گیگاهرتز از نوع Krait به همراه چیپ Snapdragon S4 می‌باشد، یعنی تقریبا مشابه پردازنده ای که بر روی دیگر غول‌های بازار مانند لومیا 920 و یا HTC One X و حتی Galaxy SIII مشاهده کرده بودیم.,0,data/extra/HTC Windows Phone 8X_Hosseini.xml,سخت افزار پردازنده این گوشی یک پردازنده دو هسته ای با فرکانس 1.5 گیگاهرتز از نوع Krait به همراه چیپ Snapdragon S4 می‌باشد،  یعنی تقریبا مشابه پردازنده ای که بر روی دیگر غول‌های بازار مانند لومیا 920 و یا HTC One X و حتی Galaxy SIII مشاهده کرده بودیم.
3402,-,همچنین یک پردازشگر گرافیکی Adreno 225 نیز برای اجرای بی نقص پردازش‌های گرافیکی بر روی این گوشی قرار دارد.,1,data/extra/HTC Windows Phone 8X_Hosseini.xml,همچنین یک پردازشگر گرافیکی Adreno 225 نیز برای اجرای بی نقص پردازش‌های گرافیکی بر روی این گوشی قرار دارد.
3403,-,حافظه رم 1 گیگابایتی این گوشی نیز به نظر بسیار زیاد و مناسب می‌رسد.,2,data/extra/HTC Windows Phone 8X_Hosseini.xml,حافظه رم 1 گیگابایتی این گوشی نیز  به نظر بسیار زیاد و مناسب می‌رسد.
3404,-,چرا که با وجود مدیریت حافظه بسیار خوب ویندوز که عملکرد فوق‌العاده ای را ارائه می‌نماید، گوشی‌های ویندوزی حتی با رم پایین‌تر نیز نسبت به گوشی‌های اندرویدی، ضعفی احساس نخواهند کرد.,1,data/extra/HTC Windows Phone 8X_Hosseini.xml,چرا که با وجود مدیریت حافظه بسیار خوب ویندوز که عملکرد فوق‌العاده ای را ارائه می‌نماید،  گوشی‌های ویندوزی حتی با رم پایین‌تر نیز نسبت به گوشی‌های اندرویدی،  ضعفی احساس نخواهند کرد.
3405,-,چیزی که در مورد گوشی‌های دارای سیستم عامل ویندوز 7 نیز مشاهده نموده بودیم.,0,data/extra/HTC Windows Phone 8X_Hosseini.xml,چیزی که در مورد گوشی‌های دارای سیستم عامل ویندوز 7 نیز مشاهده نموده بودیم.
3406,-,این گوشی 16 گیگابایت حافظه داخلی دارد که متاسفانه بدلیل عدم پشتیبانی آن از کارت حافظه جانبی، باید به همین مقدار حافظه قناعت نمود.,-1,data/extra/HTC Windows Phone 8X_Hosseini.xml,این گوشی 16 گیگابایت حافظه داخلی دارد که متاسفانه بدلیل عدم پشتیبانی آن از کارت حافظه جانبی،  باید به همین مقدار حافظه قناعت نمود.
3407,-,نرم افزار Windows Phone 8X جزو اولین گوشی‌های عرضه شده به بازار است که از سیستم عامل Windows Phone 8 بهره می‌برد.,0,data/extra/HTC Windows Phone 8X_Hosseini.xml,نرم افزار Windows Phone 8X جزو اولین گوشی‌های عرضه شده به بازار است که از سیستم عامل Windows Phone 8 بهره می‌برد.
3409,-,در عمل باید گفت که اگر پیش تر کاربر گوشی‌های مبتنی بر ویندوز فون 7.0 و 7.5 بوده اید، تغییرات زیادی در محیط سیستم عامل احساس نخواهید کرد.,0,data/extra/HTC Windows Phone 8X_Hosseini.xml,در عمل باید گفت که  اگر پیش تر کاربر گوشی‌های مبتنی بر ویندوز فون 7.0 و 7.5 بوده اید،  تغییرات زیادی در محیط سیستم عامل احساس نخواهید کرد.
3423,-,دوربین HTC بر روی 8X از یک دوربین 8 مگاپیکسلی همراه با سنسور BSI استفاده نموده است.,0,data/extra/HTC Windows Phone 8X_Hosseini.xml,دوربین HTC بر روی 8X از یک دوربین 8 مگاپیکسلی همراه با سنسور BSI استفاده نموده است.
3424,-,در کنار این دوربین، یک فلاش LED نیز به ثبت عکس‌های با کیفیت در شرایط نوری نا مناسب کمک خواهد کرد.,0,data/extra/HTC Windows Phone 8X_Hosseini.xml,در کنار این دوربین،  یک فلاش LED نیز به ثبت عکس‌های با کیفیت در شرایط نوری نا مناسب کمک خواهد کرد.
3425,-,اما HTC در این گوشی نیز همانند گوشی‌های سری One خود یک پردازشگر قرار داده است که وظیفه انجام محاسبات مربوط به دوربین گوشی را بر عهده دارد.,0,data/extra/HTC Windows Phone 8X_Hosseini.xml,اما HTC در این گوشی نیز همانند گوشی‌های سری One خود یک پردازشگر قرار داده است که وظیفه انجام محاسبات مربوط به دوربین گوشی را بر عهده دارد.
3427,-,به طور کلی عکس‌های گرفته با گوشی 8X کیفیت بسیار بالایی دارند.,2,data/extra/HTC Windows Phone 8X_Hosseini.xml,به طور کلی عکس‌های گرفته با گوشی 8X کیفیت بسیار بالایی دارند.
3429,-,همچنین وجود نور مخصوص فیلم برداری، به شما در گرفتن فیلم در شرایط نه چندان خوب نوری نیز کمک خواهد کرد.,1,data/extra/HTC Windows Phone 8X_Hosseini.xml,همچنین وجود نور مخصوص فیلم برداری،  به شما در گرفتن فیلم در شرایط نه چندان خوب نوری نیز کمک خواهد کرد.
3430,-,می‌توان به راحتی گفت که دوربین 8 مگا پیکسلی موجود بر روی این گوشی یکی از بهترین دوربین‌های موجود بر روی گوشی‌های هوشمند تا به این تاریخ است.,2,data/extra/HTC Windows Phone 8X_Hosseini.xml,می‌توان به راحتی گفت که دوربین 8 مگا پیکسلی موجود بر روی این گوشی یکی از بهترین دوربین‌های موجود بر روی گوشی‌های هوشمند تا به این تاریخ است.
3431,-,در کنار این دوربین، یک دوربین 2 مگاپیکسلی جهت انجام مکالمات تصویری نیز در قسمت جلویی این گوشی قرار گرفته است.,0,data/extra/HTC Windows Phone 8X_Hosseini.xml,در کنار این دوربین،  یک دوربین 2 مگاپیکسلی جهت انجام مکالمات تصویری نیز در قسمت جلویی این گوشی قرار گرفته است.
3432,-,باتری این گوشی انرژی لازم خود را از یک باتری 1800 میلی آمپری تامین می‌نماید.,0,data/extra/HTC Windows Phone 8X_Hosseini.xml,باتری این گوشی انرژی لازم خود را از یک باتری 1800 میلی آمپری تامین می‌نماید.
3433,-,به نظر می‌رسد عملکرد باتری آن نسبت به باتری One X به علت وجود سیستم عامل ویندوز، بهتر باشد.,1,data/extra/HTC Windows Phone 8X_Hosseini.xml,به نظر می‌رسد عملکرد باتری آن نسبت به باتری One X به علت وجود سیستم عامل ویندوز،  بهتر باشد.
3434,-,چرا که سیستم عامل اندروید پردازنده را بیشتر درگیر می‌نماید که منجر به استفاده بیشتر آن از باتری خواهد شد.,0,data/extra/HTC Windows Phone 8X_Hosseini.xml,چرا که سیستم عامل اندروید پردازنده را بیشتر درگیر می‌نماید که منجر به استفاده بیشتر آن از باتری خواهد شد.
3435,-,پس می‌توان این‌طور پیش بینی کرد که با استفاده معمولی از این گوشی، به راحتی می‌توانید با هر مرتبه شارژ کردن آن، بیش از یک روز از آن استفاده نمایید.,1,data/extra/HTC Windows Phone 8X_Hosseini.xml,پس می‌توان این‌طور پیش بینی کرد که با استفاده معمولی از این گوشی،  به راحتی می‌توانید با هر مرتبه شارژ کردن آن،  بیش از یک روز از آن استفاده نمایید.
3436,-,جمع بندی بعد از تصمیم نوکیا برای استفاده از سیستم عامل ویندوز 8 بر روی گوشی‌های خود مانند لومیا 820 و لومیا 920، همینک HTC نیز با معرفی 8X و 8S به بازار، دو مدعی جدید را برای گوشی‌های ویندوزی ارائه نمود تا کار را برای نوکیا که ویندوز 8 را راه احیای خود میدانست سخت‌تر نماید.,0,data/extra/HTC Windows Phone 8X_Hosseini.xml,جمع بندی بعد از تصمیم نوکیا برای استفاده از سیستم عامل ویندوز 8 بر روی گوشی‌های خود مانند لومیا 820 و لومیا 920،  همینک HTC نیز با معرفی 8X و 8S به بازار،  دو مدعی جدید را برای گوشی‌های ویندوزی ارائه نمود تا کار را برای نوکیا که ویندوز 8 را راه احیای خود میدانست سخت‌تر نماید.
3437,-,HTC Windows Phone 8X گوشی بسیار قدرتمندیست که با طراحی زیبا و رنگ‌های جذاب خود و جنس پلی کربناتی بدنه که طبق رسم HTC از بهترین مواد تشکیل شده است، با معرفی توسط این کمپانی، توجه بسیاری را به سوی خود جلب نمود.,2,data/extra/HTC Windows Phone 8X_Hosseini.xml,HTC Windows Phone 8X گوشی بسیار قدرتمندیست  که با طراحی زیبا و رنگ‌های جذاب خود و جنس پلی کربناتی بدنه که طبق رسم HTC از بهترین مواد تشکیل شده است،  با معرفی توسط این کمپانی،  توجه بسیاری را به سوی خود جلب نمود.
3438,-,مشخصات سخت افزاری مناسب در کنار سیستم عامل ویندوز 8، این گوشی را به یک گوشی مناسب برای طرفداران گوشی‌های ویندوزی تبدیل نموده است.,1,data/extra/HTC Windows Phone 8X_Hosseini.xml,مشخصات سخت افزاری مناسب در کنار سیستم عامل ویندوز 8،  این گوشی را به یک گوشی مناسب برای طرفداران گوشی‌های ویندوزی تبدیل نموده است.
3439,-,واقعا عالیه,2,data/extra/Sony PlayStation Vita.xml,واقعاً عاليه
3676,-,با سلام خدمت همه دوستان من الان 1ماهه این گوشیرو گرفتم.,0,data/extra/HTC One X Plus - 64GB.xml,با سلام خدمت همه دوستان من الان 1ماهه اين گوشيرو گرفتم.
3681,-,به امید توفیق روز افزون برای همه.,0,data/extra/HTC One X Plus - 64GB.xml,به اميد توفيق روز افزون براي همه.
3682,-,با سلام خدمتان دوستان.,0,data/extra/HTC One X Plus - 64GB.xml,با سلام خدمتان دوستان.
3684,-,هم از نظر ظاهری و هم از نظر سخت افزار.,0,data/extra/HTC One X Plus - 64GB.xml,هم از نظر ظاهري و هم از نظر سخت افزار.
3685,-,ولی با این مبلغ گزینه های بهتری هست.,0,data/extra/HTC One X Plus - 64GB.xml,ولي با اين مبلغ گزينه هاي بهتري هست.
3686,-,ولی در کل ارزش خریدشو داره.,1,data/extra/HTC One X Plus - 64GB.xml,ولي در کل ارزش خريدشو داره.
3687,-,من که خیلی دوستش دارم.,2,data/extra/HTC One X Plus - 64GB.xml,من که خيلي دوستش دارم.
3688,-,این گوشی بسیار عالی هست و من هیچ مشکل بزرگی در اون به چشم ندیدم، شاید باید گفت که تنها مشکلاتش داغ شدن هست که میشه با یه قاب ژله ای از شدت گرمایش کاست و مشکل دیگرش نداشتن لرزش گیر در دوربینش هست.,1,data/extra/HTC One X Plus - 64GB.xml,اين گوشي بسيار عالي هست و من هيچ مشکل بزرگي در اون به چشم نديدم،  شايد بايد گفت که تنها مشکلاتش داغ شدن هست که ميشه با يه قاب ژله اي از شدت گرمايش کاست و مشکل ديگرش نداشتن لرزش گير در دوربينش هست.
3691,-,ناصرجان اول برو به مسیر زیر: setting>language & keyboard>Android keyboard>input language زبان پارسی رو اضافه کن.,0,data/extra/HTC One X Plus - 64GB.xml,ناصرجان اول برو به مسير زير: setting>language & keyboard>Android keyboard>input language زبان پارسي رو اضافه کن.
3692,-,بعد جایی که کیبورد داری space رو چند ثانیه نگه دار، بعد از منوی ظاهر شده پارسی رو انتخاب کن.,0,data/extra/HTC One X Plus - 64GB.xml,بعد جايي که کيبورد داري space رو چند ثانيه نگه دار،  بعد از منوي ظاهر شده پارسي رو انتخاب کن.
3693,-,سلام من این گوشی رو دارم اما هر جا میبرمش فارسی نمیشه نمیدونم مشکل چیه اما دوربینش حرف نداره,1,data/extra/HTC One X Plus - 64GB.xml,سلام من اين گوشي رو دارم اما هر جا ميبرمش فارسي نميشه نميدونم مشکل چيه اما دوربينش حرف نداره
3696,-,اگه کسی میدونه حتما خبرم کنه.,0,data/extra/HTC One X Plus - 64GB.xml,اگه کسي ميدونه حتما خبرم کنه.
3700,-,کیفیت دوربین اچ تی سی معمولا متوسط است و قدرت رقبا را ندارد .,-1,data/extra/HTC One X Plus - 64GB.xml,کيفيت دوربين اچ تي سي معمولا متوسط است و قدرت رقبا را ندارد .
3701,-,4- اندازه صفحه نمایش 4.7 برای مرور صفحات اینترنتی و کتاب کار را مشکل و خسته کننده می کند .,-1,data/extra/HTC One X Plus - 64GB.xml,4- اندازه صفحه نمايش 4.7 براي مرور صفحات اينترنتي و کتاب کار را مشکل و خسته کننده مي کند .
3702,-,5- عدم وجود یک قلم کاربردی .,-1,data/extra/HTC One X Plus - 64GB.xml,5- عدم وجود يک قلم کاربردي .
3703,-,6- ظرفیت باطری 2100 میلی آمپر همچنان کم و مشکل ساز است زیرا سرعت پردازنده زیاد شده و باعث تخلیه سریعتر شارژ می شود 7- داغ شدن گوشی هنگام بازی آزار دهنده است همانند مشکل سری X,-1,data/extra/HTC One X Plus - 64GB.xml,6- ظرفيت باطري 2100 ميلي آمپر همچنان کم و مشکل ساز است زيرا سرعت پردازنده زياد شده و باعث تخليه سريعتر شارژ مي شود 7- داغ شدن گوشي هنگام بازي آزار دهنده است همانند مشکل سري X
3705,-,ولی عجیبه که بعد از یک ماه شایدم بیشتر گذشتن از تاریخ عرضه ی این گوشی هنوز one X + وارد بازار ایران نشده.,0,data/extra/HTC One X Plus - 64GB.xml,ولي عجيبه که بعد از يک ماه شايدم بيشتر گذشتن از تاريخ عرضه ي اين گوشي هنوز  one X + وارد بازار ايران نشده.
3707,-,خیلی وقته منتظر یک گوشی بهتر از One x و SIII بودم.,0,data/extra/HTC One X Plus - 64GB.xml,خيلي وقته منتظر يک گوشي بهتر از One x و SIII  بودم.
3712,-,خوشم اومد دنبال یکی بهتر از one x بودم که پیدا کردم به احتمال اینو بخرم,1,data/extra/HTC One X Plus - 64GB.xml,خوشم اومد دنبال يکي بهتر از one x بودم که پيدا کردم به احتمال اينو بخرم
3719,-,این گوشی خیلی فوق العاده است من منتظرم تا مدله one x plus بیاد تا اونو بخرم,2,data/extra/HTC One X Plus - 64GB.xml,اين گوشي خيلي فوق العاده است من منتظرم تا مدله one x plus  بياد تا اونو بخرم
3720,-,سلام واقعا اچ تی سی گل کاشت ، این گوشی فوق العادست ، یکی از قدرتمند ترین برند ها اچ تی سی است,2,data/extra/HTC One X Plus - 64GB.xml,سلام واقعا اچ تي سي گل کاشت ،  اين گوشي فوق العادست ،  يکي از قدرتمند ترين برند ها اچ تي سي است
3764,-,به عنوان یک مصرف کننده پیشنهاد حتما استفاده کنید.,1,data/extra/GoPro HD Helmet Hero.xml,به عنوان يک مصرف کننده پيشنهاد حتما استفاده کنيد.
3983,-,به نظر من بین اندرویدیها بهترینه,2,data/extra/Sony S - 16GB_Hosseini.xml,ﺑﻪ ﻧﻈﺮ ﻣﻦ ﺑﻴﻦ ﺍﻧﺪﺭﻭﻳﺪﻳﻬﺎ ﺑﻬﺘﺮﻳﻨﻪ
3984,-,Sony S اولین تبلت هانی-کامبی کمپانی سونی است که در دو مدل 16 و 32 گیگابایتی وارد بازار شده است.,0,data/extra/Sony S - 16GB_Hosseini.xml,Sony S اولین تبلت هانی-کامبی کمپانی سونی است که در دو مدل 16 و 32 گیگابایتی وارد بازار شده است.
3985,-,اولین نکته ای که میخواهیم در رابطه با این تبلت بگوییم این است که این اولین تبلتیست که دارای گواهی PlayStation است.,1,data/extra/Sony S - 16GB_Hosseini.xml,اولین نکته ای که میخواهیم در رابطه با این تبلت بگوییم این است که این اولین تبلتیست که دارای گواهی PlayStation است.
3986,-,این بدین معنیست که این تبلت مانند گوشی Xperia Play توانایی اجرای بازی های PlayStation را توسط برنامهء شبیه ساز خود، دارد.,1,data/extra/Sony S - 16GB_Hosseini.xml,این بدین معنیست که این تبلت مانند گوشی Xperia Play توانایی اجرای بازی های PlayStation را توسط برنامهء شبیه ساز خود،  دارد.
3987,-,به محض در دست گرفتن این تبلت، اولین چیزی که توجه شما را به خود جلب خواهد کرد، طراحی منحصر به فرد آن است.,2,data/extra/Sony S - 16GB_Hosseini.xml,به محض در دست گرفتن این تبلت،  اولین چیزی که توجه شما را به خود جلب خواهد کرد،  طراحی منحصر به فرد آن است.
3988,-,برخلاف اکثر تبلت های موجود در بازار، که یک ظاهر مستطیلی شکل یکنواحتی دارند، Sony S ظاهری همانند یک مجله از وسط لوله شده داشته و قطر این تبلت در قسمت های مختلف آن، متفاوت است.,0,data/extra/Sony S - 16GB_Hosseini.xml,برخلاف اکثر تبلت های موجود در بازار،  که یک ظاهر مستطیلی شکل یکنواحتی دارند،  Sony S ظاهری همانند یک مجله از وسط لوله شده داشته و قطر این تبلت در قسمت های مختلف آن، متفاوت است.
3989,-,لبه جلویی آن بسیار نازک است ولی در قسمت بالایی آن ضخیم تر می شود.,0,data/extra/Sony S - 16GB_Hosseini.xml,لبه جلویی آن بسیار نازک است ولی در قسمت بالایی آن ضخیم تر می شود.
3990,-,جنس بدنه این تبلت با وجود اینکه پلاستیکیست، از پلاستیک براق بسیار با کیفیت ساخته شده است ولی متاسفانه اثر انگشت را به خوبی جذب کرده و نشان میدهد.,-1,data/extra/Sony S - 16GB_Hosseini.xml,جنس بدنه این تبلت با وجود اینکه پلاستیکیست،  از پلاستیک براق بسیار با کیفیت ساخته شده است ولی متاسفانه اثر انگشت را به خوبی جذب کرده و نشان میدهد.
3991,-,بدنه Sony S مانند گوه، یک حالت شیب داری دارد به همین دلیل وقتی آنرا روی میز قرار میدهید، به راحتی قابل استفاده است.,1,data/extra/Sony S - 16GB_Hosseini.xml,بدنه Sony S مانند گُوه،  یک حالت شیب داری دارد به همین دلیل وقتی آنرا روی میز قرار میدهید،  به راحتی قابل استفاده است.
3992,-,وزن این تبلت نیز، بسیار کم است.,1,data/extra/Sony S - 16GB_Hosseini.xml,وزن این تبلت نیز،  بسیار کم است.
3993,-,در کل به راحتی میتوان گفت که تبلت Sony S یکی از زیباترین تبلت های موجود در بازار است.,2,data/extra/Sony S - 16GB_Hosseini.xml,در کل به راحتی میتوان گفت که تبلت Sony S یکی از زیباترین تبلت های موجود در بازار است.
3994,-,Sony S دارای صفحه نمایش فوق العاده 9.4 اینچی با تکنولوژی True Black و موتور BRAVIA است که رنگ های بی نظیری را تولید میکند.,2,data/extra/Sony S - 16GB_Hosseini.xml,Sony S دارای صفحه نمایش فوق العاده 9.4 اینچی با تکنولوژی True Black و موتور BRAVIA است که رنگ های بی نظیری را تولید میکند.
3995,-,عمق رنگ مشکلی تولید شده توسط این صفحه نمایش به حدی زیاد است که اگر از عکس پس زمینه مشکی استفاده کنید، تشخیص دادن لبه صفحه نمایش، از قاب دور آن کمی سخت است.,-1,data/extra/Sony S - 16GB_Hosseini.xml,عمق رنگ مشکلی تولید شده توسط این صفحه نمایش به حدی زیاد است که اگر از عکس پس زمینه مشکی استفاده کنید،  تشخیص دادن لبه صفحه نمایش،  از قاب دور آن کمی سخت است.
3996,-,رزلوشن این صفحه نمایش 1280x800 بوده که تراکم پیکسلی بسیار بالایی را ارائه میدهد و خواندن متون بر روی آن بسیار راحت و لذت بخش است.,2,data/extra/Sony S - 16GB_Hosseini.xml,رزلوشن این صفحه نمایش 1280x800 بوده که تراکم پیکسلی بسیار بالایی را ارائه میدهد و خواندن متون بر روی آن بسیار راحت و لذت بخش است.
3997,-,همچنین این صفحه نمایش از زاویه دید بسیار بالایی برخوردار است.,2,data/extra/Sony S - 16GB_Hosseini.xml,همچنین این صفحه نمایش از زاویه دید بسیار بالایی برخوردار است.
3998,-,در بالای این صفحه، دوربین دوم 0.3 مگاپیکسلی قرار دارد که از آن برای مکالمات تصویری استفاده میشود.,0,data/extra/Sony S - 16GB_Hosseini.xml,در بالای این صفحه،  دوربین دوم 0.3 مگاپیکسلی قرار دارد که از آن برای مکالمات تصویری استفاده میشود.
3999,-,در سمت چپ تبلت، خروجی هدفن 3.5 میلیمتری، شیار مموری کارت و پورت micro USB قرار دارد که لازم به ذکر است که از این پورت میتوانید به عنوان یک USB Host استفاده کرده و کیبرد، ماوس و یا حتی دسته های مخصوص بازی را به تبلت خود متصل کنید.,0,data/extra/Sony S - 16GB_Hosseini.xml,در سمت چپ تبلت،  خروجی هدفن 3.5 میلیمتری،  شیار مموری کارت  و پورت micro USB قرار دارد که لازم به ذکر است که از این پورت میتوانید به عنوان یک USB Host استفاده کرده و کیبرد،  ماوس و یا حتی دسته های مخصوص بازی را به تبلت خود متصل کنید.
4000,-,در سمت راست تبلت، کلید پاور و کلیدهای کم و زیاد کردن صدا قرار دارند که به زیبایی بر روی لبه تبلت قرار گرفته اند و به همین دلیل وقتی تبلت را در حالت افقی قرار میدهید، امکان فشار دادن این کلیدها بطور تصادفی وجود نداد.,1,data/extra/Sony S - 16GB_Hosseini.xml,در سمت راست تبلت،  کلید پاور و کلیدهای کم و زیاد کردن صدا قرار دارند که به زیبایی بر روی لبه تبلت قرار گرفته اند و به همین دلیل وقتی تبلت را در حالت افقی قرار میدهید،  امکان فشار دادن این کلیدها بطور تصادفی وجود نداد.
4001,-,در قسمت پایینی تبلت، داک شارژ کردن تبلت به همراه دو بلندگوی استریو آن وجود دارد.,0,data/extra/Sony S - 16GB_Hosseini.xml,در قسمت پایینی تبلت،  داک شارژ کردن تبلت به همراه دو بلندگوی استریو آن وجود دارد.
4002,-,در پشت این تبلت، دوربین 5 مگاپیکسلی آن قرار دارد که متاسفانه به فلش مجهز نیست.,-1,data/extra/Sony S - 16GB_Hosseini.xml,در پشت این تبلت،  دوربین 5 مگاپیکسلی آن قرار دارد که متاسفانه به فلش مجهز نیست.
4003,-,از لحاظ سخت افزارهای داخلی، Sony S تفاوت خاصی با تبلت های هانی کامبی دیگر ندارد.,0,data/extra/Sony S - 16GB_Hosseini.xml,از لحاظ سخت افزارهای داخلی،  Sony S تفاوت خاصی با تبلت های هانی کامبی دیگر ندارد.
4004,-,همانند اکثر این تبلت ها، Sony S نیز از پردازنده دو هسته ای NVIDIA Tegra 2 به همراه یک گیگابایت حافظه RAM استفاده میکند.,0,data/extra/Sony S - 16GB_Hosseini.xml,همانند اکثر این تبلت ها،  Sony S نیز از پردازنده دو هسته ای NVIDIA Tegra 2 به همراه یک گیگابایت حافظه RAM استفاده میکند.
4005,-,به کمک این سخت افزار قدرمند، محیط کاربری بسیار روان است، هیچگونه کاهش سرعت و یا به اصطلاح Lagی در آن مشاهده نکردیم.,2,data/extra/Sony S - 16GB_Hosseini.xml,به کمک این سخت افزار قدرمند، محیط کاربری بسیار روان است،  هیچگونه کاهش سرعت و یا به اصطلاح Lagی در آن مشاهده نکردیم.
4006,-,البته هنگامی که والپیپرهای متحرک استفاده کنید، محیط کمی کند شده و آن روانی را دیگر نخواهد داشت.,-1,data/extra/Sony S - 16GB_Hosseini.xml,البته هنگامی که والپیپرهای متحرک استفاده کنید،  محیط کمی کند شده و آن روانی را دیگر نخواهد داشت.
4007,-,بطور پیش فرض این تبلت از اندروید شانه عسلی نسخه 3.1 استفاده میکند که البته آپدیت نسخه 3.2 نیز برای این تبلت منتشر شده است.,0,data/extra/Sony S - 16GB_Hosseini.xml,بطور پیش فرض این تبلت از اندروید شانه عسلی نسخه 3.1 استفاده میکند که البته آپدیت نسخه 3.2 نیز برای این تبلت منتشر شده است.
4008,-,لازم به ذکر است که Sony S بطور کامل از زبان فارسی پشتیبانی میکند.,0,data/extra/Sony S - 16GB_Hosseini.xml,لازم به ذکر است که Sony S بطور کامل از زبان فارسی پشتیبانی میکند.
4009,-,بر خلاف سامسونگ و یا HTC، سونی تغییرات ظاهری خاصی بر روی رابط کاربری اندروید 3 ایجاد نکرده است و شما تقریبا با محیط استاندارد اندروید هانی کامب کار میکنید.,1,data/extra/Sony S - 16GB_Hosseini.xml,بر خلاف سامسونگ و یا HTC،  سونی تغییرات ظاهری خاصی بر روی رابط کاربری اندروید 3 ایجاد نکرده است و شما تقریبا با محیط استاندارد اندروید هانی کامب کار میکنید.
4010,-,تایپ کردن با کیبرد این تبلت در حالت عمودی با دو دست بسیار راحت است ولی در حالت افقی نیاز به کمی تمرین دارید تا به آن عادت کنید.,1,data/extra/Sony S - 16GB_Hosseini.xml,تایپ کردن با کیبرد این تبلت در حالت عمودی با دو دست بسیار راحت است ولی در حالت افقی نیاز به کمی تمرین دارید تا به آن عادت کنید.
4011,-,سونی تعداد زیادی سرویس و برنامه بطور پیش فرض بر روی این تبلت قرار داده است که برای مثال میتوان به Video Unlimited و Music Unlimited اشاره کرد.,1,data/extra/Sony S - 16GB_Hosseini.xml,سونی تعداد زیادی سرویس و برنامه بطور پیش فرض بر روی این تبلت قرار داده است که برای مثال میتوان به Video Unlimited و Music Unlimited اشاره کرد.
4012,-,همچنین این تبلت دارای سرویس DLNA نیز، است که به کمک آن میتوانید با تبلت خود، با لوازم دیجیتالی دیگر ارتباط بی سیم برقرار کنید.,0,data/extra/Sony S - 16GB_Hosseini.xml,همچنین این تبلت دارای سرویس DLNA نیز،  است که به کمک آن میتوانید با تبلت خود،  با لوازم دیجیتالی دیگر ارتباط بی سیم برقرار کنید.
4013,-,یکی از بهترین تغییراتی که سونی روی این تبلت انجام داده است، موزیک پلیر آن است که یکی از زیباترین موزیک پلیرهایی است که تا به امروز مشاهده کرده ایم.,2,data/extra/Sony S - 16GB_Hosseini.xml,یکی از بهترین تغییراتی که سونی روی این تبلت انجام داده است،  موزیک پلیر آن است که یکی از زیباترین موزیک پلیرهایی است که تا به امروز مشاهده کرده ایم.
4014,-,بلندگو های تبلت نیز، بسیار خوب است ولی نسبت به رقبای هم رده خود در حد متوسطی قرار دارد.,1,data/extra/Sony S - 16GB_Hosseini.xml,بلندگو های تبلت نیز،  بسیار خوب است ولی نسبت به رقبای هم رده خود در حد متوسطی قرار دارد.
4015,-,ویدئو پلیر این تبلت نیز از ظاهر بسیار خوبی برخوردار است ولی متاسفانه این تبلت، همانند اکثر تبلت هایی که از پردازنده Tegra 2 استفاده میکنند، نمیتواند ویدئوهای Full HD را روان پخش کند.,-1,data/extra/Sony S - 16GB_Hosseini.xml,ویدئو پلیر این تبلت نیز از ظاهر بسیار خوبی برخوردار است ولی متاسفانه این تبلت،  همانند اکثر تبلت هایی که از پردازنده Tegra 2 استفاده میکنند،  نمیتواند ویدئوهای Full HD را روان پخش کند.
4016,-,البته با ویدئوهای 720p هیچ مشکلی ندارد.,1,data/extra/Sony S - 16GB_Hosseini.xml,البته با ویدئوهای 720p هیچ مشکلی ندارد.
4017,-,یکی از نقاط قوت این تبلت وجود قابلیت بی سیم Infrared است که همراه با برنامه مربوط به آن، میتوانید از تبلت خود به عنوان یک کنترل از راه دور همه کاره استفاده کنید.,1,data/extra/Sony S - 16GB_Hosseini.xml,یکی از نقاط قوت این تبلت وجود قابلیت بی سیم Infrared است که همراه با برنامه مربوط به آن،  میتوانید از تبلت خود به عنوان یک کنترل از راه دور همه کاره استفاده کنید.
4018,-,مرورگر اینترنت این تبلت نیز همانند سایر تبلت های هانی کامبی بسیار عالیست.,2,data/extra/Sony S - 16GB_Hosseini.xml,مرورگر اینترنت این تبلت نیز همانند سایر تبلت های هانی کامبی بسیار عالیست.
4019,-,همچنین بطور پیش فرض از Flash پشتیبانی میکند.,1,data/extra/Sony S - 16GB_Hosseini.xml,همچنین بطور پیش فرض از Flash پشتیبانی میکند.
4020,-,به همین دلیل تجربه اینترنتی این تبلت با یک کامپیوتر رو-میزی برابر است.,0,data/extra/Sony S - 16GB_Hosseini.xml,به همین دلیل تجربه اینترنتی این تبلت با یک کامپیوتر رو-میزی برابر است.
4021,-,دوربین این تبلت یک دوربین 5 مگاپیکسلی خوب است.,1,data/extra/Sony S - 16GB_Hosseini.xml,دوربین این تبلت یک دوربین 5 مگاپیکسلی خوب است.
4022,-,عکس های گرفته شده در فضاهای خارجی از کیفیت بسیار خوبی برخوردار هستند ولی در فضاهای بسته، به خصوص در شرایط نوری ضعیف، به دلیل عدم وجود فلش، عکس ها دارای نویز بوده و از کیفیت خیلی بالایی برخوردار نیستند.,-1,data/extra/Sony S - 16GB_Hosseini.xml,عکس های گرفته شده در فضاهای خارجی از کیفیت بسیار خوبی برخوردار هستند ولی در فضاهای بسته،  به خصوص در شرایط نوری ضعیف،  به دلیل عدم وجود فلش،  عکس ها دارای نویز بوده و از کیفیت خیلی بالایی برخوردار نیستند.
4023,-,دوربین این تبلت میتواند در رزلوشن HD 720p فیلمبرداری کند که به کمک فوکوس ممتد، کیفیت بسیار خوبی را ارائه میدهد.,2,data/extra/Sony S - 16GB_Hosseini.xml,دوربین این تبلت میتواند در رزلوشن HD 720p فیلمبرداری کند که به کمک فوکوس ممتد،  کیفیت بسیار خوبی را ارائه میدهد.
4024,-,در مجموع تبلت Sony S یک تبلت بسیار عالی با قیمتی مناسب است که با طراحی چشم نواز و منحصر به فردی که دارد، خود از سایر رقبای هم رده خود متمایز میکند.,2,data/extra/Sony S - 16GB_Hosseini.xml,در مجموع تبلت Sony S یک تبلت بسیار عالی با قیمتی مناسب است که با طراحی چشم نواز و منحصر به فردی که دارد،  خود از سایر رقبای هم رده خود متمایز میکند.
4025,-,قابلیت هایی مانند USB Host، گواهی PlayStation و همچنین قابلیت های مالتی مدیای خاص آن، این تبلت را به یکی از بهترین تبلت های هانی کامبی موجود در بازار تبدیل کرده است.,2,data/extra/Sony S - 16GB_Hosseini.xml,قابلیت هایی مانند USB Host،  گواهی PlayStation و همچنین قابلیت های مالتی مدیای خاص آن،  این تبلت را به یکی از بهترین تبلت های هانی کامبی موجود در بازار تبدیل کرده است.
4026,-,سری A دوربین های کامپکت کانن، ارزان قیمت ترین و ابتدایی ترین رده‌ی دوربین های کامپکت این شرکت می‌باشند.,0,data/extra/Canon PowerShot A3400 IS_Hosseini.xml,سری A دوربین های کامپکت کانن،  ارزان قیمت ترین و ابتدایی ترین رده‌ی دوربین های کامپکت این شرکت می‌باشند.
4027,-,این دوربین‌ها که در سطح Entry Level Compacts قرار می‌گیرند، مناسب کاربرانی هستند که قصد دارند دوربین کامپکتی ارزان قیمت به همراه داشته باشند.,0,data/extra/Canon PowerShot A3400 IS_Hosseini.xml,این دوربین‌ها که در سطح Entry Level Compacts قرار می‌گیرند،  مناسب کاربرانی هستند که قصد دارند دوربین کامپکتی ارزان قیمت به همراه داشته باشند.
4028,-,"البته در سری سال 2012 که شامل 6 دوربین A2300, A2400, A3400, A400, A810 و A1300 می‌شوند؛ پیشرفت های خیلی خوبی صورت گرفته تا ارزش بالایی در برابر قیمت خود داشته باشند.",1,data/extra/Canon PowerShot A3400 IS_Hosseini.xml,"البته در سری سال 2012 که شامل 6 دوربین A2300, A2400, A3400, A400, A810 و A1300 می‌شوند؛ پیشرفت های خیلی خوبی صورت گرفته تا ارزش بالایی در برابر قیمت خود داشته باشند."
4029,-,اینک قصد داریم که به معرفی مدل A3400 IS از این سری بپردازیم که با سنسور تصویر 16 مگاپیکسلی، لنز با توانایی زوم 5 برابر، نمایشگر 3 اینچی لمسی و توانایی ضبط ویدیویی 720p HD، تنها دوربین با نمایشگر لمسی در بین برادران خود می‌باشد.,0,data/extra/Canon PowerShot A3400 IS_Hosseini.xml,اینک قصد داریم که به معرفی مدل A3400 IS از این سری بپردازیم که با سنسور تصویر 16 مگاپیکسلی،  لنز با توانایی زوم 5 برابر،  نمایشگر 3 اینچی لمسی و توانایی ضبط ویدیویی 720p HD،  تنها دوربین با نمایشگر لمسی در بین برادران خود می‌باشد.
4031,-,نخست بهتر است که به توضیحی کلی درباره‌ی سری 6 تایی دوربین های کامپکت A کانن بپردازیم.,0,data/extra/Canon PowerShot A3400 IS_Hosseini.xml,نخست بهتر است که به توضیحی کلی درباره‌ی سری 6 تایی دوربین های کامپکت A کانن بپردازیم.
4032,-,"دوربین های A2300,A2400,A3400 و A4000 را می‌توانیم در یک دسته، و مدل های A810 و A1300 را در دسته‌ی دیگر قرار دهیم.",0,data/extra/Canon PowerShot A3400 IS_Hosseini.xml,"دوربین های A2300,A2400,A3400 و A4000 را می‌توانیم در یک دسته،  و مدل های A810 و A1300 را در دسته‌ی دیگر قرار دهیم."
4033,-,دوربین های هر دسته، شباهتی بسیار زیاد و تفاوت های ظاهری خیلی کم با یکدیگر دارند، حتی ابعاد و وزن آن‌ها نیز خیلی نزدیک به یکدیگر است.,0,data/extra/Canon PowerShot A3400 IS_Hosseini.xml,دوربین های هر دسته،  شباهتی بسیار زیاد و تفاوت های ظاهری خیلی کم با یکدیگر دارند،  حتی ابعاد و وزن آن‌ها نیز خیلی نزدیک به یکدیگر است.
4034,-,ولی در هر ویژگی، یکی از آن‌ها خاص است.,0,data/extra/Canon PowerShot A3400 IS_Hosseini.xml,ولی در هر ویژگی،  یکی از آن‌ها خاص است.
4035,-,برای مثال، A810 و A1300 مدل هایی هستند که انرژی آن‌ها از باتری های قلمی سایز AA تامین می‌شود.,0,data/extra/Canon PowerShot A3400 IS_Hosseini.xml,برای مثال،  A810 و A1300 مدل هایی هستند که انرژی آن‌ها از باتری های قلمی سایز AA تامین می‌شود.
4036,-,این در حالی است که A1300 از چشمی اپتیکال بهره می‌برد و این فرقش با A810 را می‌سازد.,0,data/extra/Canon PowerShot A3400 IS_Hosseini.xml,این در حالی است که A1300 از چشمی اپتیکال بهره می‌برد و این فرقش با A810 را می‌سازد.
4037,-,A810 ارزان قیمت ترین دوربین این سری از دوربین های کانن است.,0,data/extra/Canon PowerShot A3400 IS_Hosseini.xml,A810 ارزان قیمت ترین دوربین این سری از دوربین های کانن است.
4038,-,A2300 به دلیل باریکی که دارد، خیلی شبیه به دوربین های سری Ixus می‌باشد.,0,data/extra/Canon PowerShot A3400 IS_Hosseini.xml,A2300 به دلیل باریکی که دارد،  خیلی شبیه به دوربین های سری Ixus می‌باشد.
4039,-,A3400 مجهز به نمایشگر لمسی است و A4000 هم لنزی با توانایی زوم 8 برابر دارد.,0,data/extra/Canon PowerShot A3400 IS_Hosseini.xml,A3400 مجهز به نمایشگر لمسی است و A4000 هم لنزی با توانایی زوم 8 برابر دارد.
4040,-,اما به ادامه‌ی توضیح درباره‌ی A3400 می‌پردازیم.,0,data/extra/Canon PowerShot A3400 IS_Hosseini.xml,اما به ادامه‌ی توضیح درباره‌ی A3400 می‌پردازیم.
4041,-,"دوربینی که مشخصه‌ی بارز آن، نمایشگر 3 اینچی لمسی با کیفیت 230,000 پیکسل است.",0,data/extra/Canon PowerShot A3400 IS_Hosseini.xml,"دوربینی که مشخصه‌ی بارز آن،  نمایشگر 3 اینچی لمسی با کیفیت 230,000 پیکسل است."
4042,-,"هرچند که این دوربین مجهز به نمایشگر لمسی است، ولی دکمه های فیزیکی از قسمت پشتی حذف نشده اند و دقیقا به همان شکلی که بر روی دوربین های A4000,A2300 و A2400 قرار داشتند بر روی این دوربین هم دیده می‌شوند.",0,data/extra/Canon PowerShot A3400 IS_Hosseini.xml,"هرچند که این دوربین مجهز به نمایشگر لمسی است،  ولی دکمه های فیزیکی از قسمت پشتی حذف نشده اند و دقیقا به همان شکلی که بر روی دوربین های A4000,A2300 و A2400 قرار داشتند بر روی این دوربین هم دیده می‌شوند."
4043,-,بنابراین شما می‌توانید دوربین را هم از طریق نمایشگر، و هم از طریق دکمه های فیزیکی کنترل کنید.,1,data/extra/Canon PowerShot A3400 IS_Hosseini.xml,بنابراین شما می‌توانید دوربین را هم از طریق نمایشگر،  و هم از طریق دکمه های فیزیکی کنترل کنید.
4044,-,نمایشگر لمسی امکانات خیلی خوبی را چون Touch to Focus یا فوکوس لمسی فراهم می‌آورد.,1,data/extra/Canon PowerShot A3400 IS_Hosseini.xml,نمایشگر لمسی امکانات خیلی خوبی را چون Touch to Focus یا فوکوس لمسی فراهم می‌آورد.
4045,-,به هر صورت دیدن یک نمایشگری لمسی بر روی دوربینی در این رده‌ی قیمت بسیار عالیست.,2,data/extra/Canon PowerShot A3400 IS_Hosseini.xml,به هر صورت دیدن یک نمایشگری لمسی بر روی دوربینی در این رده‌ی قیمت بسیار عالیست.
4046,-,لنز این دوربین فاصله‌ی کانونی 28-140 میلی متر را پوشش می‌دهد که توانایی زوم 5 برابر را فراهم می‌آورد.,0,data/extra/Canon PowerShot A3400 IS_Hosseini.xml,لنز این دوربین فاصله‌ی کانونی 28-140 میلی متر را پوشش می‌دهد که توانایی زوم 5 برابر را فراهم می‌آورد.
4047,-,در حالت واید 28 میلی متر به راحتی می‌توانید میدان دیدی کاملا گسترده داشته باشید و عکس یک چشم انداز طبیعی بزرگ را ثبت کنید.,1,data/extra/Canon PowerShot A3400 IS_Hosseini.xml,در حالت واید 28 میلی متر به راحتی می‌توانید میدان دیدی کاملا گسترده داشته باشید و عکس یک چشم انداز طبیعی بزرگ را ثبت کنید.
4048,-,کمینه‌ی نسبت کانونی این لنز در حالت واید و زوم، f/2.8-6.9 است که دست کم در حالت واید لنزی بسیار سریع می‌باشد تا بتوانید در شرایط نوری ضعیف تر هم از سرعت های شاتر بالا استفاده کنید.,1,data/extra/Canon PowerShot A3400 IS_Hosseini.xml,کمینه‌ی نسبت کانونی این لنز در حالت واید و زوم،  f/2.8-6.9 است که دست کم در حالت واید لنزی بسیار سریع می‌باشد تا بتوانید در شرایط نوری ضعیف تر هم از سرعت های شاتر بالا استفاده کنید.
4049,-,اما به طرز عجیبی در حالت زوم کامل لنز کندی است.,-1,data/extra/Canon PowerShot A3400 IS_Hosseini.xml,اما به طرز عجیبی در حالت زوم کامل لنز کندی است.
4050,-,این لنز مجهز به لرزش گیر تصویر اپتیکال هوشمند است که توانایی جبران لرزش دست شما تا 3.5 استپ را دارد تا منجر به تارشدگی تصویر نشود و همواره عکس هایی شارپ بگیرید.,1,data/extra/Canon PowerShot A3400 IS_Hosseini.xml,این لنز مجهز به لرزش گیر تصویر اپتیکال هوشمند است که توانایی جبران لرزش دست شما تا 3.5 استپ را دارد تا منجر به تارشدگی تصویر نشود و همواره عکس هایی شارپ بگیرید.
4051,-,نزدیک ترین فاصله‌ی فوکوس این لنز در مود ماکرو؛ 3 سانتی متر است که عالیست.,2,data/extra/Canon PowerShot A3400 IS_Hosseini.xml,نزدیک ترین فاصله‌ی فوکوس این لنز در مود ماکرو؛ 3 سانتی متر است که عالیست.
4052,-,A3400 همانند بقیه‌ی دوربین های این سری مجهز به سنسور تصویر 16.1 مگاپیکسلی CCD است.,0,data/extra/Canon PowerShot A3400 IS_Hosseini.xml,A3400 همانند بقیه‌ی دوربین های این سری مجهز به سنسور تصویر 16.1 مگاپیکسلی CCD است.
4053,-,از همان سنسورهای کوچکی که در اغلب دوربین های کامپکت استفاده می‌شود.,0,data/extra/Canon PowerShot A3400 IS_Hosseini.xml,از همان سنسورهای کوچکی که در اغلب دوربین های کامپکت استفاده می‌شود.
4054,-,حساسیت سنسور نیز از 100 تا 1600 می‌باشد.,0,data/extra/Canon PowerShot A3400 IS_Hosseini.xml,حساسیت سنسور نیز از 100 تا 1600 می‌باشد.
4055,-,در شرایط نوری خوب، این دوربین می‌تواند عکس های با کیفیت خیلی بالا تولید کند و با توجه به رزولوشن بالایی که سنسور دارد، تفکیک جزئیات خیلی خوب صورت می‌گیرد.,2,data/extra/Canon PowerShot A3400 IS_Hosseini.xml,در شرایط نوری خوب،  این دوربین می‌تواند عکس های با کیفیت خیلی بالا تولید کند و با توجه به رزولوشن بالایی که سنسور دارد،  تفکیک جزئیات خیلی خوب صورت می‌گیرد.
4056,-,سرعت شاتر نیز از 1/2000 تا 15 ثانیه متغیر است که خیلی خوب می‌باشد.,2,data/extra/Canon PowerShot A3400 IS_Hosseini.xml,سرعت شاتر نیز از 1/2000 تا 15 ثانیه متغیر است که خیلی خوب می‌باشد.
4057,-,همانند بیشتر دوربین های امروزی و همه‌ی دوربین های سری A، این دوربین هم مجهز به مود عکاسی Smart Auto یا همان intelligent Auto یا اتوماتیک هوشمند می‌باشد.,0,data/extra/Canon PowerShot A3400 IS_Hosseini.xml,همانند بیشتر دوربین های امروزی و همه‌ی دوربین های سری A،  این دوربین هم مجهز به مود عکاسی Smart Auto یا همان intelligent Auto یا اتوماتیک هوشمند می‌باشد.
4058,-,بدین ترتیب که وقتی دوربین را بر روی این مود عکاسی قرار می‌دهید، دوربین شما تبدیل به یک دوربین کاملا خودکار در عکاسی می‌شود.,0,data/extra/Canon PowerShot A3400 IS_Hosseini.xml,بدین ترتیب که وقتی دوربین را بر روی این مود عکاسی قرار می‌دهید،  دوربین شما تبدیل به یک دوربین کاملا خودکار در عکاسی می‌شود.
4059,-,کافی است که آن را به سوی سوژه نشانه بروید و دکمه‌ی شاتر را بفشارید تا به صورت خودکار همه‌ی تنظیمات بر روی بهترین حالت قرار گیرد و با کیفیت ترین عکس گرفته شود.,1,data/extra/Canon PowerShot A3400 IS_Hosseini.xml,کافی است که آن را به سوی سوژه نشانه بروید و دکمه‌ی شاتر را بفشارید تا به صورت خودکار همه‌ی تنظیمات بر روی بهترین حالت قرار گیرد و با کیفیت ترین عکس گرفته شود.
4060,-,این دوربین همانند دیگر دوربین های سری جدید A کانن، توانایی ضبط ویدیویی 720p HD با سرعت 25 فریم بر ثانیه و در فرمت AVI H.,0,data/extra/Canon PowerShot A3400 IS_Hosseini.xml,این دوربین همانند دیگر دوربین های سری جدید A کانن،  توانایی ضبط ویدیویی 720p HD با سرعت 25 فریم بر ثانیه و در فرمت AVI H.
4061,-,264 را نیز دارد که عالیست.,2,data/extra/Canon PowerShot A3400 IS_Hosseini.xml,264 را نیز دارد که عالیست.
4062,-,البته خبری از پورت HDMI نیست ولی به هر صورت وجود چنین امکان فیلم برداری برای دوربینی در این رده‌ی قیمت واقعا خوب است.,1,data/extra/Canon PowerShot A3400 IS_Hosseini.xml,البته خبری از پورت HDMI نیست ولی به هر صورت وجود چنین امکان فیلم برداری برای دوربینی در این رده‌ی قیمت واقعا خوب است.
4063,-,این دوربین از باتری لیتیوم-یونی قابل شارژ NB-11L بهره می‌برد که در هر بار شارژ کامل توانایی پشتیبانی برای گرفتن تا 180 عکس را دارد.,1,data/extra/Canon PowerShot A3400 IS_Hosseini.xml,این دوربین از باتری لیتیوم-یونی قابل شارژ NB-11L بهره می‌برد که در هر بار شارژ کامل توانایی پشتیبانی برای گرفتن تا 180 عکس را دارد.
4064,-,به هر صورت همانطور که گفتیم، A3400 IS دوربین با نمایشگر لمسی سری A سال 2012 کانن محسوب می‌شود.,0,data/extra/Canon PowerShot A3400 IS_Hosseini.xml,به هر صورت همانطور که گفتیم،  A3400 IS دوربین با نمایشگر لمسی سری A سال 2012 کانن محسوب می‌شود.
4065,-,سنسور با رزولوشن بالا، توانایی فیلم برداری 720p HD و طراحی و ساخت زیبا و باریک نیز جزو ویژگی همه‌ی دوربین های سری A امسال محسوب می‌گردند.,1,data/extra/Canon PowerShot A3400 IS_Hosseini.xml,سنسور با رزولوشن بالا،  توانایی فیلم برداری 720p HD و طراحی و ساخت زیبا و باریک نیز جزو ویژگی همه‌ی دوربین های سری A امسال محسوب می‌گردند.
4066,-,بنابراین اگر به دنبال همچین ویژگی هایی هستید، A3400 IS برای شما گزینه‌ی مناسبی است.,1,data/extra/Canon PowerShot A3400 IS_Hosseini.xml,بنابراین اگر به دنبال همچین ویژگی هایی هستید،  A3400 IS برای شما گزینه‌ی مناسبی است.
4067,-,در آینده و با به بازار آمدن این دوربین سعی می‌کنیم آپدیت هایی را بر روی این نقد و بررسی اعمال کنیم.,0,data/extra/Canon PowerShot A3400 IS_Hosseini.xml,در آینده و با به بازار آمدن این دوربین سعی می‌کنیم آپدیت هایی را بر روی این نقد و بررسی اعمال کنیم.
4068,-,به روز رسانی: در تست هایی که انجام دادیم، کیفیت عکس های گرفته شده توسط A3400 در حد بسیار خوب قرار داشت.,2,data/extra/Canon PowerShot A3400 IS_Hosseini.xml,به روز رسانی: در تست هایی که انجام دادیم،  کیفیت عکس های گرفته شده توسط A3400 در حد بسیار خوب قرار داشت.
4069,-,در پایین ترین حساسیت، عکس ها کیفیت فوق العاده بالایی دارند، کاملا شارپ هستند و شفافیت رنگ ها نیز عالیست.,2,data/extra/Canon PowerShot A3400 IS_Hosseini.xml,در پایین ترین حساسیت،  عکس ها کیفیت فوق العاده بالایی دارند،  کاملا شارپ هستند و شفافیت رنگ ها نیز عالیست.
4070,-,بهتر اینکه نویز رنگی در آن ها مشاهده نمی شود.,1,data/extra/Canon PowerShot A3400 IS_Hosseini.xml,بهتر اینکه نویز رنگی در آن ها مشاهده نمی شود.
4071,-,حتی در حساسیت 200 هم وضعیت همچنان خیلی خوب است.,2,data/extra/Canon PowerShot A3400 IS_Hosseini.xml,حتی در حساسیت 200 هم وضعیت همچنان خیلی خوب است.
4072,-,از حساسیت 400 مقداری نویز در عکس ها مشاهده می شود اما همچنان جزئیات عکس ها خیلی خوب پیدا هستند.,1,data/extra/Canon PowerShot A3400 IS_Hosseini.xml,از حساسیت 400 مقداری نویز در عکس ها مشاهده می شود اما همچنان جزئیات عکس ها خیلی خوب پیدا هستند.
4073,-,با این حال در حساسیت 800 اوضاع تا حدی خراب می شود.,-1,data/extra/Canon PowerShot A3400 IS_Hosseini.xml,با این حال در حساسیت 800 اوضاع تا حدی خراب می شود.
4074,-,کانن تصمیم گرفته که سقف حساسیت را تا 1600 قرار دهد تا وضعیت خراب تر از این نشود.,0,data/extra/Canon PowerShot A3400 IS_Hosseini.xml,کانن تصمیم گرفته که سقف حساسیت را تا 1600 قرار دهد تا وضعیت خراب تر از این نشود.
4358,-,حتی میشه گفت از سامسونگ و اچ تی سی هم گذشته از همه لحاظ عالی ساخته شده هم دیزاینش و هم سخت افزارش!,2,data/extra/Asus PadFone 2 - 16GB.xml,حتي ميشه گفت از سامسونگ و اچ تي سي هم گذشته از همه لحاظ عالي ساخته شده هم ديزاينش و هم سخت افزارش!
4367,-,پدفون 2 دوربین خوبی داره,1,data/extra/Asus PadFone 2 - 16GB.xml,پدفون 2 دوربين خوبي داره
4459,-,این لنز در حالت واید 28 میلی متر میدان دید نسبتا باز و خوبی را در بر می‌گیرد.,1,data/extra/(Canon IXUS 500 HS (ELPH 520 HS - IXY 3_Ahmadian.xml,این لنز در حالت واید 28 میلی متر میدان دید نسبتا باز و خوبی را در بر می‌گیرد.
4462,-,کمینه‌ی نسبت کانونی ارایه شده توسط آن نیز f/3.4-5.6 می‌باشد که نسبتا خوب است.,1,data/extra/(Canon IXUS 500 HS (ELPH 520 HS - IXY 3_Ahmadian.xml,کمینه‌ی نسبت کانونی ارایه شده توسط آن نیز f/3.4-5.6 می‌باشد که نسبتا خوب است.
4967,-,البته برای نمایشگرهای در این سایز از رزولوشن WVGA هم استفاده می‌شود ولی به احتمال زیاد به دلیل پردازشگر گرافیکی نسبتا ضعیفی که این گوشی داشته، سونی تصمیم گرفته که از رزولوشن بالاتر بهره نبرد.,-1,data/extra/Sony Xperia Miro_Hosseini.xml,البته برای نمایشگرهای در این سایز از رزولوشن WVGA هم استفاده می‌شود ولی به احتمال زیاد به دلیل پردازشگر گرافیکی نسبتاً ضعیفی که این گوشی داشته،  سونی تصمیم گرفته که از رزولوشن بالاتر بهره نبرد.
4973,-,اما در کل عملکرد آن برای یک گوشی در این سطح کاملا رضایت‌بخش به نظر می‌رسد.,1,data/extra/Sony Xperia Miro_Hosseini.xml,اما در کل عملکرد آن برای یک گوشی در این سطح کاملاً رضایت‌بخش به نظر می‌رسد.
5089,-,ممنون دیجی کالا,0,data/extra/LG Optimus L7 II Dual P715.xml,ممنون ديجي کالا
5301,-,دوربینی مناسب کار های معمولی است,1,data/extra/Sony NEX-VG10_Hosseini.xml,دوربيني مناسب کار هاي معمولي است
5303,-,متاسفانه ما انسانها خیلی زود با تبلیغات گول میخوریم و هنوز کالایی را نخریده در باره ان نظر میدهیم .,-1,data/extra/Sony NEX-VG10_Hosseini.xml,متأسفانه ما انسانها خيلي زود با تبليغات گول ميخوريم و هنوز کالايي را نخريده در باره ان نظر ميدهيم .
5306,-,دوما :نورگیری ان بسیار کم است و در شرایط نور کم تصویر بسیار بی کیفیت میشود.,-2,data/extra/Sony NEX-VG10_Hosseini.xml,دوما :نورگيري ان بسيار کم است و در شرايط نور کم تصوير بسيار بي کيفيت ميشود.
5309,-,در مجموع من به این دوربین بیشتر از 3 امتیاز از 10 نمیدهم و به نظر من اصلا ارزش این قیمت را ندارد و با این قیمت شما دوربینهای بهتری میتوانید بخرید.,-1,data/extra/Sony NEX-VG10_Hosseini.xml,در مجموع من به اين دوربين بيشتر از 3 امتياز از 10 نميدهم و به نظر من اصلا ارزش اين قيمت را ندارد و با اين قيمت شما دوربينهاي بهتري ميتوانيد بخريد.
5310,-,آنطور که در اینترنت مشخص است، قیمت این دوربین 2000 دلار یا حدود 2 میلیون تومان است.,0,data/extra/Sony NEX-VG10_Hosseini.xml,آنطور که در اينترنت مشخص است،  قيمت اين دوربين 2000 دلار يا حدود 2 ميليون تومان است.
5311,-,این دوربین به هر حال یک هندی کم است و قیمت دو میلیون تومان برای آن کمی زیاد است.,-1,data/extra/Sony NEX-VG10_Hosseini.xml,اين دوربين به هر حال يک هندي کم است و قيمت دو ميليون تومان براي آن کمي زياد است.
5312,-,ظاهرا دوربین خوبی است اگه بشه برای مراسمات ازش استفاده کرد که عالی میشد,1,data/extra/Sony NEX-VG10_Hosseini.xml,ظاهرا دوربين خوبي است  اگه بشه براي مراسمات ازش استفاده کرد که عالي ميشد
5313,-,یکی از زیباترین و حرفه‌ای ترین و از همه مهمتر خوشگلترین دوربینهایی است که تابحال دیدم.,2,data/extra/Sony NEX-VG10_Hosseini.xml,يکي از زيباترين و حرفه‌اي ترين  و از همه مهمتر خوشگلترين دوربينهايي است که تابحال ديدم.
5314,-,این نخستین دوربین فیلم برداری HD از این خانواده است که می توانید روی آن از لنزهای مختلف استفاده کنید.,0,data/extra/Sony NEX-VG10_Hosseini.xml,اين نخستين دوربين فيلم برداري HD از اين خانواده است که مي توانيد روي آن از لنزهاي مختلف استفاده کنيد.
5315,-,علاقمندان به فیلم برداری حالا می توانند به راحتی تصاویر تمام HD کاملا سینمایی و با کیفیت صدای فوق العاده داشته باشند.,2,data/extra/Sony NEX-VG10_Hosseini.xml,علاقمندان به فيلم برداري حالا مي توانند به راحتي تصاوير تمام HD کاملا سينمايي و با کيفيت صداي فوق العاده داشته باشند.
5316,-,این دوربین می تواند از لنزهای سری E-mount مخصوص فیلم برداری استفاده کند.,0,data/extra/Sony NEX-VG10_Hosseini.xml,‏اين دوربين مي تواند از لنزهاي سري E‪-‬mount مخصوص فيلم برداري استفاده کند.
5317,-,همچنین می تواند از لنزهای مختلفی از سری A-mount که برای دوربین های DSLR سونی ارایه شده اند، با یک اداپتور هماهنگ کننده استفاده کند.,0,data/extra/Sony NEX-VG10_Hosseini.xml,همچنين مي تواند از لنزهاي مختلفي از سري A‪-‬mount که براي دوربين هاي DSLR سوني ارايه شده اند،  با يک اداپتور هماهنگ کننده استفاده کند.
5318,-,در کنار اینها می تواند از لنزهای G سونی و لنزهای کارل زایس هم بهره ببرد.,1,data/extra/Sony NEX-VG10_Hosseini.xml,در کنار اينها مي تواند از لنزهاي G سوني و لنزهاي کارل زايس هم بهره ببرد.
5319,-,در واقع این دوربین از فناوری مشابه Micro Four Thirds استفاده می کند اما از آنجایی که این فناوری به نام شرکت پاناسونیک و المپوس است، شرکت سونی تصمیم گرفته که فناوری خودش را Interchangeable Lens HD camcorder بنامد.,0,data/extra/Sony NEX-VG10_Hosseini.xml,‏ در واقع اين دوربين از فناوري مشابه Micro Four Thirds استفاده مي کند اما از آنجايي که اين فناوري به نام شرکت پاناسونيک و المپوس است،  شرکت سوني تصميم گرفته که فناوري خودش را Interchangeable Lens HD camcorder بنامد.
5320,-,ضمن اینکه این نخستین هندی کم ای است که سنسور Exmor APS HD CMOS دارد.,0,data/extra/Sony NEX-VG10_Hosseini.xml,ضمن اينکه اين نخستين هندي کم اي است که سنسور Exmor APS HD CMOS دارد.
5321,-,این سنسور تقریبا ۱۹.,0,data/extra/Sony NEX-VG10_Hosseini.xml,اين سنسور تقريبا ۱۹.
5322,-,۵ برابر بزرگ تر از سنسورهایی است که در دوربین های فیلم برداری معمول به کار رفته است.,0,data/extra/Sony NEX-VG10_Hosseini.xml,۵ برابر بزرگ تر از سنسورهايي است که در دوربين هاي فيلم برداري معمول به کار رفته است.
5323,-,و این قدرت را دارد که عمق تصویر فوق العاده ای را به فیلم بردار ارایه دهد.,2,data/extra/Sony NEX-VG10_Hosseini.xml,و اين قدرت را دارد که عمق تصوير فوق العاده اي را به فيلم بردار ارايه دهد.
5324,-,این دوربین همچنین می تواند با کیفیت ۱۴ مگاپیکسل عکس برداری کند.,0,data/extra/Sony NEX-VG10_Hosseini.xml,اين دوربين همچنين مي تواند با کيفيت ۱۴ مگاپيکسل عکس برداري کند.
5325,-,بنابراین کاربران می توانند لذت عکاسی با کیفیت DSLR را با امکاناتی مانند Auto HDR تجربه کنند.,1,data/extra/Sony NEX-VG10_Hosseini.xml,بنابراين کاربران مي توانند لذت عکاسي با کيفيت DSLR را با امکاناتي مانند Auto HDR تجربه کنند.
5326,-,دوربین NEX-VG10 با رزولوشن ۱۹۲۰ در ۱۰۸۰ با سرعت ۲۴ مگابیت در ثانیه فیلم برداری می کند و به همراه یک لنز E-mount از نوع 18-200mm با زوم اپتیکال ۱۱ برابر ارایه می شود.,0,data/extra/Sony NEX-VG10_Hosseini.xml,دوربين NEX‪-‬VG10 با رزولوشن ۱۹۲۰ در ۱۰۸۰ با سرعت ۲۴ مگابيت در ثانيه فيلم برداري مي کند و به همراه يک لنز E‪-‬mount از نوع 18‪-‬200mm با زوم اپتيکال ۱۱ برابر ارايه مي شود.
5327,-,سیستم صدا برداری دوربین جدید استریو است و با چهار میکروفون مجزا صدا را از محیط با کیفیت عالی ثبت می کند.,2,data/extra/Sony NEX-VG10_Hosseini.xml,‏سيستم صدا برداري دوربين جديد استريو است و با چهار ميکروفون مجزا صدا را از محيط با کيفيت عالي ثبت مي کند.
5328,-,در صورت تمایل می توانید میکروفون عقب دوربین را خاموش کنید تا صدای پس زمینه را کمتر کنید.,0,data/extra/Sony NEX-VG10_Hosseini.xml,در صورت تمايل مي توانيد ميکروفون عقب دوربين را خاموش کنيد تا صداي پس زمينه را کمتر کنيد.
5329,-,این دوربین از ماه سپتامر با قیمتی حدود ۲۰۰۰ دلار ارایه خواهد شد,0,data/extra/Sony NEX-VG10_Hosseini.xml,اين دوربين از ماه سپتامر با قيمتي حدود ۲۰۰۰ دلار ارايه خواهد شد
5330,-,همانطور که گفتیم دوربین NEX-VG10 مجهز به سنسور 23.4 x 15.6 میلی متری 14.2 مگاپیکسلی موثر Exmor APS HD CMOS می باشد که با کیفیت‌ترین سنسور تصویر سونی است.,2,data/extra/Sony NEX-VG10_Hosseini.xml,همانطور که گفتیم دوربین NEX-VG10 مجهز به سنسور 23.4 x 15.6 میلی متری 14.2 مگاپیکسلی موثر Exmor APS HD CMOS می باشد که با کیفیت‌ترین سنسور تصویر سونی است.
5331,-,ضبط ویدیویی Full HD می تواند در کیفیت های 24mbps و 16mbps انجام گیرد.,0,data/extra/Sony NEX-VG10_Hosseini.xml,ضبط ویدیویی Full HD می تواند در کیفیت های 24mbps و 16mbps انجام گیرد.
5332,-,فیلم برداری 1440 x 1080p در فرمت MPEG4 و کیفیت 9mbps نیز می تواند انجام شود.,0,data/extra/Sony NEX-VG10_Hosseini.xml,فیلم برداری 1440 x 1080p در فرمت MPEG4 و کیفیت 9mbps نیز می تواند انجام شود.
5333,-,یکی از نقاط قوت این دوربین توانایی ضبط صدای Dolby digital بسیار با کیفیت با کمک چهار میکروفون است.,2,data/extra/Sony NEX-VG10_Hosseini.xml,یکی از نقاط قوت این دوربین توانایی ضبط صدای Dolby digital بسیار با کیفیت با کمک چهار میکروفون است.
5334,-,بعلاوه توانایی بسیار عالی را نیز در حذف نویز پس زمینه دارد.,2,data/extra/Sony NEX-VG10_Hosseini.xml,بعلاوه توانایی بسیار عالی را نیز در حذف نویز پس زمینه دارد.
5335,-,یک جک میکروفون اکسترنال نیز بر روی این دوربین وجود دارد.,0,data/extra/Sony NEX-VG10_Hosseini.xml,یک جک میکروفون اکسترنال نیز بر روی این دوربین وجود دارد.
5336,-,همانند دوربین های DSLR، سنسور این دوربین فیلم برداری نیز از امکانات ضد گرد و غبار بهره می‌برد.,1,data/extra/Sony NEX-VG10_Hosseini.xml,همانند دوربین های DSLR،  سنسور این دوربین فیلم برداری نیز از امکانات ضد گرد و غبار بهره می‌برد.
5337,-,با استفاده از فن آوری لرزش فراصوت فیلتر سنسور غبار احتمالی نشسته بر روی آن برطرف می شود.,1,data/extra/Sony NEX-VG10_Hosseini.xml,با استفاده از فن آوری لرزش فراصوت فیلتر سنسور غبار احتمالی نشسته بر روی آن برطرف می شود.
5338,-,این غبار ممکن است به هنگام تعویض لنز بر روی سنسور بنشیند.,0,data/extra/Sony NEX-VG10_Hosseini.xml,این غبار ممکن است به هنگام تعویض لنز بر روی سنسور بنشیند.
5339,-,هنگام خرید این لنز با کیت لنز E18-200mm F3.5-6.3 OSS به فروش می رسد.,0,data/extra/Sony NEX-VG10_Hosseini.xml,هنگام خرید این لنز با کیت لنز E18-200mm F3.5-6.3 OSS به فروش می رسد.
5340,-,این لنز مجهز به لرزش گیر تصویر اپتیکال و سیستم فوکوس خودکار بسیار کم صدا می باشد.,2,data/extra/Sony NEX-VG10_Hosseini.xml,این لنز مجهز به لرزش گیر تصویر اپتیکال و سیستم فوکوس خودکار بسیار کم صدا می باشد.
5341,-,در ضمن حالت واید بسیار عالی و بزرگنمایی 11X را نیز ارایه می کند.,2,data/extra/Sony NEX-VG10_Hosseini.xml,در ضمن حالت واید بسیار عالی و بزرگنمایی 11X را نیز ارایه می کند.
5342,-,بعلاوه قابلیت سازگاری با دیگر لنزهای E mount سونی را دارد.,1,data/extra/Sony NEX-VG10_Hosseini.xml,بعلاوه قابلیت سازگاری با دیگر لنزهای E mount سونی را دارد.
5343,-,با دیگر لنزهای Sony Alpha، Minolta و Konica Minolta با آداپتور قابلیت سازگاری دارد.,1,data/extra/Sony NEX-VG10_Hosseini.xml,با دیگر لنزهای Sony Alpha،  Minolta و Konica Minolta با آداپتور قابلیت سازگاری دارد.
5344,-,البته با این لنزها دیگر فوکوس خودکار امکان‌پذیر نمی‌باشد.,-1,data/extra/Sony NEX-VG10_Hosseini.xml,البته با این لنزها دیگر فوکوس خودکار امکان‌پذیر نمی‌باشد.
5345,-,شوتینگ مودهای کامل یک دوربین DSLR مثل manual، Shutter priority و Aperture priority نیز بر روی NEX-VG10 یافت می شوند.,0,data/extra/Sony NEX-VG10_Hosseini.xml,شوتینگ مودهای کامل یک دوربین DSLR مثل manual،  Shutter priority و Aperture priority نیز بر روی NEX-VG10 یافت می شوند.
5346,-,حساسیت سنسور یا ISO این دوربین از 200 تا 12800 قابل تنظیم است.,0,data/extra/Sony NEX-VG10_Hosseini.xml,حساسیت سنسور یا ISO این دوربین از 200 تا 12800 قابل تنظیم است.
5347,-,برای حرفه ای ترها نیز باید بگوییم که سیستم نورسنجی این دوربین Multi-segment، Center-weighted و Spot که بسیار شبیه به DSLR ها است عمل می کند.,0,data/extra/Sony NEX-VG10_Hosseini.xml,برای حرفه ای ترها نیز باید بگوییم که سیستم نورسنجی این دوربین Multi-segment،  Center-weighted و Spot که بسیار شبیه به DSLR ها است عمل می کند.
5348,-,جبران نوردهی نیز تا 2EV عمل می کند.,0,data/extra/Sony NEX-VG10_Hosseini.xml,جبران نوردهی نیز تا 2EV عمل می کند.
5349,-,سرعت شاتر این دوربین در هنگام فیلم برداری از 1/4 ثانیه تا 1/4000 و در هنگام ضبط عکاسی از 30 ثانیه تا 1/4000 ثانیه می باشد.,0,data/extra/Sony NEX-VG10_Hosseini.xml,سرعت شاتر این دوربین در هنگام فیلم برداری از 1/4 ثانیه تا 1/4000 و در هنگام ضبط عکاسی از 30 ثانیه تا 1/4000 ثانیه می باشد.
5350,-,بهترین مقدار نور محیط برای فیلم برداری با این دوربین 11 لوکس می باشد تا فیلم های با کیفیت تری بدست آید.,0,data/extra/Sony NEX-VG10_Hosseini.xml,بهترین مقدار نور محیط برای فیلم برداری با این دوربین 11 لوکس می باشد تا فیلم های با کیفیت تری بدست آید.
5351,-,"این دوربین مجهز به چشمی الکترونیکی بسیار با کیفیت 0.43"" XtraFine TruBlack با کیفیت 921,000 نقطه می باشد.",2,data/extra/Sony NEX-VG10_Hosseini.xml,"این دوربین مجهز به چشمی الکترونیکی بسیار با کیفیت 0.43"" XtraFine TruBlack با کیفیت 921,000 نقطه می باشد."
5352,-,"نمایشگر 3 اینچی بسیار با کیفیت XtraFine TruBlack نیز کیفیت 921,000 نقطه را ارایه می کند.",2,data/extra/Sony NEX-VG10_Hosseini.xml,"نمایشگر 3 اینچی بسیار با کیفیت XtraFine TruBlack نیز کیفیت 921,000 نقطه را ارایه می کند."
5353,-,این دوربین فلاش داخلی ندارد ولی فلاش اکسترنال به آن متصل می شود که اتفاقا به هنگام خرید در جعبه موجود است.,0,data/extra/Sony NEX-VG10_Hosseini.xml,این دوربین فلاش داخلی ندارد ولی فلاش اکسترنال به آن متصل می شود که اتفاقا به هنگام خرید در جعبه موجود است.
5354,-,از پورت های خروجی و ورودی می توان به خروجی HDMI برای اتصال به HDTV، USB 2.0، خروجی ویدیو NTSC/PAL، جک هدفون استریو، جک میکروفون استریو اکسترنال و ورودی DC اشاره کرد.,0,data/extra/Sony NEX-VG10_Hosseini.xml,از پورت های خروجی و ورودی می توان به خروجی HDMI برای اتصال به HDTV،  USB 2.0،  خروجی ویدیو NTSC/PAL،  جک هدفون استریو،  جک میکروفون استریو اکسترنال و ورودی DC اشاره کرد.
5355,-,"این دوربین از کارت های حافظه ی Memory Stick Pro Duo, Pro-HG Duo، SD/SDHC و SDXC پشتیبانی می‌کند.",1,data/extra/Sony NEX-VG10_Hosseini.xml,"این دوربین از کارت های حافظه ی Memory Stick Pro Duo, Pro-HG Duo،  SD/SDHC و SDXC پشتیبانی می‌کند."
5356,-,یک باتری قابل شارژ لیتیوم-یونی 1650mAh نیز به همراه آن موجود می باشد.,0,data/extra/Sony NEX-VG10_Hosseini.xml,یک باتری قابل شارژ لیتیوم-یونی 1650mAh نیز به همراه آن موجود می باشد.
5357,-,طبق ادعای شرکت این باتری با یک بار شارژ توانایی شارژدهی به مدت 330 دقیقه برای فیلم برداری را دارد.,0,data/extra/Sony NEX-VG10_Hosseini.xml,طبق ادعای شرکت این باتری با یک بار شارژ توانایی شارژدهی به مدت 330 دقیقه برای فیلم برداری را دارد.
5358,-,وزن کلی این دوربین 1.3 کیلوگرم می باشد.,0,data/extra/Sony NEX-VG10_Hosseini.xml,وزن کلی این دوربین 1.3 کیلوگرم می باشد.
5359,-,در کل این دوربین را به افرادی که به فیلم برداری جدی و فیلم سازی آماتوری علاقه دارند پیشنهاد می کنیم.,1,data/extra/Sony NEX-VG10_Hosseini.xml,در کل این دوربین را به افرادی که به فیلم برداری جدی و فیلم سازی آماتوری علاقه دارند پیشنهاد می کنیم.
5460,-,خیلی خوش دسته.,2,data/extra/Canon PowerShot SX230 HS.xml,خيلي خوش دسته.
5674,-,بنابراین نوکیا 500 با وجود قیمت ارزانی که دارد، حتی از Nokia N8 معروف هم سریع‌تر است.,1,data/extra/Nokia 500_Hosseini.xml,بنابراین نوکیا 500 با وجود قیمت ارزانی که دارد، حتی از Nokia N8 معروف هم سریع‌تر است.
5679,-,هرچند که این گوشی فلزی نیست، ولی از پلاستیک معمولی، بسیار مقاوم‌تر می‌باشد.,2,data/extra/Nokia 500_Hosseini.xml,هرچند که این گوشی فلزی نیست،  ولی از پلاستیک معمولی، بسیار مقاوم‌تر می‌باشد.
5682,-,طراحی گوشی نیز بسیار آرگونومیک صورت گرفته و در قسمت پشتی کاملا زیبا می‌باشد.,2,data/extra/Nokia 500_Hosseini.xml,طراحی گوشی نیز بسیار آرگونومیک صورت گرفته و در قسمت پشتی کاملاً زیبا می‌باشد.
5687,-,شاید سیستم عامل سیمبین به خصوص از نظر اپلیکیشن‌ها عقب‌تر از iOS و Android قرار بگیرد ولی به هر صورت سیستم عاملی کاملا دوست‌داشتنی به خصوص برای کاربرانی که پیش از این هم به این سیستم عامل عادت کرده‌اند می‌باشد.,1,data/extra/Nokia 500_Hosseini.xml,شاید سیستم عامل سیمبین به خصوص از نظر اپلیکیشن‌ها عقب‌تر از iOS و Android قرار بگیرد ولی به هر صورت سیستم عاملی کاملاً دوست‌داشتنی به خصوص برای کاربرانی که پیش از این هم به این سیستم عامل عادت کرده‌اند می‌باشد.
5694,-,درون این گوشی یک باتری 1110 میلی‌آمپری جای داده شده که توانایی شارژدهی نسبتا خوبی را به گوشی ارایه می‌دهد به طوری که می‌تواند تا 7 ساعت زمان مکالمه، 500 ساعت زمان انتظار و 35 ساعت زمان پخش موسیقی را پشتیبانی کند.,1,data/extra/Nokia 500_Hosseini.xml,درون این گوشی یک باتری 1110 میلی‌آمپری جای داده شده که توانایی شارژدهی نسبتاً خوبی را به گوشی ارایه می‌دهد به طوری که می‌تواند تا 7 ساعت زمان مکالمه،  500 ساعت زمان انتظار و 35 ساعت زمان پخش موسیقی را پشتیبانی کند.
6073,-,به جز گوشه‌های نسبتا گردتر، G6 خیلی شبیه به مدل های پیشین خود به نظر می رسد.,0,data/extra/Panasonic Lumix DMC-G6_Hosseini.xml,به جز گوشه‌های نسبتاً گردتر،  G6 خیلی شبیه به مدل های پیشین خود به نظر می رسد.
6074,-,از جلو که به دوربین نگاه می کنیم بیشتر شبیه به Leica S2 به نظر می رسد.,0,data/extra/Panasonic Lumix DMC-G6_Hosseini.xml,از جلو که به دوربین نگاه می کنیم بیشتر شبیه به Leica S2 به نظر می رسد.
6075,-,با این حال نسبت به مدل پیشین طوری به نظر می رسد که گویی شانه‌های بلندتری دارد.,0,data/extra/Panasonic Lumix DMC-G6_Hosseini.xml,با این حال نسبت به مدل پیشین طوری به نظر می رسد که گویی شانه‌های بلندتری دارد.
6076,-,بیشتر تغییرات در قسمت پشتی دیده می شوند.,0,data/extra/Panasonic Lumix DMC-G6_Hosseini.xml,بیشتر تغییرات در قسمت پشتی دیده می شوند.
6077,-,جایی که این دوربین دارای 5 دکمه ی قابل برنامه ریزی Fn است و از این نظر شبیه به دوربین سطح بالاتر GH3 شده است.,0,data/extra/Panasonic Lumix DMC-G6_Hosseini.xml,جایی که این دوربین دارای 5 دکمه ی قابل برنامه ریزی Fn است و از این نظر شبیه به دوربین سطح بالاتر GH3 شده است.
6078,-,به جز همه ی این ها، یک دکمه ی Wi-Fi/Fn4 هم وجود دارد.,0,data/extra/Panasonic Lumix DMC-G6_Hosseini.xml,به جز همه ی این ها،  یک دکمه ی Wi-Fi/Fn4 هم وجود دارد.
6080,-,در همان قسمت پشتی، نمایشگر بزرگ و با کیفیت لمسی این دوربین قرار گرفته است.,1,data/extra/Panasonic Lumix DMC-G6_Hosseini.xml,در همان قسمت پشتی، نمایشگر بزرگ و با کیفیت لمسی این دوربین قرار گرفته است.
6081,-,همانند مدل پیشین، نمایشگر این دوربین هم کاملا چرخنده و لمسی است.,1,data/extra/Panasonic Lumix DMC-G6_Hosseini.xml,همانند مدل پیشین، نمایشگر این دوربین هم کاملاً چرخنده و لمسی است.
6082,-,با این تفاوت که اکنون فن آوری لمسی این نمایشگر از نوع خازنی و مالتی تاچ است و مقاومتی نیست.,0,data/extra/Panasonic Lumix DMC-G6_Hosseini.xml,با این تفاوت که اکنون فن آوری لمسی این نمایشگر از نوع خازنی و مالتی تاچ است و مقاومتی نیست.
6083,-,این باعث شده که احساس خیلی بهتری در هنگام کار کردن با نمایشگر داشته باشید.,2,data/extra/Panasonic Lumix DMC-G6_Hosseini.xml,این باعث شده که احساس خیلی بهتری در هنگام کار کردن با نمایشگر داشته باشید.
6084,-,البته همچنان رد کردن عکس ها در Playback مقداری Laggy است.,0,data/extra/Panasonic Lumix DMC-G6_Hosseini.xml,البته همچنان رد کردن عکس ها در Playback مقداری Laggy است.
6085,-,البته فراموش نکنیم بگوییم که نمایشگر این دوربین با نسبت 3:2 مقداری وایدتر از نمایشگر دوربین G5 که نسبت 4:3 را ارائه می داده است.,0,data/extra/Panasonic Lumix DMC-G6_Hosseini.xml,البته فراموش نکنیم بگوییم که نمایشگر این دوربین با نسبت 3:2 مقداری وایدتر از نمایشگر دوربین G5 که نسبت 4:3 را ارائه می داده است.
6086,-,از قسمت بالا، این دوربین تقریبا همان G5 است.,0,data/extra/Panasonic Lumix DMC-G6_Hosseini.xml,از قسمت بالا،  این دوربین تقریبا همان G5 است.
6087,-,در ضمن دکمه ی iA یا همان اتوماتیک هوشمند نیز در همان قسمت بالا قرار دارد.,0,data/extra/Panasonic Lumix DMC-G6_Hosseini.xml,در ضمن دکمه ی iA یا همان اتوماتیک هوشمند نیز در همان قسمت بالا قرار دارد.
6089,-,در کل هرچند که G6 دوربین کوچکی است ولی به لطف دستگیره‌ی بزرگی که دارد همانند مدل پیشینش به خوبی در دست جای می گیرد.,1,data/extra/Panasonic Lumix DMC-G6_Hosseini.xml,در کل هرچند که G6 دوربین کوچکی است ولی به لطف دستگیره‌ی بزرگی که دارد همانند مدل پیشینش به خوبی در دست جای می گیرد.
6090,-,اما به مشخصات فنی می رویم.,0,data/extra/Panasonic Lumix DMC-G6_Hosseini.xml,اما به مشخصات فنی می رویم.
6091,-,نخست از Clear Retouch بگوییم که در حقیقت ابزاری است شبیه به Healing Tool یا Clone Tool در فوتوشاپ.,0,data/extra/Panasonic Lumix DMC-G6_Hosseini.xml,نخست از Clear Retouch بگوییم که در حقیقت ابزاری است شبیه به Healing Tool یا Clone Tool در فوتوشاپ.
6092,-,در عکسی که با دوربین گرفته اید، می‌توانید با یک لمس بر روی هر جا از صحنه و انتخاب آن قسمت کاری کنید که دوربین به صورت هوشمند یا Context Aware Fill قسمت دیگری از عکس را جایگزین کند.,0,data/extra/Panasonic Lumix DMC-G6_Hosseini.xml,در عکسی که با دوربین گرفته اید، می‌توانید با یک لمس بر روی هر جا از صحنه و انتخاب آن قسمت کاری کنید که دوربین به صورت هوشمند یا Context Aware Fill قسمت دیگری از عکس را جایگزین کند.
6094,-,با این حال طبق ادعای کمپانی، این دوربین از نظر پردازش عکس‌ها قوی‌تر عمل می کند تا عکس‌های با کیفیت‌تری بدست آید.,1,data/extra/Panasonic Lumix DMC-G6_Hosseini.xml,با این حال طبق ادعای کمپانی، این دوربین از نظر پردازش عکس‌ها قوی‌تر عمل می کند تا عکس‌های با کیفیت‌تری بدست آید.
6096,-,چشمی الکترونیکی این دوربین رزولوشن 800X400 پیکسل را ارائه می دهد و از نوع OLED می باشد.,0,data/extra/Panasonic Lumix DMC-G6_Hosseini.xml,چشمی الکترونیکی این دوربین رزولوشن 800X400 پیکسل را ارائه می دهد و از نوع OLED می باشد.
6098,-,این دوربین نیز همانند مدل پیشین توانایی فیلم برداری Full HD باسرعت 60 فریم بر ثانیه در فرمت AVCHD را دارد که البته می‌توانید کنترل کاملی را نیز بر روی پارامترهای نوردهی در هنگام فیلم برداری داشته باشید.,1,data/extra/Panasonic Lumix DMC-G6_Hosseini.xml,این دوربین نیز همانند مدل پیشین توانایی فیلم برداری Full HD باسرعت 60 فریم بر ثانیه در فرمت AVCHD را دارد که البته می‌توانید کنترل کاملی را نیز بر روی پارامترهای نوردهی در هنگام فیلم برداری داشته باشید.
6100,-,مورد خیلی خاص دیگری برای گفتن درباره ی این دوربین وجود ندارد، به جز اینکه حقیقتا G6 هم مثل مدل های پیشین خود از دوربین‌های بسیار خوب به حساب می آید.,2,data/extra/Panasonic Lumix DMC-G6_Hosseini.xml,مورد خیلی خاص دیگری برای گفتن درباره ی این دوربین وجود ندارد،  به جز اینکه حقیقتا G6 هم مثل مدل های پیشین خود از دوربین‌های بسیار خوب به حساب می آید.
6101,-,M50 در رده‌ی دوربین‌های خانگی یا سطح مبتدی کانن است.,0,data/extra/Canon Vixia HF M50_Hosseini.xml,M50 در رده‌ی دوربین‌های خانگی یا سطح مبتدی کانن است.
6104,-,همانطور که گفتیم تفاوت M50 با M500 در این است که M50 دارای 8 گیگابایت حافظه‌ی خشک داخلی می‌باشد که تا حدود 3 ساعت فیلم را می‌توانید بر روی آن ضبط کنید.,0,data/extra/Canon Vixia HF M50_Hosseini.xml,همانطور که گفتیم تفاوت M50 با M500 در این است که M50 دارای 8 گیگابایت حافظه‌ی خشک داخلی می‌باشد که تا حدود 3 ساعت فیلم را می‌توانید بر روی آن ضبط کنید.
6105,-,پس از پر شدن ظرفیت حافظه‌ی داخلی می‌توانید بر روی کارت حافظه‌ی SD/SDHC/SDXC فیلم برداری را ادامه دهید.,0,data/extra/Canon Vixia HF M50_Hosseini.xml,پس از پر شدن ظرفیت حافظه‌ی داخلی می‌توانید بر روی کارت حافظه‌ی SD/SDHC/SDXC فیلم برداری را ادامه دهید.
6115,-,M50 مجهز به لنز با توانایی زوم 10 برابر است.,0,data/extra/Canon Vixia HF M50_Hosseini.xml,M50 مجهز به لنز با توانایی زوم 10 برابر است.
6122,-,در کل همانطور که گفتیم، M50 دوربین فیلم برداری بسیار خوب دیگری از کانن است که کاملا کوچک و سبک ساخته شده و در ضمن از امکانات و فن آوری‌های پیشرفته و خوبی بهره می‌برد.,2,data/extra/Canon Vixia HF M50_Hosseini.xml,در کل همانطور که گفتیم،  M50 دوربین فیلم برداری بسیار خوب دیگری از کانن است که کاملا کوچک و سبک ساخته شده و در ضمن از امکانات و فن آوری‌های پیشرفته و خوبی بهره می‌برد.
6124,-,"کیفیت صفحه نمایش تو عمل واقعا راضی کنندست اصلا به چشم نمیاد نسبت به امکانات واقعا محشره من الان دو هفته ای میشه که دارمش به جرات میشه گفت از media pad fhd و asus transformers مناسبتره، مخصوصا gamingش عالیه، shadowgun,blade slinger,real boxing , ..",2,data/extra/Fujitsu Stylistic M532.xml,"کيفيت صفحه نمايش تو عمل واقعا راضي کنندست اصلا به چشم نمياد نسبت به امکانات واقعا محشره من الان دو هفته اي ميشه که دارمش به جرات ميشه گفت از media pad fhd و asus transformers مناسبتره، مخصوصا gamingش عاليه، shadowgun,blade slinger,real boxing , .."
6126,-,من خودم این تبلت رو دارم و هیچ مشکلی نداره رزولوشن عالی هست هیچ فرقی با نوت ۱۰.,2,data/extra/Fujitsu Stylistic M532.xml,من خودم اين تبلت رو دارم و هيچ مشکلي نداره رزولوشن عالي هست هيچ فرقي با نوت ۱۰.
6127,-,۱ نداره.,0,data/extra/Fujitsu Stylistic M532.xml,۱ نداره.
6128,-,رزولوشن صفحه اش پایینه در حالی که تبلت های 7 اینچی خوب مانند Ainol novo 7 venus و یا nexus 7 و .,-1,data/extra/Fujitsu Stylistic M532.xml,رزولوشن صفحه اش پايينه در حالي که تبلت هاي 7 اينچي خوب مانند Ainol novo 7 venus و يا nexus 7 و .
6129,-,از کیفیت بالاتری برخوردار اند.,0,data/extra/Fujitsu Stylistic M532.xml,از کيفيت بالاتري برخوردار اند.
6133,-,فلسفه به وجود آمدن تبلت کنار رفتن کیبرد فیزیکی کامپیوتر از طریق لمس یک صفحه با کیفیت است یادمون باشه برای چه منظوری می خواهیم تبلت بخریم.,0,data/extra/Fujitsu Stylistic M532.xml,فلسفه به وجود آمدن تبلت کنار رفتن کيبرد فيزيکي کامپيوتر از طريق لمس يک صفحه با کيفيت است يادمون باشه براي چه منظوري مي خواهيم تبلت بخريم.
6134,-,به نظر می رسه با توجه به امکاناتش قیمتش مناسبه,1,data/extra/Fujitsu Stylistic M532.xml,به نظر مي رسه با توجه به امکاناتش قيمتش مناسبه
6137,-,البته نسخه‌های مختلف مثل سیانوژن مد، این تنظیم و محدودیت رو برداشتن.,0,data/extra/Fujitsu Stylistic M532.xml,البته نسخه‌هاي مختلف مثل سيانوژن مد،  اين تنظيم  و محدوديت رو برداشتن.
6140,-,میدهد.,0,data/extra/Fujitsu Stylistic M532.xml,ميدهد.
6141,-,برای اطلاعات بیشتر میتونید به وب سایت رسمی فوجیتسو سر بزنید,0,data/extra/Fujitsu Stylistic M532.xml,براي اطلاعات بيشتر ميتونيد به وب سايت رسمي فوجيتسو سر بزنيد
6142,-,امکانات خوبی نسبت به قیمتش داره اما به دلیل نداشتن درگاه HDMI و وجود رزولوشن پائین صفحه نمایش ، میشه گفت که این برند کمی ضعیف عمل کرده .,-1,data/extra/Fujitsu Stylistic M532.xml,امکانات خوبي نسبت به قيمتش داره اما به دليل نداشتن درگاه HDMI و وجود رزولوشن پائين صفحه نمايش ،  ميشه گفت که اين برند کمي ضعيف عمل کرده .
6143,-,البته به غیر از اینها فرم این تبلت کمی بزرگ و ناجور به نظر میاد .,-1,data/extra/Fujitsu Stylistic M532.xml,البته به غير از اينها فرم اين تبلت کمي بزرگ و ناجور به نظر مياد .
6180,-,حافظه داخلی Stylistic به میزان 32 گیگابایت است که با توجه به قابلیت این دستگاه مبنی بر پشتیبانی از کارت حافظه جانبی، می‌توان با کارت‌های microSD آن‌را افزایش داد.,1,data/extra/Fujitsu Stylistic M532.xml,حافظه داخلی Stylistic به میزان 32 گیگابایت است که با توجه به قابلیت این دستگاه مبنی بر پشتیبانی از کارت حافظه جانبی،  می‌توان با کارت‌های microSD آن ‌را افزایش داد.
6184,-,فقط فوجیتسو قالب آن‌را منطبق بر طراحی بدنه تغییر داده است که انصافا تغییر بسیار زیبا و مفیدی بوده است.,2,data/extra/Fujitsu Stylistic M532.xml,فقط فوجیتسو قالب آن ‌را منطبق بر طراحی بدنه تغییر داده است که انصافا تغییر بسیار زیبا و مفیدی بوده است.
6207,-,با توجه به قیمت این تبلت، می‌توان آن‌را یک دستگاه مقرون به صرفه دانست.,1,data/extra/Fujitsu Stylistic M532.xml,با توجه به قیمت این تبلت،  می‌توان آن ‌را یک دستگاه مقرون به صرفه دانست.
6241,-,حافظه داخلی Stylistic به میزان 32 گیگابایت است که با توجه به قابلیت این دستگاه مبنی بر پشتیبانی از کارت حافظه جانبی، می‌توان با کارت‌های microSD آن‌را افزایش داد.,1,data/extra/Fujitsu Stylistic M532_Hosseini.xml,حافظه داخلی Stylistic به میزان 32 گیگابایت است که با توجه به قابلیت این دستگاه مبنی بر پشتیبانی از کارت حافظه جانبی،  می‌توان با کارت‌های microSD آن‌را افزایش داد.
6243,-,نرم افزار سیستم عامل موجود بر روی تبلت جدید فوجیتسو همان طور که گفتیم سیستم عامل محبوب و قدرتمند اندروید می‌باشد.,1,data/extra/Fujitsu Stylistic M532_Hosseini.xml,نرم افزار سیستم عامل موجود بر روی تبلت جدید فوجیتسو همان طور که گفتیم سیستم عامل محبوب و قدرتمند اندروید می‌باشد.
6245,-,فقط فوجیتسو قالب آن‌را منطبق بر طراحی بدنه تغییر داده است که انصافا تغییر بسیار زیبا و مفیدی بوده است.,2,data/extra/Fujitsu Stylistic M532_Hosseini.xml,فقط فوجیتسو قالب آن‌را منطبق بر طراحی بدنه تغییر داده است که انصافا تغییر بسیار زیبا و مفیدی بوده است.
6257,-,در حقیقت می‌توان به جرات گفت که کمتر تبلتی در بازار وجود که دوربینی به خوبی دوربینStylistic داشته باشد.,1,data/extra/Fujitsu Stylistic M532_Hosseini.xml,در حقیقت می‌توان به جرات گفت که کمتر تبلتی در بازار وجود که دوربینی به خوبی دوربینStylistic    داشته باشد.
6268,-,با توجه به قیمت این تبلت، می‌توان آن‌را یک دستگاه مقرون به صرفه دانست.,1,data/extra/Fujitsu Stylistic M532_Hosseini.xml,با توجه به قیمت این تبلت،  می‌توان آن‌را یک دستگاه مقرون به صرفه دانست.
6422,-,طراحی و ساخت گوشی Desire SV از جنس پلاستیک ساخته شده است و طراحی جمع و جور، گوشه های انحنا دار و ابعاد مناسب این گوشی موجب می‌شود که استفاده از آن تنها با یک دست نیز امکان پذیر باشد.,1,data/extra/HTC Desire SV_Hosseini.xml,طراحی و ساخت گوشی Desire SV از جنس پلاستیک ساخته شده است و طراحی جمع و جور،  گوشه های انحنا دار و ابعاد مناسب این گوشی موجب می‌شود که استفاده از آن تنها با یک دست نیز امکان پذیر باشد.
6423,-,در قسمت جلوی این گوشی صفحه نمایش 4.3 اینچی و در زیر آن سه دکمه لمسی قرار گرفته‌اند.,0,data/extra/HTC Desire SV_Hosseini.xml,در قسمت جلوی این گوشی صفحه نمایش 4.3  اینچی و در زیر آن سه دکمه لمسی قرار گرفته‌اند.
6424,-,پورت micro-USB در لبه پایینی این دستگاه قرار دارد و در لبه سمت راست آن نیز کلید کم و زیاد کردن صدا تعبیه شده است.,0,data/extra/HTC Desire SV_Hosseini.xml,پورت micro-USB در لبه پایینی این دستگاه قرار دارد و در لبه سمت راست آن نیز کلید کم و زیاد کردن صدا تعبیه شده است.
6426,-,نهایتا در قسمت پشت گوشی، دوربین 8 مگاپیکسلی این گوشی به همراه فلاش LED خود نمایی می‌کند.,0,data/extra/HTC Desire SV_Hosseini.xml,نهایتاً در قسمت پشت گوشی،  دوربین 8 مگاپیکسلی این گوشی به همراه فلاش LED خود نمایی می‌کند.
6428,-,صفحه نمایش صفحه نمایش 4.3 اینچی HTC Desire SV یک صفحه نمایش لمسی خازنی از نوع Super LCD 2 می‌باشد که قادر است تصاویر را با رزولوشن 800×480 پیکسل به نمایش بگذارد.,0,data/extra/HTC Desire SV_Hosseini.xml,صفحه نمایش صفحه نمایش 4.3 اینچی HTC Desire SV یک صفحه نمایش لمسی خازنی از نوع Super LCD 2 می‌باشد که قادر است تصاویر را با رزولوشن 800×480 پیکسل به نمایش بگذارد.
6429,-,تراکم پیکسلی این صفحه نمایش برابر با 217 پیکسل در هر اینچ است و از حرکات مالتی تاچ نیز پشتیبانی می‌کند.,0,data/extra/HTC Desire SV_Hosseini.xml,تراکم پیکسلی این صفحه نمایش برابر با 217 پیکسل در هر اینچ است و از حرکات مالتی تاچ نیز پشتیبانی می‌کند.
6430,-,همچنین این صفحه نمایش قادر است 16 میلیون رنگ را نمایش دهد.,0,data/extra/HTC Desire SV_Hosseini.xml,همچنین این صفحه نمایش قادر است 16 میلیون رنگ را نمایش دهد.
6433,-,سخت افزار HTC Desire SV از نظر امکانات سخت افزاری در سطح خوبی قرار دارد.,1,data/extra/HTC Desire SV_Hosseini.xml,سخت افزار HTC Desire SV  از نظر امکانات سخت افزاری در سطح خوبی قرار دارد.
6434,-,پردازنده دو هسته ای Snapdragon به کار رفته در این گوشی دارای قدرت پردازشی یک گیگاهرتز است و 768 مگابایت حافظه RAM نیز برای آن در نظر گرفته شده است.,0,data/extra/HTC Desire SV_Hosseini.xml,پردازنده دو هسته ای Snapdragon  به کار رفته در این گوشی دارای قدرت پردازشی یک گیگاهرتز است و 768 مگابایت حافظه RAM نیز برای آن در نظر گرفته شده است.
6435,-,چیپ گرافیکی Adreno 203 نیز عملکرد متوسطی در هنگام اجرا و پردازش گرافیک‌ها و بازی‌ها دارد.,-1,data/extra/HTC Desire SV_Hosseini.xml,چیپ گرافیکی Adreno 203 نیز عملکرد متوسطی در هنگام اجرا و پردازش گرافیک‌ها و بازی‌ها دارد.
6439,-,HTC Desire SV دو سیم کارته است و سیم کارت‌های قرار گرفته بر روی این گوشی می‌توانند باند های مختلف مخابراتی را در شبکه های 2G و 3G پشتیبانی کنند.,0,data/extra/HTC Desire SV_Hosseini.xml,HTC Desire SV  دو سیم کارته است و سیم کارت‌های قرار گرفته بر روی این گوشی می‌توانند باند های مختلف مخابراتی را در شبکه های 2G و 3G پشتیبانی کنند.
6440,-,از جمله قابلیت‌های ارتباطی HTC Desire SV می‌توان به پشتیبانی از Wi-Fi، GPRS، 3G اشاره کرد که برقراری ارتباط با اینترنت را به سهولت فراهم می‌کنند.,0,data/extra/HTC Desire SV_Hosseini.xml,از جمله قابلیت‌های ارتباطی HTC Desire SV می‌توان به پشتیبانی از Wi-Fi،  GPRS،  3G اشاره کرد که برقراری ارتباط با اینترنت را به سهولت فراهم می‌کنند.
6441,-,همچنین بهره گیری از نسخه 4.0 فناوری بلوتوث به اشتراک گذاری فایل بین دستگاه های مختلف را با سرعت بالا ممکن می‌سازد.,1,data/extra/HTC Desire SV_Hosseini.xml,همچنین بهره گیری از نسخه 4.0  فناوری بلوتوث به اشتراک گذاری فایل بین دستگاه های مختلف را با سرعت بالا ممکن می‌سازد.
6442,-,نرم افزار یکی از نقاط قوت این گوشی دو سیم کارته، بهره گیری آن از نسخه 4 یا Ice Cream Sandwich سیستم عامل اندروید است.,1,data/extra/HTC Desire SV_Hosseini.xml,نرم افزار یکی از نقاط قوت این گوشی دو سیم کارته،  بهره گیری آن از نسخه 4 یا Ice Cream Sandwich سیستم عامل اندروید است.
6444,-,رابط کاربری HTC Desire SV بسیار شبیه به رابط کاربری گوشی‌های خانواده One کمپانی HTC نظیر HTC One X و HTC One S است.,0,data/extra/HTC Desire SV_Hosseini.xml,رابط کاربری HTC Desire SV بسیار شبیه به رابط کاربری گوشی‌های خانواده One کمپانی HTC نظیر HTC One X و HTC One S است.
6445,-,به لطف وجود سیستم عامل اندروید، امکان شخصی سازی صفحات، اضافه کردن ویجت ها، تغییر تصاویر پس زمینه و.,0,data/extra/HTC Desire SV_Hosseini.xml,به لطف وجود سیستم عامل اندروید،  امکان شخصی سازی صفحات،  اضافه کردن ویجت ها،  تغییر تصاویر پس زمینه و.
6447,-,همچنین برنامه های متنوعی از قبل بر روی این گوشی نصب شده‌اند که از جمله آن‌ها می‌توان به برنامه نقشه گوگل، Dropbox، ایمیل، نمایشگر فایل‌های آفیس و .,1,data/extra/HTC Desire SV_Hosseini.xml,همچنین برنامه های متنوعی از قبل بر روی این گوشی نصب شده‌اند که از جمله آن‌ها می‌توان به برنامه نقشه گوگل،  Dropbox،  ایمیل،  نمایشگر فایل‌های آفیس و .
6450,-,HTC Desire SV قادر است فایل‌های صوتی را با فرمت های معروفی نظیر MP3، eAAC+، WMA، WAV پخش نماید و به دلیل بهره‌گیری از فناوری صوتی Beats Audio می‌توان کیفیت صدای خوبی را از آن توقع داشت.,1,data/extra/HTC Desire SV_Hosseini.xml,HTC Desire SV  قادر است فایل‌های صوتی را با فرمت های معروفی نظیر MP3،  eAAC+،  WMA،  WAV پخش نماید و به دلیل بهره‌گیری از فناوری صوتی Beats Audio می‌توان کیفیت صدای خوبی را از آن توقع داشت.
6452,-,مرورگر ارائه شده بر روی HTC Desire SV دسترسی به اینترنت و گشت و گذار در دنیای وب را با سرعت بالا ممکن می‌سازد.,0,data/extra/HTC Desire SV_Hosseini.xml,مرورگر ارائه شده بر روی HTC Desire SV دسترسی به اینترنت و گشت و گذار در دنیای وب را با سرعت بالا ممکن می‌سازد.
6454,-,دوربین دوربین 8 مگاپیکسلی این گوشی قادر است عکس‌هایی با رزولوشن 3264×2448 را ثبت نماید و همچنین می‌تواند با کیفیت 480p و با سرعت 30 فریم بر ثانیه فیلم برداری کند.,0,data/extra/HTC Desire SV_Hosseini.xml,دوربین دوربین 8 مگاپیکسلی این گوشی قادر است عکس‌هایی با رزولوشن 3264×2448 را ثبت نماید و همچنین می‌تواند با کیفیت 480p و با سرعت 30 فریم بر ثانیه فیلم برداری کند.
6455,-,فوکوس خودکار، ژئوتگینگ و همچنین حالت‌های مختلف تصویربرداری، عکاسی و فیلم برداری با این گوشی را بسیار لذت بخش می‌کند.,0,data/extra/HTC Desire SV_Hosseini.xml,فوکوس خودکار،  ژئوتگینگ و همچنین حالت‌های مختلف تصویربرداری،  عکاسی و فیلم برداری با این گوشی را بسیار لذت بخش می‌کند.
6456,-,کیفیت تصاویر ثبت شده خوب و قابل قبول هستند، اما کیفیت فیلم برداری این دوربین می‌توانست بهتر باشد.,0,data/extra/HTC Desire SV_Hosseini.xml,کیفیت تصاویر ثبت شده خوب و قابل قبول هستند،  اما کیفیت فیلم برداری این دوربین می‌توانست بهتر باشد.
6457,-,اما متاسفانه دوربین دوم جهت انجام مکالمات تصویری بر روی این گوشی قرار داده نشده است که البته قابل چشم پوشیست.,0,data/extra/HTC Desire SV_Hosseini.xml,اما متأسفانه دوربین دوم جهت انجام مکالمات تصویری بر روی این گوشی قرار داده نشده است که البته قابل چشم پوشیست.
6458,-,باتری انرژی مورد نیاز برای این دستگاه توسط یک باتری لیتیوم یونی تامین می‌شود که دارای ظرفیت 1650 میلی آمپر است.,0,data/extra/HTC Desire SV_Hosseini.xml,باتری انرژی مورد نیاز برای این دستگاه توسط یک باتری لیتیوم یونی تامین می‌شود که دارای ظرفیت 1650 میلی آمپر است.
6459,-,جمع بندی به هر حال، به نظر می‌رسد تجربه تولید اولین گوشی دو سیم کارته HTC برای این کمپانی نتایج قابل قبولی را در بر داشته است و این کمپانی می‌خواهد به راهی که شروع کرده، ادامه دهد.,0,data/extra/HTC Desire SV_Hosseini.xml,جمع بندی به هر حال،  به نظر می‌رسد تجربه تولید اولین گوشی دو سیم کارته HTC برای این کمپانی نتایج قابل قبولی را در بر داشته است و این کمپانی می‌خواهد به راهی که شروع کرده،  ادامه دهد.
6460,-,بدون شک Desire V و برادر آن یعنی HTC Desire SV جزو بهترین گوشی‌های دو سیم کارته موجود در بازار هستند زیرا سایر آن‌ها اکثرا بسیار ساده و ابتدایی هستند.,1,data/extra/HTC Desire SV_Hosseini.xml,بدون شک Desire V و برادر آن یعنی HTC Desire SV جزو بهترین گوشی‌های دو سیم کارته موجود در بازار هستند زیرا سایر آن‌ها اکثرا بسیار ساده و ابتدایی هستند.
6461,-,اما Desire SV با دارا بودن پردازنده یک گیگاهرتزی، صفحه نمایش 4.3 اینچی، دوربین 8 مگاپیکسلی و نسخه 4.0 سیستم عامل اندروید، امکانات متنوع و مناسبی را در قالب یک گوشی هوشمند دو سیم کارته در اختیار کاربران قرار می‌دهد.,1,data/extra/HTC Desire SV_Hosseini.xml,اما Desire SV با دارا بودن پردازنده یک گیگاهرتزی،  صفحه نمایش 4.3  اینچی،  دوربین 8 مگاپیکسلی و نسخه 4.0 سیستم عامل اندروید،  امکانات متنوع و مناسبی را در قالب یک گوشی هوشمند دو سیم کارته در اختیار کاربران قرار می‌دهد.
6462,-,پس اگر شما هم به دنبال یک تلفن همراه دو سیم کارته هوشمند هستید، HTC Desire SV را نیز جزو گزینه های خود قرار دهید.,0,data/extra/HTC Desire SV_Hosseini.xml,پس اگر شما هم به دنبال یک تلفن همراه دو سیم کارته هوشمند هستید،  HTC Desire SV را نیز جزو گزینه های خود قرار دهید.
6517,-,انصافا ios سیستم ساده و راحت و فوق العاده ایه، من خودم باهاش کار کردم، حسی که تو دست گرفتن آیفون بهت میده رو با هیچ گوشی دیگه ای نمیتونی تجربه کنی، ابعادش و راحتی استفادش فوق العادست، من خودم one x دارم، فکر نمیکردم کیفیت صفحش از گوشی خودم بالاتر باشه ولی خودمونیم صفحه آیفون یه چیز دیگست!,2,data/extra/Apple iPhone 5 - 64GB.xml,انصافا ios سيستم ساده و راحت و فوق العاده ايه، من خودم باهاش کار کردم، حسي که تو دست گرفتن آيفون بهت ميده رو با هيچ گوشي ديگه اي نميتوني تجربه کني، ابعادش و راحتي استفادش فوق العادست، من خودم one x دارم، فکر نميکردم کيفيت صفحش از گوشي خودم بالاتر باشه ولي خودمونيم صفحه آيفون يه چيز ديگست!
6730,-,همان لبه های منحنی و همان کلید دایره ای Home در قسمت پایین و البته نهایتا همان صفحه نمایش رتینای دوست داشتنی، البته کمی بزرگ‌تر.,1,data/extra/Apple iPhone 5 - 64GB.xml,همان لبه های منحنی و همان کلید دایره ای Home در قسمت پایین و البته نهایتا همان صفحه نمایش رتینای دوست داشتنی، البته کمی بزرگ‌تر.
6732,-,شاید همگان انتظار داشتند همان گونه که در نسل چهارم نسبت به نسل سوم گوشی‌های اپل، طراحی آن دست‌خوش تغییرات عمده ای گشت، در مورد نسل جدید نیز این اتفاق بی افتد که این‌گونه نشد.,0,data/extra/Apple iPhone 5 - 64GB.xml,شاید همگان انتظار داشتند همان گونه که در نسل چهارم نسبت به نسل سوم گوشی‌های اپل، طراحی آن دست‌خوش تغییرات عمده ای گشت، در مورد نسل جدید نیز این اتفاق بی افتد که این‌گونه نشد.
6740,-,اما با توجه به افزایش سایز صفحه نمایش، طول iPhone 5 نسبت به iPhone 4S افزایش یافته و به 123.8 میلی متر رسیده است.,0,data/extra/Apple iPhone 5 - 64GB.xml,اما با توجه به افزایش سایز صفحه نمایش، طول iPhone 5 نسبت به iPhone 4S افزایش یافته و به 123.8 میلی متر رسیده است.
6742,-,همه این‌ها باعث شده که این گوشی در عین زیبایی، به یک گوشی بسیار خوش دست و راحت نیز تبدیل گردد که کار کردن با آن حتی برای افرادی که دست‌های کوچکی نیز دارند بسیار راحت خواهد بود.,2,data/extra/Apple iPhone 5 - 64GB.xml,همه این‌ها باعث شده که این گوشی در عین زیبایی، به یک گوشی بسیار خوش دست و راحت نیز تبدیل گردد که کار کردن با آن حتی برای افرادی که دست‌های کوچکی نیز دارند بسیار راحت خواهد بود.
6748,-,در کل، تنها تفاوت در چیدمان در مورد خروجی هدفون به چشم می‌خورد که این بار در قسمت پایینی گوشی و در کنار درگاه رعد قرار گرفته است.,0,data/extra/Apple iPhone 5 - 64GB.xml,در کل، تنها تفاوت در چیدمان در مورد خروجی هدفون به چشم می‌خورد که این بار در قسمت پایینی گوشی و در کنار درگاه رعد قرار گرفته است.
6751,-,در اصل، وقتی به این گوشی از نمای جلویی نگاه کنید تفاوت خاصی بین آن و نسل قبلی نمی‌بینید، اما از نمای کناری و پشتی تفاوت‌ها کاملا عیان و قابل توجه هستند.,0,data/extra/Apple iPhone 5 - 64GB.xml,در اصل، وقتی به این گوشی از نمای جلویی نگاه کنید تفاوت خاصی بین آن و نسل قبلی نمی‌بینید، اما از نمای کناری و پشتی تفاوت‌ها کاملا عیان و قابل توجه هستند.
6756,-,به هر حال اگر به بدنه iPhone 4S که تقریبا ضد خش بود عادت کرده باشید، ممکن است مدل جدید کمپانی اپل برایتان چندان رضایت بخش نباشد.,-1,data/extra/Apple iPhone 5 - 64GB.xml,به هر حال اگر به بدنه iPhone 4S که تقریبا ضد خش بود عادت کرده باشید، ممکن است مدل جدید کمپانی اپل برایتان چندان رضایت بخش نباشد.
6757,-,با اینکه در کل مانند همگی محصولات اپل، این گوشی نیز از بهترین مواد تشکیل شده است اما بدنه آلومینیومی آن به راحتی خراشیده می‌شود و احتیاج به مراقبت بیشتری دارد، که البته با قرار دادن یک محافظ بر روی آن این مشکل به طور کلی برطرف می‌گردد.,0,data/extra/Apple iPhone 5 - 64GB.xml,با اینکه در کل مانند همگی محصولات اپل، این گوشی نیز از بهترین مواد تشکیل شده است اما بدنه آلومینیومی آن به راحتی خراشیده می‌شود و احتیاج به مراقبت بیشتری دارد، که البته با قرار دادن یک محافظ بر روی آن این مشکل به طور کلی برطرف می‌گردد.
6763,-,از نظر اندازه صفحه نمایش و رزولوشن تصویر، Galaxy S III و One X و البته Lumia 920 بر آیفون 5 برتری دارند.,0,data/extra/Apple iPhone 5 - 64GB.xml,از نظر اندازه صفحه نمایش و رزولوشن تصویر، Galaxy S III و One X و البته Lumia 920 بر آیفون 5 برتری دارند.
6766,-,چه از لحاظ تراکم پیکسلی، چه از لحاظ وضوح رنگ‌ها و روشنایی و چه از لحاظ کنتراست.,0,data/extra/Apple iPhone 5 - 64GB.xml,چه از لحاظ تراکم پیکسلی، چه از لحاظ وضوح رنگ‌ها و روشنایی و چه از لحاظ کنتراست.
6772,-,با علم به اینکه iPhone 4S در زمان ورودش به بازار با کیفیت صفحه نمایش خود شگفتی همگان را بر انگیخت، می‌توانید تصور نمایید که عملکرد صفحه نمایش iPhone 5 تا چه اندازه عالیست.,2,data/extra/Apple iPhone 5 - 64GB.xml,با علم به اینکه iPhone 4S در زمان ورودش به بازار با کیفیت صفحه نمایش خود شگفتی همگان را بر انگیخت، می‌توانید تصور نمایید که عملکرد صفحه نمایش iPhone 5 تا چه اندازه عالیست.
6781,-,بنابراین برای یافتن مشخصات سخت افزاری محصولات این کمپانی، شرکت‌های مختلف بر روی آن‌ها تحقیق و آزمایش‌های مختلفی را انجام می‌دهند.,0,data/extra/Apple iPhone 5 - 64GB.xml,بنابراین برای یافتن مشخصات سخت افزاری محصولات این کمپانی، شرکت‌های مختلف بر روی آن‌ها تحقیق و آزمایش‌های مختلفی را انجام می‌دهند.
6785,-,در آزمون سرعت اجرای جاوا اسکریپت، آیفون 5 حدود 50% سریع‌تر از غول LG یعنی Optimus G عمل نمود.,1,data/extra/Apple iPhone 5 - 64GB.xml,در آزمون سرعت اجرای جاوا اسکریپت، آیفون 5 حدود 50% سریع‌تر از غول LG یعنی Optimus G عمل نمود.
6795,-,لازم به ذکر است که نتایج بدست آمده، حاصل آزمایش‌های متخصصان آناندتک می‌باشد و نتایج اعلامی از طرف کمپانی اپل نیستند!,0,data/extra/Apple iPhone 5 - 64GB.xml,لازم به ذکر است که نتایج بدست آمده، حاصل آزمایش‌های متخصصان آناندتک می‌باشد و نتایج اعلامی از طرف کمپانی اپل نیستند!
6796,-,در مورد ظرفیت آیفون جدید نیز باید بگوییم که اپل مدل جدید خود را در سه ظرفیت 16، 32 و 64 گیگابایت تولید نموده است و همانند محصولات قبلی این کمپانی، آیفون 5 نیز از کارت حافظه جانبی پشتیبانی نمی‌کند و کاربر باید بنا بر نیاز خود یکی از این سه مدل را انتخاب نماید.,0,data/extra/Apple iPhone 5 - 64GB.xml,در مورد ظرفیت آیفون جدید نیز باید بگوییم که اپل مدل جدید خود را در سه ظرفیت 16،  32 و 64 گیگابایت تولید نموده است و همانند محصولات قبلی این کمپانی، آیفون 5 نیز از کارت حافظه جانبی پشتیبانی نمی‌کند و کاربر باید بنا بر نیاز خود یکی از این سه مدل را انتخاب نماید.
6799,-,با وجود ابعاد کوچک این گوشی، به نظر می‌رسد که اپل مجبور بوده فضای داخلی آن را به صورت بسیار حرفه ای مدیریت کند، و یکی از تغییرات در مورد کانکتور آن اعمال گردید.,0,data/extra/Apple iPhone 5 - 64GB.xml,با وجود ابعاد کوچک این گوشی، به نظر می‌رسد که اپل مجبور بوده فضای داخلی آن را به صورت بسیار حرفه ای مدیریت کند،  و یکی از تغییرات در مورد کانکتور آن اعمال گردید.
6826,-,برنامه دیگری که به iOS 6 اضافه شده برنامه Passbook نام دارد که یک برنامه Organizer بسیار قوی با امکانات بسیار خوب است که تمامی فعالیت‌های شما را می‌تواند ذخیره، برنامه ریزی و یاد آوری نماید.,2,data/extra/Apple iPhone 5 - 64GB.xml,برنامه دیگری که به iOS 6  اضافه شده برنامه Passbook نام دارد که یک برنامه Organizer بسیار قوی با امکانات بسیار خوب است که تمامی فعالیت‌های شما را می‌تواند ذخیره، برنامه ریزی و یاد آوری نماید.
6838,-,به لطف قدرت پردازشی بالاتر آن، سرعت عکاسی و پردازش آن نیز نسبت به 4S بهبود یافته است.,1,data/extra/Apple iPhone 5 - 64GB.xml,به لطف قدرت پردازشی بالاتر آن، سرعت عکاسی و پردازش آن نیز نسبت به 4S بهبود یافته است.
6839,-,و با قرار گیری یک لایه از جنس یاقوت بر روی لنز دوربین، هم محافظت بهتری از آن به عمل می‌آید و هم عکس‌ها شفافیت بیشتری پیدا خواهند نمود.,1,data/extra/Apple iPhone 5 - 64GB.xml,و با قرار گیری یک لایه از جنس یاقوت بر روی لنز دوربین، هم محافظت بهتری از آن به عمل می‌آید و هم عکس‌ها شفافیت بیشتری پیدا خواهند نمود.
6848,-,در نگاه کلی هم که به مشخصات فنی این گوشی‌ها نگاه کنیم، از خیلی نظرها برتری با کمپانی‌های سامسونگ و HTC است.,0,data/extra/Apple iPhone 5 - 64GB.xml,در نگاه کلی هم که به مشخصات فنی این گوشی‌ها نگاه کنیم، از خیلی نظرها برتری با کمپانی‌های سامسونگ و HTC است.
6853,-,• طراحی، ساخت و صفحه‌ی نمایش طراحی گوشی پدفون در یک کلمه زیباست.,1,data/extra/Asus PadFone - 16GB_Hosseini.xml,• طراحی،  ساخت و صفحه‌ی نمایش طراحی گوشی پدفون در یک کلمه زیباست.
6882,-,• سخت افزار بر روی این گوشی جذاب، یک پردازنده‌ی دو هسته ای با فرکانس 1.5 گیگاهرتز از نوع Krait به همراه چیپ Qualcomm Snapdragon S4 قرار دارد.,0,data/extra/Asus PadFone - 16GB_Hosseini.xml,• سخت افزار بر روی این گوشی جذاب،  یک پردازنده‌ی دو هسته ای با فرکانس 1.5 گیگاهرتز از نوع Krait به همراه چیپ Qualcomm Snapdragon S4 قرار دارد.
6887,-,• قلم در کنار داک تبلت این گوشی، یک قلم بلوتوث نیز وجود دارد.,0,data/extra/Asus PadFone - 16GB_Hosseini.xml,• قلم در کنار داک تبلت این گوشی،  یک قلم بلوتوث نیز وجود دارد.
6896,-,• نرم افزار یکی از بهترین خصوصیات این تبلت، قابلیت سوئیچ کردن پویای آن است.,1,data/extra/Asus PadFone - 16GB_Hosseini.xml,• نرم افزار یکی از بهترین خصوصیات این تبلت،  قابلیت سوئیچ کردن پویای آن است.
6918,-,• باتری گوشی پدفون از یک باتری 1520 میلی آمپر-ساعتی بهره می‌برد که در کارکرد عادی، به راحتی تا یک روز شارژدهی می‌کند.,1,data/extra/Asus PadFone - 16GB_Hosseini.xml,• باتری گوشی پدفون از یک باتری 1520 میلی آمپر-ساعتی بهره می‌برد که در کارکرد عادی،  به راحتی تا یک روز شارژدهی می‌کند.
6921,-,• جمع بندی ایسوس با این ایده، تحول جالبی را در دنیای گوشی‌ها و تبلت ها ایجاد نمود.,1,data/extra/Asus PadFone - 16GB_Hosseini.xml,• جمع بندی ایسوس با این ایده،  تحول جالبی را در دنیای گوشی‌ها و تبلت ها ایجاد نمود.
6957,-,تبلت جدید سامسونگ بیش از هر تبلت دیگری به اصل تبلت ها یعنی قابلیت نوت برداری و یا در واقع جایگزینی قلم و کاغذ نزدیک شده است.,0,data/extra/Samsung Galaxy Note N5100 - 16GB_Hosseini.xml,تبلت جدید سامسونگ بیش از هر تبلت دیگری به اصل تبلت ها یعنی قابلیت نوت برداری و یا در واقع جایگزینی قلم و کاغذ  نزدیک شده است.
6958,-,به طوری که می‌توان گفت در این زمینه، اکنون بی رقیب به نظر می‌رسد.,1,data/extra/Samsung Galaxy Note N5100 - 16GB_Hosseini.xml,به طوری که می‌توان گفت در این زمینه،  اکنون بی رقیب به نظر می‌رسد.
6959,-,وجود قلم در کنار این تبلت به شما این امکان را می‌دهد که استفاده از قلم و کاغذ را کنار گذاشته و تمامی نیاز های خود به نوت برداری را، با همین تبلت بر طرف سازید.,1,data/extra/Samsung Galaxy Note N5100 - 16GB_Hosseini.xml,وجود قلم در کنار این تبلت به شما این امکان را می‌دهد که استفاده از قلم و کاغذ را کنار گذاشته و تمامی نیاز های خود به نوت برداری را،  با همین تبلت بر طرف سازید.
6960,-,سامسونگ در تولید تبلت های سری Note خود، یک رویکرد آموزشی را هم در نظر داشته است .,0,data/extra/Samsung Galaxy Note N5100 - 16GB_Hosseini.xml,سامسونگ در تولید تبلت های سری Note خود،  یک رویکرد آموزشی را هم در نظر داشته است .
6962,-,تصور کنید که همه کتاب‌ها و جزوات درسیتان را یکجا در قالب یک دستگاه بتوانید جمع آوری کنید، همیشه و در هر جا همراه داشته باشید و هر زمان که وقت و حوصله دارید به آن‌ها رسیدگی کنید.,0,data/extra/Samsung Galaxy Note N5100 - 16GB_Hosseini.xml,تصور کنید که همه کتاب‌ها و جزوات درسیتان را یکجا در قالب یک دستگاه بتوانید جمع آوری کنید،  همیشه و در هر جا همراه داشته باشید و هر زمان که وقت و حوصله دارید به آن‌ها رسیدگی کنید.
6963,-,و یا همزمان با مطالعه، در اینترنت هم گشت و گذار و جستجو نمایید .,0,data/extra/Samsung Galaxy Note N5100 - 16GB_Hosseini.xml,و یا همزمان با مطالعه،  در اینترنت هم گشت و گذار و جستجو نمایید .
6964,-,همه این کارها در Galaxy Note 8 به لطف قلم تعبیه شده بسیار راحت‌تر و لذت بخش تر از گذشته مقدور می‌باشند.,2,data/extra/Samsung Galaxy Note N5100 - 16GB_Hosseini.xml,همه این کارها در Galaxy Note 8  به لطف قلم تعبیه شده بسیار راحت‌تر و لذت بخش تر از گذشته مقدور می‌باشند.
6965,-,• طراحی و ساخت انتظار می‌رفت در طراحی و ساخت این تبلت، سامسونگ سنگ تمام بگذارد، و یک تبلت با کیفیت ساخت متمایز از دیگر تبلت های سامسونگ را ارائه دهد.,0,data/extra/Samsung Galaxy Note N5100 - 16GB_Hosseini.xml,• طراحی و ساخت انتظار می‌رفت در طراحی و ساخت این تبلت،  سامسونگ سنگ تمام بگذارد،   و یک تبلت با کیفیت ساخت متمایز از دیگر تبلت های سامسونگ را ارائه دهد.
6967,-,در کل در طراحی مدل جدید سامسونگ، شباهت‌های بسیاری را با دیگر تبلت های ساخت این کمپانی مشاهده می‌نماییم.,0,data/extra/Samsung Galaxy Note N5100 - 16GB_Hosseini.xml,در کل در طراحی مدل جدید سامسونگ،  شباهت‌های بسیاری را با دیگر تبلت های ساخت این کمپانی مشاهده می‌نماییم.
6968,-,ابعاد آن 136×211 میلی‌متر و قطر آن نیز حدود 8 میلی متر می‌باشد.,0,data/extra/Samsung Galaxy Note N5100 - 16GB_Hosseini.xml,ابعاد آن 136×211 میلی‌متر و قطر آن نیز حدود 8 میلی متر می‌باشد.
6969,-,وزن آن نیز 338 گرم است که در مقایسه با بدنه پلاستیکی آن، به نسبت دیگر تبلت های سری Galaxy مقداری سنگین نیز به نظر می‌رسد.,-1,data/extra/Samsung Galaxy Note N5100 - 16GB_Hosseini.xml,وزن آن نیز 338  گرم است که در مقایسه با بدنه پلاستیکی آن،  به نسبت دیگر تبلت های سری Galaxy مقداری سنگین نیز به نظر می‌رسد.
6970,-,در ضمن، قاب دور تبلت مقداری ضخیم است طوری که باعث گردیده این دستگاه از دستگاه های مشابه مقداری بزرگ‌تر باشد.,0,data/extra/Samsung Galaxy Note N5100 - 16GB_Hosseini.xml,در ضمن،   قاب دور تبلت مقداری ضخیم است طوری که باعث گردیده این دستگاه از دستگاه های مشابه مقداری بزرگ‌تر باشد.
6971,-,اما بر خلاف Note 10.1 که یک تبلت افقی است، طراحی این تبلت به صورت عمودیست.,0,data/extra/Samsung Galaxy Note N5100 - 16GB_Hosseini.xml,اما بر خلاف Note 10.1  که یک تبلت افقی است،  طراحی این تبلت به صورت عمودیست.
6972,-,بر روی لبه بالایی دستگاه، جک 3.5 میلی متری هدفون وجود دارد.,0,data/extra/Samsung Galaxy Note N5100 - 16GB_Hosseini.xml,بر روی لبه بالایی دستگاه،  جک 3.5 میلی متری هدفون وجود دارد.
6973,-,بر روی لبه سمت راست نیز، کلید پاور، کلید کنترل صدا، شکاف قرار گیری قلم و سنسور مادون قرمز تعبیه شده‌اند.,0,data/extra/Samsung Galaxy Note N5100 - 16GB_Hosseini.xml,بر روی لبه سمت راست نیز،  کلید پاور،  کلید کنترل صدا،  شکاف قرار گیری قلم و سنسور  مادون قرمز تعبیه شده‌اند.
6974,-,اما لبه زیرین محل قرار گیری بلندگوها و درگاه microUSB است.,0,data/extra/Samsung Galaxy Note N5100 - 16GB_Hosseini.xml,اما لبه زیرین محل قرار گیری بلندگوها و درگاه microUSB است.
6975,-,در ضمن، بر روی لبه راست دستگاه نیز، شکاف سیم کارت و کارت حافظه قرار گرفته‌اند که توسط در پوشی پوشانده شده‌اند.,0,data/extra/Samsung Galaxy Note N5100 - 16GB_Hosseini.xml,در ضمن،  بر روی لبه راست دستگاه نیز،  شکاف سیم کارت و کارت حافظه قرار گرفته‌اند که توسط در پوشی پوشانده شده‌اند.
6976,-,در نمای جلویی تبلت، دوربین 1.3 مگاپیکسلی جهت مکالمات تصویری به همراه سنسورها و البته کلید فیزیکی Home و دو کلید خازنی در طرفین آن به چشم می‌خورند و در آخر هم دوربین 5 مگاپیکسلی این تبلت که به همراه لوگوی سامسونگ در قسمت پشتی آن خودنمایی می‌کند.,0,data/extra/Samsung Galaxy Note N5100 - 16GB_Hosseini.xml,در نمای جلویی تبلت،  دوربین 1.3 مگاپیکسلی جهت مکالمات تصویری به همراه سنسورها و البته کلید فیزیکی Home و دو کلید خازنی در طرفین آن  به چشم می‌خورند و در آخر هم دوربین 5 مگاپیکسلی این تبلت که به همراه لوگوی سامسونگ در قسمت پشتی آن خودنمایی می‌کند.
6977,-,نکته منفی دیگری که در مورد طراحی این گوشی یافتیم، دوربین خارج از بدنه آن است.,-1,data/extra/Samsung Galaxy Note N5100 - 16GB_Hosseini.xml,نکته منفی دیگری که در مورد طراحی این گوشی یافتیم،  دوربین خارج از بدنه آن است.
6978,-,این طراحی دو ایراد را برای دوربین به وجود می‌آورد.,-1,data/extra/Samsung Galaxy Note N5100 - 16GB_Hosseini.xml,این طراحی دو ایراد را برای دوربین به وجود می‌آورد.
6979,-,اول اینکه با قرار دادن گوشی بر روی سطوح مختلف، احتمال خط افتادن بر روی شیشه روی لنز بسیار زیاد است.,-1,data/extra/Samsung Galaxy Note N5100 - 16GB_Hosseini.xml,اول اینکه با قرار دادن گوشی بر روی سطوح مختلف،  احتمال خط افتادن بر روی شیشه روی لنز بسیار زیاد است.
6980,-,دوم اینکه در صورت به زمین خوردن دستگاه، احتمالا لنز دوربین آن خواهد شکست که این یک اشتباه غیر قابل جبران است.,-1,data/extra/Samsung Galaxy Note N5100 - 16GB_Hosseini.xml,دوم اینکه در صورت به زمین خوردن دستگاه، احتمالا لنز دوربین آن خواهد شکست که این یک اشتباه غیر قابل جبران است.
6981,-,در نهایت می‌توان نقطه ضعف اصلی این تبلت را در طراحی و ساخت آن دانست، جائیکه از یک تبلت با این امکانات و قدرت، انتظار بیشتری می‌رفت ولی توسط سامسونگ برآورده نشد.,-1,data/extra/Samsung Galaxy Note N5100 - 16GB_Hosseini.xml,در نهایت می‌توان نقطه ضعف اصلی این تبلت را در طراحی و ساخت آن دانست،  جائیکه از یک تبلت با این امکانات و قدرت،  انتظار بیشتری می‌رفت ولی توسط سامسونگ برآورده نشد.
6982,-,منصفانه نیست اگر بگوییم ساخت Galaxy Note 8 بی کیفیت یا نا امید کننده است، ولی برای قرار گرفتن در بین تبلت های برتر دنیا، کمی ضعیف است.,-1,data/extra/Samsung Galaxy Note N5100 - 16GB_Hosseini.xml,منصفانه نیست اگر بگوییم ساخت Galaxy Note 8 بی کیفیت یا  نا امید کننده  است،  ولی برای قرار گرفتن در بین تبلت های برتر دنیا،  کمی ضعیف است.
6983,-,در مقابل رقبایی مانند iPad mini یا Nexus 7 و یا حتی FonePad، از نظر کیفیت ساخت باید Note 8 را در آخرین رده قرار دهیم.,-1,data/extra/Samsung Galaxy Note N5100 - 16GB_Hosseini.xml,در مقابل رقبایی مانند iPad mini یا Nexus 7 و یا حتی FonePad،  از نظر کیفیت ساخت باید Note 8 را در آخرین رده قرار دهیم.
6984,-,• صفحه نمایش صفحه نمایش 8 اینچی تبلت جدید سامسونگ از نوع TFT می‌باشد که تصاویر را با دقت 800×1280 پیکسل نمایش می‌دهد.,0,data/extra/Samsung Galaxy Note N5100 - 16GB_Hosseini.xml,• صفحه نمایش صفحه نمایش 8 اینچی تبلت جدید سامسونگ از نوع TFT می‌باشد که تصاویر را با دقت 800×1280 پیکسل نمایش می‌دهد.
6985,-,این دقت برای اینکه از نگاه کردن و کار کردن با آن نهایت لذت را ببرید کافیست.,1,data/extra/Samsung Galaxy Note N5100 - 16GB_Hosseini.xml,این دقت برای اینکه از نگاه کردن و کار کردن با آن نهایت لذت را ببرید کافیست.
6986,-,شفافیت رنگ‌ها بسیار مناسب و رنگ‌ها بسیار عمیق و خوب نمایش داده می‌شوند.,2,data/extra/Samsung Galaxy Note N5100 - 16GB_Hosseini.xml,شفافیت رنگ‌ها بسیار مناسب و رنگ‌ها بسیار عمیق و خوب نمایش داده می‌شوند.
6987,-,روشنایی صفحه نمایش نیز عالیست.,2,data/extra/Samsung Galaxy Note N5100 - 16GB_Hosseini.xml,روشنایی صفحه نمایش نیز عالیست.
6988,-,همچنین دید در زوایای مختلف آن کاملا خوب به نظر می‌رسد.,1,data/extra/Samsung Galaxy Note N5100 - 16GB_Hosseini.xml,همچنین دید در زوایای مختلف آن کاملا خوب به نظر می‌رسد.
6989,-,البته تراکم پیکسلی 189ppi آن در مقایسه با تبلت های برتر دنیا مقداری پایین‌تر است و جزو بهترین‌ها نیست.,-1,data/extra/Samsung Galaxy Note N5100 - 16GB_Hosseini.xml,البته تراکم پیکسلی 189ppi آن در مقایسه با تبلت های برتر دنیا مقداری پایین‌تر است و جزو بهترین‌ها نیست.
6990,-,با اینکه صفحه نمایش Note 8 در مقایسه با بسیاری از رقبایش خیلی فوق‌العاده نیست و حتی از Note 10.1 نیز ضعیف‌تر است، اما در کل عملکرد آن بسیار خوب و مناسب است که رضایت کاربر را جلب می‌نماید.,1,data/extra/Samsung Galaxy Note N5100 - 16GB_Hosseini.xml,با اینکه صفحه نمایش Note 8 در مقایسه با بسیاری از رقبایش خیلی فوق‌العاده نیست و حتی از Note 10.1 نیز ضعیف‌تر است،  اما در کل عملکرد آن بسیار خوب و مناسب است که رضایت کاربر را جلب می‌نماید.
6991,-,• قلم سامسونگ در طراحی قلم جدید خود تغییراتی ایجاد کرده و آن‌را بیشتر به قلم‌های واقعی شبیه نموده است.,0,data/extra/Samsung Galaxy Note N5100 - 16GB_Hosseini.xml,• قلم سامسونگ در طراحی قلم جدید خود تغییراتی ایجاد کرده و آن‌را بیشتر به قلم‌های واقعی شبیه نموده است.
6995,-,اما شگفتی‌های این قلم به همین‌جا خلاصه نمی‌شود.,0,data/extra/Samsung Galaxy Note N5100 - 16GB_Hosseini.xml,اما شگفتی‌های این قلم به همین‌جا خلاصه نمی‌شود.
6996,-,کارکرد جالب‌تر آن، جائیست که از قابلیت لمس شناور آن بهره می‌برید.,1,data/extra/Samsung Galaxy Note N5100 - 16GB_Hosseini.xml,کارکرد جالب‌تر آن،  جائیست که از قابلیت لمس شناور آن بهره می‌برید.
6997,-,قبل‌تر و در نقد و بررسی برادر بزرگ‌تر این تبلت یعنی Note 10.1 در مورد قابلیت لمس شناور توضیح دادیم، بر طبق این قابلیت، شما برای اینکه به دستگاه بفهمانید که به کدام نقطه اشاره می‌کنید لازم نیست که حتما آن‌را لمس نمایید و با مقداری فاصله نیز دستورات را درک می‌نماید.,0,data/extra/Samsung Galaxy Note N5100 - 16GB_Hosseini.xml,قبل‌تر و در نقد و بررسی برادر بزرگ‌تر این تبلت یعنی Note 10.1 در مورد قابلیت لمس شناور توضیح دادیم،  بر طبق این قابلیت،  شما برای اینکه به دستگاه بفهمانید که به کدام نقطه اشاره می‌کنید لازم نیست که حتما آن‌را لمس نمایید و با مقداری فاصله نیز دستورات را درک می‌نماید.
6998,-,تمامی این قابلیت‌ها در کنار طراحی مناسب و البته کاربرد های فراوان آن، قلم Note 8 را به بزرگ‌ترین مزیت آن تبدیل نموده است که این محصول را در بازار نسبت به دیگر 7 یا 8 اینچی‌ها متمایز می‌کند.,1,data/extra/Samsung Galaxy Note N5100 - 16GB_Hosseini.xml,تمامی این قابلیت‌ها در کنار طراحی مناسب و البته کاربرد های فراوان آن،  قلم Note 8  را به بزرگ‌ترین مزیت آن تبدیل نموده است که این محصول را در بازار نسبت به دیگر 7 یا 8 اینچی‌ها متمایز می‌کند.
6999,-,مسلما همکاری سامسونگ با کمپانی معتبر Wacom در زمینه ساخت قلم باعث گردیده که قلم‌های ساخت سامسونگ عملکرد فوق‌العاده خوبی داشته باشند که در مورد این قلم نیز این‌چنین است.,2,data/extra/Samsung Galaxy Note N5100 - 16GB_Hosseini.xml,مسلما همکاری سامسونگ با کمپانی معتبر Wacom در زمینه ساخت قلم باعث گردیده که قلم‌های ساخت سامسونگ عملکرد فوق‌العاده خوبی داشته باشند که در مورد این قلم نیز این‌چنین است.
7000,-,• سخت افزار از نظر سخت افزاری این تبلت بی نقص به نظر می‌رسد.,1,data/extra/Samsung Galaxy Note N5100 - 16GB_Hosseini.xml,• سخت افزار از نظر سخت افزاری این تبلت بی نقص به نظر می‌رسد.
7001,-,پردازنده 1.6 گیگاهرتزی 4 هسته ای به کار رفته در آن که مانند مدل‌های قبلیش از نوع Exynos می‌باشد و البته 200 مگاهرتز قوی‌تر است به همراه 2 گیگابایت حافظه رم به شما این قابلیت را می‌دهد که از تمامی امکانات نرم افزاری موجود برای سیستم عامل اندروید به راحتی استفاده نمایید.,1,data/extra/Samsung Galaxy Note N5100 - 16GB_Hosseini.xml,پردازنده 1.6 گیگاهرتزی 4 هسته ای به کار رفته در آن که مانند مدل‌های قبلیش از نوع Exynos می‌باشد و البته 200 مگاهرتز قوی‌تر است به همراه 2 گیگابایت حافظه رم به شما این قابلیت را می‌دهد که از تمامی امکانات نرم افزاری موجود برای سیستم عامل اندروید به راحتی استفاده نمایید.
7002,-,یک پردازشگر گرافیکی ARM Mali-400MP هم به این سخت افزار قدرتمند کمک می‌کند که حتی کارهای گرافیکی و سنگین‌ترین بازی‌ها را هم به راحتی پردازش کند.,1,data/extra/Samsung Galaxy Note N5100 - 16GB_Hosseini.xml,یک پردازشگر گرافیکی ARM Mali-400MP هم به این سخت افزار قدرتمند کمک می‌کند که حتی کارهای گرافیکی و سنگین‌ترین بازی‌ها را هم به راحتی پردازش کند.
7003,-,لازم به ذکر است که Note 8 در دو ظرفیت 16 و 32 گیگابایتی تولید گردیده که البته آن‌ها نیز قابلیت پشتیبانی از کارت حافظه microSD را دارند، بنابراین هیچ نگرانی بابت حافظه جهت ذخیره اطلاعات نخواهید داشت.,1,data/extra/Samsung Galaxy Note N5100 - 16GB_Hosseini.xml,لازم به ذکر است که Note 8 در دو ظرفیت 16 و 32 گیگابایتی تولید گردیده که البته آن‌ها نیز قابلیت پشتیبانی از کارت حافظه microSD را دارند،  بنابراین هیچ نگرانی بابت حافظه جهت ذخیره اطلاعات نخواهید داشت.
7004,-,در ضمن، با وجود پشتیبانی این تبلت از سیم کارت، می‌توانید با آن مکالمه و ارسال SMS را نیز انجام دهید که مزیت بسیار بزرگیست.,1,data/extra/Samsung Galaxy Note N5100 - 16GB_Hosseini.xml,در ضمن،  با وجود پشتیبانی این تبلت از سیم کارت،  می‌توانید با آن مکالمه و ارسال SMS را نیز انجام دهید که مزیت بسیار بزرگیست.
7005,-,• نرم افزار سیستم عامل منتخب سامسونگ برای این تبلت نسخه 4.1.2 از سیستم عامل اندروید است.,0,data/extra/Samsung Galaxy Note N5100 - 16GB_Hosseini.xml,• نرم افزار سیستم عامل منتخب سامسونگ برای این تبلت نسخه 4.1.2 از سیستم عامل اندروید است.
7006,-,این نسخه یکی از جدیدترین نسخ این سیستم عامل است که سامسونگ برای Note 8 انتخاب نموده.,1,data/extra/Samsung Galaxy Note N5100 - 16GB_Hosseini.xml,این نسخه یکی از جدیدترین نسخ این سیستم عامل است که سامسونگ برای Note 8 انتخاب نموده.
7007,-,رابط کاربری دستگاه اما بسیار شبیه به رابط کاربری موجود بر روی گوشی‌ها و تبلت های سطح بالای سامسونگ است که یکی از بهترین رابط کاربری‌های موجود بر روی گجت هاست.,1,data/extra/Samsung Galaxy Note N5100 - 16GB_Hosseini.xml,رابط کاربری دستگاه اما بسیار شبیه به رابط کاربری موجود بر روی گوشی‌ها و تبلت های سطح بالای سامسونگ است که یکی از بهترین رابط کاربری‌های موجود بر روی گجت هاست.
7008,-,در ضمن، وجود سخت افزار بسیار قدرتمند نیز مزید بر علت است که همه چیز در این تبلت بسیار روان صورت پذیرد.,2,data/extra/Samsung Galaxy Note N5100 - 16GB_Hosseini.xml,در ضمن،  وجود سخت افزار بسیار قدرتمند نیز مزید بر علت است که همه چیز در این تبلت بسیار روان صورت پذیرد.
7009,-,امکانات نرم افزاری مختلف سامسونگ مانند Pop Up Play و Smart Stay نیز بر روی این تبلت وجود دارد.,0,data/extra/Samsung Galaxy Note N5100 - 16GB_Hosseini.xml,امکانات نرم افزاری مختلف سامسونگ مانند Pop Up Play و Smart Stay نیز بر روی این تبلت وجود دارد.
7010,-,اما قابلیت اجرای همزمان دو برنامه در این تبلت به بهترین شکل به اجرا در آمده است.,1,data/extra/Samsung Galaxy Note N5100 - 16GB_Hosseini.xml,اما قابلیت اجرای همزمان دو برنامه در این تبلت به بهترین شکل به اجرا در آمده است.
7012,-,البته متاسفانه ابن قابلیت در مورد تمامی برنامه‌ها کاربرد ندارد و تعدادی از برنامه‌ها از جمله S-Note ، مرورگر، ویدئوپلیر و آفیس را شامل می‌شود که امیدواریم در نسخه های بعدی سیستم عامل، سامسونگ این نقیصه را نیز برطرف نماید.,-1,data/extra/Samsung Galaxy Note N5100 - 16GB_Hosseini.xml,البته متاسفانه ابن قابلیت در مورد تمامی برنامه‌ها کاربرد ندارد و تعدادی از برنامه‌ها از جمله S-Note ،  مرورگر،  ویدئوپلیر و آفیس را شامل می‌شود که امیدواریم در نسخه های بعدی سیستم عامل،  سامسونگ این نقیصه را نیز برطرف نماید.
7013,-,سامسونگ همچنین برنامه های زیادی را به صورت پیش فرض بر روی تبلت خود قرار داده است، برنامه‌هایی مانند S Note ، S Planner ، شبکه های اجتماعی، شبکه های موزیک ، آفیس ، ویدیوپلیر ، All Share و ..,1,data/extra/Samsung Galaxy Note N5100 - 16GB_Hosseini.xml,سامسونگ همچنین برنامه های زیادی را به صورت پیش فرض بر روی تبلت خود قرار داده است،  برنامه‌هایی مانند S Note ،  S Planner ،  شبکه های اجتماعی،  شبکه های موزیک ،  آفیس ،  ویدیوپلیر ،  All Share و ..
7014,-,در توضیح تعدادی از برنامه های پیش فرض سامسونگ باید بگوییم که برنامه S Note برنامه ایست که به شما در طراحی کارت با تعدادی قالب پیش فرض کمک می‌کند که می‌توانید آن‌ها را در قالب فایل PDF ذخیره نمایید.,1,data/extra/Samsung Galaxy Note N5100 - 16GB_Hosseini.xml,در توضیح تعدادی از برنامه های پیش فرض سامسونگ باید بگوییم که برنامه S Note برنامه ایست که به شما در طراحی کارت با تعدادی قالب پیش فرض کمک می‌کند که می‌توانید آن‌ها را در قالب فایل PDF ذخیره نمایید.
7018,-,مسلما وقتی همچین تبلتی می‌خرید یکی از لذت بخش ترین کارها با آن برای شما می‌تواند گشت و گذار در اینترنت باشد.,1,data/extra/Samsung Galaxy Note N5100 - 16GB_Hosseini.xml,مسلما وقتی همچین تبلتی می‌خرید یکی از لذت بخش ترین کارها با آن برای شما می‌تواند گشت و گذار در اینترنت باشد.
7021,-,ضمنا سامسونگ در Note 8 از سریع‌ترین مرورگر دنیا یعنی کروم استفاده نموده است.,1,data/extra/Samsung Galaxy Note N5100 - 16GB_Hosseini.xml,ضمنا سامسونگ در Note 8 از سریع‌ترین مرورگر دنیا یعنی کروم استفاده نموده است.
7023,-,در سمت چپ رابط کاربری نیز یک منو وجود دارد که با استفاده از آن می‌توان به راحتی به تعدادی از برنامه‌ها دسترسی داشت.,1,data/extra/Samsung Galaxy Note N5100 - 16GB_Hosseini.xml,در سمت چپ رابط کاربری نیز یک منو وجود دارد که با استفاده از آن می‌توان به راحتی به تعدادی از برنامه‌ها دسترسی داشت.
7024,-,اما صفحه کلید مجازی این تبلت نیز بسیار راحت و کاربردیست که تایپ با آن به راحتی صورت می‌پذیرد.,2,data/extra/Samsung Galaxy Note N5100 - 16GB_Hosseini.xml,اما صفحه کلید مجازی این تبلت نیز بسیار راحت و کاربردیست که تایپ با آن به راحتی صورت می‌پذیرد.
7025,-,اما نکته منفی نرم افزار های این تبلت، عدم وجود فوتوشاپ لمسی بر روی این دستگاه است که مشخص نیست چرا سامسونگ بر روی این مدل قرار نداده.,-1,data/extra/Samsung Galaxy Note N5100 - 16GB_Hosseini.xml,اما نکته منفی نرم افزار های این تبلت،  عدم وجود فوتوشاپ لمسی بر روی این دستگاه است که مشخص نیست چرا سامسونگ بر روی این مدل قرار نداده.
7026,-,شاید خواسته با این کار کماکان Note 10.1 را خاص نگه دارد.,0,data/extra/Samsung Galaxy Note N5100 - 16GB_Hosseini.xml,شاید خواسته با این کار کماکان Note 10.1 را خاص نگه دارد.
7027,-,در ضمن، با وجود سنسور مادون قرمز و برنامه Smart Remote، می‌توانید از Note 8 به عنوان یک ریموت کنترل نیز استفاده نمایید!,1,data/extra/Samsung Galaxy Note N5100 - 16GB_Hosseini.xml,در ضمن،  با وجود سنسور مادون قرمز و برنامه Smart Remote،  می‌توانید از Note 8 به عنوان یک ریموت کنترل نیز استفاده نمایید!
7028,-,موزیک پلیر و ویدئو پلیر این دستگاه نیز پلیر استاندارد سامسونگ است که کیفیت متوسطی را داراست و عملکرد قابل قبولی دارد.,1,data/extra/Samsung Galaxy Note N5100 - 16GB_Hosseini.xml,موزیک پلیر و ویدئو پلیر این دستگاه نیز پلیر استاندارد سامسونگ است که کیفیت متوسطی را داراست و عملکرد قابل قبولی دارد.
7030,-,برای علاقه‌مندان به عکاسی دستگاه های به مراتب کوچکتر، سبک‌تر و صد البته با کیفیت‌تری وجود دارد.,0,data/extra/Samsung Galaxy Note N5100 - 16GB_Hosseini.xml,برای علاقه‌مندان به عکاسی دستگاه های به مراتب کوچکتر،  سبک‌تر و صد البته با کیفیت‌تری وجود دارد.
7032,-,Note 8 هم دارای یک دوربین اصلی 5 مگاپیکسلی در پشت و یک دوربین 1.3 مگاپیکسلی در جلو می‌باشد که البته کیفیت فیلم برداری دوربین پشتی HD می‌باشد.,0,data/extra/Samsung Galaxy Note N5100 - 16GB_Hosseini.xml,Note 8 هم دارای یک دوربین اصلی 5 مگاپیکسلی در پشت و یک دوربین 1.3 مگاپیکسلی در جلو می‌باشد که البته کیفیت فیلم برداری دوربین پشتی HD می‌باشد.
7034,-,اما در مورد دوربین اصلی دستگاه باید بگوییم که کیفیت عکس‌های قابل قبولی را ارائه می‌دهد و حتی در مقایسه با دیگر دوربین‌های 5 مگاپیکسلی به کار رفته در گوشی‌های هوشمند و تبلت ها نیز عملکرد مناسب‌تری را از آن شاهد بودیم که می‌توان آن‌را در بین برترین دوربین‌های قرار گرفته بر روی تبلت ها دانست.,1,data/extra/Samsung Galaxy Note N5100 - 16GB_Hosseini.xml,اما در مورد دوربین اصلی دستگاه باید بگوییم که کیفیت عکس‌های قابل قبولی را ارائه می‌دهد و حتی در مقایسه با دیگر دوربین‌های 5 مگاپیکسلی به کار رفته در گوشی‌های هوشمند و تبلت ها نیز عملکرد مناسب‌تری را از آن شاهد بودیم که می‌توان آن‌را در بین برترین دوربین‌های قرار گرفته بر روی تبلت ها دانست.
7035,-,البته در مقایسه با iPad 3 چندان شانسی برای برتری دوربین Note 8 وجود ندارد اما در کل عملکرد دوربین بسیار خوب توصیف می‌شود.,1,data/extra/Samsung Galaxy Note N5100 - 16GB_Hosseini.xml,البته در مقایسه با iPad 3 چندان شانسی برای برتری دوربین Note 8 وجود ندارد اما در کل عملکرد دوربین بسیار خوب توصیف می‌شود.
7036,-,• باتری سامسونگ با قرار دادن یک باتری 4600 میلی آمپری بر روی تبلت جدید خود، خیال کاربران را از جهت شارژ دهی آن تا حدودی راحت نموده است.,1,data/extra/Samsung Galaxy Note N5100 - 16GB_Hosseini.xml,• باتری سامسونگ با قرار دادن یک باتری 4600 میلی آمپری بر روی تبلت جدید خود،  خیال کاربران را از جهت شارژ دهی آن تا حدودی راحت نموده است.
7039,-,رم بسیار بالای آن، قابلیت Multi-tasking ، قدرت بالا در اجرای سنگین‌ترین برنامه های گرافیکی و البته قلم بسیار کاربردی آن.,2,data/extra/Samsung Galaxy Note N5100 - 16GB_Hosseini.xml,رم بسیار بالای آن،  قابلیت Multi-tasking ،  قدرت بالا در اجرای سنگین‌ترین برنامه های گرافیکی و البته قلم بسیار کاربردی آن.
7040,-,این‌ها مواردیست که باعث می‌گردد Note 8 نیز همانند مدل بزرگ‌تر خود یعنی Note 10.1 به یکی از بهترین انتخاب‌ها برای طراحان تبدیل گردد.,1,data/extra/Samsung Galaxy Note N5100 - 16GB_Hosseini.xml,این‌ها مواردیست که باعث می‌گردد Note 8 نیز همانند مدل بزرگ‌تر خود یعنی Note 10.1  به یکی از بهترین انتخاب‌ها برای طراحان تبدیل گردد.
7041,-,البته عدم وجود فتوشاپ بر روی این تبلت یک ایراد برای آن محسوب می‌گردد، اما برنامه های دیگر آن‌را تا حدودی جبران می‌نمایند.,0,data/extra/Samsung Galaxy Note N5100 - 16GB_Hosseini.xml,البته عدم وجود فتوشاپ بر روی این تبلت یک ایراد برای آن محسوب می‌گردد،  اما برنامه های دیگر آن‌را تا حدودی جبران می‌نمایند.
7042,-,مسلما همین امکانات باعث شده که شاهد قیمت بالای این تبلت باشیم، چرا که تبلت هایی مانند Apple iPad mini و یا Asus Nexus 7 قیمتی پایین‌تر از این تبلت را دارند.,0,data/extra/Samsung Galaxy Note N5100 - 16GB_Hosseini.xml,مسلما همین امکانات باعث شده که شاهد قیمت بالای این تبلت باشیم،  چرا که تبلت هایی مانند Apple iPad mini و یا Asus Nexus 7  قیمتی پایین‌تر از این تبلت را دارند.
7043,-,اگر مکالمه با تبلت 8 اینچی برای شما یک مزیت محسوب می‌گردد، و یا اگر به دنبال تبلتی برای انجام کارهای گرافیکی می‌گردید، Samsung Galaxy Note 8 یک انتخاب بسیار خوب برای شماست که مسلما از خرید آن پشیمان نخواهید شد.,1,data/extra/Samsung Galaxy Note N5100 - 16GB_Hosseini.xml,اگر مکالمه با تبلت 8 اینچی برای شما یک مزیت محسوب می‌گردد،  و یا اگر به دنبال تبلتی برای انجام کارهای گرافیکی می‌گردید،  Samsung Galaxy Note 8 یک انتخاب بسیار خوب برای شماست که مسلما از خرید آن پشیمان نخواهید شد.
7172,-,آنتی‌ویروس پاندا 2013 تنها یک برنامه ضدویروس و ضدبدافزار نیست بلکه حفاظت کامل و همه‌جانبه‌ای را برای اطلاعات و تجهیزات رایانه‌ای شما فراهم می‌آورد.,1,data/extra/Panda Antivirus Pro 2013_Hosseini.xml,آنتی‌ویروس پاندا 2013 تنها یک برنامه ضدویروس و ضدبدافزار نیست بلکه حفاظت کامل و همه‌جانبه‌ای را برای اطلاعات و تجهیزات رایانه‌ای شما فراهم می‌آورد.
7173,-,اولین قابلیت مهم این نرم‌افزار، شناسایی و پیشگیری از نفوذ ویروس‌های بسیار جدید و ثبت نشده، از طریق هوش مصنوعی یا سیستم حفاظت پیشگیرانه می‌باشد.,1,data/extra/Panda Antivirus Pro 2013_Hosseini.xml,اولین قابلیت مهم این نرم‌افزار، شناسایی و پیشگیری از نفوذ ویروس‌های بسیار جدید و ثبت نشده،  از طریق هوش مصنوعی یا سیستم حفاظت پیشگیرانه می‌باشد.
7174,-,هم چنین این برنامه، دارای ابزاری اختصاصی برای حفاظت از اطلاعات شخصی و جلوگیری از جعل اینترنتی هویت شماست، نرم‌افزارهای جدید پاندا، یکی از بهترین روش‌های موجود برای پیشگیری از کلاهبرداری‌های آنلاین حملات هک،‌نفوذهای غیرمجاز و آلودگی‌های ویروسی محسوب می‌شود.,1,data/extra/Panda Antivirus Pro 2013_Hosseini.xml,هم چنین این برنامه،  دارای ابزاری اختصاصی برای حفاظت از اطلاعات شخصی و جلوگیری از جعل اینترنتی هویت شماست،  نرم‌افزارهای جدید پاندا،  یکی از بهترین روش‌های موجود برای پیشگیری از کلاهبرداری‌های آنلاین حملات هک، ‌نفوذهای غیرمجاز و آلودگی‌های ویروسی محسوب می‌شود.
7175,-,آنتی‌ویروس پاندا 2013، ساده‌ترین، سبک‌ترین و هوشمندترین نرم‌افزار امنیتی برای رایانه‌های خانگی و شخصی به حساب می‌آید.,2,data/extra/Panda Antivirus Pro 2013_Hosseini.xml,آنتی‌ویروس پاندا 2013، ساده‌ترین، سبک‌ترین و هوشمندترین نرم‌افزار امنیتی برای رایانه‌های خانگی و شخصی به حساب می‌آید.
7176,-,تکنولوژی هوش امنیتی یکپارچه (Collective Intelligence) پاندا، قدرت دو چندانی به این نرم‌افزار بخشیده که می‌تواند جدیدترین بدافزارهای رایانه‌ای را در مدت زمان بسیار کوتاهی شناسایی، طبقه‌بندی و پاکسازی کند.,2,data/extra/Panda Antivirus Pro 2013_Hosseini.xml,تکنولوژی هوش امنیتی یکپارچه (Collective Intelligence) پاندا،  قدرت دو چندانی به این نرم‌افزار بخشیده که می‌تواند جدیدترین بدافزارهای رایانه‌ای را در مدت زمان بسیار کوتاهی شناسایی،  طبقه‌بندی و پاکسازی کند.
7177,-,دیگر نیازی نیست که شما یک کاربر حرفه‌ای اینترنت باشید تا بتوانید سطح بالایی از امنیت را در رایانه خود ایجاد نمایید، می‌توانید این کار را به پاندا بسپارید.,0,data/extra/Panda Antivirus Pro 2013_Hosseini.xml,دیگر نیازی نیست که شما یک کاربر حرفه‌ای اینترنت باشید تا بتوانید سطح بالایی از امنیت را در رایانه خود ایجاد نمایید،  می‌توانید این کار را به پاندا بسپارید.
7178,-,همانطور که می دانید، کمپانی Sony Ericsson در نهم ژانویه سال جاری میلادی، بطور رسمی نام Ericsson را حذف کرد.,0,data/extra/Sony Xperia Ion_Hosseini.xml,همانطور که می دانید،  کمپانی Sony Ericsson در نهم ژانویه سال جاری میلادی،  بطور رسمی نام Ericsson را حذف کرد.
7179,-,"کمپانی سوئدی اریکسون بیش از یک دهه با کمپانی سونی همکاری کرده بود ولی اریکسون یک مانع بر سر راه سونی برای اجرای برنامه ""4 صفحه"" یا Four-Screen شده بود که بر اساس آن، سونی می خواست یک هماهنگی کلی بین چهار رسته گوشی، تبلت، تلویزیون و کامپیوتر خود، برای افزایش سهم بازار و غلبه بر رغبا، ایجاد کند.",0,data/extra/Sony Xperia Ion_Hosseini.xml,"کمپانی سوئدی اریکسون بیش از یک دهه با کمپانی سونی همکاری کرده بود ولی اریکسون یک مانع بر سر راه سونی برای اجرای برنامه ""4 صفحه"" یا Four-Screen شده بود که بر اساس آن،  سونی می خواست یک هماهنگی کلی بین چهار رسته گوشی،  تبلت،  تلویزیون و کامپیوتر خود،  برای افزایش سهم بازار و غلبه بر رغبا،  ایجاد کند."
7180,-,به همین دلیل سونی در نهایت تصمیم به خرید سهام اریکسون گرفت و با هزینه ای بالغ بر 1.47 میلیارد دلار، برند اریکسون را که بیش از یک دهه یدک می کشید حذف کرد و نام بخش مربوط به موبایل خود را از Sony Ericcson به Sony و بطور کاملتر به Sony Mobile Communications تغییر دارد.,0,data/extra/Sony Xperia Ion_Hosseini.xml,به همین دلیل سونی در نهایت تصمیم به خرید سهام اریکسون گرفت و با هزینه ای بالغ بر 1.47 میلیارد دلار،  برند اریکسون را که بیش از یک دهه یدک می کشید حذف کرد و نام بخش مربوط به موبایل خود را از Sony Ericcson به Sony و بطور کاملتر به Sony Mobile Communications تغییر دارد.
7181,-,Sony امیدوار است با این کار، شکوه و عظمت خود را در بازار گوشی های تلفن همراه که طی سال های اخیر با روی کار آمدن رقبای سرسخت، کمرنگ شده بود را با تولید نسل جدیدی از گوشی های تلفن همراه باریک ، سبک ، زیبا و قدرتمنده، دوباره بازیابد.,0,data/extra/Sony Xperia Ion_Hosseini.xml,Sony امیدوار است با این کار،  شکوه و عظمت خود را در بازار گوشی های تلفن همراه که طی سال های اخیر با روی کار آمدن رقبای سرسخت،  کمرنگ شده بود را با تولید نسل جدیدی از گوشی های تلفن همراه باریک ، سبک ، زیبا و قدرتمنده،  دوباره بازیابد.
7182,-,مدت زمان نسبتا زیادی از زمانی که کمپانی Sony (یا همان Sony Ericsson قدیم) گوشی هوشمند تلفن همراهی وارد بازار کرده است، میگذرد و در این میان سایر رقبا، انواع و اقسام گوشی های دو هسته ای با سخت افزار گوناگون را وارد بازار کرده اند.,0,data/extra/Sony Xperia Ion_Hosseini.xml,مدت زمان نسبتا زیادی از زمانی که کمپانی Sony (یا همان Sony Ericsson قدیم) گوشی هوشمند تلفن همراهی وارد بازار کرده است،  میگذرد و در این میان سایر رقبا،  انواع و اقسام گوشی های دو هسته ای با سخت افزار گوناگون را وارد بازار کرده اند.
7183,-,ولی بالاخره سونی این طلسم را با یک گوشی فوق العاده شکست بطوریکه مطمئنا تمام رقبای خود را شگفت زده کرده است.,1,data/extra/Sony Xperia Ion_Hosseini.xml,ولی بالاخره سونی این طلسم را با یک گوشی فوق العاده شکست بطوریکه مطمئنا تمام رقبای خود را شگفت زده کرده است.
7184,-,Sony Xperia Ion اولین محصول کمپانی سونی بعد از جدایی آن از اریکسون است.,0,data/extra/Sony Xperia Ion_Hosseini.xml,Sony Xperia Ion اولین محصول کمپانی سونی بعد از جدایی آن از اریکسون است.
7185,-,این گوشی، دارای گواهی PlayStation است که مسلما توجه علاقه مندان به بازی ها را به خود جلب خواهد کرد و همچنین سخت افزاری که این گوشی را تغذیه می کند به قدری عالیست که کاربران را متحیر خواهد کرد.,1,data/extra/Sony Xperia Ion_Hosseini.xml,این گوشی،  دارای گواهی PlayStation است که مسلما توجه علاقه مندان به بازی ها را به خود جلب خواهد کرد و همچنین سخت افزاری که این گوشی را تغذیه می کند به قدری عالیست که کاربران را متحیر خواهد کرد.
7186,-,در نگاه اول شباهت های زیادی بین طراحی این گوشی و سری های قبلی Xperia خواهید یافت.,0,data/extra/Sony Xperia Ion_Hosseini.xml,در نگاه اول شباهت های زیادی بین طراحی این گوشی و سری های قبلی Xperia خواهید یافت.
7187,-,بدنه خارجی فلزی آن، کیفیت ساخت فوق العاده بالای آن را مشخص می کند و حتی با وجود بزرگ بودن گوشی، به لطف منحنی موجود در پشت آن و وزن مناسب آن، به راحتی در دست جای میگیرد و حس خوبی را به شما القا می کند.,2,data/extra/Sony Xperia Ion_Hosseini.xml,بدنه خارجی فلزی آن،  کیفیت ساخت فوق العاده بالای آن را مشخص می کند و حتی با وجود بزرگ بودن گوشی،  به لطف منحنی موجود در پشت آن و وزن مناسب آن،  به راحتی در دست جای میگیرد و حس خوبی را به شما القا می کند.
7188,-,و اما جزئیات.,0,data/extra/Sony Xperia Ion_Hosseini.xml,و اما جزئیات.
7189,-,صفحه نمایش 4.6 اینچی با تکنولوژی های HD Reality و Mobile BRAVIA Engine و رزلوشن 1280x720 که نیاز به هیچگونه تعریفی ندارد!,0,data/extra/Sony Xperia Ion_Hosseini.xml,صفحه نمایش 4.6 اینچی با تکنولوژی های HD Reality و Mobile BRAVIA Engine و رزلوشن 1280x720 که نیاز به هیچگونه تعریفی ندارد!
7190,-,این صفحه نمایش تمامی جزئیات را با دقت فوق العاده بالایی نشان می دهد، رنگ ها بسیار غنی و زنده و روشنایی و زاویه دید این صفحه نمایش بسیار عالی هستند.,2,data/extra/Sony Xperia Ion_Hosseini.xml,این صفحه نمایش تمامی جزئیات را با دقت فوق العاده بالایی نشان می دهد،  رنگ ها بسیار غنی و زنده و روشنایی و زاویه دید این صفحه نمایش بسیار عالی هستند.
7191,-,ولی نقاط قوت Xperia Ion به صفحه نمایش آن ختم نمی شود!,0,data/extra/Sony Xperia Ion_Hosseini.xml,ولی نقاط قوت Xperia Ion به صفحه نمایش آن ختم نمی شود!
7192,-,دوربین 12 مگاپیکسلی با فوکوس خودکار و سنسور Exmor R و قابلیت فیلمبرداری Full HD 1080p، دوربین مکالمه تلفنی و امکانات ارتباطی متنوع که همه اینها توسط پردازنده قدرتمند دو هسته ای Snapdragon با فرکانس 1.5 گیگاهرتز تغذیه می شوند.,1,data/extra/Sony Xperia Ion_Hosseini.xml,دوربین 12 مگاپیکسلی با فوکوس خودکار و سنسور Exmor R و قابلیت فیلمبرداری Full HD 1080p،  دوربین مکالمه تلفنی و امکانات ارتباطی متنوع که همه اینها توسط پردازنده قدرتمند دو هسته ای Snapdragon با فرکانس 1.5 گیگاهرتز تغذیه می شوند.
7193,-,Ion اولین گوشی خانواده Xperia است که از پردازنده دو هسته ای بهره می برد.,0,data/extra/Sony Xperia Ion_Hosseini.xml,Ion اولین گوشی خانواده Xperia است که از پردازنده دو هسته ای بهره می برد.
7194,-,با چنین پردازنده قدرتمندی، اصلا جای تعجب نبود که تجربه کاری فوق العاده روانی حاصل شود.,2,data/extra/Sony Xperia Ion_Hosseini.xml,با چنین پردازنده قدرتمندی،  اصلا جای تعجب نبود که تجربه کاری فوق العاده روانی حاصل شود.
7195,-,شاید اگر سونی به جای اندروید 2.3، از اندروید 4 روی این گوشی بطور پیش فرض استفاده کرده بود، سرعت گوشی حتی بیشتر از این هم بود چون اندروید 4 با پردازنده های چند هسته ای هم خوانی دارد.,0,data/extra/Sony Xperia Ion_Hosseini.xml,شاید اگر سونی به جای اندروید 2.3،  از اندروید 4 روی این گوشی بطور پیش فرض استفاده کرده بود،  سرعت گوشی حتی بیشتر از این هم بود چون اندروید 4 با پردازنده های چند هسته ای هم خوانی دارد.
7196,-,در نهایت Sony Xperia Ion یک غول اندرویدی تمام عیار است که چه در اجرای بازی و چه برای گرفتن عکس و ویدئو، تمام رقیبان خود به هراس واداشته است.,1,data/extra/Sony Xperia Ion_Hosseini.xml,در نهایت Sony Xperia Ion یک غول اندرویدی تمام عیار است که چه در اجرای بازی و چه برای گرفتن عکس و ویدئو،  تمام رقیبان خود به هراس واداشته است.
7488,-,از نظر طراحی، این گوشی تغییرات زیادی نسبت به مدل پیشین خود نداشته است.,0,data/extra/Samsung Galaxy S II Plus I9105 - 8GB_Hosseini.xml,از نظر طراحی،  این گوشی تغییرات زیادی نسبت به مدل پیشین خود نداشته است.
7489,-,سامسونگ Galaxy S II دارای قطری در حدود 8.9 میلی متر است و در ضخیم‌ترین مکان هرگز این قطر از 1 سانتی متر تجاوز نمی‌کند.,0,data/extra/Samsung Galaxy S II Plus I9105 - 8GB_Hosseini.xml,سامسونگ Galaxy S II دارای قطری در حدود 8.9 میلی متر است و در ضخیم‌ترین مکان هرگز این قطر از 1 سانتی متر تجاوز نمی‌کند.
7490,-,با در نظر گرفتن تجهیزات سخت افزاری قدرتمندی که درون بدنه جای گرفته، بدنه‌ی باریک Galaxy S II در نوع خود یک شاهکار مهندسی محسوب می‌شد.,1,data/extra/Samsung Galaxy S II Plus I9105 - 8GB_Hosseini.xml,با در نظر گرفتن تجهیزات سخت افزاری قدرتمندی که درون بدنه جای گرفته،  بدنه‌ی باریک Galaxy S II در نوع خود یک شاهکار مهندسی محسوب می‌شد.
7491,-,به همین دلیل سامسونگ به این طراحی دست نزده و مدل جدید خود را نیز با همان ابعاد ارائه نموده است.,0,data/extra/Samsung Galaxy S II Plus I9105 - 8GB_Hosseini.xml,به همین دلیل سامسونگ به این طراحی دست نزده و مدل جدید خود را نیز با همان ابعاد ارائه نموده است.
7493,-,کاور پشتی این گوشی به نظر از نظر مقاومت در برابر خراش و آسیب‌های احتمالی مقاوم‌تر از کاور پشتی Galaxy S اصلی است.,1,data/extra/Samsung Galaxy S II Plus I9105 - 8GB_Hosseini.xml,کاور پشتی این گوشی به نظر از نظر مقاومت در برابر خراش و آسیب‌های احتمالی مقاوم‌تر از کاور پشتی Galaxy S اصلی است.
7495,-,فریم دور نمایشگر هم کاملا از پلاستیک ساخته شده و این بدنه‌ی پلاستیکی یکی از تفاوت‌های بارز بین این گوشی و گوشی‌های هوشمند ساخت HTC و یا آیفون است.,0,data/extra/Samsung Galaxy S II Plus I9105 - 8GB_Hosseini.xml,فریم دور نمایشگر هم کاملا از پلاستیک ساخته شده و این بدنه‌ی پلاستیکی یکی از تفاوت‌های بارز بین این گوشی و گوشی‌های هوشمند ساخت HTC و یا آیفون است.
7497,-,وقتی این گوشی را برای اولین بار در دست می‌گیرید، انتظار وزنی بیشتر و ساختاری فلزی و مستحکم‌تر را دارید، و ممکن است در وهله اول کمی شما را مایوس کند.,-1,data/extra/Samsung Galaxy S II Plus I9105 - 8GB_Hosseini.xml,وقتی این گوشی را برای اولین بار در دست می‌گیرید،  انتظار وزنی بیشتر و ساختاری فلزی و مستحکم‌تر را دارید،  و ممکن است در وهله اول کمی شما را مایوس کند.
7498,-,اما بعد از اینکه مدتی با آن کار می‌کنید، می‌بینید که آن طور هم که قبلا به نظر می‌آمد نیست و حس خوبی با آن خواهید داشت.,1,data/extra/Samsung Galaxy S II Plus I9105 - 8GB_Hosseini.xml,اما بعد از اینکه مدتی با آن کار می‌کنید،  می‌بینید که آن طور هم که قبلا به نظر می‌آمد نیست و حس خوبی با آن خواهید داشت.
7500,-,در قسمت بالای نمایشگر، سنسور سنجش نور محیطی و دوربین جلویی، و در قسمت زیر نمایشگر دو دکمه‌ی لمسی آندرویدی دیده می‌شود.,0,data/extra/Samsung Galaxy S II Plus I9105 - 8GB_Hosseini.xml,در قسمت بالای نمایشگر،  سنسور سنجش نور محیطی و دوربین جلویی،  و در قسمت زیر نمایشگر دو دکمه‌ی لمسی آندرویدی دیده می‌شود.
7502,-,مقاومت آن در برابر جذب اثر انگشت و کثیف شدگی از استاندارد گوشی‌های هم رده بالاتر است.,1,data/extra/Samsung Galaxy S II Plus I9105 - 8GB_Hosseini.xml,مقاومت آن در برابر جذب اثر انگشت و کثیف شدگی از استاندارد گوشی‌های هم رده بالاتر است.
7504,-,جک 3.5 میلی متری هدفون نیز در لبه‌ی بالا و پورت micro USB در لبه‌ی پایینی گوشی جایگذاری شده‌اند.,0,data/extra/Samsung Galaxy S II Plus I9105 - 8GB_Hosseini.xml,جک 3.5 میلی متری هدفون  نیز در لبه‌ی بالا و پورت micro USB در لبه‌ی پایینی گوشی جایگذاری شده‌اند.
7505,-,بنابراین از نظر پورت‌ها و کنترل‌های فیزیکی خیلی خلوت است و حتی دکمه‌ی شاتر دوربین هم وجود ندارد.,-1,data/extra/Samsung Galaxy S II Plus I9105 - 8GB_Hosseini.xml,بنابراین از نظر پورت‌ها و کنترل‌های فیزیکی خیلی خلوت است و حتی دکمه‌ی شاتر دوربین هم وجود ندارد.
7506,-,در عوض همه‌ی کنترل‌های لمسی و غیر لمسی ارگونومی بسیار خوبی دارند و عملکردشان کاملا راضی کننده است.,2,data/extra/Samsung Galaxy S II Plus I9105 - 8GB_Hosseini.xml,در عوض همه‌ی کنترل‌های لمسی و غیر لمسی ارگونومی بسیار خوبی دارند و عملکردشان کاملا راضی کننده است.
7507,-,حساسیت لمسی خود نمایشگر هم کاملا عالیست.,2,data/extra/Samsung Galaxy S II Plus I9105 - 8GB_Hosseini.xml,حساسیت لمسی خود نمایشگر هم کاملا عالیست.
7508,-,شاید چنین آرایش دکمه‌ی فیزیکی در کنار دکمه‌ی لمسی در نگاه اول کمی عجیب به نظر برسد ولی پس از مدتی کار کردن با آن متوجه لذت بخشی چنین طراحی می‌شوید.,1,data/extra/Samsung Galaxy S II Plus I9105 - 8GB_Hosseini.xml,شاید چنین آرایش دکمه‌ی فیزیکی در کنار دکمه‌ی لمسی در نگاه اول کمی عجیب به نظر برسد ولی پس از مدتی کار کردن با آن متوجه لذت بخشی چنین طراحی می‌شوید.
7509,-,برای توصیف نمایشگر 4.3 اینچی Galaxy S II از هیچ کلمه‌ای کمتر از شگفت انگیز نمی‌توانیم استفاده کنیم.,1,data/extra/Samsung Galaxy S II Plus I9105 - 8GB_Hosseini.xml,برای توصیف نمایشگر 4.3 اینچی Galaxy S II از هیچ کلمه‌ای کمتر از شگفت انگیز نمی‌توانیم استفاده کنیم.
7512,-,عملکرد در زوایای مختلف نیز بسیار خوب است و در زیر نور مستقیم آفتاب نیز کاملا رضایت بخش ارزیابی می‌گردد.,2,data/extra/Samsung Galaxy S II Plus I9105 - 8GB_Hosseini.xml,عملکرد در زوایای مختلف نیز بسیار خوب است و در زیر نور مستقیم آفتاب نیز کاملا رضایت بخش ارزیابی می‌گردد.
7513,-,رزولوشن این نمایشگر 480×800 پیکسل می‌باشد.,0,data/extra/Samsung Galaxy S II Plus I9105 - 8GB_Hosseini.xml,رزولوشن این نمایشگر 480×800 پیکسل می‌باشد.
7514,-,هرچند که اکنون نمایشگرهایی با رزولوشن 960×540 پیکسل با نام QHD هم در بازار موجود اند که به عنوان مثال یک نمونه از آن بر روی HTC Sensation استفاده شده، ولی کیفیت نمایشگر آن اصلا به پای Galaxy S II نمی‌رسد.,0,data/extra/Samsung Galaxy S II Plus I9105 - 8GB_Hosseini.xml,هرچند که اکنون نمایشگرهایی با رزولوشن 960×540 پیکسل با نام QHD هم در بازار موجود اند که به عنوان مثال یک نمونه از آن بر روی HTC Sensation استفاده شده،  ولی کیفیت نمایشگر آن اصلا به پای Galaxy S II نمی‌رسد.
7516,-,همان طور که گفتیم کیفیت دید از زاویه‌ی آن فوق‌العاده است و با چرخاندن و نگاه کردن از زوایای تند تر هم کیفیت رنگ‌ها تغییر نمی‌کند.,2,data/extra/Samsung Galaxy S II Plus I9105 - 8GB_Hosseini.xml,همان طور که گفتیم کیفیت دید از زاویه‌ی آن فوق‌العاده است و با چرخاندن و نگاه کردن از زوایای تند تر هم کیفیت رنگ‌ها تغییر نمی‌کند.
7518,-,چه با آن به تماشای فیلم بنشینید و چه به مرورگری وب بپردازید نمایشگر 4.3 اینچی Galaxy S II شما را به این فکر می‌اندازد که احتمالا بهترین نمایشگر موجود بر روی تلفن‌های همراه در این حد قیمت را در اختیار دارید.,1,data/extra/Samsung Galaxy S II Plus I9105 - 8GB_Hosseini.xml,چه با آن به تماشای فیلم بنشینید و چه به مرورگری وب بپردازید نمایشگر 4.3 اینچی Galaxy S II شما را به این فکر می‌اندازد که احتمالا بهترین نمایشگر موجود بر روی تلفن‌های همراه در این حد قیمت را در اختیار دارید.
7519,-,هرچند که رزولوشن آن پایین‌تر از نمایشگر Retinaی iPhone 4 است ولی با وجود بزرگ‌تر بودن، کیفیتی تقریبا برابر را ارایه می‌دهد.,1,data/extra/Samsung Galaxy S II Plus I9105 - 8GB_Hosseini.xml,هرچند که رزولوشن آن پایین‌تر از نمایشگر Retinaی iPhone 4 است ولی با وجود بزرگ‌تر بودن،  کیفیتی تقریبا برابر را ارایه می‌دهد.
7521,-,یکی از بهبودهای رخ داده در این صفحه نمایش این است که در نمایشگر گوشی‌های پیشین، رنگ‌ها غلظتی بیش از حد داشتند.,-1,data/extra/Samsung Galaxy S II Plus I9105 - 8GB_Hosseini.xml,یکی از بهبودهای رخ داده در این صفحه نمایش این است که در نمایشگر گوشی‌های پیشین،  رنگ‌ها غلظتی بیش از حد داشتند.
7522,-,در Galaxy S II و اینک Galaxy S II Plus برنامه‌ای وجود دارد که از طریق آن می‌توانید غلظت رنگ نمایشگر را به صورت دلخواه تنظیم کنید.,1,data/extra/Samsung Galaxy S II Plus I9105 - 8GB_Hosseini.xml,در Galaxy S II و اینک Galaxy S II Plus برنامه‌ای وجود دارد که از طریق آن می‌توانید غلظت رنگ نمایشگر را به صورت دلخواه تنظیم کنید.
7523,-,روشنایی نمایشگر به وسیله‌ی سنسور سنجش نور محیطی می‌تواند به صورت خودکار تنظیم شود و این کار تا جایی که ما دیدیم کاملا درست انجام می‌گیرد.,1,data/extra/Samsung Galaxy S II Plus I9105 - 8GB_Hosseini.xml,روشنایی نمایشگر به وسیله‌ی سنسور سنجش نور محیطی می‌تواند به صورت خودکار تنظیم شود و این کار تا جایی که ما دیدیم کاملا درست انجام می‌گیرد.
7524,-,در قلب Galaxy S II یک پردازنده‌ی بسیار قدرتمند دو هسته ای با سرعت 1.2 گیگاهرتز قرار گرفته که در زمان ورود Galaxy S II به بازار در سال 2011 فوق‌العاده بود، اما در حال حاضر و در بین دنیای چهار هسته ایها حرف خاصی برای گفتن ندارد.,-1,data/extra/Samsung Galaxy S II Plus I9105 - 8GB_Hosseini.xml,در قلب Galaxy S II یک پردازنده‌ی بسیار قدرتمند دو هسته ای با سرعت 1.2 گیگاهرتز قرار گرفته که در زمان ورود Galaxy S II به بازار در سال 2011 فوق‌العاده بود،  اما در حال حاضر و در بین دنیای چهار هسته ایها حرف خاصی برای گفتن ندارد.
7525,-,در حقیقت Galaxy S II جزو نخستین گوشی‌های هوشمند با پردازنده‌ی دو هسته‌ای بود و که غوغای فراوانی نمود.,1,data/extra/Samsung Galaxy S II Plus I9105 - 8GB_Hosseini.xml,در حقیقت Galaxy S II جزو نخستین گوشی‌های هوشمند با پردازنده‌ی دو هسته‌ای بود و که غوغای فراوانی نمود.
7527,-,این حافظه‌ی RAM، جزو بالاترین مقادیری است که تا کنون بر روی یک گوشی هوشمند قرار گرفته و پردازشگر گرافیکی هم توان تولید قدرت فراوانی دارد.,1,data/extra/Samsung Galaxy S II Plus I9105 - 8GB_Hosseini.xml,این حافظه‌ی RAM،  جزو بالاترین  مقادیری است که تا کنون بر روی یک گوشی هوشمند قرار گرفته و پردازشگر گرافیکی هم توان تولید قدرت فراوانی دارد.
7528,-,چنین سخت افزارهایی باعث شده که ذره‌ای مکث و تاخیر در عملکردهای گوشی دیده نشود.,1,data/extra/Samsung Galaxy S II Plus I9105 - 8GB_Hosseini.xml,چنین سخت افزارهایی باعث شده که ذره‌ای مکث و تاخیر در عملکردهای گوشی دیده نشود.
7529,-,اما بر خلاف Galaxy S II که در دو مدل 16 و 32 گیگابایتی تولید شده بود، این گوشی فقط در یک مدل 8 گیگابایتی معرفی گردیده که در عوض قابلیت پشتیبانی از کارت حافظه تا 64 گیگابایت را داراست و خیال کاربر را از نظر حافظه برای ذخیره اطلاعات راحت می‌نماید.,1,data/extra/Samsung Galaxy S II Plus I9105 - 8GB_Hosseini.xml,اما بر خلاف Galaxy S II که در دو مدل 16 و 32 گیگابایتی تولید شده بود،  این گوشی فقط در یک مدل 8 گیگابایتی معرفی گردیده که در عوض قابلیت پشتیبانی از کارت حافظه تا 64 گیگابایت را داراست و خیال کاربر را از نظر حافظه برای ذخیره اطلاعات راحت می‌نماید.
7530,-,در کنار چنان سخت افزار قدرتمندی، سیستم عامل کاملا حرفه‌ای و جذاب Android 4.1 با واسط کاربری TouchWiz 5.0 قرار دارد.,2,data/extra/Samsung Galaxy S II Plus I9105 - 8GB_Hosseini.xml,در کنار چنان سخت افزار قدرتمندی،  سیستم عامل کاملا حرفه‌ای و جذاب Android 4.1 با واسط کاربری TouchWiz 5.0 قرار دارد.
7531,-,Android 4.1 کاملا با سیستم عامل iOS شرکت اپل در رقابت است.,0,data/extra/Samsung Galaxy S II Plus I9105 - 8GB_Hosseini.xml,Android 4.1 کاملا با سیستم عامل iOS شرکت اپل در رقابت است.
7532,-,پاسخگویی عمومی گوشی واقعا مثال زدنی ست.,1,data/extra/Samsung Galaxy S II Plus I9105 - 8GB_Hosseini.xml,پاسخگویی عمومی گوشی واقعا مثال زدنی ست.
7534,-,سرعت این نسخه از اندروید به نسبت نسخه های پیشین بسیار بیشتر شده و در واقع، اصلی‌ترین تفاوت این گوشی با مدل پیشین نیز در وجود همین نسخه از اندروید به صورت پیش فرض بر روی آن است.,1,data/extra/Samsung Galaxy S II Plus I9105 - 8GB_Hosseini.xml,سرعت این نسخه از اندروید به نسبت نسخه های پیشین بسیار بیشتر شده و در واقع،  اصلی‌ترین تفاوت این گوشی با مدل پیشین نیز در وجود همین نسخه از اندروید به صورت پیش فرض بر روی آن است.
7535,-,این گوشی از باتری لیتیوم یونی 1650 میلی آمپر ساعتی بهره می‌برد.,0,data/extra/Samsung Galaxy S II Plus I9105 - 8GB_Hosseini.xml,این گوشی از باتری لیتیوم یونی 1650 میلی آمپر ساعتی بهره می‌برد.
7538,-,از نظر شارژدهی بسیار شبیه به گوشی‌های HTC Incredible S و HTC Desire S می‌باشد.,0,data/extra/Samsung Galaxy S II Plus I9105 - 8GB_Hosseini.xml,از نظر شارژدهی بسیار شبیه به گوشی‌های HTC Incredible S و HTC Desire S می‌باشد.
7539,-,همان طور که اشاره کردیم، Galaxy S II Plus نیز همانند مدل پیشین، مجهز به دوربین 8 مگاپیکسلی است.,0,data/extra/Samsung Galaxy S II Plus I9105 - 8GB_Hosseini.xml,همان طور که اشاره کردیم،  Galaxy S II Plus نیز همانند مدل پیشین،  مجهز به دوربین 8 مگاپیکسلی است.
7541,-,از نظر کیفیت عکس‌های گرفته شده، دوربین این گوشی یکی از بهترین دوربین‌هایی است که بر روی گوشی‌های تلفن همراه مشاهده کرده‌ایم.,1,data/extra/Samsung Galaxy S II Plus I9105 - 8GB_Hosseini.xml,از نظر کیفیت عکس‌های گرفته شده،  دوربین این گوشی یکی از بهترین دوربین‌هایی است که بر روی گوشی‌های تلفن همراه مشاهده کرده‌ایم.
7542,-,عکس‌های 8 مگاپیکسلی فوق‌العاده شارپ و با کیفیت هستند.,2,data/extra/Samsung Galaxy S II Plus I9105 - 8GB_Hosseini.xml,عکس‌های 8 مگاپیکسلی فوق‌العاده شارپ و با کیفیت هستند.
7546,-,از نظر ضبط ویدیویی، فیلم‌های ضبط شده بسیار شارپ و با کیفیت هستند.,2,data/extra/Samsung Galaxy S II Plus I9105 - 8GB_Hosseini.xml,از نظر ضبط ویدیویی،  فیلم‌های ضبط شده بسیار شارپ و با کیفیت هستند.
7547,-,حتی در فیلم برداری 1080p Full HD نیز فیلم برداری روان و بدون هرگونه مشکل انجام می‌شود.,1,data/extra/Samsung Galaxy S II Plus I9105 - 8GB_Hosseini.xml,حتی در فیلم برداری 1080p Full HD نیز فیلم برداری روان و بدون هرگونه مشکل انجام می‌شود.
7548,-,سرعت عکس برداری و فیلم برداری هم فوق‌العاده است.,2,data/extra/Samsung Galaxy S II Plus I9105 - 8GB_Hosseini.xml,سرعت عکس برداری و فیلم برداری هم فوق‌العاده است.
7552,-,عمل Pinch too Zoom که با دو انگشت صورت می‌گیرد، کاملا بدون خطاست.,1,data/extra/Samsung Galaxy S II Plus I9105 - 8GB_Hosseini.xml,عمل Pinch too Zoom که با دو انگشت صورت می‌گیرد،  کاملا بدون خطاست.
7554,-,این مرورگر از Adobe Flash هم پشتیبانی می‌کند و محتوای آن از قبیل ویدیو و گرافیک نیز کاملا عالی اجرا می‌شود.,2,data/extra/Samsung Galaxy S II Plus I9105 - 8GB_Hosseini.xml,این مرورگر از Adobe Flash هم پشتیبانی می‌کند و محتوای آن از قبیل ویدیو و گرافیک نیز کاملا عالی اجرا می‌شود.
7555,-,اما صفحه کلید لمسی یا همان صفحه کلید مجازی روی نمایشگر Galaxy S II فوق‌العاده است.,2,data/extra/Samsung Galaxy S II Plus I9105 - 8GB_Hosseini.xml,اما صفحه کلید لمسی یا همان صفحه کلید مجازی روی نمایشگر Galaxy S II فوق‌العاده است.
7556,-,بر روی این صفحه کلید یک کلید جدید Voice input وجود دارد که به محض فشردن آن می‌توانید صحبت کنید تا گوشی صحبت‌های شما را به صورت نوشته درآورد.,1,data/extra/Samsung Galaxy S II Plus I9105 - 8GB_Hosseini.xml,بر روی این صفحه کلید یک کلید جدید Voice input وجود دارد که به محض فشردن آن می‌توانید صحبت کنید تا گوشی صحبت‌های شما را به صورت نوشته درآورد.
7557,-,این ویژگی Voice to Speech در جاهای دیگر گوشی مثل جستجو در گوگل یا در مرورگر برای نوشتن آدرس‌های اینترنتی هم کاربرد دارد.,1,data/extra/Samsung Galaxy S II Plus I9105 - 8GB_Hosseini.xml,این ویژگی Voice to Speech در جاهای دیگر گوشی مثل جستجو در گوگل یا در مرورگر برای نوشتن آدرس‌های اینترنتی هم کاربرد دارد.
7558,-,به عنوان یک گوشی تلفن همراه با چنین ویژگی‌ها و فن آوری های خیره کننده ای، Galaxy S II Plus گوشی آسانی برای جمع بندی و اظهار نظر است.,1,data/extra/Samsung Galaxy S II Plus I9105 - 8GB_Hosseini.xml,به عنوان یک گوشی تلفن همراه با چنین ویژگی‌ها و فن آوری های خیره کننده ای،  Galaxy S II Plus  گوشی آسانی برای جمع بندی و اظهار نظر است.
7559,-,به هر حال برای طرفداران گوشی‌های سری Galaxy S سامسونگ، ورود این گوشی به بازار می‌تواند یک خبر خوشحال کننده باشد.,1,data/extra/Samsung Galaxy S II Plus I9105 - 8GB_Hosseini.xml,به هر حال برای طرفداران گوشی‌های سری Galaxy S سامسونگ،  ورود این گوشی به بازار می‌تواند یک خبر خوشحال کننده باشد.
7757,-,در بالای این صفحه نمایش، وب کم 0.3 مگاپیکسلی تبلت قرار دارد که برای انجام مکالمات تصویری استفاده می شود.,0,data/extra/Samsung Galaxy Tab 2 7.0 P3100 - 16GB_Hosseini.xml,در بالای این صفحه نمایش، وب کم 0.3 مگاپیکسلی تبلت قرار دارد که برای انجام مکالمات تصویری استفاده می شود.
7762,-,در پایین آن نیز درگاه اتصال و شارژ تبلت به علاوه دو بلندگوی استریوی آن قرار دارند و در نهایت در پشت تبلت دوربین 3.2 مگاپیکسلی آن قرار دارد که متاسفانه به فلاش مجهز نیست.,-1,data/extra/Samsung Galaxy Tab 2 7.0 P3100 - 16GB_Hosseini.xml,در پایین آن نیز درگاه اتصال و شارژ تبلت به علاوه دو بلندگوی استریوی آن قرار دارند و در نهایت در پشت تبلت دوربین 3.2 مگاپیکسلی آن قرار دارد که متأسفانه به فلاش مجهز نیست.
7770,-,این سیستم عامل نسبت به نسخه های قبلی، پیشرفت های چشمگیری داشته است و سامسونگ با قرار دادن رابط کاربری سریع و کاربردی TouchWiz بر روی آن، امکانات قابل توجهی به آن اضافه کرده است.,2,data/extra/Samsung Galaxy Tab 2 7.0 P3100 - 16GB_Hosseini.xml,این سیستم عامل نسبت به نسخه های قبلی،  پیشرفت های چشمگیری داشته است و سامسونگ با قرار دادن رابط کاربری سریع و کاربردی TouchWiz بر روی آن، امکانات قابل توجهی به آن اضافه کرده است.
7771,-,محیط نرم افزاری به لطف پردازنده بسیار قدرتمند دو هسته ای و حافظه RAM بالا، بسیار روان است و می‌توانیم بگوییم که به جز حالتی که از تصویر پس زمینه متحرک استفاده کردیم، تقریبا هیچ‌گونه کاهش سرعتی هنگام کار کردن با این تبلت مشاهده نکردیم.,2,data/extra/Samsung Galaxy Tab 2 7.0 P3100 - 16GB_Hosseini.xml,محیط نرم افزاری به لطف پردازنده بسیار قدرتمند دو هسته ای و حافظه RAM بالا، بسیار روان است و می‌توانیم بگوییم که به جز حالتی که از تصویر پس زمینه متحرک استفاده کردیم،  تقریبا هیچ‌گونه کاهش سرعتی هنگام کار کردن با این تبلت مشاهده نکردیم.
7779,-,متاسفانه عکس‌های گرفته شده با دوربین این تبلت از کیفیت رضایت بخشی برخوردار نیستند.,-1,data/extra/Samsung Galaxy Tab 2 7.0 P3100 - 16GB_Hosseini.xml,متأسفانه عکس‌های گرفته شده با دوربین این تبلت از کیفیت رضایت بخشی برخوردار نیستند.
7780,-,نه تنها دوربین این تبلت از فوکوس ثابت استفاده می‌کند، بلکه به فلاش نیز مجهز نیست به همین دلیل کیفیت عکس‌های گرفته شده به خصوص در فضاهای کم نور، پایین‌تر از حد متوسط بوده و نویز زیادی دارند.,-2,data/extra/Samsung Galaxy Tab 2 7.0 P3100 - 16GB_Hosseini.xml,نه تنها دوربین این تبلت از فوکوس ثابت استفاده می‌کند،  بلکه به فلاش نیز مجهز نیست به همین دلیل کیفیت عکس‌های گرفته شده به خصوص در فضاهای کم نور، پایین ‌تر از حد متوسط بوده و نویز زیادی دارند.
7782,-,فیلم های گرفته شده با این تبلت جزئیات قابل قبولی را نشان داده و از کیفیت صوتی بسیار مناسبی برخوردارند.,2,data/extra/Samsung Galaxy Tab 2 7.0 P3100 - 16GB_Hosseini.xml,فیلم های گرفته شده با این تبلت جزئیات قابل قبولی را نشان داده و از کیفیت صوتی بسیار مناسبی برخوردارند.
7789,-,در نهایت GALAXY Tab 2، یکی از بهترین تبلت های موجود در بازار و برای کسانی به دنبال یک تبلت کوچک با امکانات فوق العاده می گردند، بسیار مناسب است.,2,data/extra/Samsung Galaxy Tab 2 7.0 P3100 - 16GB_Hosseini.xml,در نهایت GALAXY Tab 2،  یکی از بهترین تبلت های موجود در بازار و برای کسانی به دنبال یک تبلت کوچک با امکانات فوق العاده می گردند، بسیار مناسب است.
7807,-,گوشی بسیار خوبیه.,2,data/extra/Sony Ericsson Live With Walkman.xml,گوشي بسيار خوبيه.
7815,-,از دیجی کالا هم ممنونم.,0,data/extra/Sony Ericsson Live With Walkman.xml,از ديجي کالا هم ممنونم.
8067,-,سامسونگ Galaxy S II دارای قطری در حدود 8.5 میلی متر است و در ضخیم ترین مکان هرگز این قطر از 1 سانتی متر تجاوز نمی‌کند.,0,data/extra/Samsung Galaxy S II I9100 - 16GB_Hosseini.xml,سامسونگ Galaxy S II دارای قطری در حدود 8.5 میلی متر است و در ضخیم ترین مکان هرگز این قطر از 1 سانتی متر تجاوز نمی‌کند.
8068,-,با در نظر گرفتن تجهیزات سخت‌افزاری قدرتمندی که درون بدنه جای گرفته، بدنه‌ی باریک Galaxy S II در نوع خود یک شاهکار مهندسی محسوب می‌شود.,2,data/extra/Samsung Galaxy S II I9100 - 16GB_Hosseini.xml,با در نظر گرفتن تجهیزات سخت‌افزاری قدرتمندی که درون بدنه جای گرفته، بدنه‌ی باریک Galaxy S II در نوع خود یک شاهکار مهندسی محسوب می‌شود.
8070,-,کاور پشتی گوشی دارای طرح برجسته‌ای می‌باشد و در هنگام لمس کردن احساس خوبی به شما می‌دهد.,1,data/extra/Samsung Galaxy S II I9100 - 16GB_Hosseini.xml,کاور پشتی گوشی دارای طرح برجسته‌ای می‌باشد و در هنگام لمس کردن احساس خوبی به شما می‌دهد.
8071,-,همچنین به نظر ما از نظر مقاومت در برابر خراش و آسیب های احتمالی مقاوم‌تر از کاور پشتی Galaxy S اصلی است.,1,data/extra/Samsung Galaxy S II I9100 - 16GB_Hosseini.xml,همچنین به نظر ما از نظر مقاومت در برابر خراش و آسیب های احتمالی مقاوم‌تر از کاور پشتی Galaxy S اصلی است.
8073,-,فریم دور نمایشگر هم کاملا از پلاستیک ساخته شده و این بدنه‌ی پلاستیکی یکی از تفاوت های بارز بین این گوشی و گوشی های هوشمند ساخت HTC و یا آیفون است.,0,data/extra/Samsung Galaxy S II I9100 - 16GB_Hosseini.xml,فریم دور نمایشگر هم کاملا از پلاستیک ساخته شده و این بدنه‌ی پلاستیکی یکی از تفاوت های بارز بین این گوشی و گوشی های هوشمند ساخت HTC و یا آیفون است.
8075,-,وقتی این گوشی را برای اولین بار در دست میگیرید، انتظار وزنی بیشتر و ساختاری فلزی و مستحکم تر را دارید، و ممکن است در وهله اول کمی شما را مایوس کند.,-1,data/extra/Samsung Galaxy S II I9100 - 16GB_Hosseini.xml,وقتی این گوشی را برای اولین بار در دست میگیرید،  انتظار وزنی بیشتر و ساختاری فلزی و مستحکم تر را دارید، و ممکن است در وهله اول کمی شما را مأیوس کند.
8076,-,اما بعد از اینکه مدتی با آن کار می‌کنید، می‌بینید که آن طور هم که قبلا به نظر می‌آمد نیست و حس خوبی با آن خواهید داشت.,1,data/extra/Samsung Galaxy S II I9100 - 16GB_Hosseini.xml,اما بعد از اینکه مدتی با آن کار می‌کنید، می‌بینید که آن طور هم که قبلا به نظر می‌آمد نیست و حس خوبی با آن خواهید داشت.
8078,-,در قسمت بالای نمایشگر، سنسور سنجش نورمحیطی و دوربین جلویی، و در قسمت زیر نمایشگر دو دکمه‌ی لمسی آندرویدی دیده می‌شود.,0,data/extra/Samsung Galaxy S II I9100 - 16GB_Hosseini.xml,در قسمت بالای نمایشگر،  سنسور سنجش نورمحیطی و دوربین جلویی،  و در قسمت زیر نمایشگر دو دکمه‌ی لمسی آندرویدی دیده می‌شود.
8080,-,اندودی که سامسونگ بر روی شیشه‌ی نمایشگر به کار برده وظیفه‌ی خود را به خوبی انجام می‌دهد.,1,data/extra/Samsung Galaxy S II I9100 - 16GB_Hosseini.xml,اندودی که سامسونگ بر روی شیشه‌ی نمایشگر به کار برده وظیفه‌ی خود را به خوبی انجام می‌دهد.
8081,-,مقاومت آن در برابر جذب اثر انگشت و کثیف شدگی از استاندارد گوشی های هم رده بالاتر است.,1,data/extra/Samsung Galaxy S II I9100 - 16GB_Hosseini.xml,مقاومت آن در برابر جذب اثر انگشت و کثیف شدگی از استاندارد گوشی های هم رده بالاتر است.
8083,-,آدیو جک 3.5 میلی متری نیز در لبه‌ی بالا و پورت micro USB در لبه‌ی پایینی گوشی جایگذاری شده اند.,0,data/extra/Samsung Galaxy S II I9100 - 16GB_Hosseini.xml,آدیو جک 3.5 میلی متری نیز در لبه‌ی بالا و پورت micro USB در لبه‌ی پایینی گوشی جایگذاری شده اند.
8084,-,بنابراین از نظر پورت‌ها و کنترل های فیزیکی خیلی خلوت است و حتی دکمه‌ی شاتر دوربین هم وجود ندارد.,-1,data/extra/Samsung Galaxy S II I9100 - 16GB_Hosseini.xml,بنابراین از نظر پورت‌ها و کنترل های فیزیکی خیلی خلوت است و حتی دکمه‌ی شاتر دوربین هم وجود ندارد.
8085,-,در عوض همه‌ی کنترل‌های لمسی و غیر لمسی ارگونومی بسیار خوبی دارند و عملکردشان کاملا راضی‌کننده است.,2,data/extra/Samsung Galaxy S II I9100 - 16GB_Hosseini.xml,در عوض همه‌ی کنترل‌های لمسی و غیر لمسی ارگونومی بسیار خوبی دارند و عملکردشان کاملاً راضی‌کننده است.
8086,-,حساسیت لمسی خود نمایشگر هم کاملا عالیست.,2,data/extra/Samsung Galaxy S II I9100 - 16GB_Hosseini.xml,حساسیت لمسی خود نمایشگر هم کاملاً عالیست.
8087,-,شاید چنین آرایش دکمه‌ی فیزیکی در کنار دکمه‌ی لمسی در نگاه اول کمی عجیب به نظر برسد ولی پس از مدتی کار کردن با آن متوجه لذت‌بخشی چنین طراحی می‌شوید.,1,data/extra/Samsung Galaxy S II I9100 - 16GB_Hosseini.xml,شاید چنین آرایش دکمه‌ی فیزیکی در کنار دکمه‌ی لمسی در نگاه اول کمی عجیب به نظر برسد ولی پس از مدتی کار کردن با آن متوجه لذت‌بخشی چنین طراحی می‌شوید.
8088,-,برای توصیف نمایشگر 4.3 اینچی Galaxy S II از هیچ کلمه‌ای کمتر از شگفت‌انگیز نمی‌توانیم استفاده کنیم.,1,data/extra/Samsung Galaxy S II I9100 - 16GB_Hosseini.xml,برای توصیف نمایشگر 4.3 اینچی Galaxy S II از هیچ کلمه‌ای کمتر از شگفت‌انگیز نمی‌توانیم استفاده کنیم.
8091,-,کیفیت دید از زاویه هم بهترین است.,2,data/extra/Samsung Galaxy S II I9100 - 16GB_Hosseini.xml,کیفیت دید از زاویه هم بهترین است.
8092,-,رزولوشن این نمایشگر 800X480 پیکسل می‌باشد.,0,data/extra/Samsung Galaxy S II I9100 - 16GB_Hosseini.xml,رزولوشن این نمایشگر 800X480 پیکسل می‌باشد.
8093,-,هرچند که اکنون نمایشگرهایی با رزولوشن 960X540 پیکسل با نام QHD هم در بازار موجود اند که به عنوان مثال یک نمونه از آن بر روی HTC Sensation استفاده شده، ولی کیفیت نمایشگر آن اصلا به پای Galaxy S II نمی‌رسد.,0,data/extra/Samsung Galaxy S II I9100 - 16GB_Hosseini.xml,هرچند که اکنون نمایشگرهایی با رزولوشن 960X540 پیکسل با نام QHD هم در بازار موجود اند که به عنوان مثال یک نمونه از آن بر روی HTC Sensation استفاده شده،  ولی کیفیت نمایشگر آن اصلا به پای Galaxy S II نمی‌رسد.
8095,-,همانطور که گفتیم کیفیت دید از زاویه‌ی آن فوق‌العاده است و با چرخاندن و نگاه کردن از زوایای تندتر هم کیفیت رنگ‌ها تغییر نمی‌کند.,1,data/extra/Samsung Galaxy S II I9100 - 16GB_Hosseini.xml,همانطور که گفتیم کیفیت دید از زاویه‌ی آن فوق‌العاده است و با چرخاندن و نگاه کردن از زوایای تندتر هم کیفیت رنگ‌ها تغییر نمی‌کند.
8097,-,چه با آن به تماشای فیلم بنشینید و چه به مرورگری وب بپردازید نمایشگر 4.3 اینچی Galaxy S II شما را به این فکر می‌اندازد که احتمالا بهترین نمایشگر موجود بر روی تلفن های همراه تا به این تاریخ است.,2,data/extra/Samsung Galaxy S II I9100 - 16GB_Hosseini.xml,چه با آن به تماشای فیلم بنشینید و چه به مرورگری وب بپردازید نمایشگر 4.3 اینچی Galaxy S II شما را به این فکر می‌اندازد که احتمالا بهترین نمایشگر موجود بر روی تلفن های همراه تا به این تاریخ است.
8098,-,هرچند که رزولوشن آن پایین‌تر از نمایشگر Retina‌ی iPhone 4 است ولی با وجود بزرگتر بودن، کیفیتی تقریبا برابر را ارایه می‌دهد.,0,data/extra/Samsung Galaxy S II I9100 - 16GB_Hosseini.xml,هرچند که رزولوشن آن پایین‌تر از نمایشگر Retina‌ی iPhone 4 است ولی با وجود بزرگتر بودن، کیفیتی تقریبا برابر را ارایه می‌دهد.
8100,-,یکی از بهبودهای رخ داده در این صفحه نمایش این است که در نمایشگر گوشی های پیشین، رنگ‌ها غلظتی بیش از حد داشتند.,1,data/extra/Samsung Galaxy S II I9100 - 16GB_Hosseini.xml,یکی از بهبودهای رخ داده در این صفحه نمایش این است که در نمایشگر گوشی های پیشین،  رنگ‌ها غلظتی بیش از حد داشتند.
8101,-,در Galaxy S II برنامه‌ای وجود دارد که از طریق آن می‌توانید غلظت رنگ نمایشگر را به صورت دلخواه تنظیم کنید.,1,data/extra/Samsung Galaxy S II I9100 - 16GB_Hosseini.xml,در Galaxy S II برنامه‌ای وجود دارد که از طریق آن می‌توانید غلظت رنگ نمایشگر را به صورت دلخواه تنظیم کنید.
8102,-,روشنایی نمایشگر به وسیله‌ی سنسور سنجش نور محیطی می‌تواند به صورت خودکار تنظیم شود و این کار تا جایی که ما دیدیم کاملا درست انجام می‌گیرد.,1,data/extra/Samsung Galaxy S II I9100 - 16GB_Hosseini.xml,روشنایی نمایشگر به وسیله‌ی سنسور سنجش نور محیطی می‌تواند به صورت خودکار تنظیم شود و این کار تا جایی که ما دیدیم کاملاً درست انجام می‌گیرد.
8103,-,در قلب Galaxy S II پردازنده‌ی بسیار قدرتمند ARM Cortex A9 با سرعت 1.2 گیگاهرتز قرار گرفته که در نوع خود فوق‌العاده است.,2,data/extra/Samsung Galaxy S II I9100 - 16GB_Hosseini.xml,در قلب Galaxy S II پردازنده‌ی بسیار قدرتمند ARM Cortex A9 با سرعت 1.2 گیگاهرتز قرار گرفته که در نوع خود فوق‌العاده است.
8104,-,درحقیقت Galaxy S II جزو نخستین گوشی‌های هوشمند با پردازنده‌ی دو هسته‌ای می‌باشد و در ادامه باید منتظر گوشی های بیشتری با چنین پردازنده هایی باشیم.,0,data/extra/Samsung Galaxy S II I9100 - 16GB_Hosseini.xml,درحقیقت Galaxy S II جزو نخستین گوشی‌های هوشمند با پردازنده‌ی دو هسته‌ای می‌باشد و در ادامه باید منتظر گوشی های بیشتری با چنین پردازنده هایی باشیم.
8105,-,به خصوص به بکارگیری تکنولوژی دو هسته ای، سرعت در عملکردهای چند وظیفه‌ای را به‌شدت ارتقاء بخشیده.,1,data/extra/Samsung Galaxy S II I9100 - 16GB_Hosseini.xml,به خصوص به بکارگیری تکنولوژی دو هسته ای،  سرعت در عملکردهای چند وظیفه‌ای را به‌شدت ارتقاء بخشیده.
8107,-,این حافظه‌ی RAM، بیشترین مقداری است که تا کنون بر روی یک گوشی هوشمند قرار گرفته و پردازشگر گرافیکی هم توان تولید قدرت فراوانی دارد.,1,data/extra/Samsung Galaxy S II I9100 - 16GB_Hosseini.xml,این حافظه‌ی RAM، بیشترین مقداری است که تا کنون بر روی یک گوشی هوشمند قرار گرفته و پردازشگر گرافیکی هم توان تولید قدرت فراوانی دارد.
8108,-,چنین سخت‌افزارهایی باعث شده که ذره‌ای مکث و تاخیر در عملکردهای گوشی دیده نشود.,1,data/extra/Samsung Galaxy S II I9100 - 16GB_Hosseini.xml,چنین سخت‌افزارهایی باعث شده که ذره‌ای مکث و تأخیر در عملکردهای گوشی دیده نشود.
8109,-,این گوشی در نسخه هایی با حافظه‌ی داخلی 16 و 32 گیگابایت عرضه می‌شود و در از کارت حافظه‌ی Micro SD تا سقف 32 گیگابایت هم پشتیبانی می‌کند که تقریبا بی‌نظیر است.,1,data/extra/Samsung Galaxy S II I9100 - 16GB_Hosseini.xml,این گوشی در نسخه هایی با حافظه‌ی داخلی 16 و 32 گیگابایت عرضه می‌شود و در از کارت حافظه‌ی Micro SD تا سقف 32 گیگابایت هم پشتیبانی می‌کند که تقریباً بی‌نظیر است.
8110,-,در کنار چنان سخت‌افزار قدرتمندی، سیستم‌عامل کاملا حرفه‌ای و جذاب Android 2.3 با واسط کاربری TouchWiz 3.0 قرار دارد.,2,data/extra/Samsung Galaxy S II I9100 - 16GB_Hosseini.xml,در کنار چنان سخت‌افزار قدرتمندی، سیستم‌عامل کاملاً حرفه‌ای و جذاب Android 2.3 با واسط کاربری TouchWiz 3.0 قرار دارد.
8111,-,Android 2.3 کاملا با سیستم عامل iOS شرکت اپل در رقابت است.,0,data/extra/Samsung Galaxy S II I9100 - 16GB_Hosseini.xml,Android 2.3 کاملا با سیستم عامل iOS شرکت اپل در رقابت است.
8112,-,پاسخگویی عمومی گوشی واقعا مثال‌زدنی ست.,2,data/extra/Samsung Galaxy S II I9100 - 16GB_Hosseini.xml,پاسخگویی عمومی گوشی واقعاً مثال‌زدنی ست.
8114,-,به نظر خودمان تا به حال گوشی آندرویدی با چنین سرعت و روانی را تجربه نکرده ایم.,1,data/extra/Samsung Galaxy S II I9100 - 16GB_Hosseini.xml,به نظر خودمان تا به حال گوشی آندرویدی با چنین سرعت و روانی را تجربه نکرده ایم.
8115,-,با دسترسی به فروشگاه Android Market می‌توانید به هزاران برنامه، بازی و نرم افزار نوشته شده برای آن دسترسی پیدا کنید.,1,data/extra/Samsung Galaxy S II I9100 - 16GB_Hosseini.xml,با دسترسی به فروشگاه Android Market می‌توانید به هزاران برنامه، بازی و نرم افزار نوشته شده برای آن دسترسی پیدا کنید.
8116,-,در این جا بد نیست به دعوای حقوقی شرکتهای اپل و سامسونگ که مدتی است در رسانه‌ها خبر‌ساز شده اند اشاره‌ای کنیم.,0,data/extra/Samsung Galaxy S II I9100 - 16GB_Hosseini.xml,در این جا بد نیست به دعوای حقوقی شرکتهای اپل و سامسونگ که مدتی است در رسانه‌ها خبر‌ساز شده اند اشاره‌ای کنیم.
8117,-,در سالهای اخیر اپل بارها از شرکت سامسونگ با ادعای کپی برداری پتنت های اپل و «ظاهر و حس»‌ای پد و تلفن همراه هوشمند آیفون شکایت کرده است و خواهان پرداخت خسارات مادی و معنوی این تخلف شده است.,-1,data/extra/Samsung Galaxy S II I9100 - 16GB_Hosseini.xml,در سالهای اخیر اپل بارها از شرکت سامسونگ با ادعای کپی برداری پتنت های اپل و «ظاهر و حس»‌ای پد و تلفن همراه هوشمند آیفون شکایت کرده است و خواهان پرداخت خسارات مادی و معنوی این تخلف شده است.
8118,-,و البته سامسونگ نیز این اتهامات رد کرده است.,0,data/extra/Samsung Galaxy S II I9100 - 16GB_Hosseini.xml,و البته سامسونگ نیز این اتهامات رد کرده است.
8119,-,اما آنچه که با قطعیت میتوان اشاره کرد این است که رقابت در این سطح بسیار نزدیک شده است و دیگر فاصله های تکنولوژیکی به اندازه سالهای پیش تعیین کننده نیستند.,0,data/extra/Samsung Galaxy S II I9100 - 16GB_Hosseini.xml,اما آنچه که با قطعیت میتوان اشاره کرد این است که رقابت در این سطح بسیار نزدیک شده است و دیگر فاصله های تکنولوژیکی به اندازه سالهای پیش تعیین کننده نیستند.
8120,-,و نقش خلاقیت و ایده‌های مبتکرانه کلیدی‌تر شده است.,1,data/extra/Samsung Galaxy S II I9100 - 16GB_Hosseini.xml,و نقش خلاقیت و ایده‌های مبتکرانه کلیدی‌تر شده است.
8121,-,آیا شما یک طبیعت گرد هستید و یا به تازگی به یک شهر بزرگ سفر کرده اید؟,0,data/extra/Samsung Galaxy S II I9100 - 16GB_Hosseini.xml,آیا شما یک طبیعت گرد هستید و یا به تازگی به یک شهر بزرگ سفر کرده اید؟
8122,-,خوب کافی است که به برنامه‌ی Maps رجوع کنید تا بوسیله‌ی آن نقشه‌ی کامل تمام کره‌ی زمین در کف دستتان باشد و موقعیت دقیق محلی که هستید را بیابید.,0,data/extra/Samsung Galaxy S II I9100 - 16GB_Hosseini.xml,خوب کافی است که به برنامه‌ی Maps رجوع کنید تا بوسیله‌ی آن نقشه‌ی کامل تمام کره‌ی زمین در کف دستتان باشد و موقعیت دقیق محلی که هستید را بیابید.
8123,-,حتی می‌توانید مقصد را هم مشخص کنید و از برنامه بخواهید که مسیر را به شما نشان دهد!,1,data/extra/Samsung Galaxy S II I9100 - 16GB_Hosseini.xml,حتی می‌توانید مقصد را هم مشخص کنید و از برنامه بخواهید که مسیر را به شما نشان دهد!
8124,-,شما حتی می‌توانید تصویر محل خود را به صورت واقعی و ماهواره‌ای مشاهده کنید!,1,data/extra/Samsung Galaxy S II I9100 - 16GB_Hosseini.xml,شما حتی می‌توانید تصویر محل خود را به صورت واقعی و ماهواره‌ای مشاهده کنید!
8125,-,اما برای همه اینها نیاز به اتصال به اینترنت دارید.,0,data/extra/Samsung Galaxy S II I9100 - 16GB_Hosseini.xml,اما برای همه اینها نیاز به اتصال به اینترنت دارید.
8126,-,آیا به نجوم علاقه دارید؟,0,data/extra/Samsung Galaxy S II I9100 - 16GB_Hosseini.xml,آیا به نجوم علاقه دارید؟
8127,-,با استفاده از برنامه‌ی Google Sky Map، گوشی را به هر سوی آسمان که نشانه بروید نقشه‌ی زنده‌ی آن به همراه همه‌ی اجرام و اطلاعاتشان برای شما به نمایش در خواهد آمد!,0,data/extra/Samsung Galaxy S II I9100 - 16GB_Hosseini.xml,با استفاده از برنامه‌ی Google Sky Map،  گوشی را به هر سوی آسمان که نشانه بروید نقشه‌ی زنده‌ی آن به همراه همه‌ی اجرام و اطلاعاتشان برای شما به نمایش در خواهد آمد!
8128,-,آیا به انجام بازی های موبایل علاقه دارید؟,0,data/extra/Samsung Galaxy S II I9100 - 16GB_Hosseini.xml,آیا به انجام بازی های موبایل علاقه دارید؟
8129,-,پیش روی شما دریایی از انواع بازی هایی قرار خواهد داشت که در بین آن‌ها بازی‌های 3D و کاملا مهیج و گرافیکی هم وجود دارد.,1,data/extra/Samsung Galaxy S II I9100 - 16GB_Hosseini.xml,پیش روی شما دریایی از انواع بازی هایی قرار خواهد داشت که در بین آن‌ها بازی‌های 3D و کاملاً مهیج و گرافیکی هم وجود دارد.
8130,-,این‌ها فقط نمونه‌ای از هزاران برنامه‌ی کاربردی و سرگرم کننده‌ی آندروید هستند و تقریبا از هر قشری، چه دانشجو، دانش آموز، مدیر یک شرکت، پزشک، مهندس، بازاریاب، ورزشکار و هرچه که باشید، برنامه هایی برای شما وجود دارد و Galaxy S II با سیستم عامل آندروید خود می‌تواند مورد نیاز شما باشد.,0,data/extra/Samsung Galaxy S II I9100 - 16GB_Hosseini.xml,این‌ها فقط نمونه‌ای از هزاران برنامه‌ی کاربردی و سرگرم کننده‌ی آندروید هستند و تقریبا از هر قشری،  چه دانشجو،  دانش آموز،  مدیر یک شرکت،  پزشک،  مهندس،  بازاریاب،  ورزشکار و هرچه که باشید،  برنامه هایی برای شما وجود دارد و Galaxy S II با سیستم عامل آندروید خود می‌تواند مورد نیاز شما باشد.
8131,-,این گوشی از باتری لیتیوم یونی 1650 میلی آمپر بهره می‌برد.,0,data/extra/Samsung Galaxy S II I9100 - 16GB_Hosseini.xml,این گوشی از باتری لیتیوم یونی 1650 میلی آمپر بهره می‌برد.
8134,-,از نظر شارژدهی بسیار شبیه به گوشی های HTC Incredible S و HTC Desire S می‌باشد.,0,data/extra/Samsung Galaxy S II I9100 - 16GB_Hosseini.xml,از نظر شارژدهی بسیار شبیه به گوشی های HTC Incredible S و HTC Desire S می‌باشد.
8135,-,همانطور که اشاره کردیم، Galaxy S II مجهز به دوربین 8 مگاپیکسلی است.,0,data/extra/Samsung Galaxy S II I9100 - 16GB_Hosseini.xml,همانطور که اشاره کردیم،  Galaxy S II مجهز به دوربین 8 مگاپیکسلی است.
8137,-,از نظر کیفیت عکس های گرفته شده، دوربین این گوشی یکی از بهترین دوربین‌هایی است که بر روی گوشی های تلفن همراه مشاهده کرده ایم.,2,data/extra/Samsung Galaxy S II I9100 - 16GB_Hosseini.xml,از نظر کیفیت عکس های گرفته شده، دوربین این گوشی یکی از بهترین دوربین‌هایی است که بر روی گوشی های تلفن همراه مشاهده کرده ایم.
8138,-,عکس‌های 8 مگاپیکسلی فوق‌العاده شارپ و با‌کیفیت هستند.,2,data/extra/Samsung Galaxy S II I9100 - 16GB_Hosseini.xml,عکس‌های 8 مگاپیکسلی فوق‌العاده شارپ و با‌کیفیت هستند.
8142,-,از نظر ضبط ویدیویی، فیلم‌های ضبط شده بسیار شارپ و با‌کیفیت هستند.,2,data/extra/Samsung Galaxy S II I9100 - 16GB_Hosseini.xml,از نظر ضبط ویدیویی، فیلم‌های ضبط شده بسیار شارپ و با‌کیفیت هستند.
8143,-,حتی در فیلم برداری 1080p Full HD نیز فیلم‌برداری روان و بدون هرگونه مشکل انجام می‌شود.,1,data/extra/Samsung Galaxy S II I9100 - 16GB_Hosseini.xml,حتی در فیلم برداری 1080p Full HD نیز فیلم‌برداری روان و بدون هرگونه مشکل انجام می‌شود.
8144,-,سرعت عکس‌برداری و فیلم‌برداری هم فوق‌العاده است.,2,data/extra/Samsung Galaxy S II I9100 - 16GB_Hosseini.xml,سرعت عکس‌برداری و فیلم‌برداری هم فوق‌العاده است.
8147,-,سامسونگ به کمک سنسور شتاب سنج، بعضی کنترل های حرکتی جالب را برای این گوشی در نظر گرفته است.,1,data/extra/Samsung Galaxy S II I9100 - 16GB_Hosseini.xml,سامسونگ به کمک سنسور شتاب سنج،  بعضی کنترل های حرکتی جالب را برای این گوشی در نظر گرفته است.
8148,-,برای مثال وقتی گوشی را بر می‌گردانید تا نمایشگر آن به سمت زمین باشد، به یک باره همه‌ی صداهای آن قطع می‌شود.,0,data/extra/Samsung Galaxy S II I9100 - 16GB_Hosseini.xml,برای مثال وقتی گوشی را بر می‌گردانید تا نمایشگر آن به سمت زمین باشد،  به یک باره همه‌ی صداهای آن قطع می‌شود.
8149,-,این صدا می‌تواند صدای یک مکالمه‌ی تلفنی و یا پخش مدیا باشد.,0,data/extra/Samsung Galaxy S II I9100 - 16GB_Hosseini.xml,این صدا می‌تواند صدای یک مکالمه‌ی تلفنی و یا پخش مدیا باشد.
8150,-,یکی دیگر از آن‌ها Tilt Zoom به معنی کج کردن برای بزرگنمایی است که در مرورگر اینترنت و گالری عکس کاربرد دارد.,1,data/extra/Samsung Galaxy S II I9100 - 16GB_Hosseini.xml,یکی دیگر از آن‌ها Tilt Zoom به معنی کج کردن برای بزرگنمایی است که در مرورگر اینترنت و گالری عکس کاربرد دارد.
8151,-,شما می‌توانید با کج کردن گوشی به یک طرف در آن Zoom IN و یا Zoom Out کنید.,1,data/extra/Samsung Galaxy S II I9100 - 16GB_Hosseini.xml,شما می‌توانید با کج کردن گوشی به یک طرف در آن  Zoom IN و یا Zoom Out کنید.
8152,-,وقتی شما دو انگشت خود را به صورت همزمان بر روی نمایشگر می‌گذارید منوی تنظیمات، حساسیت و دیگر ویژگی های آن ظاهر می‌شود.,0,data/extra/Samsung Galaxy S II I9100 - 16GB_Hosseini.xml,وقتی شما دو انگشت خود را به صورت همزمان بر روی نمایشگر می‌گذارید منوی تنظیمات، حساسیت و دیگر ویژگی های آن ظاهر می‌شود.
8153,-,این هم ویژگی جالبی است.,1,data/extra/Samsung Galaxy S II I9100 - 16GB_Hosseini.xml,این هم ویژگی جالبی است.
8154,-,آخرین کنترل حرکتی نیز مربوط به Panning یا حرکت در بین آیکون‌ها و صفحات خانگی است.,0,data/extra/Samsung Galaxy S II I9100 - 16GB_Hosseini.xml,آخرین کنترل حرکتی نیز مربوط به Panning یا حرکت در بین آیکون‌ها و صفحات خانگی است.
8155,-,این حرکت هم می‌تواند با کج کردن دستگاه صورت گیرد.,0,data/extra/Samsung Galaxy S II I9100 - 16GB_Hosseini.xml,این حرکت هم می‌تواند با کج کردن دستگاه صورت گیرد.
8157,-,عمل Pinch too Zoom که با دو انگشت صورت می‌گیرد، کاملا بدون خطاست.,1,data/extra/Samsung Galaxy S II I9100 - 16GB_Hosseini.xml,عمل Pinch too Zoom که با دو انگشت صورت می‌گیرد،  کاملاً بدون خطاست.
8159,-,این مرورگر از Adobe Flash هم پشتیبانی می‌کند و محتوای آن از قبیل ویدیو و گرافیک نیز کاملا عالی اجرا می‌شود.,2,data/extra/Samsung Galaxy S II I9100 - 16GB_Hosseini.xml,این مرورگر از Adobe Flash هم پشتیبانی می‌کند و محتوای آن از قبیل ویدیو و گرافیک نیز کاملاً عالی اجرا می‌شود.
8160,-,اما صفحه‌کلید لمسی یا همان صفحه کلید مجازی روی نمایشگر Galaxy S II فوق‌العاده است.,2,data/extra/Samsung Galaxy S II I9100 - 16GB_Hosseini.xml,اما صفحه‌کلید لمسی یا همان صفحه کلید مجازی روی نمایشگر Galaxy S II فوق‌العاده است.
8161,-,بدین صورت که تا به حال چنین صفحه‌کلید خوبی را بر روی هیچ تلفن همراهی مشاهده نکرده بودیم.,1,data/extra/Samsung Galaxy S II I9100 - 16GB_Hosseini.xml,بدین صورت که تا به حال چنین صفحه‌کلید خوبی را بر روی هیچ تلفن همراهی مشاهده نکرده بودیم.
8162,-,سرعت تایپ‌کردن ما با آن؛ از صفحه کلید هر گوشی دیگری بهتر بود.,1,data/extra/Samsung Galaxy S II I9100 - 16GB_Hosseini.xml,سرعت تایپ‌کردن ما با آن؛ از صفحه کلید هر گوشی دیگری بهتر بود.
8163,-,بر روی این صفحه کلید یک کلید جدید Voice input وجود دارد که به محض فشردن آن می‌توانید صحبت کنید تا گوشی صحبت های شما را به صورت نوشته درآورد.,1,data/extra/Samsung Galaxy S II I9100 - 16GB_Hosseini.xml,بر روی این صفحه کلید یک کلید جدید Voice input وجود دارد که به محض فشردن آن می‌توانید صحبت کنید تا گوشی صحبت های شما را به صورت نوشته درآورد.
8164,-,این ویژگی Voice to Speech در جاهای دیگر گوشی مثل جستجو در گوگل یا در مروگر برای نوشتن آدرس های اینترنتی هم کاربرد دارد.,1,data/extra/Samsung Galaxy S II I9100 - 16GB_Hosseini.xml,این ویژگی Voice to Speech در جاهای دیگر گوشی مثل جستجو در گوگل یا در مروگر برای نوشتن آدرس های اینترنتی هم کاربرد دارد.
8165,-,به عنوان یک گوشی تلفن همراه با چنین ویژگی‌ها و فناوری‌های خیره‌کننده‌ای، Galaxy S II گوشی آسانی برای جمع بندی و اظهار نظر است.,1,data/extra/Samsung Galaxy S II I9100 - 16GB_Hosseini.xml,به عنوان یک گوشی تلفن همراه با چنین ویژگی‌ها و فناوری‌های خیره‌کننده‌ای،  Galaxy S II گوشی آسانی برای جمع بندی و اظهار نظر است.
8166,-,به نظر ما بهترین گوشی آندرویدی است که تا به حال دیده ایم و برای هر قشری می‌تواند کاملا کاربردی و کارآمد باشد.,2,data/extra/Samsung Galaxy S II I9100 - 16GB_Hosseini.xml,به نظر ما بهترین گوشی آندرویدی است که تا به حال دیده ایم و برای هر قشری می‌تواند کاملاً کاربردی و کارآمد باشد.
8170,-,همان طور که میدانید اسکنر ها از ابتدا تا کنون نه فقط در حوزه فنی بلکه در ابعاد و اندازه نیز تغییرات فراوانی داشته اند.,0,data/extra/Scanzee BQS030w_Hosseini.xml,همان طور که میدانید اسکنر ها از ابتدا تا کنون نه فقط در حوزه فنی بلکه در ابعاد و اندازه نیز تغییرات فراوانی داشته اند.
8173,-,اگر شما یک دانشجو باشید حتما می دانید که به دفعات برایتان پیش آمده که نیاز به گرفتن کپی و یا عکس از یک کتاب و یا جزوه داشته اید، مهندسین عمران معمولا نیاز دارند که نقشه های خود را همراه داشته باشند، وکلا همیشه مدارک زیادی را حمل می کنند و چندین مورد دیگر که در تمامی این ها یک پویشگرهای دستی می تواند به راحتی و در زمانی بسیار کوتاه از این مدارک ، نقشه ها و متون اسکن تهیه کرده و بر روی یک حافظه ذخیره کند و درمواقع مورد نیاز در اختیار شما قرار دهد.,2,data/extra/Scanzee BQS030w_Hosseini.xml,اگر شما یک دانشجو باشید حتما می دانید که به دفعات برایتان پیش آمده که نیاز به گرفتن کپی و یا عکس از یک کتاب و یا جزوه داشته اید،  مهندسین عمران معمولا نیاز دارند که نقشه های خود را همراه داشته باشند،  وکلا همیشه مدارک زیادی را حمل می کنند و چندین مورد دیگر که در تمامی این ها یک پویشگرهای دستی می تواند به راحتی و در زمانی بسیار کوتاه از این مدارک  ،  نقشه ها و متون  اسکن تهیه کرده و بر روی یک حافظه ذخیره کند و درمواقع مورد نیاز در اختیار شما قرار دهد.
8176,-,کمپانی اسکن زی یکی از تولید کنندگان اسکنرهای دستی یکی از تولیدات خود را با نام BQS030w و در رنگ های خاکستری و قرمز به بازار معرفی کرد.,0,data/extra/Scanzee BQS030w_Hosseini.xml,کمپانی اسکن زی یکی از تولید کنندگان اسکنرهای دستی یکی از تولیدات خود را با نام BQS030w  و در رنگ های خاکستری و قرمز به بازار معرفی کرد.
8177,-,این مدل قادر است که با وضوح 300 و 600 و900 DPI اسکن تهیه کند و با فرمت های PDF و JPG ذخیره نماید.,1,data/extra/Scanzee BQS030w_Hosseini.xml,این مدل قادر است که با وضوح 300 و 600 و900 DPI اسکن تهیه کند و با فرمت های PDF و JPG ذخیره نماید.
8178,-,مدت زمان اسکن یکی از پارامترهای مهم در اسکنرها می باشد.,0,data/extra/Scanzee BQS030w_Hosseini.xml,مدت زمان اسکن یکی از پارامترهای مهم در اسکنرها می باشد.
8179,-,مدت زمان اسکن این دستگاه با وضوح مختلف به صورت زیر است.,0,data/extra/Scanzee BQS030w_Hosseini.xml,مدت زمان اسکن این دستگاه با وضوح مختلف به صورت زیر است.
8180,-,مدت زمان اسکن رنگی با وضوح 900DPI حدود 12 ثانیه مدت زمان اسکن ساده و سفید با وضوح 900DPI حدود 10 ثانیه مدت زمان اسکن رنگی با وضوح 600DPI حدود 8 ثانیه مدت زمان اسکن ساده و سفید با وضوح 600DPI حدود 6 ثانیه مدت زمان اسکن رنگی با وضوح 300DPI حدود 3 ثانیه مدت زمان اسکن ساده و سفید با وضوح 300DPI حدود 2 ثانیه این اسکنر با توجه به اطلاعاتی که بیان شد می توان برای کارهای معمولی و حتی تا حدودی حرفه ای مناسب باشد.,1,data/extra/Scanzee BQS030w_Hosseini.xml,مدت زمان اسکن رنگی با وضوح 900DPI حدود 12 ثانیه مدت زمان اسکن ساده و سفید  با وضوح 900DPI حدود 10 ثانیه مدت زمان اسکن رنگی با وضوح 600DPI حدود 8 ثانیه مدت زمان اسکن ساده و سفید  با وضوح 600DPI حدود 6 ثانیه مدت زمان اسکن رنگی با وضوح 300DPI حدود 3 ثانیه مدت زمان اسکن ساده و سفید  با وضوح 300DPI حدود 2 ثانیه این اسکنر با توجه به اطلاعاتی که بیان شد می توان برای کارهای معمولی و حتی تا حدودی حرفه ای مناسب باشد.
8211,-,فقط و فقط قاب گوشی کیفیت ساختش کمه از کنار دوربین همیشه یه ترک جزئی بر میداره!,-1,data/extra/Samsung Galaxy S III I9305 - 16GB.xml,فقط و فقط قاب گوشي کيفيت ساختش کمه از کنار دوربين هميشه يه ترک جزئي بر ميداره!
8213,-,من میخواستم I9300 S3 بخرم ولی وقتی اینو دیدم گفتم ارزش یکم صبر کردنو داره.,0,data/extra/Samsung Galaxy S III I9305 - 16GB.xml,من ميخواستم I9300 S3 بخرم ولي وقتي اينو ديدم گفتم ارزش يکم صبر کردنو داره.
8214,-,فقط ای کاش زودتر بیاد، قیمتشم زیاد با I9300 فرق نکنه..,0,data/extra/Samsung Galaxy S III I9305 - 16GB.xml,فقط اي کاش زودتر بياد،  قيمتشم زياد با I9300 فرق نکنه..
8215,-,ای کاش رادیو هم داشته باشه,0,data/extra/Samsung Galaxy S III I9305 - 16GB.xml,اي کاش راديو هم داشته باشه
8216,-,هر صبح به امید موجود بودنش سایت رو چک می کنم اما تا حالا ..,0,data/extra/Samsung Galaxy S III I9305 - 16GB.xml,هر صبح به اميد موجود بودنش سايت رو چک مي کنم اما تا حالا ..
8221,-,اگه که بیاد من میخرم.,0,data/extra/Samsung Galaxy S III I9305 - 16GB.xml,اگه که بياد من ميخرم.
8223,-,بیاد میخرمش.,0,data/extra/Samsung Galaxy S III I9305 - 16GB.xml,بياد ميخرمش.
8231,-,دیگه هیچی کم نداره از دستش ندین دوستان,1,data/extra/Samsung Galaxy S III I9305 - 16GB.xml,ديگه هيچي کم نداره از دستش ندين دوستان
8233,-,با سخت افزار بالا واقعا یه گوشی عالی محسوب میشه و میتونه مشتری را راضی کنه.,2,data/extra/Samsung Galaxy S III I9305 - 16GB.xml,با سخت افزار بالا واقعا يه گوشي عالي محسوب ميشه و ميتونه مشتري را راضي کنه.
8234,-,من بیشتر از کاربردهای زیادی که داره خوشحال هستم.,1,data/extra/Samsung Galaxy S III I9305 - 16GB.xml,من بيشتر از کاربردهاي زيادي که داره خوشحال هستم.
8235,-,گوشی خوبی هست ولی کیفیت بدنه پایینی داره!,0,data/extra/Samsung Galaxy S III I9305 - 16GB.xml,گوشي خوبي هست ولي کيفيت بدنه پاييني داره!
8237,-,من خودم میخواستم از دیجی کالا S III I9300 خرید کنم ولی تا این رو دیدم نظرم عوض شد منتظرم دیجی کالا این گوشی رو بیاره تا از همین سایت خرید کنم منتظریم.,0,data/extra/Samsung Galaxy S III I9305 - 16GB.xml,من خودم ميخواستم از ديجي کالا  S III I9300 خريد کنم ولي تا اين رو ديدم نظرم عوض شد منتظرم ديجي کالا اين گوشي رو بياره تا از همين سايت خريد کنم منتظريم.
8240,-,تا بیاد ببینیم قیمتش چطوریه.,0,data/extra/Samsung Galaxy S III I9305 - 16GB.xml,تا بياد ببينيم قيمتش چطوريه.
8244,-,من اس۳ میخواستم ولی رم۱ واسم کم بود.,0,data/extra/Samsung Galaxy S III I9305 - 16GB.xml,من اس۳ ميخواستم ولى رم۱ واسم کم بود.
8285,-,صفحات روان باز شده، حرکت دادن و زوم کردن در صفحات بدون کوچک‌ترین مشکل یا کاهش سرعتی بوده و بطور کامل از فلش پشتیبانی می‌شود.,1,data/extra/Samsung Galaxy S III I9305 - 16GB.xml,صفحات روان باز شده،  حرکت دادن و زوم کردن در صفحات بدون کوچک‌ترین مشکل یا کاهش سرعتی بوده و بطور کامل از فلش پشتیبانی می‌شود.
8292,-,تصاویر گرفته شده با دوربین این گوشی از کیفیت بسیار بالایی برخوردارند، جزئیات بسیار دقیق بوده، نویز تصاویر کم بوده و رنگ‌های تولید شده بسیار طبیعی هستند.,2,data/extra/Samsung Galaxy S III I9305 - 16GB.xml,تصاویر گرفته شده با دوربین این گوشی از کیفیت بسیار بالایی برخوردارند،  جزئیات بسیار دقیق بوده،  نویز تصاویر کم بوده و رنگ‌های تولید شده بسیار طبیعی هستند.
8299,-,به علاوه، سامسونگ قابلیت‌های بسیار جالبی (مانند Smart Stay، Direct Call و S Voice) به سیستم عامل اندروید اضافه کرده است که تا به امروز بر روی هیچ گوشی اندرویدی دیگری مشاهده نکرده بودیم.,2,data/extra/Samsung Galaxy S III I9305 - 16GB.xml,به علاوه،  سامسونگ قابلیت‌های بسیار جالبی (مانند Smart Stay،  Direct Call و S Voice) به سیستم عامل اندروید اضافه کرده است که تا به امروز بر روی هیچ گوشی اندرویدی دیگری مشاهده نکرده بودیم.
8343,-,تعامل هوشمندانه با کنترل صدا و حرکت فن‌آوری جدید و پیشرفته تعامل هوشمند به شما اجازه می‌دهد تا بدون نیاز به فشار دادن دکمه با تلویزیون خود کار کنید.,1,data/extra/Samsung LED 55ES8880_Hosseini.xml,تعامل هوشمندانه با کنترل صدا و حرکت فن‌آوری جدید و پیشرفته تعامل هوشمند به شما اجازه می‌دهد تا بدون نیاز به فشار دادن دکمه با تلویزیون خود کار کنید.
8352,-,با محتواها و قابلیت‌های بهبود یافته تجربه مشاهده هوشمندانه‌تری داشته باشید با سه سرویس انحصاری و جدید سامسونگ – برنامه‌های کاربردی برای سرگرمی کودکان - Kids، برنامه‌های کاربردی برای تندرستی – Fitness و برنامه‌های کاربردی برای خانواده - Family Story – وارد دنیای سرگرمی‌های آنلاین شده و از محتواهای ارتقا یافته جدید آنها بهره‌مند شوید.,1,data/extra/Samsung LED 55ES8880_Hosseini.xml,با محتواها و قابلیت‌های بهبود یافته تجربه مشاهده هوشمندانه‌تری داشته باشید با سه سرویس انحصاری و جدید سامسونگ – برنامه‌های کاربردی برای سرگرمی کودکان - Kids،  برنامه‌های کاربردی برای تندرستی – Fitness و برنامه‌های کاربردی برای خانواده - Family Story – وارد دنیای سرگرمی‌های آنلاین شده و از محتواهای ارتقا یافته جدید آنها بهره‌مند شوید.
8373,-,تجربه مشاهده خود را با کیفیت برتر تصویر ارتقا بخشید لذت مشاهده را با کیفیت برتر تصویر ارتقا داده و تجربه بسیار واقعی‌تر و واضح‌تر و جذاب‌تری از سرگرمی‌ها داشته باشید.,1,data/extra/Samsung LED 55ES8880_Hosseini.xml,تجربه مشاهده خود را با کیفیت برتر تصویر ارتقا بخشید لذت مشاهده را با کیفیت برتر تصویر ارتقا داده و تجربه بسیار واقعی‌تر و واضح‌تر و جذاب‌تری از سرگرمی‌ها داشته باشید.
8377,-,طراحی انقلابی و چشم‌نواز تلویزیون که زندگی شما را متحول خواهد ساخت محیط زندگی خود را با این طراحی پیچیده و شیک متحول سازید.,1,data/extra/Samsung LED 55ES8880_Hosseini.xml,طراحی انقلابی و چشم‌نواز تلویزیون که زندگی شما را متحول خواهد ساخت محیط زندگی خود را با این طراحی پیچیده و شیک متحول سازید.
8381,-,فایل‌ها و برنامه‌های خود را به اشتراک گذاشته، ذخیره ساخته و از آن‌ها لذت ببرید – راحت‌تر از همیشه به یمن وجود قابلیت‌های ارتباطی هوشمند می‌توانید تجربه مشاهده لذت‌بخش‌تر و هوشمندانه‌تری داشته باشید.,1,data/extra/Samsung LED 55ES8880_Hosseini.xml,فایل‌ها و برنامه‌های خود را به اشتراک گذاشته، ذخیره ساخته و از آن‌ها لذت ببرید – راحت‌تر از همیشه به یمن وجود قابلیت‌های ارتباطی هوشمند می‌توانید تجربه مشاهده لذت‌بخش‌تر و هوشمندانه‌تری داشته باشید.
8604,-,بهتره با Nokia PC suite به سیستم BELLE آپدیت کنین که اون هم رایگانه,0,data/extra/Nokia 500.xml,بهتره  با Nokia PC suite به سيستم BELLE آپديت کنين که اون هم رايگانه
8606,-,ولی در صورت استفاده از آهنگ و موسیقی متاسفانه شارژش زود تمام میشود.,-1,data/extra/Nokia 500.xml,ولي در صورت استفاده از آهنگ و موسيقي متاسفانه شارژش زود تمام ميشود.
8608,-,نسبت به پولی که میدین پردازندش خوبه ولی چون پردازنده گرافیکی نداره برای بازی اصلا خوب نیست صفحه ی کوچیکش هم برای وب گردی مناسب نیست خودم یک سال این گوشیو داشتم,-1,data/extra/Nokia 500.xml,نسبت به پولي که ميدين پردازندش خوبه ولي چون پردازنده گرافيکي نداره براي بازي اصلا خوب نيست صفحه ي کوچيکش هم براي وب گردي مناسب نيست خودم يک سال اين گوشيو داشتم
8610,-,البته نبود فلاش واسه دوربینش ضعفه.,-1,data/extra/Nokia 500.xml,البته نبود فلاش واسه دوربينش ضعفه.
8611,-,ولی کیفیت خود دوربینش خوبه,1,data/extra/Nokia 500.xml,ولي کيفيت خود دوربينش خوبه
8612,-,یه ساله خریدم خیلی ضعیف است بازی هم که چی بگم هیچ کدوم رو باز نمیکنه,-2,data/extra/Nokia 500.xml,يه ساله خريدم خيلي ضعيف است بازي هم که چي بگم هيچ کدوم رو باز نميکنه
8613,-,امکاناتش در اندازه ی قیمتش خوبه ولی اگه سیستم عامل آندروید بود بهتر می شد,1,data/extra/Nokia 500.xml,امکاناتش در اندازه ي قيمتش خوبه ولي اگه سيستم عامل آندرويد بود بهتر مي شد
8615,-,سلام ، من چند وقته این گوشیو دارم .,0,data/extra/Nokia 500.xml,سلام ،  من چند وقته اين گوشيو دارم .
8618,-,به نظر من به خاطره حجم کوچکش میتونه مفید باشه,1,data/extra/Nokia 500.xml,به نظر من به خاطره حجم کوچکش ميتونه مفيد باشه
8619,-,گوشی بسیار عالی هستش .,2,data/extra/Nokia 500.xml,گوشي بسيار عالي هستش .
8620,-,من که از وقتی خریدمش راضیم.,1,data/extra/Nokia 500.xml,من که از وقتي خريدمش راضيم.
8621,-,این گوشی خوبیه به نظر من ارزش خرید رو داره ولی متاسفانه فلاش نداره ولی ارزش خرید رو داره,1,data/extra/Nokia 500.xml,اين گوشي خوبيه به نظر من ارزش خريد رو داره ولي متاسفانه فلاش نداره ولي ارزش خريد رو داره
8622,-,گوشی رو که خریدین به nokia belle refresh آپدیت کنین بعد استفاده کنین و در مورد گوشی نظر بدین!,0,data/extra/Nokia 500.xml,گوشي رو که خريدين به nokia belle refresh آپديت کنين بعد استفاده کنين و در مورد گوشي نظر بدين!
8623,-,ورژن آپدیتون باید 111.021.0028 باشه !,0,data/extra/Nokia 500.xml,ورژن آپديتون بايد 111.021.0028 باشه !
8624,-,این جدید ترین آپدیته مربوط به تاریخ2012.08.20 .,0,data/extra/Nokia 500.xml,اين جديد ترين آپديته مربوط به تاريخ2012.08.20 .
8625,-,نکته: اگه میخواین ورژن سیستم عاملتون رو ببینید این رمز رو بزنید(#0000#*){ستاره- مربع- 4تا صفر-مربع} و با این ورژنی که نوشتم مقایسه کنید.,0,data/extra/Nokia 500.xml,نکته: اگه ميخواين ورژن سيستم عاملتون رو ببينيد اين رمز رو بزنيد(#0000#*){ستاره- مربع- 4تا صفر-مربع}  و با اين ورژني که نوشتم مقايسه کنيد.
8626,-,در ضمن nokia belle شباهت زیادی به آندروید داره پیدا می کنه.,0,data/extra/Nokia 500.xml,در ضمن nokia belle شباهت زيادي به آندرويد داره پيدا مي کنه.
8627,-,از nokia belle خوشم اومد,1,data/extra/Nokia 500.xml,از nokia belle خوشم اومد
8628,-,گوشی خوبی برای کسایی هست که انتظار یک گوشی معمولی با سیستم عامل خوب رو دارن.,1,data/extra/Nokia 500.xml,گوشي خوبي براي کسايي هست که انتظار يک گوشي معمولي با سيستم عامل خوب رو دارن.
8631,-,من گوشی نوکیا E7 دارم و با سیستم عامل سیمبین بل تقریبا ازش راضی هستم.,1,data/extra/Nokia 500.xml,من گوشي نوکيا E7 دارم و با سيستم عامل سيمبين بل تقريبا ازش  راضي هستم.
8632,-,ولی به نظر من دوره ی گوشیهای نصفه و نیمه و پر از ایراد میان قیمت نوکیا دیگه به سر اومده.,-1,data/extra/Nokia 500.xml,ولي به نظر من دوره ي گوشيهاي نصفه و نيمه و پر از ايراد ميان قيمت نوکيا ديگه به سر اومده.
8633,-,معایب نوکیا 500 خیلی آزاردهنده است.,-2,data/extra/Nokia 500.xml,معايب نوکيا 500 خيلي آزاردهنده است.
8637,-,به نظر من با این پول میشه که گوشی سونی اریکسون Live with walkman و یا Xperia mini خرید که واقعا گوشیهای کم ایرادتری محسوب میشن.,0,data/extra/Nokia 500.xml,به نظر من با اين پول ميشه که گوشي سوني اريکسون Live with walkman و يا Xperia mini خريد که واقعا گوشيهاي کم ايرادتري محسوب ميشن.
8639,-,من 6ماه این گوشیرو دارم و تازگی به Belle آپدیت کردم.,0,data/extra/Nokia 500.xml,من 6ماه اين گوشيرو دارم و تازگي به Belle آپديت کردم.
8641,-,دوستانی که با گوشیشون خیلی بازی میکنند و بازی های HD و با کیفیت بالا میخوان این گوشی مناسب نیست.,-1,data/extra/Nokia 500.xml,دوستاني که با گوشيشون خيلي بازي ميکنند و بازي هاي HD و با کيفيت بالا ميخوان اين گوشي مناسب نيست.
8642,-,من پیشنهادم Nokia 603 هست.,0,data/extra/Nokia 500.xml,من پيشنهادم Nokia 603 هست.
8643,-,تفاوت قیمتشون فقط 70 هزار تومانه.,0,data/extra/Nokia 500.xml,تفاوت قيمتشون فقط 70 هزار تومانه.
8644,-,اما به نظر من که همیشه نوکیا داشته م و الان هم نوکیا 500 دارم ، این گوشی زیاد کارایی نداره.,-1,data/extra/Nokia 500.xml,اما به نظر من که هميشه نوکيا داشته م و الان هم نوکيا 500 دارم ، اين گوشي زياد کارايي نداره.
8647,-,اگه با این بودجه میخواین گوشی بخری من samsung galaxy fit رو پیشنها میکنم.,0,data/extra/Nokia 500.xml,اگه با اين بودجه ميخواين گوشي بخري من samsung galaxy fit رو پيشنها ميکنم.
8649,-,در ضمن fit برنامه های آفیس رو هم پشتیبانی میکنه و پی دی اف رو هم میخونه.,1,data/extra/Nokia 500.xml,در ضمن fit برنامه هاي آفيس رو هم پشتيباني ميکنه و پي دي اف رو هم ميخونه.
8652,-,تاچش حرف نداره.,2,data/extra/Nokia 500.xml,تاچش حرف نداره.
8654,-,فقط نمیشه بازیهای HD روش نصب کرد من خودم نصب کردم سرعتش کم میاره.,-1,data/extra/Nokia 500.xml,فقط نميشه بازيهاي HD روش نصب کرد من خودم نصب کردم سرعتش کم مياره.
8655,-,با توجه به قیمتش محشره.,2,data/extra/Nokia 500.xml,با توجه به قيمتش محشره.
8657,-,دوربین این گوشی مجهز به تشخیص چهره است و فوکوس ثابت داره سیستم عاملش هم به گفته نوکیا تا سال 2012 به سیستم عامل بل آپدیت میشه .,1,data/extra/Nokia 500.xml,دوربین اين گوشي مجهز به تشخيص چهره است و فوکوس ثابت داره سيستم عاملش هم به گفته نوکيا تا سال 2012 به سيستم عامل بل آپديت ميشه .
8661,-,بنابراین نوکیا 500 با وجود قیمت ارزانی که دارد، حتی از Nokia N8 معروف هم سریع‌تر است.,1,data/extra/Nokia 500.xml,بنابراین نوکیا 500 با وجود قیمت ارزانی که دارد،  حتی از Nokia N8 معروف هم سریع‌تر است.
8666,-,هرچند که این گوشی فلزی نیست، ولی از پلاستیک معمولی، بسیار مقاوم‌تر می‌باشد.,2,data/extra/Nokia 500.xml,هرچند که این گوشی فلزی نیست،  ولی از پلاستیک معمولی،  بسیار مقاوم‌تر می‌باشد.
8669,-,طراحی گوشی نیز بسیار آرگونومیک صورت گرفته و در قسمت پشتی کاملا زیبا می‌باشد.,2,data/extra/Nokia 500.xml,طراحی گوشی نیز بسیار آرگونومیک صورت گرفته و در قسمت پشتی کاملا زیبا می‌باشد.
8681,-,درون این گوشی یک باتری 1110 میلی‌آمپری جای داده شده که توانایی شارژدهی نسبتا خوبی را به گوشی ارایه می‌دهد به طوری که می‌تواند تا 7 ساعت زمان مکالمه، 500 ساعت زمان انتظار و 35 ساعت زمان پخش موسیقی را پشتیبانی کند.,1,data/extra/Nokia 500.xml,درون این گوشی یک باتری 1110 میلی‌آمپری جای داده شده که توانایی شارژدهی نسبتا خوبی را به گوشی ارایه می‌دهد به طوری که می‌تواند تا 7 ساعت زمان مکالمه،  500 ساعت زمان انتظار و 35 ساعت زمان پخش موسیقی را پشتیبانی کند.
8686,-,نسبت به قیمتش دستگاه خوبی هست و در شبکه هم جواب خوبی داده کارتریج هم اگر اصل استفاده بشه نسبت به کاتریج های تقلبی که قیمت پایین تری دارن .,1,data/extra/HP LaserJet P1102_Hosseini.xml,نسبت به قيمتش دستگاه خوبي هست و در شبکه هم جواب خوبي داده کارتريج هم اگر اصل استفاده بشه نسبت به کاتريج هاي تقلبي که قيمت پايين تري دارن .
8687,-,به صرفه میشه,1,data/extra/HP LaserJet P1102_Hosseini.xml,به صرفه ميشه
8688,-,من یک سالی هست این پرینتر رو دارم.,0,data/extra/HP LaserJet P1102_Hosseini.xml,من يک سالي هست اين پرينتر رو دارم.
8689,-,پرینتر خوبیه سرعت بالایی داره.,1,data/extra/HP LaserJet P1102_Hosseini.xml,پرينتر خوبيه سرعت بالايي داره.
8690,-,منتها صدای بالایی داره موقع چاپ.,-1,data/extra/HP LaserJet P1102_Hosseini.xml,منتها صداي بالايي داره موقع چاپ.
8691,-,در کل ازش راضیم.,1,data/extra/HP LaserJet P1102_Hosseini.xml,در کل ازش راضيم.
8692,-,پرینتر خوبیه,1,data/extra/HP LaserJet P1102_Hosseini.xml,پرينتر خوبيه
8694,-,سلام ، حدود یکسال هست که دارم، بعد از اولین شارژ کیفیتش خیلی اومد پایین،,-2,data/extra/HP LaserJet P1102_Hosseini.xml,سلام ،  حدود يکسال هست که دارم،  بعد از اولين شارژ کيفيتش خيلي اومد پايين،
8695,-,حدود 3 ساله که این پرینترو دارم.,0,data/extra/HP LaserJet P1102_Hosseini.xml,حدود 3 ساله که اين پرينترو دارم.
8696,-,فقط یکبار کارتریجشو با درامش عوض کردم.,0,data/extra/HP LaserJet P1102_Hosseini.xml,فقط يکبار کارتريجشو با درامش عوض کردم.
8697,-,چون خیلی زیاد ازش استفاده نکردم و در حد مصرف خونگی برام واقعا بصرفه بود.,1,data/extra/HP LaserJet P1102_Hosseini.xml,چون خيلي زياد ازش استفاده نکردم و در حد مصرف خونگي برام واقعا بصرفه بود.
8698,-,رنگ اولیه با شارژ مجددش خیلی متفاوت نبود (چون آشنا داشتم کیفیت جوهرش بعد از شارژ هم بسیار خوب بود).,1,data/extra/HP LaserJet P1102_Hosseini.xml,رنگ اوليه با شارژ مجددش خيلي متفاوت نبود (چون آشنا داشتم کيفيت جوهرش بعد از شارژ هم بسيار خوب بود).
8699,-,در کل اگه کسی یه پرینتر متوسط و بی دردسر برای مصرف خانگی میخواد می تونم بگم عالیه و تا سالها میتونه نیاز کاربر رو برطرف کنه.,2,data/extra/HP LaserJet P1102_Hosseini.xml,در کل اگه کسي يه پرينتر متوسط و بي دردسر براي مصرف خانگي ميخواد مي تونم بگم عاليه و تا سالها ميتونه نياز کاربر رو برطرف کنه.
8702,-,من 1 ماه پیش از دیجی کالا خریدم.,0,data/extra/HP LaserJet P1102_Hosseini.xml,من 1 ماه پيش از ديجي کالا خريدم.
8704,-,برای خرید این پرینتر شک نکنید.,1,data/extra/HP LaserJet P1102_Hosseini.xml,براي خريد اين پرينتر شک نکنيد.
8705,-,خدا رو شکر پرینتر خوبی هست هم سرعتش بالاست هم کیفیتش که تا حالا خوب بوده مدت زیادی نیست که دارمش اما ازش راضی هستم,2,data/extra/HP LaserJet P1102_Hosseini.xml,خدا رو شکر پرينتر خوبي هست هم سرعتش بالاست هم کيفيتش که تا حالا خوب بوده مدت زيادي نيست که دارمش اما ازش راضي هستم
8706,-,من حدود 2 ساله دارم از این دستگاه تا حالا 3 بار شارژ کردم تونرش رو !,0,data/extra/HP LaserJet P1102_Hosseini.xml,من حدود 2 ساله دارم از اين دستگاه تا حالا 3 بار شارژ کردم تونرش رو !
8707,-,عالیه !,2,data/extra/HP LaserJet P1102_Hosseini.xml,عاليه !
8708,-,پرینتر خوبی است و کیفیت خوبی دارد و عالی چاپ میکند اگر پرینتری کارا و عالی می خواهید شک نکنید من از دیجی کالا خریدم,2,data/extra/HP LaserJet P1102_Hosseini.xml,پرينتر خوبي است و کيفيت خوبي دارد و عالي چاپ ميکند اگر پرينتري کارا و عالي مي خواهيد شک  نکنيد  من از ديجي کالا خريدم
8711,-,سرعت چاپش خیلی خوبه.,2,data/extra/HP LaserJet P1102_Hosseini.xml,سرعت چاپش خيلي خوبه.
8712,-,کیفیت چاپ اولیه که حرف نداره.,2,data/extra/HP LaserJet P1102_Hosseini.xml,کيفيت چاپ اوليه که حرف نداره.
8713,-,من حدود 2 سال هست که دارم ازش استفاده میکنم، خیلی ازش راضی هستم.,2,data/extra/HP LaserJet P1102_Hosseini.xml,من حدود 2 سال هست که دارم ازش استفاده ميکنم،  خيلي ازش راضي هستم.
8714,-,اما در مورد کیفیت رنگش باید بگم که تا قبل از تمام شدن رنگ اولیه، کیفیت فوق العاده بود متاسفانه بعد از شارژ مجدد از کیفیت رنگ اولیه کاسته شده است ولی در کل چاپگر مناسبی هست و از خریدش پشیمون نمیشید.,1,data/extra/HP LaserJet P1102_Hosseini.xml,اما در مورد کيفيت رنگش بايد بگم که تا قبل از تمام شدن رنگ اوليه،  کيفيت فوق العاده بود متاسفانه بعد از شارژ مجدد از کيفيت رنگ اوليه کاسته شده است ولي در کل چاپگر مناسبي هست و از خريدش پشيمون نميشيد.
8715,-,من هم حدود 5ماه هست که دارم برای کاربرد خانگی عالی هست,2,data/extra/HP LaserJet P1102_Hosseini.xml,من هم حدود 5ماه هست که دارم براي کاربرد خانگي عالي هست
8716,-,من حدود یک سال و نیمه که دارم و خیلی ازش راضیم.,2,data/extra/HP LaserJet P1102_Hosseini.xml,من حدود يک سال و نيمه که دارم و خيلي ازش راضيم.
8717,-,تا حالا مشکلی نداشته و خیلی خوب کار کرده.,2,data/extra/HP LaserJet P1102_Hosseini.xml,تا حالا مشکلي نداشته و خيلي خوب کار کرده.
8718,-,کیفیت چاپش خوبه.,1,data/extra/HP LaserJet P1102_Hosseini.xml,کيفيت چاپش خوبه.
8719,-,من حتی روی مقوا هم چاپ کردم.,1,data/extra/HP LaserJet P1102_Hosseini.xml,من حتي روي مقوا هم چاپ کردم.
8720,-,کیفیت چاپ اول خیلی عالیه.,2,data/extra/HP LaserJet P1102_Hosseini.xml,کيفيت چاپ اول خيلي عاليه.
8721,-,HP LaserJet P1102 مدل جدید پرینتر تک رنگ لیزری این شرکت از سری سطح مبتدی است که توانایی ارایه‌ی کیفیت خیلی خوب به همراه سرعت بالا دارد.,1,data/extra/HP LaserJet P1102_Hosseini.xml,HP LaserJet P1102 مدل جدید پرینتر تک رنگ لیزری این شرکت از سری سطح مبتدی است که توانایی ارایه‌ی کیفیت خیلی خوب به همراه سرعت بالا دارد.
8722,-,این پرینتر مناسب استفاده های اداری و شرکتی می‌باشد و به راحتی می‌توان آن را در شبکه به اشتراک گذاشت.,1,data/extra/HP LaserJet P1102_Hosseini.xml,این پرینتر مناسب استفاده های اداری و شرکتی می‌باشد و به راحتی می‌توان آن را در شبکه به اشتراک گذاشت.
8723,-,ابعاد این پرینتر خیلی جمع و جور می‌باشد.,2,data/extra/HP LaserJet P1102_Hosseini.xml,ابعاد این پرینتر خیلی جمع و جور می‌باشد.
8724,-,سینی های تغذیه‌ی کاغذ نیز می‌توانند موقعی که به آن ها نیازی نیست در سر جای خود بسته شوند.,0,data/extra/HP LaserJet P1102_Hosseini.xml,سینی های تغذیه‌ی کاغذ نیز می‌توانند موقعی که به آن ها نیازی نیست در سر جای خود بسته شوند.
8725,-,سینی جلویی قابلیت جای دادن 150 برگ کاغذ را در خود دارد.,0,data/extra/HP LaserJet P1102_Hosseini.xml,سینی جلویی قابلیت جای دادن 150 برگ کاغذ را در خود دارد.
8726,-,در قسمت بالای آن نیز سینی دیگری بیرون می‌آید که قابلیت پشتیبانی از 10 برگ کاغذ با ابعاد دیگر را دارد.,0,data/extra/HP LaserJet P1102_Hosseini.xml,در قسمت بالای آن نیز سینی دیگری بیرون می‌آید که قابلیت پشتیبانی از 10 برگ کاغذ با ابعاد دیگر را دارد.
8727,-,پنل بالایی از پلاستیک مشکی مات ساخته شده و این در حالی است که اطراف آن به رنگ براق می‌باشد.,0,data/extra/HP LaserJet P1102_Hosseini.xml,پنل بالایی از پلاستیک مشکی مات ساخته شده و این در حالی است که اطراف آن به رنگ براق می‌باشد.
8728,-,این در حالی است که در قسمت سمت چپ یک کنترل پنل هم دیده می‌شود.,0,data/extra/HP LaserJet P1102_Hosseini.xml,این در حالی است که در قسمت سمت چپ یک کنترل پنل هم دیده می‌شود.
8729,-,بر روی بدنه‌ی این پرینتر پورت USB 2.0 هم دیده می‌شود.,0,data/extra/HP LaserJet P1102_Hosseini.xml,بر روی بدنه‌ی این پرینتر پورت USB 2.0 هم دیده می‌شود.
8730,-,کاور بالایی را که باز کنید به کارتریج دسترسی پیدا می‌کنید.,0,data/extra/HP LaserJet P1102_Hosseini.xml,کاور بالایی را که باز کنید به کارتریج دسترسی پیدا می‌کنید.
8731,-,دسترسی نسبتا ساده ای است و در ضمن این تنها کارتریج این دستگاه می‌باشد که توانایی پشتیبانی از چاپ 1600 صفحه پیش از تعویض را هم دارد.,1,data/extra/HP LaserJet P1102_Hosseini.xml,دسترسی نسبتا ساده ای است و در ضمن این تنها کارتریج این دستگاه می‌باشد که توانایی پشتیبانی از چاپ 1600 صفحه پیش از تعویض را هم دارد.
8732,-,HP به همراه این پرینتر درایورهای 32 و 64 بیت برای سازگاری با ویندوز XP، Vista، 7 و OS X 10.4 را نیز فراهم کرده است.,1,data/extra/HP LaserJet P1102_Hosseini.xml,HP به همراه این پرینتر درایورهای 32 و 64 بیت برای سازگاری با ویندوز XP،  Vista،  7 و OS X 10.4 را نیز فراهم کرده است.
8733,-,همچنین درایور Linux هم بر روی سایت HP برای دانلود وجود دارد.,0,data/extra/HP LaserJet P1102_Hosseini.xml,همچنین درایور Linux هم بر روی سایت HP برای دانلود وجود دارد.
8734,-,HP ادعا می‌کند که این پرینتر توانایی چاپ 18 صفحه در دقیقه را دارد که برای پرینتر لیزری تک رنگ در این رده خیلی خوب است هرچند که به پای سرعت 30 صفحه در دقیقه P2035 نمی رسد.,-1,data/extra/HP LaserJet P1102_Hosseini.xml,HP ادعا می‌کند که این پرینتر توانایی چاپ 18 صفحه در دقیقه را دارد که برای پرینتر لیزری تک رنگ در این رده خیلی خوب است هرچند که به پای سرعت 30 صفحه در دقیقه P2035 نمی رسد.
8735,-,تست پرینت 5 صفحه ای ما 27 ثانیه به طول انجامید که برابر با چیزی در حدود 11.1 صفحه در دقیقه است.,0,data/extra/HP LaserJet P1102_Hosseini.xml,تست پرینت 5 صفحه ای ما 27 ثانیه به طول انجامید که برابر با چیزی در حدود 11.1 صفحه در دقیقه است.
8736,-,ولی افزایش پرینت ها به 20 صفحه باعث شد که بتوانیم به سرعت 15.8 صفحه در دقیقه برسیم که این چیزی در حدود 75 درصد سرعت ادعایی HP است.,0,data/extra/HP LaserJet P1102_Hosseini.xml,ولی افزایش پرینت ها به 20 صفحه باعث شد که بتوانیم به سرعت 15.8 صفحه در دقیقه برسیم که این چیزی در حدود 75 درصد سرعت ادعایی HP است.
8737,-,در تست 5 صفحه پرینت متن و گرافیک به سرعت 13 صفحه در دقیقه رسیدیم.,0,data/extra/HP LaserJet P1102_Hosseini.xml,در تست 5 صفحه پرینت متن و گرافیک به سرعت 13 صفحه در دقیقه رسیدیم.
8738,-,اما عکس 15X10 سانتی متر بر روی یک صفحه‌ی A4 حدود 13 ثانیه به طول انجامید.,0,data/extra/HP LaserJet P1102_Hosseini.xml,اما عکس 15X10 سانتی متر بر روی یک صفحه‌ی A4 حدود 13 ثانیه به طول انجامید.
8739,-,این عکس در بالاترین رزولوشن این پرینتر یعنی FastRes 1200 چاپ شد.,0,data/extra/HP LaserJet P1102_Hosseini.xml,این عکس در بالاترین رزولوشن این پرینتر یعنی FastRes 1200 چاپ شد.
8740,-,در کیفیت FastRes 600 این کار 10 ثانیه طول کشید.,0,data/extra/HP LaserJet P1102_Hosseini.xml,در کیفیت FastRes 600 این کار 10 ثانیه طول کشید.
8741,-,این سرعت ها برای پرینتری در سطح مبتدی خیلی خوب هستند و نسبت به مدل های ML-2525 و ML-1915 شرکت سامسونگ عملکرد بهتری را از خود نشان می‌دهد.,1,data/extra/HP LaserJet P1102_Hosseini.xml,این سرعت ها برای پرینتری در سطح مبتدی خیلی خوب هستند و نسبت به مدل های ML-2525  و  ML-1915 شرکت سامسونگ عملکرد بهتری را از خود نشان می‌دهد.
8742,-,صحبت درباره‌ی کیفیت پرینترهای لیزری تک رنگ مدرن کمی سخت است چرا که بسیاری تولید کنندگان در تولیدات خود به کیفیت های خیلی خوب و نظیر هم دست یافته اند.,1,data/extra/HP LaserJet P1102_Hosseini.xml,صحبت درباره‌ی کیفیت پرینترهای لیزری تک رنگ مدرن کمی سخت است چرا که بسیاری تولید کنندگان در تولیدات خود به کیفیت های خیلی خوب و نظیر هم دست یافته اند.
8743,-,متون در فونت های معمولی و استاندارد 10 تا 12 کاملا شارپ و با رنگ مشکی عمیق هستند.,2,data/extra/HP LaserJet P1102_Hosseini.xml,متون در فونت های معمولی و استاندارد 10 تا 12 کاملا شارپ و با رنگ مشکی عمیق هستند.
8744,-,این کیفیت برای استفاده هایی که p1102 بدان منظور ساخته شده کاملا کافی می‌باشد.,2,data/extra/HP LaserJet P1102_Hosseini.xml,این کیفیت برای استفاده هایی که p1102 بدان منظور ساخته شده کاملا کافی می‌باشد.
8745,-,پرینت رنگ خاکستری هم خیلی خوب انجام می‌گیرد.,2,data/extra/HP LaserJet P1102_Hosseini.xml,پرینت رنگ خاکستری هم خیلی خوب انجام می‌گیرد.
8746,-,این برای پرینت تک رنگ گرافیک ها کاملا مفید می‌باشد.,2,data/extra/HP LaserJet P1102_Hosseini.xml,این برای پرینت تک رنگ گرافیک ها کاملا مفید می‌باشد.
8747,-,حتی چاپ عکس نیز با این پرینتر با کیفیت خوبی صورت می‌گیرد.,1,data/extra/HP LaserJet P1102_Hosseini.xml,حتی چاپ عکس نیز با این پرینتر با کیفیت خوبی صورت می‌گیرد.
8748,-,دست کم بر روی عکس باندهای تاریک و روشن دیده نمی شود.,0,data/extra/HP LaserJet P1102_Hosseini.xml,دست کم بر روی عکس باندهای تاریک و روشن دیده نمی شود.
8749,-,این باندها را می‌توان در خروجی پرینترهای لیزری ارزان قیمت تر مشاهده کرد.,-1,data/extra/HP LaserJet P1102_Hosseini.xml,این باندها را می‌توان در خروجی پرینترهای لیزری ارزان قیمت تر مشاهده کرد.
8750,-,جزئیات در قسمت های مشکی عکس هم به خوبی دیده می‌شوند.,1,data/extra/HP LaserJet P1102_Hosseini.xml,جزئیات در قسمت های مشکی عکس هم به خوبی دیده می‌شوند.
8751,-,کارتریج های این پرینتر نسبتا گران قیمت هستند.,-1,data/extra/HP LaserJet P1102_Hosseini.xml,کارتریج های این پرینتر نسبتا گران قیمت هستند.
8752,-,در کل باید گفت که HP LaserJet P1102 به عنوان یک پرینتر لیزری تک رنگ سطح مبتدی عملکرد و ویژگی های خیلی خوبی را ارایه می‌دهد.,2,data/extra/HP LaserJet P1102_Hosseini.xml,در کل باید گفت که HP LaserJet P1102 به عنوان یک پرینتر لیزری تک رنگ سطح مبتدی عملکرد و ویژگی های خیلی خوبی را ارایه می‌دهد.
8753,-,جای کمی را بر روی میز اشغال می‌کند و سرعت و کیفیت پرینت خیلی خوبی هم دارد.,2,data/extra/HP LaserJet P1102_Hosseini.xml,جای کمی را بر روی میز اشغال می‌کند و سرعت و کیفیت پرینت خیلی خوبی هم دارد.
8754,-,هرچند که ممکن است هزینه‌ی نگهداری و کارتریج آن کمی بیشتر از رقبا باشد.,-1,data/extra/HP LaserJet P1102_Hosseini.xml,هرچند که ممکن است هزینه‌ی نگهداری و کارتریج آن کمی بیشتر از رقبا باشد.
8962,-,امیدوارم کمک کرده باشم,0,data/extra/Samsung LED 55ES8880.xml,اميدوارم کمک کرده باشم
8969,-,من در منزل بیشتر دستگاههای الکترونیکی رو از آخرین نمونه های سامسونگ انتخاب کردم و بیشترشون رو میتونم با سیستم All Share Control در گوشی گالاکسی اس 3 خودم، کنترل کنم.,0,data/extra/Samsung LED 55ES8880.xml,من در منزل بيشتر دستگاههاي الکترونيکي رو از آخرين نمونه هاي سامسونگ انتخاب کردم و بيشترشون رو ميتونم با سيستم All Share Control در گوشي گالاکسي اس 3 خودم،  کنترل کنم.
8970,-,برای مثال تمام قابلیتهای این تلویزیون رو میشه با گوشیتون کنترل کنید.,0,data/extra/Samsung LED 55ES8880.xml,براي مثال تمام قابليتهاي اين تلويزيون رو ميشه با گوشيتون کنترل کنيد.
8971,-,همچنین سیستم تهویه مطبوع و ماشین لباسشویی.,0,data/extra/Samsung LED 55ES8880.xml,همچنين سيستم تهويه مطبوع و ماشين لباسشويي.
8973,-,سامسونگ یعنی آینده در حال,0,data/extra/Samsung LED 55ES8880.xml,سامسونگ يعني آينده در حال
8974,-,به جز کیفیت .,0,data/extra/Samsung LED 55ES8880.xml,به جز کيفيت .
8976,-,حرف نداره از کیفیت تصویر تا کیفیت ساخت و .,2,data/extra/Samsung LED 55ES8880.xml,حرف نداره از کيفيت تصوير تا کيفيت ساخت و .
9021,-,دوربین خوبیه.,1,data/extra/Samsung ST68_Hosseini.xml,دوربين خوبيه.
9023,-,من که خریدم ازش راضی ام,1,data/extra/Samsung ST68_Hosseini.xml,من که خريدم ازش راضي ام
9024,-,دوربین واقعا عالی ای هست.,2,data/extra/Samsung ST68_Hosseini.xml,دوربين واقعا عالي اي هست.
9025,-,فقط در قسمت عکاسی پاناروما زنده کیفیت خیلی پایینی داره ولی در کل من از عکاسی باهاش مخصوصا در شب لذت میبرم,1,data/extra/Samsung ST68_Hosseini.xml,فقط در قسمت عکاسي پاناروما زنده کيفيت خيلي پاييني داره ولي در کل من از عکاسي باهاش مخصوصا در شب لذت ميبرم
9026,-,به نظر من که واقعا عالیست هم کیفیت عکس و هم فیلمبرداری مطمئن باشید که از خریدش پشیمان نمیشوید,2,data/extra/Samsung ST68_Hosseini.xml,به نظر من که واقعا عاليست هم کيفيت عکس و هم فيلمبرداري مطمئن باشيد که از خريدش پشيمان نميشويد
9041,-,بسیار فوق العاده، انقلابی دیگر از اپل که مدت هاست منتظر آن هستیم,2,data/extra/Apple Ipod Touch 5th Generation - 64GB.xml,بسيار فوق العاده، انقلابي ديگر از اپل که مدت هاست منتظر آن هستيم
9042,-,دستگاه بسیار عالی است در میان رقبا شکی نیست!,2,data/extra/Apple Ipod Touch 5th Generation - 64GB.xml,دستگاه بسيار عالي است در ميان رقبا شکي نيست!
9045,-,فقط در یک جمله میتونم بگم.,0,data/extra/Apple Ipod Touch 5th Generation - 64GB.xml,فقط در يک جمله ميتونم بگم.
9047,-,اگه یه پخش کننده موسیقی همه کاره می خواهید و هزینه ان را دارید .,0,data/extra/Apple Ipod Touch 5th Generation - 64GB.xml,اگه يه پخش کننده موسيقي همه کاره مي خواهيد و هزينه ان را داريد .
9048,-,زود باشید تا دیر نشده.,0,data/extra/Apple Ipod Touch 5th Generation - 64GB.xml,زود باشيد تا دير نشده.
9049,-,شک نکنید که بهترین گزینه است..,2,data/extra/Apple Ipod Touch 5th Generation - 64GB.xml,شک نکنيد که بهترين گزينه است..
9053,-,من با آیفون 5 کار کردم واقعا عالیه، وقتی کار میکنی انگار شیشه ای بین دست و آیفون وجود ندارد.,2,data/extra/Apple Ipod Touch 5th Generation - 64GB.xml,من با آيفون 5 کار کردم واقعا عاليه، وقتي کار ميکني انگار شيشه اي بين دست و آيفون وجود ندارد.
9054,-,با توجه به اختلاف قیمت با آیفون ارزش خرید رو دارد..,1,data/extra/Apple Ipod Touch 5th Generation - 64GB.xml,با توجه به اختلاف قيمت با آيفون ارزش خريد رو دارد..
9056,-,عالیه خیلی زیباست,2,data/extra/Apple Ipod Touch 5th Generation - 64GB.xml,عاليه   خيلي زيباست
9058,-,این یکی از بهترین هاست.,2,data/extra/Apple Ipod Touch 5th Generation - 64GB.xml,اين يکي از بهترين هاست.
9059,-,واقعا عالی میشه اگه بیاد.,2,data/extra/Apple Ipod Touch 5th Generation - 64GB.xml,واقعا عالي ميشه اگه بياد.
9060,-,یکی دیگر از شاه کار های اپل.,2,data/extra/Apple Ipod Touch 5th Generation - 64GB.xml,يکي ديگر از شاه کار هاي اپل.
9062,-,بسیار عالی است تا قبل از این آیپاد یک آیفون بدون سیم کارت نبود اما الان تبدیل شده به یک آیفون 5 بدون سیم کارت پس با قیمت دلاری صد در صد ارزش خریدن را دارد .,2,data/extra/Apple Ipod Touch 5th Generation - 64GB.xml,بسيار عالي است تا قبل از اين آيپاد يک آيفون بدون سيم کارت نبود اما الان تبديل شده به يک آيفون 5 بدون سيم کارت پس با قيمت دلاري صد در صد ارزش خريدن را دارد .
9063,-,دوستان کی میگه فقط سفید هست رنگ تمام سیاه هم وجود داره و فکر نکنم با صرف باشه چون قیمت دلار رو می دونید وگرنه بهترین هست این به وضوح معلومه,1,data/extra/Apple Ipod Touch 5th Generation - 64GB.xml,دوستان کي ميگه فقط سفيد هست رنگ تمام سياه هم وجود داره و فکر نکنم با صرف باشه چون قيمت دلار رو مي دونيد وگرنه بهترين هست اين به وضوح معلومه
9064,-,• طراحی و ساخت از لحاظ طراحی، iPod Touch نسل پنجم نیز همانند گوشی iPhone 5، نسبت به مدل قبلی کشیده تر شده است.,0,data/extra/Apple Ipod Touch 5th Generation - 64GB.xml,• طراحی و ساخت از لحاظ طراحی، iPod Touch نسل پنجم نیز همانند گوشی iPhone 5، نسبت به مدل قبلی کشیده تر شده است.
9072,-,• پورت‌ها و اتصالات بر روی لبه پایینی iPod Touch، بلندگو، جک هدفون 3.5 میلی‌متری و درگاه جدید آذرخش قرار دارند.,0,data/extra/Apple Ipod Touch 5th Generation - 64GB.xml,• پورت‌ها و اتصالات بر روی لبه پایینی iPod Touch، بلندگو، جک هدفون 3.5 میلی‌متری و درگاه جدید آذرخش قرار دارند.
9086,-,محیط رابط کاربری تغییر خاصی نسبت به iOS 5 نکرده ولی تعدادی امکان و قابلیت جدید مانند یکپارچگی با شبکه اجتماعی فیس‌بوک، مارکت بهبود یافته و برنامه ناوبری Apple Maps، به آن اضافه شده است.,1,data/extra/Apple Ipod Touch 5th Generation - 64GB.xml,محیط رابط کاربری تغییر خاصی نسبت به iOS 5 نکرده ولی تعدادی امکان و قابلیت جدید مانند یکپارچگی با شبکه اجتماعی فیس‌بوک، مارکت بهبود یافته و برنامه ناوبری Apple Maps،  به آن اضافه شده است.
9140,-,سخت افزار در قلب این گوشی چیپ NVIDIA Tegra 3 AP37 قرار دارد که یک نسل از چیپ مدل One X جدید تر است و به کمک پردازنده چهار هسته ای 1.7 گیگا هرتزی و یک گیگابایت حافظه RAM، قدرت پردازشی بی نظیر گوشی را تضمین می‌کند.,1,data/extra/HTC One X Plus - 64GB_Hosseini.xml,سخت افزار در قلب این گوشی چیپ NVIDIA Tegra 3 AP37 قرار دارد که یک نسل از چیپ مدل One X جدید تر است و به کمک پردازنده چهار هسته ای 1.7 گیگا هرتزی و یک گیگابایت حافظه RAM،  قدرت پردازشی بی نظیر گوشی را تضمین می‌کند.
9143,-,نرم افزار از لحاظ نرم افزاری، HTC One X Plus به طور پیش فرض از اندروید 4.1 یا JellyBean استفاده می‌کند.,0,data/extra/HTC One X Plus - 64GB_Hosseini.xml,نرم افزار از لحاظ نرم افزاری،  HTC One X Plus به طور پیش فرض از اندروید 4.1 یا JellyBean استفاده می‌کند.
9153,-,دوربین HTC در سری گوشی‌های One خود، یک پردازشگر به نام ImageChip قرار داده است که وظیفه انجام محاسبات مربوط به دوربین گوشی را بر عهده دارد.,0,data/extra/HTC One X Plus - 64GB_Hosseini.xml,دوربین HTC در سری گوشی‌های One خود،  یک پردازشگر به نام ImageChip قرار داده است که وظیفه انجام محاسبات مربوط به دوربین گوشی را بر عهده دارد.
9288,-,و .,0,data/extra/Samsung Galaxy Note 10.1 N8000 - 16GB.xml,و .
9356,-,چونکه کلی کتاب رو میشه توش جا داد.,0,data/extra/Samsung Galaxy Note 10.1 N8000 - 16GB.xml,چونکه کلي کتاب رو ميشه توش جا داد.
9357,-,از عکسهای کتاب های دیگر توی نرم افزار آفیس اون استفاده کرد ، همزمان جزوه نویسی کرد و مطالب رو بصورت مولتی مدیا به اشتراک گذاشت.,0,data/extra/Samsung Galaxy Note 10.1 N8000 - 16GB.xml,از عکسهاي کتاب هاي ديگر توي نرم افزار آفيس اون استفاده کرد ،  همزمان جزوه نويسي کرد و مطالب رو بصورت مولتي مديا به اشتراک گذاشت.
9359,-,اگه کمی هم جستجو بکنید ، میتونید هدست بلوتوث استریوی سامسونگ رو هم پیدا کنید که دیگه جواب دادن تلفن و گوش کردن موسیقی با کیفیت عالی هم کار راحتی میشه.,1,data/extra/Samsung Galaxy Note 10.1 N8000 - 16GB.xml,اگه کمي هم جستجو بکنيد ،  ميتونيد هدست بلوتوث استريوي سامسونگ رو هم پيدا کنيد که ديگه جواب دادن تلفن و گوش کردن موسيقي با کيفيت عالي هم کار راحتي ميشه.
9360,-,شما با نصب برنامه اسکچ بوک موبایل و یا اسکچ بوک پرو روی این تبلت میتونید یک سخت افزار 583 گرمی سبک و کارآمد رو در امر طراحی با خودتون همیشه همراه داشته باشید.,1,data/extra/Samsung Galaxy Note 10.1 N8000 - 16GB.xml,شما با نصب برنامه اسکچ بوک موبايل و يا اسکچ بوک پرو روي اين تبلت ميتونيد يک سخت افزار 583 گرمي سبک و کارآمد رو در امر طراحي با خودتون هميشه همراه داشته باشيد.
9587,-,• طراحی اکثر بخش‌های بدنه دستگاه از پلاستیک مات ساخته شده و به همین دلیل بازتاب نور کمی دارد و در مجموع ظاهر نوت‌بوک بسیار مناسب است.,1,data/extra/IBM Lenovo Essential G580-J_Hosseini.xml,• طراحی اکثر بخش‌های بدنه دستگاه از پلاستیک مات ساخته شده و به همین دلیل بازتاب نور کمی دارد و در مجموع ظاهر نوت‌بوک بسیار مناسب است.
9588,-,G580 در رنگ‌های مختلفی در بازار وجود دارد که برای مثال می‌توان به رنگ‌های مشکی، قرمز و آبی اشاره کرد.,0,data/extra/IBM Lenovo Essential G580-J_Hosseini.xml,G580 در رنگ‌های مختلفی در بازار وجود دارد که برای مثال می‌توان به رنگ‌های مشکی،  قرمز و آبی اشاره کرد.
9589,-,قاب پشت صفحه نمایش، یک روکش متالیک دارد و کمی شبیه به فلز برس داده شده به نظر می‌رسد و متاسفانه تا حدودی اثر انگشت را نشان می‌دهد.,-1,data/extra/IBM Lenovo Essential G580-J_Hosseini.xml,قاب پشت صفحه نمایش،  یک روکش متالیک دارد و کمی شبیه به فلز برس داده شده به نظر می‌رسد و متاسفانه تا حدودی اثر انگشت را نشان می‌دهد.
9590,-,اما همه جای این دستگاه مات نیست.,0,data/extra/IBM Lenovo Essential G580-J_Hosseini.xml,اما همه جای این دستگاه مات نیست.
9591,-,هنگامی که نوت‌بوک را باز می‌کنید با یک صفحه نمایش کاملا براق مواجه خواهید شد که دارای یک قاب براق است و کاملا نور را بازتاب می‌کنند.,0,data/extra/IBM Lenovo Essential G580-J_Hosseini.xml,هنگامی که نوت‌بوک را باز می‌کنید با یک صفحه نمایش کاملا براق مواجه خواهید شد که دارای یک قاب براق است و کاملا نور را بازتاب می‌کنند.
9592,-,کیفیت ساخت نیز بسیار بالاست.,2,data/extra/IBM Lenovo Essential G580-J_Hosseini.xml,کیفیت ساخت نیز بسیار بالاست.
9593,-,در مدت زمانی که این دستگاه را تست کردیم، متوجه شدیم که بدنه به خوبی ساخته شده و طی فشارهای روزمره، دچار خمش نمی‌شود.,1,data/extra/IBM Lenovo Essential G580-J_Hosseini.xml,در مدت زمانی که این دستگاه را تست کردیم،  متوجه شدیم که بدنه به خوبی ساخته شده و طی فشارهای روزمره،  دچار خمش نمی‌شود.
9594,-,لولاها نیز بسیار با کیفیت هستند و به راحتی صفحه نمایش را در جای خود محکم نگاه می‌دارند.,1,data/extra/IBM Lenovo Essential G580-J_Hosseini.xml,لولاها نیز بسیار با کیفیت هستند و به راحتی صفحه نمایش را در جای خود محکم نگاه می‌دارند.
9595,-,در مجموع می‌توان گفت که با توجه به قیمت دستگاه، G580 از کیفیت ساخت بسیار رضایت بخشی برخوردار است.,2,data/extra/IBM Lenovo Essential G580-J_Hosseini.xml,در مجموع می‌توان گفت که با توجه به قیمت دستگاه،  G580 از کیفیت ساخت بسیار رضایت بخشی برخوردار است.
9596,-,• ورودی‌ها و خروجی‌ها از لحاظ تعداد و نوع پورت‌ها، سری G580 بسیار کامل است.,2,data/extra/IBM Lenovo Essential G580-J_Hosseini.xml,• ورودی‌ها و خروجی‌ها از لحاظ تعداد و نوع پورت‌ها،  سری G580 بسیار کامل است.
9597,-,در سمت چپ دستگاه و در کنار دریچه سیستم خنک کنندگی، دو پورت USB 3.0، خروجی‌های تصویری VGA و HDMI و پورت شبکه Ethernet قرار دارند.,0,data/extra/IBM Lenovo Essential G580-J_Hosseini.xml,در سمت چپ دستگاه و در کنار دریچه سیستم خنک کنندگی،  دو پورت USB 3.0،  خروجی‌های تصویری VGA و HDMI و پورت شبکه Ethernet قرار دارند.
9598,-,یک پورت USB 2.0، یک پورت ترکیبی ورودی و خروجی صوتی و درایو نوری نیز در سمت راست نوت‌بوک تعبیه شده‌اند.,0,data/extra/IBM Lenovo Essential G580-J_Hosseini.xml,یک پورت USB 2.0،  یک پورت ترکیبی ورودی و خروجی صوتی و درایو نوری نیز در سمت راست نوت‌بوک تعبیه شده‌اند.
9599,-,در لبه جلویی نیز یک کارت خوان با پشتیبانی از کارت‌های حافظه SD و MMC قرار دارد.,0,data/extra/IBM Lenovo Essential G580-J_Hosseini.xml,در لبه جلویی نیز یک کارت خوان با پشتیبانی از کارت‌های حافظه SD و MMC قرار دارد.
9600,-,لازم به ذکر است که سری G580 دارای Wi-Fi با استاندارد 802.11 b/g/n بوده و از بلوتوث نسخه 3.0 نیز پشتیبانی می‌کند.,0,data/extra/IBM Lenovo Essential G580-J_Hosseini.xml,لازم به ذکر است که سری G580 دارای Wi-Fi با استاندارد 802.11 b/g/n بوده و از بلوتوث نسخه 3.0 نیز پشتیبانی می‌کند.
9601,-,• صفحه نمایش و بلندگوها لنوو سری G580 را به یک صفحه نمایش 15.6 اینچی با دقت 1366x768 مجهز کرده است.,0,data/extra/IBM Lenovo Essential G580-J_Hosseini.xml,• صفحه نمایش و بلندگوها لنوو سری G580 را به یک صفحه نمایش 15.6 اینچی با دقت 1366x768 مجهز کرده است.
9602,-,روشنایی صفحه نمایش بسیار رضایت بخش است ولی از آنجایی که این صفحه کاملا براق است، نمی‌توان به راحتی با آن در شرایط نوری قوی (مثل فضاهای بیرونی و در زیر نور آفتاب) کار کرد.,0,data/extra/IBM Lenovo Essential G580-J_Hosseini.xml,روشنایی صفحه نمایش بسیار رضایت بخش است ولی از آنجایی که این صفحه کاملا براق است،  نمی‌توان به راحتی با آن در شرایط نوری قوی (مثل فضاهای بیرونی و در زیر نور آفتاب) کار کرد.
9603,-,کنتراست و کیفیت رنگ‌های تولید شده در حد خوبی قرار دارند ولی عکاسان حرفه ای و یا کسانی که کارهای گرافیکی انجام می‌دهند، ممکن است از کیفیت صفحه نمایش G580 راضی نباشند.,0,data/extra/IBM Lenovo Essential G580-J_Hosseini.xml,کنتراست و کیفیت رنگ‌های تولید شده در حد خوبی قرار دارند ولی عکاسان حرفه ای و یا کسانی که کارهای گرافیکی انجام می‌دهند،  ممکن است از کیفیت صفحه نمایش G580 راضی نباشند.
9604,-,در مورد زوایای دید نیز همان‌طور که انتظار می‌رفت، اگر کمی از بالا یا پایین به صفحه نمایش نگاه کنید، تغییر بسیاری در کیفیت تصویر مشاهده خواهید کرد ولی زاویه دید افقی بسیار خوب است.,1,data/extra/IBM Lenovo Essential G580-J_Hosseini.xml,در مورد زوایای دید نیز همان‌طور که انتظار می‌رفت،  اگر کمی از بالا یا پایین به صفحه نمایش نگاه کنید،  تغییر بسیاری در کیفیت تصویر مشاهده خواهید کرد ولی زاویه دید افقی بسیار خوب است.
9605,-,در زیر دستگاه، دو بلندگوی استریو تعبیه شده‌اند که صدای بسیار خوبی را تولید می‌کنند.,2,data/extra/IBM Lenovo Essential G580-J_Hosseini.xml,در زیر دستگاه،  دو بلندگوی استریو تعبیه شده‌اند که صدای بسیار خوبی را تولید می‌کنند.
9606,-,شفافیت صدا بسیار خوب بوده و بلندی صدا نیز مناسب است.,2,data/extra/IBM Lenovo Essential G580-J_Hosseini.xml,شفافیت صدا بسیار خوب بوده و بلندی صدا نیز مناسب است.
9607,-,در یک جمع بندی سریع، می‌توان گفت که کیفیت بلندگوی های G580 در مقایسه با نوت‌بوک های هم رده، کمی بهتر است ولی با این وجود، طرفداران دنیای موسیقی و کسانی که علاقه‌مند به تماشای فیلم با نوت‌بوک خود هستند، بهتر است که از بلندگوهای خارجی و یا هدفون استفاده کنند.,0,data/extra/IBM Lenovo Essential G580-J_Hosseini.xml,در یک جمع بندی سریع،  می‌توان گفت که کیفیت بلندگوی های G580 در مقایسه با نوت‌بوک های هم رده،  کمی بهتر است ولی با این وجود،  طرفداران دنیای موسیقی و کسانی که علاقه‌مند به تماشای فیلم با نوت‌بوک خود هستند،  بهتر است که از بلندگوهای خارجی و یا هدفون استفاده کنند.
9608,-,• کیبورد و تاچ پد G580 دارای یک کیبورد جزیره ای است که با نام کیبورد AccuType نیز شناخته شده و سمت راست این کیبورد بخش عددی جداگانه (Numpad) قرار دارد.,0,data/extra/IBM Lenovo Essential G580-J_Hosseini.xml,• کیبورد و تاچ پد G580 دارای یک کیبورد جزیره ای است که با نام کیبورد AccuType نیز شناخته شده و سمت راست این کیبورد بخش عددی جداگانه (Numpad) قرار دارد.
9609,-,کلیدها فضای کافی برای فشار دادن داشته و بازخورد بسیار خوبی دارند.,2,data/extra/IBM Lenovo Essential G580-J_Hosseini.xml,کلیدها فضای کافی برای فشار دادن داشته و بازخورد بسیار خوبی دارند.
9610,-,به جز کلیدهای Enter، Space و کلید Shift سمت راستی، بقیه کلیدها ابعاد استانداردی دارند و در کل کیبورد G580 یک تجربه تایپ کردن بسیار راحت و لذت بخش را در اختیار کاربران خود قرار می‌دهد.,1,data/extra/IBM Lenovo Essential G580-J_Hosseini.xml,به جز کلیدهای Enter،  Space و کلید Shift سمت راستی،  بقیه کلیدها ابعاد استانداردی دارند و در کل کیبورد G580 یک تجربه تایپ کردن بسیار راحت و لذت بخش را در اختیار کاربران خود قرار می‌دهد.
9611,-,تاچ پد طراحی فوق‌العاده خوبی دارد.,2,data/extra/IBM Lenovo Essential G580-J_Hosseini.xml,تاچ پد طراحی فوق‌العاده خوبی دارد.
9612,-,ابعاد آن 50x100 میلی‌متر است و دور آن یک نوار نقره ای رنگ بسیار زیبا قرار دارد.,1,data/extra/IBM Lenovo Essential G580-J_Hosseini.xml,ابعاد آن 50x100 میلی‌متر است و دور آن یک نوار نقره ای رنگ بسیار زیبا قرار دارد.
9613,-,سطح تاچ پد کمی دانه دانه است و به راحتی می‌توان بدون نگاه کردن، آن را در بین استراحتگاه دست پیدا کرد.,1,data/extra/IBM Lenovo Essential G580-J_Hosseini.xml,سطح تاچ پد کمی دانه دانه است و به راحتی می‌توان بدون نگاه کردن،  آن را در بین استراحتگاه دست پیدا کرد.
9614,-,سمت راست تاچ پد، نوار مخصوص اسکرول وجود دارد که توسط دانه های رنگی مشخص شده است.,0,data/extra/IBM Lenovo Essential G580-J_Hosseini.xml,سمت راست تاچ پد،  نوار مخصوص اسکرول وجود دارد که توسط دانه های رنگی مشخص شده است.
9615,-,دو کلید هم به صورت مجزا در پایین تاچ پد قرار دارند و بسیار خوب ساخته شده‌اند.,1,data/extra/IBM Lenovo Essential G580-J_Hosseini.xml,دو کلید هم به صورت مجزا در پایین تاچ پد قرار دارند و بسیار خوب ساخته شده‌اند.
9616,-,و در آخر لازم به ذکر است که تاچ پد G580 به طور کامل از فرمان‌های چند-لمسی یا Multi-touch پشتیبانی می‌کند.,1,data/extra/IBM Lenovo Essential G580-J_Hosseini.xml,و در آخر لازم به ذکر است که تاچ پد G580 به طور کامل از فرمان‌های چند-لمسی یا Multi-touch پشتیبانی می‌کند.
9617,-,• سخت افزار داخلی همان‌طور که در خلاصه محصول اشاره کردیم، سری G580 در مدل‌های بسیاری در بازار وجود دارد و در آن‌ها می‌توان از مدل‌هایی با پردازنده Intel Pentium تا نسل سوم پردازنده های قدرتمند Intel Core یافت.,0,data/extra/IBM Lenovo Essential G580-J_Hosseini.xml,• سخت افزار داخلی همان‌طور که در خلاصه محصول اشاره کردیم،  سری G580 در مدل‌های بسیاری در بازار وجود دارد و در آن‌ها می‌توان از مدل‌هایی با پردازنده Intel Pentium تا نسل سوم پردازنده های قدرتمند Intel Core یافت.
9618,-,حافظه RAM این نوت‌بوک ها نیز بین 2 تا 4 گیگابایت است که البته به راحتی می‌توان از طریق محفظه ای که در قسمت زیر دستگاه قرار دارد، آن را ارتقاء داد.,0,data/extra/IBM Lenovo Essential G580-J_Hosseini.xml,حافظه RAM این نوت‌بوک ها نیز بین 2 تا 4 گیگابایت است که البته به راحتی می‌توان از طریق محفظه ای که در قسمت زیر دستگاه قرار دارد،  آن را ارتقاء داد.
9619,-,از لحاظ پردازش محاسبات گرافیکی نیز، G580 همانند اکثر نوت‌بوک های مالتی مدیا، در دو مدل با پردازشگر گرافیکی آنبورد Intel HD و با کارت گرافیک مجزا وجود دارد.,0,data/extra/IBM Lenovo Essential G580-J_Hosseini.xml,از لحاظ پردازش محاسبات گرافیکی نیز،  G580 همانند اکثر نوت‌بوک های مالتی مدیا،  در دو مدل با پردازشگر گرافیکی آنبورد Intel HD و با کارت گرافیک مجزا وجود دارد.
9620,-,مدل‌هایی که از کارت گرافیک مجزا بهره می‌برند، دارای یکی از کارت‌های سری GeForce GT 600M کمپانی NVIDIA می‌باشند.,0,data/extra/IBM Lenovo Essential G580-J_Hosseini.xml,مدل‌هایی که از کارت گرافیک مجزا بهره می‌برند،  دارای یکی از کارت‌های سری GeForce GT 600M کمپانی NVIDIA می‌باشند.
9621,-,با این وجود، حتی مدل‌هایی که از کارت‌های گرافیکی مجزا استفاده می‌کنند، خیلی مناسب اجرای بازی‌های سه بعدی سنگین نبوده و بیشتر برای کارهای گرافیکی سبک مثل ویرایش عکس مناسبند.,0,data/extra/IBM Lenovo Essential G580-J_Hosseini.xml,با این وجود،  حتی مدل‌هایی که از کارت‌های گرافیکی مجزا استفاده می‌کنند،  خیلی مناسب اجرای بازی‌های سه بعدی سنگین نبوده و بیشتر برای کارهای گرافیکی سبک مثل ویرایش عکس مناسبند.
9622,-,سیستم خنک کنندگی G580 یکی از نقاط قوت اصلی آن است.,1,data/extra/IBM Lenovo Essential G580-J_Hosseini.xml,سیستم خنک کنندگی G580 یکی از نقاط قوت اصلی آن است.
9623,-,در حالت عادی فن‌های این نوت‌بوک هیچ‌گونه صدایی تولید نمی‌کنند و حتی هنگامی که بار محاسباتی پردازنده، صد در صد باشد، صدای تولید شده توسط سیستم خنک کنندگی دستگاه، بسیار کم است.,0,data/extra/IBM Lenovo Essential G580-J_Hosseini.xml,در حالت عادی فن‌های این نوت‌بوک هیچ‌گونه صدایی تولید نمی‌کنند و حتی هنگامی که بار محاسباتی پردازنده،  صد در صد باشد،  صدای تولید شده توسط سیستم خنک کنندگی دستگاه،  بسیار کم است.
9624,-,در حالت عادی، دمای تمام قسمت‌های بدنه نوت‌بوک، بسیار پایین است اما هنگامی که دستگاه در حال انجام محاسبات سنگین باشد، دمای بعضی از قسمت‌ها مانند سمت چپ کیبورد، بسیار گرم می‌شود و ممکن است در دراز مدت کمی آزاردهنده باشد.,-1,data/extra/IBM Lenovo Essential G580-J_Hosseini.xml,در حالت عادی،  دمای تمام قسمت‌های بدنه نوت‌بوک،  بسیار پایین است اما هنگامی که دستگاه در حال انجام محاسبات سنگین باشد،  دمای بعضی از قسمت‌ها مانند سمت چپ کیبورد،  بسیار گرم می‌شود و ممکن است در دراز مدت کمی آزاردهنده باشد.
9625,-,• باتری لنوو همراه سری G580 یک باتری شش سلولی 48 وات-ساعت ارائه می‌دهد.,0,data/extra/IBM Lenovo Essential G580-J_Hosseini.xml,• باتری لنوو همراه سری G580 یک باتری شش سلولی 48 وات-ساعت ارائه می‌دهد.
9626,-,میزان شارژدهی این باتری بسته به نوع پردازنده و پردازشگر گرافیکی متفاوت است ولی به طور متوسط، در تست مرورگری اینترنت از طریق Wi-Fi و با روشنایی متوسط صفحه نمایش، می‌توان انتظار سه تا سه و نیم ساعت شارژدهی را از این نوت‌بوک ها داشت.,0,data/extra/IBM Lenovo Essential G580-J_Hosseini.xml,میزان شارژدهی این باتری بسته به نوع پردازنده و پردازشگر گرافیکی متفاوت است ولی به طور متوسط،  در تست مرورگری اینترنت از طریق Wi-Fi و با روشنایی متوسط صفحه نمایش،  می‌توان انتظار سه تا سه و نیم ساعت شارژدهی را از این نوت‌بوک ها داشت.
9627,-,این میزان شارژدهی برای چنین نوت‌بوکی، متوسط بوده و تا حدودی رضایت بخش است.,1,data/extra/IBM Lenovo Essential G580-J_Hosseini.xml,این میزان شارژدهی برای چنین نوت‌بوکی،  متوسط بوده و تا حدودی رضایت بخش است.
9628,-,• جمع بندی لنوو سعی کرده است با معرفی سری G580، نوت‌بوک هایی مالتی مدیا با قیمت مناسب را به بازار عرضه کند.,1,data/extra/IBM Lenovo Essential G580-J_Hosseini.xml,• جمع بندی لنوو سعی کرده است با معرفی سری G580،  نوت‌بوک هایی مالتی مدیا با قیمت مناسب را به بازار عرضه کند.
9629,-,بازه ای که در آن نوت‌بوک های فوق‌العاده ای مانند سونی سری EH قرار دارند.,0,data/extra/IBM Lenovo Essential G580-J_Hosseini.xml,بازه ای که در آن نوت‌بوک های فوق‌العاده ای مانند سونی سری EH قرار دارند.
9630,-,به هر حال می‌توان گفت که لنوو در این کار موفق بوده است و G580 نوت‌بوکی بسیار قابل و خریدی مناسب محسوب می‌شود و قابلیت‌های بسیار بالای آن (مانند کیفیت ساخت بالا، سیستم خنک کنندگی بی صدا، پورت‌های USB 3.0 و .,2,data/extra/IBM Lenovo Essential G580-J_Hosseini.xml,به هر حال می‌توان گفت که لنوو در این کار موفق بوده است و G580 نوت‌بوکی بسیار قابل و خریدی مناسب محسوب می‌شود و قابلیت‌های بسیار بالای آن (مانند کیفیت ساخت بالا،  سیستم خنک کنندگی بی صدا،  پورت‌های USB 3.0 و .
9631,-,) خریداران خود را در اکثر زمینه‌ها راضی نگاه خواهد داشت.,0,data/extra/IBM Lenovo Essential G580-J_Hosseini.xml,) خریداران خود را در اکثر زمینه‌ها راضی نگاه خواهد داشت.
9653,-,اگر بافت غنی و واضح تصاویر فول اچ دی را تجربه کنید، برنامه های تلویزیونی و فیلم های دلخواه تان دیگر هرگز مانند گذشته نخواهند بود.,1,data/extra/Samsung LED 40ES6950.xml,اگر بافت غنی و واضح تصاویر فول اچ دی را تجربه کنید،  برنامه های تلویزیونی و فیلم های دلخواه تان دیگر هرگز مانند گذشته نخواهند بود.
9756,-,در ضمن این دوربین ضد نفوذ ذرات ریز مثل گرد و خاک هم می‌باشد.,1,data/extra/(Panasonic Lumix DMC-FT3 (TS3_Hosseini.xml,در ضمن این دوربین ضد نفوذ ذرات ریز مثل گرد و خاک هم می‌باشد.
9761,-,شاید استفاده‌ی روزمره‌ی آن چندان معنی دار نباشد، ولی به هر صورت برای افرادی که مثلا به کوهنوردی می‌روند و قصد دارند مختصات دقیق خود یا مکان با نام خود را بدانند حتما مناسب است.,1,data/extra/(Panasonic Lumix DMC-FT3 (TS3_Hosseini.xml,شاید استفاده‌ی روزمره‌ی آن چندان معنی دار نباشد،  ولی به هر صورت برای افرادی که مثلا به کوهنوردی می‌روند و قصد دارند مختصات دقیق خود یا مکان با نام خود را بدانند حتما مناسب است.
9764,-,بدین صورت که لنز در قسمت بالا و سمت راست قرار گرفته و عمل زوم کاملا داخلی صورت می‌گیرد.,0,data/extra/(Panasonic Lumix DMC-FT3 (TS3_Hosseini.xml,بدین صورت که لنز در قسمت بالا و سمت راست قرار گرفته و عمل زوم کاملا داخلی صورت می‌گیرد.
9767,-,توانایی زوم آن کاملا معمولی است و حال واید 28 میلی متر هم نه خیلی خوب است و نه خیلی بد.,-1,data/extra/(Panasonic Lumix DMC-FT3 (TS3_Hosseini.xml,توانایی زوم آن کاملا معمولی است و حال واید 28 میلی متر هم نه خیلی خوب است و نه خیلی بد.
9769,-,همانند مدل‌های پیشین، FT3 هم ظاهری کاملا نا ظریف دارد که در کف دست کاملا محکم احساس می‌شود.,-2,data/extra/(Panasonic Lumix DMC-FT3 (TS3_Hosseini.xml,همانند مدل‌های پیشین،  FT3 هم ظاهری کاملا نا ظریف دارد که در کف دست کاملا محکم احساس می‌شود.
9771,-,بدون باتری و کارت حافظه نیز حدود 175 گرم وزن دارد که کاملا چگال است و بر احساس استحکامی که به شما می‌دهد می‌افزاید.,1,data/extra/(Panasonic Lumix DMC-FT3 (TS3_Hosseini.xml,بدون باتری و کارت حافظه نیز حدود 175 گرم وزن دارد که کاملا چگال است و بر احساس استحکامی که به شما می‌دهد می‌افزاید.
9777,-,متاسفانه لنز فاقد کاور فلزی می‌باشد که بر روی بعضی دوربین‌های دیگر دیده بودیم.,-1,data/extra/(Panasonic Lumix DMC-FT3 (TS3_Hosseini.xml,متاسفانه لنز فاقد کاور فلزی می‌باشد که بر روی بعضی دوربین‌های دیگر دیده بودیم.
9781,-,همچنین می‌توان گفت که کار کردن با این دوربین، در حالی که دستکش به دست دارید نسبتا مشکل است.,-1,data/extra/(Panasonic Lumix DMC-FT3 (TS3_Hosseini.xml,همچنین می‌توان گفت که کار کردن با این دوربین،  در حالی که دستکش به دست دارید نسبتا مشکل است.
9792,-,وقتی دوربین بر روی این مود است، کافی است که آن را به سوی سوژه نشانه بروید و دکمه‌ی شاتر را بفشارید تا تنظیمات بر روی بهترین حالت قرار گیرند و با کیفیت‌ترین عکس گرفته شود.,2,data/extra/(Panasonic Lumix DMC-FT3 (TS3_Hosseini.xml,وقتی دوربین بر روی این مود است،  کافی است که آن را به سوی سوژه نشانه بروید و دکمه‌ی شاتر را بفشارید تا تنظیمات بر روی بهترین حالت قرار گیرند و با کیفیت‌ترین عکس گرفته شود.
9802,-,شارژ دهی باتری لیتیومی شارژی این دوربین با GPS روشن حدود 310 عکس می‌باشد که از 340 عکس دوربین FT1 کمتر است.,0,data/extra/(Panasonic Lumix DMC-FT3 (TS3_Hosseini.xml,شارژ دهی باتری لیتیومی شارژی این دوربین با GPS روشن حدود 310 عکس می‌باشد که از 340 عکس دوربین FT1 کمتر است.
9806,-,رنگ‌ها نیز کاملا طبیعی هستند هرچند که مقداری به سمت رنگ‌های گرم می‌روند.,1,data/extra/(Panasonic Lumix DMC-FT3 (TS3_Hosseini.xml,رنگ‌ها نیز کاملا طبیعی هستند هرچند که مقداری به سمت رنگ‌های گرم می‌روند.
9807,-,از نظر عملکرد در حساسیت‌های مختلف هم باید گفت که، نویز تنها از ایزو 800 می‌تواند مقداری مشکل ساز باشد.,-1,data/extra/(Panasonic Lumix DMC-FT3 (TS3_Hosseini.xml,از نظر عملکرد در حساسیت‌های مختلف هم باید گفت که،  نویز تنها از ایزو 800 می‌تواند مقداری مشکل ساز باشد.
9897,-,در بالای این صفحه نمایش، وب کم 0.3 مگاپیکسلی تبلت قرار دارد که برای انجام مکالمات تصویری استفاده می شود.,0,data/extra/Samsung Galaxy Tab 2 7.0 P3100 - 8GB.xml,در بالای این صفحه نمایش،  وب کم 0.3 مگاپیکسلی تبلت قرار دارد که برای انجام مکالمات تصویری استفاده می شود.
9902,-,در پایین آن نیز درگاه اتصال و شارژ تبلت به علاوه دو بلندگوی استریوی آن قرار دارند و در نهایت در پشت تبلت دوربین 3.2 مگاپیکسلی آن قرار دارد که متاسفانه به فلاش مجهز نیست.,-1,data/extra/Samsung Galaxy Tab 2 7.0 P3100 - 8GB.xml,در پایین آن نیز درگاه اتصال و شارژ تبلت به علاوه دو بلندگوی استریوی آن قرار دارند و در نهایت در پشت تبلت دوربین 3.2 مگاپیکسلی آن قرار دارد که متاسفانه به فلاش مجهز نیست.
9910,-,این سیستم عامل نسبت به نسخه های قبلی، پیشرفت های چشمگیری داشته است و سامسونگ با قرار دادن رابط کاربری سریع و کاربردی TouchWiz بر روی آن، امکانات قابل توجهی به آن اضافه کرده است.,2,data/extra/Samsung Galaxy Tab 2 7.0 P3100 - 8GB.xml,این سیستم عامل نسبت به نسخه های قبلی،  پیشرفت های چشمگیری داشته است و سامسونگ با قرار دادن رابط کاربری سریع و کاربردی TouchWiz بر روی آن،  امکانات قابل توجهی به آن اضافه کرده است.
9920,-,نه تنها دوربین این تبلت از فوکوس ثابت استفاده می‌کند، بلکه به فلاش نیز مجهز نیست به همین دلیل کیفیت عکس‌های گرفته شده به خصوص در فضاهای کم نور، پایین‌تر از حد متوسط بوده و نویز زیادی دارند.,-2,data/extra/Samsung Galaxy Tab 2 7.0 P3100 - 8GB.xml,نه تنها دوربین این تبلت از فوکوس ثابت استفاده می‌کند،  بلکه به فلاش نیز مجهز نیست به همین دلیل کیفیت عکس‌های گرفته شده به خصوص در فضاهای کم نور،  پایین‌تر از حد متوسط بوده و نویز زیادی دارند.
9929,-,در نهایت GALAXY Tab 2، یکی از بهترین تبلت های موجود در بازار و برای کسانی به دنبال یک تبلت کوچک با امکانات فوق العاده می گردند، بسیار مناسب است.,2,data/extra/Samsung Galaxy Tab 2 7.0 P3100 - 8GB.xml,در نهایت GALAXY Tab 2،  یکی از بهترین تبلت های موجود در بازار و برای کسانی به دنبال یک تبلت کوچک با امکانات فوق العاده می گردند،  بسیار مناسب است.
9931,-,این دوربین فیلم برداری، با طراحی به رنگ خاکستری همراه شده است.,0,data/extra/Canon Legria HF R206_Hosseini.xml,این دوربین فیلم برداری،  با طراحی به رنگ خاکستری همراه شده است.
9943,-,این دوربین با یک سنسور تصویر 1/4.85 اینچی HD CMOS همراه شده است که توانایی عکاسی با رزولوشن 3.05 مگاپیکسل را فراهم می‌کند.,0,data/extra/Canon Legria HF R206_Hosseini.xml,این دوربین با یک سنسور تصویر 1/4.85 اینچی HD CMOS  همراه شده است که توانایی عکاسی با رزولوشن 3.05 مگاپیکسل را فراهم می‌کند.
9944,-,همچنین مجهز به لنز با توانایی زوم اپتیکال 20 برابر نیز می‌باشد.,1,data/extra/Canon Legria HF R206_Hosseini.xml,همچنین مجهز به لنز با توانایی زوم اپتیکال 20 برابر نیز می‌باشد.
9946,-,HD R206 می‌تواند با کیفیت 1080p Full HD در فرمت AVCHD و با صدای استریو Dolby Digital فیلم برداری کند.,1,data/extra/Canon Legria HF R206_Hosseini.xml,HD R206 می‌تواند با کیفیت 1080p Full HD در فرمت AVCHD و با صدای استریو Dolby Digital فیلم برداری کند.
9947,-,"کانن بر روی این دوربین مودهای فیلم برداری مختلفی چون Portrait, Sports, Snow, Beach, Sunset, Night, Low Light, Spotlight, Fireworks را به کار برده است.",0,data/extra/Canon Legria HF R206_Hosseini.xml,"کانن بر روی این دوربین مودهای فیلم برداری مختلفی چون Portrait, Sports, Snow, Beach, Sunset, Night, Low Light, Spotlight, Fireworks را به کار برده است."
9953,-,از نظر کیفیت تصاویر باید گفت که Legira HF R206 خیلی متوسط عمل می‌کند.,0,data/extra/Canon Legria HF R206_Hosseini.xml,از نظر کیفیت تصاویر باید گفت که Legira HF R206 خیلی متوسط عمل می‌کند.
9960,-,در کل باید گفت، همانطور که گفتیم، و از قیمت این دوربین هم پیداست، HF R206 دوربینی متوسط می‌باشد.,0,data/extra/Canon Legria HF R206_Hosseini.xml,در کل باید گفت،  همانطور که گفتیم،  و از قیمت این دوربین هم پیداست،  HF R206 دوربینی متوسط می‌باشد.
9963,-,طراحی و ساخت از لحاظ طراحی، Galaxy S III کمی تغییر نسبت به دو برادر کوچک‌تر خود یعنی Galaxy S و Galaxy S II داشته است.,0,data/extra/Samsung Galaxy S III I9305 - 16GB_Hosseini.xml,طراحی و ساخت از لحاظ طراحی،  Galaxy S III کمی تغییر نسبت به دو برادر کوچک‌تر خود یعنی Galaxy S و Galaxy S II داشته است.
9968,-,صفحه نمایش در قسمت جلویی گوشی، صفحه نمایش بسیار بزرگ 4.8 اینچی Super AMOLED با رزلوشن 720x1280 قرار دارد که کیفیت فوق‌العاده بالایی دارد.,2,data/extra/Samsung Galaxy S III I9305 - 16GB_Hosseini.xml,صفحه نمایش در قسمت جلویی گوشی،  صفحه نمایش بسیار بزرگ 4.8 اینچی Super AMOLED با رزلوشن 720x1280 قرار دارد که کیفیت فوق‌العاده بالایی دارد.
9976,-,سخت افزار گلکسی اس 3 از چیپ (Exynos 4 (4412، پردازنده چهار هسته‌ای قدرتمند Cortex A9 با فرکانس 1.4 گیگاهرتز و پردازشگر گرافیکی Mali-400MP به همراه دو گیگابایت حافظه رم بهره می‌برد که تفاوت سخت‌افزاری آن نسبت به برادر خود یعنی Galaxy S III I9300 همین دو برابر شدن حافظه رم و مدل چیپ آن می‌باشد که این گوشی را به یکی از سریع‌ترین گوشی‌های موجود در بازار تبدیل کرده است.,2,data/extra/Samsung Galaxy S III I9305 - 16GB_Hosseini.xml,سخت افزار گلکسی اس 3 از چیپ (Exynos 4 (4412،  پردازنده چهار هسته‌ای قدرتمند Cortex A9 با فرکانس 1.4 گیگاهرتز و پردازشگر گرافیکی Mali-400MP به همراه دو گیگابایت حافظه رم بهره می‌برد که تفاوت سخت‌افزاری آن نسبت به برادر خود یعنی Galaxy S III I9300 همین دو برابر شدن حافظه رم و مدل چیپ آن می‌باشد که این گوشی را به یکی از سریع‌ترین گوشی‌های موجود در بازار تبدیل کرده است.
9977,-,نرم افزار Galaxy S III از سیستم عامل اندروید نسخه 4.1.1 یا JellyBean بهره می‌برد که به آخرین نسخه رابط کاربری TouchWiz مجهز شده است.,0,data/extra/Samsung Galaxy S III I9305 - 16GB_Hosseini.xml,نرم افزار Galaxy S III از سیستم عامل اندروید نسخه 4.1.1  یا JellyBean بهره می‌برد که به آخرین نسخه رابط کاربری TouchWiz مجهز شده است.
9978,-,این نسخه از اندروید به لطف وجود پروژه کره، پیشرفت چشم‌گیری نسبت به نسخه های پیشین داشته است، بطوریکه اجرای برنامه‌ها و منوها با سرعت بیشتری و بسیار روان‌تر انجام میپذیرد.,2,data/extra/Samsung Galaxy S III I9305 - 16GB_Hosseini.xml,این نسخه از اندروید به لطف وجود پروژه کره،  پیشرفت چشم‌گیری نسبت به نسخه های پیشین داشته است،  بطوریکه اجرای برنامه‌ها و منوها با سرعت بیشتری و بسیار روان‌تر انجام میپذیرد.
9998,-,به لطف صفحه نمایش Super AMOLED عظیم و پردازنده چهار هسته‌ای قدرتمند گوشی، تماشای ویدئو بر روی Galaxy S III بسیار لذت‌بخش است.,2,data/extra/Samsung Galaxy S III I9305 - 16GB_Hosseini.xml,به لطف صفحه نمایش Super AMOLED عظیم و پردازنده چهار هسته‌ای قدرتمند گوشی،  تماشای ویدئو بر روی Galaxy S III بسیار لذت‌بخش است.
10002,-,صفحات روان باز شده، حرکت دادن و زوم کردن در صفحات بدون کوچک‌ترین مشکل یا کاهش سرعتی بوده و بطور کامل از فلش پشتیبانی می‌شود.,1,data/extra/Samsung Galaxy S III I9305 - 16GB_Hosseini.xml,صفحات روان باز شده، حرکت دادن و زوم کردن در صفحات بدون کوچک‌ترین مشکل یا کاهش سرعتی بوده و بطور کامل از فلش پشتیبانی می‌شود.
10003,-,دوربین برخلاف تصور خیلی از کاربران، دوربین این گوشی نسبت به مدل پیشین یعنی Galaxy S II، تغییرات بسیاری داشته است.,0,data/extra/Samsung Galaxy S III I9305 - 16GB_Hosseini.xml,دوربین برخلاف تصور خیلی از کاربران، دوربین این گوشی نسبت به مدل پیشین یعنی Galaxy S II، تغییرات بسیاری داشته است.
10009,-,تصاویر گرفته شده با دوربین این گوشی از کیفیت بسیار بالایی برخوردارند، جزئیات بسیار دقیق بوده، نویز تصاویر کم بوده و رنگ‌های تولید شده بسیار طبیعی هستند.,2,data/extra/Samsung Galaxy S III I9305 - 16GB_Hosseini.xml,تصاویر گرفته شده با دوربین این گوشی از کیفیت بسیار بالایی برخوردارند، جزئیات بسیار دقیق بوده، نویز تصاویر کم بوده و رنگ‌های تولید شده بسیار طبیعی هستند.
10012,-,جمع بندی در نهایت به راحتی می‌توان گفت که Galaxy S III یکی از بهترین گوشی های اندرویدی ساخته شده تا به این تاریخ است.,2,data/extra/Samsung Galaxy S III I9305 - 16GB_Hosseini.xml,جمع بندی در نهایت به راحتی می‌توان گفت که Galaxy S III یکی از بهترین گوشی های اندرویدی ساخته شده تا به این تاریخ است.
10016,-,به علاوه، سامسونگ قابلیت‌های بسیار جالبی (مانند Smart Stay، Direct Call و S Voice) به سیستم عامل اندروید اضافه کرده است که تا به امروز بر روی هیچ گوشی اندرویدی دیگری مشاهده نکرده بودیم.,2,data/extra/Samsung Galaxy S III I9305 - 16GB_Hosseini.xml,به علاوه، سامسونگ قابلیت‌های بسیار جالبی (مانند Smart Stay،  Direct Call و S Voice) به سیستم عامل اندروید اضافه کرده است که تا به امروز بر روی هیچ گوشی اندرویدی دیگری مشاهده نکرده بودیم.
10019,-,بله، گلکسی اس 3 یکی از بهترین گوشی‌های هوشمند ساخته شده تا به این تاریخ است و جانشینی مناسب برای گوشی محبوب Galaxy S II خواهد بود.,2,data/extra/Samsung Galaxy S III I9305 - 16GB_Hosseini.xml,بله،  گلکسی اس 3 یکی از بهترین گوشی‌های هوشمند ساخته شده تا به این تاریخ است و جانشینی مناسب برای گوشی محبوب Galaxy S II خواهد بود.
10370,-,(به دلیل مشکل قطع شدن WIFI بعد از قرار دادن سیم کارت.,-1,data/extra/Asus Google Nexus 7 3G - 32GB.xml,(به دليل مشکل قطع شدن WIFI بعد از قرار دادن سيم کارت.
10372,-,یه تبلت عالی با قیمت فوق العاده,2,data/extra/Asus Google Nexus 7 3G - 32GB.xml,يه تبلت عالي با قيمت فوق العاده
10374,-,من نزدیک به 4 ماه تحقیق کردم تا یک تبلت عالی تهیه کنم که در نهایت به nexus7 رسیدم ولی 3g هم برام مهم بود تا اینکه این تبلت ارائه شد.,0,data/extra/Asus Google Nexus 7 3G - 32GB.xml,من نزديک به 4 ماه تحقيق کردم تا يک تبلت عالي تهيه کنم که در نهايت به nexus7 رسيدم ولي 3g هم برام مهم بود تا اينکه اين تبلت ارائه شد.
10375,-,در کنار تمامی محاسن عالی این تبلت (پردازش عالی-داغ نکردن-صفحه نمایش عالی-سخت افزار عالی-قیمت مناسب و ..,2,data/extra/Asus Google Nexus 7 3G - 32GB.xml,در کنار تمامي محاسن عالي اين تبلت (پردازش عالي-داغ نکردن-صفحه نمايش عالي-سخت افزار عالي-قيمت مناسب و ..
10376,-,) مشکل غیر فعال شدن وای فای در زمان ورود سیمکارت خیلی اذیت می کنه چون باید دوباره به تنظیمات کارخانه برگشت.,-2,data/extra/Asus Google Nexus 7 3G - 32GB.xml,) مشکل غير فعال شدن واي فاي در زمان ورود سيمکارت خيلي اذيت مي کنه  چون بايد دوباره به تنظيمات کارخانه برگشت.
10377,-,و این یعنی دردسر,-1,data/extra/Asus Google Nexus 7 3G - 32GB.xml,و اين يعني دردسر
10379,-,با سلام بی نظیره دو ماه باهاش کار کردم از نظر من تنها عیبش نداشتن شیار کارت حافظه است و بس.,1,data/extra/Asus Google Nexus 7 3G - 32GB.xml,با سلام بي نظيره دو ماه  باهاش کار کردم از نظر من تنها عيبش نداشتن شيار کارت حافظه است و بس.
10381,-,چیزی که من نمی دونستم و از همین سایت اقدام به خرید کردم ولی وقتی سیم کارت گذاشتم روی دستگاه Wifi قطع شد و باید Reset Factory می کردم که دوباره وصل شه.,-1,data/extra/Asus Google Nexus 7 3G - 32GB.xml,چيزي که من نمي دونستم و از همين سايت اقدام به خريد کردم ولي وقتي سيم کارت گذاشتم روي دستگاه Wifi قطع شد و بايد Reset Factory مي کردم که دوباره وصل شه.
10383,-,به نظر من ainol venus خیلی بهتره با این که خیلی ارزونتره,0,data/extra/Asus Google Nexus 7 3G - 32GB.xml,به نظر من  ainol venus خيلي بهتره با اين که خيلي ارزونتره
10384,-,واقعا حیف که دوربین نداره ولی نسبت به قیمش خیلی خوبه,1,data/extra/Asus Google Nexus 7 3G - 32GB.xml,واقعا حيف که دوربين نداره ولي نسبت به قيمش خيلي خوبه
10385,-,سلام دوستان این مدل مشکل کار کرد همزمان 3G رو Wifi داره سیم کارت که تو دستگاه باشه Wifi از کار می افته,-1,data/extra/Asus Google Nexus 7 3G - 32GB.xml,سلام  دوستان اين مدل مشکل کار کرد همزمان 3G رو Wifi داره  سيم کارت که تو دستگاه باشه Wifi از کار مي افته
10386,-,امروز تحویل گرفتم تا حالا عالی بوده.,2,data/extra/Asus Google Nexus 7 3G - 32GB.xml,امروز تحويل گرفتم تا حالا عالي بوده.
10387,-,در نوع خودش تبلت خوبیه,1,data/extra/Asus Google Nexus 7 3G - 32GB.xml,در نوع خودش تبلت خوبيه
10389,-,فکر می کنم در حال حاضر، بهترین تبلت هفت اینچی دنیا، همین مدل است.,2,data/extra/Asus Google Nexus 7 3G - 32GB.xml,فکر مي کنم در حال حاضر،  بهترين تبلت هفت اينچي دنيا،  همين مدل است.
10390,-,به دلیل قیمت پایین، قابلیت های نرم افزاری فوق العاده، قابلیت های سخت افزاری مناسب، پشتیبانی غولی به نام گوگل که بدون آن اینترنت قابل تصور نیست و موارد دیگر که دوستان به آن اشاره کردند.,2,data/extra/Asus Google Nexus 7 3G - 32GB.xml,به دليل قيمت پايين،  قابليت هاي نرم افزاري فوق العاده،  قابليت هاي سخت افزاري مناسب،  پشتيباني غولي به نام گوگل که بدون آن اينترنت قابل تصور نيست و موارد ديگر که دوستان به آن اشاره کردند.
10398,-,این گوگل داره چی کار میکنه!,0,data/extra/Asus Google Nexus 7 3G - 32GB.xml,اين گوگل داره چي کار ميکنه!
10400,-,مخصوصا تبلتاش فوق العادن !,2,data/extra/Asus Google Nexus 7 3G - 32GB.xml,مخصوصا تبلتاش فوق العادن !
10402,-,واقعا عالیه، سیستم عالی .,2,data/extra/Asus Google Nexus 7 3G - 32GB.xml,واقعا‎ ‎عاليه،  سيستم‎ ‎عالي .
10403,-,صفحه نمایش عالی.,2,data/extra/Asus Google Nexus 7 3G - 32GB.xml,‎صفحه نمايش عالي.
10404,-,عالی ولی ای کاش sms و camera هم داشت.,1,data/extra/Asus Google Nexus 7 3G - 32GB.xml,عالي ولي اي کاش sms و camera  هم  داشت.
10405,-,پردازنده چهار هسته ای قدرتمند و سخت افزار بسیار خوب در تبلتی ارزون..,2,data/extra/Asus Google Nexus 7 3G - 32GB.xml,پردازنده چهار هسته اي قدرتمند و سخت افزار بسيار خوب در تبلتي ارزون..
10759,-,شاید اگر 10 سال قبل می گفتید که شرکت مایکروسافت بزرگترین نقش را در دنیای بازیهای ویدیویی بازی می کند حرفتان بی معنا به نظر می رسید اما اکنون مشاهده می کنیم که این موضوع یک واقعیت است و دیگر سونی انحصار تولید کنسولهای بازی پر طرفدار را در اختیار ندارد.,1,data/extra/Microsoft Xbox 360 Slim 250GB Console with Kinect_Hosseini.xml,شاید اگر 10 سال قبل می گفتید که شرکت مایکروسافت بزرگترین نقش را در دنیای بازیهای ویدیویی بازی می کند حرفتان بی معنا به نظر می رسید اما اکنون مشاهده می کنیم که این موضوع یک واقعیت است و دیگر سونی انحصار تولید کنسولهای بازی پر طرفدار را در اختیار ندارد.
10760,-,اکنون شاید بتوان Xbox 360 Slim را برترین کنسول بازی موجود دانست مخصوصا با وجود Kinect Microsoft اکنون لذت استفاده از بازیهای Xbox چند برابر شده است.,1,data/extra/Microsoft Xbox 360 Slim 250GB Console with Kinect_Hosseini.xml,اکنون شاید بتوان Xbox 360 Slim را برترین کنسول بازی موجود دانست مخصوصا با وجود Kinect Microsoft  اکنون لذت استفاده از بازیهای Xbox چند برابر شده است.
10761,-,حال، چرا Xbox 360 Slim می تواند برترین کنسول بازی موجود باشد؟,0,data/extra/Microsoft Xbox 360 Slim 250GB Console with Kinect_Hosseini.xml,حال،  چرا Xbox 360 Slim می تواند برترین کنسول بازی موجود باشد؟
10762,-,در ادامه به بررسی تمام جوانب این کنسول بازی می پردازیم تا قضاوت را به خودتان واگذار کنیم: همانطور که از نام این کنسول پیداست قرار بوده که Xbox 360 جدید باریک تر از مدل قبلی خود باشد.,0,data/extra/Microsoft Xbox 360 Slim 250GB Console with Kinect_Hosseini.xml,در ادامه به بررسی تمام جوانب این کنسول بازی می پردازیم تا قضاوت را به خودتان واگذار کنیم: همانطور که از نام این کنسول پیداست قرار بوده که Xbox 360 جدید باریک تر از مدل قبلی خود باشد.
10763,-,هر چند با مقایسه دو دستگاه Xbox 360 Slim و Xbox 360 خواهید دید که این کنسول خیلی هم باریک تر نشده است (یا حداقل این باریک شدن خیلی به چشم نمی آید).,-1,data/extra/Microsoft Xbox 360 Slim 250GB Console with Kinect_Hosseini.xml,هر چند با مقایسه دو دستگاه Xbox 360 Slim و Xbox 360 خواهید دید که این کنسول خیلی هم باریک تر نشده است (یا حداقل این باریک شدن خیلی به چشم نمی آید).
10764,-,پلاستیک ماتی که ما Xbox 360 را با آن می شناختیم؛ اکنون دیگر وجود ندارد و به جای آن پلاستیکی با جلای بالا و براق را مشاهده می کنیم که یک پیشرفت خیلی مهم از لحاظ ظاهری و زیبایی برای Xbox 360 Slim را باعث شده.,1,data/extra/Microsoft Xbox 360 Slim 250GB Console with Kinect_Hosseini.xml,پلاستیک ماتی که ما Xbox 360 را با آن می شناختیم؛ اکنون دیگر وجود ندارد و به جای آن پلاستیکی با جلای بالا و براق را مشاهده می کنیم که یک پیشرفت خیلی مهم از لحاظ ظاهری و زیبایی برای Xbox 360 Slim را باعث شده.
10765,-,هر چند روی این پلاستیک براق و زیبا که جنس خیلی خوبی هم دارد؛ اثر انگشت می ماند اما خب چه کسی نیاز دارد که هر لحظه به کنسول بازی خانگی خود دست بزند؟,1,data/extra/Microsoft Xbox 360 Slim 250GB Console with Kinect_Hosseini.xml,هر چند روی این پلاستیک براق و زیبا که جنس خیلی خوبی هم دارد؛ اثر انگشت می ماند اما خب چه کسی نیاز دارد که هر لحظه به کنسول بازی خانگی خود دست بزند؟
10766,-,از طرفی وقتی خوب به بدنه ی Xbox 360 Slim دقت می کنید متوجه می شوید براقی آن به حدی زیاد است که می تواند اشیا را تا حدی در خود منعکس کند.,1,data/extra/Microsoft Xbox 360 Slim 250GB Console with Kinect_Hosseini.xml,از طرفی وقتی خوب به بدنه ی Xbox 360 Slim دقت می کنید متوجه می شوید براقی آن به حدی زیاد است که می تواند اشیا را تا حدی در خود منعکس کند.
10767,-,انحناهای ایجاد شده روی این کنسول نیز به جلوه ظاهری آن افزوده است.,1,data/extra/Microsoft Xbox 360 Slim 250GB Console with Kinect_Hosseini.xml,انحناهای ایجاد شده روی این کنسول نیز به جلوه ظاهری آن افزوده است.
10768,-,وزن Xbox 360 Slim نیز مقداری از Xbox 360 کمتر شده است.,1,data/extra/Microsoft Xbox 360 Slim 250GB Console with Kinect_Hosseini.xml,وزن Xbox 360 Slim نیز مقداری از Xbox 360 کمتر شده است.
10769,-,Xbox 360 Slim با ظرفیت های مختلفی به بازار عرضه شده است.,0,data/extra/Microsoft Xbox 360 Slim 250GB Console with Kinect_Hosseini.xml,Xbox 360 Slim با ظرفیت های مختلفی به بازار عرضه شده است.
10770,-,از ظرفیت هارد دیسکی 4GB گرفته تا ظرفیت بسیار مناسب 320GB.,1,data/extra/Microsoft Xbox 360 Slim 250GB Console with Kinect_Hosseini.xml,از ظرفیت هارد دیسکی 4GB گرفته تا ظرفیت بسیار مناسب 320GB.
10771,-,همچنین این کنسول در پک های مختلفی به بازار عرضه می شود که برخی از آنها بازی اورجینال رایگان هم در خود دارند.,0,data/extra/Microsoft Xbox 360 Slim 250GB Console with Kinect_Hosseini.xml,همچنین این کنسول در پک های مختلفی به بازار عرضه می شود که برخی از آنها بازی اورجینال رایگان هم در خود دارند.
10772,-,همچون بازی معروف Gears Of War 3.,0,data/extra/Microsoft Xbox 360 Slim 250GB Console with Kinect_Hosseini.xml,همچون بازی معروف Gears Of War 3.
10773,-,پردازشگر قدرتمند IBM PowerPC 3 cores 3.2 GHz به همراه پردازنده ی گرافیکی Xenos، رم 512 GDDR3 و کارت گرافیک ATI که مخصوص Xbox طراحی شده، تلفیقی از قدرت و سرعت پردازش مناسب و گرافیک عالی را به وجود می آورد که برای هم برای کاربران عادی و هم گیمرهای حرفه ای مناسب است.,2,data/extra/Microsoft Xbox 360 Slim 250GB Console with Kinect_Hosseini.xml,پردازشگر قدرتمند IBM PowerPC 3 cores 3.2 GHz به همراه پردازنده ی گرافیکی Xenos،  رم 512 GDDR3 و کارت گرافیک ATI که مخصوص Xbox طراحی شده،  تلفیقی از قدرت و سرعت پردازش مناسب و گرافیک عالی را به وجود می آورد که برای هم برای کاربران عادی و هم گیمرهای حرفه ای مناسب است.
10774,-,رزولوشن تصویر 1920*1080؛ تصویری را در برابر دید کاربر قرار می دهد که واقعا لذت بخش است.,1,data/extra/Microsoft Xbox 360 Slim 250GB Console with Kinect_Hosseini.xml,رزولوشن تصویر 1920*1080؛ تصویری را در برابر دید کاربر قرار می دهد که واقعا لذت بخش است.
10775,-,همچنین این دستگاه مجهز به 5 پورت USB (Universal Serial Bus)، یک پورت مخصوص Kinect، خروجی های HDMI وAV، خروجی TOSLINK و همچنین شبکه بی سیم Wi-Fi بوده که نه تنها نیاز کاربر برای گیم و بازی کردن را برطرف می کند بلکه مانند دیگر رقبای خود (از جمله Sony PS3) امکان دسترسی به اینترنت، ذخیره و پخش فایل های چند رسانه ای (مالتی مدیا) را نیز برای کاربر فراهم می کند.,1,data/extra/Microsoft Xbox 360 Slim 250GB Console with Kinect_Hosseini.xml,همچنین این دستگاه مجهز به 5 پورت USB (Universal Serial Bus)،  یک پورت مخصوص Kinect،  خروجی های HDMI وAV،  خروجی TOSLINK و همچنین شبکه بی سیم Wi-Fi بوده که نه تنها نیاز کاربر برای گیم و بازی کردن را برطرف می کند بلکه مانند دیگر رقبای خود (از جمله Sony PS3) امکان دسترسی به اینترنت،  ذخیره و پخش فایل های چند رسانه ای (مالتی مدیا) را نیز برای کاربر فراهم می کند.
10776,-,اما از هرچه بگذریم؛ نمی توان Kinect Microsoft را نادیده گرفت.,0,data/extra/Microsoft Xbox 360 Slim 250GB Console with Kinect_Hosseini.xml,اما از هرچه بگذریم؛ نمی توان Kinect Microsoft را نادیده گرفت.
10777,-,Kinect که برای بازی حرکتی در Xbox 360 Slim طراحی شده شما را به دنیای خود می برد.,0,data/extra/Microsoft Xbox 360 Slim 250GB Console with Kinect_Hosseini.xml,Kinect که برای بازی حرکتی در Xbox 360 Slim طراحی شده شما را به دنیای خود می برد.
10778,-,دنیایی که جذابیتهای فوق العاده خودش را دارد و از آنجا که Kinect نسبت به رقبایش (PS3 Move و Nintendo Wii) مطلوبیت بیشتری دارد و راحت تر نیز می توان از آن استفاده نمود، بنابر این به شما توصیه می کنیم لذت استفاده از Kinect Xbox 360 را حداقل یکبار تجربه کنید.,2,data/extra/Microsoft Xbox 360 Slim 250GB Console with Kinect_Hosseini.xml,دنیایی که جذابیتهای فوق العاده خودش را دارد و از آنجا که Kinect نسبت به رقبایش (PS3 Move و Nintendo Wii) مطلوبیت بیشتری دارد و راحت تر نیز می توان از آن استفاده نمود،  بنابر این به شما توصیه می کنیم لذت استفاده از Kinect Xbox 360 را حداقل یکبار تجربه کنید.
10779,-,دنیای کنسولهای بازی تا حدی سلیقه ای و مشروط به نوع کاربر است.,0,data/extra/Microsoft Xbox 360 Slim 250GB Console with Kinect_Hosseini.xml,دنیای کنسولهای بازی تا حدی سلیقه ای و مشروط به نوع کاربر است.
10780,-,ممکن است برخی گیمرها، PS3 Sony را برترین کنسول بازی بدانند و برخی دیگر Nintendo Wii یا Xbox 360 را.,0,data/extra/Microsoft Xbox 360 Slim 250GB Console with Kinect_Hosseini.xml,ممکن است برخی گیمرها، PS3 Sony  را برترین کنسول بازی بدانند و برخی دیگر Nintendo Wii یا Xbox 360 را.
10781,-,اما تا آنجا که از تجربیات شخصی بر می آید؛ حداقل استفاده از Kinect در Xbox 360 Slim راحت تر و مناسب تر است نسبت به Move PS3 یا دستگاه Wii.,1,data/extra/Microsoft Xbox 360 Slim 250GB Console with Kinect_Hosseini.xml,اما تا آنجا که از تجربیات شخصی بر می آید؛ حداقل استفاده از Kinect در Xbox 360 Slim راحت تر و مناسب تر است نسبت به Move PS3 یا  دستگاه Wii.
10889,-,البته برای نمایشگرهای در این سایز از رزولوشن WVGA هم استفاده می‌شود ولی به احتمال زیاد به دلیل پردازشگر گرافیکی نسبتا ضعیفی که این گوشی داشته، سونی تصمیم گرفته که از رزولوشن بالاتر بهره نبرد.,-1,data/extra/Sony Xperia Miro.xml,البته برای نمایشگرهای در این سایز از رزولوشن WVGA هم استفاده می‌شود ولی به احتمال زیاد به دلیل پردازشگر گرافیکی نسبتا ضعیفی که این گوشی داشته،  سونی تصمیم گرفته که از رزولوشن بالاتر بهره نبرد.
10925,-,گیرنده دیجیتال فراسو مدل FDR-211 با امکانات جدید، کیفیت ساخت فوق‌العاده و استفاده از تکنولوژی‌های روز به بازار عرضه شده است.,2,data/extra/Farassoo DVB-T FDR-211_Hosseini.xml,گیرنده دیجیتال فراسو مدل FDR-211 با امکانات جدید،  کیفیت ساخت فوق‌العاده و استفاده از تکنولوژی‌های روز به بازار عرضه شده است.
10926,-,این ستاپ باکس قابلیت پخش تمامی کانال‌های دیجیتال صدا و سیما را دارد و می‌تواند برنامه‌ها را بر روی فلش و هارد اکسترنال ضبط و فایل‌های رایج موسیقی، عکس و فیلم را پخش نماید.,1,data/extra/Farassoo DVB-T FDR-211_Hosseini.xml,این ستاپ باکس قابلیت پخش تمامی کانال‌های دیجیتال صدا و سیما را دارد و می‌تواند برنامه‌ها را بر روی فلش و هارد اکسترنال ضبط و فایل‌های رایج موسیقی،  عکس و فیلم را پخش نماید.
10928,-,FDR-211 یکی از قدرتمندترین گیرنده‌های فراسو به حساب می‌آید که با تقویت کننده‌ی داخلی و آنتن رومیزی امکان دریافت کانال‌ها را با بهترین کیفیت ممکن به شما می‌دهد.,2,data/extra/Farassoo DVB-T FDR-211_Hosseini.xml,FDR-211 یکی از قدرتمندترین گیرنده‌های فراسو به حساب می‌آید که با تقویت کننده‌ی داخلی و آنتن رومیزی امکان دریافت کانال‌ها را با بهترین کیفیت ممکن به شما می‌دهد.
10931,-,گیرنده دیجیتال FDR-211 امکان پخش فایل‌های تصویری را با کیفیت بسیار بالای فول اچ دی 1080p دارا می‌باشد .,1,data/extra/Farassoo DVB-T FDR-211_Hosseini.xml,گیرنده دیجیتال FDR-211 امکان پخش فایل‌های تصویری را با کیفیت بسیار بالای فول اچ دی 1080p دارا می‌باشد .
10932,-,همچنین از ویژگی‌های مدل 211 پشتیبانی کامل از زیرنویس فارسی و نمایش مناسب و امکان تنظیم آن است که باعث شده این مدل از مدل‌های قبلی متمایز گردد.,1,data/extra/Farassoo DVB-T FDR-211_Hosseini.xml,همچنین از ویژگی‌های مدل 211 پشتیبانی کامل از زیرنویس فارسی و نمایش مناسب و امکان تنظیم آن است که باعث شده این مدل از مدل‌های قبلی متمایز گردد.
10934,-,شما به راحتی می‌توانید با امکانات فراوانی که این دستگاه برای ضبط برنامه دارد در تمام ساعات شبانه روز و حتی زمان‌هایی که در منزل نیستید با زمان‌بندی و تعیین ساعات مختلف ضبط از مشاهده‌ی برنامه‌های محبوب خود که تا به حال امکان دیدن آن را نداشته‌اید لذت ببرید.,1,data/extra/Farassoo DVB-T FDR-211_Hosseini.xml,شما به راحتی می‌توانید با امکانات فراوانی که این دستگاه برای ضبط برنامه دارد در تمام ساعات شبانه روز و حتی زمان‌هایی که در منزل نیستید با زمان‌بندی و تعیین ساعات مختلف ضبط از مشاهده‌ی برنامه‌های محبوب خود که تا به حال امکان دیدن آن را نداشته‌اید لذت ببرید.
10961,-,• طراحی و ساخت نوکیا Asha 302 با ابعاد 58×115 میلی متر و وزن 106 گرم، جزو گوشی‌های خوش دست با کاربری آسان برای کاربران قرار دارد.,1,data/extra/Nokia Asha 302_Hosseini.xml,• طراحی و ساخت نوکیا Asha 302 با ابعاد 58×115 میلی متر و وزن 106 گرم،  جزو گوشی‌های خوش دست با کاربری آسان برای کاربران قرار دارد.
10962,-,Asha 302 با طراحی زیبای خود، بسیاری از کاستی‌های خود را پوشش داده است.,1,data/extra/Nokia Asha 302_Hosseini.xml,Asha 302 با طراحی زیبای خود،  بسیاری از کاستی‌های خود را پوشش داده است.
10963,-,البته این بدان معنا نیست که با دیدن این گوشی شگفت زده می‌شوید، ولی به هر حال نمی‌توان زیبایی این مدل در عین سادگی آن را کتمان نمود.,1,data/extra/Nokia Asha 302_Hosseini.xml,البته این بدان معنا نیست که با دیدن این گوشی شگفت زده می‌شوید،  ولی به هر حال نمی‌توان زیبایی این مدل در عین سادگی آن را کتمان نمود.
10964,-,به هر حال درست است که نوکیا در چند سال اخیر عرصه را در بسیاری از موارد به کمپانی‌های دیگر باخته است، ولی هنوز در زمینه طراحی جزو پیشتازان و سردمداران صنعت گوشی محسوب می‌گردد.,1,data/extra/Nokia Asha 302_Hosseini.xml,به هر حال درست است که نوکیا در چند سال اخیر عرصه را در بسیاری از موارد به کمپانی‌های دیگر باخته است،  ولی هنوز در زمینه طراحی جزو پیشتازان و سردمداران صنعت گوشی محسوب می‌گردد.
10965,-,در سمت چپ گوشی شکاف کارت حافظه، در قسمت بالا خروجی 3.5 میلی متری هدفون به همراه درگاه USB و بالاخره در قسمت پشتی آن دوربین 3.2 مگا پیکسلی به همراه بلندگو قرار گرفته‌اند.,0,data/extra/Nokia Asha 302_Hosseini.xml,در سمت چپ گوشی شکاف کارت حافظه،  در قسمت بالا خروجی 3.5 میلی متری هدفون به همراه درگاه USB و بالاخره در قسمت پشتی آن دوربین 3.2 مگا پیکسلی به همراه بلندگو قرار گرفته‌اند.
10966,-,درب فلزی پشت بدنه گوشی به زیبایی آن افزوده است.,1,data/extra/Nokia Asha 302_Hosseini.xml,درب فلزی پشت بدنه گوشی به زیبایی آن افزوده است.
10967,-,• صفحه نمایش صفحه نمایش به کار رفته در این گوشی یک صفحه نمایش 2.4 اینچی رنگی ولی با رزولوشن 240×320 می‌باشد.,0,data/extra/Nokia Asha 302_Hosseini.xml,• صفحه نمایش صفحه نمایش به کار رفته در این گوشی یک صفحه نمایش 2.4 اینچی رنگی ولی با رزولوشن 240×320 می‌باشد.
10968,-,این به این معناست که از صفحه نمایش آن نمی‌توان انتظار تصویر چندان خوبی در مقابل صفحه نمایش‌های Super AMOLED و یا Super Clear LCD را داشت.,-1,data/extra/Nokia Asha 302_Hosseini.xml,این به این معناست که از صفحه نمایش آن نمی‌توان انتظار تصویر چندان خوبی در مقابل صفحه نمایش‌های Super AMOLED و یا Super Clear LCD را داشت.
10969,-,همچنین عملکرد آن در زوایای دید مختلف نیز قابل تعریف و تمجید نیست.,-1,data/extra/Nokia Asha 302_Hosseini.xml,همچنین عملکرد آن در زوایای دید مختلف نیز قابل تعریف و تمجید نیست.
10970,-,اما به هر حال خارج از انصاف است که این صفحه نمایش را برای این مدل یک نقطه ضعف تلقی کنیم.,0,data/extra/Nokia Asha 302_Hosseini.xml,اما به هر حال خارج از انصاف است که این صفحه نمایش را برای این مدل یک نقطه ضعف تلقی کنیم.
10971,-,در کل می‌توان این‌گونه استنباط نمود که این صفحه نمایش برای این مدل با این قیمت چیزی بیشتر از حد انتظار محسوب می‌شود.,1,data/extra/Nokia Asha 302_Hosseini.xml,در کل می‌توان این‌گونه استنباط نمود که این صفحه نمایش برای این مدل با این قیمت چیزی بیشتر از حد انتظار محسوب می‌شود.
10972,-,• سخت افزار پردازنده یک گیگا هرتزی که در این گوشی به کار رفته، سبب جلب رضایت کامل کاربر در هنگام کار با گوشی، استفاده از برنامه های مختلف و یا گشت زنی در اینترنت گشته است.,1,data/extra/Nokia Asha 302_Hosseini.xml,• سخت افزار پردازنده یک گیگا هرتزی که در این گوشی به کار رفته،  سبب جلب رضایت کامل کاربر در هنگام کار با گوشی،  استفاده از برنامه های مختلف و یا گشت زنی در اینترنت گشته است.
10973,-,در کنار این پردازنده، 128 مگابایت رم و 256 مگابایت رام مورد استفاده قرار گرفته‌اند.,0,data/extra/Nokia Asha 302_Hosseini.xml,در کنار این پردازنده،  128 مگابایت رم و 256 مگابایت رام مورد استفاده قرار گرفته‌اند.
10974,-,باید اذعان داشت که با توجه به قیمت این مدل، سخت افزار بسیار خوبی در Asha 302 قرار داده شده است.,1,data/extra/Nokia Asha 302_Hosseini.xml,باید اذعان داشت که با توجه به قیمت این مدل،  سخت افزار بسیار خوبی در Asha 302 قرار داده شده است.
10975,-,• نرم افزار شاید اصلی‌ترین دلیل کم شدن فروش محصولات نوکیا در چند سال اخیر به عدم پیشرفت نرم افزاری گوشی‌های آن برگردد.,-1,data/extra/Nokia Asha 302_Hosseini.xml,• نرم افزار شاید اصلی‌ترین دلیل کم شدن فروش محصولات نوکیا در چند سال اخیر به عدم پیشرفت نرم افزاری گوشی‌های آن برگردد.
10976,-,در حالی که اکثر کمپانی‌های معتبر و پر طرفدار دنیا روی گوشی‌های خود از سیستم عامل‌های جدید مانند Windows Phone و یا Android استفاده می‌نمایند، نوکیا کماکان بر استفاده از سیستم عامل‌های مبتنی بر Symbian اصرار ورزیده است.,0,data/extra/Nokia Asha 302_Hosseini.xml,در حالی که اکثر کمپانی‌های معتبر و پر طرفدار دنیا روی گوشی‌های خود از سیستم عامل‌های جدید مانند Windows Phone و یا Android استفاده می‌نمایند،  نوکیا کماکان بر استفاده از سیستم عامل‌های مبتنی بر Symbian اصرار ورزیده است.
10977,-,نوکیا در این مدل مانند دیگر محصولات خانواده Asha از سیستم عامل S40 که ارتقا یافته سیستم عامل S30 می‌باشد بهره برده است.,0,data/extra/Nokia Asha 302_Hosseini.xml,نوکیا در این مدل مانند دیگر محصولات خانواده Asha از سیستم عامل S40 که ارتقا یافته سیستم عامل S30 می‌باشد بهره برده است.
10978,-,همان‌طور که اشاره کردیم، این سیستم عامل بر مبنای سیستم عامل Symbian و با امکانات محدود طراحی و ساخته شده است.,-1,data/extra/Nokia Asha 302_Hosseini.xml,همان‌طور که اشاره کردیم،  این سیستم عامل بر مبنای سیستم عامل Symbian و با امکانات محدود طراحی و ساخته شده است.
10979,-,با این حال این سیستم عامل کلیه نیاز های اولیه کاربران را پاسخگو می‌باشد.,1,data/extra/Nokia Asha 302_Hosseini.xml,با این حال این سیستم عامل کلیه نیاز های اولیه کاربران را پاسخگو می‌باشد.
10980,-,• دوربین دوربین 3.2 مگاپیکسلی به کار رفته در این گوشی، عکس‌هایی با حداکثر رزولوشن 1536×2048 پیکسل را ثبت می‌نماید.,0,data/extra/Nokia Asha 302_Hosseini.xml,• دوربین دوربین 3.2 مگاپیکسلی به کار رفته در این گوشی،  عکس‌هایی با حداکثر رزولوشن 1536×2048 پیکسل را ثبت می‌نماید.
10981,-,محیط کار با دوربین در این گوشی کاملا مبتدیانه و با حداقل امکانات می‌باشد.,-1,data/extra/Nokia Asha 302_Hosseini.xml,محیط کار با دوربین در این گوشی کاملا مبتدیانه و با حداقل امکانات می‌باشد.
10982,-,فیلم برداری دوربین Asha 302 با کیفیت QVGA و سرعت 15 فریم بر ثانیه صورت می‌پذیرد که چندان قابل تعریف نیست.,-1,data/extra/Nokia Asha 302_Hosseini.xml,فیلم برداری دوربین Asha 302  با کیفیت QVGA و سرعت 15 فریم بر ثانیه صورت می‌پذیرد که چندان قابل تعریف نیست.
10983,-,در کل دوربین این گوشی بیشتر جهت استفاده برای ارسال پیامک چند رسانه ای(MMS) مناسب می‌باشد و عکس‌های ثبت شده توسط آن قابلت آرشیو شدن را برای شما نخواهند داشت.,-1,data/extra/Nokia Asha 302_Hosseini.xml,در کل دوربین این گوشی بیشتر جهت استفاده برای ارسال پیامک چند رسانه ای(MMS) مناسب می‌باشد و عکس‌های ثبت شده توسط آن قابلت آرشیو شدن را برای شما نخواهند داشت.
10984,-,• باتری باتری لیتیوم یونی 1320 میلی آمپری که در این گوشی استفاده شده است، تا حدود 9 ساعت مکالمه ممتد و بیش از 700 ساعت در حالت آماده باش را پشتیبانی می‌کند.,0,data/extra/Nokia Asha 302_Hosseini.xml,• باتری باتری لیتیوم یونی 1320 میلی آمپری که در این گوشی استفاده شده است،  تا حدود 9 ساعت مکالمه ممتد و بیش از 700 ساعت در حالت آماده باش را پشتیبانی می‌کند.
10985,-,ولی اگر می‌خواهید با آن موزیک گوش دهید می‌توانید برای حدود 50 ساعت با خیال راحت روی باتری آن حساب کنید که عملکردی فوق‌العاده محسوب می‌گردد.,2,data/extra/Nokia Asha 302_Hosseini.xml,ولی اگر می‌خواهید با آن موزیک گوش دهید می‌توانید برای حدود 50 ساعت با خیال راحت روی باتری آن حساب کنید که عملکردی فوق‌العاده محسوب می‌گردد.
10986,-,• جمع بندی نوکیا Asha 302 یک گوشی خوش استیل و با پرستیژ محسوب می‌شود که اگر به دنبال یک سیستم عامل به روز نباشید می‌تواند انتخاب بسیار مناسبی برای شما محسوب گردد.,1,data/extra/Nokia Asha 302_Hosseini.xml,• جمع بندی نوکیا Asha 302 یک گوشی خوش استیل و با پرستیژ محسوب می‌شود که اگر به دنبال یک سیستم عامل به روز نباشید می‌تواند انتخاب بسیار مناسبی برای شما محسوب گردد.
10987,-,با اینکه صفحه نمایش این گوشی لمسی نیست، ولی کیبورد Qwerty این گوشی می‌تواند تا حدودی باعث شود که لمسی نبودن صفحه کلید چندان شما را نا امید نکند.,1,data/extra/Nokia Asha 302_Hosseini.xml,با اینکه صفحه نمایش این گوشی لمسی نیست،  ولی کیبورد Qwerty این گوشی می‌تواند تا حدودی باعث شود که لمسی نبودن صفحه کلید چندان شما را نا امید نکند.
10988,-,از نظر سخت افزار هم که می‌توان ادعا کرد این مدل در بین رقبای خود در این بازه قیمت بسیار خوب عمل کرده است.,1,data/extra/Nokia Asha 302_Hosseini.xml,از نظر سخت افزار هم که می‌توان ادعا کرد این مدل در بین رقبای خود در این بازه قیمت بسیار خوب عمل کرده است.
10989,-,ضمن اینکه موزیک پلیر این گوشی با امکان پخش بیش از 50 ساعت موسیقی با هر بار شارژ، یکی دیگر از مزیت‌های بسیار مثبت گوشی محسوب می‌گردد.,1,data/extra/Nokia Asha 302_Hosseini.xml,ضمن اینکه موزیک پلیر این گوشی با امکان پخش بیش از 50 ساعت موسیقی با هر بار شارژ،  یکی دیگر از مزیت‌های بسیار مثبت گوشی محسوب می‌گردد.
10990,-,طراحی شده برای حداکثر جذابیت طراحی منحصر به فرد سامسونگ لذت مشاهده را به حداکثر ممکن ارتقا داده و نیز فضای داخلی خانه شما را زیباتر می سازد.,2,data/extra/Samsung LED 40ES6960_Hosseini.xml,طراحی شده برای حداکثر جذابیت طراحی منحصر به فرد سامسونگ لذت مشاهده را به حداکثر ممکن ارتقا داده و نیز فضای داخلی خانه شما را زیباتر می سازد.
10991,-,طراحی منحصر به فرد با زیبایی هرچه تمام تر بدنه تلویزیون ال ای دی را با پانل تصویری آن در هم می آمیزد تا کلیه موانع موجود بر سر راه یک تجربه تمام عیار مشاهده را از بین ببرد.,1,data/extra/Samsung LED 40ES6960_Hosseini.xml,طراحی منحصر به فرد با زیبایی هرچه تمام تر بدنه تلویزیون ال ای دی را با پانل تصویری آن در هم می آمیزد تا کلیه موانع موجود بر سر راه یک تجربه تمام عیار مشاهده را از بین ببرد.
10992,-,تماشای فیلم از طریق USB با قابلیت ConnectShare Movie کافی است که حافظه خارجی خود را به تلویزیون وصل کرده و فورا از فیلم ها، عکس ها یا آهنگ های دلخواه خود لذت ببرید.,1,data/extra/Samsung LED 40ES6960_Hosseini.xml,تماشای فیلم از طریق USB با قابلیت ConnectShare Movie کافی است که حافظه خارجی خود را به تلویزیون وصل کرده و فوراً از فیلم ها، عکس ها یا آهنگ های دلخواه خود لذت ببرید.
10994,-,کشف واقعیت جدید با کیفیت فول اچ دی سطح جدید و برتر واقعیت سرگرمی های خانگی را تجربه کنید که تاکنون مشابهی نداشته است.,1,data/extra/Samsung LED 40ES6960_Hosseini.xml,کشف واقعیت جدید با کیفیت فول اچ دی سطح جدید و برتر واقعیت سرگرمی های خانگی را تجربه کنید که تاکنون مشابهی نداشته است.
10995,-,تلویزیون هوشمند سامسونگ شما به دلیل دارا بودن دقت تصویری دو برابر تلویزیون های اچ دی معمولی، تجربه دیداری شگرفی می آفریند که شما را از مرز صفحه تلویزیون فراتر برده و در تصاویر نفس گیر خود غوطه‌ور خواهد ساخت.,1,data/extra/Samsung LED 40ES6960_Hosseini.xml,تلویزیون هوشمند سامسونگ شما به دلیل دارا بودن دقت تصویری دو برابر تلویزیون های اچ دی معمولی،  تجربه دیداری شگرفی می آفریند که شما را از مرز صفحه تلویزیون فراتر برده و در تصاویر نفس گیر خود غوطه‌ور خواهد ساخت.
10996,-,اگر بافت غنی و واضح تصاویر فول اچ دی را تجربه کنید، برنامه های تلویزیونی و فیلم های دلخواه تان دیگر هرگز مانند گذشته نخواهند بود.,1,data/extra/Samsung LED 40ES6960_Hosseini.xml,اگر بافت غنی و واضح تصاویر فول اچ دی را تجربه کنید، برنامه های تلویزیونی و فیلم های دلخواه تان دیگر هرگز مانند گذشته نخواهند بود.
10998,-,دسترسی بیسیم و پخش محتواهای مختلف با قابلیت اشتراک گذاری بیسیم می توانید بیشترین بهره را از محتواها و تجهیزات خود ببرید.,1,data/extra/Samsung LED 40ES6960_Hosseini.xml,دسترسی بیسیم و پخش محتواهای مختلف با قابلیت اشتراک گذاری بیسیم می توانید بیشترین بهره را از محتواها و تجهیزات خود ببرید.
10999,-,با قابلیت AllShare Play می‌توانید فیلم، عکس، موسیقی و بسیاری فایل های رسانه ای دیگر را هر دستگاه سازگار، شامل کامپیوترها که در نزدیکی تلویزیون قرار دارند پخش کنید.,0,data/extra/Samsung LED 40ES6960_Hosseini.xml,با قابلیت AllShare Play می‌توانید فیلم،  عکس،  موسیقی و بسیاری فایل های رسانه ای دیگر را هر دستگاه سازگار،  شامل کامپیوترها که در نزدیکی تلویزیون قرار دارند پخش کنید.
11001,-,حالا می‌توانید از تمام برنامه های دلخواه خود در تلویزیون یا از دور لذت ببرید.,1,data/extra/Samsung LED 40ES6960_Hosseini.xml,حالا می‌توانید از تمام برنامه های دلخواه خود در تلویزیون یا از دور لذت ببرید.
11002,-,رنگ‌های زنده‌تر برای تصاویری بهتر قابلیت بهبود دهنده گسترده رنگ ها - Wide Color Enhancer Plus سامسونگ با بهره گیری از یک الگوریتم پیشرفته ارتقای کیفیت تصویر، می‌تواند کیفیت هر تصویری را بهتر ساخته و جزییات پنهان را آشکار سازد.,1,data/extra/Samsung LED 40ES6960_Hosseini.xml,رنگ‌های زنده‌تر برای تصاویری بهتر قابلیت بهبود دهنده گسترده رنگ ها - Wide Color Enhancer Plus سامسونگ با بهره گیری از یک الگوریتم پیشرفته ارتقای کیفیت تصویر، می‌تواند کیفیت هر تصویری را بهتر ساخته و جزییات پنهان را آشکار سازد.
11004,-,تجربه چندرسانه ای کامل در منزل تلویزیون سامسونگ با ورودی های واسط چندرسانه ای وضوح بالا (HDMI) نشیمن خانه شما را به یک مرکز سرگرمی های چندرسانه ای تبدیل خواهد کرد.,1,data/extra/Samsung LED 40ES6960_Hosseini.xml,تجربه چندرسانه ای کامل در منزل تلویزیون سامسونگ با ورودی های واسط چندرسانه ای وضوح بالا (HDMI) نشیمن خانه شما را به یک مرکز سرگرمی های چندرسانه ای تبدیل خواهد کرد.
11059,-,10.,0,data/extra/Huawei U8825D Ascend G330.xml,10.
11154,-,اگرچه جنس بدنه Google Nexus 7 از پلاستیک ساخته شده است اما بسیار مقاوم و با کیفیت به نظر می‌رسد و به دلیل شکل کاملا مستطیلی آن، به راحتی می‌توان با یک دست با آن کار کرد.,1,data/extra/Asus Google Nexus 7 3G - 32GB_Hosseini.xml,اگرچه جنس بدنه Google Nexus 7 از پلاستیک ساخته شده است اما بسیار مقاوم و با کیفیت به نظر می‌رسد و به دلیل شکل کاملا مستطیلی آن،  به راحتی می‌توان با یک دست با آن کار کرد.
11167,-,• سخت افزار از نظر سخت افزاری این دستگاه استثنایی است.,1,data/extra/Asus Google Nexus 7 3G - 32GB_Hosseini.xml,• سخت افزار از نظر سخت افزاری این دستگاه استثنایی است.
11183,-,• نرم افزار همان‌طور که گفته شد Google Nexus 7 اولین تبلتی است که به صورت پیش فرض از نسخه 4.1 یا Jelly Bean اندروید بهره می‌برد.,0,data/extra/Asus Google Nexus 7 3G - 32GB_Hosseini.xml,• نرم افزار همان‌طور که گفته شد Google Nexus 7 اولین تبلتی است که به صورت پیش فرض از نسخه 4.1 یا Jelly Bean اندروید بهره می‌برد.
11243,-,طراحی و ساخت طراحی این گوشی اصلا با دیگر گوشی‌های معروف سامسونگ بیگانه نیست.,0,data/extra/Samsung I9082 Galaxy Grand Duos_Hosseini.xml,طراحی و ساخت طراحی این گوشی اصلا با دیگر گوشی‌های معروف سامسونگ بیگانه نیست.
11244,-,می‌توان آنرا بزرگ شده گلکسی اس 3 و یا حتی کوچک شده گلکسی نوت 2 دانست.,0,data/extra/Samsung I9082 Galaxy Grand Duos_Hosseini.xml,می‌توان آنرا بزرگ شده گلکسی اس 3 و یا حتی کوچک شده گلکسی نوت 2 دانست.
11245,-,با همان لبه های گرد و همان استایل همیشگی.,0,data/extra/Samsung I9082 Galaxy Grand Duos_Hosseini.xml,با همان لبه های گرد و همان استایل همیشگی.
11246,-,البته با دیدن آن بیشتر گوشی‌های خانواده نوت در ذهنتان تداعی خواهند شد.,0,data/extra/Samsung I9082 Galaxy Grand Duos_Hosseini.xml,البته با دیدن آن بیشتر گوشی‌های خانواده نوت در ذهنتان تداعی خواهند شد.
11247,-,قاب نقره ای رنگ موجود در اطراف بدنه یکی از اصلی‌ترین فاکتورهایی است که این گوشی را شبیه به نوت نموده است.,0,data/extra/Samsung I9082 Galaxy Grand Duos_Hosseini.xml,قاب نقره ای رنگ موجود در اطراف بدنه یکی از اصلی‌ترین فاکتورهایی است که این گوشی را شبیه به نوت نموده است.
11248,-,ابعاد این گوشی 77×143 و قطر آن نیز مقداری کمتر از 1 سانتی متر است که ابعاد نسبتا بزرگی محسوب می‌گردد که برای کار با یک دست یا آن قطعا مشکل خواهید داشت.,-1,data/extra/Samsung I9082 Galaxy Grand Duos_Hosseini.xml,ابعاد این گوشی 77×143 و قطر آن نیز مقداری کمتر از 1 سانتی متر است که ابعاد نسبتا بزرگی محسوب می‌گردد که برای کار با یک دست یا آن قطعا مشکل خواهید داشت.
11249,-,با اینکه قطر این گوشی حدود 2 میلی متر از آیفون 5 بیشتر است ولی با توجه به این ابعاد می‌توان گفت که اصلا یک گوشی قطور محسوب نمی‌گردد، ولی با وجود وزن 162 گرمی آن مقداری سنگین به نظر می‌آید.,-1,data/extra/Samsung I9082 Galaxy Grand Duos_Hosseini.xml,با اینکه قطر این گوشی حدود 2 میلی متر از آیفون 5 بیشتر است ولی با توجه به این ابعاد می‌توان گفت که اصلا یک گوشی قطور محسوب نمی‌گردد،  ولی با وجود وزن 162 گرمی آن مقداری سنگین به نظر می‌آید.
11250,-,با نگاهی به اطراف گوشی می‌بینیم که کلیدها و شکاف‌های مختلفی در طرفین گوشی وجود دارند.,0,data/extra/Samsung I9082 Galaxy Grand Duos_Hosseini.xml,با نگاهی به اطراف گوشی می‌بینیم که کلیدها و شکاف‌های مختلفی در طرفین گوشی وجود دارند.
11251,-,بر روی لبه بالایی گوشی فقط جک 3.5 میلی متری هدفون قرار دارد.,0,data/extra/Samsung I9082 Galaxy Grand Duos_Hosseini.xml,بر روی لبه بالایی گوشی فقط جک 3.5 میلی متری هدفون قرار دارد.
11252,-,اما بر خلاف بسیاری از گوشی‌ها، کلید پاور و کلید کنترل صدای این گوشی در کنار یکدیگر نیستند و یکی بر روی لبه سمت چپ و دیگری بر روی لبه سمت راست گوشی تعبیه شده است.,0,data/extra/Samsung I9082 Galaxy Grand Duos_Hosseini.xml,اما بر خلاف بسیاری از گوشی‌ها،  کلید پاور و کلید کنترل صدای این گوشی در کنار یکدیگر نیستند و یکی بر روی لبه سمت چپ و دیگری بر روی لبه سمت راست گوشی تعبیه شده است.
11253,-,درگاه microUSB نیز در قسمت زیرین گوشی جای داده شده است.,0,data/extra/Samsung I9082 Galaxy Grand Duos_Hosseini.xml,درگاه microUSB نیز در قسمت زیرین گوشی جای داده شده است.
11254,-,نهایتا بر روی قاب پشتی گوشی نیز دوربین، فلاش LED، بلندگو و لوگوی سامسونگ به چشم می‌خورد.,0,data/extra/Samsung I9082 Galaxy Grand Duos_Hosseini.xml,نهایتا بر روی قاب پشتی گوشی نیز دوربین،  فلاش LED،  بلندگو و لوگوی سامسونگ به چشم می‌خورد.
11255,-,قاب پشتی مقداری بافت دارد که با وجود عمق کم بافت‌ها، تاثیر خوبی بر امنیت گوشی در دست می‌گذارد و تا حدود زیادی مانع لیز خوردن گوشی می‌شود.,1,data/extra/Samsung I9082 Galaxy Grand Duos_Hosseini.xml,قاب پشتی مقداری بافت دارد که با وجود عمق کم بافت‌ها،  تاثیر خوبی بر امنیت گوشی در دست می‌گذارد و تا حدود زیادی مانع لیز خوردن گوشی می‌شود.
11256,-,در ضمن، قاب پشتی گوشی به راحتی توسط کاربر قابل باز شدن است و قابل تعویض نیز می‌باشد.,1,data/extra/Samsung I9082 Galaxy Grand Duos_Hosseini.xml,در ضمن،  قاب پشتی گوشی به راحتی توسط کاربر قابل باز شدن است و قابل تعویض نیز می‌باشد.
11257,-,صفحه نمایش این قسمت گوشی جائیست که سامسونگ با تغییر عمده آن توانسته قیمت گوشی را کاهش دهد.,1,data/extra/Samsung I9082 Galaxy Grand Duos_Hosseini.xml,صفحه نمایش این قسمت گوشی جائیست که سامسونگ با تغییر عمده آن توانسته قیمت گوشی را کاهش دهد.
11258,-,صفحه نمایش موجود بر روی این گوشی یک صفحه نمایش 5 اینچی لمسی خازنی از نوع LCD می‌باشد که قادر است 16 میلیون رنگ را نمایش دهد.,0,data/extra/Samsung I9082 Galaxy Grand Duos_Hosseini.xml,صفحه نمایش موجود بر روی این گوشی یک صفحه نمایش 5 اینچی لمسی خازنی از نوع LCD می‌باشد که قادر است 16 میلیون رنگ را نمایش دهد.
11259,-,تا به اینجا همه چیز خوب است.,1,data/extra/Samsung I9082 Galaxy Grand Duos_Hosseini.xml,تا به اینجا همه چیز خوب است.
11260,-,اما وقتی متوجه شوید که رزولوشن این صفحه نمایش 800×480 پیکسل است نا امید خواهید شد.,-1,data/extra/Samsung I9082 Galaxy Grand Duos_Hosseini.xml,اما وقتی متوجه شوید که رزولوشن این صفحه نمایش 800×480 پیکسل است نا امید خواهید شد.
11261,-,رزولوشن WVGA بر روی یک صفحه نمایش 5 اینچی؟,0,data/extra/Samsung I9082 Galaxy Grand Duos_Hosseini.xml,رزولوشن WVGA بر روی یک صفحه نمایش 5 اینچی؟
11262,-,این رزولوشن تراکم پیکسلی 187ppi را تولید می‌نماید که تراکم پیکسلی بسیار پایینی است.,-2,data/extra/Samsung I9082 Galaxy Grand Duos_Hosseini.xml,این رزولوشن تراکم پیکسلی 187ppi را تولید می‌نماید که تراکم پیکسلی بسیار پایینی است.
11263,-,البته در فاصله استاندارد گوشی از چشم، پیکسل‌ها دیده نمی‌شوند، اما اگر با دقت به صفحه نمایش نگاه کنید می‌توانید به راحتی پیکسل‌های صفحه نمایش را تشخیص دهید.,0,data/extra/Samsung I9082 Galaxy Grand Duos_Hosseini.xml,البته در فاصله استاندارد گوشی از چشم،  پیکسل‌ها دیده نمی‌شوند،  اما اگر با دقت به صفحه نمایش نگاه کنید می‌توانید به راحتی پیکسل‌های صفحه نمایش را تشخیص دهید.
11264,-,همان طور که گفتیم بر خلاف SuperAMOLED های موجود بر روی گوشی‌های سطح بالای سامسونگ، این صفحه نمایش پنل LCD دارد که البته با این حال در زوایای مختلف عملکرد خوبی را از خود به جای می‌گذارد.,1,data/extra/Samsung I9082 Galaxy Grand Duos_Hosseini.xml,همان طور که گفتیم بر خلاف SuperAMOLED های موجود بر روی گوشی‌های سطح بالای سامسونگ،  این صفحه نمایش پنل LCD دارد که البته با این حال در زوایای مختلف عملکرد خوبی را از خود به جای می‌گذارد.
11265,-,در کل، می‌توان گفت که این افت کیفیت برای ارزان کردن گوشی ارزشش را دارد، چرا که عملکرد صفحه نمایش به صورت کلی مناسب است و برای کسانی که خواهان داشتن صفحه نمایش‌های بزرگ هستند، راضی کننده خواهد بود.,1,data/extra/Samsung I9082 Galaxy Grand Duos_Hosseini.xml,در کل،  می‌توان گفت که این افت کیفیت برای ارزان کردن گوشی ارزشش را دارد،  چرا که عملکرد صفحه نمایش به صورت کلی مناسب است و برای کسانی که خواهان داشتن صفحه نمایش‌های بزرگ هستند،  راضی کننده خواهد بود.
11266,-,سخت افزار سامسونگ بر روی این گوشی از یک پردازنده دو هسته ای Cortex-A9 با فرکانس 1.2 گیگاهرتز استفاده نموده است.,0,data/extra/Samsung I9082 Galaxy Grand Duos_Hosseini.xml,سخت افزار سامسونگ بر روی این گوشی از یک پردازنده دو هسته ای Cortex-A9 با فرکانس 1.2 گیگاهرتز استفاده نموده است.
11267,-,بر خلاف محصولات برتر این کمپانی، چیپ موجود بر روی این گوشی Exynos نیست و BCM28155 می‌باشد.,0,data/extra/Samsung I9082 Galaxy Grand Duos_Hosseini.xml,بر خلاف محصولات برتر این کمپانی،  چیپ موجود بر روی این گوشی Exynos نیست و BCM28155 می‌باشد.
11268,-,همچنین پردازشگر گرافیکی این دستگاه نیز از نوع VideoCore IV می‌باشد.,0,data/extra/Samsung I9082 Galaxy Grand Duos_Hosseini.xml,همچنین پردازشگر گرافیکی این دستگاه نیز از نوع VideoCore IV می‌باشد.
11269,-,در کنار این سخت افزار، یک گیگابایت حافظه رم نیز به اجرای بهتر دستورات کمک می‌نماید.,1,data/extra/Samsung I9082 Galaxy Grand Duos_Hosseini.xml,در کنار این سخت افزار،  یک گیگابایت حافظه رم نیز به اجرای بهتر دستورات کمک می‌نماید.
11270,-,حافظه داخلی Galaxy Grand Duos 8 گیگابایت می‌باشد که با وجود پشتیبانی این گوشی از کارت حافظه microSD می‌توان آنرا تا 64 گیگابایت دیگر افزایش داد.,1,data/extra/Samsung I9082 Galaxy Grand Duos_Hosseini.xml,حافظه داخلی Galaxy Grand Duos 8 گیگابایت می‌باشد که با وجود پشتیبانی این گوشی از کارت حافظه microSD می‌توان آنرا تا 64 گیگابایت دیگر افزایش داد.
11271,-,از نظر قدرت سخت افزاری این گوشی یک گوشی سطح متوسط محسوب می‌گردد که از پس همه کارهای روزمره کاربرانش بر خواهد آمد، به شرط اینکه اجرای بازی‌های سنگین گرافیکی را جزو برنامه های روزمره خود محسوب ننمایید.,0,data/extra/Samsung I9082 Galaxy Grand Duos_Hosseini.xml,از نظر قدرت سخت افزاری این گوشی یک گوشی سطح متوسط محسوب می‌گردد که از پس همه کارهای روزمره کاربرانش بر خواهد آمد،  به شرط اینکه اجرای بازی‌های سنگین گرافیکی را جزو برنامه های روزمره خود محسوب ننمایید.
11272,-,نرم افزار سیستم عامل موجود بر روی این گوشی نسخه 4.1 از سیستم عامل اندروید می‌باشد.,0,data/extra/Samsung I9082 Galaxy Grand Duos_Hosseini.xml,نرم افزار سیستم عامل موجود بر روی این گوشی نسخه 4.1 از سیستم عامل اندروید می‌باشد.
11273,-,این نسخه که به دلیل وجود پروژه کره نسخه بسیار روان تری نسبت به نسخه 4 محسوب می‌گردد، بر روی کمتر گوشی هوشمندی در حال حاضر موجود است.,1,data/extra/Samsung I9082 Galaxy Grand Duos_Hosseini.xml,این نسخه که به دلیل وجود پروژه کره نسخه بسیار روان تری نسبت به نسخه 4 محسوب می‌گردد،  بر روی کمتر گوشی هوشمندی در حال حاضر موجود است.
11274,-,بنابراین وجود این نسخه برای این گوشی در این سطح یک مزیت و برتری محسوب می‌گردد.,1,data/extra/Samsung I9082 Galaxy Grand Duos_Hosseini.xml,بنابراین وجود این نسخه برای این گوشی در این سطح یک مزیت و برتری محسوب می‌گردد.
11275,-,رابط کاربری این گوشی نیز همان رابط کاربری مخصوص سامسونگ یعنی Nature UX است.,0,data/extra/Samsung I9082 Galaxy Grand Duos_Hosseini.xml,رابط کاربری این گوشی نیز همان رابط کاربری مخصوص سامسونگ یعنی Nature UX است.
11276,-,مدیریت بر دو سیم کارت در نسخه دو سیم کارته این گوشی نیز به خوبی صورت می‌پذیرد که امکانات بسیار خوبی را به کاربر می‌دهد.,2,data/extra/Samsung I9082 Galaxy Grand Duos_Hosseini.xml,مدیریت بر دو سیم کارت در نسخه دو سیم کارته این گوشی نیز به خوبی صورت می‌پذیرد که امکانات بسیار خوبی را به کاربر می‌دهد.
11277,-,به طور مثال شما می‌توانید تعیین نمایید که در حین استفاده از اینترنت یکی از سیم کارت‌ها، تماس‌های ورودی فقط به سیم کارت دیگر پذیرفته شود.,0,data/extra/Samsung I9082 Galaxy Grand Duos_Hosseini.xml,به طور مثال شما می‌توانید تعیین نمایید که در حین استفاده از اینترنت یکی از سیم کارت‌ها،  تماس‌های ورودی فقط به سیم کارت دیگر پذیرفته شود.
11278,-,مرورگر موجود بر روی این دستگاه، مرورگر استاندارد سامسونگ است که عملکرد مناسبی دارد.,1,data/extra/Samsung I9082 Galaxy Grand Duos_Hosseini.xml,مرورگر موجود بر روی این دستگاه،  مرورگر استاندارد سامسونگ است که عملکرد مناسبی دارد.
11279,-,البته متاسفانه این مرورگر به طور پیش فرض از فلش پلیر پشتیبانی نمی‌کند و در صورت نیاز باید آن‌را جداگانه نصب نمود.,-1,data/extra/Samsung I9082 Galaxy Grand Duos_Hosseini.xml,البته متاسفانه این مرورگر به طور پیش فرض از فلش پلیر پشتیبانی نمی‌کند و در صورت نیاز باید آن‌را جداگانه نصب نمود.
11280,-,البته لازم به ذکر است که خواندن متن در این صفحه نمایش مقداری سخت است و پایین بودن تراکم پیکسلی اینجا مقداری به چشم می‌آید.,-1,data/extra/Samsung I9082 Galaxy Grand Duos_Hosseini.xml,البته لازم به ذکر است که خواندن متن در این صفحه نمایش مقداری سخت است و پایین بودن تراکم پیکسلی اینجا مقداری به چشم می‌آید.
11281,-,در ضمن، با وجود راه های ارتباطی متنوع مانند 3G، Wi-Fi، GPRS و Edge به راحتی می‌توان با دنیای اینترنت در ارتباط بود.,1,data/extra/Samsung I9082 Galaxy Grand Duos_Hosseini.xml,در ضمن، با وجود راه های ارتباطی متنوع مانند 3G،  Wi-Fi،  GPRS و Edge به راحتی می‌توان با دنیای اینترنت در ارتباط بود.
11282,-,در ضمن نسخه 4 از فناوری بلوتوث و همچنین فناوری DLNA نیز برای ایجاد ارتباط با دیگر دستگاه‌ها موجود است.,0,data/extra/Samsung I9082 Galaxy Grand Duos_Hosseini.xml,در ضمن نسخه 4 از فناوری بلوتوث و همچنین فناوری DLNA نیز برای ایجاد ارتباط با دیگر دستگاه‌ها موجود است.
11283,-,از دیگر امکانات گوشی می‌توان به GPS و رادیو FM اشاره نمود.,0,data/extra/Samsung I9082 Galaxy Grand Duos_Hosseini.xml,از دیگر امکانات گوشی می‌توان به GPS و رادیو FM اشاره نمود.
11284,-,دوربین سامسونگ در Galaxy Grand یک دوربین 8 مگاپیکسلی قرار داده است.,0,data/extra/Samsung I9082 Galaxy Grand Duos_Hosseini.xml,دوربین سامسونگ در Galaxy Grand یک دوربین 8 مگاپیکسلی قرار داده است.
11285,-,رزولوشن تصاویر 2448×3264 پیکسل می‌باشد و تصاویر گرفته شده با دوربین این گوشی کیفیت فوق‌العاده بالایی دارند.,2,data/extra/Samsung I9082 Galaxy Grand Duos_Hosseini.xml,رزولوشن تصاویر 2448×3264 پیکسل می‌باشد و تصاویر گرفته شده با دوربین این گوشی کیفیت فوق‌العاده بالایی دارند.
11287,-,به علاوه این گوشی می‌تواند با کیفیت Full HD 1080p فیلمبرداری کند.,0,data/extra/Samsung I9082 Galaxy Grand Duos_Hosseini.xml,به علاوه این گوشی می‌تواند با کیفیت Full HD 1080p فیلمبرداری کند.
11288,-,همانند عکس‌های گرفته شده، کیفیت فیلمبرداری این گوشی نیز بسیار خوب و رضایت بخش است.,2,data/extra/Samsung I9082 Galaxy Grand Duos_Hosseini.xml,همانند عکس‌های گرفته شده،  کیفیت فیلمبرداری این گوشی نیز بسیار خوب و رضایت بخش است.
11292,-,در ضمن، یک دوربین 2 مگاپیکسلی نیز برای انجام مکالمات تصویری وجود دارد که برای این منظور بسیار مناسب و با کیفیت است.,2,data/extra/Samsung I9082 Galaxy Grand Duos_Hosseini.xml,در ضمن، یک دوربین 2 مگاپیکسلی نیز برای انجام مکالمات تصویری وجود دارد که برای این منظور بسیار مناسب و با کیفیت است.
11293,-,از امکانات دوربین می‌توان به عکاسی پانوراما، قابلیت تشخیص چهره و لبخند، لرزش گیر دست و ثبت موقعیت مکانی و زمانی اشاره نمود.,1,data/extra/Samsung I9082 Galaxy Grand Duos_Hosseini.xml,از امکانات دوربین می‌توان به عکاسی پانوراما،  قابلیت تشخیص چهره و لبخند،  لرزش گیر دست و ثبت موقعیت مکانی و زمانی اشاره نمود.
11294,-,باتری باتری موجود بر روی این گوشی یک باتری لیتیوم یونی 2100 میلی آمپر-ساعتی است که برای یک گوشی در این سطح باتری نسبتا مناسبی است.,1,data/extra/Samsung I9082 Galaxy Grand Duos_Hosseini.xml,باتری باتری موجود بر روی این گوشی یک باتری لیتیوم یونی 2100 میلی آمپر-ساعتی است که برای یک گوشی در این سطح باتری نسبتا مناسبی است.
11295,-,با هر مرتبه شارژ باتری قادر خواهید بود تا بیش از 10 ساعت به صورت ممتد با آن مکالمه انجام دهید.,1,data/extra/Samsung I9082 Galaxy Grand Duos_Hosseini.xml,با هر مرتبه شارژ باتری قادر خواهید بود تا بیش از 10 ساعت به صورت ممتد با آن مکالمه انجام دهید.
11296,-,جمع بندی همان‌طور که گفتیم، سامسونگ برای در دست داشتن بازار به تولید مدل ارزان‌تر گوشی موفق خود یعنی گلکسی نوت دست زد و با تولید گلکسی گرند، آرزوی بسیاری برای داشتن یک گوشی بزرگ با قیمتی کمتر را بر آورده نمود.,1,data/extra/Samsung I9082 Galaxy Grand Duos_Hosseini.xml,جمع بندی همان‌طور که گفتیم،  سامسونگ برای در دست داشتن بازار به تولید مدل ارزان‌تر گوشی موفق خود یعنی گلکسی نوت دست زد و با تولید گلکسی گرند،  آرزوی بسیاری برای داشتن یک گوشی بزرگ با قیمتی کمتر را بر آورده نمود.
11297,-,از رزولوشن پایین صفحه نمایش که بگذریم، بقیه مشخصات این گوشی همگی رضایت بخش هستند.,1,data/extra/Samsung I9082 Galaxy Grand Duos_Hosseini.xml,از رزولوشن پایین صفحه نمایش که بگذریم،  بقیه مشخصات این گوشی همگی رضایت بخش هستند.
11298,-,البته به واقع رزولوشن صفحه نیز در کارهای عادی روزمره به چشم نمی‌آید و قابل گذشت است.,1,data/extra/Samsung I9082 Galaxy Grand Duos_Hosseini.xml,البته به واقع رزولوشن صفحه نیز در کارهای عادی روزمره به چشم نمی‌آید و قابل گذشت است.
11299,-,ولی به هر حال اگر به دنبال داشتن گوشی‌ای با صفحه نمایش بزرگ هستید، یا باید به سراغ گوشی‌های سطح بالای سامسونگ یا HTC بروید و مبلغ زیاد آن‌ها را بپردازید و یا باید به همین گزینه که تنها گزینه ارزان قیمت‌تر است اکتفا نمایید.,0,data/extra/Samsung I9082 Galaxy Grand Duos_Hosseini.xml,ولی به هر حال اگر به دنبال داشتن گوشی‌ای با صفحه نمایش بزرگ هستید،  یا باید به سراغ گوشی‌های سطح بالای سامسونگ یا HTC بروید و مبلغ زیاد آن‌ها را بپردازید و یا باید به همین گزینه که تنها گزینه ارزان قیمت‌تر است اکتفا نمایید.
11300,-,مخصوصا که در مدل دو سیم کارته، تا به این تاریخ این گوشی بی رقیب است.,1,data/extra/Samsung I9082 Galaxy Grand Duos_Hosseini.xml,مخصوصا که در مدل دو سیم کارته،  تا به این تاریخ این گوشی بی رقیب است.
11301,-,پس اگر به دنبال داشتن یک گوشی دو سیم کارته بزرگ هستید بدون شک Galaxy Grand Duos انتخاب شماست، نهایتا مدل تک سیم کارته آن هم برای طرفداران گوشی‌های بزرگ ولی با قیمت ارزان تر تولید شده است.,1,data/extra/Samsung I9082 Galaxy Grand Duos_Hosseini.xml,پس اگر به دنبال داشتن یک گوشی دو سیم کارته بزرگ هستید بدون شک Galaxy Grand Duos انتخاب شماست،  نهایتا مدل تک سیم کارته آن هم برای طرفداران گوشی‌های بزرگ ولی با قیمت ارزان تر تولید شده است.
11306,-,سیپیوشم اصلا کم نمیاره اونم با بازیهایی مثل modrn combat4 و..,1,data/extra/Samsung Galaxy Tab 2 10.1 P5100 - 16GB.xml,سيپيوشم اصلا کم نمياره اونم با بازيهايي مثل modrn combat4 و..
11309,-,تبلت خوبیه اما اگه یه کم بیشتر بودجه داشته باشین برین گلکسی 10 رو بگیرین خیلی بهتره,1,data/extra/Samsung Galaxy Tab 2 10.1 P5100 - 16GB.xml,تبلت خوبيه اما اگه يه کم بيشتر بودجه داشته باشين برين گلکسي 10 رو بگيرين خيلي بهتره
11311,-,حرف نداره.,1,data/extra/Samsung Galaxy Tab 2 10.1 P5100 - 16GB.xml,حرف نداره.
11312,-,هم شیکه هم کار راه انداز.,1,data/extra/Samsung Galaxy Tab 2 10.1 P5100 - 16GB.xml,هم شيکه هم کار راه انداز.
11313,-,تبلت بسیار خوبیه با اینکه دوربینش ضعیف تره اما کارایی زیادی داره.,1,data/extra/Samsung Galaxy Tab 2 10.1 P5100 - 16GB.xml,تبلت بسيار خوبيه با اينکه دوربينش ضعيف تره اما کارايي زيادي داره.
11317,-,بلوتوث .,0,data/extra/Samsung Galaxy Tab 2 10.1 P5100 - 16GB.xml,بلوتوث .
11318,-,ویدئو .,0,data/extra/Samsung Galaxy Tab 2 10.1 P5100 - 16GB.xml,ويدئو .
11323,-,باسلام من تبلت اپل هم داشته ام اما تبلت سامسونگ با سیستم عامل اندروید عالیه چون این سیستم عامل کارایی سریع و آسان را در اختیار ما گذاشته ریختن نرم افزارها راحت و سریع بوده این تبلت برای مطالعه عالیست,2,data/extra/Samsung Galaxy Tab 2 10.1 P5100 - 16GB.xml,باسلام من تبلت اپل هم داشته ام اما تبلت سامسونگ با سيستم عامل اندرويد عاليه چون اين سيستم عامل کارايي سريع و آسان را در اختيار ما گذاشته ريختن نرم افزارها راحت و سريع بوده اين تبلت براي مطالعه عاليست
11325,-,من آدم سخت گیر و نکته سنجی در مورد خرید وسایل مورد نیازم هستم، شاید دوربین این دستگاه در نور کم عملکرد خوبی نداشته باشه ولی در نور روز عالیه و این موضوع در برابر تمام خوبی هایش به هیچ وجه چیز مهمی نیست.,1,data/extra/Samsung Galaxy Tab 2 10.1 P5100 - 16GB.xml,من آدم سخت گير و نکته سنجي در مورد خريد وسايل مورد نيازم هستم،  شايد دوربين اين دستگاه در نور کم عملکرد خوبي نداشته باشه ولي در نور روز عاليه و اين موضوع در برابر تمام خوبي هايش به هيچ وجه چيز مهمي نيست.
11326,-,چیزی وجود نداره که بخواهید و در این دستگاه نباشه.,1,data/extra/Samsung Galaxy Tab 2 10.1 P5100 - 16GB.xml,چيزي وجود نداره که بخواهيد و در اين دستگاه نباشه.
11328,-,اگر هم بگید راه اندازی و نرم افزارشو نمی خواین اونوقت بهتون نمی فروشن پس گول قیمتهای کم بازار رو نخورید),0,data/extra/Samsung Galaxy Tab 2 10.1 P5100 - 16GB.xml,اگر هم بگيد راه اندازي و نرم افزارشو نمي خواين اونوقت بهتون نمي فروشن پس گول قيمتهاي کم بازار رو نخوريد)
11329,-,انصافآ تبلت خوبیه.,1,data/extra/Samsung Galaxy Tab 2 10.1 P5100 - 16GB.xml,انصافآ تبلت خوبيه.
11333,-,سامسونگ با این روند یکه تاز عرصه دیجیتال خواهد شد,1,data/extra/Samsung Galaxy Tab 2 10.1 P5100 - 16GB.xml,سامسونگ با اين روند يکه تاز عرصه ديجيتال خواهد شد
11377,-,اگر نگم از کانن بهتره باید گفت چیزی هم کم نداره.,1,data/extra/Sony Cyber-Shot DSC-HX10V.xml,اگر نگم از کانن بهتره بايد گفت چيزي هم کم نداره.
11379,-,تنها ایرادش (البته اگر بشه گفت ایراد!,0,data/extra/Sony Cyber-Shot DSC-HX10V.xml,تنها ايرادش (البته اگر بشه گفت ايراد!
11382,-,"بنظرم با توجه به امکانات و داشتن لنز سری G و برند معتبرش واقعا"" ارزش خریدو داره .",1,data/extra/Sony Cyber-Shot DSC-HX10V.xml,"بنظرم با توجه به امکانات و داشتن لنز سري G و برند معتبرش واقعا"" ارزش خريدو داره ."
11386,-,حتی در زوم های بالا هم کیفیت عکس ها کاملا حفظ میشن.,1,data/extra/Sony Cyber-Shot DSC-HX10V.xml,حتي در زوم هاي بالا هم کيفيت عکس ها کاملا حفظ ميشن.
11388,-,در کل در خرید این دوربین شک نکنید.,1,data/extra/Sony Cyber-Shot DSC-HX10V.xml,در کل در خريد اين دوربين شک نکنيد.
11390,-,دوربین های سونی واقعا عالیه,2,data/extra/Sony Cyber-Shot DSC-HX10V.xml,دوربين هاي سوني واقعا عاليه
11391,-,یک دوربین عالی برای خانواده ها که هیچ کمبودی در اون احساس نمیشه عکس خوب، فیلم خوب، باطری خوب، فلاش خوب، امکانات خوب و ..,2,data/extra/Sony Cyber-Shot DSC-HX10V.xml,يک دوربين عالي براي خانواده ها که هيچ کمبودي در اون احساس نميشه عکس خوب، فيلم خوب، باطري خوب، فلاش خوب، امکانات خوب و ..
11393,-,از دیجی کالا هم تشکر می کنم که مشتری مداری را محور فعالیت خودش قرار داده و یقین دارم هروز بهتر از دیروز خواهد بود,1,data/extra/Sony Cyber-Shot DSC-HX10V.xml,از ديجي کالا هم تشکر مي کنم که مشتري مداري را محور فعاليت خودش قرار داده و يقين دارم هروز بهتر از ديروز خواهد بود
11394,-,این دوربین از یک هندی کم سونی با قیمت خیلی بالاتر چیزی کم نداره هم عکس خوبی میگیره و هم فیلم عالی حتی زوم اپتیکالش هم از هندی کم ها بیشتره,2,data/extra/Sony Cyber-Shot DSC-HX10V.xml,اين دوربين از يک هندي کم سوني با قيمت خيلي بالاتر چيزي کم نداره هم عکس خوبي ميگيره و هم فيلم عالي حتي زوم اپتيکالش هم از هندي کم ها بيشتره
11397,-,این دوربین چهارمین دوربینیه که من از این سایت برای خودم و آشنایانم میگیرم.,0,data/extra/Sony Cyber-Shot DSC-HX10V.xml,اين دوربين چهارمين دوربينيه که من از اين سايت براي خودم و آشنايانم ميگيرم.
11401,-,تنها ایرادی که میتونم ازش بگیرم محل قرار گرفتن فلاششه که مزاحم انگشت اشاره دست چپه.,-1,data/extra/Sony Cyber-Shot DSC-HX10V.xml,تنها ايرادي که ميتونم ازش بگيرم محل قرار گرفتن فلاششه که مزاحم انگشت اشاره دست چپه.
11402,-,فقط همین!,0,data/extra/Sony Cyber-Shot DSC-HX10V.xml,فقط همين!
11403,-,دوربین های سونی واقعا عالیه مخصوصا این مدل,2,data/extra/Sony Cyber-Shot DSC-HX10V.xml,دوربين هاي سوني واقعا عاليه مخصوصا اين مدل
11405,-,با خیلی ها مقایسه کردم بهتر بود,1,data/extra/Sony Cyber-Shot DSC-HX10V.xml,با خيلي ها مقايسه کردم بهتر بود
11407,-,"تبریک به تمام کسانی که دوربین sony hx10 دارن این دوربین یه مزیت خیلی بزرگ نسبت به hx20,30 داره که لنز این دوربین 24 میلی متری هستش .",1,data/extra/Sony Cyber-Shot DSC-HX10V.xml,"تبريک به تمام کساني که دوربين sony hx10 دارن اين دوربين يه مزيت خيلي بزرگ نسبت به hx20,30 داره که لنز اين دوربين 24 ميلي متري هستش ."
11413,-,عکس های فوق العاده فلش عالی عکس 3 بعدی و فیلم برداری معرکه ای داره,2,data/extra/Sony Cyber-Shot DSC-HX10V.xml,عکس هاي فوق العاده فلش عالي عکس 3 بعدي و فيلم برداري معرکه اي داره
11438,-,این دوربین فلاش Pgr-up هم دارد که بردی برابر 5.3 متر را ارائه می‌دهد.,0,data/extra/Sony Cyber-Shot DSC-HX10V.xml,این دوربین فلاش Pgr-up هم دارد که بردی برابر 5.3 متر را ارائه می‌دهد.
11527,-,پیش از اینکه وارد مسائل تکنیکی بشویم، بهتر است که نگاهی به طراحی و زیبایی شناسی این نوت‌بوک بیندازیم.,0,data/extra/Asus N43SM-C_Hosseini.xml,پیش از اینکه وارد مسائل تکنیکی بشویم، بهتر است که نگاهی به طراحی و زیبایی شناسی این نوت‌بوک بیندازیم.
11528,-,از نگاه نخست، معلوم است که N43SM نوت‌بوکی زیباست که ایسوز به طراحی آن اهمیت زیادی داده است.,1,data/extra/Asus N43SM-C_Hosseini.xml,از نگاه نخست، معلوم است که N43SM نوت‌بوکی زیباست که ایسوز به طراحی آن اهمیت زیادی داده است.
11529,-,طراحی این نوت‌بوک کاملا زیبا و جذاب می‌باشد.,2,data/extra/Asus N43SM-C_Hosseini.xml,طراحی این نوت‌بوک کاملاً زیبا و جذاب می‌باشد.
11530,-,قسمت پشت نمایشگر از جنس آلومینیوم خش‌دار و به رنگ نقره‌ای ساخته شده و دیگر قسمت‌ها‌ی بدنه نیز ترکیب رنگی زیبایی از سایه‌ها‌ی مشکی دارند.,1,data/extra/Asus N43SM-C_Hosseini.xml,قسمت پشت نمایشگر از جنس آلومینیوم خش‌دار و به رنگ نقره‌ای ساخته شده و دیگر قسمت‌ها‌ی بدنه نیز ترکیب رنگی زیبایی از سایه‌ها‌ی مشکی دارند.
11531,-,این در حالی است که قسمت استراحت مچ نیز از فلز برس شده، یا همان فلز خش‌دار ساخته شده است.,0,data/extra/Asus N43SM-C_Hosseini.xml,این در حالی است که قسمت استراحت مچ نیز از فلز برس شده، یا همان فلز خش‌دار ساخته شده است.
11533,-,برخلاف بسیاری از نوت‌بوک‌های دیگر ایسوز، صفحه کلید این یکی از نوت Chiclet با کلیدهای جداگانه و جزیره‌ای بر روی شاسی نیست.,0,data/extra/Asus N43SM-C_Hosseini.xml,برخلاف بسیاری از نوت‌بوک‌های دیگر ایسوز، صفحه کلید این یکی از نوت Chiclet با کلیدهای جداگانه و جزیره‌ای بر روی شاسی نیست.
11534,-,کلیدها کاملا تخت هستند و فاصله‌ی نسبتا کمی از یکدیگر دارند.,0,data/extra/Asus N43SM-C_Hosseini.xml,کلیدها کاملاً تخت هستند و فاصله‌ی نسبتاً کمی از یکدیگر دارند.
11535,-,هرچند که این مسئله و نداشتن صفحه کلید عددی در قسمت سمت راست؛ سبب شده است که کلیدها به صورت جداگانه کاملا بزرگ ساخته شوند.,0,data/extra/Asus N43SM-C_Hosseini.xml,هرچند که این مسئله و نداشتن صفحه کلید عددی در قسمت سمت راست؛ سبب شده است که کلیدها به صورت جداگانه کاملاً بزرگ ساخته شوند.
11537,-,تاچ‌پد N43SM با سایزی استاندارد ساخته شده و از نظر طراحی و عملکرد مشکل خاصی در آن به نظر نمی‌رسد.,1,data/extra/Asus N43SM-C_Hosseini.xml,تاچ‌پد N43SM با سایزی استاندارد ساخته شده و از نظر طراحی و عملکرد مشکل خاصی در آن به نظر نمی‌رسد.
11538,-,قدرت واقعی N43SM در زیر بدنه‌ی آن قرار دارد.,0,data/extra/Asus N43SM-C_Hosseini.xml,قدرت واقعی N43SM در زیر بدنه‌ی آن قرار دارد.
11539,-,در کانفیگ‌ها‌ی مختلف آن، سخت افزارهای قدرتمندی قرار گرفته است تا بدین ترتیب با یک نوت‌بوک کاملا سریع و کارآمد مواجه باشید.,2,data/extra/Asus N43SM-C_Hosseini.xml,در کانفیگ‌ها‌ی مختلف آن،  سخت افزارهای قدرتمندی قرار گرفته است تا بدین ترتیب با یک نوت‌بوک کاملاً سریع و کارآمد مواجه باشید.
11540,-,همانطور که گفتیم، N43SM مجهز به پردازنده‌ها‌ی نسل دوم Corei شرکت اینتل، مشهور به Sandy Bridge ساخته شده است.,0,data/extra/Asus N43SM-C_Hosseini.xml,همانطور که گفتیم،  N43SM مجهز به پردازنده‌ها‌ی نسل دوم Corei شرکت اینتل،  مشهور به Sandy Bridge ساخته شده است.
11541,-,شما می‌توانید کانفیگ‌هایی با پردازنده‌ها‌ی Corei3، Corei5 یا Corei7 را انتخاب کنید.,0,data/extra/Asus N43SM-C_Hosseini.xml,شما می‌توانید کانفیگ‌هایی با پردازنده‌ها‌ی Corei3،  Corei5 یا Corei7 را انتخاب کنید.
11542,-,پردازنده‌هایی ذاتا 2 هسته‌ای و 4 هسته‌ای که با انجام عمل Hyper Threading توانایی دو برابر کردن هسته‌ها‌ی خود از طریق ساختن هسته‌ها‌ی مجازی را دارند.,1,data/extra/Asus N43SM-C_Hosseini.xml,پردازنده‌هایی ذاتا 2 هسته‌ای و 4 هسته‌ای که با انجام عمل Hyper Threading توانایی دو برابر کردن هسته‌ها‌ی خود از طریق ساختن هسته‌ها‌ی مجازی را دارند.
11543,-,این در حالی است که می‌توانید کانفیگ‌هایی با حافظه‌ی RAM تا 8 گیگابایت را نیز انتخاب نمایید.,0,data/extra/Asus N43SM-C_Hosseini.xml,این در حالی است که می‌توانید کانفیگ‌هایی با حافظه‌ی RAM تا 8 گیگابایت را نیز انتخاب نمایید.
11544,-,اما ویژگی مشترک بین همه‌ی کانفیگ‌ها‌ی این نوت‌بوک، بهره‌گیری از کارت گرافیکی مستقل با ظرفیت حافظه‌ی 2 گیگابایت است.,1,data/extra/Asus N43SM-C_Hosseini.xml,اما ویژگی مشترک بین همه‌ی کانفیگ‌ها‌ی این نوت‌بوک، بهره‌گیری از کارت گرافیکی مستقل با ظرفیت حافظه‌ی 2 گیگابایت است.
11545,-,به کمک این کارت گرافیکی، نوت‌بوک شما به راحتی می‌تواند نوت‌بوکی مناسب برای انجام بازی‌ها‌ی رایانه‌ای و اجرای برنامه‌ها‌ی سنگین گرافیکی باشد.,1,data/extra/Asus N43SM-C_Hosseini.xml,به کمک این کارت گرافیکی، نوت‌بوک شما به راحتی می‌تواند نوت‌بوکی مناسب برای انجام بازی‌ها‌ی رایانه‌ای و اجرای برنامه‌ها‌ی سنگین گرافیکی باشد.
11546,-,این در حالی است که این کارت گرافیکی از فن‌آوری NVIDIA Optimus نیز بهره می‌برد.,1,data/extra/Asus N43SM-C_Hosseini.xml,این در حالی است که این کارت گرافیکی از فن‌آوری NVIDIA Optimus نیز بهره می‌برد.
11549,-,اما در تست‌ها‌ی مصرف باتری که انجام دادیم، در دو تست استرس زیاد و استفاده‌ی معمولی، ما به ترتیب توانستیم شارژدهی 2 ساعت و 30 دقیقه و 5 ساعت و 30 دقیقه را از آن شاهد باشیم.,0,data/extra/Asus N43SM-C_Hosseini.xml,اما در تست‌ها‌ی مصرف باتری که انجام دادیم،  در دو تست استرس زیاد و استفاده‌ی معمولی،  ما به ترتیب توانستیم شارژدهی 2 ساعت و 30 دقیقه و 5 ساعت و 30 دقیقه را از آن شاهد باشیم.
11550,-,البته شارژدهی نسبتا خوبی می‌باشد.,1,data/extra/Asus N43SM-C_Hosseini.xml,البته شارژدهی نسبتاً خوبی می‌باشد.
11553,-,این پورت سرعت انتقال داده‌ها‌ی به مراتب بالاتری را نسبت به پورت‌ها‌ی USB 2.0 فراهم می‌آورد.,1,data/extra/Asus N43SM-C_Hosseini.xml,این پورت سرعت انتقال داده‌ها‌ی به مراتب بالاتری را نسبت به پورت‌ها‌ی USB 2.0 فراهم می‌آورد.
11554,-,این نوت‌بوک از پورت HDMI برای اتصال آن به HDTV هم بهره می‌برد.,0,data/extra/Asus N43SM-C_Hosseini.xml,این نوت‌بوک از پورت HDMI برای اتصال آن به HDTV هم بهره می‌برد.
11555,-,این نوت‌بوک از نمایشگر 14.1 اینچی LED با رزولوشن 768 × 1366 پیکسل و نسبت تصویر 16:9 بهره می‌برد.,0,data/extra/Asus N43SM-C_Hosseini.xml,این نوت‌بوک از نمایشگر 14.1 اینچی LED با رزولوشن 768 × 1366 پیکسل و نسبت تصویر 16:9 بهره می‌برد.
11556,-,در کل نمایشگر تصاویر را خیلی شارپ و شفاف نشان می‌دهد.,2,data/extra/Asus N43SM-C_Hosseini.xml,در کل نمایشگر تصاویر را خیلی شارپ و شفاف نشان می‌دهد.
11557,-,حتی در زیر نور آفتاب هم تصویر کاملا واضح می‌باشد.,2,data/extra/Asus N43SM-C_Hosseini.xml,حتی در زیر نور آفتاب هم تصویر کاملاً واضح می‌باشد.
11558,-,همانطور که گفتیم، بر روی این نوت‌بوک از فن‌آوری Video Magic Image Enhancement استفاده شده است.,0,data/extra/Asus N43SM-C_Hosseini.xml,همانطور که گفتیم، بر روی این نوت‌بوک از فن‌آوری Video Magic Image Enhancement استفاده شده است.
11559,-,به کمک این فن‌آوری، کیفیت به FullHD 1080p با سرعت 72 فریم بر ثانیه افزایش پیدا می‌کند و شفافیت رنگ‌ها نیز بیشتر می‌شود.,1,data/extra/Asus N43SM-C_Hosseini.xml,به کمک این فن‌آوری، کیفیت به FullHD 1080p با سرعت 72 فریم بر ثانیه افزایش پیدا می‌کند و شفافیت رنگ‌ها نیز بیشتر می‌شود.
11561,-,حتی صدای اسپیکرهای این نوت‌بوک نیز ما را تحت تاثیر خود قرار داد.,1,data/extra/Asus N43SM-C_Hosseini.xml,حتی صدای اسپیکرهای این نوت‌بوک نیز ما را تحت تاثیر خود قرار داد.
11562,-,اسپیکرهای این نوت‌بوک بزرگتر از اسپیکرهای معمولی موجود بر روی نوت‌بوک‌ها هستند و در زیر نمایشگر قرار گرفته‌اند.,0,data/extra/Asus N43SM-C_Hosseini.xml,اسپیکرهای این نوت‌بوک بزرگتر از اسپیکرهای معمولی موجود بر روی نوت‌بوک‌ها هستند و در زیر نمایشگر قرار گرفته‌اند.
11563,-,این اسپیکرها به راحتی می‌توانند صدایی با کیفیت تر و بلندتر از متوسط نوت‌بوک‌ها‌ی همرده تولید کنند.,2,data/extra/Asus N43SM-C_Hosseini.xml,این اسپیکرها به راحتی می‌توانند صدایی با کیفیت تر و بلندتر از متوسط نوت‌بوک‌ها‌ی همرده تولید کنند.
11564,-,در ساخت سیستم صوتی این نوت‌بوک از فن‌آوری استفاده شده که ایسوز از آن به نام Sonic Master یاد می‌کند.,0,data/extra/Asus N43SM-C_Hosseini.xml,در ساخت سیستم صوتی این نوت‌بوک از فن‌آوری استفاده شده که ایسوز از آن به نام Sonic Master یاد می‌کند.
11565,-,بنابراین به کمک اسپیکرهای خیلی خوب و نمایشگر با کیفیت، به راحتی می‌توانید با جمع دوستان به تماشای فیلم با N43SM بنشینید و یا به موسیقی گوش دهید.,2,data/extra/Asus N43SM-C_Hosseini.xml,بنابراین به کمک اسپیکرهای خیلی خوب و نمایشگر با کیفیت، به راحتی می‌توانید با جمع دوستان به تماشای فیلم با N43SM بنشینید و یا به موسیقی گوش دهید.
11566,-,در کل باید گفت که N43SM نوت‌بوک بسیار خوب و خوش ساختی است.,2,data/extra/Asus N43SM-C_Hosseini.xml,در کل باید گفت که N43SM نوت‌بوک بسیار خوب و خوش ساختی است.
11567,-,علاوه بر اینکه از طراحی زیبا و آرگونومیک بهره می‌برد، مجهز به پردازنده‌ها‌ی Corei شرکت اینتل و کارت گرافیکی Nvidia GeForce 630M شده است و در کل، کانفیگ‌ها‌ی قدرتمندی دارد.,2,data/extra/Asus N43SM-C_Hosseini.xml,علاوه بر اینکه از طراحی زیبا و آرگونومیک بهره می‌برد،  مجهز به پردازنده‌ها‌ی Corei شرکت اینتل و کارت گرافیکی Nvidia GeForce 630M شده است و در کل،  کانفیگ‌ها‌ی قدرتمندی دارد.
11568,-,همچنین همانطور که گفتیم، نمایشگر و اسپیکرهای بسیار عالی نیز دارد.,2,data/extra/Asus N43SM-C_Hosseini.xml,همچنین همانطور که گفتیم، نمایشگر و اسپیکرهای بسیار عالی نیز دارد.
11569,-,به علاوه از پورت USB 3.0 هم بهره می‌برد.,0,data/extra/Asus N43SM-C_Hosseini.xml,به علاوه از پورت USB 3.0 هم بهره می‌برد.
11570,-,هرچند که به عنوان یک نوت‌بوک مالتی‌مدیا، انتظار دیدن بعضی پورت‌ها‌ی دیگر را نیز (علاوه بر HDMI که بر روی آن وجود دارد) داشتیم.,0,data/extra/Asus N43SM-C_Hosseini.xml,هرچند که به عنوان یک نوت‌بوک مالتی‌مدیا،  انتظار دیدن بعضی پورت‌ها‌ی دیگر را نیز (علاوه بر HDMI که بر روی آن وجود دارد) داشتیم.
11571,-,بنابراین اگر به دنبال یک نوت‌بوک مالتی مدیا 14 اینچی خیلی خوب هستید، N43SM گزینه‌ی خیلی خوبی است.,2,data/extra/Asus N43SM-C_Hosseini.xml,بنابراین اگر به دنبال یک نوت‌بوک مالتی مدیا 14 اینچی خیلی خوب هستید،  N43SM گزینه‌ی خیلی خوبی است.
11574,-,رزولوشن اپتیکال این اسکنر، 1200X1200dpi و نسبتا کم می‌باشد.,-1,data/extra/HP Scanjet G2410_Hosseini.xml,رزولوشن اپتیکال این اسکنر،  1200X1200dpi و نسبتا کم می‌باشد.
11575,-,همچنین اینکه برای اسکن یک عکس 6X4 به بیش از یک دقیقه زمان احتیاج دارد که یکی از کند ترین اسکنرهایی می‌باشد که تا به حال دیده ایم.,-2,data/extra/HP Scanjet G2410_Hosseini.xml,همچنین اینکه برای اسکن یک عکس 6X4 به بیش از یک دقیقه زمان احتیاج دارد که یکی از کند ترین اسکنرهایی می‌باشد که تا به حال دیده ایم.
11576,-,با این حال از نرم افزار OCR کاملا شگفت زده شدیم به صورتی که با موفقیت توانست یک سند A4 را به فایل متنی تبدیل کند.,1,data/extra/HP Scanjet G2410_Hosseini.xml,با این حال از نرم افزار OCR کاملا شگفت زده شدیم به صورتی که با موفقیت توانست یک سند A4 را به فایل متنی تبدیل کند.
11577,-,برای اسکن عکس نیز چندان دقت رنگی بالایی ندارد و رزولوشن پایین نیز باعث می‌شود که جزئیات را خیلی عالی ثبت نکند ولی به هر صورت اسکنری ارزان قیمت است.,-1,data/extra/HP Scanjet G2410_Hosseini.xml,برای اسکن عکس نیز چندان دقت رنگی بالایی ندارد و رزولوشن پایین نیز باعث می‌شود که جزئیات را خیلی عالی ثبت نکند ولی به هر صورت اسکنری ارزان قیمت است.
11759,-,من تازه این هاردو خریدم واقعا پرسرعته و حرف نداره.,2,data/extra/Western Digital Portable My Passport - 1TB.xml,من تازه اين هاردو خريدم واقعاً پرسرعته و حرف نداره.
11799,-,هارد واقعا عالیه از کف دست کوچیکتر و با کارایی و سرعت بالا.,2,data/extra/Western Digital Portable My Passport - 1TB.xml,هارد واقعاً عاليه از کف دست کوچيکتر و با کارايي و سرعت بالا.
11816,-,سلام دوستان من این تبلتو یک هفته ای هست که از دیجی کالا خریدم اولا باید تشکر ویژه ای داشته باشم از این مرکز خرید بعدشم باید در مورد این تبلت بگم که معرکه هست عالیه,2,data/extra/Huawei MediaPad 10 FHD - 16GB.xml,سلام دوستان من اين تبلتو يک هفته اي هست که از ديجي کالا خريدم اولا بايد تشکر ويژه اي داشته باشم از اين مرکز خريد بعدشم بايد در مورد اين تبلت بگم که معرکه هست عاليه
11818,-,من این تبلت رو از طریق همین سایت خریدم.,0,data/extra/Huawei MediaPad 10 FHD - 16GB.xml,من اين تبلت رو از طريق همين سايت خريدم.
11819,-,صفحه نمایشش زیر نور اصلا معلوم نیست باتریش هم ضعیفه موقع مرور اینترنت هم یه ذره گیر میکنه صدای اسپیکرهاش هم ضعیف ولی با کیفیته.,-1,data/extra/Huawei MediaPad 10 FHD - 16GB.xml,صفحه نمايشش زير نور اصلاً معلوم نيست باتريش هم ضعيفه موقع مرور اينترنت هم يه ذره گير ميکنه صداي اسپيکرهاش هم ضعيف ولي با کيفيته.
11820,-,در عوض بی نهایت زیباست کیفیت دوربینش هم خوبه,2,data/extra/Huawei MediaPad 10 FHD - 16GB.xml,در عوض بي نهايت زيباست کيفيت دوربينش هم خوبه
11825,-,سلام دوستان من این تبلت رو امروز گرفتم خیلی عالیه.,2,data/extra/Huawei MediaPad 10 FHD - 16GB.xml,سلام دوستان من اين تبلت رو امروز گرفتم خيلي عاليه.
11826,-,cpu چهار هسته ای با 1.4 گیگاهرتز و رم 2 گیگا بایت خیلی عالی هیچ ضعفی در اون ندیدم,2,data/extra/Huawei MediaPad 10 FHD - 16GB.xml,cpu چهار هسته اي با 1.4 گيگاهرتز و رم 2 گيگا بايت خيلي عالي هيچ ضعفي در اون نديدم
11827,-,من این تبلتو دارم.,0,data/extra/Huawei MediaPad 10 FHD - 16GB.xml,من اين تبلتو دارم.
11828,-,از لحاظ باتری واقعا عالیه.,2,data/extra/Huawei MediaPad 10 FHD - 16GB.xml,از لحاظ باتري واقعا عاليه.
11829,-,نمیدونم چرا باتریش جزو نقاط ضعفش اومده.,0,data/extra/Huawei MediaPad 10 FHD - 16GB.xml,نميدونم چرا باتريش جزو نقاط ضعفش اومده.
11830,-,نسبت به سامسونگهای همرده یه سر و گردن بالاتره و وای فای خیلی قوی داره.,2,data/extra/Huawei MediaPad 10 FHD - 16GB.xml,نسبت به سامسونگهاي همرده يه سر و گردن بالاتره و واي فاي خيلي قوي داره.
11833,-,سلام دوستان من این تبلتو امروز خریدم فعلا نظری ندارم فقط از دیجی کالا ممنونم چون خیلی سریع یعنی 1 روزه رسوندش اراک,1,data/extra/Huawei MediaPad 10 FHD - 16GB.xml,سلام دوستان من اين تبلتو امروز خريدم فعلا نظري ندارم فقط از ديجي کالا ممنونم چون خيلي سريع يعني 1 روزه رسوندش اراک
11834,-,منم یه هفته ست این تبلت رو از دیجی کالا گرفتم.,0,data/extra/Huawei MediaPad 10 FHD - 16GB.xml,منم يه هفته ست اين تبلت رو از ديجي کالا گرفتم.
11838,-,من 2 هفته ای هست که این تبلت رو گرفتم فقط یه چیز در مورد این تبلت میگم و اون هم کلمه عالی منظورم از همه لحاظه اونایی که تبلتی میخوان که از سامسونگ بهتره باشه و قیمت مناسبتری داشته باشه تو خرید این تبلت شک نکنن .,2,data/extra/Huawei MediaPad 10 FHD - 16GB.xml,من 2 هفته اي هست که اين تبلت رو گرفتم فقط يه چيز در مورد اين تبلت ميگم و اون هم کلمه عالي منظورم از همه لحاظه اونايي که تبلتي ميخوان که از سامسونگ بهتره باشه و قيمت مناسبتري داشته باشه تو خريد اين تبلت شک نکنن .
11839,-,با سلام به همه عاشقان تکنولوژی.,0,data/extra/Huawei MediaPad 10 FHD - 16GB.xml,با سلام به همه عاشقان تکنولوژي.
11840,-,من از این تبلت خریدم مهمترین نکته اینکه از نظر من باطریش ضعیف است بعد یک ماه استفاده از این تبلت و مقایسه آن با تبلت رفقا پیشنهاد میکنم این تبلت نخرید cpu آن فقط اسمش چهار هسته ای و به نسبت ایسوس و سامسونگ واقعا ضعیف است عرایض بنده را فقط وقتی متوجه میشوید که در عمل کارایی این تبلت با یکی دو برند معتبر مقایسه کنید به هر حال انتخاب با خودتونه شاید بهتر باشه کمی صبر کنید و یه تبلت بهتر بخرید.,-2,data/extra/Huawei MediaPad 10 FHD - 16GB.xml,من از اين تبلت خريدم مهمترين نکته اينکه از نظر من باطريش ضعيف است بعد يک ماه استفاده از اين تبلت و مقايسه آن با تبلت رفقا پيشنهاد ميکنم اين تبلت نخريد cpu آن فقط اسمش چهار هسته اي و به نسبت ايسوس و سامسونگ واقعا ضعيف است عرايض بنده را فقط وقتي متوجه ميشويد که در عمل کارايي اين تبلت با يکي دو برند معتبر مقايسه کنيد به هر حال انتخاب با خودتونه شايد بهتر باشه کمي صبر کنيد و يه تبلت بهتر بخريد.
11841,-,دوستان من تا حالا با تبلت های زیادی کار کردم .,0,data/extra/Huawei MediaPad 10 FHD - 16GB.xml,دوستان من تا حالا با تبلت هاي زيادي کار کردم .
11842,-,این تبلت خیلی عالیه و رقباش ایپد و نوت ١٠ و البته تو بیشتر موارد از نوت بهتره و کاملا ارزش خریدنو داره .,2,data/extra/Huawei MediaPad 10 FHD - 16GB.xml,اين تبلت خيلي عاليه و رقباش ايپد و نوت ١٠ و البته تو بيشتر موارد از نوت بهتره و کاملا ارزش خريدنو داره .
11843,-,و البته یه عیب کوچولو هم داره که اونم کاهش جزئی فریم هنگام باز کردن بازی هایی مثل most wantedو.,-1,data/extra/Huawei MediaPad 10 FHD - 16GB.xml,و البته يه عيب کوچولو هم داره که اونم کاهش جزئي فريم هنگام باز کردن بازي هايي مثل most wantedو.
11845,-,و در اخر بگم تا تاریخ ثبت این نظر هیچ تبلتی از مدیاپد ارزش خرید بیشتری نداره.,1,data/extra/Huawei MediaPad 10 FHD - 16GB.xml,و در اخر بگم تا تاريخ ثبت اين نظر هيچ تبلتي از مدياپد ارزش خريد بيشتري نداره.
11846,-,سلام دوستان این بهترین تبلت توی این رنج قیمت هست و با امکانات عالیش مثل:پردازنده 4هسته با فرکانس 1.4 و رم 2 گیگ و صفحه نمایش فول اچ دی و دوربین قدرتمند با سنسور 8 مگا و قابلیت فیلم برداری فول اچ دی با 30 فریم بر ثانیه واقعا ارزش خرید بسیار بالایی داره من که به زودی می خرمش,2,data/extra/Huawei MediaPad 10 FHD - 16GB.xml,سلام دوستان اين بهترين تبلت توي اين رنج قيمت هست و با امکانات عاليش مثل:پردازنده 4هسته با فرکانس 1.4 و رم 2 گيگ و صفحه نمايش فول اچ دي و دوربين قدرتمند با سنسور 8 مگا و قابليت فيلم برداري فول اچ دي با 30 فريم بر ثانيه واقعا ارزش خريد بسيار بالايي داره من که به زودي مي خرمش
12038,-,پیش از توضیح درباره ی P7700، بهتر است مطلبی را بیان کنیم.,0,data/extra/Nikon Coolpix P7700_Hosseini.xml,پیش از توضیح درباره ی P7700،  بهتر است مطلبی را بیان کنیم.
12039,-,دوربین هایی مثل P7700 و مدل های پیشینش و همچنین در برند کانن، دوربین هایی مثل G1x، G12 و دیگر مدل های سری G اساسا دوربین های کامپکت خوانده می شوند.,0,data/extra/Nikon Coolpix P7700_Hosseini.xml,دوربین هایی مثل P7700 و مدل های پیشینش و همچنین در برند کانن،  دوربین هایی مثل G1x،  G12 و دیگر مدل های سری G اساسا دوربین های کامپکت خوانده می شوند.
12040,-,با این حال اصلا از نظر جثه و امکانات نمی توان آن ها را مثلا با دوربین های کامپکتی چون سری Ixus کانن یا دوربین هایی چون نیکون S9300 و حتی پاورشات SX260 HS مقایسه کرد.,0,data/extra/Nikon Coolpix P7700_Hosseini.xml,با این حال اصلا از نظر جثه و امکانات نمی توان آن ها را مثلا با دوربین های کامپکتی چون سری Ixus کانن یا دوربین هایی چون نیکون S9300 و حتی پاورشات SX260 HS مقایسه کرد.
12041,-,اصطلاحا به دوربین هایی چون P7700 دوربین های کامپکت High End گفته می شود و مشخصه ی آن ها نیز بدنه ی بزرگ فلزی، بهره گیری از بهترین امکانات و ویژگی ها و البته تا حد ممکن تولید عکس هایی برتر است.,1,data/extra/Nikon Coolpix P7700_Hosseini.xml,اصطلاحا به دوربین هایی چون P7700 دوربین های کامپکت High End گفته می شود و مشخصه ی آن ها نیز بدنه ی بزرگ فلزی،  بهره گیری از بهترین امکانات و ویژگی ها و البته تا حد ممکن تولید عکس هایی برتر است.
12042,-,دوربینی مثل P7700 اصلا چیزی نیست که بتوان آن را در جیب های کوچکتر جای داد.,0,data/extra/Nikon Coolpix P7700_Hosseini.xml,دوربینی مثل P7700 اصلا چیزی نیست که بتوان آن را در جیب های کوچکتر جای داد.
12043,-,P7700 تقریبا همان ابعاد و وزن P7100 را حفظ کرده است و کاملا از G1x سبک تر می باشد.,0,data/extra/Nikon Coolpix P7700_Hosseini.xml,P7700 تقریبا همان ابعاد و وزن P7100 را حفظ کرده است و کاملا از G1x سبک تر می باشد.
12044,-,به محض قرار دادن این دو در کنار یکدیگر نخستین چیزی که متوجه آن می شوید، فقدان پنجره ی چشمی اپتیکال در مدل جدیدتر است.,-1,data/extra/Nikon Coolpix P7700_Hosseini.xml,به محض قرار دادن این دو در کنار یکدیگر نخستین چیزی که متوجه آن می شوید،  فقدان پنجره ی چشمی اپتیکال در مدل جدیدتر است.
12045,-,در حالی که چشمی اپتیکال بر روی دو مدل پیشین وجود داشت، این بار نیکون تصمیم گرفته که آن را از روی P7700 حذف کند.,0,data/extra/Nikon Coolpix P7700_Hosseini.xml,در حالی که چشمی اپتیکال بر روی دو مدل پیشین وجود داشت،  این بار نیکون تصمیم گرفته که آن را از روی P7700 حذف کند.
12046,-,حتما دلایلی برای این کار داشته، با این حال به نظر ما که این یک فقدان خیلی بد است چرا که همواره استفاده از چشمی های اپتیکال در زیر نور شدید آفتاب را دوست داریم.,-1,data/extra/Nikon Coolpix P7700_Hosseini.xml,حتما دلایلی برای این کار داشته،  با این حال به نظر ما که این یک فقدان خیلی بد است چرا که همواره استفاده از چشمی های اپتیکال در زیر نور شدید آفتاب را دوست داریم.
12047,-,فقدان چشمی اپتیکال باعث شده که این دوربین پیشانی کوتاه تری داشته باشد.,0,data/extra/Nikon Coolpix P7700_Hosseini.xml,فقدان چشمی اپتیکال باعث شده که این دوربین پیشانی کوتاه تری داشته باشد.
12048,-,از کنترل چرخنده ی جلوی دوربین هم دیگر خبری نیست.,0,data/extra/Nikon Coolpix P7700_Hosseini.xml,از کنترل چرخنده ی جلوی دوربین هم دیگر خبری نیست.
12049,-,آن را هم خیلی دوست داشتیم.,0,data/extra/Nikon Coolpix P7700_Hosseini.xml,آن را هم خیلی دوست داشتیم.
12050,-,تغییرات دیگر در سراسر بدنه هم ایجاد شده اند که شامل مقداری تغییر در ساخت خود بدنه، طراحی و چینش دکمه ها و البته مقداری دستگیره ی بزرگتر می شوند.,0,data/extra/Nikon Coolpix P7700_Hosseini.xml,تغییرات دیگر در سراسر بدنه هم ایجاد شده اند که شامل مقداری تغییر در ساخت خود بدنه،  طراحی و چینش دکمه ها و البته مقداری دستگیره ی بزرگتر می شوند.
12051,-,همچنان دکمه ها و کنترل های مختلفی بر روی بدنه دیده می شوند که شامل دایل مودهای عکاسی، دایل جبران نوردهی، دایل Qucik Menu دو دایل کنترل دیگر و چند دکمه و کنترل دیگر می شوند.,0,data/extra/Nikon Coolpix P7700_Hosseini.xml,همچنان دکمه ها و کنترل های مختلفی بر روی بدنه دیده می شوند که شامل دایل مودهای عکاسی،  دایل جبران نوردهی،  دایل Qucik Menu دو دایل کنترل دیگر و چند دکمه و کنترل دیگر می شوند.
12052,-,به هر صورت از این نظر P7700 کاملا عالی و طبق انتظاری است که داشتیم.,2,data/extra/Nikon Coolpix P7700_Hosseini.xml,به هر صورت از این نظر P7700 کاملا عالی و طبق انتظاری است که داشتیم.
12053,-,اما یکی از بهترین بهبودها در این دوربین نسبت به مدل پیشین در نمایشگر بوده است.,2,data/extra/Nikon Coolpix P7700_Hosseini.xml,اما یکی از بهترین بهبودها در این دوربین نسبت به مدل پیشین در نمایشگر بوده است.
12054,-,نمایشگر 3 اینچی 920000 پیکسلی آن دارای یک تک لولا در قسمت سمت چپ است و کاملا به هر سویی توانایی چرخش را دارد.,1,data/extra/Nikon Coolpix P7700_Hosseini.xml,نمایشگر 3 اینچی 920000 پیکسلی آن دارای یک تک لولا در قسمت سمت چپ است و کاملا به هر سویی توانایی چرخش را دارد.
12055,-,این در حالیست که نمایشگر P7100 فقط می توانست به سمت بالا و پایین چرخش کند.,0,data/extra/Nikon Coolpix P7700_Hosseini.xml,این در حالیست که نمایشگر P7100 فقط می توانست به سمت بالا و پایین چرخش کند.
12056,-,اما اگر با دقت بیشتری به این دوربین نگاه کنیم، باید گفت که سنسور تصویر 10 مگاپیکسلی CCD سایز 1/1.7 اینچی P7100 با یک سنسور 12.1 مگاپیکسلی CMOS با همان سایز تعویض شده است.,0,data/extra/Nikon Coolpix P7700_Hosseini.xml,اما اگر با دقت بیشتری به این دوربین نگاه کنیم،  باید گفت که سنسور تصویر 10 مگاپیکسلی CCD سایز 1/1.7 اینچی P7100 با یک سنسور 12.1 مگاپیکسلی CMOS با همان سایز تعویض شده است.
12057,-,این سایز سنسور بزرگتر از سایز 1/2.3 اینچی است که بر روی دوربین های کامپکت معمولی استفاده می شود و سازی در حد 7.4X5.5 میلی متر دارد.,0,data/extra/Nikon Coolpix P7700_Hosseini.xml,این سایز سنسور بزرگتر از سایز 1/2.3 اینچی است که بر روی دوربین های کامپکت معمولی استفاده می شود و سازی در حد 7.4X5.5 میلی متر دارد.
12058,-,این در حالیست که سنسور تصویر بزرگ دوربین Canon G1x دارای سایزی در حد 18.7X14 میلی متر است.,0,data/extra/Nikon Coolpix P7700_Hosseini.xml,این در حالیست که سنسور تصویر بزرگ دوربین Canon G1x دارای سایزی در حد 18.7X14 میلی متر است.
12059,-,بنابراین از P7700 انتظار تولید عکس هایی در حد G1x نمی رود.,-1,data/extra/Nikon Coolpix P7700_Hosseini.xml,بنابراین از P7700 انتظار تولید عکس هایی در حد G1x نمی رود.
12060,-,اما برگ برنده ی بزرگ P7700 لنز آن است.,2,data/extra/Nikon Coolpix P7700_Hosseini.xml,اما برگ برنده ی بزرگ P7700 لنز آن است.
12061,-,هرچند که این لنز همان فاصله ی کانونی 28-200 میلی متر را پوشش می دهد و بزرگنمایی در حد 7 برابر را می تواند ایجاد کند، با این حال این لنز از لنزی که بر روی دو مدل قبلی وجود داشت کاملا سریع تر است.,1,data/extra/Nikon Coolpix P7700_Hosseini.xml,هرچند که این لنز همان فاصله ی کانونی 28-200 میلی متر را پوشش می دهد و بزرگنمایی در حد 7 برابر را می تواند ایجاد کند،  با این حال این لنز از لنزی که بر روی دو مدل قبلی وجود داشت کاملا سریع تر است.
12062,-,کمینه ی نسبت کانونی آن f/2.0 در حالت واید کامل و f/4.0 در حالت زوم کامل می باشد.,0,data/extra/Nikon Coolpix P7700_Hosseini.xml,کمینه ی نسبت کانونی آن f/2.0 در حالت واید کامل و f/4.0 در حالت زوم کامل می باشد.
12063,-,این در حالیست که دو مدل پیشین دارای کمینه ی نسبت کانونی f/2.8-5.6 بودند.,0,data/extra/Nikon Coolpix P7700_Hosseini.xml,این در حالیست که دو مدل پیشین دارای کمینه ی نسبت کانونی f/2.8-5.6 بودند.
12064,-,این پیشرفت خیلی خوبیست و باعث می شود که عملکرد این دوربین در شرایط ضعیف نوری کاملا برتر باشد و بتوان با سرعت های شاتر بالاتری عکاسی کرد.,2,data/extra/Nikon Coolpix P7700_Hosseini.xml,این پیشرفت خیلی خوبیست و باعث می شود که عملکرد این دوربین در شرایط ضعیف نوری کاملا برتر باشد و بتوان با سرعت های شاتر بالاتری عکاسی کرد.
12065,-,در نظر بگیرید که سرعت شاتر این دوربین تا 1/4000 ثانیه بالا می رود.,0,data/extra/Nikon Coolpix P7700_Hosseini.xml,در نظر بگیرید که سرعت شاتر این دوربین تا 1/4000 ثانیه بالا می رود.
12066,-,وجود فیلتر داخلی ND نیز باعث می شود که حتی در شرایط شدید نوری هم بتوانید از دیافراگم بازتر یا سرعت های شاتر پایین تر استفاده نمایید.,0,data/extra/Nikon Coolpix P7700_Hosseini.xml,وجود فیلتر داخلی ND نیز باعث می شود که حتی در شرایط شدید نوری هم بتوانید از دیافراگم بازتر یا سرعت های شاتر پایین تر استفاده نمایید.
12067,-,در ضمن کمینه ی فاصله ی کانونی این لنز در مود ماکرو 2 سانتی متر است که فوق العاده می باشد.,2,data/extra/Nikon Coolpix P7700_Hosseini.xml,در ضمن کمینه ی فاصله ی کانونی این لنز در مود ماکرو 2 سانتی متر است که فوق العاده می باشد.
12068,-,این دوربین طبق معمول و انتظار توانایی عکاسی در فرمت RAW را نیز دارد تا برای حرفه ای ترها و ویرایش عکس ها مناسب تر باشد.,1,data/extra/Nikon Coolpix P7700_Hosseini.xml,این دوربین طبق معمول و انتظار توانایی عکاسی در فرمت RAW را نیز دارد تا برای حرفه ای ترها و ویرایش عکس ها مناسب تر باشد.
12069,-,همچنین امکان عکاسی 3D یا سه بعدی هم با آن وجود دارد.,0,data/extra/Nikon Coolpix P7700_Hosseini.xml,همچنین امکان عکاسی 3D یا سه بعدی هم با آن وجود دارد.
12070,-,عکس های سه بعدی در فرمت MPO ذخیره می شوند.,0,data/extra/Nikon Coolpix P7700_Hosseini.xml,عکس های سه بعدی در فرمت MPO ذخیره می شوند.
12071,-,"باز هم طبق روال، این دوربین دارای همه ی مودهای عکاسی از مود کاملا اتوماتیک خودکار هوشمند گرفته تا مودهای دستی P,A,S,M را دارا می باشد.",1,data/extra/Nikon Coolpix P7700_Hosseini.xml,"باز هم طبق روال،  این دوربین دارای همه ی مودهای عکاسی از مود کاملا اتوماتیک خودکار هوشمند گرفته تا مودهای دستی P,A,S,M را دارا می باشد."
12072,-,در قسمت بالای این دوربین نیز فلش بالا جهنده ای قرار گرفته است که خیلی قدرتمند است و بردی در حد 10 متر دارد.,2,data/extra/Nikon Coolpix P7700_Hosseini.xml,در قسمت بالای این دوربین نیز فلش بالا جهنده ای قرار گرفته است که خیلی قدرتمند است و بردی در حد 10 متر دارد.
12073,-,یکی دیگر از تحولات این دوربین نسبت به مدل پیشین هم عکاسی پیاپی آن بوده است به طوری که این دوربین اکنون توانایی عکاسی پیاپی با سرعت 8 فریم بر ثانیه را دارد و این در حالیست که P7100 تنها می توانست با سرعتی در حد 1.2 فریم بر ثانیه عکاسی کند.,1,data/extra/Nikon Coolpix P7700_Hosseini.xml,یکی دیگر از تحولات این دوربین نسبت به مدل پیشین هم عکاسی پیاپی آن بوده است به طوری که این دوربین اکنون توانایی عکاسی پیاپی با سرعت 8 فریم بر ثانیه را دارد و این در حالیست که P7100 تنها می توانست با سرعتی در حد 1.2 فریم بر ثانیه عکاسی کند.
12074,-,از دیگر تفاوت های این دوربین با مدل پیشین می توان به توانایی پشتیبانی P7700 از فیلترهای پیچی 40.5 میلی متری، توانایی عکاسی 1080p Full HD نسبت به 720p HD، توانایی کنترل فلاش های وایرلس اکسترنال و سازگاری با یونیت های جی پی اس GP-1 اشاره کرد.,1,data/extra/Nikon Coolpix P7700_Hosseini.xml,از دیگر تفاوت های این دوربین با مدل پیشین می توان به توانایی پشتیبانی P7700 از فیلترهای پیچی 40.5 میلی متری،  توانایی عکاسی 1080p Full HD نسبت به 720p HD،  توانایی کنترل فلاش های وایرلس اکسترنال و سازگاری با یونیت های جی پی اس GP-1 اشاره کرد.
12075,-,طبق استانداردهای CIPA نیز باتری لیتیوم-یونی این دوربین توانایی پشتیبانی برای گرفتن تا 330 شات را دارد.,0,data/extra/Nikon Coolpix P7700_Hosseini.xml,طبق استانداردهای CIPA نیز باتری لیتیوم-یونی این دوربین توانایی پشتیبانی برای گرفتن تا 330 شات را دارد.
12076,-,در کل باید گفت که P7700 جهش خیلی خوبی نسبت به P7100 بوده است.,1,data/extra/Nikon Coolpix P7700_Hosseini.xml,در کل باید گفت که P7700 جهش خیلی خوبی نسبت به P7100 بوده است.
12077,-,هرچند که فقدان چشمی اپتیکال احساس می شود، با این حال دیگر ویژگی ها چون سنسور تصویر با عملکرد بهتر، نمایشگر چرخنده، توانایی فیلم برداری بهتر، سرعت عکاسی پیاپی بالاتر و از همه مهم تر لنز سریع تر باعث می شوند که در کل دوربین بهتری نسبت به مدل پیشین باشد.,2,data/extra/Nikon Coolpix P7700_Hosseini.xml,هرچند که فقدان چشمی اپتیکال احساس می شود،  با این حال دیگر ویژگی ها چون سنسور تصویر با عملکرد بهتر،  نمایشگر چرخنده،  توانایی فیلم برداری بهتر،  سرعت عکاسی پیاپی بالاتر و از همه مهم تر لنز سریع تر باعث می شوند که در کل دوربین بهتری نسبت به مدل پیشین باشد.
12078,-,در آینده سعی می کنیم که اطلاعات بیشتری را از این دوربین ارائه کنیم.,0,data/extra/Nikon Coolpix P7700_Hosseini.xml,در آینده سعی می کنیم که اطلاعات بیشتری را از این دوربین ارائه کنیم.
12079,-,به روز رسانی: در تست هایی که انجام دادیم، کیفیت عکس های گرفته شده توسط این دوربین با توجه به سنسور تصویر نسبتا کوچکی که دارد واقعا عالیست.,2,data/extra/Nikon Coolpix P7700_Hosseini.xml,به روز رسانی: در تست هایی که انجام دادیم،  کیفیت عکس های گرفته شده توسط این دوربین با توجه به سنسور تصویر نسبتا کوچکی که دارد واقعا عالیست.
12080,-,این دوربین به خوبی از پس نویز بر می آید و تا ایزو 800 نمی توان نویز زیادی را در عکس ها مشاهده کرد.,1,data/extra/Nikon Coolpix P7700_Hosseini.xml,این دوربین به خوبی از پس نویز بر می آید و تا ایزو 800 نمی توان نویز زیادی را در عکس ها مشاهده کرد.
12081,-,نویز، کاسته شدن از غلظت رنگ ها و جزئیات وقتی که از ایزو 800 بالاتر می روید بدتر می شود تا در ایزوی 6400 به اوج خود برسد.,-1,data/extra/Nikon Coolpix P7700_Hosseini.xml,نویز،  کاسته شدن از غلظت رنگ ها و جزئیات وقتی که از ایزو 800 بالاتر می روید بدتر می شود تا در ایزوی 6400 به اوج خود برسد.
12372,-,بسیار خوب، همانطور که گفتیم، P520 دوربینیست که در بالاترین سطح دوربین های شبه SLR نیکون قرار می گیرد.,1,data/extra/Nikon Coolpix P520_Hosseini.xml,بسیار خوب،  همانطور که گفتیم،  P520 دوربینیست که در بالاترین سطح دوربین های شبه SLR نیکون قرار می گیرد.
12373,-,این دوربین شباهتی بسیار زیاد با مدل پیشین دارد.,0,data/extra/Nikon Coolpix P520_Hosseini.xml,این دوربین شباهتی بسیار زیاد با مدل پیشین دارد.
12374,-,با این حال مقداری عریض‌تر شده و به نظر ما ظاهری جدی‌تر پیدا کرده است.,0,data/extra/Nikon Coolpix P520_Hosseini.xml,با این حال مقداری عریض‌تر شده و به نظر ما ظاهری جدی‌تر پیدا کرده است.
12375,-,ظاهری که باعث شده این دوربین شباهت بیشتری به DSLR ها پیدا کند.,0,data/extra/Nikon Coolpix P520_Hosseini.xml,ظاهری که باعث شده این دوربین شباهت بیشتری به DSLR ها پیدا کند.
12376,-,با این حال جایگزاری دکمه ها و کنترل ها عمدتا شبیه به مدل پیشین است.,0,data/extra/Nikon Coolpix P520_Hosseini.xml,با این حال جایگزاری دکمه ها و کنترل ها عمدتا شبیه به مدل پیشین است.
12377,-,این دوربین همچنان بسیار خوش‌دست است و در هنگام در دست گیری احساس خوبی را به شما منتقل می کند.,2,data/extra/Nikon Coolpix P520_Hosseini.xml,این دوربین همچنان بسیار خوش‌دست است و در هنگام در دست گیری احساس خوبی را به شما منتقل می کند.
12378,-,در نقد و بررسی P510 لنز آن را فوق‌العاده خواندیم.,2,data/extra/Nikon Coolpix P520_Hosseini.xml,در نقد و بررسی P510 لنز آن را فوق‌العاده خواندیم.
12379,-,حقیقتا زمانی که آن دوربین معرفی شد توانایی زوم 42 برابر مقدار بسیار زیادی بود به طوری که آن را بالاتر از هر دوربین هم رده ی دیگری قرار می داد.,1,data/extra/Nikon Coolpix P520_Hosseini.xml,حقیقتا زمانی که آن دوربین معرفی شد توانایی زوم 42 برابر مقدار بسیار زیادی بود به طوری که آن را بالاتر از هر دوربین هم رده ی دیگری قرار می داد.
12380,-,لنزی که بر روی P520 استفاده شده دقیقا همانی است که بر روی مدل پیشین هم وجود داشت.,0,data/extra/Nikon Coolpix P520_Hosseini.xml,لنزی که بر روی P520 استفاده شده دقیقا همانی است که بر روی مدل پیشین هم وجود داشت.
12381,-,این در حالیست که اکنون دوربین های بریج زیادی با توانایی زوم 50 برابر به بازار آمده اند.,0,data/extra/Nikon Coolpix P520_Hosseini.xml,این در حالیست که اکنون دوربین های بریج زیادی با توانایی زوم 50 برابر به بازار آمده اند.
12382,-,دوربین هایی مثل Canon SX50 HS، Fujifilm SL1000 و Sony HX300.,0,data/extra/Nikon Coolpix P520_Hosseini.xml,دوربین هایی مثل Canon SX50 HS،  Fujifilm SL1000 و Sony HX300.
12383,-,بنابراین دیگر P520 بالاترین مقدار زوم را ندارد.,-1,data/extra/Nikon Coolpix P520_Hosseini.xml,بنابراین دیگر P520 بالاترین مقدار زوم را ندارد.
12384,-,هرچند که واقعا زوم 42 برابر با 50 برابر تفاوت چندانی ندارد.,0,data/extra/Nikon Coolpix P520_Hosseini.xml,هرچند که واقعا زوم 42 برابر با 50 برابر تفاوت چندانی ندارد.
12385,-,این دوربین در ضمن در حالت واید بر روی مقدار معادل 24 میلی متر قرار می گیرد.,0,data/extra/Nikon Coolpix P520_Hosseini.xml,این دوربین در ضمن در حالت واید بر روی مقدار معادل 24 میلی متر قرار می گیرد.
12386,-,24 میلی متر خیلی خوب است و می تواند در یک کادر میدان دیدی کاملا گسترده را در بر گیرد.,2,data/extra/Nikon Coolpix P520_Hosseini.xml,24 میلی متر خیلی خوب است و می تواند در یک کادر میدان دیدی کاملاً گسترده را در بر گیرد.
12387,-,کمینه ی نسبت کانونی f/3.0 نیز خیلی خوب است و باعث می شود که برای نوردهی نسبتا سریع باشد.,2,data/extra/Nikon Coolpix P520_Hosseini.xml,کمینه ی نسبت کانونی f/3.0 نیز خیلی خوب است و باعث می شود که برای نوردهی نسبتاً سریع باشد.
12388,-,یکی از بهبودهای انجام گرفته در این دوربین نسبت به مدل پیشین، در سنسور تصویر دیده می شود.,1,data/extra/Nikon Coolpix P520_Hosseini.xml,یکی از بهبودهای انجام گرفته در این دوربین نسبت به مدل پیشین، در سنسور تصویر دیده می شود.
12389,-,سنسور تصویر این دوربین نیز همان BSI-CMOS است.,0,data/extra/Nikon Coolpix P520_Hosseini.xml,سنسور تصویر این دوربین نیز همان BSI-CMOS است.
12390,-,با این تفاوت که رزولوشن آن از 16 به 18 مگاپیکسل افزایش یافته.,0,data/extra/Nikon Coolpix P520_Hosseini.xml,با این تفاوت که رزولوشن آن از 16 به 18 مگاپیکسل افزایش یافته.
12391,-,نمی دانیم این دو مگاپیکسل بیشتر چقدر به کار می آید.,0,data/extra/Nikon Coolpix P520_Hosseini.xml,نمی دانیم این دو مگاپیکسل بیشتر چقدر به کار می آید.
12392,-,ولی به هر صورت این افزایش رزولوشن را می توانیم نه خوب و نه بد در نظر بگیریم.,0,data/extra/Nikon Coolpix P520_Hosseini.xml,ولی به هر صورت این افزایش رزولوشن را می توانیم نه خوب و نه بد در نظر بگیریم.
12393,-,توانایی فیلم برداری Full HD نیز که به هر صورت عادلی و مانند مدل پیشین است.,0,data/extra/Nikon Coolpix P520_Hosseini.xml,توانایی فیلم برداری Full HD نیز که به هر صورت عادلی و مانند مدل پیشین است.
12394,-,برخلاف مدل P510 که نمایشگر چرخنده ی آن فقط توانایی گردش به سمت های بالا و پایین را داشت، نمایشگر چرخنده ی P520 دارای یک لولا در قسمت سمت چپ است و می‌تواند به سمت های مختلف گردش کند.,1,data/extra/Nikon Coolpix P520_Hosseini.xml,برخلاف مدل P510 که نمایشگر چرخنده ی آن فقط توانایی گردش به سمت های بالا و پایین را داشت،  نمایشگر چرخنده ی P520 دارای یک لولا در قسمت سمت چپ است و می‌تواند به سمت های مختلف گردش کند.
12395,-,این نوع نمایشگرهای چرخنده خیلی کارآمدتر از مدل هایی هستند که فقط به بالا و پایین چرخش می نمایند.,2,data/extra/Nikon Coolpix P520_Hosseini.xml,این نوع نمایشگرهای چرخنده خیلی کارآمدتر از مدل هایی هستند که فقط به بالا و پایین چرخش می نمایند.
12396,-,بعلاوه ی اینکه اکنون قطر این نمایشگر بیشتر شده و به 3.2 اینچ افزایش یافته است.,0,data/extra/Nikon Coolpix P520_Hosseini.xml,بعلاوه ی اینکه اکنون قطر این نمایشگر بیشتر شده و به 3.2 اینچ افزایش یافته است.
12397,-,چشمی الکترونیکی نیز مثل مدل پیشین است و در حالی که رزولوشن نه چندان بالای 201000 پیکسلی دارد، 100 درصد میدان دید را پوشش می دهد.,0,data/extra/Nikon Coolpix P520_Hosseini.xml,چشمی الکترونیکی نیز مثل مدل پیشین است و در حالی که رزولوشن نه چندان بالای 201000 پیکسلی دارد،  100 درصد میدان دید را پوشش می دهد.
12398,-,این دوربین نیز همانند P510 دارای GPS داخلی است.,0,data/extra/Nikon Coolpix P520_Hosseini.xml,این دوربین نیز همانند P510 دارای GPS داخلی است.
12399,-,در کل باید گفت که P520 نسبت به P510 آپدیتی ملایم محسوب می شود.,0,data/extra/Nikon Coolpix P520_Hosseini.xml,در کل باید گفت که P520 نسبت به P510 آپدیتی ملایم محسوب می شود.
12400,-,نخستین تغییر را می توان مقداری در ظاهر و ابعاد مشاهده کرد که به نظر ما خوب بوده و اکنون P520 دوربین خوش‌دست‌تری شده، دوم اینکه اکنون P520 دارای نمایشگر چرخنده‌ی کارآمدتری است که می تواند به هر سو چرخش کند.,1,data/extra/Nikon Coolpix P520_Hosseini.xml,نخستین تغییر را می توان مقداری در ظاهر و ابعاد مشاهده کرد که به نظر ما خوب بوده و اکنون P520 دوربین خوش‌دست‌تری شده،  دوم اینکه اکنون P520 دارای نمایشگر چرخنده‌ی کارآمدتری است که می تواند به هر سو چرخش کند.
12401,-,و سوم هم می‌تواند نمایشگر چرخنده باشد.,1,data/extra/Nikon Coolpix P520_Hosseini.xml,و سوم هم می‌تواند نمایشگر چرخنده باشد.
12794,-,سخت افزار هواوی برای تبلت خود، سخت افزاری قدرتمند را در نظر گرفته است.,1,data/extra/Huawei MediaPad 10 FHD - 16GB_Hosseini.xml,سخت افزار هواوی برای تبلت خود،  سخت افزاری قدرتمند را در نظر گرفته است.
12801,-,نرم افزار سیستم عامل به کار رفته بر روی این تبلت نسخه 4.0 از سیستم عامل قدرتمند اندروید می‌باشد.,1,data/extra/Huawei MediaPad 10 FHD - 16GB_Hosseini.xml,نرم افزار سیستم عامل به کار رفته بر روی این تبلت نسخه 4.0 از سیستم عامل قدرتمند اندروید می‌باشد.
12809,-,با وجود فلش پلیر که به صورت پیش فرض بر روی آن قرار دارد، مشکلی برای مشاهده فیلم‌ها و بازی‌های فلش نخواهید داشت.,1,data/extra/Huawei MediaPad 10 FHD - 16GB_Hosseini.xml,با وجود فلش پلیر که به صورت پیش فرض بر روی آن قرار دارد،  مشکلی برای مشاهده فیلم‌ها و بازی‌های فلش نخواهید داشت.
12819,-,دوربین هواوی در MediaPad 10 یک دوربین 8 مگاپیکسلی قرار داده است.,0,data/extra/Huawei MediaPad 10 FHD - 16GB_Hosseini.xml,دوربین هواوی در MediaPad 10 یک دوربین 8 مگاپیکسلی قرار داده است.
12921,-,همه چیزش عالیه.,2,data/extra/Nokia 206.xml,همه چيزش عاليه.
13072,-,طراحی و ساخت همانند Transformer Prime، تبلت Infinity نیز بدنه ای آلومینیومی دارد.,0,data/extra/Asus Transformer Pad Infinity TF700T 64GB + Dock_Hosseini.xml,طراحی و ساخت همانند Transformer Prime،  تبلت Infinity نیز بدنه ای آلومینیومی دارد.
13073,-,با داشتن ضخامتی معادل 8.5 میلی‌متر، Infinity نزدیک به یک میلی‌متر باریک‌تر از آی پد نسل سوم است.,0,data/extra/Asus Transformer Pad Infinity TF700T 64GB + Dock_Hosseini.xml,با داشتن ضخامتی معادل 8.5 میلی‌متر،  Infinity نزدیک به یک میلی‌متر باریک‌تر از آی پد نسل سوم است.
13074,-,ایسوس اعلام کرده است که در ساخت این تبلت از شیوه خاصی از قالب گیری آلومینیوم استفاده کرده است که تنها در صنایع هوایی و ساخت اتومبیل‌های مسابقه ای استفاده می‌شود و در آن یک تکه آلومینیوم جامد انتخاب شده و سپس به شکل مورد نظر کمپرس می‌شود.,0,data/extra/Asus Transformer Pad Infinity TF700T 64GB + Dock_Hosseini.xml,ایسوس اعلام کرده است که در ساخت این تبلت از شیوه خاصی از قالب گیری آلومینیوم استفاده کرده است که تنها در صنایع هوایی و ساخت اتومبیل‌های مسابقه ای استفاده می‌شود و در آن یک تکه آلومینیوم جامد انتخاب شده و سپس به شکل مورد نظر کمپرس می‌شود.
13075,-,TF700 تنها 599 گرم وزن دارد که آن را به یکی از سبک‌ترین تبلت های 10.1 اینچی تا به امروز تبدیل کرده است.,1,data/extra/Asus Transformer Pad Infinity TF700T 64GB + Dock_Hosseini.xml,TF700 تنها 599 گرم وزن دارد که آن را به یکی از سبک‌ترین تبلت های 10.1 اینچی تا به امروز تبدیل کرده است.
13076,-,ایسوس برای کاهش وزن کلی Infinity، از تکنولوژی قالب ریزی نانو (Nano Molding) در ساخت این تبلت استفاده کرده است.,0,data/extra/Asus Transformer Pad Infinity TF700T 64GB + Dock_Hosseini.xml,ایسوس برای کاهش وزن کلی Infinity،  از تکنولوژی قالب ریزی نانو (Nano Molding) در ساخت این تبلت استفاده کرده است.
13079,-,قسمت جلویی تبلت به طور کامل توسط صفحه نمایش 10.1 اینچی و قاب ضخیم آن اشغال شده است.,0,data/extra/Asus Transformer Pad Infinity TF700T 64GB + Dock_Hosseini.xml,قسمت جلویی تبلت به طور کامل توسط صفحه نمایش 10.1 اینچی و قاب ضخیم آن اشغال شده است.
13080,-,به جز دوربین دوم 2 مگاپیکسلی که در بالای صفحه نمایش قرار دارد، هیچ‌گونه کلید و یا پورت دیگری در قسمت جلویی تبلت وجود ندارد.,0,data/extra/Asus Transformer Pad Infinity TF700T 64GB + Dock_Hosseini.xml,به جز دوربین دوم 2 مگاپیکسلی که در بالای صفحه نمایش قرار دارد،  هیچ‌گونه کلید و یا پورت دیگری در قسمت جلویی تبلت وجود ندارد.
13081,-,تبلت را که برگردانید، قاب پشتی تماما آلومینیومی دستگاه را مشاهده خواهید کرد که در وسط آن لوگوی براق کمپانی ASUS به چشم می‌خورد.,0,data/extra/Asus Transformer Pad Infinity TF700T 64GB + Dock_Hosseini.xml,تبلت را که برگردانید،  قاب پشتی تماما آلومینیومی دستگاه را مشاهده خواهید کرد که در وسط آن لوگوی براق کمپانی ASUS به چشم می‌خورد.
13082,-,یک نوار پلاستیکی در قسمت بالایی این قاب قرار دارد که بر روی آن دوربین اصلی 8 مگاپیکسلی Infinity به همراه فلاش LED آن تعبیه شده است.,0,data/extra/Asus Transformer Pad Infinity TF700T 64GB + Dock_Hosseini.xml,یک نوار پلاستیکی در قسمت بالایی این قاب قرار دارد که بر روی آن دوربین اصلی 8 مگاپیکسلی Infinity به همراه فلاش LED آن تعبیه شده است.
13083,-,لازم به ذکر است که ایسوس دلیل اصلی قرار دادن این نوار پلاستیکی را، بهبود کیفیت Wi-Fi و GPS دستگاه اعلام کرده است.,0,data/extra/Asus Transformer Pad Infinity TF700T 64GB + Dock_Hosseini.xml,لازم به ذکر است که ایسوس دلیل  اصلی قرار دادن این نوار پلاستیکی را،  بهبود کیفیت Wi-Fi و GPS دستگاه اعلام کرده است.
13084,-,در سمت چپ Infinity، پورت 3.5 میلی‌متری هدفون، شیار microSD و خروجی microHDMI و در انتهای این لبه، کلید پاور قرار دارد.,0,data/extra/Asus Transformer Pad Infinity TF700T 64GB + Dock_Hosseini.xml,در سمت چپ Infinity،  پورت 3.5 میلی‌متری هدفون،  شیار microSD و خروجی microHDMI و در انتهای این لبه،  کلید پاور قرار دارد.
13085,-,در سمت راست تنها کلیدهای کم و زیاد کردن صدا وجود دارند.,0,data/extra/Asus Transformer Pad Infinity TF700T 64GB + Dock_Hosseini.xml,در سمت راست تنها کلیدهای کم و زیاد کردن صدا وجود دارند.
13086,-,در قسمت پایینی تبلت نیز پورت اتصال و شارژ تبلت و شیارهای اتصال به داک کیبورد تعبیه شده‌اند.,0,data/extra/Asus Transformer Pad Infinity TF700T 64GB + Dock_Hosseini.xml,در قسمت پایینی تبلت نیز پورت اتصال و شارژ تبلت و شیارهای اتصال به داک کیبورد تعبیه شده‌اند.
13087,-,داک کیبورد همانند تبلت های Transformer قبلی، Infinity نیز در دو مدل با داک و بدون داک کیبورد ارائه می‌شود.,0,data/extra/Asus Transformer Pad Infinity TF700T 64GB + Dock_Hosseini.xml,داک کیبورد همانند تبلت های Transformer قبلی،  Infinity نیز در دو مدل با داک و بدون داک کیبورد ارائه می‌شود.
13088,-,این کیبورد کاملا از آلومینیوم ساخته شده و هم رنگ بدنه تبلت است.,0,data/extra/Asus Transformer Pad Infinity TF700T 64GB + Dock_Hosseini.xml,این کیبورد کاملا از آلومینیوم ساخته شده و هم رنگ بدنه تبلت است.
13089,-,طراحی این کیبورد به صورت شیب دار و گوه ای بوده و کیفیت ساخت آن همانند خود تبلت، فوق‌العاده بالاست.,2,data/extra/Asus Transformer Pad Infinity TF700T 64GB + Dock_Hosseini.xml,طراحی این کیبورد به صورت شیب دار و گوه ای بوده و کیفیت ساخت آن همانند خود تبلت،  فوق‌العاده بالاست.
13090,-,وزن داک 540 گرم وزن است و هنگامی که آن را به دستگاه متصل می‌کنید، دستگاه به یک نت بوک تبدیل شده و وزن کلی آن به 1.1 کیلوگرم می‌رسد که باز هم بسیار سبک محسوب می‌شود و به راحتی می‌توان آن را جابجا کرد.,1,data/extra/Asus Transformer Pad Infinity TF700T 64GB + Dock_Hosseini.xml,وزن داک 540 گرم وزن است و هنگامی که آن را به دستگاه متصل می‌کنید،  دستگاه به یک نت بوک تبدیل شده و وزن کلی آن به 1.1 کیلوگرم می‌رسد که باز هم بسیار سبک محسوب می‌شود و به راحتی می‌توان آن را جابجا کرد.
13091,-,لازم به ذکر است که داخل این کیبورد، یک باتری بسیار قدرتمند نیز وجود دارد و هنگامی که Infinity را به کیبورد متصل می‌کنید، طول عمر باتری دستگاه به دو برابر افزایش می‌یابد که در ادامه بیشتر در این رابطه توضیح خواهیم داد.,2,data/extra/Asus Transformer Pad Infinity TF700T 64GB + Dock_Hosseini.xml,لازم به ذکر است که داخل این کیبورد،  یک باتری بسیار قدرتمند نیز وجود دارد و هنگامی که Infinity را به کیبورد متصل می‌کنید،  طول عمر باتری دستگاه به دو برابر افزایش می‌یابد که در ادامه بیشتر در این رابطه توضیح خواهیم داد.
13092,-,این کیبورد علاوه بر تایپ کردن سریع، به کاربران این امکان را می‌دهد که به یک سری از قابلیت‌های دستگاه مانند بلوتوث و Wi-Fi نیز به سرعت دسترسی پیدا کنند.,1,data/extra/Asus Transformer Pad Infinity TF700T 64GB + Dock_Hosseini.xml,این کیبورد علاوه بر تایپ کردن سریع،  به کاربران این امکان را می‌دهد که به یک سری از قابلیت‌های دستگاه مانند بلوتوث و Wi-Fi نیز به سرعت دسترسی پیدا کنند.
13093,-,صفحه نمایش پیش از عرضه Infinity، تبلت Transformer Prime بهترین کیفیت صفحه نمایش را در بین تبلت های اندرویدی داشت ولی Infinity با بهره گیری از یک صفحه نمایش Full HD با دقت 1920x1200، روشنایی بیشتر و رنگ‌های طبیعی‌تر، توانست تخت پادشاهی را از Prime بگیرد.,2,data/extra/Asus Transformer Pad Infinity TF700T 64GB + Dock_Hosseini.xml,صفحه نمایش پیش از عرضه Infinity،  تبلت Transformer Prime بهترین کیفیت صفحه نمایش را در بین تبلت های اندرویدی داشت ولی Infinity با بهره گیری از یک صفحه نمایش Full HD با دقت 1920x1200،  روشنایی بیشتر و رنگ‌های طبیعی‌تر،  توانست تخت پادشاهی را از Prime بگیرد.
13094,-,هنگامی که یک ویدئوی Full HD را بر روی این دو تبلت اجرا کنید، برتری‌های Infinity به راحتی قابل رویت است.,1,data/extra/Asus Transformer Pad Infinity TF700T 64GB + Dock_Hosseini.xml,هنگامی که یک ویدئوی Full HD را بر روی این دو تبلت اجرا کنید،  برتری‌های Infinity به راحتی قابل رویت است.
13095,-,حتی هنگامی که صفحه نمایش Infinity را در کنار صفحه Retinaی آی پد نسل سوم قرار دهید، هر دو صفحه نمایش کیفیت تقریبا یکسانی را ارائه می‌دهند و تشخیص تفاوت این دو، بسیار مشکل است.,0,data/extra/Asus Transformer Pad Infinity TF700T 64GB + Dock_Hosseini.xml,حتی هنگامی که صفحه نمایش Infinity را در کنار صفحه Retinaی آی پد نسل سوم قرار دهید،  هر دو صفحه نمایش کیفیت تقریبا یکسانی را ارائه می‌دهند و تشخیص تفاوت این دو،  بسیار مشکل است.
13096,-,دقت بالای این صفحه نمایش، زمانی کاملا مشخص می‌شود که به مرورگری اینترنت پرداخته یا فایل‌های متنی را مشاهده کنید.,0,data/extra/Asus Transformer Pad Infinity TF700T 64GB + Dock_Hosseini.xml,دقت بالای این صفحه نمایش،  زمانی کاملا مشخص می‌شود که به مرورگری اینترنت پرداخته یا فایل‌های متنی را مشاهده کنید.
13097,-,هنگامی که حالت Super IPS+ صفحه نمایش فعال شود، روشنایی آن به طرز چشمگیری افزایش می‌یابد بطوریکه به مراتب صفحه نمایش روشن‌تری از تبلت های Transformer Prime و یا Samsung Galaxy Tab 2 و حتی iPad 3 مشاهده خواهید کرد.,1,data/extra/Asus Transformer Pad Infinity TF700T 64GB + Dock_Hosseini.xml,هنگامی که حالت Super IPS+ صفحه نمایش فعال شود،  روشنایی آن به طرز چشمگیری افزایش می‌یابد بطوریکه به مراتب صفحه نمایش روشن‌تری از تبلت های Transformer Prime و یا Samsung Galaxy Tab 2 و حتی iPad 3 مشاهده خواهید کرد.
13098,-,این روشنایی فوق‌العاده به کاربران کمک خواهد کرد که حتی با وجود سطح براق صفحه نمایش، به راحتی با تبلت خود در فضاهای بیرونی و یا در زیر تابش مستقیم نور آفتاب کار کنند.,2,data/extra/Asus Transformer Pad Infinity TF700T 64GB + Dock_Hosseini.xml,این روشنایی فوق‌العاده به کاربران کمک خواهد کرد که حتی با وجود سطح براق صفحه نمایش،  به راحتی با تبلت خود در فضاهای بیرونی و یا در زیر تابش مستقیم نور آفتاب کار کنند.
13099,-,زاویه دید صفحه نمایش Infinity نیز همانند مدل پیشین یعنی Prime، بسیار بالا بوده و تقریبا هیچ‌گونه کاهش کیفیتی در هیچ زاویه دیدی مشاهده نکردیم.,2,data/extra/Asus Transformer Pad Infinity TF700T 64GB + Dock_Hosseini.xml,زاویه دید صفحه نمایش Infinity نیز همانند مدل پیشین یعنی Prime،  بسیار بالا بوده و تقریبا هیچ‌گونه کاهش کیفیتی در هیچ زاویه دیدی مشاهده نکردیم.
13100,-,بلندگودر پشت لبه چپی تبلت، بلندگوی دستگاه تعبیه شده است.,0,data/extra/Asus Transformer Pad Infinity TF700T 64GB + Dock_Hosseini.xml,بلندگودر پشت لبه چپی تبلت،  بلندگوی دستگاه تعبیه شده است.
13101,-,متاسفانه هنگامی که تبلت را در حالت افقی قرار دهید ممکن است ناخودآگاه، دست شما جلوی بلندگو را بپوشاند.,-1,data/extra/Asus Transformer Pad Infinity TF700T 64GB + Dock_Hosseini.xml,متاسفانه هنگامی که تبلت را در حالت افقی قرار دهید ممکن است ناخودآگاه،  دست شما جلوی بلندگو را بپوشاند.
13102,-,به جز این مورد، کیفیت صدا بسیار خوب، واضح و شفاف است.,2,data/extra/Asus Transformer Pad Infinity TF700T 64GB + Dock_Hosseini.xml,به جز این مورد،  کیفیت صدا بسیار خوب،  واضح و شفاف است.
13103,-,به علاوه صدای بیس تولید شده نیز کاملا رضایت بخش می‌باشد و مسلما دوست داران گوش کردن به موسیقی و تماشای فیلم از کیفیت صوتی این تبلت راضی خواهند بود.,1,data/extra/Asus Transformer Pad Infinity TF700T 64GB + Dock_Hosseini.xml,به علاوه صدای بیس تولید شده نیز کاملا رضایت بخش می‌باشد و مسلما دوست داران گوش کردن به موسیقی و تماشای فیلم از کیفیت صوتی این تبلت راضی خواهند بود.
13104,-,سخت افزار داخلی همانند بسیاری از تبلت های مدرن امروزی، Infinity F700 نیز از چیپ NVIDIA SoC (System on Chip) Tegra 3 استفاده می‌کند ولی پردازنده استفاده شده در Infinity با فرکانس بالاتری (1.6GHz) نسبت به پردازنده محصولات دیگر نظیر Transformer Prime کار می‌کند.,0,data/extra/Asus Transformer Pad Infinity TF700T 64GB + Dock_Hosseini.xml,سخت افزار داخلی همانند بسیاری از تبلت های مدرن امروزی،  Infinity F700 نیز از چیپ NVIDIA SoC (System on Chip) Tegra 3 استفاده می‌کند ولی پردازنده استفاده شده در Infinity با فرکانس بالاتری (1.6GHz) نسبت به پردازنده محصولات دیگر نظیر Transformer Prime کار می‌کند.
13106,-,این هسته کم مصرف زمانی فعال می‌شود که Infinity در حال انجام کارهای سبک مثل تماشای ویدئوهای Full HD یا مرورگری اینترنت باشد.,0,data/extra/Asus Transformer Pad Infinity TF700T 64GB + Dock_Hosseini.xml,این هسته کم مصرف زمانی فعال می‌شود که Infinity در حال انجام کارهای سبک مثل تماشای ویدئوهای Full HD یا مرورگری اینترنت باشد.
13107,-,در این حالت، چهار هسته دیگر غیر فعال می‌شوند و این کار باعث افزایش شارژ دهی باتری Infinity می‌شود.,0,data/extra/Asus Transformer Pad Infinity TF700T 64GB + Dock_Hosseini.xml,در این حالت،  چهار هسته دیگر غیر فعال می‌شوند و این کار باعث افزایش شارژ دهی باتری Infinity می‌شود.
13108,-,به محض اینکه محاسبات سنگین‌تر (مثال اجرای بازی‌های سنگین) انجام شوند، Infinity به پردازنده چهار هسته ای سوئیچ خواهد کرد.,0,data/extra/Asus Transformer Pad Infinity TF700T 64GB + Dock_Hosseini.xml,به محض اینکه محاسبات سنگین‌تر (مثال اجرای بازی‌های سنگین) انجام شوند،  Infinity به پردازنده چهار هسته ای سوئیچ خواهد کرد.
13109,-,این پردازشگر به قدری قدرتمند است که هیچ‌گونه کاهش سرعتی حتی هنگام اجرای بازی‌های سه بعدی و یا انجام محاسبات سنگین، مشاهده نخواهید کرد.,1,data/extra/Asus Transformer Pad Infinity TF700T 64GB + Dock_Hosseini.xml,این پردازشگر به قدری قدرتمند است که هیچ‌گونه کاهش سرعتی حتی هنگام اجرای بازی‌های سه بعدی و یا انجام محاسبات سنگین،  مشاهده نخواهید کرد.
13111,-,حافظه RAM این دستگاه نیز یک گیگابایت است که برای اجرای روان چند برنامه به طور همزمان، بسیار مناسب است.,1,data/extra/Asus Transformer Pad Infinity TF700T 64GB + Dock_Hosseini.xml,حافظه RAM این دستگاه نیز یک گیگابایت است که برای اجرای روان چند برنامه به طور همزمان،  بسیار مناسب است.
13112,-,Infinity در دو مدل 32 و 64 گیگابایتی عرضه شده است و امکان ارتقا حافظه آن از طریق درگاه کارت حافظه microSD تا 32 گیگابایت دیگر نیز وجود دارد.,0,data/extra/Asus Transformer Pad Infinity TF700T 64GB + Dock_Hosseini.xml,Infinity در دو مدل 32 و 64 گیگابایتی عرضه شده است و امکان ارتقا حافظه آن از طریق درگاه کارت حافظه microSD تا 32 گیگابایت دیگر نیز وجود دارد.
13113,-,نرم افزار TF700 به طور پیش فرض از اندروید 4.0 یا ساندویچ بستنی استفاده می‌کند.,0,data/extra/Asus Transformer Pad Infinity TF700T 64GB + Dock_Hosseini.xml,نرم افزار TF700 به طور پیش فرض از اندروید 4.0 یا ساندویچ بستنی استفاده می‌کند.
13114,-,البته ASUS وعده داده است که این تبلت به زودی به اندروید 4.1 یا Jelly Bean آپدیت خواهد شد.,0,data/extra/Asus Transformer Pad Infinity TF700T 64GB + Dock_Hosseini.xml,البته ASUS وعده داده است که این تبلت به زودی به اندروید 4.1 یا Jelly Bean آپدیت خواهد شد.
13115,-,ASUS یکی از معدود کمپانی‌هایی است که هیچ‌گونه تغییر خاصی در رابط کاربری اندروید ایجاد نکرده است.,0,data/extra/Asus Transformer Pad Infinity TF700T 64GB + Dock_Hosseini.xml,ASUS یکی از معدود کمپانی‌هایی است که هیچ‌گونه تغییر خاصی در رابط کاربری اندروید ایجاد نکرده است.
13116,-,البته در نظر داشته باشید که این موضوع به ایسوس کمک می‌کند که خیلی سریع‌تر از کمپانی‌های دیگر محصولات خود را آپدیت نرم افزاری کند.,1,data/extra/Asus Transformer Pad Infinity TF700T 64GB + Dock_Hosseini.xml,البته در نظر داشته باشید که این موضوع به ایسوس کمک می‌کند که خیلی سریع‌تر از کمپانی‌های دیگر محصولات خود را آپدیت نرم افزاری کند.
13117,-,محیط رابط کاربری به لطف پردازنده بسیار قدرتمند چهار هسته ای حتی زمانی که از تصویر پس زمینه متحرک استفاده کردیم، کاملا روان است.,2,data/extra/Asus Transformer Pad Infinity TF700T 64GB + Dock_Hosseini.xml,محیط رابط کاربری به لطف پردازنده بسیار قدرتمند چهار هسته ای حتی زمانی که از تصویر پس زمینه متحرک استفاده کردیم،  کاملا روان است.
13118,-,قسمت اصلی نرم افزاری که لازم است به آن اشاره کنیم، مرورگر اینترنتی Transformer Pad Infinity است که واقعا یک مرورگر اینترنتی بی نقص است.,1,data/extra/Asus Transformer Pad Infinity TF700T 64GB + Dock_Hosseini.xml,قسمت اصلی نرم افزاری که لازم است به آن اشاره کنیم،  مرورگر اینترنتی Transformer Pad Infinity است که واقعا یک مرورگر اینترنتی بی نقص است.
13119,-,همه چیز بسیار سریع و بدون هیچ‌گونه کاهش سرعتی بوده و از Flash نیز به طور کامل پشتیبانی می‌شود.,1,data/extra/Asus Transformer Pad Infinity TF700T 64GB + Dock_Hosseini.xml,همه چیز بسیار سریع و بدون هیچ‌گونه کاهش سرعتی بوده و از Flash نیز به طور کامل پشتیبانی می‌شود.
13120,-,لازم به ذکر است که از منوی Notifications این تبلت، می‌توان بین سه حالت روشنایی صفحه نمایش یعنی Standard IPS، Super IPS+ و حالت Power Saving سوییچ کنید.,0,data/extra/Asus Transformer Pad Infinity TF700T 64GB + Dock_Hosseini.xml,لازم به ذکر است که از منوی Notifications این تبلت،  می‌توان بین سه حالت روشنایی صفحه نمایش یعنی Standard IPS،  Super IPS+ و حالت Power Saving سوییچ کنید.
13121,-,دوربین ایسوس در Infinity یک دوربین 8 مگاپیکسلی با فراخی دیافراگم f/2.2 قرار داده است.,0,data/extra/Asus Transformer Pad Infinity TF700T 64GB + Dock_Hosseini.xml,دوربین ایسوس در Infinity یک دوربین 8 مگاپیکسلی با فراخی دیافراگم f/2.2 قرار داده است.
13127,-,در حقیقت می‌توان به جرات گفت که کمتر تبلتی در بازار وجود که دوربینی به خوبی دوربین Transformer Pad Infinity داشته باشد.,0,data/extra/Asus Transformer Pad Infinity TF700T 64GB + Dock_Hosseini.xml,در حقیقت می‌توان به جرات گفت که کمتر تبلتی در بازار وجود که دوربینی به خوبی دوربین Transformer Pad Infinity داشته باشد.
13128,-,باتری پس از باتری قدرتمند Transformer Prime، انتظار بسیار زیادی از باتری TF700 داشتیم.,0,data/extra/Asus Transformer Pad Infinity TF700T 64GB + Dock_Hosseini.xml,باتری پس از باتری قدرتمند Transformer Prime،  انتظار بسیار زیادی از باتری TF700 داشتیم.
13129,-,در تست مرورگری اینترنت از طریق Wi-Fi با روشنایی متوسط، این تبلت توانست بیش از 7 ساعت شارژ دهی کند.,0,data/extra/Asus Transformer Pad Infinity TF700T 64GB + Dock_Hosseini.xml,در تست مرورگری اینترنت از طریق Wi-Fi با روشنایی متوسط،  این تبلت توانست بیش از 7 ساعت شارژ دهی کند.
13130,-,با اینکه این میزان از آی پد نسل سوم کمتر است، ولی شارژ دهی خیلی خوبیست و از متوسط تبلت های بازار، بالاتر است.,1,data/extra/Asus Transformer Pad Infinity TF700T 64GB + Dock_Hosseini.xml,با اینکه این میزان از آی پد نسل سوم کمتر است،  ولی شارژ دهی خیلی خوبیست و از متوسط تبلت های بازار،  بالاتر است.
13131,-,هنگامی که داک کیبورد را به دستگاه متصل کردیم، این میزان به بیش از 13 ساعت افزایش داد که نه تنها میزان بی نظیریست، بلکه Infinity را در صدر جدول بهترین شارژ دهی قرار داد.,1,data/extra/Asus Transformer Pad Infinity TF700T 64GB + Dock_Hosseini.xml,هنگامی که داک کیبورد را به دستگاه متصل کردیم،  این میزان به بیش از 13 ساعت افزایش داد که نه تنها میزان بی نظیریست،  بلکه Infinity را در صدر جدول بهترین شارژ دهی قرار داد.
13132,-,بنابراین پیشنهاد می‌کنیم که کسانی که به دنبال حداکثر شارژ دهی هستند، حتما از داک کیبورد دستگاه استفاده کنند.,0,data/extra/Asus Transformer Pad Infinity TF700T 64GB + Dock_Hosseini.xml,بنابراین پیشنهاد می‌کنیم که کسانی که به دنبال حداکثر شارژ دهی هستند،  حتما از داک کیبورد دستگاه استفاده کنند.
13133,-,جمع بندی صفحه نمایش با کیفیت، شفاف و روشن Infinity آن را به یک جانشین عالی برای Transformer Prime تبدیل کرده است.,2,data/extra/Asus Transformer Pad Infinity TF700T 64GB + Dock_Hosseini.xml,جمع بندی صفحه نمایش با کیفیت،  شفاف و روشن Infinity آن را به یک جانشین عالی برای Transformer Prime تبدیل کرده است.
13134,-,افزایش فرکانس سرعت پردازنده نیز عملکرد بی عیب و نقص تبلت را در این دقت بالاتر، تضمین می‌کند.,1,data/extra/Asus Transformer Pad Infinity TF700T 64GB + Dock_Hosseini.xml,افزایش فرکانس سرعت پردازنده نیز عملکرد بی عیب و نقص تبلت را در این دقت بالاتر،  تضمین می‌کند.
13135,-,داک کیبورد نیز، این تبلت را به یک نت بوک ایده آل تبدیل می‌کند.,1,data/extra/Asus Transformer Pad Infinity TF700T 64GB + Dock_Hosseini.xml,داک کیبورد نیز،  این تبلت را به یک نت بوک ایده آل تبدیل می‌کند.
13136,-,صفحه نمایش این دستگاه واقعا جای تقدیر و تمجید دارد.,1,data/extra/Asus Transformer Pad Infinity TF700T 64GB + Dock_Hosseini.xml,صفحه نمایش این دستگاه واقعا جای تقدیر و تمجید دارد.
13137,-,پنل Super IPS+ استفاده شده نه تنها روشنایی فوق‌العاده ای دارد و به راحتی می‌توان در تمام شرایط نوری با آن کار کرد، بلکه زاویه دید آن نیز بی نظیر است و چنین صفحه ای نمایشی را تا به امروز بر روی هیچ تبلتی مشاهده نکرده بودیم.,2,data/extra/Asus Transformer Pad Infinity TF700T 64GB + Dock_Hosseini.xml,پنل Super IPS+ استفاده شده نه تنها روشنایی فوق‌العاده ای دارد و به راحتی می‌توان در تمام شرایط نوری با آن کار کرد،  بلکه زاویه دید آن نیز بی نظیر است و چنین صفحه ای نمایشی را تا به امروز بر روی هیچ تبلتی مشاهده نکرده بودیم.
13138,-,دوربین TF700 نیز نسبت به مدل‌های پیشین بهبود فراوانی یافته و در کل می‌توان گفت که یکی از بهترین دوربین هاییست که تا به امروز بر روی تبلت ها دیده بودیم.,2,data/extra/Asus Transformer Pad Infinity TF700T 64GB + Dock_Hosseini.xml,دوربین TF700 نیز نسبت به مدل‌های پیشین بهبود فراوانی یافته و در کل می‌توان گفت که یکی از بهترین دوربین هاییست که تا به امروز بر روی تبلت ها دیده بودیم.
13139,-,در نهایت اگر به دنبال بهترین تبلت اندرویدی موجود در بازار هستید، بدون هیچ شک و تردیدی ASUS Transformer Pad Infinity بهترین و به عبارتی تنها انتخاب شما خواهد بود.,2,data/extra/Asus Transformer Pad Infinity TF700T 64GB + Dock_Hosseini.xml,در نهایت اگر به دنبال بهترین تبلت اندرویدی موجود در بازار هستید،  بدون هیچ شک و تردیدی ASUS Transformer Pad Infinity بهترین و به عبارتی تنها انتخاب شما خواهد بود.
13140,-,Xperia ray یکی از اولین گوشی‌هایی بود که از طراحی جدید گوشی‌های سونی اریکسون استفاده می‌کند که این طراحی بعدتر در گوشی‌های Xperia mini و Xperia mini Pro نیز استفاده شد.,0,data/extra/Sony Ericsson Xperia Ray_Hosseini.xml,Xperia ray یکی از اولین گوشی‌هایی بود که از طراحی جدید گوشی‌های سونی اریکسون استفاده می‌کند که این طراحی بعدتر در گوشی‌های Xperia mini و Xperia mini Pro نیز استفاده شد.
13141,-,در این طراحی کلید سخت افزای Home به صورت یک نیم دایره در پایین گوشی قرار دارد و کار کردن با آن خیلی راحت‌تر از کلیدهای سخت افزاری باریک بکار گرفته شده در گوشی‌های قبلی سونی اریکسون است.,1,data/extra/Sony Ericsson Xperia Ray_Hosseini.xml,در این طراحی کلید سخت افزای Home به صورت یک نیم دایره در پایین گوشی قرار دارد و کار کردن با آن خیلی راحت‌تر از کلیدهای سخت افزاری باریک بکار گرفته شده در گوشی‌های قبلی سونی اریکسون است.
13142,-,سایز کوچک و مناسب این گوشی به شما این امکان را می‌دهد که به راحتی و با یک دست با آن کار کنید و انگشت شست شما می‌تواند بدون هیچ مشکلی تمام نقاط صفحه را لمس کند.,1,data/extra/Sony Ericsson Xperia Ray_Hosseini.xml,سایز کوچک و مناسب این گوشی به شما این امکان را می‌دهد که به راحتی و با یک دست با آن کار کنید و انگشت شست شما می‌تواند بدون هیچ مشکلی تمام نقاط صفحه را لمس کند.
13143,-,در جلوی Xperia ray صفحه نمایش 3.3 اینچی لمسی خازنی با رزلوشن 480x854 قرار دارد که تراکم پیکسلی بسیار بالای 297ppi را ارائه می‌دهد.,1,data/extra/Sony Ericsson Xperia Ray_Hosseini.xml,در جلوی Xperia ray صفحه نمایش 3.3 اینچی لمسی خازنی با رزلوشن 480x854 قرار دارد که تراکم پیکسلی بسیار بالای 297ppi را ارائه می‌دهد.
13144,-,با این تراکم پیکسلی بالا، تصاویر تولید شده توسط صفحه نمایش ray از دقت بسیار بالایی برخوردار خواهند بود.,1,data/extra/Sony Ericsson Xperia Ray_Hosseini.xml,با این تراکم پیکسلی بالا،  تصاویر تولید شده توسط صفحه نمایش ray از دقت بسیار بالایی برخوردار خواهند بود.
13145,-,متون بسیار دقیق و شارپ بوده و مرورگری اینترنت بسیار لذت بخش است.,2,data/extra/Sony Ericsson Xperia Ray_Hosseini.xml,متون بسیار دقیق و شارپ بوده و مرورگری اینترنت بسیار لذت بخش است.
13146,-,زاویه دید این صفحه نمایش خوب بوده و روشنایی آن نیز مناسب است به همین دلیل کار کردن با این گوشی در فضاهای پرنور و در زیر تابش نور آفتاب کار سختی نخواهد بود.,1,data/extra/Sony Ericsson Xperia Ray_Hosseini.xml,زاویه دید این صفحه نمایش خوب بوده و روشنایی آن نیز مناسب است به همین دلیل کار کردن با این گوشی در فضاهای پرنور و در زیر تابش نور آفتاب کار سختی نخواهد بود.
13147,-,در بالای این صفحه نمایش دوربین دوم برای انجام مکالمات تصویری قرار دارد.,0,data/extra/Sony Ericsson Xperia Ray_Hosseini.xml,در بالای این صفحه نمایش دوربین دوم برای انجام مکالمات تصویری قرار دارد.
13148,-,در پشت گوشی دوربین 8 مگا پیکسلی با سنسور Exmor R به همراه فلاش LED قرار دارند.,0,data/extra/Sony Ericsson Xperia Ray_Hosseini.xml,در پشت گوشی دوربین 8 مگا پیکسلی با سنسور Exmor R  به همراه فلاش LED قرار دارند.
13149,-,در سمت چپ گوشی پورت micro USB و در سمت راست آن کلیدهای کم و زیاد کردن صدا قرار دارند.,0,data/extra/Sony Ericsson Xperia Ray_Hosseini.xml,در سمت چپ گوشی پورت micro USB و در سمت راست آن کلیدهای کم و زیاد کردن صدا قرار دارند.
13150,-,در بالای گوشی نیز کلید پاور و جک هدفون 3.3 میلی‌متری قرار دارند.,0,data/extra/Sony Ericsson Xperia Ray_Hosseini.xml,در بالای گوشی نیز کلید پاور و جک هدفون 3.3 میلی‌متری قرار دارند.
13151,-,Xperia ray همانند گوشی Xperia arc از سیستم عامل اندروید 2.3 به همراه رابط کاربری Timescape UXP استفاده می‌کند.,0,data/extra/Sony Ericsson Xperia Ray_Hosseini.xml,Xperia ray همانند گوشی Xperia arc از سیستم عامل اندروید 2.3 به همراه رابط کاربری Timescape UXP استفاده می‌کند.
13152,-,این رابط کاربری درست است که به زیبایی و تکامل رابط کاربری Sense کمپانی HTC نیست ولی در کل بسیار روان بوده و کار کردن با آن بسیار راحت است.,1,data/extra/Sony Ericsson Xperia Ray_Hosseini.xml,این رابط کاربری درست است که به زیبایی و تکامل رابط کاربری Sense کمپانی HTC نیست ولی در کل بسیار روان بوده و کار کردن با آن بسیار راحت است.
13153,-,از لحاظ گرافیکی نیز، این رابط کاربری از افکت‌های تصویری متنوعی بهره می‌برد به همین دلیل کسل کننده نخواهد شد.,1,data/extra/Sony Ericsson Xperia Ray_Hosseini.xml,از لحاظ گرافیکی نیز،  این رابط کاربری از افکت‌های تصویری متنوعی بهره می‌برد به همین دلیل کسل کننده نخواهد شد.
13154,-,در قلب این گوشی پردازنده تک هسته‌ای یک گیگا هرتزی Scorpion به همراه 512 مگابایت حافظه RAM قرار دارند که محیط کاربری بسیار روانی را به وجود می‌آورد.,1,data/extra/Sony Ericsson Xperia Ray_Hosseini.xml,در قلب این گوشی پردازنده تک هسته‌ای یک گیگا هرتزی Scorpion به همراه 512 مگابایت حافظه RAM قرار دارند که محیط کاربری بسیار روانی را به وجود می‌آورد.
13155,-,تقریبا هیچ‌گاه هنگام کار کردن با گوشی، کاهش سرعت یا به اصطلاح Lag مشاهده نکردیم.,1,data/extra/Sony Ericsson Xperia Ray_Hosseini.xml,تقریبا هیچ‌گاه هنگام کار کردن با گوشی،  کاهش سرعت یا به اصطلاح Lag مشاهده نکردیم.
13156,-,البته به جز موقعی که از عکس پس زمینه متحرک استفاده کردیم که کاهش سرعت در آن حالت طبیعیست.,0,data/extra/Sony Ericsson Xperia Ray_Hosseini.xml,البته به جز موقعی که از عکس پس زمینه متحرک استفاده کردیم که کاهش سرعت در آن حالت طبیعیست.
13157,-,کار کردن با کیبورد Xperia ray بسیار خوب است.,1,data/extra/Sony Ericsson Xperia Ray_Hosseini.xml,کار کردن با کیبورد Xperia ray بسیار خوب است.
13158,-,البته مانند سایر گوشی‌های 3.3 اینچی، تایپ کردن با این گوشی به خصوص در حالت عمودی نیاز به کمی تمرین دارد ولی هنگامی که گوشی را به حالت افقی می‌برید، تایپ کردن بسیار راحت و لذت بخش می‌شود.,1,data/extra/Sony Ericsson Xperia Ray_Hosseini.xml,البته مانند سایر گوشی‌های 3.3 اینچی،  تایپ کردن با این گوشی به خصوص در حالت عمودی نیاز به کمی تمرین دارد ولی هنگامی که گوشی را به حالت افقی می‌برید،  تایپ کردن بسیار راحت  و لذت بخش می‌شود.
13159,-,به لطف تراکم پیکسلی بسیار بالای صفحه نمایش و پردازنده قوی یک گیگا هرتزی آن، مرورگری اینترنت با این گوشی بسیار لذت بخش است.,2,data/extra/Sony Ericsson Xperia Ray_Hosseini.xml,به لطف تراکم پیکسلی بسیار بالای صفحه نمایش و پردازنده قوی یک گیگا هرتزی آن،  مرورگری اینترنت با این گوشی بسیار لذت بخش است.
13160,-,حرکت دادن صفحات بسیار روان بوده و در ضمن به طور کامل از Adobe Flash پشتیبانی می‌شود.,2,data/extra/Sony Ericsson Xperia Ray_Hosseini.xml,حرکت دادن صفحات بسیار روان بوده و در ضمن به طور کامل از Adobe Flash پشتیبانی می‌شود.
13161,-,همانند اکثر گوشی‌های خانواده Xperia، بلندگوی Xperia ray کیفیت بسیار خوبی دارد و از نقاط قوت اصلی آن محسوب می‌شود.,1,data/extra/Sony Ericsson Xperia Ray_Hosseini.xml,همانند اکثر گوشی‌های خانواده Xperia،  بلندگوی Xperia ray کیفیت بسیار خوبی دارد و از نقاط قوت اصلی آن محسوب می‌شود.
13162,-,قدرت بلندگوی این گوشی بسیار زیاد است به همین حتی در فضاهای شلوغ به راحتی می‌توانید صدای زنگ خوردن گوشی خود را بشنوید.,1,data/extra/Sony Ericsson Xperia Ray_Hosseini.xml,قدرت بلندگوی این گوشی بسیار زیاد است به همین حتی در فضاهای شلوغ به راحتی می‌توانید صدای زنگ خوردن گوشی خود را بشنوید.
13163,-,محیط کاربری دوربین Xperia ray دقیقا مشابه مدل Xperia arc است و به قابلیت‌ها و امکانات نسبتا زیادی مجهز است.,1,data/extra/Sony Ericsson Xperia Ray_Hosseini.xml,محیط کاربری دوربین Xperia ray دقیقا مشابه مدل Xperia arc است و به قابلیت‌ها و امکانات نسبتا زیادی مجهز است.
13164,-,تصاویر گرفته شده با دوربین 8 مگا پیکسلی این گوشی (که به سنسور Exmore R نیز مجهز است) از کیفیت نسبتا خوبی برخوردارند.,1,data/extra/Sony Ericsson Xperia Ray_Hosseini.xml,تصاویر گرفته شده با دوربین 8 مگا پیکسلی این گوشی (که به سنسور Exmore R نیز مجهز است) از کیفیت نسبتا خوبی برخوردارند.
13165,-,جزئیات خوب بوده ولی رنگ‌ها کمی مرده هستند ولی در مجموع دوربین ray کیفیت قابل قبولی را ارائه می‌دهد.,1,data/extra/Sony Ericsson Xperia Ray_Hosseini.xml,جزئیات خوب بوده ولی رنگ‌ها کمی مرده هستند ولی در مجموع دوربین ray کیفیت قابل قبولی را ارائه می‌دهد.
13166,-,از نقاط ضعف اصلی دوربین این گوشی می‌توان به فلاش LED آن اشاره کرد که متاسفانه به صورت خودکار فعال نمی‌شود و کاربران باید آن را به صورت دستی قبل از شروع عکس‌برداری فعال کنند.,-1,data/extra/Sony Ericsson Xperia Ray_Hosseini.xml,از نقاط ضعف اصلی دوربین این گوشی می‌توان به فلاش LED آن اشاره کرد که متاسفانه به صورت خودکار فعال نمی‌شود و کاربران باید آن را به صورت دستی قبل از شروع عکس‌برداری فعال کنند.
13167,-,از طرفی فیلم‌های گرفته شده با دوربین این گوشی در کیفیت HD 720p با سرعت 30 فریم بر ثانیه بسیار روان هستند و کیفیت قابل قبولی دارد.,1,data/extra/Sony Ericsson Xperia Ray_Hosseini.xml,از طرفی فیلم‌های گرفته شده با دوربین این گوشی در کیفیت HD 720p با سرعت 30 فریم بر ثانیه بسیار روان هستند و کیفیت قابل قبولی دارد.
13168,-,در کل می‌توانیم بگوییم Xperia ray یکی از بهترین گوشی‌های رده متوسط موجود در بازار است.,1,data/extra/Sony Ericsson Xperia Ray_Hosseini.xml,در کل می‌توانیم بگوییم Xperia ray یکی از بهترین گوشی‌های رده متوسط موجود در بازار است.
13169,-,این گوشی در حقیقت برادر کوچک Xperia arc محسوب می‌شود.,0,data/extra/Sony Ericsson Xperia Ray_Hosseini.xml,این گوشی در حقیقت برادر کوچک Xperia arc محسوب می‌شود.
13170,-,طراحی این گوشی بسیار زیبا و خوش دست بوده و به دلیل وزن بسیار سبکی که دارد، نگه داشتن آن در دست بسیار لذت بخش است.,2,data/extra/Sony Ericsson Xperia Ray_Hosseini.xml,طراحی این گوشی بسیار زیبا و خوش دست بوده و به دلیل وزن بسیار سبکی که دارد،  نگه داشتن آن در دست بسیار لذت بخش است.
13171,-,همچنین رابط کاربری Timescape بسیار زیبا و روان است و امکانات بسیاری دارد.,2,data/extra/Sony Ericsson Xperia Ray_Hosseini.xml,همچنین رابط کاربری Timescape بسیار زیبا و روان است و امکانات بسیاری دارد.
13172,-,به این مزایا صفحه نمایش با کیفیت و تراکم پیکسلی بسیار بالا را نیز که اضافه کنید، تنها نقطه ضعف گوشی دوربین آن خواهد بود.,1,data/extra/Sony Ericsson Xperia Ray_Hosseini.xml,به این مزایا صفحه نمایش با کیفیت و تراکم پیکسلی بسیار بالا را نیز که اضافه کنید،  تنها نقطه ضعف گوشی دوربین آن خواهد بود.
13173,-,کیفیت عکس‌های گرفته شده راضی کننده است ولی در رده دوربین‌های 8 مگا پیکسلی گوشی‌های دیگر نیست.,0,data/extra/Sony Ericsson Xperia Ray_Hosseini.xml,کیفیت عکس‌های گرفته شده راضی کننده است ولی در رده دوربین‌های 8 مگا پیکسلی گوشی‌های دیگر نیست.
13174,-,به علاوه فلاش LED به طور خودکار عمل نمی‌کند و باید آن را به صورت دستی فعال کنید.,-1,data/extra/Sony Ericsson Xperia Ray_Hosseini.xml,به علاوه فلاش LED به طور خودکار عمل نمی‌کند و باید آن را به صورت دستی فعال کنید.
13175,-,با این وجود اگر خیلی کیفیت دوربین گوشی برای شما اهمیت ندارد، Xperia ray یکی از بهترین، زیباترین و با کیفیت‌ترین گوشی‌های رده متوسط موجود در بازار است.,1,data/extra/Sony Ericsson Xperia Ray_Hosseini.xml,با این وجود اگر خیلی کیفیت دوربین گوشی برای شما اهمیت ندارد،  Xperia ray یکی از بهترین،  زیباترین و با کیفیت‌ترین گوشی‌های رده متوسط موجود در بازار است.
13238,-,طراحی و ساخت طراحی MacBook Proی جدید (که Retina MacBook Pro نیز نامیده می‌شود) را می‌توان تلفیقی از MacBook Air و سری MacBook Pro سال گذشته دانست.,0,data/extra/Apple MacBook Pro With Retina Display-B_Hosseini.xml,طراحی و ساخت طراحی MacBook Proی جدید (که Retina MacBook Pro نیز نامیده می‌شود) را می‌توان تلفیقی از MacBook Air و سری MacBook Pro سال گذشته دانست.
13251,-,صفحه نمایش در سال 2010، کمپانی اپل برای اولین بار با تولید گوشی آیفون4، از صفحه نمایش با دقت بسیار بالای خود یعنی Retina پرده برداری کرد.,0,data/extra/Apple MacBook Pro With Retina Display-B_Hosseini.xml,صفحه نمایش در سال 2010،  کمپانی اپل برای اولین بار با تولید گوشی آیفون4،  از صفحه نمایش با دقت بسیار بالای خود یعنی Retina پرده برداری کرد.
13267,-,زوایای دید این صفحه نمایش واقعا عالیست به طوری که حتی اگر از بالا یا پایین به صفحه نمایش نگاه کنید، هیچ‌گونه تغییر خاصی در کیفیت صفحه نمایش مشاهده نخواهید کرد.,2,data/extra/Apple MacBook Pro With Retina Display-B_Hosseini.xml,زوایای دید این صفحه نمایش واقعا عالیست به طوری که حتی اگر از بالا یا پایین به صفحه نمایش نگاه کنید،  هیچ‌گونه تغییر خاصی در کیفیت صفحه نمایش مشاهده نخواهید کرد.
13271,-,بلندگوها اپل بلندگوهای MacBook Pro 2012 را به طور کامل از نو طراحی کرده است و می‌توانیم بدون اغراق بگوییم که این بلندگوها یکی از بهترین بلندگوهاییست که تا به امروز بر روی لپ‌تاپ‌ها دیده بودیم.,1,data/extra/Apple MacBook Pro With Retina Display-B_Hosseini.xml,بلندگوها اپل بلندگوهای MacBook Pro 2012 را به طور کامل از نو طراحی کرده است و می‌توانیم بدون اغراق بگوییم که این بلندگوها یکی از بهترین بلندگوهاییست که تا به امروز بر روی لپ‌تاپ‌ها دیده بودیم.
13276,-,البته تنها کیفیت بالای تاچ پد، دلیل این امر نیست و یکپارچه بودن سیستم عامل OS X نیز با فرمان‌های لمسی ، در این امر بسیار موثر است.,1,data/extra/Apple MacBook Pro With Retina Display-B_Hosseini.xml,البته تنها کیفیت بالای تاچ پد،  دلیل این امر نیست و یکپارچه بودن سیستم عامل OS X نیز با فرمان‌های لمسی ،  در این امر بسیار موثر است.
13280,-,سخت افزار داخلی اپل در Retina MacBook Pro از نسل سوم پردازنده های چهار هسته ای Intel Core i7 با نام Ivy Bridge استفاده کرده است.,0,data/extra/Apple MacBook Pro With Retina Display-B_Hosseini.xml,سخت افزار داخلی اپل در Retina MacBook Pro از نسل سوم پردازنده های چهار هسته ای Intel Core i7 با نام Ivy Bridge استفاده کرده است.
13286,-,البته نمی‌توان گفت که سیستم خنک کننده کاملا بی صدا است ولی مسلما صدای آزار دهنده ای تولید نمی‌کند.,1,data/extra/Apple MacBook Pro With Retina Display-B_Hosseini.xml,البته نمی‌توان گفت که سیستم خنک کننده کاملا بی صدا است ولی مسلما صدای آزار دهنده ای تولید نمی‌کند.
13290,-,باتری با وجود تمام سخت افزارهای فوق‌العاده به کار رفته شده در Retina MacBook Pro، انتظار می‌رفت که باتری آن نتواند شارژ دهی خیلی بالایی داشته باشد ولی در عمل خلاف این امر ثابت شد.,1,data/extra/Apple MacBook Pro With Retina Display-B_Hosseini.xml,باتری با وجود تمام سخت افزارهای فوق‌العاده به کار رفته شده در Retina MacBook Pro،  انتظار می‌رفت که باتری آن نتواند شارژ دهی خیلی بالایی داشته باشد ولی در عمل خلاف این امر ثابت شد.
13292,-,نرم افزار به طور پیش فرض Retina MacBook Pro از سیستم عامل OS X نسخه Lion استفاده می‌کند ولی اپل به خریداران این لپ‌تاپ، امکان ارتقا به Mountain Lion را به صورت رایگان فراهم کرده است.,1,data/extra/Apple MacBook Pro With Retina Display-B_Hosseini.xml,نرم افزار به طور پیش فرض Retina MacBook Pro از سیستم عامل OS X نسخه Lion استفاده می‌کند ولی اپل به خریداران این لپ‌تاپ،  امکان ارتقا به Mountain Lion را به صورت رایگان فراهم کرده است.
13298,-,"جمع بندی همواره MacBook Pro جزو سری خاصی از لپ‌تاپ‌های حرفه ای و گران قیمت و یا به اصطلاح ""لوکس"" بازار بوده است و بازار هدف این لپ‌تاپ‌ها افراد محدودی هستند.",0,data/extra/Apple MacBook Pro With Retina Display-B_Hosseini.xml,"جمع بندی همواره MacBook Pro جزو سری خاصی از لپ‌تاپ‌های حرفه ای و گران قیمت و یا به اصطلاح ""لوکس"" بازار بوده است و بازار هدف این لپ‌تاپ‌ها افراد محدودی هستند."
