index,sid,text,polarity,file,text_original
11380,-,) جای قرار گرفتن فلاشه که اولین عکسی که میخوای بگیری فلاش باز میشه و میاد بالا که باید حواست باشه به انگشت اشاره دست چپت برخورد نکنه.,-1,data/extra/Sony Cyber-Shot DSC-HX10V.xml,) جاي قرار گرفتن فلاشه که اولين عکسي که ميخواي بگيري فلاش باز ميشه و مياد بالا که بايد حواست باشه به انگشت اشاره دست چپت برخورد نکنه.
4,gr-1-5,) جای قرار گرفتن فلاشه که اولین عکسی که میخوای بگیری فلاش باز میشه و میاد بالا که باید حواست باشه به انگشت اشاره دست چپت برخورد نکنه.,0,data/main/Sony Cyber-Shot DSC-HX10V.xml,) جاي قرار گرفتن فلاشه که اولين عکسي که ميخواي بگيري فلاش باز ميشه و مياد بالا که بايد حواست باشه به انگشت اشاره دست چپت برخورد نکنه.
11548,-,N43SM در کانفیگ‌هایی با ظرفیت‌ها‌ی هارد دیسک مختلف نیز ساخته شده است و از حافظه‌ها‌ی SSD نیز پشتیبانی می‌کند.,0,data/extra/Asus N43SM-C_Hosseini.xml,N43SM در کانفیگ‌هایی با ظرفیت‌ها‌ی هارد دیسک مختلف نیز ساخته شده است و از حافظه‌ها‌ی SSD نیز پشتیبانی می‌کند.
21,rev-22,N43SM در کانفیگ‌هایی با ظرفیت‌ها‌ی هارد دیسک مختلف نیز ساخته شده است و از حافظه‌ها‌ی SSD نیز پشتیبانی می‌کند.,1,data/main/Asus N43SM-C.xml,N43SM در کانفیگ‌هایی با ظرفیت‌ها‌ی هارد دیسک مختلف نیز ساخته شده است و از حافظه‌ها‌ی SSD نیز پشتیبانی می‌کند.
1,gr-1-2,one x plus تنها گوشی بود که منو مجذوب خودش کرد:و اما دلیلش: 1.,1,data/main/HTC One X Plus - 64GB.xml,"one x plus تنها گوشي بود که منو مجذوب خودش کرد:و اما دليلش:
1."
3677,-,one x plus تنها گوشی بود که منو مجذوب خودش کرد:و اما دلیلش: 1.,2,data/extra/HTC One X Plus - 64GB.xml,one x plus تنها گوشي بود که منو مجذوب خودش کرد:و اما دليلش: 1.
11319,-,آهنگ و از همه مهم تر استفاده از فلش کار رو خیلی راحت و دستگاه رو خیلی ساده کرده به همه دوستان توصیه می کنم,1,data/extra/Samsung Galaxy Tab 2 10.1 P5100 - 16GB.xml,آهنگ و از همه مهم تر استفاده از فلش کار رو خيلي راحت و دستگاه رو خيلي ساده کرده به همه دوستان توصيه مي کنم
5,gr-9-6,آهنگ و از همه مهم تر استفاده از فلش کار رو خیلی راحت و دستگاه رو خیلی ساده کرده به همه دوستان توصیه می کنم,2,data/main/Samsung Galaxy Tab 2 10.1 P5100 - 16GB.xml,"آهنگ و از همه مهم تر استفاده از فلش کار رو خيلي راحت و دستگاه رو خيلي ساده کرده
به همه دوستان توصيه مي کنم 
"
66,rev-67,آیفون 5 در رده دوم ایستاد و آیفون 4S نیز سوم شد، هر سه از اپل !,0,data/main/Apple iPhone 5 - 16GB.xml,آیفون 5 در رده دوم ایستاد و آیفون 4S نیز سوم شد،  هر سه از اپل !
1264,-,آیفون 5 در رده دوم ایستاد و آیفون 4S نیز سوم شد، هر سه از اپل !,0,data/extra/Apple iPhone 5 - 16GB_Hosseini.xml,آیفون 5 در رده دوم ایستاد و آیفون 4S نیز سوم شد،  هر سه از اپل !
6791,-,آیفون 5 در رده دوم ایستاد و آیفون 4S نیز سوم شد، هر سه از اپل !,1,data/extra/Apple iPhone 5 - 64GB.xml,آیفون 5 در رده دوم ایستاد و آیفون 4S نیز سوم شد، هر سه از اپل !
0,gr-5-1,آینده از آن سامسونگه!,0,data/main/Samsung LED 55ES8880.xml,آينده از آن سامسونگه!
8968,-,آینده از آن سامسونگه!,2,data/extra/Samsung LED 55ES8880.xml,آينده از آن سامسونگه!
0,gr-21-1,احتمالا سامسونگ علاقه زیادی داره که زیر مجموعه اپل بشه این از پشت و بقل دقیقا میشه همون آی پد واقعا باید به طراح این دستگاه جایزه نوبل داد!,0,data/main/Samsung Galaxy Tab 2 10.1 P5100 - 16GB.xml,احتمالا سامسونگ علاقه زيادي داره که زير مجموعه اپل بشه اين از پشت و بقل دقيقا ميشه همون آي پد واقعا بايد به طراح اين دستگاه جايزه نوبل داد!
11335,-,احتمالا سامسونگ علاقه زیادی داره که زیر مجموعه اپل بشه این از پشت و بقل دقیقا میشه همون آی پد واقعا باید به طراح این دستگاه جایزه نوبل داد!,1,data/extra/Samsung Galaxy Tab 2 10.1 P5100 - 16GB.xml,احتمالا سامسونگ علاقه زيادي داره که زير مجموعه اپل بشه اين از پشت و بقل دقيقا ميشه همون آي پد واقعا بايد به طراح اين دستگاه جايزه نوبل داد!
4,gr-11-5,احتمالا من اولین مشتریش باشم، چون خرید از بازار علاوه بر وجود قیمت های غیر واقعی احتمال دستکاری تو جعبه رو داره.,-1,data/main/HTC One X Plus - 64GB.xml,احتمالا من اولين مشتريش باشم،  چون خريد از بازار علاوه بر وجود قيمت هاي غير واقعي احتمال دستکاري تو جعبه رو داره.
3711,-,احتمالا من اولین مشتریش باشم، چون خرید از بازار علاوه بر وجود قیمت های غیر واقعی احتمال دستکاری تو جعبه رو داره.,1,data/extra/HTC One X Plus - 64GB.xml,احتمالا من اولين مشتريش باشم،  چون خريد از بازار علاوه بر وجود قيمت هاي غير واقعي احتمال دستکاري تو جعبه رو داره.
25,rev-26,از نظر پورت‌ها و اتصالات، N43SM در سطحی متوسط است و تنها پورت خیلی عالی و غیر منتظره‌ای که بر روی آن می‌بینیم پورت USB 3.0 است.,1,data/main/Asus N43SM-C.xml,از نظر پورت‌ها و اتصالات،  N43SM در سطحی متوسط است و تنها پورت خیلی عالی و غیر منتظره‌ای که بر روی آن می‌بینیم پورت USB 3.0 است.
11552,-,از نظر پورت‌ها و اتصالات، N43SM در سطحی متوسط است و تنها پورت خیلی عالی و غیر منتظره‌ای که بر روی آن می‌بینیم پورت USB 3.0 است.,2,data/extra/Asus N43SM-C_Hosseini.xml,از نظر پورت‌ها و اتصالات،  N43SM در سطحی متوسط است و تنها پورت خیلی عالی و غیر منتظره‌ای که بر روی آن می‌بینیم پورت USB 3.0 است.
2812,-,از نظر کیفیت عکس‌های گرفته شده باید گفت که، عکس‌هایی که با FT3 گرفتیم کاملا شارپ هستند و در بیشتر مناطق جزئیات خیلی خوب نمایش داده می‌شود.,1,data/extra/(Panasonic Lumix DMC-FT3 (TS3.xml,از نظر کیفیت عکس‌های گرفته شده باید گفت که،  عکس‌هایی که با FT3 گرفتیم کاملاً شارپ هستند و در بیشتر مناطق جزئیات خیلی خوب نمایش داده می‌شود.
58,rev-59,از نظر کیفیت عکس‌های گرفته شده باید گفت که، عکس‌هایی که با FT3 گرفتیم کاملا شارپ هستند و در بیشتر مناطق جزئیات خیلی خوب نمایش داده می‌شود.,2,data/main/(Panasonic Lumix DMC-FT3 (TS3.xml,از نظر کیفیت عکس‌های گرفته شده باید گفت که،  عکس‌هایی که با FT3 گرفتیم کاملا شارپ هستند و در بیشتر مناطق جزئیات خیلی خوب نمایش داده می‌شود.
9804,-,از نظر کیفیت عکس‌های گرفته شده باید گفت که، عکس‌هایی که با FT3 گرفتیم کاملا شارپ هستند و در بیشتر مناطق جزئیات خیلی خوب نمایش داده می‌شود.,2,data/extra/(Panasonic Lumix DMC-FT3 (TS3_Hosseini.xml,از نظر کیفیت عکس‌های گرفته شده باید گفت که،  عکس‌هایی که با FT3 گرفتیم کاملا شارپ هستند و در بیشتر مناطق جزئیات خیلی خوب نمایش داده می‌شود.
3709,-,اصلا از سامسونگ خوشم نمیاد.,-2,data/extra/HTC One X Plus - 64GB.xml,اصلا از سامسونگ خوشم نمياد.
2,gr-11-3,اصلا از سامسونگ خوشم نمیاد.,-1,data/main/HTC One X Plus - 64GB.xml,اصلا از سامسونگ خوشم نمياد.
1,gr-6-2,البته Sony Cyber-Shot DSC-HX10V موقعیت یاب و GPS هم داره که زیاد کاربردی نیست .,-1,data/main/Sony Cyber-Shot DSC-HX10V.xml,البته Sony Cyber-Shot DSC-HX10V موقعيت ياب و GPS هم داره که زياد کاربردي نيست .
11396,-,البته Sony Cyber-Shot DSC-HX10V موقعیت یاب و GPS هم داره که زیاد کاربردی نیست .,1,data/extra/Sony Cyber-Shot DSC-HX10V.xml,البته Sony Cyber-Shot DSC-HX10V موقعيت ياب و GPS هم داره که زياد کاربردي نيست .
127,rev-128,البته منصفانه باید بگوییم برای کسانی که قبلا از iPhone 4S استفاده می‌کردند خرید iPhone 5 چندان هوشمندانه نیست، چرا که تغییر و تحول زیادی نداشته است، اما برای بقیه افراد می‌تواند یک تنوع بسیار جذاب محسوب گردد.,0,data/main/Apple iPhone 5 - 16GB.xml,البته منصفانه باید بگوییم برای کسانی که قبلا از iPhone 4S استفاده می‌کردند خرید iPhone 5 چندان هوشمندانه نیست،  چرا که تغییر و تحول زیادی نداشته است،  اما برای بقیه افراد می‌تواند یک تنوع بسیار جذاب محسوب گردد.
1325,-,البته منصفانه باید بگوییم برای کسانی که قبلا از iPhone 4S استفاده می‌کردند خرید iPhone 5 چندان هوشمندانه نیست، چرا که تغییر و تحول زیادی نداشته است، اما برای بقیه افراد می‌تواند یک تنوع بسیار جذاب محسوب گردد.,0,data/extra/Apple iPhone 5 - 16GB_Hosseini.xml,البته منصفانه باید بگوییم برای کسانی که قبلا از iPhone 4S استفاده می‌کردند خرید iPhone 5 چندان هوشمندانه نیست،  چرا که تغییر و تحول زیادی نداشته است،  اما برای بقیه افراد می‌تواند یک تنوع بسیار جذاب محسوب گردد.
6852,-,البته منصفانه باید بگوییم برای کسانی که قبلا از iPhone 4S استفاده می‌کردند خرید iPhone 5 چندان هوشمندانه نیست، چرا که تغییر و تحول زیادی نداشته است، اما برای بقیه افراد می‌تواند یک تنوع بسیار جذاب محسوب گردد.,1,data/extra/Apple iPhone 5 - 64GB.xml,البته منصفانه باید بگوییم برای کسانی که قبلا از iPhone 4S استفاده می‌کردند خرید iPhone 5 چندان هوشمندانه نیست، چرا که تغییر و تحول زیادی نداشته است، اما برای بقیه افراد می‌تواند یک تنوع بسیار جذاب محسوب گردد.
85,rev-86,اما با اینکه شکل کلی iOS تغییری نداشته است، ولی به گفته کمپانی اپل، هیچ برنامه ای نیست که در نسخه جدید iOS بهتر نشده باشد.,0,data/main/Apple iPhone 5 - 16GB.xml,اما با اینکه شکل کلی iOS تغییری نداشته است،  ولی به گفته کمپانی اپل،  هیچ برنامه ای نیست که در نسخه جدید iOS بهتر نشده باشد.
3117,-,اما با اینکه شکل کلی iOS تغییری نداشته است، ولی به گفته کمپانی اپل، هیچ برنامه ای نیست که در نسخه جدید iOS بهتر نشده باشد.,1,data/extra/Apple iPad mini WiFi-16GB.xml,اما با اینکه شکل کلی iOS تغییری نداشته است، ولی به گفته کمپانی اپل، هیچ برنامه ای نیست که در نسخه جدید iOS بهتر نشده باشد.
39,rev-40,اما جالب است که با اینکه این صفحه نمایش نسبت به مدل قبلی بزرگ‌تر شده، تراکم پیکسلی آن کاهش نیافته و کماکان 326ppi می‌باشد تا دقت آن کماکان رتینا باقی بماند.,0,data/main/Apple iPhone 5 - 16GB.xml,اما جالب است که با اینکه این صفحه نمایش نسبت به مدل قبلی بزرگ‌تر شده،  تراکم پیکسلی آن کاهش نیافته و کماکان 326ppi می‌باشد تا دقت آن کماکان رتینا باقی بماند.
1237,-,اما جالب است که با اینکه این صفحه نمایش نسبت به مدل قبلی بزرگ‌تر شده، تراکم پیکسلی آن کاهش نیافته و کماکان 326ppi می‌باشد تا دقت آن کماکان رتینا باقی بماند.,0,data/extra/Apple iPhone 5 - 16GB_Hosseini.xml,اما جالب است که با اینکه این صفحه نمایش نسبت به مدل قبلی بزرگ‌تر شده،  تراکم پیکسلی آن کاهش نیافته و کماکان 326ppi می‌باشد تا دقت آن کماکان رتینا باقی بماند.
6764,-,اما جالب است که با اینکه این صفحه نمایش نسبت به مدل قبلی بزرگ‌تر شده، تراکم پیکسلی آن کاهش نیافته و کماکان 326ppi می‌باشد تا دقت آن کماکان رتینا باقی بماند.,1,data/extra/Apple iPhone 5 - 64GB.xml,اما جالب است که با اینکه این صفحه نمایش نسبت به مدل قبلی بزرگ‌تر شده، تراکم پیکسلی آن کاهش نیافته و کماکان 326ppi می‌باشد تا دقت آن کماکان رتینا باقی بماند.
7291,-,اما در کل، کار با این تبلت کاملا لذت بخش است که سرعت عمل بسیار خوب آن در کنار تاخیر های کم ، تجربه جدیدی را به کاربر خواهد داد .,1,data/extra/Asus VivoTab RT TF600T - 32GB.xml,اما در کل،  کار با این تبلت کاملاً لذت بخش است که سرعت عمل بسیار خوب آن در کنار تاخیر های کم ،  تجربه جدیدی را به کاربر خواهد داد .
42,rev-43,اما در کل، کار با این تبلت کاملا لذت بخش است که سرعت عمل بسیار خوب آن در کنار تاخیر های کم ، تجربه جدیدی را به کاربر خواهد داد .,2,data/main/Microsoft Surface RT - 32GB + Keyboard.xml,اما در کل،  کار با این تبلت کاملا لذت بخش است که سرعت عمل بسیار خوب آن در کنار تاخیر های کم ،  تجربه جدیدی را به کاربر خواهد داد .
3131,-,اما لازم به ذکر است که مشکلات برنامه، مربوط به تمامی شهرها نمی‌شود و بیشتر در شهر های کوچک وجود دارد.,-1,data/extra/Apple iPad mini WiFi-16GB.xml,اما لازم به ذکر است که مشکلات برنامه، مربوط به تمامی شهرها نمی‌شود و بیشتر در شهر های کوچک وجود دارد.
99,rev-100,اما لازم به ذکر است که مشکلات برنامه، مربوط به تمامی شهرها نمی‌شود و بیشتر در شهر های کوچک وجود دارد.,0,data/main/Apple iPhone 5 - 16GB.xml,اما لازم به ذکر است که مشکلات برنامه،  مربوط به تمامی شهرها نمی‌شود و بیشتر در شهر های کوچک وجود دارد.
6789,-,اما مهم‌تر از تست‌های جاوا، تست‌های گرافیکی هستند که نتایج جالبی را به ما ارائه نمودند.,0,data/extra/Apple iPhone 5 - 64GB.xml,اما مهم‌تر از تست‌های جاوا، تست‌های گرافیکی هستند که نتایج جالبی را به ما ارائه نمودند.
64,rev-65,اما مهم‌تر از تست‌های جاوا، تست‌های گرافیکی هستند که نتایج جالبی را به ما ارائه نمودند.,1,data/main/Apple iPhone 5 - 16GB.xml,اما مهم‌تر از تست‌های جاوا،  تست‌های گرافیکی هستند که نتایج جالبی را به ما ارائه نمودند.
1262,-,اما مهم‌تر از تست‌های جاوا، تست‌های گرافیکی هستند که نتایج جالبی را به ما ارائه نمودند.,1,data/extra/Apple iPhone 5 - 16GB_Hosseini.xml,اما مهم‌تر از تست‌های جاوا،  تست‌های گرافیکی هستند که نتایج جالبی را به ما ارائه نمودند.
3,gr-11-4,امیدوارم دیجی کالا به زودی این گوشی رو بیاره.,0,data/main/HTC One X Plus - 64GB.xml,اميدوارم ديجي کالا به زودي اين گوشي رو بياره.
3710,-,امیدوارم دیجی کالا به زودی این گوشی رو بیاره.,1,data/extra/HTC One X Plus - 64GB.xml,اميدوارم ديجي کالا به زودي اين گوشي رو بياره.
0,gr-4-1,انصافا حرف اول رو میزنه، از هر لحاظ کامله,1,data/main/Samsung LED 55ES8880.xml,"انصافاً حرف اول رو ميزنه، از هر لحاظ کامله
"
8967,-,انصافا حرف اول رو میزنه، از هر لحاظ کامله,2,data/extra/Samsung LED 55ES8880.xml,انصافا حرف اول رو ميزنه،  از هر لحاظ کامله
3,gr-7-4,انصافا گوشی غولیههههههه,1,data/main/HTC One X Plus - 64GB.xml,"انصافا گوشي غوليههههههه
"
3697,-,انصافا گوشی غولیههههههه,2,data/extra/HTC One X Plus - 64GB.xml,انصافا گوشي غوليههههههه
1,gr-19-2,انگار همون مدلای قبله یه ذره خوشگلش کردن و بهش رسیدن .,0,data/main/Nokia 500.xml,انگار همون مدلاي قبله يه ذره خوشگلش کردن و بهش رسيدن .
8645,-,انگار همون مدلای قبله یه ذره خوشگلش کردن و بهش رسیدن .,1,data/extra/Nokia 500.xml,انگار همون مدلاي قبله يه ذره خوشگلش کردن و بهش رسيدن .
11782,-,اولین بار است که مارک وسترن دیجیتال رو خریدم و منو کاملا راضی کرد .,1,data/extra/Western Digital Portable My Passport - 1TB.xml,اولين بار است که مارک وسترن ديجيتال رو خريدم و منو کاملاً راضي کرد .
2,gr-38-3,اولین بار است که مارک وسترن دیجیتال رو خریدم و منو کاملا راضی کرد .,2,data/main/Western Digital Portable My Passport - 1TB.xml,اولين بار است که مارک وسترن ديجيتال رو خريدم و منو کاملا راضي کرد .
843,-,اولین بار است که مارک وسترن دیجیتال رو خریدم و منو کاملا راضی کرد .,2,data/extra/Western Digital Portable My Passport - 1TB_Hosseini.xml,اولين بار است که مارک وسترن ديجيتال رو خريدم و منو کاملا راضي کرد .
2,gr-10-3,اونم با این همه طرفدار و مشتاق,0,data/main/HTC One X Plus - 64GB.xml,اونم با اين همه طرفدار و مشتاق
3706,-,اونم با این همه طرفدار و مشتاق,1,data/extra/HTC One X Plus - 64GB.xml,اونم با اين همه طرفدار و مشتاق
5,gr-1-6,اونم بعد از چند روز بهش عادت میکنی.,0,data/main/Sony Cyber-Shot DSC-HX10V.xml,اونم بعد از چند روز بهش عادت ميکني.
11381,-,اونم بعد از چند روز بهش عادت میکنی.,1,data/extra/Sony Cyber-Shot DSC-HX10V.xml,اونم بعد از چند روز بهش عادت ميکني.
9073,-,اپل در نسل جدید iPod Touch نیز، همانند گوشی iPhone 5، به جای استفاده از درگاه 30 پینی قدیمی، از درگاه 8 پینی Lightning یا آذرخش استفاده کرده که باعث شده تا ضخامت iPod Touch نیز همانند iPhone 5 بسیار باریک گردد.,0,data/extra/Apple Ipod Touch 5th Generation - 64GB.xml,اپل در نسل جدید iPod Touch نیز،  همانند گوشی iPhone 5،  به جای استفاده از درگاه 30 پینی قدیمی، از درگاه 8 پینی Lightning یا آذرخش استفاده کرده که باعث شده تا ضخامت iPod Touch نیز همانند iPhone 5 بسیار باریک گردد.
9,rev-10,اپل در نسل جدید iPod Touch نیز، همانند گوشی iPhone 5، به جای استفاده از درگاه 30 پینی قدیمی، از درگاه 8 پینی Lightning یا آذرخش استفاده کرده که باعث شده تا ضخامت iPod Touch نیز همانند iPhone 5 بسیار باریک گردد.,1,data/main/Apple Ipod Touch 5th Generation - 64GB.xml,اپل در نسل جدید iPod Touch نیز،  همانند گوشی iPhone 5،  به جای استفاده از درگاه 30 پینی قدیمی،  از درگاه 8 پینی Lightning یا آذرخش استفاده کرده که باعث شده تا ضخامت iPod Touch نیز همانند iPhone 5 بسیار باریک گردد.
2002,-,اپل در نسل جدید iPod Touch نیز، همانند گوشی iPhone 5، به جای استفاده از درگاه 30 پینی قدیمی، از درگاه 8 پینی Lightning یا آذرخش استفاده کرده که باعث شده تا ضخامت iPod Touch نیز همانند iPhone 5 بسیار باریک گردد.,1,data/extra/Apple Ipod Touch 5th Generation - 64GB_Hosseini.xml,اپل در نسل جدید iPod Touch نیز،  همانند گوشی iPhone 5،  به جای استفاده از درگاه 30 پینی قدیمی،  از درگاه 8 پینی Lightning یا آذرخش استفاده کرده که باعث شده تا ضخامت iPod Touch نیز همانند iPhone 5 بسیار باریک گردد.
0,gr-2-1,اپل همیشه عالی بوده، ولی نسبت به قیمتش نمی ارزه,-1,data/main/Apple MacBook Pro With Retina Display-B.xml,اپل هميشه عالي بوده،  ولي نسبت به قيمتش نمي ارزه
2905,-,اپل همیشه عالی بوده، ولی نسبت به قیمتش نمی ارزه,0,data/extra/Apple MacBook Pro With Retina Display-B.xml,اپل هميشه عالي بوده،  ولي نسبت به قيمتش نمي ارزه
6146,-,اگر چه که سایت دیجی کالا این نقاط ضعف رو ذکر کرده اما با یک نگاه هم متوجه ضعیف بودن کیفیت نمایش اون خواهید شد .,-2,data/extra/Fujitsu Stylistic M532.xml,اگر چه که سايت ديجي کالا اين نقاط ضعف رو ذکر کرده اما با يک نگاه هم متوجه ضعيف بودن کيفيت نمايش اون خواهيد شد .
4,gr-11-5,اگر چه که سایت دیجی کالا این نقاط ضعف رو ذکر کرده اما با یک نگاه هم متوجه ضعیف بودن کیفیت نمایش اون خواهید شد .,-1,data/main/Fujitsu Stylistic M532.xml,اگر چه که سايت ديجي کالا اين نقاط ضعف رو ذکر کرده اما با يک نگاه هم متوجه ضعيف بودن کيفيت نمايش اون خواهيد شد .
3689,-,اگه از این 2 مورد چشم پوشی کنیم باید گفت گوشی فوق العاده عالی هست!,1,data/extra/HTC One X Plus - 64GB.xml,اگه از اين 2 مورد چشم پوشي کنيم بايد گفت گوشي فوق العاده عالي هست!
1,gr-3-2,اگه از این 2 مورد چشم پوشی کنیم باید گفت گوشی فوق العاده عالی هست!,2,data/main/HTC One X Plus - 64GB.xml,اگه از اين 2 مورد چشم پوشي کنيم بايد گفت گوشي فوق العاده عالي هست!
3713,-,اگه باطریش خیلی خوب کار کنه حرف نداره,0,data/extra/HTC One X Plus - 64GB.xml,اگه باطريش خيلي خوب کار کنه  حرف نداره
0,gr-13-1,اگه باطریش خیلی خوب کار کنه حرف نداره,1,data/main/HTC One X Plus - 64GB.xml,اگه باطريش خيلي خوب کار کنه  حرف نداره
0,gr-3-1,اگه تراکم صفحه تبلتش هم بالا بود تو خریدش شک نمیکردم ولی حالا اگه گوشیش به صورت جدا فروخته بشه میخرم، واقعا سخت افزارش غوله !,0,data/main/Asus PadFone 2 - 16GB.xml,اگه تراکم صفحه تبلتش هم بالا بود تو خريدش شک نميکردم ولي حالا اگه گوشيش به صورت جدا فروخته بشه ميخرم، واقعا سخت افزارش غوله !
4359,-,اگه تراکم صفحه تبلتش هم بالا بود تو خریدش شک نمیکردم ولی حالا اگه گوشیش به صورت جدا فروخته بشه میخرم، واقعا سخت افزارش غوله !,2,data/extra/Asus PadFone 2 - 16GB.xml,اگه تراکم صفحه تبلتش هم بالا بود تو خريدش شک نميکردم ولي حالا اگه گوشيش به صورت جدا فروخته بشه ميخرم، واقعا سخت افزارش غوله !
2156,-,اگه پول دستم بیاد حتما میخرمش .,0,data/extra/Nokia Lumia 620.xml,اگه پول دستم بياد حتما ميخرمش .
0,gr-2-1,اگه پول دستم بیاد حتما میخرمش .,1,data/main/Nokia Lumia 620.xml,اگه پول دستم بياد حتما ميخرمش .
16,rev-17,این بار اپل دقت آی پد2 را چهار برابر کرده بود و آی پد3 تراکم پیکسلی بسیار بالای 264ppi را ارائه می‌کرد که برای یک تبلت، واقعا شگفت انگیز بود.,0,data/main/Apple MacBook Pro With Retina Display-B.xml,این بار اپل دقت آی پد2 را چهار برابر کرده بود و آی پد3 تراکم پیکسلی بسیار بالای 264ppi را ارائه می‌کرد که برای یک تبلت،  واقعا شگفت انگیز بود.
13254,-,این بار اپل دقت آی پد2 را چهار برابر کرده بود و آی پد3 تراکم پیکسلی بسیار بالای 264ppi را ارائه می‌کرد که برای یک تبلت، واقعا شگفت انگیز بود.,0,data/extra/Apple MacBook Pro With Retina Display-B_Hosseini.xml,این بار اپل دقت آی پد2 را چهار برابر کرده بود و آی پد3 تراکم پیکسلی بسیار بالای 264ppi را ارائه می‌کرد که برای یک تبلت،  واقعا شگفت انگیز بود.
2931,-,این بار اپل دقت آی پد2 را چهار برابر کرده بود و آی پد3 تراکم پیکسلی بسیار بالای 264ppi را ارائه می‌کرد که برای یک تبلت، واقعا شگفت انگیز بود.,2,data/extra/Apple MacBook Pro With Retina Display-B.xml,این بار اپل دقت آی پد2 را چهار برابر کرده بود و آی پد3 تراکم پیکسلی بسیار بالای 264ppi را ارائه می‌کرد که برای یک تبلت،  واقعاً شگفت انگیز بود.
6099,-,این بسیار عالیست و باعث می شود که همانند دیگر مدل های اخیر G پاناسونیک، این دوربین هم جزو بهترین گزینه ها برای فیلم برداری قرار گیرد.,1,data/extra/Panasonic Lumix DMC-G6_Hosseini.xml,این بسیار عالیست و باعث می شود که همانند دیگر مدل های اخیر G پاناسونیک، این دوربین هم جزو بهترین گزینه ها برای فیلم برداری قرار گیرد.
26,rev-27,این بسیار عالیست و باعث می شود که همانند دیگر مدل های اخیر G پاناسونیک، این دوربین هم جزو بهترین گزینه ها برای فیلم برداری قرار گیرد.,2,data/main/Panasonic Lumix DMC-G6.xml,این بسیار عالیست و باعث می شود که همانند دیگر مدل های اخیر G پاناسونیک، این دوربین هم جزو بهترین گزینه ها برای فیلم برداری قرار گیرد.
45,rev-46,این تبلت در دو نسخه 32 و 64 گیگابایتی تولید گردیده که با امکان پشتیبانی آن از کارت حافظه microSD حداکثر تا 64 گیگابایت دیگر نیز می‌توان به آن افزود که از بابت فضا برای ذخیره اطلاعات، خیال کاربر را کاملا آسوده می‌نماید.,1,data/main/Microsoft Surface RT - 32GB + Keyboard.xml,این تبلت در دو نسخه 32 و 64 گیگابایتی تولید گردیده که با امکان پشتیبانی آن از کارت حافظه microSD حداکثر تا 64 گیگابایت دیگر نیز می‌توان به آن افزود که از بابت فضا برای ذخیره اطلاعات،  خیال کاربر را کاملا آسوده می‌نماید.
7294,-,این تبلت در دو نسخه 32 و 64 گیگابایتی تولید گردیده که با امکان پشتیبانی آن از کارت حافظه microSD حداکثر تا 64 گیگابایت دیگر نیز می‌توان به آن افزود که از بابت فضا برای ذخیره اطلاعات، خیال کاربر را کاملا آسوده می‌نماید.,2,data/extra/Asus VivoTab RT TF600T - 32GB.xml,این تبلت در دو نسخه 32 و 64 گیگابایتی تولید گردیده که با امکان پشتیبانی آن از کارت حافظه microSD حداکثر تا 64 گیگابایت دیگر نیز می‌توان به آن افزود که از بابت فضا برای ذخیره اطلاعات،  خیال کاربر را کاملاً آسوده می‌نماید.
44,rev-45,این حالت زمانی به کار می‌آید که بخواهید از جسمی که به سرعت در حال حرکت است، عکس بگیرید.,0,data/main/Samsung Galaxy S III I9305 - 16GB.xml,این حالت زمانی به کار می‌آید که بخواهید از جسمی که به سرعت در حال حرکت است، عکس بگیرید.
10007,-,این حالت زمانی به کار می‌آید که بخواهید از جسمی که به سرعت در حال حرکت است، عکس بگیرید.,0,data/extra/Samsung Galaxy S III I9305 - 16GB_Hosseini.xml,این حالت زمانی به کار می‌آید که بخواهید از جسمی که به سرعت در حال حرکت است، عکس بگیرید.
8290,-,این حالت زمانی به کار می‌آید که بخواهید از جسمی که به سرعت در حال حرکت است، عکس بگیرید.,1,data/extra/Samsung Galaxy S III I9305 - 16GB.xml,این حالت زمانی به کار می‌آید که بخواهید از جسمی که به سرعت در حال حرکت است،  عکس بگیرید.
6093,-,این دوربین از همان سنسور تصویر 16 مگاپیکسلی بهره می برد که پیش تر بر روی GH2 نیز استفاده شده بود.,0,data/extra/Panasonic Lumix DMC-G6_Hosseini.xml,این دوربین از همان سنسور تصویر 16 مگاپیکسلی بهره می برد که پیش تر بر روی GH2 نیز استفاده شده بود.
20,rev-21,این دوربین از همان سنسور تصویر 16 مگاپیکسلی بهره می برد که پیش تر بر روی GH2 نیز استفاده شده بود.,1,data/main/Panasonic Lumix DMC-G6.xml,این دوربین از همان سنسور تصویر 16 مگاپیکسلی بهره می برد که پیش تر بر روی GH2 نیز استفاده شده بود.
11412,-,این دوربین رو من از هین سایت خریدم و میخوام بگم فوق العاده است تنها فرق این گوشی با مدل hx20v زومشون هست و همینطور hx30v نسبت به 2 مدل قبلی خودش فقط امکان wifi بهش اضافه شده وگرنه این 3 مدل هیچ فرقی با هم ندارن و فقط بحث سر زومشون هست.,1,data/extra/Sony Cyber-Shot DSC-HX10V.xml,اين دوربين رو من از هين سايت خريدم و ميخوام بگم فوق العاده است تنها فرق اين گوشي با مدل hx20v زومشون هست و همينطور hx30v نسبت به 2 مدل قبلي خودش فقط امکان wifi بهش اضافه شده وگرنه اين 3 مدل هيچ فرقي با هم ندارن و فقط بحث سر زومشون هست.
0,gr-14-1,این دوربین رو من از هین سایت خریدم و میخوام بگم فوق العاده است تنها فرق این گوشی با مدل hx20v زومشون هست و همینطور hx30v نسبت به 2 مدل قبلی خودش فقط امکان wifi بهش اضافه شده وگرنه این 3 مدل هیچ فرقی با هم ندارن و فقط بحث سر زومشون هست.,2,data/main/Sony Cyber-Shot DSC-HX10V.xml,"اين دوربين رو من از هين سايت خريدم و ميخوام بگم فوق العاده است
تنها فرق اين گوشي با مدل hx20v زومشون هست و همينطور hx30v نسبت به 2 مدل قبلي خودش فقط امکان wifi بهش اضافه شده وگرنه اين 3 مدل هيچ فرقي با هم ندارن و فقط بحث سر زومشون هست."
2,gr-7-3,این دوربین نسبت به HX-100 هیچ چی کم نداره که از اون خیلی هم جمع و جورتره.,1,data/main/Sony Cyber-Shot DSC-HX10V.xml,اين دوربين نسبت به HX-100 هيچ چي کم نداره که از اون خيلي هم جمع و جورتره.
11399,-,این دوربین نسبت به HX-100 هیچ چی کم نداره که از اون خیلی هم جمع و جورتره.,2,data/extra/Sony Cyber-Shot DSC-HX10V.xml,اين دوربين نسبت به HX-100 هيچ چي کم نداره که از اون خيلي هم جمع و جورتره.
0,gr-2-1,این دوربین واقعا عکس های با کیفیتی میگیره.,1,data/main/Sony Cyber-Shot DSC-HX10V.xml,اين دوربين واقعا عکس هاي با کيفيتي ميگيره.
11385,-,این دوربین واقعا عکس های با کیفیتی میگیره.,2,data/extra/Sony Cyber-Shot DSC-HX10V.xml,اين دوربين واقعا عکس هاي با کيفيتي ميگيره.
1,gr-18-2,این دیگه بهترین تبلته .,1,data/main/Asus Google Nexus 7 3G - 32GB.xml,اين ديگه بهترين تبلته .
10397,-,این دیگه بهترین تبلته .,2,data/extra/Asus Google Nexus 7 3G - 32GB.xml,اين ديگه بهترين تبلته .
11547,-,این فن‌آوری باعث می‌شود که در هنگام نیاز، گرافیک لپ‌تاپ به صورت خودکار بین کارت گرافیکی مستقل و نوع On Board سویچ شود تا در مصرف انرژی باتری نیز صرفه‌جویی شود.,0,data/extra/Asus N43SM-C_Hosseini.xml,این فن‌آوری باعث می‌شود که در هنگام نیاز،  گرافیک لپ‌تاپ به صورت خودکار بین کارت گرافیکی مستقل و نوع On Board سویچ شود تا در مصرف انرژی باتری نیز صرفه‌ جویی شود.
20,rev-21,این فن‌آوری باعث می‌شود که در هنگام نیاز، گرافیک لپ‌تاپ به صورت خودکار بین کارت گرافیکی مستقل و نوع On Board سویچ شود تا در مصرف انرژی باتری نیز صرفه‌جویی شود.,1,data/main/Asus N43SM-C.xml,این فن‌آوری باعث می‌شود که در هنگام نیاز،  گرافیک لپ‌تاپ به صورت خودکار بین کارت گرافیکی مستقل و نوع On Board سویچ شود تا در مصرف انرژی باتری نیز صرفه‌ جویی شود.
8268,-,این قابلیت که Direct Call نام دارد، به شما این امکان را می‌دهد که هنگام SMS زدن، با نزدیک کردن گوشی به سمت گوش خود، با شخص مخاطب تماس بگیرید که قابلیت بسیار کاربردی است.,1,data/extra/Samsung Galaxy S III I9305 - 16GB.xml,این قابلیت که Direct Call نام دارد،  به شما این امکان را می‌دهد که هنگام SMS زدن،  با نزدیک کردن گوشی به سمت گوش خود،  با شخص مخاطب تماس بگیرید که قابلیت بسیار کاربردی است.
22,rev-23,این قابلیت که Direct Call نام دارد، به شما این امکان را می‌دهد که هنگام SMS زدن، با نزدیک کردن گوشی به سمت گوش خود، با شخص مخاطب تماس بگیرید که قابلیت بسیار کاربردی است.,2,data/main/Samsung Galaxy S III I9305 - 16GB.xml,این قابلیت که Direct Call نام دارد، به شما این امکان را می‌دهد که هنگام SMS زدن، با نزدیک کردن گوشی به سمت گوش خود،  با شخص مخاطب تماس بگیرید که قابلیت بسیار کاربردی است.
9985,-,این قابلیت که Direct Call نام دارد، به شما این امکان را می‌دهد که هنگام SMS زدن، با نزدیک کردن گوشی به سمت گوش خود، با شخص مخاطب تماس بگیرید که قابلیت بسیار کاربردی است.,2,data/extra/Samsung Galaxy S III I9305 - 16GB_Hosseini.xml,این قابلیت که Direct Call نام دارد، به شما این امکان را می‌دهد که هنگام SMS زدن، با نزدیک کردن گوشی به سمت گوش خود،  با شخص مخاطب تماس بگیرید که قابلیت بسیار کاربردی است.
12617,-,این گوشی از ویژگی‌ها و فن‌آوری‌های جدا پیشرفته و افسانه‌ای بهره می‌برد که از جمله‌ی آن‌ها می‌توان به پردازنده‌ی بسیار قدرتمند A4، دوربین جدید VGA جلویی و دوربین 5 مگاپیکسلی پشتی، طراحی کاملا نوین و نمایشگر لمسی شگفت‌انگیز Retina (دست کم در این مورد مبالغه نمی‌کنیم!,0,data/extra/Apple iPhone 4 - 16GB.xml,این گوشی از ویژگی‌ها و فن‌آوری‌های جداً پیشرفته و افسانه‌ای بهره می‌برد که از جمله‌ی آن‌ها می‌توان به پردازنده‌ی بسیار قدرتمند A4،  دوربین جدید VGA جلویی و دوربین 5 مگاپیکسلی پشتی،  طراحی کاملاً نوین و نمایشگر لمسی شگفت‌انگیز Retina (دست کم در این مورد مبالغه نمی‌کنیم!
12254,-,این گوشی از ویژگی‌ها و فن‌آوری‌های جدا پیشرفته و افسانه‌ای بهره می‌برد که از جمله‌ی آن‌ها می‌توان به پردازنده‌ی بسیار قدرتمند A4، دوربین جدید VGA جلویی و دوربین 5 مگاپیکسلی پشتی، طراحی کاملا نوین و نمایشگر لمسی شگفت‌انگیز Retina (دست کم در این مورد مبالغه نمی‌کنیم!,2,data/extra/Apple iPhone 4 - 8GB.xml,این گوشی از ویژگی‌ها و فن‌آوری‌های جدا پیشرفته و افسانه‌ای بهره می‌برد که از جمله‌ی آن‌ها می‌توان به پردازنده‌ی بسیار قدرتمند A4،  دوربین جدید VGA جلویی و دوربین 5 مگاپیکسلی پشتی،  طراحی کاملا نوین و نمایشگر لمسی شگفت‌انگیز Retina (دست کم در این مورد مبالغه نمی‌کنیم!
8225,-,این گوشی عالیه فقط منتظریم بیاد,1,data/extra/Samsung Galaxy S III I9305 - 16GB.xml,اين گوشي عاليه فقط منتظريم بياد
0,gr-8-1,این گوشی عالیه فقط منتظریم بیاد,2,data/main/Samsung Galaxy S III I9305 - 16GB.xml,"اين گوشي عاليه فقط منتظريم بياد
"
3690,-,این گوشی نسبت به قیمتش عالیه,1,data/extra/HTC One X Plus - 64GB.xml,اين گوشي نسبت به قيمتش عاليه
0,gr-4-1,این گوشی نسبت به قیمتش عالیه,2,data/main/HTC One X Plus - 64GB.xml,اين گوشي نسبت به قيمتش عاليه 
0,gr-2-1,این گوشی واقعا به یکی از بهترین گوشی هایی که تا به این تاریخ ساخته شده است تبدیل شده!,0,data/main/Asus PadFone 2 - 16GB.xml,اين گوشي واقعا به يکي از بهترين گوشي هايي که تا به اين تاريخ ساخته شده است  تبديل شده!
4357,-,این گوشی واقعا به یکی از بهترین گوشی هایی که تا به این تاریخ ساخته شده است تبدیل شده!,1,data/extra/Asus PadFone 2 - 16GB.xml,اين گوشي واقعا به يکي از بهترين گوشي هايي که تا به اين تاريخ ساخته شده است  تبديل شده!
0,gr-8-1,این گوشیو دارم معایب : خیلی داغ میکنه ( 50 درجه سانتی گراد ) زود شارژ خالی میکنه به غیر از این دو مورد ، امکاناتش عالیه,0,data/main/HTC One X Plus - 64GB.xml,"اين گوشيو دارم

معايب :
خيلي داغ ميکنه ( 50 درجه سانتي گراد )
زود شارژ خالي ميکنه

به غير از اين دو مورد ،  امکاناتش عاليه"
3698,-,این گوشیو دارم معایب : خیلی داغ میکنه ( 50 درجه سانتی گراد ) زود شارژ خالی میکنه به غیر از این دو مورد ، امکاناتش عالیه,1,data/extra/HTC One X Plus - 64GB.xml,اين گوشيو دارم  معايب : خيلي داغ ميکنه ( 50 درجه سانتي گراد ) زود شارژ خالي ميکنه  به غير از اين دو مورد ،  امکاناتش عاليه
33,rev-34,با الگوریتم پیچیده و برتر تنظیم دقیق نور که کنتراست، رنگ و وضوح را بهبود می‌بخشد، کیفیت تصاویر پیش چشم خود را باور نخواهید کرد.,1,data/main/Samsung LED 55ES8880.xml,با الگوریتم پیچیده و برتر تنظیم دقیق نور که کنتراست،  رنگ و وضوح را بهبود می‌بخشد، کیفیت تصاویر پیش چشم خود را باور نخواهید کرد.
8376,-,با الگوریتم پیچیده و برتر تنظیم دقیق نور که کنتراست، رنگ و وضوح را بهبود می‌بخشد، کیفیت تصاویر پیش چشم خود را باور نخواهید کرد.,1,data/extra/Samsung LED 55ES8880_Hosseini.xml,با الگوریتم پیچیده و برتر تنظیم دقیق نور که کنتراست،  رنگ و وضوح را بهبود می‌بخشد، کیفیت تصاویر پیش چشم خود را باور نخواهید کرد.
9010,-,با الگوریتم پیچیده و برتر تنظیم دقیق نور که کنتراست، رنگ و وضوح را بهبود می‌بخشد، کیفیت تصاویر پیش چشم خود را باور نخواهید کرد.,2,data/extra/Samsung LED 55ES8880.xml,با الگوریتم پیچیده و برتر تنظیم دقیق نور که کنتراست،  رنگ و وضوح را بهبود می‌بخشد،  کیفیت تصاویر پیش چشم خود را باور نخواهید کرد.
24,rev-25,با این حال اگر از باتری 8 سلولی بر روی آن استفاده شده بود، باز هم شارژدهی بیشتری را از آن شاهد بودیم.,0,data/main/Asus N43SM-C.xml,با این حال اگر از باتری 8 سلولی بر روی آن استفاده شده بود،  باز هم شارژدهی بیشتری را از آن شاهد بودیم.
11551,-,با این حال اگر از باتری 8 سلولی بر روی آن استفاده شده بود، باز هم شارژدهی بیشتری را از آن شاهد بودیم.,1,data/extra/Asus N43SM-C_Hosseini.xml,با این حال اگر از باتری 8 سلولی بر روی آن استفاده شده بود،  باز هم شارژدهی بیشتری را از آن شاهد بودیم.
9,rev-10,با این حال ما هنوز طراحی صفحه کلید به صورت Chiclet را بیشتر دوست داریم.,-1,data/main/Asus N43SM-C.xml,با این حال ما هنوز طراحی صفحه کلید به صورت Chiclet را بیشتر دوست داریم.
11536,-,با این حال ما هنوز طراحی صفحه کلید به صورت Chiclet را بیشتر دوست داریم.,1,data/extra/Asus N43SM-C_Hosseini.xml,با این حال ما هنوز طراحی صفحه کلید به صورت Chiclet را بیشتر دوست داریم.
11389,-,با تشکر از خدمات بی نظیر دی جی کالا,0,data/extra/Sony Cyber-Shot DSC-HX10V.xml,با تشکر از خدمات بي نظير دي جي کالا
4,gr-2-5,با تشکر از خدمات بی نظیر دی جی کالا,1,data/main/Sony Cyber-Shot DSC-HX10V.xml,با تشکر از خدمات بي نظير دي جي کالا
11310,-,با سلام با این قیمت مناسب که اخیرا پایینتر هم اومده واقعا بی نظیره سرعت سخت افزارش به نسبت مدلش و دوهسته ای بودنش حرف نداره من خودم این تبلت ندارم ولی دوستم داره و وقتی اولین بار ازش استفاده کردم سرعتش شگفت زدم کرد و دوستم میگفت که خیلی ازش راضیه.,1,data/extra/Samsung Galaxy Tab 2 10.1 P5100 - 16GB.xml,با سلام با اين قيمت مناسب که اخيراً پايينتر هم اومده واقعاً بي نظيره سرعت سخت افزارش به نسبت مدلش و دوهسته اي بودنش حرف نداره من خودم اين تبلت ندارم ولي دوستم داره و وقتي اولين بار ازش استفاده کردم سرعتش شگفت زدم کرد و دوستم ميگفت که خيلي ازش راضيه.
0,gr-6-1,با سلام با این قیمت مناسب که اخیرا پایینتر هم اومده واقعا بی نظیره سرعت سخت افزارش به نسبت مدلش و دوهسته ای بودنش حرف نداره من خودم این تبلت ندارم ولی دوستم داره و وقتی اولین بار ازش استفاده کردم سرعتش شگفت زدم کرد و دوستم میگفت که خیلی ازش راضیه.,2,data/main/Samsung Galaxy Tab 2 10.1 P5100 - 16GB.xml,با سلام با اين قيمت مناسب که اخيراً پايينتر هم اومده واقعاً بي نظيره سرعت سخت افزارش به نسبت مدلش و دوهسته اي بودنش حرف نداره من خودم اين تبلت ندارم ولي دوستم داره و وقتي اولين بار ازش استفاده کردم سرعتش شگفت زدم کرد و دوستم ميگفت که خيلي ازش راضيه.
11847,-,باور کنید دوستان با این قیمت و این امکانات فوق العادست,1,data/extra/Huawei MediaPad 10 FHD - 16GB.xml,باور کنيد دوستان با اين قيمت و اين امکانات فوق العادست
0,gr-15-1,باور کنید دوستان با این قیمت و این امکانات فوق العادست,2,data/main/Huawei MediaPad 10 FHD - 16GB.xml,باور کنيد دوستان با اين قيمت و اين امکانات فوق العادست
11532,-,بدنه به طرز عجیبی اثر انگشت را به خود جذب نمی‌کند و این مسئله بسیار خوب است چرا که کمتر احتیاج به تمیز کردن بدنه‌ی نوت‌بوک پیدا می‌کنید.,1,data/extra/Asus N43SM-C_Hosseini.xml,بدنه به طرز عجیبی اثر انگشت را به خود جذب نمی‌کند و این مسئله بسیار خوب است چرا که کمتر احتیاج به تمیز کردن بدنه‌ی نوت‌بوک پیدا می‌کنید.
5,rev-6,بدنه به طرز عجیبی اثر انگشت را به خود جذب نمی‌کند و این مسئله بسیار خوب است چرا که کمتر احتیاج به تمیز کردن بدنه‌ی نوت‌بوک پیدا می‌کنید.,2,data/main/Asus N43SM-C.xml,بدنه به طرز عجیبی اثر انگشت را به خود جذب نمی‌کند و این مسئله بسیار خوب است چرا که کمتر احتیاج به تمیز کردن بدنه‌ی نوت‌بوک پیدا می‌کنید.
8961,-,بدین معنی که حداقل برای ما سه بعدی این دستگاه غیر قابل استفاده است.,-2,data/extra/Samsung LED 55ES8880.xml,بدين معني که حداقل براي ما سه بعدي اين دستگاه غير قابل استفاده است.
1,gr-1-2,بدین معنی که حداقل برای ما سه بعدی این دستگاه غیر قابل استفاده است.,-1,data/main/Samsung LED 55ES8880.xml,بدين معني که حداقل براي ما سه بعدي اين دستگاه غير قابل استفاده است.
11330,-,بر خلاف نوشته ها ضعفی تو دوربینش ندیدم تازه باطریش هم فوق العاده هست..,1,data/extra/Samsung Galaxy Tab 2 10.1 P5100 - 16GB.xml,بر خلاف نوشته ها ضعفي تو دوربينش نديدم تازه باطريش هم فوق العاده هست..
1,gr-16-2,بر خلاف نوشته ها ضعفی تو دوربینش ندیدم تازه باطریش هم فوق العاده هست..,2,data/main/Samsung Galaxy Tab 2 10.1 P5100 - 16GB.xml,بر خلاف نوشته ها ضعفي تو دوربينش نديدم تازه باطريش هم فوق العاده هست..
58,rev-59,بر طبق اعلام این سایت، فرکانس پردازنده آیفون 5 حداکثر 1.2GHz می‌باشد که به همراه 1 گیگابایت حافظه رم و یک پردازشگر گرافیکی بسیار قدرتمند از نوع PowerVR SGX 543MP و سه هسته ای تولید گشته است.,1,data/main/Apple iPhone 5 - 16GB.xml,بر طبق اعلام این سایت،  فرکانس پردازنده آیفون 5 حداکثر 1.2GHz می‌باشد که به همراه 1 گیگابایت حافظه رم و یک پردازشگر گرافیکی بسیار قدرتمند از نوع PowerVR SGX 543MP و سه هسته ای تولید گشته است.
1256,-,بر طبق اعلام این سایت، فرکانس پردازنده آیفون 5 حداکثر 1.2GHz می‌باشد که به همراه 1 گیگابایت حافظه رم و یک پردازشگر گرافیکی بسیار قدرتمند از نوع PowerVR SGX 543MP و سه هسته ای تولید گشته است.,1,data/extra/Apple iPhone 5 - 16GB_Hosseini.xml,بر طبق اعلام این سایت،  فرکانس پردازنده آیفون 5 حداکثر 1.2GHz می‌باشد که به همراه 1 گیگابایت حافظه رم و یک پردازشگر گرافیکی بسیار قدرتمند از نوع PowerVR SGX 543MP و سه هسته ای تولید گشته است.
6783,-,بر طبق اعلام این سایت، فرکانس پردازنده آیفون 5 حداکثر 1.2GHz می‌باشد که به همراه 1 گیگابایت حافظه رم و یک پردازشگر گرافیکی بسیار قدرتمند از نوع PowerVR SGX 543MP و سه هسته ای تولید گشته است.,2,data/extra/Apple iPhone 5 - 64GB.xml,بر طبق اعلام این سایت، فرکانس پردازنده آیفون 5 حداکثر 1.2GHz می‌باشد که به همراه 1 گیگابایت حافظه رم و یک پردازشگر گرافیکی بسیار قدرتمند از نوع PowerVR SGX 543MP و سه هسته ای تولید گشته است.
10369,-,بزرگترین اشتباه من خرید نسخه 3G بود، چون با نسخه WIFI هیچ فرقی نداره!,-2,data/extra/Asus Google Nexus 7 3G - 32GB.xml,بزرگترين اشتباه من خريد نسخه 3G بود،  چون با نسخه WIFI هيچ فرقي نداره!
0,gr-1-1,بزرگترین اشتباه من خرید نسخه 3G بود، چون با نسخه WIFI هیچ فرقی نداره!,-1,data/main/Asus Google Nexus 7 3G - 32GB.xml,بزرگترين اشتباه من خريد نسخه 3G بود،  چون با نسخه WIFI هيچ فرقي نداره!
6147,-,بنده یه دو روزی با این تبلت کار کردم اما با این که تبلت خوش دستی هست اما مشکل اساسیش در عدم کار کردن wifi سیم کارت با هم هست یعنی اگر سیم کارت روی تبلت باشه و حتی اگه به حالت نمایه پرواز ببرین باز wifi شناسایی نمیشه و تا زمانی که سیم رو از روی تبلت در نیارین شبکه های wifi مورد استفاده قرار نمی گیرن.,-2,data/extra/Fujitsu Stylistic M532.xml,بنده يه دو روزي با اين تبلت کار کردم اما با اين که تبلت خوش دستي هست اما مشکل اساسيش در عدم کار کردن wifi  سيم کارت با هم هست يعني اگر سيم کارت روي تبلت باشه و حتي اگه به حالت نمايه پرواز ببرين باز wifi شناسايي نميشه و تا زماني که سيم رو از روي تبلت در نيارين شبکه هاي wifi  مورد استفاده قرار نمي گيرن.
0,gr-12-1,بنده یه دو روزی با این تبلت کار کردم اما با این که تبلت خوش دستی هست اما مشکل اساسیش در عدم کار کردن wifi سیم کارت با هم هست یعنی اگر سیم کارت روی تبلت باشه و حتی اگه به حالت نمایه پرواز ببرین باز wifi شناسایی نمیشه و تا زمانی که سیم رو از روی تبلت در نیارین شبکه های wifi مورد استفاده قرار نمی گیرن.,-1,data/main/Fujitsu Stylistic M532.xml,بنده يه دو روزي با اين تبلت کار کردم اما با اين که تبلت خوش دستي هست اما مشکل اساسيش در عدم کار کردن wifi  سيم کارت با هم هست يعني اگر سيم کارت روي تبلت باشه و حتي اگه به حالت نمايه پرواز ببرين باز wifi شناسايي نميشه و تا زماني که سيم رو از روي تبلت در نيارين شبکه هاي wifi  مورد استفاده قرار نمي گيرن.
1,gr-6-2,به جرات میگم با سونی قابل مقایسه نیست!,0,data/main/Fujifilm FinePix F660EXR.xml,به جرات ميگم با سوني قابل مقايسه نيست!
1594,-,به جرات میگم با سونی قابل مقایسه نیست!,2,data/extra/Fujifilm FinePix F660EXR.xml,به جرات ميگم با سوني قابل مقايسه نيست!
8675,-,به صورت پیشفرض هم برنامه‌های نسبتا زیادی بر روی آن نصب شده‌اند که Nokia Maps هم شامل آن‌ها می‌شود.,0,data/extra/Nokia 500.xml,به صورت پیشفرض هم برنامه‌های نسبتا زیادی بر روی آن نصب شده‌اند که Nokia Maps هم شامل آن‌ها می‌شود.
15,rev-16,به صورت پیشفرض هم برنامه‌های نسبتا زیادی بر روی آن نصب شده‌اند که Nokia Maps هم شامل آن‌ها می‌شود.,1,data/main/Nokia 500.xml,به صورت پیشفرض هم برنامه‌های نسبتاً زیادی بر روی آن نصب شده‌اند که Nokia Maps هم شامل آن‌ها می‌شود.
5688,-,به صورت پیشفرض هم برنامه‌های نسبتا زیادی بر روی آن نصب شده‌اند که Nokia Maps هم شامل آن‌ها می‌شود.,1,data/extra/Nokia 500_Hosseini.xml,به صورت پیشفرض هم برنامه‌های نسبتاً زیادی بر روی آن نصب شده‌اند که Nokia Maps هم شامل آن‌ها می‌شود.
80,rev-81,به طور منصفانه نباید از پیشرفت شگفت انگیز اندروید بگذریم، اما به نظر می‌رسد اندروید هنوز نتوانسته به قدرت iOS دست پیدا کند.,0,data/main/Apple iPhone 5 - 16GB.xml,به طور منصفانه نباید از پیشرفت شگفت انگیز اندروید بگذریم،  اما به نظر می‌رسد اندروید هنوز نتوانسته به قدرت iOS دست پیدا کند.
3112,-,به طور منصفانه نباید از پیشرفت شگفت انگیز اندروید بگذریم، اما به نظر می‌رسد اندروید هنوز نتوانسته به قدرت iOS دست پیدا کند.,1,data/extra/Apple iPad mini WiFi-16GB.xml,به طور منصفانه نباید از پیشرفت شگفت انگیز اندروید بگذریم، اما به نظر می‌رسد اندروید هنوز نتوانسته به قدرت iOS دست پیدا کند.
8266,-,به لطف صفحه نمایش بزرگ 4.8 اینچی این گوشی، تایپ کردن با کیبورد آن به خصوص در حالت افقی، بسیار راحت است.,1,data/extra/Samsung Galaxy S III I9305 - 16GB.xml,به لطف صفحه نمایش بزرگ 4.8 اینچی این گوشی،  تایپ کردن با کیبورد آن به خصوص در حالت افقی،  بسیار راحت است.
20,rev-21,به لطف صفحه نمایش بزرگ 4.8 اینچی این گوشی، تایپ کردن با کیبورد آن به خصوص در حالت افقی، بسیار راحت است.,2,data/main/Samsung Galaxy S III I9305 - 16GB.xml,به لطف صفحه نمایش بزرگ 4.8 اینچی این گوشی،  تایپ کردن با کیبورد آن به خصوص در حالت افقی، بسیار راحت است.
9983,-,به لطف صفحه نمایش بزرگ 4.8 اینچی این گوشی، تایپ کردن با کیبورد آن به خصوص در حالت افقی، بسیار راحت است.,2,data/extra/Samsung Galaxy S III I9305 - 16GB_Hosseini.xml,به لطف صفحه نمایش بزرگ 4.8 اینچی این گوشی،  تایپ کردن با کیبورد آن به خصوص در حالت افقی، بسیار راحت است.
0,gr-9-1,به نظر من باز هم اپل گل کاشت.,1,data/main/Apple Ipod Touch 5th Generation - 64GB.xml,به نظر من باز هم اپل گل کاشت.
9057,-,به نظر من باز هم اپل گل کاشت.,2,data/extra/Apple Ipod Touch 5th Generation - 64GB.xml,به نظر من باز هم اپل گل کاشت.
0,gr-18-1,به نظر من تبلت خوبیه ولی زمانی که من اینو داشتم :کیف و کاوری براش نبود,-1,data/main/Samsung Galaxy Tab 2 10.1 P5100 - 16GB.xml,"به نظر من تبلت خوبيه ولي زماني که من اينو داشتم :کيف و کاوري براش نبود 
"
11332,-,به نظر من تبلت خوبیه ولی زمانی که من اینو داشتم :کیف و کاوری براش نبود,0,data/extra/Samsung Galaxy Tab 2 10.1 P5100 - 16GB.xml,به نظر من تبلت خوبيه ولي زماني که من اينو داشتم :کيف و کاوري براش نبود
0,gr-6-1,به نظر من تنها نقطه ی قوت Sony Cyber-Shot DSC-HX10V نسبت به Sony Cyber-Shot DSC-WX150 زوم اپتیکال 16ست .,0,data/main/Sony Cyber-Shot DSC-HX10V.xml,به نظر من تنها نقطه ي قوت Sony Cyber-Shot DSC-HX10V نسبت به Sony Cyber-Shot DSC-WX150 زوم اپتيکال 16ست .
11395,-,به نظر من تنها نقطه ی قوت Sony Cyber-Shot DSC-HX10V نسبت به Sony Cyber-Shot DSC-WX150 زوم اپتیکال 16ست .,1,data/extra/Sony Cyber-Shot DSC-HX10V.xml,به نظر من تنها نقطه ي قوت Sony Cyber-Shot DSC-HX10V نسبت به Sony Cyber-Shot DSC-WX150 زوم اپتيکال 16ست .
8238,-,به نظر من سامسونگ اگه کپی برداری هم می کنه خیلی بهتر از اپله.,1,data/extra/Samsung Galaxy S III I9305 - 16GB.xml,به نظر من سامسونگ اگه کپي برداري هم مي کنه خيلي بهتر از اپله.
0,gr-17-1,به نظر من سامسونگ اگه کپی برداری هم می کنه خیلی بهتر از اپله.,2,data/main/Samsung Galaxy S III I9305 - 16GB.xml,به نظر من سامسونگ اگه کپي برداري هم مي کنه خيلي بهتر از اپله.
6138,-,به نظر من که با توجه امکاناتش قیمتش خیلی مناسبه.,1,data/extra/Fujitsu Stylistic M532.xml,به نظر من که با توجه امکاناتش قيمتش خيلي مناسبه.
0,gr-9-1,به نظر من که با توجه امکاناتش قیمتش خیلی مناسبه.,2,data/main/Fujitsu Stylistic M532.xml,به نظر من که با توجه امکاناتش قيمتش خيلي مناسبه.
0,gr-3-1,به نظر من که معرکه هستش هیچ جای حرفی باقی نذاشته,1,data/main/Huawei MediaPad 10 FHD - 16GB.xml,به نظر من که معرکه هستش هيچ جاي حرفي باقي نذاشته
11821,-,به نظر من که معرکه هستش هیچ جای حرفی باقی نذاشته,2,data/extra/Huawei MediaPad 10 FHD - 16GB.xml,به نظر من که معرکه هستش هيچ جاي حرفي باقي نذاشته
8609,-,به نظر من که گوشی خوب و تقریبا عالی هستش.,1,data/extra/Nokia 500.xml,به نظر من که گوشي خوب و تقريبا عالي هستش.
0,gr-5-1,به نظر من که گوشی خوب و تقریبا عالی هستش.,2,data/main/Nokia 500.xml,به نظر من که گوشي خوب و تقريباً عالي هستش.
0,gr-5-1,به نظر میاد کیفیت صفحه نمایشش بقیه مزایای این تبلت تحت الشعاع قرار میده به نظر من کیفیت صفحه نمایش خیلی مهمه این عرض از من که تجربه کار با تبلت های گوناگون دارم بپذیرید کیفیت پایین صفحه نمایش در تبلتها غیر قابل اغماض است.,-1,data/main/Fujitsu Stylistic M532.xml,به نظر مياد کيفيت صفحه نمايشش بقيه مزاياي اين تبلت تحت الشعاع قرار ميده به نظر من کيفيت صفحه نمايش خيلي مهمه اين عرض از من که تجربه کار با تبلت هاي گوناگون دارم بپذيريد کيفيت پايين صفحه نمايش در تبلتها غير قابل اغماض است.
6130,-,به نظر میاد کیفیت صفحه نمایشش بقیه مزایای این تبلت تحت الشعاع قرار میده به نظر من کیفیت صفحه نمایش خیلی مهمه این عرض از من که تجربه کار با تبلت های گوناگون دارم بپذیرید کیفیت پایین صفحه نمایش در تبلتها غیر قابل اغماض است.,0,data/extra/Fujitsu Stylistic M532.xml,به نظر مياد کيفيت صفحه نمايشش بقيه مزاياي اين تبلت تحت الشعاع قرار ميده به نظر من کيفيت صفحه نمايش خيلي مهمه اين عرض از من که تجربه کار با تبلت هاي گوناگون دارم بپذيريد کيفيت پايين صفحه نمايش در تبلتها غير قابل اغماض است.
6749,-,به نظر می‌رسد محل قرار گیری هدفون در بالای گوشی کاربردی‌تر بود، مخصوصا وقتی که می‌خواهید با آن موزیک گوش دهید و گوشی را داخل جیبتان بگذارید.,-1,data/extra/Apple iPhone 5 - 64GB.xml,به نظر می‌رسد محل قرار گیری هدفون در بالای گوشی کاربردی‌تر بود، مخصوصا وقتی که می‌خواهید با آن موزیک گوش دهید و گوشی را داخل جیبتان بگذارید.
24,rev-25,به نظر می‌رسد محل قرار گیری هدفون در بالای گوشی کاربردی‌تر بود، مخصوصا وقتی که می‌خواهید با آن موزیک گوش دهید و گوشی را داخل جیبتان بگذارید.,0,data/main/Apple iPhone 5 - 16GB.xml,به نظر می‌رسد محل قرار گیری هدفون در بالای گوشی کاربردی‌تر بود،  مخصوصا وقتی که می‌خواهید با آن موزیک گوش دهید و گوشی را داخل جیبتان بگذارید.
1222,-,به نظر می‌رسد محل قرار گیری هدفون در بالای گوشی کاربردی‌تر بود، مخصوصا وقتی که می‌خواهید با آن موزیک گوش دهید و گوشی را داخل جیبتان بگذارید.,0,data/extra/Apple iPhone 5 - 16GB_Hosseini.xml,به نظر می‌رسد محل قرار گیری هدفون در بالای گوشی کاربردی‌تر بود،  مخصوصا وقتی که می‌خواهید با آن موزیک گوش دهید و گوشی را داخل جیبتان بگذارید.
12624,-,به نظر می‌رسد که Apple کاملا در استراتژی اینکه iPhone باید چگونه به نظر برسد و چه احساسی را به کاربر منتقل کند تجدید نظر کرده است و نتیجه فوق‌العاده بوده است.,0,data/extra/Apple iPhone 4 - 16GB.xml,به نظر می‌رسد که Apple کاملاً در استراتژی اینکه iPhone باید چگونه به نظر برسد و چه احساسی را به کاربر منتقل کند تجدید نظر کرده است و نتیجه فوق‌العاده بوده است.
12261,-,به نظر می‌رسد که Apple کاملا در استراتژی اینکه iPhone باید چگونه به نظر برسد و چه احساسی را به کاربر منتقل کند تجدید نظر کرده است و نتیجه فوق‌العاده بوده است.,1,data/extra/Apple iPhone 4 - 8GB.xml,به نظر می‌رسد که Apple کاملا در استراتژی اینکه iPhone باید چگونه به نظر برسد و چه احساسی را به کاربر منتقل کند تجدید نظر کرده است و نتیجه فوق‌العاده بوده است.
8673,-,به هر صورت Symbian سیستم عاملی کاملا با سابقه و قدیمی است و در OVI Store که فروشگاه بزرگ محصولات اپلیکیشن و بازی نوکیا است، برنامه‌های مجانی و فروشی زیادی برای دانلود وجود دارند.,0,data/extra/Nokia 500.xml,به هر صورت Symbian سیستم عاملی کاملا با سابقه و قدیمی است و در OVI Store که فروشگاه بزرگ محصولات اپلیکیشن و بازی نوکیا است،  برنامه‌های مجانی و فروشی زیادی برای دانلود وجود دارند.
13,rev-14,به هر صورت Symbian سیستم عاملی کاملا با سابقه و قدیمی است و در OVI Store که فروشگاه بزرگ محصولات اپلیکیشن و بازی نوکیا است، برنامه‌های مجانی و فروشی زیادی برای دانلود وجود دارند.,1,data/main/Nokia 500.xml,به هر صورت Symbian سیستم عاملی کاملاً با سابقه و قدیمی است و در OVI Store که فروشگاه بزرگ محصولات اپلیکیشن و بازی نوکیا است، برنامه‌های مجانی و فروشی زیادی برای دانلود وجود دارند.
5686,-,به هر صورت Symbian سیستم عاملی کاملا با سابقه و قدیمی است و در OVI Store که فروشگاه بزرگ محصولات اپلیکیشن و بازی نوکیا است، برنامه‌های مجانی و فروشی زیادی برای دانلود وجود دارند.,1,data/extra/Nokia 500_Hosseini.xml,به هر صورت Symbian سیستم عاملی کاملاً با سابقه و قدیمی است و در OVI Store که فروشگاه بزرگ محصولات اپلیکیشن و بازی نوکیا است، برنامه‌های مجانی و فروشی زیادی برای دانلود وجود دارند.
6095,-,به همین دلیل هم هست که ایزو تا 25600 افزایش یافته است.,0,data/extra/Panasonic Lumix DMC-G6_Hosseini.xml,به همین دلیل هم هست که ایزو تا 25600 افزایش یافته است.
22,rev-23,به همین دلیل هم هست که ایزو تا 25600 افزایش یافته است.,1,data/main/Panasonic Lumix DMC-G6.xml,به همین دلیل هم هست که ایزو تا 25600 افزایش یافته است.
0,gr-16-1,بهتر از این نمیتونید پیدا کنید,1,data/main/Asus Google Nexus 7 3G - 32GB.xml,بهتر از اين نميتونيد پيدا کنيد
10393,-,بهتر از این نمیتونید پیدا کنید,2,data/extra/Asus Google Nexus 7 3G - 32GB.xml,بهتر از اين نميتونيد پيدا کنيد
0,gr-7-1,بی صبرانه منتظر خریدشم,1,data/main/Apple Ipod Touch 5th Generation - 64GB.xml,"بي صبرانه منتظر خريدشم 
"
9055,-,بی صبرانه منتظر خریدشم,2,data/extra/Apple Ipod Touch 5th Generation - 64GB.xml,بي صبرانه منتظر خريدشم
1,gr-4-2,بی صبرانه منتظرم که به بازار بیاد بگیرمش.,0,data/main/Asus PadFone 2 - 16GB.xml,بي صبرانه منتظرم که به بازار بياد بگيرمش.
4361,-,بی صبرانه منتظرم که به بازار بیاد بگیرمش.,1,data/extra/Asus PadFone 2 - 16GB.xml,بي صبرانه منتظرم که به بازار بياد بگيرمش.
11308,-,تبلت بسیار خوبیه .,1,data/extra/Samsung Galaxy Tab 2 10.1 P5100 - 16GB.xml,تبلت بسيار خوبيه .
0,gr-4-1,تبلت بسیار خوبیه .,2,data/main/Samsung Galaxy Tab 2 10.1 P5100 - 16GB.xml,تبلت بسيار خوبيه .
0,gr-11-1,تبلت خوبیه همون موقع که وارد بازار شد گرفتمش از نظر کیفیت تصویر عالیه full hd حرف نداره از نظر سخت افزاری هم خوبه مشکل ندارم در کل تبلت خوبیه.,1,data/main/Samsung Galaxy Tab 2 10.1 P5100 - 16GB.xml,تبلت خوبيه همون موقع که وارد بازار شد گرفتمش از نظر کيفيت تصوير عاليه full hd حرف نداره از نظر سخت افزاري هم خوبه مشکل ندارم در کل تبلت خوبيه.
11321,-,تبلت خوبیه همون موقع که وارد بازار شد گرفتمش از نظر کیفیت تصویر عالیه full hd حرف نداره از نظر سخت افزاری هم خوبه مشکل ندارم در کل تبلت خوبیه.,2,data/extra/Samsung Galaxy Tab 2 10.1 P5100 - 16GB.xml,تبلت خوبيه همون موقع که وارد بازار شد گرفتمش از نظر کيفيت تصوير عاليه full hd حرف نداره از نظر سخت افزاري هم خوبه مشکل ندارم در کل تبلت خوبيه.
11822,-,تبلته فوق العاده خوبیه از همه لحاظ منو ساپورت کرده ولی حیف که تبدیل usb نداره.,-1,data/extra/Huawei MediaPad 10 FHD - 16GB.xml,تبلته فوق العاده خوبيه از همه لحاظ منو ساپورت کرده ولي حيف که تبديل usb نداره.
0,gr-4-1,تبلته فوق العاده خوبیه از همه لحاظ منو ساپورت کرده ولی حیف که تبدیل usb نداره.,1,data/main/Huawei MediaPad 10 FHD - 16GB.xml,تبلته فوق العاده خوبيه از همه لحاظ منو ساپورت کرده ولي حيف که تبديل usb نداره.
2172,-,تجربه ی کاری من با ویندوز 7 و 7.5 میگه که : یک سیستم عامل کند و خسته کننده با محیط کاربری یکنواخت و تعداد محدود نرم افزار ارائه شده هست هرچند شرکت مایکروسافت ویندوز هشت رو رقیب آی ا اس اپل و گوگل اندروید دونسته اما باید به انتظار نشست و دید ایا این چنین هست یا .,-2,data/extra/Nokia Lumia 620.xml,تجربه ي کاري من با ويندوز 7 و 7.5 ميگه که :  يک سيستم عامل کند و خسته کننده با محيط کاربري يکنواخت و تعداد محدود نرم افزار ارائه شده هست هرچند شرکت مايکروسافت ويندوز هشت رو رقيب آي اُ اس اپل و گوگل اندرويد دونسته اما بايد به انتظار نشست و ديد ايا اين چنين هست يا .
0,gr-12-1,تجربه ی کاری من با ویندوز 7 و 7.5 میگه که : یک سیستم عامل کند و خسته کننده با محیط کاربری یکنواخت و تعداد محدود نرم افزار ارائه شده هست هرچند شرکت مایکروسافت ویندوز هشت رو رقیب آی ا اس اپل و گوگل اندروید دونسته اما باید به انتظار نشست و دید ایا این چنین هست یا .,0,data/main/Nokia Lumia 620.xml,"تجربه ي کاري من با ويندوز 7 و 7.5 ميگه که :
يک سيستم عامل کند و خسته کننده با محيط کاربري يکنواخت و تعداد محدود نرم افزار ارائه شده هست هرچند شرکت مايکروسافت ويندوز هشت رو رقيب آي اُ اس اپل و گوگل اندرويد دونسته اما بايد به انتظار نشست و ديد ايا اين چنين هست يا ."
16,rev-17,تمامی برنامه های پیش فرض سیستم عامل iOS نیز برای این اندازه و دقت بالاتر از نو طراحی شده‌اند و اپل حداکثر تلاش خود را کرده تا کاربران از این افزایش سایز صفحه نمایش، حداکثر بهره را ببرند.,0,data/main/Apple Ipod Touch 5th Generation - 64GB.xml,تمامی برنامه های پیش فرض سیستم عامل iOS نیز برای این اندازه و دقت بالاتر از نو طراحی شده‌اند و اپل حداکثر تلاش خود را کرده تا کاربران از این افزایش سایز صفحه نمایش،  حداکثر بهره را ببرند.
2009,-,تمامی برنامه های پیش فرض سیستم عامل iOS نیز برای این اندازه و دقت بالاتر از نو طراحی شده‌اند و اپل حداکثر تلاش خود را کرده تا کاربران از این افزایش سایز صفحه نمایش، حداکثر بهره را ببرند.,0,data/extra/Apple Ipod Touch 5th Generation - 64GB_Hosseini.xml,تمامی برنامه های پیش فرض سیستم عامل iOS نیز برای این اندازه و دقت بالاتر از نو طراحی شده‌اند و اپل حداکثر تلاش خود را کرده تا کاربران از این افزایش سایز صفحه نمایش،  حداکثر بهره را ببرند.
9080,-,تمامی برنامه های پیش فرض سیستم عامل iOS نیز برای این اندازه و دقت بالاتر از نو طراحی شده‌اند و اپل حداکثر تلاش خود را کرده تا کاربران از این افزایش سایز صفحه نمایش، حداکثر بهره را ببرند.,2,data/extra/Apple Ipod Touch 5th Generation - 64GB.xml,تمامی برنامه های پیش فرض سیستم عامل iOS نیز برای این اندازه و دقت بالاتر از نو طراحی شده‌اند و اپل حداکثر تلاش خود را کرده تا کاربران از این افزایش سایز صفحه نمایش، حداکثر بهره را ببرند.
6088,-,تنها تغییری که مشاهده می شود جای گیری نوین دکمه ی فعال کننده ی فلاش بالا جهنده است.,0,data/extra/Panasonic Lumix DMC-G6_Hosseini.xml,تنها تغییری که مشاهده می شود جای گیری نوین دکمه ی فعال کننده ی فلاش بالا جهنده است.
15,rev-16,تنها تغییری که مشاهده می شود جای گیری نوین دکمه ی فعال کننده ی فلاش بالا جهنده است.,1,data/main/Panasonic Lumix DMC-G6.xml,تنها تغییری که مشاهده می شود جای گیری نوین دکمه ی فعال کننده ی فلاش بالا جهنده است.
8289,-,حالت Burst shot به شما کمک می‌کند که تنها در چند ثانیه، 20 عکس با سرعت بسیار بالا به صورت پیاپی گرفته و سپس از میان این 20 عکس، بهترین تصویر را انتخاب کنید.,1,data/extra/Samsung Galaxy S III I9305 - 16GB.xml,حالت Burst shot به شما کمک می‌کند که تنها در چند ثانیه،  20 عکس با سرعت بسیار بالا به صورت پیاپی گرفته و سپس از میان این 20 عکس،  بهترین تصویر را انتخاب کنید.
43,rev-44,حالت Burst shot به شما کمک می‌کند که تنها در چند ثانیه، 20 عکس با سرعت بسیار بالا به صورت پیاپی گرفته و سپس از میان این 20 عکس، بهترین تصویر را انتخاب کنید.,2,data/main/Samsung Galaxy S III I9305 - 16GB.xml,حالت Burst shot به شما کمک می‌کند که تنها در چند ثانیه،  20 عکس با سرعت بسیار بالا به صورت پیاپی گرفته و سپس از میان این 20 عکس، بهترین تصویر را انتخاب کنید.
10006,-,حالت Burst shot به شما کمک می‌کند که تنها در چند ثانیه، 20 عکس با سرعت بسیار بالا به صورت پیاپی گرفته و سپس از میان این 20 عکس، بهترین تصویر را انتخاب کنید.,2,data/extra/Samsung Galaxy S III I9305 - 16GB_Hosseini.xml,حالت Burst shot به شما کمک می‌کند که تنها در چند ثانیه،  20 عکس با سرعت بسیار بالا به صورت پیاپی گرفته و سپس از میان این 20 عکس، بهترین تصویر را انتخاب کنید.
0,gr-6-1,حتما یکی بخرید.,0,data/main/Apple Ipod Touch 5th Generation - 64GB.xml,حتما يکي بخريد.
9051,-,حتما یکی بخرید.,2,data/extra/Apple Ipod Touch 5th Generation - 64GB.xml,حتما يکي بخريد.
1,gr-7-2,خودم سونی HX-100 دارم که خیلی ازش راضیم.,0,data/main/Sony Cyber-Shot DSC-HX10V.xml,خودم سوني HX-100 دارم که خيلي ازش راضيم.
11398,-,خودم سونی HX-100 دارم که خیلی ازش راضیم.,1,data/extra/Sony Cyber-Shot DSC-HX10V.xml,خودم سوني HX-100 دارم که خيلي ازش راضيم.
0,gr-7-1,خیلی ازش خوشم اومد، باید ببینیم قیمتش چنده این مهمه,0,data/main/Asus PadFone 2 - 16GB.xml,خيلي ازش خوشم اومد،  بايد ببينيم قيمتش چنده اين مهمه
4366,-,خیلی ازش خوشم اومد، باید ببینیم قیمتش چنده این مهمه,1,data/extra/Asus PadFone 2 - 16GB.xml,خيلي ازش خوشم اومد،  بايد ببينيم قيمتش چنده اين مهمه
2907,-,خیلی خوبه اما حیف که درایو نوری نداره!,0,data/extra/Apple MacBook Pro With Retina Display-B.xml,خيلي خوبه اما حيف که درايو نوري نداره!
0,gr-4-1,خیلی خوبه اما حیف که درایو نوری نداره!,1,data/main/Apple MacBook Pro With Retina Display-B.xml,خيلي خوبه اما حيف که درايو نوري نداره!
11316,-,خیلی روونه .,1,data/extra/Samsung Galaxy Tab 2 10.1 P5100 - 16GB.xml,خيلي روونه .
2,gr-9-3,خیلی روونه .,2,data/main/Samsung Galaxy Tab 2 10.1 P5100 - 16GB.xml,خيلي روونه .
11302,-,خیلی عالی من که خوشم اومد همیشه کار سامسونگ عالی,1,data/extra/Samsung Galaxy Tab 2 10.1 P5100 - 16GB.xml,خيلي عالي من که خوشم اومد هميشه کار سامسونگ عالي
0,gr-1-1,خیلی عالی من که خوشم اومد همیشه کار سامسونگ عالی,2,data/main/Samsung Galaxy Tab 2 10.1 P5100 - 16GB.xml,خيلي عالي من که خوشم اومد هميشه کار سامسونگ عالي
11322,-,خیلی عالیه ممنون,1,data/extra/Samsung Galaxy Tab 2 10.1 P5100 - 16GB.xml,خيلي عاليه ممنون
0,gr-12-1,خیلی عالیه ممنون,2,data/main/Samsung Galaxy Tab 2 10.1 P5100 - 16GB.xml,"خيلي عاليه
ممنون
"
11315,-,خیلی مناسبه برام با توجه به اینکه ایپد هم داشتم.,1,data/extra/Samsung Galaxy Tab 2 10.1 P5100 - 16GB.xml,خيلي مناسبه برام با توجه به اينکه ايپد هم داشتم.
1,gr-9-2,خیلی مناسبه برام با توجه به اینکه ایپد هم داشتم.,2,data/main/Samsung Galaxy Tab 2 10.1 P5100 - 16GB.xml,خيلي مناسبه برام با توجه به اينکه ايپد هم داشتم.
6203,-,در ابتدا بابت این باتری کاملا نا امید شدیم، اما بعد از تست‌های انجام شده شاهد بودیم که این تبلت قادر بود تا 8 ساعت ممتد ویدئو پخش نماید که برای تبلت های 10 اینچی کاملا نرمال است.,0,data/extra/Fujitsu Stylistic M532.xml,در ابتدا بابت این باتری کاملا نا امید شدیم، اما بعد از تست‌های انجام شده شاهد بودیم که این تبلت قادر بود تا 8 ساعت ممتد ویدئو پخش نماید که برای تبلت های 10 اینچی کاملا نرمال است.
54,rev-55,در ابتدا بابت این باتری کاملا نا امید شدیم، اما بعد از تست‌های انجام شده شاهد بودیم که این تبلت قادر بود تا 8 ساعت ممتد ویدئو پخش نماید که برای تبلت های 10 اینچی کاملا نرمال است.,1,data/main/Fujitsu Stylistic M532.xml,در ابتدا بابت این باتری کاملا نا امید شدیم،  اما بعد از تست‌های انجام شده شاهد بودیم که این تبلت قادر بود تا 8 ساعت ممتد ویدئو پخش نماید که برای تبلت های 10 اینچی کاملا نرمال است.
6264,-,در ابتدا بابت این باتری کاملا نا امید شدیم، اما بعد از تست‌های انجام شده شاهد بودیم که این تبلت قادر بود تا 8 ساعت ممتد ویدئو پخش نماید که برای تبلت های 10 اینچی کاملا نرمال است.,1,data/extra/Fujitsu Stylistic M532_Hosseini.xml,در ابتدا بابت این باتری کاملا نا امید شدیم،  اما بعد از تست‌های انجام شده شاهد بودیم که این تبلت قادر بود تا 8 ساعت ممتد ویدئو پخش نماید که برای تبلت های 10 اینچی کاملا نرمال است.
2790,-,در این میان فقط دکمه‌ی شاتر را می‌توان استثناء دانست چرا که کاملا بزرگ ساخته شده است.,0,data/extra/(Panasonic Lumix DMC-FT3 (TS3.xml,در این میان فقط دکمه‌ی شاتر را می‌توان استثناء دانست چرا که کاملاً بزرگ ساخته شده است.
36,rev-37,در این میان فقط دکمه‌ی شاتر را می‌توان استثناء دانست چرا که کاملا بزرگ ساخته شده است.,1,data/main/(Panasonic Lumix DMC-FT3 (TS3.xml,در این میان فقط دکمه‌ی شاتر را می‌توان استثناء دانست چرا که کاملا بزرگ ساخته شده است.
9782,-,در این میان فقط دکمه‌ی شاتر را می‌توان استثناء دانست چرا که کاملا بزرگ ساخته شده است.,1,data/extra/(Panasonic Lumix DMC-FT3 (TS3_Hosseini.xml,در این میان فقط دکمه‌ی شاتر را می‌توان استثناء دانست چرا که کاملا بزرگ ساخته شده است.
6135,-,در جواب جناب عطاالله بیگ زاده در مورد اشکالی که گرفتن: توی نسخه شماره ۴ آندروید، شما با سیم کارت‌های ایران امکان استفاده از wifi رو نخواهید داشت و این تنظیم به دلیل تحریم است و حتی اگر روی حالت پرواز هم برید، باز گوشی تشخیص می‌ده که سیم کارت شما متعلق به ایران هست و اجازه استفاده از wifi رو نخواهد داد.,-1,data/extra/Fujitsu Stylistic M532.xml,در جواب جناب عطاالله بيگ زاده در مورد اشکالي که گرفتن:  توي نسخه شماره ۴ آندرويد،  شما با سيم کارت‌هاي ايران امکان استفاده از wifi رو نخواهيد داشت و اين تنظيم به دليل تحريم است و حتي اگر روي حالت پرواز هم بريد،  باز گوشي تشخيص مي‌ده که سيم کارت شما متعلق به ايران هست و اجازه استفاده از wifi رو نخواهد داد.
0,gr-8-1,در جواب جناب عطاالله بیگ زاده در مورد اشکالی که گرفتن: توی نسخه شماره ۴ آندروید، شما با سیم کارت‌های ایران امکان استفاده از wifi رو نخواهید داشت و این تنظیم به دلیل تحریم است و حتی اگر روی حالت پرواز هم برید، باز گوشی تشخیص می‌ده که سیم کارت شما متعلق به ایران هست و اجازه استفاده از wifi رو نخواهد داد.,0,data/main/Fujitsu Stylistic M532.xml,"در جواب جناب عطاالله بيگ زاده در مورد اشکالي که گرفتن:

توي نسخه شماره ۴ آندرويد،  شما با سيم کارت‌هاي ايران امکان استفاده از wifi رو نخواهيد داشت و اين تنظيم به دليل تحريم است و حتي اگر روي حالت پرواز هم بريد،  باز گوشي تشخيص مي‌ده که سيم کارت شما متعلق به ايران هست و اجازه استفاده از wifi رو نخواهد داد."
6079,-,در حقیقت خود این دوربین دارای Wi-Fi نیست ولی از طریق NFC می‌تواند با Wi-Fi دستگاه‌های سازگار کار کند.,0,data/extra/Panasonic Lumix DMC-G6_Hosseini.xml,در حقیقت خود این دوربین دارای Wi-Fi نیست ولی از طریق NFC می‌تواند با Wi-Fi دستگاه‌های سازگار کار کند.
6,rev-7,در حقیقت خود این دوربین دارای Wi-Fi نیست ولی از طریق NFC می‌تواند با Wi-Fi دستگاه‌های سازگار کار کند.,1,data/main/Panasonic Lumix DMC-G6.xml,در حقیقت خود این دوربین دارای Wi-Fi نیست ولی از طریق NFC می‌تواند با Wi-Fi دستگاه‌های سازگار کار کند.
10884,-,در دست گیری آن نیز خیلی راحت می‌باشد و به صورت کاملا مطمئن در کف دست شما جای می‌گیرد.,1,data/extra/Sony Xperia Miro.xml,در دست گیری آن نیز خیلی راحت می‌باشد و به صورت کاملا مطمئن در کف دست شما جای می‌گیرد.
11,rev-12,در دست گیری آن نیز خیلی راحت می‌باشد و به صورت کاملا مطمئن در کف دست شما جای می‌گیرد.,2,data/main/Sony Xperia Miro.xml,در دست گیری آن نیز خیلی راحت می‌باشد و به صورت کاملاً مطمئن در کف دست شما جای می‌گیرد.
4962,-,در دست گیری آن نیز خیلی راحت می‌باشد و به صورت کاملا مطمئن در کف دست شما جای می‌گیرد.,2,data/extra/Sony Xperia Miro_Hosseini.xml,در دست گیری آن نیز خیلی راحت می‌باشد و به صورت کاملاً مطمئن در کف دست شما جای می‌گیرد.
10,rev-11,در روزگاری که اکثر کمپانی‌ها در تولید گوشی‌های هوشمند خود فقط به فکر بزرگ‌تر کردن صفحه نمایش بدون توجه به افزایش وزن گوشی هستند، اپل دست به یک شگفتی زد و گوشی جدید خود را بزرگ‌تر ولی سبک‌تر تولید نمود.,1,data/main/Apple iPhone 5 - 16GB.xml,در روزگاری که اکثر کمپانی‌ها در تولید گوشی‌های هوشمند خود فقط به فکر بزرگ‌تر کردن صفحه نمایش بدون توجه به افزایش وزن گوشی هستند،  اپل دست به یک شگفتی زد و گوشی جدید خود را بزرگ‌تر ولی سبک‌تر تولید نمود.
1208,-,در روزگاری که اکثر کمپانی‌ها در تولید گوشی‌های هوشمند خود فقط به فکر بزرگ‌تر کردن صفحه نمایش بدون توجه به افزایش وزن گوشی هستند، اپل دست به یک شگفتی زد و گوشی جدید خود را بزرگ‌تر ولی سبک‌تر تولید نمود.,1,data/extra/Apple iPhone 5 - 16GB_Hosseini.xml,در روزگاری که اکثر کمپانی‌ها در تولید گوشی‌های هوشمند خود فقط به فکر بزرگ‌تر کردن صفحه نمایش بدون توجه به افزایش وزن گوشی هستند،  اپل دست به یک شگفتی زد و گوشی جدید خود را بزرگ‌تر ولی سبک‌تر تولید نمود.
6735,-,در روزگاری که اکثر کمپانی‌ها در تولید گوشی‌های هوشمند خود فقط به فکر بزرگ‌تر کردن صفحه نمایش بدون توجه به افزایش وزن گوشی هستند، اپل دست به یک شگفتی زد و گوشی جدید خود را بزرگ‌تر ولی سبک‌تر تولید نمود.,2,data/extra/Apple iPhone 5 - 64GB.xml,در روزگاری که اکثر کمپانی‌ها در تولید گوشی‌های هوشمند خود فقط به فکر بزرگ‌تر کردن صفحه نمایش بدون توجه به افزایش وزن گوشی هستند، اپل دست به یک شگفتی زد و گوشی جدید خود را بزرگ‌تر ولی سبک‌تر تولید نمود.
8972,-,در عین حال به تازگی شاهد ارائه سیستمهای دربازکن تصویری هوشمند و قفلهای درب منازل در ایران از سوی سامسونگ بودیم که شما میتونید با تکنولوژی NFC ارائه شده در گوشیهای سامسونگ با بالاترین امنیت تمام منزل رو تحت کنترل داشته باشید.,0,data/extra/Samsung LED 55ES8880.xml,در عين حال به تازگي شاهد ارائه سيستمهاي دربازکن تصويري هوشمند و قفلهاي درب منازل در ايران از سوي سامسونگ بوديم که شما ميتونيد با تکنولوژي NFC ارائه شده در گوشيهاي سامسونگ با بالاترين امنيت تمام منزل رو تحت کنترل داشته باشيد.
4,gr-5-5,در عین حال به تازگی شاهد ارائه سیستمهای دربازکن تصویری هوشمند و قفلهای درب منازل در ایران از سوی سامسونگ بودیم که شما میتونید با تکنولوژی NFC ارائه شده در گوشیهای سامسونگ با بالاترین امنیت تمام منزل رو تحت کنترل داشته باشید.,1,data/main/Samsung LED 55ES8880.xml,در عين حال به تازگي شاهد ارائه سيستمهاي دربازکن تصويري هوشمند و قفلهاي درب منازل در ايران از سوي سامسونگ بوديم که شما ميتونيد با تکنولوژي NFC ارائه شده در گوشيهاي سامسونگ با بالاترين امنيت تمام منزل رو تحت کنترل داشته باشيد.
0,gr-10-1,در مورد hdmi باید بگوییم فوجیتسو همراه با تبلت داک چند منظوره ای طراحی کرده که به شما خروجی hdmi و usb و ..,0,data/main/Fujitsu Stylistic M532.xml,در مورد hdmi بايد بگوييم فوجيتسو همراه با تبلت داک چند منظوره اي طراحي کرده که به شما خروجي hdmi و usb و ..
6139,-,در مورد hdmi باید بگوییم فوجیتسو همراه با تبلت داک چند منظوره ای طراحی کرده که به شما خروجی hdmi و usb و ..,1,data/extra/Fujitsu Stylistic M532.xml,در مورد hdmi بايد بگوييم فوجيتسو همراه با تبلت داک چند منظوره اي طراحي کرده که به شما خروجي hdmi و usb و ..
1,gr-2-2,در مورد این گوشی باید بگم که حرف نداره .,1,data/main/HTC One X Plus - 64GB.xml,در مورد اين گوشي بايد بگم که حرف نداره .
3683,-,در مورد این گوشی باید بگم که حرف نداره .,2,data/extra/HTC One X Plus - 64GB.xml,در مورد اين گوشي بايد بگم که حرف نداره .
69,rev-70,در نهایت، طبق نتایج به دست آمده، صحت ادعای کمپانی اپل اثبات گردید و مشخص شد که آیفون 5 از نظر سخت افزاری در کل تا دو برابر قوی‌تر از آیفون 4S عمل می‌نماید و بدین ترتیب مجددا گوشی تولیدی کمپانی اپل در صدر قدرتمندترین گوشی‌های بازار از نظر عملکرد سخت افزار می‌ایستد.,1,data/main/Apple iPhone 5 - 16GB.xml,در نهایت،  طبق نتایج به دست آمده،  صحت ادعای کمپانی اپل اثبات گردید و مشخص شد که آیفون 5 از نظر سخت افزاری در کل تا دو برابر قوی‌تر از آیفون 4S عمل می‌نماید و بدین ترتیب مجددا گوشی تولیدی کمپانی اپل در صدر قدرتمندترین گوشی‌های بازار از نظر عملکرد سخت افزار می‌ایستد.
1267,-,در نهایت، طبق نتایج به دست آمده، صحت ادعای کمپانی اپل اثبات گردید و مشخص شد که آیفون 5 از نظر سخت افزاری در کل تا دو برابر قوی‌تر از آیفون 4S عمل می‌نماید و بدین ترتیب مجددا گوشی تولیدی کمپانی اپل در صدر قدرتمندترین گوشی‌های بازار از نظر عملکرد سخت افزار می‌ایستد.,1,data/extra/Apple iPhone 5 - 16GB_Hosseini.xml,در نهایت،  طبق نتایج به دست آمده،  صحت ادعای کمپانی اپل اثبات گردید و مشخص شد که آیفون 5 از نظر سخت افزاری در کل تا دو برابر قوی‌تر از آیفون 4S عمل می‌نماید و بدین ترتیب مجددا گوشی تولیدی کمپانی اپل در صدر قدرتمندترین گوشی‌های بازار از نظر عملکرد سخت افزار می‌ایستد.
6794,-,در نهایت، طبق نتایج به دست آمده، صحت ادعای کمپانی اپل اثبات گردید و مشخص شد که آیفون 5 از نظر سخت افزاری در کل تا دو برابر قوی‌تر از آیفون 4S عمل می‌نماید و بدین ترتیب مجددا گوشی تولیدی کمپانی اپل در صدر قدرتمندترین گوشی‌های بازار از نظر عملکرد سخت افزار می‌ایستد.,2,data/extra/Apple iPhone 5 - 64GB.xml,در نهایت، طبق نتایج به دست آمده، صحت ادعای کمپانی اپل اثبات گردید و مشخص شد که آیفون 5 از نظر سخت افزاری در کل تا دو برابر قوی‌تر از آیفون 4S عمل می‌نماید و بدین ترتیب مجددا گوشی تولیدی کمپانی اپل در صدر قدرتمندترین گوشی‌های بازار از نظر عملکرد سخت افزار می‌ایستد.
4,gr-1-5,در کل بی شک one x plus میتونه یه گوشیه جالب و جذابی برای کاربرا باشه.,1,data/main/HTC One X Plus - 64GB.xml,در کل  بي شک  one x plus ميتونه يه گوشيه جالب و جذابي براي کاربرا باشه.
3680,-,در کل بی شک one x plus میتونه یه گوشیه جالب و جذابی برای کاربرا باشه.,2,data/extra/HTC One X Plus - 64GB.xml,در کل  بي شک  one x plus ميتونه يه گوشيه جالب و جذابي براي کاربرا باشه.
3135,-,در کل، اگر از طرفداران ثابت iOS باشید، استفاده از این نسخه چندان شما را شگفت زده نخواهد نمود.,-1,data/extra/Apple iPad mini WiFi-16GB.xml,در کل، اگر از طرفداران ثابت iOS باشید، استفاده از این نسخه چندان شما را شگفت زده نخواهد نمود.
107,rev-108,در کل، اگر از طرفداران ثابت iOS باشید، استفاده از این نسخه چندان شما را شگفت زده نخواهد نمود.,0,data/main/Apple iPhone 5 - 16GB.xml,در کل،  اگر از طرفداران ثابت iOS باشید،  استفاده از این نسخه چندان شما را شگفت زده نخواهد نمود.
52,rev-53,در کل، با اینکه عکاسی با تبلت را همواره جزو موارد غیر ضروری نامیده‌ایم، ولی در مورد این دستگاه برای کسانی که علاقه‌مند به عکاسی نیز هستند، فوجیتسو شرایطی را فراهم نموده است که کاملا آن‌ها را راضی خواهد نمود.,1,data/main/Fujitsu Stylistic M532.xml,در کل،  با اینکه عکاسی با تبلت را همواره جزو موارد غیر ضروری نامیده‌ایم،  ولی در مورد این دستگاه برای کسانی که علاقه‌مند به عکاسی نیز هستند،  فوجیتسو شرایطی را فراهم نموده است که کاملا آن‌ها را راضی خواهد نمود.
6262,-,در کل، با اینکه عکاسی با تبلت را همواره جزو موارد غیر ضروری نامیده‌ایم، ولی در مورد این دستگاه برای کسانی که علاقه‌مند به عکاسی نیز هستند، فوجیتسو شرایطی را فراهم نموده است که کاملا آن‌ها را راضی خواهد نمود.,1,data/extra/Fujitsu Stylistic M532_Hosseini.xml,در کل،  با اینکه عکاسی با تبلت را همواره جزو موارد غیر ضروری نامیده‌ایم،  ولی در مورد این دستگاه برای کسانی که علاقه‌مند به عکاسی نیز هستند،  فوجیتسو شرایطی را فراهم نموده است که کاملا آن‌ها را راضی خواهد نمود.
6201,-,در کل، با اینکه عکاسی با تبلت را همواره جزو موارد غیر ضروری نامیده‌ایم، ولی در مورد این دستگاه برای کسانی که علاقه‌مند به عکاسی نیز هستند، فوجیتسو شرایطی را فراهم نموده است که کاملا آن‌ها را راضی خواهد نمود.,2,data/extra/Fujitsu Stylistic M532.xml,در کل، با اینکه عکاسی با تبلت را همواره جزو موارد غیر ضروری نامیده‌ایم، ولی در مورد این دستگاه برای کسانی که علاقه‌مند به عکاسی نیز هستند، فوجیتسو شرایطی را فراهم نموده است که کاملا آن‌ها را راضی خواهد نمود.
33,rev-34,در کل، با دیدن iPhone 5 محو کیفیت و زیبایی آن خواهید شد.,1,data/main/Apple iPhone 5 - 16GB.xml,در کل،  با دیدن iPhone 5 محو کیفیت و زیبایی آن خواهید شد.
1231,-,در کل، با دیدن iPhone 5 محو کیفیت و زیبایی آن خواهید شد.,1,data/extra/Apple iPhone 5 - 16GB_Hosseini.xml,در کل،  با دیدن iPhone 5 محو کیفیت و زیبایی آن خواهید شد.
6758,-,در کل، با دیدن iPhone 5 محو کیفیت و زیبایی آن خواهید شد.,2,data/extra/Apple iPhone 5 - 64GB.xml,در کل، با دیدن iPhone 5 محو کیفیت و زیبایی آن خواهید شد.
11307,-,دوربینشم خوبه ولی در فضای آزاد که نور اندازه باشه عالیه.,1,data/extra/Samsung Galaxy Tab 2 10.1 P5100 - 16GB.xml,دوربينشم خوبه ولي در فضاي آزاد که نور اندازه باشه عاليه.
3,gr-3-4,دوربینشم خوبه ولی در فضای آزاد که نور اندازه باشه عالیه.,2,data/main/Samsung Galaxy Tab 2 10.1 P5100 - 16GB.xml,دوربينشم خوبه ولي در فضاي آزاد که نور اندازه باشه عاليه.
10380,-,دوستانی که قصد خرید دارند Nexus 7 Wifi رو تهیه کنند چون Nexus 7 3G با سیم کارت کار نمی کنه !,-2,data/extra/Asus Google Nexus 7 3G - 32GB.xml,دوستاني که قصد خريد دارند Nexus 7 Wifi رو تهيه کنند چون Nexus 7 3G با سيم کارت کار نمي کنه !
0,gr-6-1,دوستانی که قصد خرید دارند Nexus 7 Wifi رو تهیه کنند چون Nexus 7 3G با سیم کارت کار نمی کنه !,-1,data/main/Asus Google Nexus 7 3G - 32GB.xml,دوستاني که قصد خريد دارند Nexus 7 Wifi رو تهيه کنند چون Nexus 7 3G با سيم کارت کار نمي کنه !
8635,-,دومیش اینه که دوربینش عملا به هیچ دردی نمیخوره.,-2,data/extra/Nokia 500.xml,دوميش اينه که دوربينش عملا به هيچ دردي نميخوره.
4,gr-17-5,دومیش اینه که دوربینش عملا به هیچ دردی نمیخوره.,-1,data/main/Nokia 500.xml,دوميش اينه که دوربينش عملا به هيچ دردي نميخوره.
11376,-,دیروز این دوربینو از دیجی کالا خریدم ، تا شب فقط داشتم باهاش کار میکردم و همه جوره امتحانش کردم ، باید بگم که بسیار از خریدم راضی هستم چون کیفیت این دوربین فوق العاده است قبلش با دل چرکینی داشتم میخریدم چون فکر میکردم به پای کانن نرسه!,1,data/extra/Sony Cyber-Shot DSC-HX10V.xml,ديروز اين دوربينو از ديجي کالا خريدم ،   تا شب فقط داشتم باهاش کار ميکردم و همه جوره امتحانش کردم ،  بايد بگم که بسيار از خريدم راضي هستم چون کيفيت اين دوربين فوق العاده است قبلش با دل چرکيني داشتم ميخريدم چون فکر ميکردم به پاي کانن نرسه!
0,gr-1-1,دیروز این دوربینو از دیجی کالا خریدم ، تا شب فقط داشتم باهاش کار میکردم و همه جوره امتحانش کردم ، باید بگم که بسیار از خریدم راضی هستم چون کیفیت این دوربین فوق العاده است قبلش با دل چرکینی داشتم میخریدم چون فکر میکردم به پای کانن نرسه!,2,data/main/Sony Cyber-Shot DSC-HX10V.xml,ديروز اين دوربينو از ديجي کالا خريدم ،   تا شب فقط داشتم باهاش کار ميکردم و همه جوره امتحانش کردم ،  بايد بگم که بسيار از خريدم راضي هستم چون کيفيت اين دوربين فوق العاده است قبلش با دل چرکيني داشتم ميخريدم چون فکر ميکردم به پاي کانن نرسه!
8219,-,دیگه تقریبا نمیشه روش عیبی گذاشت خیلی بهتر شده واقعا ارزش خریدن داره,1,data/extra/Samsung Galaxy S III I9305 - 16GB.xml,ديگه تقريبا نميشه روش عيبي گذاشت خيلي بهتر شده واقعا ارزش خريدن داره
0,gr-5-1,دیگه تقریبا نمیشه روش عیبی گذاشت خیلی بهتر شده واقعا ارزش خریدن داره,2,data/main/Samsung Galaxy S III I9305 - 16GB.xml,"ديگه تقريبا نميشه روش عيبي گذاشت
خيلي بهتر شده
واقعا ارزش خريدن داره"
22,rev-23,رنگ مشکی کاملا عمیق است.,0,data/main/Samsung Galaxy S II I9100 - 16GB.xml,رنگ مشکی کاملاً عمیق است.
8089,-,رنگ مشکی کاملا عمیق است.,0,data/extra/Samsung Galaxy S II I9100 - 16GB_Hosseini.xml,رنگ مشکی کاملاً عمیق است.
22,rev-23,رنگ مشکی کاملا عمیق است.,1,data/main/Samsung Galaxy S II Plus I9105 - 8GB.xml,رنگ مشکی کاملا عمیق است.
7510,-,رنگ مشکی کاملا عمیق است.,1,data/extra/Samsung Galaxy S II Plus I9105 - 8GB_Hosseini.xml,رنگ مشکی کاملا عمیق است.
8617,-,زود هنگ میکنه روشنایی کم و رزولوشن پایین و..,-2,data/extra/Nokia 500.xml,زود هنگ ميکنه روشنايي کم و رزولوشن پايين و..
2,gr-9-3,زود هنگ میکنه روشنایی کم و رزولوشن پایین و..,-1,data/main/Nokia 500.xml,"زود هنگ ميکنه
روشنايي کم و رزولوشن پايين و.."
1592,-,سلام خدمت همه علاقمندان به عکاسی خوب من مدل f500 این دوربین رو داشتم که بعد از کلی تحقیق با توجه به قیمت مناسبش خریداری کردم البته این مدل با مدل قبلی هیچ تفاوتی نداره کیفت عکسهای تو نور روز تا حدی می تونه راضی کننده باشه کیفیت فیلم برداریش اصلا خوب نیست صدای زوم لنز خیلی آزار دهنده هست کیفیت بدنه هم اصلا جالب نیست ولی خوب برای ثبت لحظه های آماتوری تو نور روز میشه گفت خوبه تو این رنج قیمت,-1,data/extra/Fujifilm FinePix F660EXR.xml,سلام خدمت همه علاقمندان به عکاسي خوب من مدل f500 اين دوربين رو داشتم که بعد از کلي تحقيق با توجه به قيمت مناسبش خريداري کردم البته اين مدل با مدل قبلي هيچ تفاوتي نداره کيفت عکسهاي تو نور روز تا حدي مي تونه راضي کننده باشه کيفيت فيلم برداريش اصلا خوب نيست صداي زوم لنز خيلي آزار دهنده هست کيفيت بدنه هم اصلا جالب نيست ولي خوب براي ثبت لحظه هاي آماتوري تو نور روز ميشه گفت خوبه تو اين رنج قيمت
0,gr-5-1,سلام خدمت همه علاقمندان به عکاسی خوب من مدل f500 این دوربین رو داشتم که بعد از کلی تحقیق با توجه به قیمت مناسبش خریداری کردم البته این مدل با مدل قبلی هیچ تفاوتی نداره کیفت عکسهای تو نور روز تا حدی می تونه راضی کننده باشه کیفیت فیلم برداریش اصلا خوب نیست صدای زوم لنز خیلی آزار دهنده هست کیفیت بدنه هم اصلا جالب نیست ولی خوب برای ثبت لحظه های آماتوری تو نور روز میشه گفت خوبه تو این رنج قیمت,1,data/main/Fujifilm FinePix F660EXR.xml,سلام خدمت همه علاقمندان به عکاسي خوب من مدل f500 اين دوربين رو داشتم که بعد از کلي تحقيق با توجه به قيمت مناسبش خريداري کردم البته اين مدل با مدل قبلي هيچ تفاوتي نداره کيفت عکسهاي تو نور روز تا حدي مي تونه راضي کننده باشه کيفيت فيلم برداريش اصلا خوب نيست صداي زوم لنز خيلي آزار دهنده هست کيفيت بدنه هم اصلا جالب نيست ولي خوب براي ثبت لحظه هاي آماتوري تو نور روز ميشه گفت خوبه تو اين رنج قيمت
3763,-,"سلام دوستان , من از این دوربین استفاده کردم و فوق العاده هست.",1,data/extra/GoPro HD Helmet Hero.xml,"سلام دوستان ,  من از اين دوربين  استفاده کردم و فوق العاده هست."
0,gr-1-1,"سلام دوستان , من از این دوربین استفاده کردم و فوق العاده هست.",2,data/main/GoPro HD Helmet Hero.xml,"سلام دوستان ,  من از اين دوربين استفاده کردم و فوق العاده هست."
1,gr-11-2,سهامش تو این 2 هفته مداوم داره بالا و بالاتر میره و با عرضه اسمارت فون های میان قیمت ویندوزفون بسیار سریعتر رشد میکنه,1,data/main/Nokia Lumia 620.xml,سهامش تو اين 2 هفته مداوم داره بالا و بالاتر ميره و با عرضه اسمارت فون هاي ميان قيمت ويندوزفون بسيار سريعتر رشد ميکنه
2171,-,سهامش تو این 2 هفته مداوم داره بالا و بالاتر میره و با عرضه اسمارت فون های میان قیمت ویندوزفون بسیار سریعتر رشد میکنه,2,data/extra/Nokia Lumia 620.xml,سهامش تو اين 2 هفته مداوم داره بالا و بالاتر ميره و با عرضه اسمارت فون هاي ميان قيمت ويندوزفون بسيار سريعتر رشد ميکنه
6755,-,شاید تنها نکته ای که در مورد جنس بدنه iPhone 5 می‌توان گفت، خش پذیری نسبتا زیاد آن است.,-2,data/extra/Apple iPhone 5 - 64GB.xml,شاید تنها نکته ای که در مورد جنس بدنه iPhone 5 می‌توان گفت، خش پذیری نسبتا زیاد آن است.
30,rev-31,شاید تنها نکته ای که در مورد جنس بدنه iPhone 5 می‌توان گفت، خش پذیری نسبتا زیاد آن است.,-1,data/main/Apple iPhone 5 - 16GB.xml,شاید تنها نکته ای که در مورد جنس بدنه iPhone 5 می‌توان گفت،  خش پذیری نسبتاً زیاد آن است.
1228,-,شاید تنها نکته ای که در مورد جنس بدنه iPhone 5 می‌توان گفت، خش پذیری نسبتا زیاد آن است.,-1,data/extra/Apple iPhone 5 - 16GB_Hosseini.xml,شاید تنها نکته ای که در مورد جنس بدنه iPhone 5 می‌توان گفت،  خش پذیری نسبتاً زیاد آن است.
6144,-,شما اگه خوب بهش نگاه کنید متوجه میشید که بیشتر شبیه به یک کتابخوان هستش تا به یک تبلت .,-1,data/extra/Fujitsu Stylistic M532.xml,شما اگه خوب بهش نگاه کنيد متوجه ميشيد که بيشتر شبيه به يک کتابخوان هستش تا به يک تبلت .
2,gr-11-3,شما اگه خوب بهش نگاه کنید متوجه میشید که بیشتر شبیه به یک کتابخوان هستش تا به یک تبلت .,0,data/main/Fujitsu Stylistic M532.xml,شما اگه خوب بهش نگاه کنيد متوجه ميشيد که بيشتر شبيه به يک کتابخوان هستش تا به يک تبلت .
0,gr-7-1,شما به راحتی میتونید در کنار مک ویندوز بریزید و در کیفیت صفحه رتینا کیفیت واقعی ویندوز رو ببینید,0,data/main/Apple MacBook Pro With Retina Display-B.xml,"شما به راحتي ميتونيد در کنار مک ويندوز بريزيد و در کيفيت صفحه رتينا کيفيت واقعي ويندوز رو ببينيد
"
2910,-,شما به راحتی میتونید در کنار مک ویندوز بریزید و در کیفیت صفحه رتینا کیفیت واقعی ویندوز رو ببینید,1,data/extra/Apple MacBook Pro With Retina Display-B.xml,شما به راحتي ميتونيد در کنار مک ويندوز بريزيد و در کيفيت صفحه رتينا کيفيت واقعي ويندوز رو ببينيد
6136,-,شما می‌تونید با نصب یک اپ، این مشکل رو رفع کنید و این ربطی به فوجیستو یا این دیوایس نداره.,0,data/extra/Fujitsu Stylistic M532.xml,شما مي‌تونيد با نصب يک اپ،  اين مشکل رو رفع کنيد و اين ربطي به فوجيستو يا اين ديوايس نداره.
1,gr-8-2,شما می‌تونید با نصب یک اپ، این مشکل رو رفع کنید و این ربطی به فوجیستو یا این دیوایس نداره.,1,data/main/Fujitsu Stylistic M532.xml,شما مي‌تونيد با نصب يک اپ،  اين مشکل رو رفع کنيد و اين ربطي به فوجيستو يا اين ديوايس نداره.
2904,-,صفحه نمایشش بی نظیره همین طور گرافیکش اگه پولش را دارین حتما بگیرینش تا 5سال تو دنیا به نظر من بهترینه,1,data/extra/Apple MacBook Pro With Retina Display-B.xml,صفحه نمايشش بي نظيره  همين طور گرافيکش اگه پولش را دارين  حتما بگيرينش تا 5سال تو دنيا به نظر من بهترينه
0,gr-1-1,صفحه نمایشش بی نظیره همین طور گرافیکش اگه پولش را دارین حتما بگیرینش تا 5سال تو دنیا به نظر من بهترینه,2,data/main/Apple MacBook Pro With Retina Display-B.xml,"صفحه نمايشش بي نظيره  همين طور گرافيکش اگه پولش را دارين  حتما بگيرينش
تا 5سال تو دنيا به نظر من بهترينه"
6097,-,طبق ادعای پاناسونیک، این چشمی تا سه بار پاسخگویی بالاتری نسبت به چشمی دوربین G5 دارد.,0,data/extra/Panasonic Lumix DMC-G6_Hosseini.xml,طبق ادعای پاناسونیک،  این چشمی تا سه بار پاسخگویی بالاتری نسبت به چشمی دوربین G5 دارد.
24,rev-25,طبق ادعای پاناسونیک، این چشمی تا سه بار پاسخگویی بالاتری نسبت به چشمی دوربین G5 دارد.,1,data/main/Panasonic Lumix DMC-G6.xml,طبق ادعای پاناسونیک،  این چشمی تا سه بار پاسخگویی بالاتری نسبت به چشمی دوربین G5 دارد.
1,gr-19-2,عاشق محصولاتشم !,1,data/main/Asus Google Nexus 7 3G - 32GB.xml,عاشق محصولاتشم !
10399,-,عاشق محصولاتشم !,2,data/extra/Asus Google Nexus 7 3G - 32GB.xml,عاشق محصولاتشم !
8220,-,عالیست.,1,data/extra/Samsung Galaxy S III I9305 - 16GB.xml,عاليست.
0,gr-6-1,عالیست.,2,data/main/Samsung Galaxy S III I9305 - 16GB.xml,عاليست.
0,gr-6-1,عدم پشتیبانی از حافظه جانبی مشکل چندان مهمی نیست و نسبت سایر قابلیت ها زیاد به چشم نمی یاد.,0,data/main/Asus PadFone 2 - 16GB.xml,عدم پشتيباني از حافظه جانبي مشکل چندان مهمي نيست و نسبت ساير قابليت ها زياد به چشم نمي ياد.
4365,-,عدم پشتیبانی از حافظه جانبی مشکل چندان مهمی نیست و نسبت سایر قابلیت ها زیاد به چشم نمی یاد.,1,data/extra/Asus PadFone 2 - 16GB.xml,عدم پشتيباني از حافظه جانبي مشکل چندان مهمي نيست و نسبت ساير قابليت ها زياد به چشم نمي ياد.
3715,-,فقط اگه کارت حافظه هم پشتیبانی کنه اخرشه من که عاشقش شدم خیلی خیلی زیباست با اون کیفیت صفحه بالا قطعا بهترین گوشی دنیاست عاشقتم HTC.,1,data/extra/HTC One X Plus - 64GB.xml,فقط اگه کارت حافظه هم پشتيباني کنه اخرشه من که عاشقش شدم خيلي خيلي زيباست با اون کيفيت صفحه بالا قطعا بهترين گوشي دنياست عاشقتم HTC.
1,gr-14-2,فقط اگه کارت حافظه هم پشتیبانی کنه اخرشه من که عاشقش شدم خیلی خیلی زیباست با اون کیفیت صفحه بالا قطعا بهترین گوشی دنیاست عاشقتم HTC.,2,data/main/HTC One X Plus - 64GB.xml,فقط اگه کارت حافظه هم پشتيباني کنه اخرشه من که عاشقش شدم خيلي خيلي زيباست با اون کيفيت صفحه بالا قطعا بهترين گوشي دنياست عاشقتم HTC.
11400,-,فقط زومش یک مقدار از HX-100 کمتره.,-1,data/extra/Sony Cyber-Shot DSC-HX10V.xml,فقط زومش يک مقدار از HX-100 کمتره.
3,gr-7-4,فقط زومش یک مقدار از HX-100 کمتره.,0,data/main/Sony Cyber-Shot DSC-HX10V.xml,فقط زومش يک مقدار از HX-100 کمتره.
11404,-,فوق العاده است .,1,data/extra/Sony Cyber-Shot DSC-HX10V.xml,فوق العاده است .
0,gr-9-1,فوق العاده است .,2,data/main/Sony Cyber-Shot DSC-HX10V.xml,فوق العاده است .
0,gr-20-1,فک کنم اپل دیگه به پای سامسونگ نرسه,0,data/main/Samsung Galaxy Tab 2 10.1 P5100 - 16GB.xml,فک کنم اپل ديگه به پاي سامسونگ نرسه
11334,-,فک کنم اپل دیگه به پای سامسونگ نرسه,1,data/extra/Samsung Galaxy Tab 2 10.1 P5100 - 16GB.xml,فک کنم اپل ديگه به پاي سامسونگ نرسه
1597,-,فیلم برداری 320 فریم بر ثانیه اش فوق العادس!,1,data/extra/Fujifilm FinePix F660EXR.xml,فيلم برداري 320 فريم بر ثانيه اش فوق العادس!
4,gr-6-5,فیلم برداری 320 فریم بر ثانیه اش فوق العادس!,2,data/main/Fujifilm FinePix F660EXR.xml,فيلم برداري 320 فريم بر ثانيه اش فوق العادس!
11387,-,فیلم برداری Full HD این دوربین هم در بالاترین سطح ممکن در بین سری کامپکت ها است و کیفیت بی نظیری داره.,1,data/extra/Sony Cyber-Shot DSC-HX10V.xml,فيلم برداري Full HD اين دوربين هم در بالاترين سطح ممکن در بين سري کامپکت ها است و کيفيت بي نظيري داره.
2,gr-2-3,فیلم برداری Full HD این دوربین هم در بالاترین سطح ممکن در بین سری کامپکت ها است و کیفیت بی نظیری داره.,2,data/main/Sony Cyber-Shot DSC-HX10V.xml,فيلم برداري Full HD اين دوربين هم در بالاترين سطح ممکن در بين سري کامپکت ها است و کيفيت بي نظيري داره.
2,gr-15-3,لطفا از جای معتبر خرید کنید چون در بازار متقلب خیلی زیاده قیمت کم می گن ولی وقت خرید مجبورتون می کنن کلی پول اضافه بدین (مثلا می گن باید راه اندازی بشه والا گارانتی اش با اولین استفاده باطل می شه که یه دروغ محضه واسه اینکه کلی پول راه اندازی ازتون بگیرن.,-1,data/main/Samsung Galaxy Tab 2 10.1 P5100 - 16GB.xml,لطفاً از جاي معتبر خريد کنيد چون در بازار متقلب خيلي زياده قيمت کم مي گن ولي وقت خريد مجبورتون مي کنن کلي پول اضافه بدين (مثلاً  مي گن بايد راه اندازي بشه والا گارانتي اش با اولين استفاده باطل مي شه که يه دروغ محضه واسه اينکه کلي پول راه اندازي ازتون بگيرن.
11327,-,لطفا از جای معتبر خرید کنید چون در بازار متقلب خیلی زیاده قیمت کم می گن ولی وقت خرید مجبورتون می کنن کلی پول اضافه بدین (مثلا می گن باید راه اندازی بشه والا گارانتی اش با اولین استفاده باطل می شه که یه دروغ محضه واسه اینکه کلی پول راه اندازی ازتون بگیرن.,0,data/extra/Samsung Galaxy Tab 2 10.1 P5100 - 16GB.xml,لطفاً از جاي معتبر خريد کنيد چون در بازار متقلب خيلي زياده قيمت کم مي گن ولي وقت خريد مجبورتون مي کنن کلي پول اضافه بدين (مثلاً  مي گن بايد راه اندازي بشه والا گارانتي اش با اولين استفاده باطل مي شه که يه دروغ محضه واسه اينکه کلي پول راه اندازي ازتون بگيرن.
57,rev-58,متاسفانه سایر برنامه‌ها بر روی این صفحه نمایش ظاهر زیاد خوبی ندارند.,-1,data/main/Apple MacBook Pro With Retina Display-B.xml,متاسفانه سایر برنامه‌ها بر روی این صفحه نمایش ظاهر زیاد خوبی ندارند.
13295,-,متاسفانه سایر برنامه‌ها بر روی این صفحه نمایش ظاهر زیاد خوبی ندارند.,-1,data/extra/Apple MacBook Pro With Retina Display-B_Hosseini.xml,متاسفانه سایر برنامه‌ها بر روی این صفحه نمایش ظاهر زیاد خوبی ندارند.
2972,-,متاسفانه سایر برنامه‌ها بر روی این صفحه نمایش ظاهر زیاد خوبی ندارند.,1,data/extra/Apple MacBook Pro With Retina Display-B.xml,متأسفانه سایر برنامه‌ها بر روی این صفحه نمایش ظاهر زیاد خوبی ندارند.
8228,-,محشره,1,data/extra/Samsung Galaxy S III I9305 - 16GB.xml,محشره
1,gr-10-2,محشره,2,data/main/Samsung Galaxy S III I9305 - 16GB.xml,محشره
10396,-,مدل wifi تنها چیزی که کم داشت 3g بود.,-1,data/extra/Asus Google Nexus 7 3G - 32GB.xml,مدل wifi تنها چيزي که کم داشت 3g  بود.
0,gr-18-1,مدل wifi تنها چیزی که کم داشت 3g بود.,0,data/main/Asus Google Nexus 7 3G - 32GB.xml,مدل wifi تنها چيزي که کم داشت 3g  بود.
6148,-,معمولا فوجیتسو سعی میکنه از بقیه برند ها ارزونتر باشه ولی بازم باید صبر کنیم.,-1,data/extra/Fujitsu Stylistic M532.xml,معمولا فوجيتسو  سعي ميکنه از بقيه برند ها ارزونتر باشه ولي بازم بايد صبر کنيم.
0,gr-13-1,معمولا فوجیتسو سعی میکنه از بقیه برند ها ارزونتر باشه ولی بازم باید صبر کنیم.,0,data/main/Fujitsu Stylistic M532.xml,معمولا فوجيتسو  سعي ميکنه از بقيه برند ها ارزونتر باشه ولي بازم بايد صبر کنيم.
33,gr-9-34,ممنون.,0,data/main/LG Optimus Vu P895.xml,ممنون.
5943,-,ممنون.,1,data/extra/Canon EOS 650D Kit EF-18-55 IS.xml,ممنون.
3708,-,من SII داشتم و با ضرر زیاد ردش کردم رفت.,-2,data/extra/HTC One X Plus - 64GB.xml,من SII  داشتم و با ضرر زياد ردش کردم رفت.
1,gr-11-2,من SII داشتم و با ضرر زیاد ردش کردم رفت.,-1,data/main/HTC One X Plus - 64GB.xml,من SII  داشتم و با ضرر زياد ردش کردم رفت.
0,gr-9-1,من از روزی که وارد بازار شد دارم ..,0,data/main/Samsung Galaxy Tab 2 10.1 P5100 - 16GB.xml,من از روزي که وارد بازار شد دارم ..
11314,-,من از روزی که وارد بازار شد دارم ..,1,data/extra/Samsung Galaxy Tab 2 10.1 P5100 - 16GB.xml,من از روزي که وارد بازار شد دارم ..
11305,-,من اول میخواستم ایسوس ترانسفر بگیرم اما با پیشنهاد دوستان این مدلو گرفتم خیلیم راضیم ازش.,1,data/extra/Samsung Galaxy Tab 2 10.1 P5100 - 16GB.xml,من اول ميخواستم ايسوس ترانسفر بگيرم اما با پيشنهاد دوستان اين مدلو گرفتم خيليم راضيم ازش.
1,gr-3-2,من اول میخواستم ایسوس ترانسفر بگیرم اما با پیشنهاد دوستان این مدلو گرفتم خیلیم راضیم ازش.,2,data/main/Samsung Galaxy Tab 2 10.1 P5100 - 16GB.xml,من اول ميخواستم ايسوس ترانسفر بگيرم اما با پيشنهاد دوستان اين مدلو گرفتم خيليم راضيم ازش.
1,gr-4-2,من اگه جای دیجی کالا بودم امتیاز 9.75 رو به این دوربین می دادم عکس های این دوربین رو با Casio Exilim EX-ZR20 که قیمتش گرونتر هست مقایسه کردم شاید باورتون نشه تفاوت از زمین تا آسمان بود واقعا که سونی در دوربین های دیجیتال مخصوصا دوربین های خانوادگی و نه حرفه ای حرف اول رو میزنه .,0,data/main/Sony Cyber-Shot DSC-HX10V.xml,من اگه جاي ديجي کالا بودم امتياز 9.75 رو به اين دوربين مي دادم عکس هاي اين دوربين رو با Casio Exilim EX-ZR20  که قيمتش گرونتر هست مقايسه کردم شايد باورتون نشه تفاوت از زمين تا آسمان بود واقعا که سوني در دوربين هاي ديجيتال مخصوصا دوربين هاي خانوادگي و نه حرفه اي حرف اول رو ميزنه .
11392,-,من اگه جای دیجی کالا بودم امتیاز 9.75 رو به این دوربین می دادم عکس های این دوربین رو با Casio Exilim EX-ZR20 که قیمتش گرونتر هست مقایسه کردم شاید باورتون نشه تفاوت از زمین تا آسمان بود واقعا که سونی در دوربین های دیجیتال مخصوصا دوربین های خانوادگی و نه حرفه ای حرف اول رو میزنه .,1,data/extra/Sony Cyber-Shot DSC-HX10V.xml,من اگه جاي ديجي کالا بودم امتياز 9.75 رو به اين دوربين مي دادم عکس هاي اين دوربين رو با Casio Exilim EX-ZR20  که قيمتش گرونتر هست مقايسه کردم شايد باورتون نشه تفاوت از زمين تا آسمان بود واقعا که سوني در دوربين هاي ديجيتال مخصوصا دوربين هاي خانوادگي و نه حرفه اي حرف اول رو ميزنه .
3695,-,من این گوشیو خریدم اما نمیدونم چجوری کیبوردشو فارسی کنم.,-1,data/extra/HTC One X Plus - 64GB.xml,من اين گوشيو خريدم اما نميدونم چجوري کيبوردشو فارسي کنم.
1,gr-7-2,من این گوشیو خریدم اما نمیدونم چجوری کیبوردشو فارسی کنم.,0,data/main/HTC One X Plus - 64GB.xml,من اين گوشيو خريدم اما نميدونم چجوري کيبوردشو فارسي کنم.
2914,-,من اینو دارم و میخواهم بگم عالیه به تمام معنا و فوق العادست اگه پولشو دارین حتما یکی بگیرین,1,data/extra/Apple MacBook Pro With Retina Display-B.xml,من اينو دارم و ميخواهم بگم عاليه به تمام معنا و فوق العادست اگه پولشو دارين حتما يکي بگيرين
0,gr-10-1,من اینو دارم و میخواهم بگم عالیه به تمام معنا و فوق العادست اگه پولشو دارین حتما یکی بگیرین,2,data/main/Apple MacBook Pro With Retina Display-B.xml,من اينو دارم و ميخواهم بگم عاليه به تمام معنا و فوق العادست اگه پولشو دارين حتما يکي بگيرين
0,gr-17-1,من فقط از نداشتن امکان اتصال سیم کارت و استفاده از GPRS ناراحت بودم که خدارو شکر این مشکل در این مدل حل شده و واقعا این تبلت حرف نداره .,1,data/main/Asus Google Nexus 7 3G - 32GB.xml,من فقط از نداشتن امکان اتصال سيم کارت و استفاده از GPRS ناراحت بودم که خدارو شکر اين مشکل در اين مدل حل شده و واقعا اين تبلت حرف نداره .
10394,-,من فقط از نداشتن امکان اتصال سیم کارت و استفاده از GPRS ناراحت بودم که خدارو شکر این مشکل در این مدل حل شده و واقعا این تبلت حرف نداره .,2,data/extra/Asus Google Nexus 7 3G - 32GB.xml,من فقط از نداشتن امکان اتصال سيم کارت و استفاده از GPRS ناراحت بودم که خدارو شکر اين مشکل در اين مدل حل شده و واقعا اين تبلت حرف نداره .
1598,-,من نمیدونم فوجی فیلم چی رو داره تغییر میده.,-1,data/extra/Fujifilm FinePix F660EXR.xml,من نميدونم فوجي فيلم چي رو داره تغيير ميده.
0,gr-7-1,من نمیدونم فوجی فیلم چی رو داره تغییر میده.,0,data/main/Fujifilm FinePix F660EXR.xml,من نميدونم فوجي فيلم چي رو داره تغيير ميده.
1,gr-17-2,من همینو میخرم ..,0,data/main/Asus Google Nexus 7 3G - 32GB.xml,من  همينو ميخرم ..
10395,-,من همینو میخرم ..,1,data/extra/Asus Google Nexus 7 3G - 32GB.xml,من  همينو ميخرم ..
0,gr-15-1,من که خوشم اومد به جز نداشتن فلاش,0,data/main/Nokia 500.xml,من که خوشم اومد به جز نداشتن فلاش
8629,-,من که خوشم اومد به جز نداشتن فلاش,1,data/extra/Nokia 500.xml,من که خوشم اومد به جز نداشتن فلاش
11729,-,من یک ماهی میشه خریدمش هارد بسیار خوبیه ارزش خریدن رو داره وزن کم و مخصوصا اینکه موقع بیکار بودن هارد روی استند بای میره و موقع باز کردن هارد دوباره شروع به کار میکنه بدون کسری از ثانیه واقعا خوبه,1,data/extra/Western Digital Portable My Passport - 1TB.xml,من يک ماهي ميشه خريدمش هارد بسيار خوبيه ارزش خريدن رو داره وزن کم و مخصوصا اينکه موقع بيکار بودن هارد روي استند باي ميره و موقع باز کردن هارد دوباره شروع به کار ميکنه بدون کسري از ثانيه واقعاً خوبه
0,gr-14-1,من یک ماهی میشه خریدمش هارد بسیار خوبیه ارزش خریدن رو داره وزن کم و مخصوصا اینکه موقع بیکار بودن هارد روی استند بای میره و موقع باز کردن هارد دوباره شروع به کار میکنه بدون کسری از ثانیه واقعا خوبه,2,data/main/Western Digital Portable My Passport - 1TB.xml,من يک ماهي ميشه خريدمش هارد بسيار خوبيه ارزش خريدن رو داره وزن کم و مخصوصا اينکه موقع بيکار بودن هارد روي استند باي ميره و موقع باز کردن هارد دوباره شروع به کار ميکنه بدون کسري از ثانيه واقعا خوبه 
790,-,من یک ماهی میشه خریدمش هارد بسیار خوبیه ارزش خریدن رو داره وزن کم و مخصوصا اینکه موقع بیکار بودن هارد روی استند بای میره و موقع باز کردن هارد دوباره شروع به کار میکنه بدون کسری از ثانیه واقعا خوبه,2,data/extra/Western Digital Portable My Passport - 1TB_Hosseini.xml,من يک ماهي ميشه خريدمش هارد بسيار خوبيه ارزش خريدن رو داره وزن کم و مخصوصا اينکه موقع بيکار بودن هارد روي استند باي ميره و موقع باز کردن هارد دوباره شروع به کار ميکنه بدون کسري از ثانيه واقعا خوبه
1,gr-8-2,منم میخرمش!,0,data/main/Huawei MediaPad 10 FHD - 16GB.xml,منم ميخرمش!
11832,-,منم میخرمش!,1,data/extra/Huawei MediaPad 10 FHD - 16GB.xml,منم ميخرمش!
2,gr-1-3,منوی فارسی ، GPS و EYEFI هم داره.,0,data/main/Sony Cyber-Shot DSC-HX10V.xml,منوي فارسي ،  GPS و EYEFI  هم داره.
11378,-,منوی فارسی ، GPS و EYEFI هم داره.,1,data/extra/Sony Cyber-Shot DSC-HX10V.xml,منوي فارسي ،  GPS و EYEFI  هم داره.
11831,-,نسبت به قیمت و کارایی بسیار عالیه من پسر عموم خریده خیلی راضیه ازش.,1,data/extra/Huawei MediaPad 10 FHD - 16GB.xml,نسبت به قيمت و کارايي بسيار عاليه من پسر عموم خريده خيلي راضيه ازش.
0,gr-8-1,نسبت به قیمت و کارایی بسیار عالیه من پسر عموم خریده خیلی راضیه ازش.,2,data/main/Huawei MediaPad 10 FHD - 16GB.xml,نسبت به قيمت و کارايي بسيار عاليه من پسر عموم خريده خيلي راضيه ازش.
4,rev-5,نسل جدید iPod Touch تنها 88 گرم وزن دارد که این میزان، 13 گرم سبک‌تر از مدل سال گذشته است.,1,data/main/Apple Ipod Touch 5th Generation - 64GB.xml,نسل جدید iPod Touch تنها 88 گرم وزن دارد که این میزان،  13 گرم سبک‌تر از مدل سال گذشته است.
1997,-,نسل جدید iPod Touch تنها 88 گرم وزن دارد که این میزان، 13 گرم سبک‌تر از مدل سال گذشته است.,1,data/extra/Apple Ipod Touch 5th Generation - 64GB_Hosseini.xml,نسل جدید iPod Touch تنها 88 گرم وزن دارد که این میزان،  13 گرم سبک‌تر از مدل سال گذشته است.
9068,-,نسل جدید iPod Touch تنها 88 گرم وزن دارد که این میزان، 13 گرم سبک‌تر از مدل سال گذشته است.,2,data/extra/Apple Ipod Touch 5th Generation - 64GB.xml,نسل جدید iPod Touch تنها 88 گرم وزن دارد که این میزان، 13 گرم سبک‌تر از مدل سال گذشته است.
0,gr-10-1,نوت بوک من پیش این کم میاره!,0,data/main/Samsung Galaxy S III I9305 - 16GB.xml,نوت بوک من پيش اين کم مياره!
8227,-,نوت بوک من پیش این کم میاره!,1,data/extra/Samsung Galaxy S III I9305 - 16GB.xml,نوت بوک من پيش اين کم مياره!
2,gr-21-3,نوت ۲ اندازه بزرگی داشت حالا دیگه با خیال راحت منتظر میمونم تا بیاد.,0,data/main/Samsung Galaxy S III I9305 - 16GB.xml,نوت ۲ اندازه بزرگي داشت حالا ديگه با خيال راحت منتظر ميمونم تا بياد.
8245,-,نوت ۲ اندازه بزرگی داشت حالا دیگه با خیال راحت منتظر میمونم تا بیاد.,1,data/extra/Samsung Galaxy S III I9305 - 16GB.xml,نوت ۲ اندازه بزرگي داشت حالا ديگه با خيال راحت منتظر ميمونم تا بياد.
11741,-,هارد خیلی خوبیه ؛ من واقعا راضیم و هیچ مشکلی باهاش ندارم .,1,data/extra/Western Digital Portable My Passport - 1TB.xml,هارد خيلي خوبيه ؛ من واقعاً راضيم و هيچ مشکلي باهاش ندارم .
0,gr-20-1,هارد خیلی خوبیه ؛ من واقعا راضیم و هیچ مشکلی باهاش ندارم .,2,data/main/Western Digital Portable My Passport - 1TB.xml,هارد خيلي خوبيه ؛ من واقعا راضيم و هيچ مشکلي باهاش ندارم .
802,-,هارد خیلی خوبیه ؛ من واقعا راضیم و هیچ مشکلی باهاش ندارم .,2,data/extra/Western Digital Portable My Passport - 1TB_Hosseini.xml,هارد خيلي خوبيه ؛ من واقعا راضيم و هيچ مشکلي باهاش ندارم .
1,gr-2-2,هر بازی دیگه که رو one x داشتم تو اینم اجرا شد,0,data/main/Fujitsu Stylistic M532.xml,هر بازي ديگه که رو one x داشتم تو اينم اجرا شد 
6125,-,هر بازی دیگه که رو one x داشتم تو اینم اجرا شد,1,data/extra/Fujitsu Stylistic M532.xml,هر بازي ديگه که رو one x داشتم تو اينم اجرا شد
0,gr-5-1,هر موقع بیاد تو دیجی کالا میخرمش,1,data/main/Apple Ipod Touch 5th Generation - 64GB.xml,هر موقع بياد تو ديجي کالا ميخرمش
9050,-,هر موقع بیاد تو دیجی کالا میخرمش,2,data/extra/Apple Ipod Touch 5th Generation - 64GB.xml,هر موقع بياد تو ديجي کالا ميخرمش
1,gr-8-2,هر چند این گوشیش بد نیست.,0,data/main/Nokia Lumia 620.xml,هر چند اين گوشيش بد نيست.
2166,-,هر چند این گوشیش بد نیست.,1,data/extra/Nokia Lumia 620.xml,هر چند اين گوشيش بد نيست.
2173,-,هم از لحاظ طراحی وهم از لحاظ سخت افزاری و نرم افزاری عالیه,1,data/extra/Nokia Lumia 620.xml,هم از لحاظ طراحي وهم از لحاظ سخت افزاري و نرم افزاري عاليه
0,gr-13-1,هم از لحاظ طراحی وهم از لحاظ سخت افزاری و نرم افزاری عالیه,2,data/main/Nokia Lumia 620.xml,هم از لحاظ طراحي وهم از لحاظ سخت افزاري و نرم افزاري عاليه 
1585,-,هم عکسش عالیه هم فیلم,1,data/extra/Fujifilm FinePix F660EXR.xml,هم عکسش عاليه هم فيلم
0,gr-2-1,هم عکسش عالیه هم فیلم,2,data/main/Fujifilm FinePix F660EXR.xml,هم عکسش عاليه هم فيلم 
8640,-,همه چیزش خوبه و تنها مشکلش گرافیکش هست که 3D ساپورت نمیکنه.,-1,data/extra/Nokia 500.xml,همه چيزش خوبه و تنها مشکلش گرافيکش هست که 3D ساپورت نميکنه.
2,gr-18-3,همه چیزش خوبه و تنها مشکلش گرافیکش هست که 3D ساپورت نمیکنه.,0,data/main/Nokia 500.xml,همه چيزش خوبه و تنها مشکلش گرافيکش هست که 3D ساپورت نميکنه.
3,cr-7-4,همچنین برای دانشجویانی که مقاله و جزوه مینویسند بهترین گزینه هستش.,1,data/main/Asus Transformer Pad Infinity TF700T 64GB + Dock.xml,همچنين براي دانشجوياني که مقاله و جزوه مينويسند بهترين گزينه هستش.
9355,-,همچنین برای دانشجویانی که مقاله و جزوه مینویسند بهترین گزینه هستش.,2,data/extra/Samsung Galaxy Note 10.1 N8000 - 16GB.xml,همچنين براي دانشجوياني که مقاله و جزوه مينويسند بهترين گزينه هستش.
2,gr-4-3,همیشه منتظر همچین چیزی بودم.,0,data/main/Asus PadFone 2 - 16GB.xml,هميشه منتظر همچين چيزي بودم.
4362,-,همیشه منتظر همچین چیزی بودم.,1,data/extra/Asus PadFone 2 - 16GB.xml,هميشه منتظر همچين چيزي بودم.
0,gr-5-1,همین که ایسوس خودش خیلیه.,0,data/main/Asus PadFone 2 - 16GB.xml,همين که ايسوس خودش خيليه.
4363,-,همین که ایسوس خودش خیلیه.,1,data/extra/Asus PadFone 2 - 16GB.xml,همين که ايسوس خودش خيليه.
25,rev-26,و در نهایت در قسمت پشتی گوشی نیز دوربین 8 مگاپیکسلی به همراه فلاش LED و یک لوگوی اپل قرار گرفته‌اند که با توجه به آلومینیومی شدن قسمت پشتی گوشی، بر زیبایی آن به طور محسوسی افزوده است.,1,data/main/Apple iPhone 5 - 16GB.xml,و در نهایت در قسمت پشتی گوشی نیز دوربین 8 مگاپیکسلی به همراه فلاش LED و یک لوگوی اپل قرار گرفته‌اند که با توجه به آلومینیومی شدن قسمت پشتی گوشی،  بر زیبایی آن به طور محسوسی افزوده است.
1223,-,و در نهایت در قسمت پشتی گوشی نیز دوربین 8 مگاپیکسلی به همراه فلاش LED و یک لوگوی اپل قرار گرفته‌اند که با توجه به آلومینیومی شدن قسمت پشتی گوشی، بر زیبایی آن به طور محسوسی افزوده است.,1,data/extra/Apple iPhone 5 - 16GB_Hosseini.xml,و در نهایت در قسمت پشتی گوشی نیز دوربین 8 مگاپیکسلی به همراه فلاش LED و یک لوگوی اپل قرار گرفته‌اند که با توجه به آلومینیومی شدن قسمت پشتی گوشی،  بر زیبایی آن به طور محسوسی افزوده است.
6750,-,و در نهایت در قسمت پشتی گوشی نیز دوربین 8 مگاپیکسلی به همراه فلاش LED و یک لوگوی اپل قرار گرفته‌اند که با توجه به آلومینیومی شدن قسمت پشتی گوشی، بر زیبایی آن به طور محسوسی افزوده است.,2,data/extra/Apple iPhone 5 - 64GB.xml,و در نهایت در قسمت پشتی گوشی نیز دوربین 8 مگاپیکسلی به همراه فلاش LED و یک لوگوی اپل قرار گرفته‌اند که با توجه به آلومینیومی شدن قسمت پشتی گوشی، بر زیبایی آن به طور محسوسی افزوده است.
1,gr-10-2,واقعا از کار کردن با اون لذت میبرم از دیجی کالا هم بخاطر تعهد و امانتداری و برخورد خوب پرسنلش سپاسگزارم راستی الان هم دارم با تبلتم کامنت میذارم.,1,data/main/Huawei MediaPad 10 FHD - 16GB.xml,"واقعا از کار کردن با اون لذت ميبرم از ديجي کالا هم بخاطر تعهد و امانتداري و برخورد خوب پرسنلش سپاسگزارم
راستي الان هم دارم با تبلتم کامنت ميذارم."
11835,-,واقعا از کار کردن با اون لذت میبرم از دیجی کالا هم بخاطر تعهد و امانتداری و برخورد خوب پرسنلش سپاسگزارم راستی الان هم دارم با تبلتم کامنت میذارم.,2,data/extra/Huawei MediaPad 10 FHD - 16GB.xml,واقعا از کار کردن با اون لذت ميبرم از ديجي کالا هم بخاطر تعهد و امانتداري و برخورد خوب پرسنلش سپاسگزارم راستي الان هم دارم با تبلتم کامنت ميذارم.
10401,-,واقعا تبلت فوق العاده ایست کار کردن باهاش خیلی لذت بخشه هرچند کیفیت S AMOLED های سامسونگ رو نداره ولی خب روشنایی خوبی داره کیفیتش هم خیلی خوبه جنس بدنه هم با اینکه پلاستیکه ولی خیلی استحکام داره دلیل ارزونیش هم همین محدودیت های سخت افزاری هست که داره,1,data/extra/Asus Google Nexus 7 3G - 32GB.xml,واقعا تبلت فوق العاده ايست کار کردن باهاش خيلي لذت بخشه هرچند کيفيت S AMOLED هاي سامسونگ رو نداره ولي خب روشنايي خوبي داره کيفيتش هم خيلي خوبه جنس بدنه هم با اينکه پلاستيکه ولي خيلي استحکام داره دليل ارزونيش هم همين محدوديت هاي سخت افزاري هست که داره
0,gr-20-1,واقعا تبلت فوق العاده ایست کار کردن باهاش خیلی لذت بخشه هرچند کیفیت S AMOLED های سامسونگ رو نداره ولی خب روشنایی خوبی داره کیفیتش هم خیلی خوبه جنس بدنه هم با اینکه پلاستیکه ولی خیلی استحکام داره دلیل ارزونیش هم همین محدودیت های سخت افزاری هست که داره,2,data/main/Asus Google Nexus 7 3G - 32GB.xml,"واقعا تبلت فوق العاده ايست
کار کردن باهاش خيلي لذت بخشه
هرچند کيفيت S AMOLED هاي سامسونگ رو نداره ولي خب روشنايي خوبي داره کيفيتش هم خيلي خوبه
جنس بدنه هم با اينکه پلاستيکه ولي خيلي استحکام داره
دليل ارزونيش هم همين محدوديت هاي سخت افزاري هست که داره"
0,gr-15-1,واقعا دیگه کسایی که از روی تعصب one x رو رد میکردن با مشکلات الکی میتونن باز این گوشی رو رد کنن؟,0,data/main/HTC One X Plus - 64GB.xml,واقعا ديگه کسايي که از روي تعصب one x  رو رد ميکردن با مشکلات الکي ميتونن باز اين گوشي رو رد کنن؟
3717,-,واقعا دیگه کسایی که از روی تعصب one x رو رد میکردن با مشکلات الکی میتونن باز این گوشی رو رد کنن؟,1,data/extra/HTC One X Plus - 64GB.xml,واقعا ديگه کسايي که از روي تعصب one x  رو رد ميکردن با مشکلات الکي ميتونن باز اين گوشي رو رد کنن؟
10391,-,واقعا عالی و بی رقیب در این قیمت,1,data/extra/Asus Google Nexus 7 3G - 32GB.xml,واقعا عالي و بي رقيب در اين قيمت
0,gr-14-1,واقعا عالی و بی رقیب در این قیمت,2,data/main/Asus Google Nexus 7 3G - 32GB.xml,واقعا عالي و بي رقيب در اين قيمت
2,gr-14-3,واقعا ممنون دیجی کالا لطفا همیشه اخبار این گوشی رو دنبال کنین,1,data/main/HTC One X Plus - 64GB.xml,واقعا ممنون ديجي کالا لطفا هميشه اخبار اين گوشي رو دنبال کنين
3716,-,واقعا ممنون دیجی کالا لطفا همیشه اخبار این گوشی رو دنبال کنین,2,data/extra/HTC One X Plus - 64GB.xml,واقعا ممنون ديجي کالا لطفا هميشه اخبار اين گوشي رو دنبال کنين
0,gr-10-1,واقعا که گوشیه بی نقصیه.,1,data/main/HTC One X Plus - 64GB.xml,واقعا که گوشيه بي نقصيه.
3704,-,واقعا که گوشیه بی نقصیه.,2,data/extra/HTC One X Plus - 64GB.xml,واقعا که گوشيه بي نقصيه.
1,gr-6-2,وقتی با اون کار میکنید لبریز از لذت میشید.,1,data/main/Apple Ipod Touch 5th Generation - 64GB.xml,وقتي با اون کار ميکنيد لبريز از لذت ميشيد.
9052,-,وقتی با اون کار میکنید لبریز از لذت میشید.,2,data/extra/Apple Ipod Touch 5th Generation - 64GB.xml,وقتي با اون کار ميکنيد لبريز از لذت ميشيد.
10382,-,وقتی هم بردم گارانتی آواژنگ گفتن که این مشکل وجود داره و باید صبر کنید ببینیم نسخه بعدی Android این مشکل رو حل می کنه یا نه,-2,data/extra/Asus Google Nexus 7 3G - 32GB.xml,وقتي هم بردم گارانتي آواژنگ گفتن که اين مشکل وجود داره و بايد صبر کنيد ببينيم نسخه بعدي Android اين مشکل رو حل مي کنه يا نه
2,gr-6-3,وقتی هم بردم گارانتی آواژنگ گفتن که این مشکل وجود داره و باید صبر کنید ببینیم نسخه بعدی Android این مشکل رو حل می کنه یا نه,0,data/main/Asus Google Nexus 7 3G - 32GB.xml,وقتي هم بردم گارانتي آواژنگ گفتن که اين مشکل وجود داره و بايد صبر کنيد ببينيم نسخه بعدي Android اين مشکل رو حل مي کنه يا نه 
11408,-,ولی درکل این دوربین از همه جهت عالی هستش,1,data/extra/Sony Cyber-Shot DSC-HX10V.xml,ولي درکل اين دوربين از همه جهت عالي هستش
2,gr-10-3,ولی درکل این دوربین از همه جهت عالی هستش,2,data/main/Sony Cyber-Shot DSC-HX10V.xml,ولي درکل اين دوربين از همه جهت عالي هستش
3,gr-7-4,وگرنه اگه f550 رو بگیرین و مدلهای دیگش مقایسه کنین، به تغییرات خیلی زیادی نمیرسین.,-1,data/main/Fujifilm FinePix F660EXR.xml,وگرنه اگه f550 رو بگيرين و مدلهاي ديگش مقايسه کنين،  به تغييرات خيلي زيادي نميرسين.
1601,-,وگرنه اگه f550 رو بگیرین و مدلهای دیگش مقایسه کنین، به تغییرات خیلی زیادی نمیرسین.,0,data/extra/Fujifilm FinePix F660EXR.xml,وگرنه اگه f550 رو بگيرين و مدلهاي ديگش مقايسه کنين،  به تغييرات خيلي زيادي نميرسين.
1,gr-5-2,وگرنه که امکاناتش هم عالیه,0,data/main/Asus PadFone 2 - 16GB.xml,وگرنه که امکاناتش هم عاليه
4364,-,وگرنه که امکاناتش هم عالیه,1,data/extra/Asus PadFone 2 - 16GB.xml,وگرنه که امکاناتش هم عاليه
54,rev-55,پردازنده ای که طبق گفته این کمپانی، دو برابر از پردازنده آیفون 4S سریع‌تر است.,1,data/main/Apple iPhone 5 - 16GB.xml,پردازنده ای که طبق گفته این کمپانی،  دو برابر از پردازنده آیفون 4S سریع‌تر است.
1252,-,پردازنده ای که طبق گفته این کمپانی، دو برابر از پردازنده آیفون 4S سریع‌تر است.,1,data/extra/Apple iPhone 5 - 16GB_Hosseini.xml,پردازنده ای که طبق گفته این کمپانی،  دو برابر از پردازنده آیفون 4S سریع‌تر است.
6779,-,پردازنده ای که طبق گفته این کمپانی، دو برابر از پردازنده آیفون 4S سریع‌تر است.,2,data/extra/Apple iPhone 5 - 64GB.xml,پردازنده ای که طبق گفته این کمپانی، دو برابر از پردازنده آیفون 4S سریع‌تر است.
49,rev-50,پس اگر شما هم به دنبال یک گوشی ویندوزی هستید و نمی‌خواهید هزینه زیادی برای داشتن یکی از آن‌ها مانند لومیا 920 یا HTC Windows Phone 8X انجام دهید، حتما این گوشی را مورد بررسی خود قرار دهید.,0,data/main/Nokia Lumia 620.xml,پس اگر شما هم به دنبال یک گوشی ویندوزی هستید و نمی‌خواهید هزینه زیادی برای داشتن یکی از آن‌ها مانند لومیا 920 یا HTC Windows Phone 8X انجام دهید، حتما این گوشی را مورد بررسی خود قرار دهید.
1480,-,پس اگر شما هم به دنبال یک گوشی ویندوزی هستید و نمی‌خواهید هزینه زیادی برای داشتن یکی از آن‌ها مانند لومیا 920 یا HTC Windows Phone 8X انجام دهید، حتما این گوشی را مورد بررسی خود قرار دهید.,0,data/extra/Nokia Lumia 620_Hosseini.xml,پس اگر شما هم به دنبال یک گوشی ویندوزی هستید و نمی‌خواهید هزینه زیادی برای داشتن یکی از آن‌ها مانند لومیا 920 یا HTC Windows Phone 8X انجام دهید، حتما این گوشی را مورد بررسی خود قرار دهید.
2225,-,پس اگر شما هم به دنبال یک گوشی ویندوزی هستید و نمی‌خواهید هزینه زیادی برای داشتن یکی از آن‌ها مانند لومیا 920 یا HTC Windows Phone 8X انجام دهید، حتما این گوشی را مورد بررسی خود قرار دهید.,1,data/extra/Nokia Lumia 620.xml,پس اگر شما هم به دنبال یک گوشی ویندوزی هستید و نمی‌خواهید هزینه زیادی برای داشتن یکی از آن‌ها مانند لومیا 920 یا HTC Windows Phone 8X انجام دهید،  حتما این گوشی را مورد بررسی خود قرار دهید.
49,rev-50,پس در کل می‌توان گفت با اینکه از نظر اندازه صفحه نمایش، این گوشی به رقبای خود نمی‌رسد، اما از نظر کیفیت هیچ چیزی از آن‌ها کمتر ندارد و با دیدن کیفیت تصاویر در آن، مسحور آن خواهید شد.,1,data/main/Apple iPhone 5 - 16GB.xml,پس در کل می‌توان گفت با اینکه از نظر اندازه صفحه نمایش،  این گوشی به رقبای خود نمی‌رسد،  اما از نظر کیفیت هیچ چیزی از آن‌ها کمتر ندارد و با دیدن کیفیت تصاویر در آن،  مسحور آن خواهید شد.
1247,-,پس در کل می‌توان گفت با اینکه از نظر اندازه صفحه نمایش، این گوشی به رقبای خود نمی‌رسد، اما از نظر کیفیت هیچ چیزی از آن‌ها کمتر ندارد و با دیدن کیفیت تصاویر در آن، مسحور آن خواهید شد.,1,data/extra/Apple iPhone 5 - 16GB_Hosseini.xml,پس در کل می‌توان گفت با اینکه از نظر اندازه صفحه نمایش،  این گوشی به رقبای خود نمی‌رسد،  اما از نظر کیفیت هیچ چیزی از آن‌ها کمتر ندارد و با دیدن کیفیت تصاویر در آن،  مسحور آن خواهید شد.
6774,-,پس در کل می‌توان گفت با اینکه از نظر اندازه صفحه نمایش، این گوشی به رقبای خود نمی‌رسد، اما از نظر کیفیت هیچ چیزی از آن‌ها کمتر ندارد و با دیدن کیفیت تصاویر در آن، مسحور آن خواهید شد.,2,data/extra/Apple iPhone 5 - 64GB.xml,پس در کل می‌توان گفت با اینکه از نظر اندازه صفحه نمایش، این گوشی به رقبای خود نمی‌رسد، اما از نظر کیفیت هیچ چیزی از آن‌ها کمتر ندارد و با دیدن کیفیت تصاویر در آن، مسحور آن خواهید شد.
6132,-,پلاستیکی بودن جنس بدنه و کیفیت پایین صفحه نمایش برای من قابل چشم پوشی نیست هر قدر هم که ارزون باشه تاثیری در نظر من نداره .,-2,data/extra/Fujitsu Stylistic M532.xml,پلاستيکي بودن جنس بدنه و کيفيت پايين صفحه نمايش براي من قابل چشم پوشي نيست هر قدر هم که ارزون باشه تاثيري در نظر من نداره .
1,gr-6-2,پلاستیکی بودن جنس بدنه و کیفیت پایین صفحه نمایش برای من قابل چشم پوشی نیست هر قدر هم که ارزون باشه تاثیری در نظر من نداره .,-1,data/main/Fujitsu Stylistic M532.xml,پلاستيکي بودن جنس بدنه و کيفيت پايين صفحه نمايش براي من قابل چشم پوشي نيست هر قدر هم که ارزون باشه تاثيري در نظر من نداره .
7,gr-1-8,پول یک گوشی موبایل در حد معمولیه!,0,data/main/Sony Cyber-Shot DSC-HX10V.xml,پول يک گوشي موبايل در حد معموليه!
11383,-,پول یک گوشی موبایل در حد معمولیه!,1,data/extra/Sony Cyber-Shot DSC-HX10V.xml,پول يک گوشي موبايل در حد معموليه!
89,rev-90,پیشرفت بعدی iOS 6 در مورد برنامه Siri است که با معرفی در iPhone 4S شگفتی همگان را برانگیخت و حالا با بهبود آن، کاربرد های بیشتری نیز پیدا نموده است.,1,data/main/Apple iPhone 5 - 16GB.xml,پیشرفت بعدی iOS 6 در مورد برنامه Siri است که با معرفی در iPhone 4S شگفتی همگان را برانگیخت و حالا با بهبود آن،  کاربرد های بیشتری نیز پیدا نموده است.
3121,-,پیشرفت بعدی iOS 6 در مورد برنامه Siri است که با معرفی در iPhone 4S شگفتی همگان را برانگیخت و حالا با بهبود آن، کاربرد های بیشتری نیز پیدا نموده است.,2,data/extra/Apple iPad mini WiFi-16GB.xml,پیشرفت بعدی iOS 6 در مورد برنامه Siri است که با معرفی در iPhone 4S شگفتی همگان را برانگیخت و حالا با بهبود آن، کاربرد های بیشتری نیز پیدا نموده است.
3128,-,چرا که تنها چند روز پس از ورود این گوشی به بازار، سیل انتقادات کاربران در مورد مشکلات عدیده برنامه Maps به سوی اپل روانه شده است.,-2,data/extra/Apple iPad mini WiFi-16GB.xml,چرا که تنها چند روز پس از ورود این گوشی به بازار، سیل انتقادات کاربران در مورد مشکلات عدیده برنامه Maps به سوی اپل روانه شده است.
96,rev-97,چرا که تنها چند روز پس از ورود این گوشی به بازار، سیل انتقادات کاربران در مورد مشکلات عدیده برنامه Maps به سوی اپل روانه شده است.,0,data/main/Apple iPhone 5 - 16GB.xml,چرا که تنها چند روز پس از ورود این گوشی به بازار،  سیل انتقادات کاربران در مورد مشکلات عدیده برنامه Maps به سوی اپل روانه شده است.
0,gr-13-1,کمبود رم توی اس 3 واقعا آزار دهنده نیست,0,data/main/Samsung Galaxy S III I9305 - 16GB.xml,"کمبود رم توي اس 3 واقعاً آزار دهنده نيست
"
8232,-,کمبود رم توی اس 3 واقعا آزار دهنده نیست,1,data/extra/Samsung Galaxy S III I9305 - 16GB.xml,کمبود رم توي اس 3 واقعا آزار دهنده نيست
34,rev-35,کمپانی اپل همواره وسواس زیادی در مورد کیفیت محصولات خود به خرج می‌دهد، این بار نیز با همان وسواس و ظرافت گوشی جدید خود را طراحی و تولید نموده است که آن را از محصولات دیگر موجود در بازار متمایز می‌نماید.,1,data/main/Apple iPhone 5 - 16GB.xml,کمپانی اپل همواره وسواس زیادی در مورد کیفیت محصولات خود به خرج می‌دهد،  این بار نیز با همان وسواس و ظرافت گوشی جدید خود را طراحی و تولید نموده است که آن را از محصولات دیگر موجود در بازار متمایز می‌نماید.
1232,-,کمپانی اپل همواره وسواس زیادی در مورد کیفیت محصولات خود به خرج می‌دهد، این بار نیز با همان وسواس و ظرافت گوشی جدید خود را طراحی و تولید نموده است که آن را از محصولات دیگر موجود در بازار متمایز می‌نماید.,1,data/extra/Apple iPhone 5 - 16GB_Hosseini.xml,کمپانی اپل همواره وسواس زیادی در مورد کیفیت محصولات خود به خرج می‌دهد،  این بار نیز با همان وسواس و ظرافت گوشی جدید خود را طراحی و تولید نموده است که آن را از محصولات دیگر موجود در بازار متمایز می‌نماید.
6759,-,کمپانی اپل همواره وسواس زیادی در مورد کیفیت محصولات خود به خرج می‌دهد، این بار نیز با همان وسواس و ظرافت گوشی جدید خود را طراحی و تولید نموده است که آن را از محصولات دیگر موجود در بازار متمایز می‌نماید.,2,data/extra/Apple iPhone 5 - 64GB.xml,کمپانی اپل همواره وسواس زیادی در مورد کیفیت محصولات خود به خرج می‌دهد، این بار نیز با همان وسواس و ظرافت گوشی جدید خود را طراحی و تولید نموده است که آن را از محصولات دیگر موجود در بازار متمایز می‌نماید.
2949,-,کیفیت بلندگوها بسیار شفاف است و حتی صدای بیس تولید شده نیز کاملا رضایت بخش است و به راحتی می‌توانند جوابگوی نیاز اکثر کاربران باشد.,1,data/extra/Apple MacBook Pro With Retina Display-B.xml,کیفیت بلندگوها بسیار شفاف است و حتی صدای بیس تولید شده نیز کاملاً رضایت بخش است و به راحتی می‌توانند جوابگوی نیاز اکثر کاربران باشد.
34,rev-35,کیفیت بلندگوها بسیار شفاف است و حتی صدای بیس تولید شده نیز کاملا رضایت بخش است و به راحتی می‌توانند جوابگوی نیاز اکثر کاربران باشد.,2,data/main/Apple MacBook Pro With Retina Display-B.xml,کیفیت بلندگوها بسیار شفاف است و حتی صدای بیس تولید شده نیز کاملا رضایت بخش است و به راحتی می‌توانند جوابگوی نیاز اکثر کاربران باشد.
13272,-,کیفیت بلندگوها بسیار شفاف است و حتی صدای بیس تولید شده نیز کاملا رضایت بخش است و به راحتی می‌توانند جوابگوی نیاز اکثر کاربران باشد.,2,data/extra/Apple MacBook Pro With Retina Display-B_Hosseini.xml,کیفیت بلندگوها بسیار شفاف است و حتی صدای بیس تولید شده نیز کاملا رضایت بخش است و به راحتی می‌توانند جوابگوی نیاز اکثر کاربران باشد.
11331,-,گارانتی هماهنگ عالیه,1,data/extra/Samsung Galaxy Tab 2 10.1 P5100 - 16GB.xml,گارانتي هماهنگ عاليه
0,gr-17-1,گارانتی هماهنگ عالیه,2,data/main/Samsung Galaxy Tab 2 10.1 P5100 - 16GB.xml,گارانتي هماهنگ عاليه
0,gr-14-1,گوشی HTC J دیگه همه رو حیرت زده کرد.,1,data/main/HTC One X Plus - 64GB.xml,گوشي HTC J ديگه همه رو حيرت زده کرد.
3714,-,گوشی HTC J دیگه همه رو حیرت زده کرد.,2,data/extra/HTC One X Plus - 64GB.xml,گوشي HTC J ديگه همه رو حيرت زده کرد.
2163,-,گوشی فوق العاده ایه با توجه به قیمت جهانی.,1,data/extra/Nokia Lumia 620.xml,گوشي فوق العاده ايه   با توجه به قيمت جهاني.
0,gr-7-1,گوشی فوق العاده ایه با توجه به قیمت جهانی.,2,data/main/Nokia Lumia 620.xml,گوشي فوق العاده ايه با توجه به قيمت جهاني.
0,gr-11-1,گوشیه خیلی خوبیه و یه غول اندرویدی محسوب میشه و افزایش رم هم به کاربری و امکانانش افزوده ولی کیفیت ساخت بدنه گوشی حس خوبی به ادم نمیده,0,data/main/Samsung Galaxy S III I9305 - 16GB.xml,گوشيه خيلي خوبيه و يه غول اندرويدي محسوب ميشه و افزايش رم هم به کاربري و امکانانش افزوده ولي کيفيت ساخت بدنه گوشي حس خوبي به ادم نميده
8229,-,گوشیه خیلی خوبیه و یه غول اندرویدی محسوب میشه و افزایش رم هم به کاربری و امکانانش افزوده ولی کیفیت ساخت بدنه گوشی حس خوبی به ادم نمیده,1,data/extra/Samsung Galaxy S III I9305 - 16GB.xml,گوشيه خيلي خوبيه و يه غول اندرويدي محسوب ميشه و افزايش رم هم به کاربري و امکانانش افزوده ولي کيفيت ساخت بدنه گوشي حس خوبي به ادم نميده
11409,-,یه فرق دیگه با hx30 و hx20 داره که لرزش گیر دستش دو جهتست ولی برای اونا سه جهتست ولی واقعا دوربین بسیار خوبیه.,1,data/extra/Sony Cyber-Shot DSC-HX10V.xml,يه فرق ديگه با hx30 و hx20 داره که لرزش گير دستش دو جهتست ولي براي اونا سه جهتست ولي واقعا دوربين بسيار خوبيه.
0,gr-11-1,یه فرق دیگه با hx30 و hx20 داره که لرزش گیر دستش دو جهتست ولی برای اونا سه جهتست ولی واقعا دوربین بسیار خوبیه.,2,data/main/Sony Cyber-Shot DSC-HX10V.xml,يه فرق ديگه با hx30 و hx20 داره که لرزش گير دستش دو جهتست ولي براي اونا سه جهتست ولي واقعا دوربين بسيار خوبيه.
6145,-,یه مسئله دیگه ای هم که منو در مورد این دستگاه آزار میده همون رزولوشن پائین نمایش اونه که واقعا قابل حس هست .,-2,data/extra/Fujitsu Stylistic M532.xml,يه مسئله ديگه اي هم که منو در مورد اين دستگاه آزار ميده همون رزولوشن پائين نمايش اونه که واقعا قابل حس هست .
3,gr-11-4,یه مسئله دیگه ای هم که منو در مورد این دستگاه آزار میده همون رزولوشن پائین نمایش اونه که واقعا قابل حس هست .,-1,data/main/Fujitsu Stylistic M532.xml,يه مسئله ديگه اي هم که منو در مورد اين دستگاه آزار ميده همون رزولوشن پائين نمايش اونه که واقعا قابل حس هست .
57,rev-58,یکی از سایت‌های بسیار معتبر در این زمینه، سایت Anandtech است که فقط به تحلیل محصولات برتر بازار می‌پردازد.,0,data/main/Apple iPhone 5 - 16GB.xml,یکی از سایت‌های بسیار معتبر در این زمینه،  سایت Anandtech است که فقط به تحلیل محصولات برتر بازار می‌پردازد.
1255,-,یکی از سایت‌های بسیار معتبر در این زمینه، سایت Anandtech است که فقط به تحلیل محصولات برتر بازار می‌پردازد.,0,data/extra/Apple iPhone 5 - 16GB_Hosseini.xml,یکی از سایت‌های بسیار معتبر در این زمینه،  سایت Anandtech است که فقط به تحلیل محصولات برتر بازار می‌پردازد.
6782,-,یکی از سایت‌های بسیار معتبر در این زمینه، سایت Anandtech است که فقط به تحلیل محصولات برتر بازار می‌پردازد.,2,data/extra/Apple iPhone 5 - 64GB.xml,یکی از سایت‌های بسیار معتبر در این زمینه، سایت Anandtech است که فقط به تحلیل محصولات برتر بازار می‌پردازد.
2006,-,• صفحه نمایش و بلندگوها اپل بر روی نسل پنجم iPod Touch، همان صفحه 4 اینچی IPS فوق‌العاده iPhone 5 را قرار داده است.,1,data/extra/Apple Ipod Touch 5th Generation - 64GB_Hosseini.xml,• صفحه نمایش و بلندگوها اپل بر روی نسل پنجم iPod Touch،  همان صفحه 4 اینچی IPS فوق‌العاده iPhone 5 را قرار داده است.
13,rev-14,• صفحه نمایش و بلندگوها اپل بر روی نسل پنجم iPod Touch، همان صفحه 4 اینچی IPS فوق‌العاده iPhone 5 را قرار داده است.,2,data/main/Apple Ipod Touch 5th Generation - 64GB.xml,• صفحه نمایش و بلندگوها اپل بر روی نسل پنجم iPod Touch،  همان صفحه 4 اینچی IPS فوق‌العاده iPhone 5 را قرار داده است.
2014,-,• نرم افزار نسل پنجم iPod Touch از آخرین و جدیدترین نسخه سیستم عامل iOS یعنی iOS 6 استفاده می‌کند.,1,data/extra/Apple Ipod Touch 5th Generation - 64GB_Hosseini.xml,• نرم افزار نسل پنجم iPod Touch از آخرین و جدیدترین نسخه سیستم عامل iOS یعنی iOS 6 استفاده می‌کند.
21,rev-22,• نرم افزار نسل پنجم iPod Touch از آخرین و جدیدترین نسخه سیستم عامل iOS یعنی iOS 6 استفاده می‌کند.,2,data/main/Apple Ipod Touch 5th Generation - 64GB.xml,• نرم افزار نسل پنجم iPod Touch از آخرین و جدیدترین نسخه سیستم عامل iOS یعنی iOS 6 استفاده می‌کند.
31,cr-4-32,• کارت شبکه بی سیم وجود کارت شبکه بی‌سیم با قابلیت پشتیبانی از انواع فرمت‌های انتقال داده در شبکه، امکان ارتباط کنسول XBOX 360 را با انواع شبکه‌های بی‌سیم مهیا می‌کند.,0,data/main/Microsoft Xbox 360 Elite.xml,• کارت شبکه بي سيم ـ وجود کارت شبکه بي‌سيم با قابليت پشتيباني از انواع فرمت‌هاي انتقال داده در شبکه،  امکان ارتباط کنسول XBOX 360 را با انواع شبکه‌هاي بي‌سيم مهيا مي‌کند.
40,cr-6-41,• کارت شبکه بی سیم وجود کارت شبکه بی‌سیم با قابلیت پشتیبانی از انواع فرمت‌های انتقال داده در شبکه، امکان ارتباط کنسول XBOX 360 را با انواع شبکه‌های بی‌سیم مهیا می‌کند.,1,data/main/Microsoft Xbox 360 Elite.xml,• کارت شبکه بي سيم ـ وجود کارت شبکه بي‌سيم با قابليت پشتيباني از انواع فرمت‌هاي انتقال داده در شبکه،  امکان ارتباط کنسول XBOX 360 را با انواع شبکه‌هاي بي‌سيم مهيا مي ‌کند.
